"Reference code","Product ID","Product name","Product Combinations ID","Combinations (Attribute - value pair)","Quantity","Final price (pre-tax)","Pre-tax wholesale price","Combinations wholesale price"
"A01030-7","14","Card - Eagle Moon","","Card - Eagle Moon","24","5.50","2.50","0.00"
"A01028-POD2555","17","Card - Giving Thanks","","Card - Giving Thanks","16","6.35","2.75","0.00"
"A01031-7","20","Card - Honoring the Giver of Life","","Card - Honoring the Giver of Life","49","5.50","2.50","0.00"
"A01032-7","23","Card - Moon Wisdom","","Card - Moon Wisdom","71","5.50","2.50","0.00"
"A01036-7","30","Card - Teachings","","Card - Teachings","32","5.50","2.50","0.00"
"A01035-7","34","Card - Strength Within","","Card - Strength Within","52","5.50","2.50","0.00"
"A01034-POD2570","35","Card - Reaching Out","","Card - Reaching Out","10","6.35","2.75","0.00"
"A01037-7","40","Card - Trust","","Card - Trust","35","5.50","2.50","0.00"
"A08011-7","44","Card - Whisper","","Card - Whisper","107","5.50","2.50","0.00"
"A08007-POD2548","47","Card - A Moose and Goose","","Card - A Moose and Goose","15","6.35","2.75","0.00"
"A10012-POD2565","51","Card - Sky Sisters","","Card - Sky Sisters","11","6.35","2.75","0.00"
"A10004-7","54","Card - Merging Earth and Sky","","Card - Merging Earth and Sky","32","5.50","2.50","0.00"
"A10046-7","58","Card - Geese Spirit","","Card - Geese Spirit","25","5.50","2.50","0.00"
"A08013-POD2584","61","Card - New Day","","Card - New Day","9","6.35","2.75","0.00"
"A08045-20084","64","Card - Patience","","Card - Patience","12","6.35","2.75","0.00"
"A01029-POD2882","67","Card - Birth of Eagle Shadow","","Card - Birth of Eagle Shadow","9","6.35","2.75","0.00"
"A08019-POD2886","70","Card - Unity","","Card - Unity","5","6.35","2.75","0.00"
"A09006-POD2579","73","Card - River Keeper","","Card - River Keeper","7","6.35","2.75","0.00"
"A04015-20085","76","Card - Rebirth","","Card - Rebirth","4","6.35","2.75","0.00"
"A04039-7","79","Card - Nostalgia","","Card - Nostalgia","2","5.50","2.50","0.00"
"W13025-POD2569","85","Card - Passage","","Card - Passage","14","6.35","2.75","0.00"
"W12024-20076","88","Card - Breath of Life","","Card - Breath of Life","8","6.35","2.75","0.00"
"W12008-POD2581","95","Card - Winter Wolves","","Card - Winter Wolves","14","6.35","2.75","0.00"
"W12014-7","101","Card - Gate of Silk","","Card - Gate of Silk","1","5.50","2.50","0.00"
"W12005-POD2552","104","Card - Earth Keeper","","Card - Earth Keeper","11","6.35","2.75","0.00"
"W12016-POD2556","107","Card - Going Home","","Card - Going Home","13","6.35","2.75","0.00"
"W12018-POD2551","113","Card - Early Evening Flowing Into Fall","","Card - Early Evening Flowing Into Fall","14","6.35","2.75","0.00"
"SKU:53-53-617","119","Bill Helin Killer Whale Halo Mug","","Bill Helin Killer Whale Halo Mug","0","11.00","4.75","0.00"
"SKU: 53-53-613","122","Bill Helin Killer Whale Apron","","Bill Helin Killer Whale Apron","0","34.50","15.00","0.00"
"SKU: 53-53-612","123","Bill Helin Killer Whale Oven Mitt","","Bill Helin Killer Whale Oven Mitt","1","17.25","6.95","0.00"
"SKU: 53-53-610","125","Bill Helin Killer Whale Dish Towel","","Bill Helin Killer Whale Dish Towel","0","15.00","6.52","0.00"
"SKU: 53-53-616x2","126","Bill Helin Killer Whale Trivet or Coasters","","Bill Helin Killer Whale Trivet or Coasters","0","14.00","6.52","0.00"
"SKU: 53-53-620","127","Bill Helin Killer Whale Pot Holder","","Bill Helin Killer Whale Pot Holder","2","14.95","5.75","0.00"
"SKU: 53-53-611","128","Bill Helin Killer Whale Pocket Pot Holder","","Bill Helin Killer Whale Pocket Pot Holder","0","27.00","11.70","0.00"
"SKU: 53-53-510","129","Bill Helin Chilkat Apron","","Bill Helin Chilkat Apron","0","36.95","16.00","0.00"
"SKU: 53-53-528","130","Bill Helin Chilkat Trivet or Coasters","","Bill Helin Chilkat Trivet or Coasters","0","14.95","6.30","0.00"
"SKU: 53-53-521","131","Bill Helin Chilkat Halo Mug","","Bill Helin Chilkat Halo Mug","0","11.00","4.75","0.00"
"SKU: 53-53-582","132","Bill Helin Chilkat Oven Mitt","1081","Colors - Red/Black","0","18.95","7.50","0.00"
"SKU: 53-53-582","132","Bill Helin Chilkat Oven Mitt","1082","Colors - Red/Black/White","1","18.95","7.50","0.00"
"SKU: 53-53-581","133","Bill Helin Chilkat Pot Holder","1079","Colors - Red/Black","0","14.95","6.50","0.00"
"SKU: 53-53-581","133","Bill Helin Chilkat Pot Holder","1080","Colors - Red/Black/White","0","14.95","6.50","0.00"
"SKU: 53-53-507x2","134","Bill Helin Chilkat Dish Towel","1077","Colors - Red/Black","0","15.00","6.50","0.00"
"SKU: 53-53-507x2","134","Bill Helin Chilkat Dish Towel","1078","Colors - Red/Black/White","0","15.00","6.50","0.00"
"SKU: 53-53-672","135","Bill Helin Eagle Oven Mitt","","Bill Helin Eagle Oven Mitt","0","18.95","8.00","0.00"
"SKU: 53-53-671","138","Bill Helin Eagle Pot Holder","","Bill Helin Eagle Pot Holder","0","14.95","6.50","0.00"
"SKU: 53-53-670","139","Bill Helin Eagle Dish Towel","","Bill Helin Eagle Dish Towel","0","15.00","6.50","0.00"
"SKU: 53-53-676x2","140","Bill Helin Eagle Trivet or Coasters","","Bill Helin Eagle Trivet or Coasters","0","14.95","6.30","0.00"
"SKU: 53-53-417","142","Bill Helin Frog Halo Mug","","Bill Helin Frog Halo Mug","0","11.00","4.75","0.00"
"SKU: 53-53-413","143","Bill Helin Frog  Oven Mitt","","Bill Helin Frog  Oven Mitt","0","17.25","6.95","0.00"
"SKU: 53-53-412","144","Bill Helin Frog Pocket Pot Holder","","Bill Helin Frog Pocket Pot Holder","0","27.00","11.75","0.00"
"SKU: 53-53-414","145","Bill Helin Frog Pot Holder","","Bill Helin Frog Pot Holder","0","12.95","4.75","0.00"
"SKU53-53-411","146","Bill Helin Frog Dish Towell","","Bill Helin Frog Dish Towell","0","15.00","6.50","0.00"
"SKU: 53-53-416x2","147","Bill Helin Frog Trivel or Coasters","","Bill Helin Frog Trivel or Coasters","0","14.00","6.30","0.00"
"SKU: 53-53-554","148","Bill Helin Hummingbird Apron","","Bill Helin Hummingbird Apron","0","36.95","16.00","0.00"
"SKU: 53-53-550","149","Bill Helin Hummingbird Embroidered Tea Towel","","Bill Helin Hummingbird Embroidered Tea Towel","0","15.00","6.50","0.00"
"SKU: 53-53-559","150","Bill Helin Hummingbird Halo Mug","","Bill Helin Hummingbird Halo Mug","0","11.00","4.75","0.00"
"SKU: 53-53-553","151","Bill Helin Hummingbird Oven Mitt","","Bill Helin Hummingbird Oven Mitt","0","18.95","8.00","0.00"
"SKU: 53-53-552","152","Bill Helin Hummingbird Pot Holder","","Bill Helin Hummingbird Pot Holder","3","14.95","5.75","0.00"
"SKU: 53-53-551","153","Bill Helin Hummingbird Dish Towel","","Bill Helin Hummingbird Dish Towel","0","15.00","6.50","0.00"
"SKU: 53-53-558x2","154","Bill Helin Hummingbird Trivet or Coasters","","Bill Helin Hummingbird Trivet or Coasters","0","14.95","6.30","0.00"
"SKU: 53-53-657","155","Bill Helin Killer Whale Halo Mug","","Bill Helin Killer Whale Halo Mug","0","11.00","4.75","0.00"
"SKU: 53-53-652","156","Bill Helin Killer Whale Oven Mitt","","Bill Helin Killer Whale Oven Mitt","0","17.25","6.95","0.00"
"SKU: 53-53-651","157","Bill Helin Killer Whale Pocket Pot Holder","","Bill Helin Killer Whale Pocket Pot Holder","0","27.00","11.75","0.00"
"SKU: 53-53-653","158","Bill Helin Killer Whale Pot Holder","","Bill Helin Killer Whale Pot Holder","3","14.95","5.75","0.00"
"SKU: 53-53-650","159","Bill Helin Killer Whale Dish Towel","","Bill Helin Killer Whale Dish Towel","0","15.00","6.50","0.00"
"SKU: 53-53-656x2","160","Bill Helin Killer Whale Trivet or Coasters","","Bill Helin Killer Whale Trivet or Coasters","0","14.95","6.30","0.00"
"SKU: 53-53-437","161","Bill Helin Moose Halo Mug","","Bill Helin Moose Halo Mug","0","11.00","4.75","0.00"
"SKU: 53-53-432","162","Bill Helin Moose Oven Mitt","","Bill Helin Moose Oven Mitt","0","17.25","6.95","0.00"
"SKU: 53-53-434","163","Bill Helin Moose Pocket Pot Holder","","Bill Helin Moose Pocket Pot Holder","0","27.00","11.75","0.00"
"SKU: 53-53-431","164","Bill Helin Moose Pot Holder","","Bill Helin Moose Pot Holder","0","12.95","4.75","0.00"
"SKU: 53-53-430","165","Bill Helin Moose Dish Towel","","Bill Helin Moose Dish Towel","0","15.00","6.50","0.00"
"SKU: 53-53-436x2","166","Bill Helin Moose Trivet or Coasters","","Bill Helin Moose Trivet or Coasters","0","14.00","6.30","0.00"
"SKU: 53-53-010","167","Bill Helin Raven Apron","","Bill Helin Raven Apron","1","36.95","16.00","0.00"
"SKU: 53-53-016","168","Bill Helin Raven Mug","","Bill Helin Raven Mug","0","11.00","4.75","0.00"
"SKU: 53-53-405","169","Bill Helin Raven Embroidered Pot Holder","","Bill Helin Raven Embroidered Pot Holder","0","12.95","4.75","0.00"
"SKU: 53-53-040","170","Bill Helin Raven Halo Mug","","Bill Helin Raven Halo Mug","0","11.00","4.75","0.00"
"SKU: 53-53-007","171","Bill Helin Raven Oven Mitt","","Bill Helin Raven Oven Mitt","0","18.95","8.00","0.00"
"SKU: 53-53-006","172","Bill Helin Raven Pot Holder","","Bill Helin Raven Pot Holder","2","14.95","6.50","0.00"
"SKU: 53-53-005","173","Bill Helin Raven Dish Towel","","Bill Helin Raven Dish Towel","0","15.00","6.50","0.00"
"SKU: 53-53-013x2","174","Bill Helin Raven Trivet or Coasters","","Bill Helin Raven Trivet or Coasters","0","14.00","6.30","0.00"
"SKU: 53-53-045","175","Bill Helin Raven Salad Servers","1063","Colors - Rosewood","0","67.00","29.00","0.00"
"SKU: 53-53-045","175","Bill Helin Raven Salad Servers","1064","Colors - Charcoal","2","67.00","29.00","0.00"
"SKU: 52-52-797","178","Andrew Williams Hummingbird Mug","","Andrew Williams Hummingbird Mug","0","11.00","4.75","0.00"
"SKU: 52-52-792","179","Andrew Williams Hummingbird Oven Mitt","","Andrew Williams Hummingbird Oven Mitt","0","18.95","8.00","0.00"
"SKU: 52-52-794","180","Andrew Williams Hummingbird Pocket Pot Holder","","Andrew Williams Hummingbird Pocket Pot Holder","0","27.00","11.75","0.00"
"SKU: 52-52-791","181","Andrew Williams Hummingbird Pot Holder","","Andrew Williams Hummingbird Pot Holder","0","14.95","6.50","0.00"
"SKU: 52-52-790","182","Andrew Williams Hummingbird Dish Towel","","Andrew Williams Hummingbird Dish Towel","0","15.00","6.50","0.00"
"SKU: 52-52-796x2","183","Andrew Williams Hummingbird Trivet or Coasters","","Andrew Williams Hummingbird Trivet or Coasters","0","14.00","6.30","0.00"
"SKU: 52-52-747","184","Andrew Williams Octopus Halo Mug","","Andrew Williams Octopus Halo Mug","0","11.00","4.75","0.00"
"SKU: 52-52-737","185","Andrew Williams Octopus Halo Mug","","Andrew Williams Octopus Halo Mug","0","11.00","4.75","0.00"
"SKU: 52-52-742","186","Andrew Williams Octopus Oven Mitt","","Andrew Williams Octopus Oven Mitt","0","18.95","8.00","0.00"
"SKU: 52-52-732","187","Andrew Williams Octopus Oven Mitt","","Andrew Williams Octopus Oven Mitt","0","18.95","8.00","0.00"
"SKU: 52-52-744","188","Andrew Williams Octopus Pocket Pot Holder","","Andrew Williams Octopus Pocket Pot Holder","0","27.00","11.75","0.00"
"SKU: 52-52-734","189","Andrew Williams Octopus Pocket Pot Holder","","Andrew Williams Octopus Pocket Pot Holder","0","27.00","11.75","0.00"
"SKU: 52-52-741","190","Andrew Williams Octopus Pot Holder","","Andrew Williams Octopus Pot Holder","0","14.95","6.50","0.00"
"SKU: 52-52-731","191","Andrew Williams Octopus Pot Holder","","Andrew Williams Octopus Pot Holder","0","14.95","6.50","0.00"
"SKU: 52-52-740","192","Andrew Williams Octopus Dish Towel","","Andrew Williams Octopus Dish Towel","0","15.00","6.50","0.00"
"SKU: 52-52-730","193","Andrew Williams Octopus Dish Towel","","Andrew Williams Octopus Dish Towel","0","15.00","6.50","0.00"
"SKU: 52-52-745x2","194","Andrew Williams Octopus Trivet or Coasters","","Andrew Williams Octopus Trivet or Coasters","0","14.95","6.30","0.00"
"SKU: 52-52-735x2","195","Andrew Williams Octopus Trivet or Coasters","","Andrew Williams Octopus Trivet or Coasters","0","14.95","6.30","0.00"
"SKU: 51-51-320","196","Anthony Joseph Salmon Glass Charger","","Anthony Joseph Salmon Glass Charger","0","50.00","21.75","0.00"
"SKU: 51-51-322","197","Anthony Joseph Salmon Bowl","","Anthony Joseph Salmon Bowl","0","50.00","21.75","0.00"
"SKU: 51-51-209","198","Anthony Joseph Salmon Apron","","Anthony Joseph Salmon Apron","0","36.95","16.00","0.00"
"SKU: 51-51-195","199","Anthony Joseph Salmon Tea Towel","","Anthony Joseph Salmon Tea Towel","0","15.00","6.50","0.00"
"SKU: 51-51-337","200","Anthony Joseph Salmon Halo Mug","","Anthony Joseph Salmon Halo Mug","0","11.00","4.75","0.00"
"SKU: 51-51-332","201","Anthony Joseph Salmon Oven Mitt","","Anthony Joseph Salmon Oven Mitt","0","18.95","8.00","0.00"
"SKU: 51-51-333","202","Anthony Joseph Salmon Pot Holder","","Anthony Joseph Salmon Pot Holder","0","14.95","6.50","0.00"
"SKU: 51-51-330","203","Anthony Joseph Salmon Dish Towel","","Anthony Joseph Salmon Dish Towel","0","15.00","6.50","0.00"
"SKU: 51-51-336x2","204","Anthony Joseph Salmon Trivet or Coasters","","Anthony Joseph Salmon Trivet or Coasters","0","14.95","6.30","0.00"
"SKU: 51-51-032","205","Bill Reid ""Children of the Raven"" Apron","","Bill Reid ""Children of the Raven"" Apron","0","36.95","16.00","0.00"
"SKU: 51-51-019","206","Bill Reid  ""Children of the Raven"" Mug","","Bill Reid  ""Children of the Raven"" Mug","0","11.00","4.75","0.00"
"SKU: 51-51-006","207","Bill Reid  ""Children of the Raven"" Magnet","","Bill Reid  ""Children of the Raven"" Magnet","0","6.00","2.60","0.00"
"SKU: 51-51-030","208","Bill Reid  ""Children of the Raven"" Oven Mitt","","Bill Reid  ""Children of the Raven"" Oven Mitt","0","18.95","6.95","0.00"
"SKU: 51-51-027","209","Bill Reid ""Children of the Raven"" Pot Holder","","Bill Reid ""Children of the Raven"" Pot Holder","0","14.95","4.75","0.00"
"SKU: 51-51-001","210","Bill Reid  ""Children of the Raven"" Dish Towel","","Bill Reid  ""Children of the Raven"" Dish Towel","0","15.00","6.50","0.00"
"SKU: 51-51-018x2","211","Bill Reil  ""Children of the Raven"" Trivet or Coasters","","Bill Reil  ""Children of the Raven"" Trivet or Coasters","0","14.00","6.30","0.00"
"SKU: 51-51-523","212","Clifton Fred ""Bear Box"" Mug","","Clifton Fred ""Bear Box"" Mug","0","11.00","4.75","0.00"
"SKU: 51-51-503","213","Clifton Fred ""Bear Box"" Oven Mitt","","Clifton Fred ""Bear Box"" Oven Mitt","0","17.25","6.95","0.00"
"SKU: 51-51-502","214","Clifton Fred ""Bear Box"" Pot Holder","","Clifton Fred ""Bear Box"" Pot Holder","0","12.95","4.75","0.00"
"SKU: 51-51-501","215","Clifton Fred ""Bear Box"" Dish Towel","","Clifton Fred ""Bear Box"" Dish Towel","0","15.00","6.50","0.00"
"SKU: 51-51-521x2","216","Clifton Fred ""Bear Box"" Trivet or Coasters","","Clifton Fred ""Bear Box"" Trivet or Coasters","0","14.00","6.30","0.00"
"SKU: 52-52-432","217","Connie Dickens Raven Oven Mitt","","Connie Dickens Raven Oven Mitt","0","18.95","8.00","0.00"
"SKU: 52-52-442","218","Connie Dickens Raven Oven Mitt","","Connie Dickens Raven Oven Mitt","0","18.95","8.00","0.00"
"SKU: 52-52-431","221","Connie Dickens Raven Pot Holder","","Connie Dickens Raven Pot Holder","0","14.95","6.50","0.00"
"SKU: 52-52-441","222","Connie Dickens Raven Pot Holder","","Connie Dickens Raven Pot Holder","0","14.95","6.50","0.00"
"SKU: 52-52-430","223","Connie Dickens Raven Dish Towel","","Connie Dickens Raven Dish Towel","0","15.00","6.50","0.00"
"SKU: 52-52-430","224","Connie Dickens Raven Dish Towel","","Connie Dickens Raven Dish Towel","0","15.00","6.50","0.00"
"SKU: 52-52-435x2","225","Connie Dickens Raven Trivet or Coasters","","Connie Dickens Raven Trivet or Coasters","0","14.95","6.30","0.00"
"SKU: 52-52-446x2","226","Connie Dickens Raven Trivet or Coasters","","Connie Dickens Raven Trivet or Coasters","0","14.00","6.30","0.00"
"SKU: 52-52-ziptissus","227","Zip Pouch","","Zip Pouch","0","16.00","6.75","0.00"
"SKU: 00-04-566","229","Corrine Hunt Namwayut Collection Large Bowl","","Corrine Hunt Namwayut Collection Large Bowl","2","80.00","34.00","0.00"
"SKU: 00-04-561","230","Corrine Hunt Namwayut Collection Large Bowl","","Corrine Hunt Namwayut Collection Large Bowl","0","80.00","34.00","0.00"
"SKU: 00-04-567","231","Corrine Hunt Namwayut Collection Large Bowl Set","","Corrine Hunt Namwayut Collection Large Bowl Set","0","144.00","62.00","0.00"
"SKU: 00-04-562","232","Corrine Hunt Namwayut Collection Large Bowl Set","","Corrine Hunt Namwayut Collection Large Bowl Set","0","144.00","62.00","0.00"
"SKU: 00-04-565","233","Corrine Hunt Namwayut Collection Small Bowl","","Corrine Hunt Namwayut Collection Small Bowl","0","65.00","28.00","0.00"
"SKU: 00-04-560","234","Corrine Hunt Namwayut Collection Small Bowl","","Corrine Hunt Namwayut Collection Small Bowl","0","65.00","28.00","0.00"
"SKU: 00-04-568","235","Corrine Hunt Collection Namwayut  Salad Servers","","Corrine Hunt Collection Namwayut  Salad Servers","0","67.00","29.00","0.00"
"SKU: 00-04-563","236","Corrine Hunt Collection Namwayut  Salad Servers","","Corrine Hunt Collection Namwayut  Salad Servers","1","67.00","29.00","0.00"
"SKU: 00-04-526","238","Corrine Hunt Sea to Sky Candle Holder","","Corrine Hunt Sea to Sky Candle Holder","0","50.95","22.00","0.00"
"SKU: 00-04-525","239","Corrine Hunt Sea to Sky Candle Holder","","Corrine Hunt Sea to Sky Candle Holder","0","48.45","21.00","0.00"
"SKU: 00-04-531","240","Corrine Hunt Sea to Sky Cheese Knife","","Corrine Hunt Sea to Sky Cheese Knife","2","56.00","22.00","0.00"
"SKU: 00-04-528","241","Corrine Hunt Sea to Sky Table Napkin Ring","","Corrine Hunt Sea to Sky Table Napkin Ring","1","14.00","6.05","0.00"
"SKU: 00-04-523","242","Corrine Hunt Sea to Sky Hostess Platter","","Corrine Hunt Sea to Sky Hostess Platter","0","42.00","18.00","0.00"
"SKU: 00-04-522","243","Corrine Hunt Sea to Sky Hostess Platter","","Corrine Hunt Sea to Sky Hostess Platter","0","78.00","34.00","0.00"
"SKU: 04-04-521","244","Corrine Hunt Sea to Sky Hostess Platter","","Corrine Hunt Sea to Sky Hostess Platter","0","70.00","30.00","0.00"
"SKU: 00-04-520","245","Corrine Hunt Sea to Sky Hostess Platter","","Corrine Hunt Sea to Sky Hostess Platter","0","63.00","27.00","0.00"
"SKU: 00-04-532","246","Corrine Hunt Sea to Sky Pâté Knife","","Corrine Hunt Sea to Sky Pâté Knife","0","46.00","20.00","0.00"
"SKU: 00-06-914","247","Corrine Hunt Sea to Sky Cheese Knife","","Corrine Hunt Sea to Sky Cheese Knife","0","74.00","32.00","0.00"
"SKU: 00-06-915","248","Corrine Hunt Sea to Sky Cheese Knife and Fork Set","","Corrine Hunt Sea to Sky Cheese Knife and Fork Set","1","88.00","38.00","0.00"
"SKU: 00-04-524","249","Corrine Hunt Collection Namwayut  Salad Servers","","Corrine Hunt Collection Namwayut  Salad Servers","0","67.00","29.00","0.00"
"A00048-7-POD2884","251","Card - The Protector","","Card - The Protector","5","6.35","2.75","0.00"
"SKU: 52-52-618","253","Jim Charlie Tablier Raven Apron","","Jim Charlie Tablier Raven Apron","1","36.95","16.00","0.00"
"SKU: 52-52-622","255","Jim Charlie Raven Halo Mug","","Jim Charlie Raven Halo Mug","0","11.00","4.75","0.00"
"SKU: 52-52-617","256","Jim Charlie Mitaine Raven Oven Mitt","","Jim Charlie Mitaine Raven Oven Mitt","0","18.95","8.00","0.00"
"A01003-POD2575","257","Card - Sky Girl","","Card - Sky Girl","12","6.35","2.75","0.00"
"SKU: 52-52-627","259","Jim Charlie Raven Oven Mitt","","Jim Charlie Raven Oven Mitt","1","18.95","8.00","0.00"
"SKU:52-52-616","261","Jim Charlie Raven Pocket Pot Holder","","Jim Charlie Raven Pocket Pot Holder","0","32.00","14.00","0.00"
"A04060-20083","262","Card - Passing Through","","Card - Passing Through","11","6.35","2.75","0.00"
"SKU:52-52-626","264","Jim Charlie Raven Pocket Pot Holder","","Jim Charlie Raven Pocket Pot Holder","0","32.00","14.00","0.00"
"SKU: 52-52-619","266","Jim Charlie Raven Pot Holder","","Jim Charlie Raven Pot Holder","1","14.95","5.75","0.00"
"SKU: 52-52-629","267","Jim Charlie Raven Pot Holder","","Jim Charlie Raven Pot Holder","0","14.95","6.50","0.00"
"A09054-20087","268","Card - Tranquility","","Card - Tranquility","9","6.35","2.75","0.00"
"SK52-52-615","269","Jim Charlie Raven Dish Towel","","Jim Charlie Raven Dish Towel","0","15.00","5.90","0.00"
"SK52-52-625","272","Jim Charlie Raven Dish Towel","","Jim Charlie Raven Dish Towel","0","15.00","5.90","0.00"
"SKU: 52-52-621x2","274","Jim Charlie Raven Trivet or Coasters","","Jim Charlie Raven Trivet or Coasters","0","14.95","5.25","0.00"
"SKU: 52-52-647","277","Jim Charlie Salmon Halo Mug","","Jim Charlie Salmon Halo Mug","0","11.00","4.75","0.00"
"SKU: 52-52-607","279","Jim Charlie Wolf Oven Mitt","","Jim Charlie Wolf Oven Mitt","0","17.25","6.95","0.00"
"SKU:52-52-644","281","Jim Charlie Salmon Pocket Pot Holder","","Jim Charlie Salmon Pocket Pot Holder","0","32.00","14.00","0.00"
"SKU: 52-52-609","283","Jim Charlie Wolf Pot Holder","","Jim Charlie Wolf Pot Holder","2","12.95","4.75","0.00"
"SK52-52-640","284","Jim Charlie Salmon Dish Towel","","Jim Charlie Salmon Dish Towel","0","15.00","5.90","0.00"
"A10044-POD2572","285","Card - The Return","","Card - The Return","9","6.35","2.75","0.00"
"SKU: 52-52-646x2","286","Jim Charlie Salmon Trivet or Coasters","","Jim Charlie Salmon Trivet or Coasters","0","14.95","5.25","0.00"
"SKU:52-52-606","289","Jim Charlie Linge Wolf Pocket Pot Holder","","Jim Charlie Linge Wolf Pocket Pot Holder","0","27.00","11.50","0.00"
"A13056-POD2568","290","Card - Otherness","","Card - Otherness","11","6.35","2.75","0.00"
"SK52-52-605","291","Jim Charlie Wolf Dish Towel","","Jim Charlie Wolf Dish Towel","0","15.00","5.90","0.00"
"A13057-POD2567","294","Card - Origins","","Card - Origins","8","6.35","2.75","0.00"
"SKU: 51-51-805","296","Klatle-Bhi Killer Whale Apron","","Klatle-Bhi Killer Whale Apron","0","36.95","16.00","0.00"
"SKU: 51-51-811","298","Klatle-Bhi Killer Whale Mug","","Klatle-Bhi Killer Whale Mug","0","11.00","4.75","0.00"
"A16051-POD2566","299","Card - Northern Keepers","","Card - Northern Keepers","10","6.35","2.75","0.00"
"SKU: 51-51-801","300","Klatle-Bhi Killer Whale Pot Holder","","Klatle-Bhi Killer Whale Pot Holder","0","12.95","4.75","0.00"
"SKU: 51-51-718","302","Klatle-Bhi Moon Mask Dish Towel","","Klatle-Bhi Moon Mask Dish Towel","0","15.00","5.90","0.00"
"A16052-POD2586","304","Card - Zenith","","Card - Zenith","27","6.35","2.75","0.00"
"SKU: 51-51-710x2","306","Klatle-Bhi Moon Mask Trivet or Coasters","","Klatle-Bhi Moon Mask Trivet or Coasters","0","14.95","6.30","0.00"
"SKU: 51-51-702","308","Klatle-Bhi Moon Mask Oven Mitt","","Klatle-Bhi Moon Mask Oven Mitt","0","18.95","8.00","0.00"
"A16058-POD2574","309","Card - Silent Seekers","","Card - Silent Seekers","9","6.35","2.75","0.00"
"A16059-POD2582","313","Card - Wisdom Keepers","","Card - Wisdom Keepers","9","6.35","2.75","0.00"
"A95053-20081","315","Card - Messenger","","Card - Messenger","15","6.35","2.75","0.00"
"A14051-POD2554","318","Card - Gezaluwejit","","Card - Gezaluwejit","11","6.35","2.75","0.00"
"W13026-7","321","Card - In Her World","","Card - In Her World","9","5.50","2.50","0.00"
"W13047-POD2560","324","Card - Inner Memories","","Card - Inner Memories","11","6.35","2.75","0.00"
"SKU: 51-51-713","327","Klatle-Bhi Moon Mask Mug","","Klatle-Bhi Moon Mask Mug","0","11.00","4.75","0.00"
"SKU: 51-51-717","328","Klatle-Bhi Moon Mask Halo Mug","","Klatle-Bhi Moon Mask Halo Mug","0","11.00","4.75","0.00"
"SKU: 51-51-802","329","Klatle-Bhi Killer Whale Oven Mitt","","Klatle-Bhi Killer Whale Oven Mitt","0","17.25","6.95","0.00"
"SKU: 51-51-701","330","Klatle-Bhi Moon Mask Pot Holder","","Klatle-Bhi Moon Mask Pot Holder","0","14.95","6.50","0.00"
"A11052-7","331","Card - Curiously","","Card - Curiously","0","5.50","2.50","0.00"
"A12050-POD2559","332","Card - Ice Dream","","Card - Ice Dream","9","6.35","2.75","0.00"
"W13027-7","335","Card - Playing With Shadows","","Card - Playing With Shadows","2","5.50","2.50","0.00"
"W13053-20086","338","Card - Roots Of Another World","","Card - Roots Of Another World","9","6.35","2.75","0.00"
"A01038-7","341","Card - Harmony","","Card - Harmony","17","5.50","2.50","0.00"
"A01040-7","344","Card - Sharing","","Card - Sharing","42","5.50","2.50","0.00"
"A13042-POD2549","347","Card - Carried Away","","Card - Carried Away","7","6.35","2.75","0.00"
"W13023-POD2887","350","Card - Water and Spirit Buffalo","","Card - Water and Spirit Buffalo","11","6.35","2.75","0.00"
"SKU: 00-04-529","353","Corrine Hunt Sea to Sky Belt Buckle","","Corrine Hunt Sea to Sky Belt Buckle","0","34.00","14.50","0.00"
"SKU: 00-04-530","354","Corrine Hunt Sea to Sky Belt Buckle","","Corrine Hunt Sea to Sky Belt Buckle","0","34.00","14.50","0.00"
"SKU: 52-52-414","355","Connie Dickens Raven Bucket Tote Bag","","Connie Dickens Raven Bucket Tote Bag","0","56.00","24.00","0.00"
"SKU: 52-52-413","356","Connie Dickens Raven Zip Tote Bag","","Connie Dickens Raven Zip Tote Bag","0","52.00","22.00","0.00"
"SKU: 52-52-412","357","Connie Dickens Raven Town Bag","","Connie Dickens Raven Town Bag","2","56.00","24.00","0.00"
"SKU: 52-52-411","358","Connie Dickens Raven Passport Bag","","Connie Dickens Raven Passport Bag","3","40.00","16.75","0.00"
"SKU: 52-52-410","359","Connie Dickens Raven Zip Pouch","","Connie Dickens Raven Zip Pouch","2","20.00","8.25","0.00"
"SKU: 52-52-415","360","Connie Dickens Raven Coin Purse","","Connie Dickens Raven Coin Purse","0","15.00","6.50","0.00"
"SKU: 52-52-865","361","Kelly Robinson Eagle Bucket Tote Bag","","Kelly Robinson Eagle Bucket Tote Bag","0","56.00","24.00","0.00"
"SKU: 52-52-855","362","Kelly Robinson Eagle Bucket Tote Bag","","Kelly Robinson Eagle Bucket Tote Bag","0","56.00","24.00","0.00"
"SKU: 52-52-864","363","Kelly Robinson Eagle Zip Tote Bag","","Kelly Robinson Eagle Zip Tote Bag","0","52.00","22.00","0.00"
"SKU: 52-52-854","364","Kelly Robinson Eagle Zip Tote Bag","","Kelly Robinson Eagle Zip Tote Bag","0","52.00","22.00","0.00"
"SKU: 52-52-866","365","Kelly Robinson Eagle Coin Purse","","Kelly Robinson Eagle Coin Purse","0","15.00","6.50","0.00"
"SKU: 52-52-856","366","Kelly Robinson Eagle Coin Purse","","Kelly Robinson Eagle Coin Purse","1","15.00","6.50","0.00"
"SKU: 52-52-861","367","Kelly Robinson Eagle Passport Purse","","Kelly Robinson Eagle Passport Purse","1","40.00","16.75","0.00"
"SKU: 52-52-851","368","Kelly Robinson Eagle Passport Purse","","Kelly Robinson Eagle Passport Purse","2","40.00","16.75","0.00"
"SKU: 52-52-863","369","Kelly Robinson Eagle Town Bag","","Kelly Robinson Eagle Town Bag","2","56.00","24.00","0.00"
"SKU: 52-52-853","370","Kelly Robinson Eagle Town Bag","","Kelly Robinson Eagle Town Bag","3","56.00","21.00","0.00"
"SKU: 52-52-860","371","Kelly Robinson Eagle Zip Pouch","","Kelly Robinson Eagle Zip Pouch","2","20.00","8.25","0.00"
"SKU: 52-52-850","372","Kelly Robinson Eagle Zip Pouch","","Kelly Robinson Eagle Zip Pouch","1","20.00","8.25","0.00"
"SKU: 00-07-730x3","373","Corrine Hunt Silk Inspiration Bangle","1038","Size - S","0","54.00","23.50","0.00"
"SKU: 00-07-730x3","373","Corrine Hunt Silk Inspiration Bangle","1039","Size - M","1","54.00","23.50","0.00"
"SKU: 00-07-730x3","373","Corrine Hunt Silk Inspiration Bangle","1040","Size - L","0","54.00","23.50","0.00"
"SKU: 00-07-733x3","374","Corrine Hunt Silk Inspiration Bangle","1035","Size - S","0","54.00","23.50","0.00"
"SKU: 00-07-733x3","374","Corrine Hunt Silk Inspiration Bangle","1036","Size - M","1","54.00","23.50","0.00"
"SKU: 00-07-733x3","374","Corrine Hunt Silk Inspiration Bangle","1037","Size - L","1","54.00","23.50","0.00"
"SKU: 00-07-750x2","375","Corrine Hunt Silk Inspiration Cuff Bracelet","1033","Size - S","1","60.00","26.00","0.00"
"SKU: 00-07-750x2","375","Corrine Hunt Silk Inspiration Cuff Bracelet","1034","Size - M","1","60.00","26.00","0.00"
"SKU: 00-07-752x2","376","Corrine Hunt Silk Inspiration Cuff Bracelet","1031","Size - S","0","60.00","26.00","0.00"
"SKU: 00-07-752x2","376","Corrine Hunt Silk Inspiration Cuff Bracelet","1032","Size - M","0","60.00","26.00","0.00"
"SKU: 00-07-666","377","Corrine Hunt Silk Inspiration Drop Earrings","","Corrine Hunt Silk Inspiration Drop Earrings","1","50.00","21.50","0.00"
"SKU: 00-07-662","378","Corrine Hunt Silk Inspiration Drop Earrings","","Corrine Hunt Silk Inspiration Drop Earrings","2","50.00","21.50","0.00"
"SKU: 00-07-664","379","Corrine Hunt Silk Inspiration Oval Earrings","","Corrine Hunt Silk Inspiration Oval Earrings","2","50.00","21.50","0.00"
"SKU: 00-07-674","380","Corrine Hunt Silk Inspiration Drop Earrings","","Corrine Hunt Silk Inspiration Drop Earrings","3","50.00","21.50","0.00"
"SKU: 00-07-660","381","Corrine Hunt Silk Inspiration Oval Earrings","","Corrine Hunt Silk Inspiration Oval Earrings","1","50.00","21.50","0.00"
"SKU: 00-07-672","382","Corrine Hunt Silk Inspiration Oval Earrings","","Corrine Hunt Silk Inspiration Oval Earrings","1","50.00","21.50","0.00"
"SKU: 00-07-667","383","Corrine Hunt Silk Inspiration Trapezoid Earrings","","Corrine Hunt Silk Inspiration Trapezoid Earrings","2","50.00","21.50","0.00"
"SKU: 00-07-663","384","Corrine Hunt Silk Inspiration Trapezoid Earrings","","Corrine Hunt Silk Inspiration Trapezoid Earrings","2","50.00","21.50","0.00"
"SKU: 00-07-675","385","Corrine Hunt Silk Inspiration Trapezoid Earrings","","Corrine Hunt Silk Inspiration Trapezoid Earrings","1","50.00","21.50","0.00"
"SKU: 00-07-665","386","Corrine Hunt Silk Inspiration Triangle Earrings","","Corrine Hunt Silk Inspiration Triangle Earrings","1","50.00","21.50","0.00"
"SKU: 00-07-661","387","Corrine Hunt Silk Inspiration Triangle Earrings","","Corrine Hunt Silk Inspiration Triangle Earrings","1","50.00","21.50","0.00"
"SKU: 00-07-673","388","Corrine Hunt Silk Inspiration Triangle Earrings","","Corrine Hunt Silk Inspiration Triangle Earrings","2","50.00","21.50","0.00"
"SKU: 00-07-653","389","Corrine Hunt Silk Inspiration Oval Pendant","","Corrine Hunt Silk Inspiration Oval Pendant","0","46.00","20.00","0.00"
"SKU: 00-07-657","391","Corrine Hunt Silk Inspiration Oval Pendant","","Corrine Hunt Silk Inspiration Oval Pendant","2","46.00","20.00","0.00"
"SKU: 00-07-654","392","Corrine Hunt Silk Inspiration Round Pendant","","Corrine Hunt Silk Inspiration Round Pendant","1","46.00","20.00","0.00"
"SKU: 00-07-652","393","Corrine Hunt Silk Inspiration Round Pendant","","Corrine Hunt Silk Inspiration Round Pendant","1","46.00","20.00","0.00"
"SKU: 00-07-658","394","Corrine Hunt Silk Inspiration Round Pendant","","Corrine Hunt Silk Inspiration Round Pendant","1","46.00","20.00","0.00"
"SKU: 00-07-739x3","395","Kelly Robinson Silk Inspiration Bangle","1028","Size - S","2","54.00","23.50","0.00"
"SKU: 00-07-739x3","395","Kelly Robinson Silk Inspiration Bangle","1029","Size - M","0","54.00","23.50","0.00"
"SKU: 00-07-739x3","395","Kelly Robinson Silk Inspiration Bangle","1030","Size - L","2","54.00","23.50","0.00"
"SKU: 00-07-736x3","396","Kelly Robinson Silk Inspiration Bangle","1025","Size - S","0","54.00","23.50","0.00"
"SKU: 00-07-736x3","396","Kelly Robinson Silk Inspiration Bangle","1026","Size - M","0","54.00","23.50","0.00"
"SKU: 00-07-736x3","396","Kelly Robinson Silk Inspiration Bangle","1027","Size - L","0","54.00","23.50","0.00"
"SKU: 00-07-756x2","397","Kelly Robinson Silk Inspiration Cuff Bracelet","1023","Size - S","1","60.00","26.00","0.00"
"SKU: 00-07-756x2","397","Kelly Robinson Silk Inspiration Cuff Bracelet","1024","Size - M","1","60.00","26.00","0.00"
"SKU: 00-07-754x2","398","Kelly Robinson Silk Inspiration Cuff Bracelet","1021","Size - S","1","60.00","26.00","0.00"
"SKU: 00-07-754x2","398","Kelly Robinson Silk Inspiration Cuff Bracelet","1022","Size - M","1","60.00","26.00","0.00"
"SKU: 00-07-670","399","Kelly Robinson Silk Inspiration Drop Earrings","","Kelly Robinson Silk Inspiration Drop Earrings","2","50.00","21.50","0.00"
"SKU: 00-07-678","400","Kelly Robinson Silk Inspiration Drop Earrings","","Kelly Robinson Silk Inspiration Drop Earrings","1","50.00","21.50","0.00"
"SKU: 00-07-668","401","Kelly Robinson Silk Inspiration Oval Earrings","","Kelly Robinson Silk Inspiration Oval Earrings","2","50.00","21.50","0.00"
"SKU: 00-07-676","402","Kelly Robinson Silk Inspiration Oval Earrings","","Kelly Robinson Silk Inspiration Oval Earrings","0","50.00","21.50","0.00"
"SKU: 00-07-679","403","Kelly Robinson Silk Inspiration Trapezoid Earrings","","Kelly Robinson Silk Inspiration Trapezoid Earrings","0","50.00","21.50","0.00"
"SKU: 00-07-671","404","Kelly Robinson Silk Inspiration Trapezoid Earrings","","Kelly Robinson Silk Inspiration Trapezoid Earrings","2","50.00","21.50","0.00"
"SKU: 00-07-669","405","Kelly Robinson Silk Inspiration Triangle Earrings","","Kelly Robinson Silk Inspiration Triangle Earrings","2","50.00","21.50","0.00"
"SKU: 00-07-677","406","Kelly Robinson Silk Inspiration Triangle Earrings","","Kelly Robinson Silk Inspiration Triangle Earrings","1","50.00","21.50","0.00"
"SKU: 00-07-655","407","Kelly Robinson Silk Inspiration Oval Pendant","","Kelly Robinson Silk Inspiration Oval Pendant","2","46.00","20.00","0.00"
"SKU: 00-07-631","408","Kelly Robinson Silk Inspiration Oval Pendant","","Kelly Robinson Silk Inspiration Oval Pendant","1","46.00","20.00","0.00"
"SKU: 00-07-632","409","Kelly Robinson Silk Inspiration Round Pendant","","Kelly Robinson Silk Inspiration Round Pendant","2","46.00","20.00","0.00"
"SKU: 00-07-656","410","Kelly Robinson Silk Inspiration Round Pendant","","Kelly Robinson Silk Inspiration Round Pendant","2","46.00","16.50","0.00"
"SKU: 00-07-562x2","418","Andrew Williams Octopus Bracelet","7525","Size - 6.5""","0","110.95","45.00","0.00"
"SKU: 00-07-562x2","418","Andrew Williams Octopus Bracelet","7526","Size - 8""","2","110.95","45.00","0.00"
"SKU: 00-07-563x2","420","Andrew Williams Octopus Pendant","","Andrew Williams Octopus Pendant","1","90.00","39.00","0.00"
"SKU: 00-07-560x2","422","Andrew Williams Raven Pendant","","Andrew Williams Raven Pendant","1","90.00","39.00","0.00"
"00-07-581","423","Bill Helin Raven Bracelet","","Bill Helin Raven Bracelet","0","110.95","48.00","0.00"
"SKU: 00-07-528","424","Corrine Hunt Eagle Earrings","","Corrine Hunt Eagle Earrings","1","80.00","34.50","0.00"
"SKU: 00-07-503","425","Corrine Hunt Killer Whale Pendant","","Corrine Hunt Killer Whale Pendant","1","82.00","35.50","0.00"
"SKU: 00-07-520","426","Corrine Hunt Eagle Earrings","","Corrine Hunt Eagle Earrings","1","85.00","37.00","0.00"
"SKU: 00-07-530","427","Corrine Hunt Eagle Earrings","","Corrine Hunt Eagle Earrings","0","85.00","37.00","0.00"
"SKU: 00-07-504","428","Corrine Hunt Wolf Pendant","","Corrine Hunt Wolf Pendant","2","82.00","35.50","0.00"
"SKU: 00-07-529","429","Corrine Hunt Wolf Earrings","","Corrine Hunt Wolf Earrings","1","80.00","34.50","0.00"
"SKU: 00-07-521","430","Corrine Hunt Killer Whale Earrings","","Corrine Hunt Killer Whale Earrings","1","85.00","37.00","0.00"
"SKU: 00-07-508","431","Corrine Hunt Eagle Pendant","","Corrine Hunt Eagle Pendant","1","90.00","39.00","0.00"
"SKU: 00-07-523","434","Corrine Hunt Killer Whale Earrings","","Corrine Hunt Killer Whale Earrings","0","85.00","37.00","0.00"
"SKU: 00-07-501","435","Corrine Hunt Killer Whale Pendant","1015","Size - S","0","60.00","27.00","35.50"
"SKU: 00-07-501","435","Corrine Hunt Killer Whale Pendant","1016","Size - L","1","86.00","27.00","37.50"
"SKU: 00-07-500","436","Corrine Hunt Eagle Pendant","","Corrine Hunt Eagle Pendant","2","82.00","35.50","0.00"
"SKU: 00-07-524","437","Corrine Hunt Wolf Earrings","","Corrine Hunt Wolf Earrings","1","85.00","37.00","0.00"
"SKU: 00-07-509","439","Corrine Hunt Wolf Pendant","11700","Jewelry - Silver chain","1","90.00","39.00","39.00"
"SKU: 00-07-509","439","Corrine Hunt Wolf Pendant","11701","Jewelry - Black Satin Cord","0","74.00","39.00","32.00"
"SKU: 00-07-594","440","Corrine Hunt Eagle Pendant","","Corrine Hunt Eagle Pendant","0","82.00","28.00","0.00"
"SKU: 00-07-507","442","Corrine Hunt Eagle Pendant","6556","Jewelry - Silver chain","1","82.00","28.00","35.50"
"SKU: 00-07-507","442","Corrine Hunt Eagle Pendant","6557","Jewelry - Black Satin Cord","0","74.00","28.00","31.50"
"SKU: 00-07-505","443","Corrine Hunt Eagle Pendant","","Corrine Hunt Eagle Pendant","1","82.00","35.50","0.00"
"SKU: 00-07-595","444","Corrine Hunt Killer Whale Pendant","","Corrine Hunt Killer Whale Pendant","1","76.00","32.00","0.00"
"SKU: 00-07-506","445","Corrine Hunt Eagle Pendant","","Corrine Hunt Eagle Pendant","0","82.00","35.50","0.00"
"SKU: 00-07-570x2","447","Kelly Robinson Eagle Bracelet","7830","Size - 6.5""","0","110.95","48.00","0.00"
"SKU: 00-07-570x2","447","Kelly Robinson Eagle Bracelet","7831","Size - 8""","0","110.95","48.00","0.00"
"SKU: 00-07-571x2","448","Kelly Robinson Hummingbird Bracelet","7523","Size - 6.5""","0","110.95","0.00","48.00"
"SKU: 00-07-571x2","448","Kelly Robinson Hummingbird Bracelet","7524","Size - 8""","0","110.95","0.00","45.00"
"SKU: 00-04-703","449","Moon Mask Cribbage Board","","Moon Mask Cribbage Board","0","196.00","85.00","0.00"
"SKU: 00-04-702","451","Cribbage Board","","Cribbage Board","1","180.00","72.00","0.00"
"SKU: 00-04-495","452","Keith Tait Frog Box","","Keith Tait Frog Box","1","81.00","35.00","0.00"
"SKU: 90-90-252","454","John Robson CMH Clamshell Box Watch","11706","Size - M","0","345.00","450.00","150.00"
"SKU: 90-90-252","454","John Robson CMH Clamshell Box Watch","11707","Size - L","0","1050.00","450.00","450.00"
"SKU: 90-90-250","455","CMH Dogfish Box","","CMH Dogfish Box","0","62.00","27.00","0.00"
"SKU: 90-90-251","456","CMH Sea Monster Box","","CMH Sea Monster Box","0","76.00","33.00","0.00"
"SKU: 90-90-152","457","Haida Gwaii Beaver Bowl","","Haida Gwaii Beaver Bowl","1","230.00","92.00","0.00"
"SKU: 90-90-150","458","Haida Gwaii Frog Bowl","","Haida Gwaii Frog Bowl","1","65.00","28.00","0.00"
"SKU: 90-90-151","459","Haida Gwaii Frog Bowl","","Haida Gwaii Frog Bowl","0","80.95","35.00","0.00"
"SKU: 90-90-200","460","Haida Gwaii Halibut Plate","","Haida Gwaii Halibut Plate","0","152.00","66.00","0.00"
"SKU: 90-90-201","461","Haida Gwaii Killer Whale Plate","","Haida Gwaii Killer Whale Plate","1","182.00","72.00","0.00"
"SKU: 90-90-208","462","Haida Gwaii Octopus Platter","","Haida Gwaii Octopus Platter","1","355.00","154.00","0.00"
"SKU: 90-90-203","463","Haida Gwaii Sea Wolf Platter","","Haida Gwaii Sea Wolf Platter","1","448.00","180.00","0.00"
"SKU: 90-90-206","464","Haida Gwaii Dogfish Platter","","Haida Gwaii Dogfish Platter","0","230.00","97.00","0.00"
"SKU: 90-90-202","465","Haida Gwaii Thunderbird/Whale Platter","","Haida Gwaii Thunderbird/Whale Platter","0","254.00","110.00","0.00"
"SKU: 90-90-003","466","Haida Gwaii Bear/Dogfish Totem","","Haida Gwaii Bear/Dogfish Totem","0","50.95","22.00","0.00"
"SKU: 90-90-001","467","Haida Gwaii Bear/Halibut Totem","","Haida Gwaii Bear/Halibut Totem","0","38.50","16.75","0.00"
"SKU: 90-90-009","468","Haida Gwaii Bear Mother Totem","","Haida Gwaii Bear Mother Totem","0","230.00","100.00","0.00"
"SKU: 90-90-004","469","Haida Gwaii Bear/Raven Totem","","Haida Gwaii Bear/Raven Totem","0","76.00","33.00","0.00"
"SKU: 90-90-002","471","Haida Gwaii Bear/Salmon Totem","","Haida Gwaii Bear/Salmon Totem","0","50.95","22.00","0.00"
"SKU: 90-90-008","472","Haida Gwaii Beaver/Bear/Killer Whale Totem","","Haida Gwaii Beaver/Bear/Killer Whale Totem","0","104.00","45.00","0.00"
"SKU: 90-90-010","473","Haida Gwaii Eagle Totem","","Haida Gwaii Eagle Totem","0","299.00","130.00","0.00"
"SKU: 90-90-006","474","Haida Gwaii Raven Totem","","Haida Gwaii Raven Totem","0","82.95","36.00","0.00"
"SKU: 90-90-005","475","Haida Gwaii Raven/Beaver Totem","","Haida Gwaii Raven/Beaver Totem","0","76.00","33.00","0.00"
"SKU: 90-90-007","476","Haida Gwaii Shaman/Raven/Beaver Totem","","Haida Gwaii Shaman/Raven/Beaver Totem","0","104.00","45.00","0.00"
"SKU: 00-02-826","477","Potlatch Bear Dish","","Potlatch Bear Dish","2","116.00","50.50","0.00"
"SKU: 00-02-816","478","Potlatch Bear Bowl","","Potlatch Bear Bowl","0","299.00","130.00","0.00"
"SKU: 00-02-815","479","Potlatch Dogfish Bowl","","Potlatch Dogfish Bowl","0","222.00","96.00","0.00"
"SKU: 00-02-822","480","Potlatch Frog Bowl","","Potlatch Frog Bowl","3","116.00","50.50","0.00"
"SKU: 00-02-823","481","Potlatch Loon Bowl","","Potlatch Loon Bowl","0","116.00","50.50","0.00"
"SKU: 00-02-824","482","Potlatch Raven Bowl","","Potlatch Raven Bowl","1","116.00","50.50","0.00"
"SKU: 00-02-814","483","Potlatch Raven Bowl","","Potlatch Raven Bowl","1","184.00","96.00","0.00"
"SKU: 54-54-116","485","Moccasins Bear Box","1087","Shoe Size - 18 months","0","92.00","40.00","0.00"
"SKU: 54-54-116","485","Moccasins Bear Box","1088","Shoe Size - 24 months","0","92.00","40.00","0.00"
"SKU: 54-54-116","485","Moccasins Bear Box","1089","Shoe Size - 36 months","4","92.00","40.00","0.00"
"SKU-54-54-380","489","City Bag, Bear Box","4027","Colors - Black","0","110.00","48.00","0.00"
"SKU-54-54-380","489","City Bag, Bear Box","4029","Colors - Turquoise","0","110.00","48.00","0.00"
"SKU-54-54-380","489","City Bag, Bear Box","4030","Colors - Walnut","1","110.00","48.00","0.00"
"SKU: 54-54-206x12","501","Bear Box Coin Purse","106","Colors - Black","0","34.50","15.00","0.00"
"SKU: 54-54-206x12","501","Bear Box Coin Purse","107","Colors - Red","0","34.50","15.00","0.00"
"SKU: 54-54-206x12","501","Bear Box Coin Purse","110","Colors - Turquoise","0","34.50","15.00","0.00"
"SKU: 54-54-206x12","501","Bear Box Coin Purse","112","Colors - Black Deer","0","34.50","15.00","0.00"
"SKU: 54-54-206x12","501","Bear Box Coin Purse","113","Colors - Red Deer","0","34.50","15.00","0.00"
"SKU: 54-54-206x12","501","Bear Box Coin Purse","114","Colors - Light Brown Deer","0","34.50","15.00","0.00"
"SKU: 54-54-206x12","501","Bear Box Coin Purse","115","Colors - Turquoise Deer","0","34.50","15.00","0.00"
"SKU: 54-54-206x12","501","Bear Box Coin Purse","9223","Colors - Beige","1","34.50","15.00","0.00"
"SKU: 54-54-395","502","Mini Coin Purse Bear Box","102","Colors - Black","0","32.95","14.50","0.00"
"SKU: 54-54-395","502","Mini Coin Purse Bear Box","103","Colors - Red","4","32.95","14.50","0.00"
"SKU: 54-54-395","502","Mini Coin Purse Bear Box","104","Colors - Turquoise","4","32.95","14.50","0.00"
"SKU: 54-54-395","502","Mini Coin Purse Bear Box","105","Colors - Light Brown","3","32.95","14.50","0.00"
"SKU: 54-54-395","502","Mini Coin Purse Bear Box","2069","Colors - Walnut","0","32.95","14.50","0.00"
"SKU: 54-54-395","502","Mini Coin Purse Bear Box","3952","Colors - Yellow","3","32.95","14.50","0.00"
"SKU: 54-54-208","509","Passport Pouch Bear Box","4097","Colors - Black","0","72.00","31.00","0.00"
"SKU: 54-54-208","509","Passport Pouch Bear Box","4098","Colors - Red","0","72.00","31.00","0.00"
"SKU: 54-54-208","509","Passport Pouch Bear Box","4099","Colors - Walnut","0","72.00","31.00","0.00"
"SKU: 54-54-208","509","Passport Pouch Bear Box","4100","Colors - Turquoise","1","72.00","31.00","0.00"
"SKU: 54-54-208","509","Passport Pouch Bear Box","4102","Colors - Teal ","1","72.00","31.00","0.00"
"SKU: 54-54-208","509","Passport Pouch Bear Box","4121","Colors - Bronze","0","72.00","31.00","0.00"
"SKU: 54-54-208","509","Passport Pouch Bear Box","7834","Colors - Cream","0","72.00","31.00","0.00"
"SKU: 54-54-208","509","Passport Pouch Bear Box","9129","Colors - Yellow","0","72.00","31.00","0.00"
"SKU: 54-54-203","518","Embossed Solo Bag Bear Box","8523","Colors - Black","0","120.00","52.00","0.00"
"SKU: 54-54-203","518","Embossed Solo Bag Bear Box","8524","Colors - Red","0","120.00","52.00","0.00"
"SKU: 54-54-203","518","Embossed Solo Bag Bear Box","8525","Colors - Saddle","0","120.00","52.00","0.00"
"SKU: 54-54-203","518","Embossed Solo Bag Bear Box","8526","Colors - Turquoise","0","120.00","52.00","0.00"
"SKU: 54-54-203","518","Embossed Solo Bag Bear Box","8527","Colors - Black Deer","0","120.00","52.00","0.00"
"SKU: 54-54-203","518","Embossed Solo Bag Bear Box","8528","Colors - Red Deer","0","120.00","52.00","0.00"
"SKU: 54-54-203","518","Embossed Solo Bag Bear Box","8529","Colors - Beige Deer","0","120.00","52.00","0.00"
"SKU: 54-54-203","518","Embossed Solo Bag Bear Box","8530","Colors - Tan Deer","0","120.00","52.00","0.00"
"SKU: 54-54-203","518","Embossed Solo Bag Bear Box","8531","Colors - Turquoise Deer","1","120.00","52.00","0.00"
"SKU: 54-54-232","525","Wristlet Bear Box","4078","Colors - Black","0","56.00","24.00","0.00"
"SKU: 54-54-232","525","Wristlet Bear Box","4079","Colors - Red","0","56.00","24.00","0.00"
"SKU: 54-54-232","525","Wristlet Bear Box","4081","Colors - Turquoise","0","56.00","24.00","0.00"
"SKU: 54-54-232","525","Wristlet Bear Box","4082","Colors - Tan","0","56.00","24.00","0.00"
"SKU: 54-54-232","525","Wristlet Bear Box","4090","Colors - Cherry","0","56.00","24.00","0.00"
"SKU: 54-54-232","525","Wristlet Bear Box","8532","Colors - Saddle","0","56.00","24.00","0.00"
"SKU: 54-54-134x7","531","Bill Helin Eagle Coin Purse","62","Colors - Black","0","34.00","14.50","0.00"
"SKU: 54-54-134x7","531","Bill Helin Eagle Coin Purse","63","Colors - Red","0","34.00","14.50","0.00"
"SKU: 54-54-134x7","531","Bill Helin Eagle Coin Purse","64","Colors - Turquoise","0","34.00","14.50","0.00"
"SKU: 54-54-134x7","531","Bill Helin Eagle Coin Purse","65","Colors - Light Brown","0","34.00","14.50","0.00"
"SKU: 54-54-134x7","531","Bill Helin Eagle Coin Purse","67","Colors - Light Brown Deer","0","28.00","14.50","28.00"
"SKU: 54-54-134x7","531","Bill Helin Eagle Coin Purse","68","Colors - Red Deer","0","28.00","14.50","0.00"
"6017-0408-00VI-600VI","534","Ladies Suede Slippers","507","Shoe Size - 4","0","108.00","46.90","0.00"
"6017-0408-00VI-600VI","534","Ladies Suede Slippers","508","Shoe Size - 5","0","108.00","46.90","0.00"
"6017-0408-00VI-600VI","534","Ladies Suede Slippers","509","Shoe Size - 6","0","108.00","46.90","0.00"
"6017-0408-00VI-600VI","534","Ladies Suede Slippers","510","Shoe Size - 7","0","108.00","46.90","0.00"
"6017-0408-00VI-600VI","534","Ladies Suede Slippers","511","Shoe Size - 8","0","108.00","46.90","0.00"
"6017-0408-00VI-600VI","534","Ladies Suede Slippers","512","Shoe Size - 9","0","108.00","46.90","0.00"
"6017-0408-00VI-600VI","534","Ladies Suede Slippers","513","Shoe Size - 10","0","108.00","46.90","0.00"
"6017-0408-00VI-600VI","534","Ladies Suede Slippers","514","Shoe Size - 11","0","108.00","46.90","0.00"
"6017-0408-00VI-600VI","534","Ladies Suede Slippers","515","Shoe Size - 12","0","108.00","46.90","0.00"
"6080-0408-41AQ-600AQ","535","Ladies Suede Slippers","522","Shoe Size - 11","0","108.00","46.90","0.00"
"6080-0408-41AQ-600AQ","535","Ladies Suede Slippers","7058","Shoe Size - 4","0","108.00","46.90","0.00"
"6080-0408-41AQ-600AQ","535","Ladies Suede Slippers","7059","Shoe Size - 5","0","108.00","46.90","0.00"
"6080-0408-41AQ-600AQ","535","Ladies Suede Slippers","7060","Shoe Size - 6","0","108.00","46.90","0.00"
"6080-0408-41AQ-600AQ","535","Ladies Suede Slippers","7061","Shoe Size - 7","0","108.00","46.90","0.00"
"6080-0408-41AQ-600AQ","535","Ladies Suede Slippers","7062","Shoe Size - 8","0","108.00","46.90","0.00"
"6080-0408-41AQ-600AQ","535","Ladies Suede Slippers","7063","Shoe Size - 9","0","108.00","46.90","0.00"
"6080-0408-41AQ-600AQ","535","Ladies Suede Slippers","7064","Shoe Size - 10","0","108.00","46.90","0.00"
"6080-0408-41AQ-600AQ","535","Ladies Suede Slippers","7065","Shoe Size - 12","0","108.00","46.90","0.00"
"6080-0408-41BU-600BU","537","Ladies Suede Slippers","534","Shoe Size - 5","1","108.00","46.90","0.00"
"6080-0408-41BU-600BU","537","Ladies Suede Slippers","535","Shoe Size - 6","1","108.00","46.90","0.00"
"6080-0408-41BU-600BU","537","Ladies Suede Slippers","536","Shoe Size - 7","0","108.00","46.90","0.00"
"6080-0408-41BU-600BU","537","Ladies Suede Slippers","537","Shoe Size - 8","0","108.00","46.90","0.00"
"6080-0408-41BU-600BU","537","Ladies Suede Slippers","538","Shoe Size - 9","1","108.00","46.90","0.00"
"6080-0408-41BU-600BU","537","Ladies Suede Slippers","539","Shoe Size - 10","0","108.00","46.90","0.00"
"6080-0408-41BU-600BU","537","Ladies Suede Slippers","540","Shoe Size - 11","0","108.00","46.90","0.00"
"6080-0408-41BU-600BU","537","Ladies Suede Slippers","541","Shoe Size - 12","0","108.00","46.90","0.00"
"6080-0408-41BU-600BU","537","Ladies Suede Slippers","542","Shoe Size - 4","0","108.00","46.90","0.00"
"6080-0408-41CO-600CO","538","Ladies Suede Slippers","543","Shoe Size - 5","0","108.00","46.90","0.00"
"6080-0408-41CO-600CO","538","Ladies Suede Slippers","544","Shoe Size - 6","0","108.00","46.90","0.00"
"6080-0408-41CO-600CO","538","Ladies Suede Slippers","545","Shoe Size - 7","0","108.00","46.90","0.00"
"6080-0408-41CO-600CO","538","Ladies Suede Slippers","546","Shoe Size - 8","0","108.00","46.90","0.00"
"6080-0408-41CO-600CO","538","Ladies Suede Slippers","547","Shoe Size - 9","0","108.00","46.90","0.00"
"6080-0408-41CO-600CO","538","Ladies Suede Slippers","548","Shoe Size - 10","0","108.00","46.90","0.00"
"6080-0408-41CO-600CO","538","Ladies Suede Slippers","549","Shoe Size - 11","0","108.00","46.90","0.00"
"6080-0408-41CO-600CO","538","Ladies Suede Slippers","550","Shoe Size - 12","0","108.00","46.90","0.00"
"6080-0408-41CO-600CO","538","Ladies Suede Slippers","551","Shoe Size - 4","0","108.00","46.90","0.00"
"6080-0408-41COTO-600COTO","539","Ladies Suede Slippers","558","Shoe Size - 11","0","108.00","46.90","0.00"
"6080-0408-41COTO-600COTO","539","Ladies Suede Slippers","7066","Shoe Size - 4","0","108.00","46.90","0.00"
"6080-0408-41COTO-600COTO","539","Ladies Suede Slippers","7067","Shoe Size - 5","0","108.00","46.90","0.00"
"6080-0408-41COTO-600COTO","539","Ladies Suede Slippers","7068","Shoe Size - 6","0","108.00","46.90","0.00"
"6080-0408-41COTO-600COTO","539","Ladies Suede Slippers","7069","Shoe Size - 7","0","108.00","46.90","0.00"
"6080-0408-41COTO-600COTO","539","Ladies Suede Slippers","7070","Shoe Size - 8","0","108.00","46.90","0.00"
"6080-0408-41COTO-600COTO","539","Ladies Suede Slippers","7071","Shoe Size - 9","0","108.00","46.90","0.00"
"6080-0408-41COTO-600COTO","539","Ladies Suede Slippers","7072","Shoe Size - 10","0","108.00","46.90","0.00"
"6080-0408-41COTO-600COTO","539","Ladies Suede Slippers","7073","Shoe Size - 12","0","108.00","46.90","0.00"
"6080-0408-41DKTCK-600DKTCK","540","Ladies Suede/Leather Slippers","561","Shoe Size - 5","0","115.00","49.70","0.00"
"6080-0408-41DKTCK-600DKTCK","540","Ladies Suede/Leather Slippers","562","Shoe Size - 6","0","115.00","49.70","0.00"
"6080-0408-41DKTCK-600DKTCK","540","Ladies Suede/Leather Slippers","563","Shoe Size - 7","0","115.00","49.70","0.00"
"6080-0408-41DKTCK-600DKTCK","540","Ladies Suede/Leather Slippers","564","Shoe Size - 8","0","115.00","49.70","0.00"
"6080-0408-41DKTCK-600DKTCK","540","Ladies Suede/Leather Slippers","565","Shoe Size - 9","0","115.00","49.70","0.00"
"6080-0408-41DKTCK-600DKTCK","540","Ladies Suede/Leather Slippers","566","Shoe Size - 10","0","115.00","49.70","0.00"
"6080-0408-41DKTCK-600DKTCK","540","Ladies Suede/Leather Slippers","567","Shoe Size - 11","0","115.00","49.70","0.00"
"6080-0408-41DKTCK-600DKTCK","540","Ladies Suede/Leather Slippers","568","Shoe Size - 12","0","115.00","49.70","0.00"
"6080-0408-41DKTCK-600DKTCK","540","Ladies Suede/Leather Slippers","569","Shoe Size - 4","0","115.00","49.70","0.00"
"6080-0408-41NBCK-600NBCK","541","Ladies Suede/Leather Slippers","574","Shoe Size - 9","0","115.00","49.70","0.00"
"6080-0408-41NBCK-600NBCK","541","Ladies Suede/Leather Slippers","7074","Shoe Size - 4","0","115.00","49.70","0.00"
"6080-0408-41NBCK-600NBCK","541","Ladies Suede/Leather Slippers","7075","Shoe Size - 5","0","115.00","49.70","0.00"
"6080-0408-41NBCK-600NBCK","541","Ladies Suede/Leather Slippers","7076","Shoe Size - 6","0","115.00","49.70","0.00"
"6080-0408-41NBCK-600NBCK","541","Ladies Suede/Leather Slippers","7077","Shoe Size - 7","0","115.00","49.70","0.00"
"6080-0408-41NBCK-600NBCK","541","Ladies Suede/Leather Slippers","7078","Shoe Size - 8","0","115.00","49.70","0.00"
"6080-0408-41NBCK-600NBCK","541","Ladies Suede/Leather Slippers","7079","Shoe Size - 10","0","115.00","49.70","0.00"
"6080-0408-41NBCK-600NBCK","541","Ladies Suede/Leather Slippers","7080","Shoe Size - 11","0","115.00","49.70","0.00"
"6080-0408-41NBCK-600NBCK","541","Ladies Suede/Leather Slippers","7081","Shoe Size - 12","0","115.00","49.70","0.00"
"6080-0408-41PU-600PU","542","Ladies Suede Slippers","584","Shoe Size - 10","0","108.00","46.90","0.00"
"6080-0408-41PU-600PU","542","Ladies Suede Slippers","7082","Shoe Size - 4","0","108.00","46.90","0.00"
"6080-0408-41PU-600PU","542","Ladies Suede Slippers","7083","Shoe Size - 5","1","108.00","46.90","0.00"
"6080-0408-41PU-600PU","542","Ladies Suede Slippers","7084","Shoe Size - 6","0","108.00","46.90","0.00"
"6080-0408-41PU-600PU","542","Ladies Suede Slippers","7085","Shoe Size - 7","1","108.00","46.90","0.00"
"6080-0408-41PU-600PU","542","Ladies Suede Slippers","7086","Shoe Size - 8","1","108.00","46.90","0.00"
"6080-0408-41PU-600PU","542","Ladies Suede Slippers","7087","Shoe Size - 9","1","108.00","46.90","0.00"
"6080-0408-41PU-600PU","542","Ladies Suede Slippers","7088","Shoe Size - 11","1","108.00","46.90","0.00"
"6080-0408-41PU-600PU","542","Ladies Suede Slippers","7089","Shoe Size - 12","0","108.00","46.90","0.00"
"6080-0408-41RBBL-600RBBL","543","Ladies Suede Slippers","588","Shoe Size - 5","0","108.00","46.90","0.00"
"6080-0408-41RBBL-600RBBL","543","Ladies Suede Slippers","589","Shoe Size - 6","0","108.00","46.90","0.00"
"6080-0408-41RBBL-600RBBL","543","Ladies Suede Slippers","590","Shoe Size - 7","0","108.00","46.90","0.00"
"6080-0408-41RBBL-600RBBL","543","Ladies Suede Slippers","591","Shoe Size - 8","0","108.00","46.90","0.00"
"6080-0408-41RBBL-600RBBL","543","Ladies Suede Slippers","592","Shoe Size - 9","0","108.00","46.90","0.00"
"6080-0408-41RBBL-600RBBL","543","Ladies Suede Slippers","593","Shoe Size - 10","0","108.00","46.90","0.00"
"6080-0408-41RBBL-600RBBL","543","Ladies Suede Slippers","594","Shoe Size - 11","0","108.00","46.90","0.00"
"6080-0408-41RBBL-600RBBL","543","Ladies Suede Slippers","595","Shoe Size - 12","0","108.00","46.90","0.00"
"6080-0408-41RBBL-600RBBL","543","Ladies Suede Slippers","596","Shoe Size - 4","0","108.00","46.90","0.00"
"6080-0408-41RB-600RB","544","Ladies Suede Slippers","597","Shoe Size - 5","0","108.00","46.90","0.00"
"6080-0408-41RB-600RB","544","Ladies Suede Slippers","598","Shoe Size - 6","0","108.00","46.90","0.00"
"6080-0408-41RB-600RB","544","Ladies Suede Slippers","599","Shoe Size - 7","0","108.00","46.90","0.00"
"6080-0408-41RB-600RB","544","Ladies Suede Slippers","600","Shoe Size - 8","0","108.00","46.90","0.00"
"6080-0408-41RB-600RB","544","Ladies Suede Slippers","601","Shoe Size - 9","0","108.00","46.90","0.00"
"6080-0408-41RB-600RB","544","Ladies Suede Slippers","602","Shoe Size - 10","0","108.00","46.90","0.00"
"6080-0408-41RB-600RB","544","Ladies Suede Slippers","603","Shoe Size - 11","0","108.00","46.90","0.00"
"6080-0408-41RB-600RB","544","Ladies Suede Slippers","604","Shoe Size - 12","0","108.00","46.90","0.00"
"6080-0408-41RB-600RB","544","Ladies Suede Slippers","605","Shoe Size - 4","0","108.00","46.90","0.00"
"6080-0408-41SMFD-600SMFD","545","Ladies Suede/Leather Slippers","606","Shoe Size - 5","0","115.00","49.70","0.00"
"6080-0408-41SMFD-600SMFD","545","Ladies Suede/Leather Slippers","607","Shoe Size - 6","0","115.00","49.70","0.00"
"6080-0408-41SMFD-600SMFD","545","Ladies Suede/Leather Slippers","608","Shoe Size - 7","0","115.00","49.70","0.00"
"6080-0408-41SMFD-600SMFD","545","Ladies Suede/Leather Slippers","609","Shoe Size - 8","0","115.00","49.70","0.00"
"6080-0408-41SMFD-600SMFD","545","Ladies Suede/Leather Slippers","610","Shoe Size - 9","0","115.00","49.70","0.00"
"6080-0408-41SMFD-600SMFD","545","Ladies Suede/Leather Slippers","611","Shoe Size - 10","0","115.00","49.70","0.00"
"6080-0408-41SMFD-600SMFD","545","Ladies Suede/Leather Slippers","612","Shoe Size - 11","0","115.00","49.70","0.00"
"6080-0408-41SMFD-600SMFD","545","Ladies Suede/Leather Slippers","613","Shoe Size - 12","0","115.00","49.70","0.00"
"6080-0408-41SMFD-600SMFD","545","Ladies Suede/Leather Slippers","614","Shoe Size - 4","0","115.00","49.70","0.00"
"6080-0408-41STO-600STO","546","Ladies Suede Slippers","615","Shoe Size - 5","0","108.00","46.90","0.00"
"6080-0408-41STO-600STO","546","Ladies Suede Slippers","616","Shoe Size - 6","0","108.00","46.90","0.00"
"6080-0408-41STO-600STO","546","Ladies Suede Slippers","617","Shoe Size - 7","0","108.00","46.90","0.00"
"6080-0408-41STO-600STO","546","Ladies Suede Slippers","618","Shoe Size - 8","0","108.00","46.90","0.00"
"6080-0408-41STO-600STO","546","Ladies Suede Slippers","619","Shoe Size - 9","0","108.00","46.90","0.00"
"6080-0408-41STO-600STO","546","Ladies Suede Slippers","620","Shoe Size - 10","0","108.00","46.90","0.00"
"6080-0408-41STO-600STO","546","Ladies Suede Slippers","621","Shoe Size - 11","0","108.00","46.90","0.00"
"6080-0408-41STO-600STO","546","Ladies Suede Slippers","622","Shoe Size - 12","0","108.00","46.90","0.00"
"6080-0408-41STO-600STO","546","Ladies Suede Slippers","623","Shoe Size - 4","0","108.00","46.90","0.00"
"6080-0408-41VIGR-600VIGR","547","Ladies Suede Slippers","624","Shoe Size - 5","0","108.00","46.90","0.00"
"6080-0408-41VIGR-600VIGR","547","Ladies Suede Slippers","625","Shoe Size - 6","0","108.00","46.90","0.00"
"6080-0408-41VIGR-600VIGR","547","Ladies Suede Slippers","626","Shoe Size - 7","0","108.00","46.90","0.00"
"6080-0408-41VIGR-600VIGR","547","Ladies Suede Slippers","627","Shoe Size - 8","0","108.00","46.90","0.00"
"6080-0408-41VIGR-600VIGR","547","Ladies Suede Slippers","628","Shoe Size - 9","0","108.00","46.90","0.00"
"6080-0408-41VIGR-600VIGR","547","Ladies Suede Slippers","629","Shoe Size - 10","0","108.00","46.90","0.00"
"6080-0408-41VIGR-600VIGR","547","Ladies Suede Slippers","630","Shoe Size - 11","0","108.00","46.90","0.00"
"6080-0408-41VIGR-600VIGR","547","Ladies Suede Slippers","631","Shoe Size - 12","0","108.00","46.90","0.00"
"6080-0408-41VIGR-600VIGR","547","Ladies Suede Slippers","632","Shoe Size - 4","0","108.00","46.90","0.00"
"6080-0208-41BL-613BL","550","Ladies Suede Slippers","656","Shoe Size - 10","0","108.00","46.90","0.00"
"6080-0208-41BL-613BL","550","Ladies Suede Slippers","658","Shoe Size - 12","0","108.00","46.90","0.00"
"6080-0208-41BL-613BL","550","Ladies Suede Slippers","7053","Shoe Size - 9","0","108.00","46.90","0.00"
"6080-0208-41BL-613BL","550","Ladies Suede Slippers","7054","Shoe Size - 7","0","108.00","46.90","0.00"
"6080-0208-41BL-613BL","550","Ladies Suede Slippers","7055","Shoe Size - 8","0","108.00","46.90","0.00"
"6080-0208-41BL-613BL","550","Ladies Suede Slippers","7056","Shoe Size - 11","0","108.00","46.90","0.00"
"6080-0208-41BL-613BL","550","Ladies Suede Slippers","7057","Shoe Size - 6","0","108.00","46.90","0.00"
"6080-0426-41DKDKP-626DKDKP","551","Ladies Suede Slippers","660","Shoe Size - 5","0","108.00","46.90","0.00"
"6080-0426-41DKDKP-626DKDKP","551","Ladies Suede Slippers","661","Shoe Size - 6","0","108.00","46.90","0.00"
"6080-0426-41DKDKP-626DKDKP","551","Ladies Suede Slippers","662","Shoe Size - 7","0","108.00","46.90","0.00"
"6080-0426-41DKDKP-626DKDKP","551","Ladies Suede Slippers","663","Shoe Size - 8","0","108.00","46.90","0.00"
"6080-0426-41DKDKP-626DKDKP","551","Ladies Suede Slippers","664","Shoe Size - 9","0","108.00","46.90","0.00"
"6080-0426-41DKDKP-626DKDKP","551","Ladies Suede Slippers","665","Shoe Size - 10","0","108.00","46.90","0.00"
"6080-0426-41DKDKP-626DKDKP","551","Ladies Suede Slippers","666","Shoe Size - 11","0","108.00","46.90","0.00"
"6080-0426-41DKDKP-626DKDKP","551","Ladies Suede Slippers","667","Shoe Size - 12","0","108.00","46.90","0.00"
"6080-0426-41DKDKP-626DKDKP","551","Ladies Suede Slippers","668","Shoe Size - 4","0","108.00","46.90","0.00"
"6080-0408-41IND-648","552","Ladies Suede Slippers","669","Shoe Size - 5","0","108.00","46.90","0.00"
"6080-0408-41IND-648","552","Ladies Suede Slippers","670","Shoe Size - 6","0","108.00","46.90","0.00"
"6080-0408-41IND-648","552","Ladies Suede Slippers","671","Shoe Size - 7","0","108.00","46.90","0.00"
"6080-0408-41IND-648","552","Ladies Suede Slippers","672","Shoe Size - 8","0","108.00","46.90","0.00"
"6080-0408-41IND-648","552","Ladies Suede Slippers","673","Shoe Size - 9","0","108.00","46.90","0.00"
"6080-0408-41IND-648","552","Ladies Suede Slippers","674","Shoe Size - 10","0","108.00","46.90","0.00"
"6080-0408-41IND-648","552","Ladies Suede Slippers","675","Shoe Size - 11","0","108.00","46.90","0.00"
"6080-0408-41IND-648","552","Ladies Suede Slippers","676","Shoe Size - 12","0","108.00","46.90","0.00"
"6080-0408-41IND-648","552","Ladies Suede Slippers","677","Shoe Size - 4","0","108.00","46.90","0.00"
"6080-0408-41IC-652","553","Ladies Suede Slippers","682","Shoe Size - 9","1","108.00","46.90","0.00"
"6080-0408-41IC-652","553","Ladies Suede Slippers","7090","Shoe Size - 4","0","108.00","46.90","0.00"
"6080-0408-41IC-652","553","Ladies Suede Slippers","7091","Shoe Size - 5","0","108.00","46.90","0.00"
"6080-0408-41IC-652","553","Ladies Suede Slippers","7092","Shoe Size - 6","0","108.00","46.90","0.00"
"6080-0408-41IC-652","553","Ladies Suede Slippers","7093","Shoe Size - 7","0","108.00","46.90","0.00"
"6080-0408-41IC-652","553","Ladies Suede Slippers","7094","Shoe Size - 8","0","108.00","46.90","0.00"
"6080-0408-41IC-652","553","Ladies Suede Slippers","7095","Shoe Size - 10","0","108.00","46.90","0.00"
"6080-0408-41IC-652","553","Ladies Suede Slippers","7096","Shoe Size - 11","0","108.00","46.90","0.00"
"6080-0408-41IC-652","553","Ladies Suede Slippers","7097","Shoe Size - 12","0","108.00","46.90","0.00"
"6080-0408-41BL-653","554","Ladies Suede Slippers","692","Shoe Size - 10","1","108.00","46.90","0.00"
"6080-0408-41BL-653","554","Ladies Suede Slippers","7098","Shoe Size - 4","1","108.00","46.90","0.00"
"6080-0408-41BL-653","554","Ladies Suede Slippers","7099","Shoe Size - 5","0","108.00","46.90","0.00"
"6080-0408-41BL-653","554","Ladies Suede Slippers","7100","Shoe Size - 6","0","108.00","46.90","0.00"
"6080-0408-41BL-653","554","Ladies Suede Slippers","7101","Shoe Size - 7","0","108.00","46.90","0.00"
"6080-0408-41BL-653","554","Ladies Suede Slippers","7102","Shoe Size - 8","0","108.00","46.90","0.00"
"6080-0408-41BL-653","554","Ladies Suede Slippers","7103","Shoe Size - 9","0","108.00","46.90","0.00"
"6080-0408-41BL-653","554","Ladies Suede Slippers","7104","Shoe Size - 11","1","108.00","46.90","0.00"
"6080-0408-41BL-653","554","Ladies Suede Slippers","7105","Shoe Size - 12","1","108.00","46.90","0.00"
"6080-0408-41NB-658","555","Ladies Suede Slippers","696","Shoe Size - 5","0","108.00","46.90","0.00"
"6080-0408-41NB-658","555","Ladies Suede Slippers","697","Shoe Size - 6","0","108.00","46.90","0.00"
"6080-0408-41NB-658","555","Ladies Suede Slippers","698","Shoe Size - 7","0","108.00","46.90","0.00"
"6080-0408-41NB-658","555","Ladies Suede Slippers","699","Shoe Size - 8","0","108.00","46.90","0.00"
"6080-0408-41NB-658","555","Ladies Suede Slippers","700","Shoe Size - 9","0","108.00","46.90","0.00"
"6080-0408-41NB-658","555","Ladies Suede Slippers","701","Shoe Size - 10","0","108.00","46.90","0.00"
"6080-0408-41NB-658","555","Ladies Suede Slippers","702","Shoe Size - 11","0","108.00","46.90","0.00"
"6080-0408-41NB-658","555","Ladies Suede Slippers","703","Shoe Size - 12","1","108.00","46.90","0.00"
"6080-0408-41NB-658","555","Ladies Suede Slippers","704","Shoe Size - 4","0","108.00","46.90","0.00"
"6080-0408-41PL-659","556","Ladies Suede Slippers","711","Shoe Size - 11","0","108.00","46.90","0.00"
"6080-0408-41PL-659","556","Ladies Suede Slippers","7106","Shoe Size - 12","0","108.00","46.90","0.00"
"6080-0408-41PL-659","556","Ladies Suede Slippers","7107","Shoe Size - 4","0","108.00","46.90","0.00"
"6080-0408-41PL-659","556","Ladies Suede Slippers","7108","Shoe Size - 5","0","108.00","46.90","0.00"
"6080-0408-41PL-659","556","Ladies Suede Slippers","7109","Shoe Size - 6","0","108.00","46.90","0.00"
"6080-0408-41PL-659","556","Ladies Suede Slippers","7110","Shoe Size - 7","0","108.00","46.90","0.00"
"6080-0408-41PL-659","556","Ladies Suede Slippers","7111","Shoe Size - 8","0","108.00","46.90","0.00"
"6080-0408-41PL-659","556","Ladies Suede Slippers","7112","Shoe Size - 9","0","108.00","46.90","0.00"
"6080-0408-41PL-659","556","Ladies Suede Slippers","7113","Shoe Size - 10","0","108.00","46.90","0.00"
"6080-0408-41GR-660","557","Ladies Suede Slippers","714","Shoe Size - 5","0","108.00","46.90","0.00"
"6080-0408-41GR-660","557","Ladies Suede Slippers","715","Shoe Size - 6","0","108.00","46.90","0.00"
"6080-0408-41GR-660","557","Ladies Suede Slippers","716","Shoe Size - 7","0","108.00","46.90","0.00"
"6080-0408-41GR-660","557","Ladies Suede Slippers","717","Shoe Size - 8","0","108.00","46.90","0.00"
"6080-0408-41GR-660","557","Ladies Suede Slippers","718","Shoe Size - 9","0","108.00","46.90","0.00"
"6080-0408-41GR-660","557","Ladies Suede Slippers","719","Shoe Size - 10","0","108.00","46.90","0.00"
"6080-0408-41GR-660","557","Ladies Suede Slippers","720","Shoe Size - 11","0","108.00","46.90","0.00"
"6080-0408-41GR-660","557","Ladies Suede Slippers","721","Shoe Size - 12","0","108.00","46.90","0.00"
"6080-0408-41GR-660","557","Ladies Suede Slippers","722","Shoe Size - 4","0","108.00","46.90","0.00"
"6080-0408-41SBL-661","558","Ladies Suede Slippers","723","Shoe Size - 5","0","108.00","46.90","0.00"
"6080-0408-41SBL-661","558","Ladies Suede Slippers","724","Shoe Size - 6","0","108.00","46.90","0.00"
"6080-0408-41SBL-661","558","Ladies Suede Slippers","725","Shoe Size - 7","0","108.00","46.90","0.00"
"6080-0408-41SBL-661","558","Ladies Suede Slippers","726","Shoe Size - 8","1","108.00","46.90","0.00"
"6080-0408-41SBL-661","558","Ladies Suede Slippers","727","Shoe Size - 9","1","108.00","46.90","0.00"
"6080-0408-41SBL-661","558","Ladies Suede Slippers","728","Shoe Size - 10","0","108.00","46.90","0.00"
"6080-0408-41SBL-661","558","Ladies Suede Slippers","729","Shoe Size - 11","0","108.00","46.90","0.00"
"6080-0408-41SBL-661","558","Ladies Suede Slippers","730","Shoe Size - 12","1","108.00","46.90","0.00"
"6080-0408-41SBL-661","558","Ladies Suede Slippers","731","Shoe Size - 4","0","108.00","46.90","0.00"
"6080-0408-41FG-669","561","Ladies Suede Slippers","751","Shoe Size - 6","0","108.00","46.90","0.00"
"6080-0408-41FG-669","561","Ladies Suede Slippers","756","Shoe Size - 11","0","108.00","46.90","0.00"
"6080-0408-41FG-669","561","Ladies Suede Slippers","7114","Shoe Size - 4","0","108.00","46.90","0.00"
"6080-0408-41FG-669","561","Ladies Suede Slippers","7115","Shoe Size - 5","1","108.00","46.90","0.00"
"6080-0408-41FG-669","561","Ladies Suede Slippers","7116","Shoe Size - 7","1","108.00","46.90","0.00"
"6080-0408-41FG-669","561","Ladies Suede Slippers","7117","Shoe Size - 12","0","108.00","46.90","0.00"
"6080-0408-41FG-669","561","Ladies Suede Slippers","7118","Shoe Size - 8","0","108.00","46.90","0.00"
"6080-0408-41FG-669","561","Ladies Suede Slippers","7119","Shoe Size - 9","1","108.00","46.90","0.00"
"6080-0408-41FG-669","561","Ladies Suede Slippers","7120","Shoe Size - 10","0","108.00","46.90","0.00"
"6080-0408-41NA-671NA","562","Ladies Leather Slippers","762","Shoe Size - 8","0","157.00","68.20","0.00"
"6080-0408-41NA-671NA","562","Ladies Leather Slippers","7121","Shoe Size - 12","0","157.00","68.20","0.00"
"6080-0408-41NA-671NA","562","Ladies Leather Slippers","7122","Shoe Size - 4","0","157.00","68.20","0.00"
"6080-0408-41NA-671NA","562","Ladies Leather Slippers","7123","Shoe Size - 5","0","157.00","68.20","0.00"
"6080-0408-41NA-671NA","562","Ladies Leather Slippers","7124","Shoe Size - 6","0","157.00","68.20","0.00"
"6080-0408-41NA-671NA","562","Ladies Leather Slippers","7125","Shoe Size - 7","0","157.00","68.20","0.00"
"6080-0408-41NA-671NA","562","Ladies Leather Slippers","7126","Shoe Size - 9","0","157.00","68.20","0.00"
"6080-0408-41NA-671NA","562","Ladies Leather Slippers","7127","Shoe Size - 10","0","157.00","68.20","0.00"
"6080-0408-41NA-671NA","562","Ladies Leather Slippers","7128","Shoe Size - 11","0","157.00","68.20","0.00"
"6080-0408-41CK-671CK","563","Ladies Leather Slippers","768","Shoe Size - 5","0","157.00","68.20","0.00"
"6080-0408-41CK-671CK","563","Ladies Leather Slippers","769","Shoe Size - 6","0","157.00","68.20","0.00"
"6080-0408-41CK-671CK","563","Ladies Leather Slippers","770","Shoe Size - 7","0","157.00","68.20","0.00"
"6080-0408-41CK-671CK","563","Ladies Leather Slippers","771","Shoe Size - 8","0","157.00","68.20","0.00"
"6080-0408-41CK-671CK","563","Ladies Leather Slippers","772","Shoe Size - 9","0","157.00","68.20","0.00"
"6080-0408-41CK-671CK","563","Ladies Leather Slippers","773","Shoe Size - 10","0","157.00","68.20","0.00"
"6080-0408-41CK-671CK","563","Ladies Leather Slippers","774","Shoe Size - 11","0","157.00","68.20","0.00"
"6080-0408-41CK-671CK","563","Ladies Leather Slippers","775","Shoe Size - 12","0","157.00","68.20","0.00"
"6080-0408-41CK-671CK","563","Ladies Leather Slippers","776","Shoe Size - 4","0","157.00","68.20","0.00"
"6080-0408-41CHO-673","564","Ladies Suede Slippers","777","Shoe Size - 5","0","108.00","46.90","0.00"
"6080-0408-41CHO-673","564","Ladies Suede Slippers","778","Shoe Size - 6","0","108.00","46.90","0.00"
"6080-0408-41CHO-673","564","Ladies Suede Slippers","779","Shoe Size - 7","0","108.00","46.90","0.00"
"6080-0408-41CHO-673","564","Ladies Suede Slippers","780","Shoe Size - 8","0","108.00","46.90","0.00"
"6080-0408-41CHO-673","564","Ladies Suede Slippers","781","Shoe Size - 9","1","108.00","46.90","0.00"
"6080-0408-41CHO-673","564","Ladies Suede Slippers","782","Shoe Size - 10","0","108.00","46.90","0.00"
"6080-0408-41CHO-673","564","Ladies Suede Slippers","783","Shoe Size - 11","0","108.00","46.90","0.00"
"6080-0408-41CHO-673","564","Ladies Suede Slippers","784","Shoe Size - 12","0","108.00","46.90","0.00"
"6080-0408-41CHO-673","564","Ladies Suede Slippers","785","Shoe Size - 4","0","108.00","46.90","0.00"
"6080-0408-41MO-677","565","Ladies Suede Slippers","786","Shoe Size - 5","0","108.00","46.90","0.00"
"6080-0408-41MO-677","565","Ladies Suede Slippers","787","Shoe Size - 6","0","108.00","46.90","0.00"
"6080-0408-41MO-677","565","Ladies Suede Slippers","788","Shoe Size - 7","0","108.00","46.90","0.00"
"6080-0408-41MO-677","565","Ladies Suede Slippers","789","Shoe Size - 8","0","108.00","46.90","0.00"
"6080-0408-41MO-677","565","Ladies Suede Slippers","790","Shoe Size - 9","0","108.00","46.90","0.00"
"6080-0408-41MO-677","565","Ladies Suede Slippers","791","Shoe Size - 10","0","108.00","46.90","0.00"
"6080-0408-41MO-677","565","Ladies Suede Slippers","792","Shoe Size - 11","0","108.00","46.90","0.00"
"6080-0408-41MO-677","565","Ladies Suede Slippers","793","Shoe Size - 12","0","108.00","46.90","0.00"
"6080-0408-41MO-677","565","Ladies Suede Slippers","794","Shoe Size - 4","0","108.00","46.90","0.00"
"6080-0408-41FU-698","569","Ladies Suede Slippers","822","Shoe Size - 5","0","108.00","46.90","0.00"
"6080-0408-41FU-698","569","Ladies Suede Slippers","823","Shoe Size - 6","0","108.00","46.90","0.00"
"6080-0408-41FU-698","569","Ladies Suede Slippers","824","Shoe Size - 7","0","108.00","46.90","0.00"
"6080-0408-41FU-698","569","Ladies Suede Slippers","825","Shoe Size - 8","0","108.00","46.90","0.00"
"6080-0408-41FU-698","569","Ladies Suede Slippers","826","Shoe Size - 9","0","108.00","46.90","0.00"
"6080-0408-41FU-698","569","Ladies Suede Slippers","827","Shoe Size - 10","0","108.00","46.90","0.00"
"6080-0408-41FU-698","569","Ladies Suede Slippers","828","Shoe Size - 11","0","108.00","46.90","0.00"
"6080-0408-41FU-698","569","Ladies Suede Slippers","829","Shoe Size - 12","0","108.00","46.90","0.00"
"6080-0408-41FU-698","569","Ladies Suede Slippers","830","Shoe Size - 4","1","108.00","46.90","0.00"
"6080-0408-41TO-755TO","571","Ladies Suede Slippers","840","Shoe Size - 5","0","108.00","46.90","0.00"
"6080-0408-41TO-755TO","571","Ladies Suede Slippers","841","Shoe Size - 6","0","108.00","46.90","0.00"
"6080-0408-41TO-755TO","571","Ladies Suede Slippers","842","Shoe Size - 7","0","108.00","46.90","0.00"
"6080-0408-41TO-755TO","571","Ladies Suede Slippers","843","Shoe Size - 8","0","108.00","46.90","0.00"
"6080-0408-41TO-755TO","571","Ladies Suede Slippers","844","Shoe Size - 9","0","108.00","46.90","0.00"
"6080-0408-41TO-755TO","571","Ladies Suede Slippers","845","Shoe Size - 10","0","108.00","46.90","0.00"
"6080-0408-41TO-755TO","571","Ladies Suede Slippers","846","Shoe Size - 11","0","108.00","46.90","0.00"
"6080-0408-41TO-755TO","571","Ladies Suede Slippers","847","Shoe Size - 12","0","108.00","46.90","0.00"
"6080-0408-41TO-755TO","571","Ladies Suede Slippers","848","Shoe Size - 4","0","108.00","46.90","0.00"
"6080-0408-41BLPL-6531","572","Ladies Suede Slippers","854","Shoe Size - 10","1","108.00","46.90","0.00"
"6080-0408-41BLPL-6531","572","Ladies Suede Slippers","7129","Shoe Size - 12","0","108.00","46.90","0.00"
"6080-0408-41BLPL-6531","572","Ladies Suede Slippers","7130","Shoe Size - 4","0","108.00","46.90","0.00"
"6080-0408-41BLPL-6531","572","Ladies Suede Slippers","7131","Shoe Size - 5","0","108.00","46.90","0.00"
"6080-0408-41BLPL-6531","572","Ladies Suede Slippers","7132","Shoe Size - 6","1","108.00","46.90","0.00"
"6080-0408-41BLPL-6531","572","Ladies Suede Slippers","7133","Shoe Size - 7","1","108.00","46.90","0.00"
"6080-0408-41BLPL-6531","572","Ladies Suede Slippers","7134","Shoe Size - 8","1","108.00","46.90","0.00"
"6080-0408-41BLPL-6531","572","Ladies Suede Slippers","7135","Shoe Size - 9","1","108.00","46.90","0.00"
"6080-0408-41BLPL-6531","572","Ladies Suede Slippers","7136","Shoe Size - 11","0","108.00","46.90","0.00"
"6080-0408-REBL-6541","573","Ladies Suede Slippers","864","Shoe Size - 11","0","108.00","46.90","0.00"
"6080-0408-REBL-6541","573","Ladies Suede Slippers","7146","Shoe Size - 12","0","108.00","46.90","0.00"
"6080-0408-REBL-6541","573","Ladies Suede Slippers","7147","Shoe Size - 4","0","108.00","46.90","0.00"
"6080-0408-REBL-6541","573","Ladies Suede Slippers","7148","Shoe Size - 5","0","108.00","46.90","0.00"
"6080-0408-REBL-6541","573","Ladies Suede Slippers","7149","Shoe Size - 6","1","108.00","46.90","0.00"
"6080-0408-REBL-6541","573","Ladies Suede Slippers","7150","Shoe Size - 7","1","108.00","46.90","0.00"
"6080-0408-REBL-6541","573","Ladies Suede Slippers","7151","Shoe Size - 8","1","108.00","46.90","0.00"
"6080-0408-REBL-6541","573","Ladies Suede Slippers","7152","Shoe Size - 9","1","108.00","46.90","0.00"
"6080-0408-REBL-6541","573","Ladies Suede Slippers","7153","Shoe Size - 10","0","108.00","46.90","0.00"
"6080-0408-41GRBL-6601","575","Ladies Suede Slippers","878","Shoe Size - 7","1","108.00","46.90","0.00"
"6080-0408-41GRBL-6601","575","Ladies Suede Slippers","7154","Shoe Size - 12","0","108.00","46.90","0.00"
"6080-0408-41GRBL-6601","575","Ladies Suede Slippers","7155","Shoe Size - 4","0","108.00","46.90","0.00"
"6080-0408-41GRBL-6601","575","Ladies Suede Slippers","7156","Shoe Size - 5","0","108.00","46.90","0.00"
"6080-0408-41GRBL-6601","575","Ladies Suede Slippers","7157","Shoe Size - 6","1","108.00","46.90","0.00"
"6080-0408-41GRBL-6601","575","Ladies Suede Slippers","7158","Shoe Size - 8","1","108.00","46.90","0.00"
"6080-0408-41GRBL-6601","575","Ladies Suede Slippers","7159","Shoe Size - 9","1","108.00","46.90","0.00"
"6080-0408-41GRBL-6601","575","Ladies Suede Slippers","7160","Shoe Size - 10","0","108.00","46.90","0.00"
"6080-0408-41GRBL-6601","575","Ladies Suede Slippers","7161","Shoe Size - 11","1","108.00","46.90","0.00"
"6080-0408-41CHOBL-6733","576","Ladies Suede Slippers","885","Shoe Size - 5","0","108.00","46.90","0.00"
"6080-0408-41CHOBL-6733","576","Ladies Suede Slippers","886","Shoe Size - 6","1","108.00","46.90","0.00"
"6080-0408-41CHOBL-6733","576","Ladies Suede Slippers","887","Shoe Size - 7","1","108.00","46.90","0.00"
"6080-0408-41CHOBL-6733","576","Ladies Suede Slippers","888","Shoe Size - 8","1","108.00","46.90","0.00"
"6080-0408-41CHOBL-6733","576","Ladies Suede Slippers","889","Shoe Size - 9","1","108.00","46.90","0.00"
"6080-0408-41CHOBL-6733","576","Ladies Suede Slippers","890","Shoe Size - 10","0","108.00","46.90","0.00"
"6080-0408-41CHOBL-6733","576","Ladies Suede Slippers","891","Shoe Size - 11","0","108.00","46.90","0.00"
"6080-0408-41CHOBL-6733","576","Ladies Suede Slippers","892","Shoe Size - 12","0","108.00","46.90","0.00"
"6080-0408-41CHOBL-6733","576","Ladies Suede Slippers","893","Shoe Size - 4","0","108.00","46.90","0.00"
"6080-0408-41MOCHO-6773","577","Ladies Suede Slippers","894","Shoe Size - 5","0","108.00","46.90","0.00"
"6080-0408-41MOCHO-6773","577","Ladies Suede Slippers","895","Shoe Size - 6","1","108.00","46.90","0.00"
"6080-0408-41MOCHO-6773","577","Ladies Suede Slippers","896","Shoe Size - 7","1","108.00","46.90","0.00"
"6080-0408-41MOCHO-6773","577","Ladies Suede Slippers","897","Shoe Size - 8","1","108.00","46.90","0.00"
"6080-0408-41MOCHO-6773","577","Ladies Suede Slippers","898","Shoe Size - 9","1","108.00","46.90","0.00"
"6080-0408-41MOCHO-6773","577","Ladies Suede Slippers","899","Shoe Size - 10","0","108.00","46.90","0.00"
"6080-0408-41MOCHO-6773","577","Ladies Suede Slippers","900","Shoe Size - 11","0","108.00","46.90","0.00"
"6080-0408-41MOCHO-6773","577","Ladies Suede Slippers","901","Shoe Size - 12","0","108.00","46.90","0.00"
"6080-0408-41MOCHO-6773","577","Ladies Suede Slippers","902","Shoe Size - 4","0","108.00","46.90","0.00"
"6080-0408-41TUCHO-69773","579","Ladies Suede Slippers","912","Shoe Size - 5","0","108.00","46.90","0.00"
"6080-0408-41TUCHO-69773","579","Ladies Suede Slippers","913","Shoe Size - 6","0","108.00","46.90","0.00"
"6080-0408-41TUCHO-69773","579","Ladies Suede Slippers","914","Shoe Size - 7","0","108.00","46.90","0.00"
"6080-0408-41TUCHO-69773","579","Ladies Suede Slippers","915","Shoe Size - 8","0","108.00","46.90","0.00"
"6080-0408-41TUCHO-69773","579","Ladies Suede Slippers","916","Shoe Size - 9","0","108.00","46.90","0.00"
"6080-0408-41TUCHO-69773","579","Ladies Suede Slippers","917","Shoe Size - 10","0","108.00","46.90","0.00"
"6080-0408-41TUCHO-69773","579","Ladies Suede Slippers","918","Shoe Size - 11","0","108.00","46.90","0.00"
"6080-0408-41TUCHO-69773","579","Ladies Suede Slippers","919","Shoe Size - 12","0","108.00","46.90","0.00"
"6080-0408-41TUCHO-69773","579","Ladies Suede Slippers","920","Shoe Size - 4","0","108.00","46.90","0.00"
"6080-0408-12BU-12600BU","581","Suede slippers with sole","930","Shoe Size - 4","0","132.00","57.30","0.00"
"6080-0408-12BU-12600BU","581","Suede slippers with sole","931","Shoe Size - 5","0","132.00","57.30","0.00"
"6080-0408-12BU-12600BU","581","Suede slippers with sole","932","Shoe Size - 6","0","132.00","57.30","0.00"
"6080-0408-12BU-12600BU","581","Suede slippers with sole","933","Shoe Size - 7","0","132.00","57.30","0.00"
"6080-0408-12BU-12600BU","581","Suede slippers with sole","934","Shoe Size - 8","0","132.00","57.30","0.00"
"6080-0408-12BU-12600BU","581","Suede slippers with sole","935","Shoe Size - 9","1","132.00","57.30","0.00"
"6080-0408-12BU-12600BU","581","Suede slippers with sole","936","Shoe Size - 10","0","132.00","57.30","0.00"
"6080-0408-12BU-12600BU","581","Suede slippers with sole","937","Shoe Size - 11","0","132.00","57.30","0.00"
"6080-0408-12BU-12600BU","581","Suede slippers with sole","938","Shoe Size - 12","0","132.00","57.30","0.00"
"6080-0408-12BL-12653","582","Suede Slippers with sole","939","Shoe Size - 5","0","132.00","57.30","0.00"
"6080-0408-12BL-12653","582","Suede Slippers with sole","940","Shoe Size - 6","0","132.00","57.30","0.00"
"6080-0408-12BL-12653","582","Suede Slippers with sole","941","Shoe Size - 7","0","132.00","57.30","0.00"
"6080-0408-12BL-12653","582","Suede Slippers with sole","942","Shoe Size - 8","0","132.00","57.30","0.00"
"6080-0408-12BL-12653","582","Suede Slippers with sole","943","Shoe Size - 9","0","132.00","57.30","0.00"
"6080-0408-12BL-12653","582","Suede Slippers with sole","944","Shoe Size - 10","0","132.00","57.30","0.00"
"6080-0408-12BL-12653","582","Suede Slippers with sole","945","Shoe Size - 11","0","132.00","57.30","0.00"
"6080-0408-12BL-12653","582","Suede Slippers with sole","946","Shoe Size - 12","0","132.00","57.30","0.00"
"6080-0408-12BL-12653","582","Suede Slippers with sole","947","Shoe Size - 4","0","132.00","57.30","0.00"
"6080-0408-12NB-12658","583","Suede Slippers with sole","949","Shoe Size - 6","1","132.00","57.30","0.00"
"6080-0408-12NB-12658","583","Suede Slippers with sole","954","Shoe Size - 11","0","132.00","57.30","0.00"
"6080-0408-12NB-12658","583","Suede Slippers with sole","7162","Shoe Size - 12","0","132.00","57.30","0.00"
"6080-0408-12NB-12658","583","Suede Slippers with sole","7163","Shoe Size - 4","0","132.00","57.30","0.00"
"6080-0408-12NB-12658","583","Suede Slippers with sole","7164","Shoe Size - 5","0","132.00","57.30","0.00"
"6080-0408-12NB-12658","583","Suede Slippers with sole","7165","Shoe Size - 7","0","132.00","57.30","0.00"
"6080-0408-12NB-12658","583","Suede Slippers with sole","7166","Shoe Size - 8","1","132.00","57.30","0.00"
"6080-0408-12NB-12658","583","Suede Slippers with sole","7167","Shoe Size - 9","0","132.00","57.30","0.00"
"6080-0408-12NB-12658","583","Suede Slippers with sole","7168","Shoe Size - 10","0","132.00","57.30","0.00"
"6080-0408-13GR-13660","584","Suede Slippers with sole","964","Shoe Size - 12","0","132.00","57.30","0.00"
"6080-0408-13GR-13660","584","Suede Slippers with sole","7169","Shoe Size - 4","0","132.00","57.30","0.00"
"6080-0408-13GR-13660","584","Suede Slippers with sole","7170","Shoe Size - 5","0","132.00","57.30","0.00"
"6080-0408-13GR-13660","584","Suede Slippers with sole","7171","Shoe Size - 8","0","132.00","57.30","0.00"
"6080-0408-13GR-13660","584","Suede Slippers with sole","7172","Shoe Size - 7","0","132.00","57.30","0.00"
"6080-0408-13GR-13660","584","Suede Slippers with sole","7173","Shoe Size - 6","0","132.00","57.30","0.00"
"6080-0408-13GR-13660","584","Suede Slippers with sole","7174","Shoe Size - 10","0","132.00","57.30","0.00"
"6080-0408-13GR-13660","584","Suede Slippers with sole","7175","Shoe Size - 9","0","132.00","57.30","0.00"
"6080-0408-13GR-13660","584","Suede Slippers with sole","7176","Shoe Size - 11","0","132.00","57.30","0.00"
"6080-0408-13CHO-13673","585","Suede Slippers with sole","966","Shoe Size - 5","0","132.00","57.30","57.00"
"6080-0408-13CHO-13673","585","Suede Slippers with sole","967","Shoe Size - 6","1","132.00","57.30","57.00"
"6080-0408-13CHO-13673","585","Suede Slippers with sole","968","Shoe Size - 7","1","132.00","57.30","57.00"
"6080-0408-13CHO-13673","585","Suede Slippers with sole","969","Shoe Size - 8","1","132.00","57.30","57.00"
"6080-0408-13CHO-13673","585","Suede Slippers with sole","970","Shoe Size - 9","0","132.00","57.30","57.00"
"6080-0408-13CHO-13673","585","Suede Slippers with sole","971","Shoe Size - 10","1","132.00","57.30","57.00"
"6080-0408-13CHO-13673","585","Suede Slippers with sole","972","Shoe Size - 11","0","132.00","57.30","57.00"
"6080-0408-13CHO-13673","585","Suede Slippers with sole","973","Shoe Size - 12","0","132.00","57.30","57.00"
"6080-0408-13CHO-13673","585","Suede Slippers with sole","974","Shoe Size - 4","0","132.00","57.30","57.00"
"6080-0408-13MO-13677","586","Suede Slippers with sole","975","Shoe Size - 5","0","132.00","57.30","0.00"
"6080-0408-13MO-13677","586","Suede Slippers with sole","976","Shoe Size - 6","0","132.00","57.30","0.00"
"6080-0408-13MO-13677","586","Suede Slippers with sole","977","Shoe Size - 7","0","132.00","57.30","0.00"
"6080-0408-13MO-13677","586","Suede Slippers with sole","978","Shoe Size - 8","0","132.00","57.30","0.00"
"6080-0408-13MO-13677","586","Suede Slippers with sole","979","Shoe Size - 9","0","132.00","57.30","0.00"
"6080-0408-13MO-13677","586","Suede Slippers with sole","980","Shoe Size - 10","0","132.00","57.30","0.00"
"6080-0408-13MO-13677","586","Suede Slippers with sole","981","Shoe Size - 11","0","132.00","57.30","0.00"
"6080-0408-13MO-13677","586","Suede Slippers with sole","982","Shoe Size - 12","0","132.00","57.30","0.00"
"6080-0408-13MO-13677","586","Suede Slippers with sole","983","Shoe Size - 4","0","132.00","57.30","0.00"
"6080-0408-13MT-13695","587","Suede Slippers with sole","984","Shoe Size - 5","0","132.00","57.30","0.00"
"6080-0408-13MT-13695","587","Suede Slippers with sole","985","Shoe Size - 6","0","132.00","57.30","0.00"
"6080-0408-13MT-13695","587","Suede Slippers with sole","986","Shoe Size - 7","0","132.00","57.30","0.00"
"6080-0408-13MT-13695","587","Suede Slippers with sole","987","Shoe Size - 8","0","132.00","57.30","0.00"
"6080-0408-13MT-13695","587","Suede Slippers with sole","988","Shoe Size - 9","0","132.00","57.30","0.00"
"6080-0408-13MT-13695","587","Suede Slippers with sole","989","Shoe Size - 10","0","132.00","57.30","0.00"
"6080-0408-13MT-13695","587","Suede Slippers with sole","990","Shoe Size - 11","0","132.00","57.30","0.00"
"6080-0408-13MT-13695","587","Suede Slippers with sole","991","Shoe Size - 12","0","132.00","57.30","0.00"
"6080-0408-13MT-13695","587","Suede Slippers with sole","992","Shoe Size - 4","0","132.00","57.30","0.00"
"A01030-6","607","Small Print - Eagle Moon","","Small Print - Eagle Moon","2","25.00","10.87","0.00"
"A01028-POD2555","608","Matted Print - Giving Thanks","","Matted Print - Giving Thanks","4","20.00","7.50","0.00"
"A01031-6","609","Small Print - Honoring the Giver of Life","","Small Print - Honoring the Giver of Life","19","25.00","10.87","0.00"
"A01032-6","610","Small Print - Moon Wisdom","","Small Print - Moon Wisdom","75","25.00","10.87","0.00"
"A01033-6","611","Small Print - New Fire","","Small Print - New Fire","91","25.00","10.87","0.00"
"A01036-6","612","Small Print - Teachings","","Small Print - Teachings","98","25.00","10.87","0.00"
"A01037-6","615","Small Print - Trust","","Small Print - Trust","5","25.00","10.87","0.00"
"A08011-6","616","Small Print - Whisper","","Small Print - Whisper","2","25.00","10.87","0.00"
"A08007-6","617","Small Print - A Moose and Goose","","Small Print - A Moose and Goose","4","25.00","10.87","0.00"
"A10012-6","618","Small Print - Sky Sisters","","Small Print - Sky Sisters","10","25.00","10.87","0.00"
"A10004-6","619","Small Print - Merging Earth and Sky","","Small Print - Merging Earth and Sky","1","25.00","10.87","0.00"
"A08013-POD2584","621","Matted Print - New Day","","Matted Print - New Day","2","20.00","7.50","0.00"
"A08045-20084","622","Matted Print - Patience","","Matted Print - Patience","2","20.00","7.50","0.00"
"A01029-6","623","Small Print - Birth of an Eagle Shadow","","Small Print - Birth of an Eagle Shadow","7","25.00","10.87","0.00"
"A08019-6","624","Small Print - Unity","","Small Print - Unity","0","25.00","10.87","0.00"
"A09006-6","625","Small Print - River Keeper","","Small Print - River Keeper","42","25.00","10.87","0.00"
"A04015-6","626","Small Print - Rebirth","","Small Print - Rebirth","1","25.00","10.87","0.00"
"A04039-6","627","Small Print - Nostalgia","","Small Print - Nostalgia","16","25.00","10.87","0.00"
"A07020-6","628","Small Print - Journey to the Spirit World","","Small Print - Journey to the Spirit World","11","25.00","10.87","0.00"
"W12024-6","630","Small Print - Breath of Life","","Small Print - Breath of Life","74","25.00","10.87","0.00"
"W12017-6","631","Small Print - Synchronicity","","Small Print - Synchronicity","67","25.00","10.87","0.00"
"W12008-6","632","Small Print - Winter Wolves","","Small Print - Winter Wolves","30","25.00","10.87","0.00"
"W12001-6","633","Small Print - Dialogue","","Small Print - Dialogue","9","25.00","10.87","0.00"
"W12014-6","634","Small Print - Gate of Silk","","Small Print - Gate of Silk","10","25.00","10.87","0.00"
"W12005-6","635","Small Print - Earth Keeper","","Small Print - Earth Keeper","42","25.00","10.87","0.00"
"W12016-6","636","Small Print - Going Home","","Small Print - Going Home","11","25.00","10.87","0.00"
"W12018-6","638","Small Print - Early Evening Flowing Into Fall","","Small Print - Early Evening Flowing Into Fall","15","25.00","10.87","0.00"
"A00048-6","640","Small Print - The Protector","","Small Print - The Protector","9","25.00","10.87","0.00"
"A01003-6","641","Small Print - Sky Girl","","Small Print - Sky Girl","10","25.00","10.87","0.00"
"A04060-6","642","Small Print - Passing Through","","Small Print - Passing Through","5","25.00","10.87","0.00"
"A09054-6","643","Small print - Tranquility","","Small print - Tranquility","8","25.00","10.87","0.00"
"A16055-6","644","Small Print - Abundance","","Small Print - Abundance","14","25.00","10.87","0.00"
"A13041-6","645","Small Print - Lapinx","","Small Print - Lapinx","17","25.00","10.87","0.00"
"A10044-6","646","Small Print - Returning","","Small Print - Returning","7","25.00","10.87","0.00"
"A13056-6","647","Small print - Otherness","","Small print - Otherness","12","25.00","10.87","0.00"
"A13057-6","648","Small Print - Origins","","Small Print - Origins","11","25.00","10.87","0.00"
"A16051-POD2566","649","Matted Print - Northern Keepers","","Matted Print - Northern Keepers","0","20.00","7.50","0.00"
"A16058-6","651","Small Print - Silent Seekers","","Small Print - Silent Seekers","11","25.00","10.87","0.00"
"A16059-6","652","Small Print - Wisdom Keepers","","Small Print - Wisdom Keepers","2","25.00","10.87","0.00"
"A95053-6","653","Small Print - Messenger","","Small Print - Messenger","7","25.00","10.87","0.00"
"A14051-POD2554","654","Matted Print - Gezaluwejit","","Matted Print - Gezaluwejit","1","20.00","7.50","0.00"
"W13026-6","655","Small Print - In Her World","","Small Print - In Her World","15","25.00","10.87","0.00"
"A12050-6","658","Small Print - Ice Dream","","Small Print - Ice Dream","1","25.00","10.87","0.00"
"W13027-6","659","Small Print - Playing With Shadows","","Small Print - Playing With Shadows","15","25.00","10.87","0.00"
"A13053-6","660","Small Print - Roots Of Another World","","Small Print - Roots Of Another World","10","25.00","10.87","0.00"
"A01038-6","661","Small Print - Harmony","","Small Print - Harmony","52","25.00","10.87","0.00"
"W13023-6","664","Small Print - Water and Spirit Buffalo","","Small Print - Water and Spirit Buffalo","14","25.00","10.87","0.00"
"A01030-2","665","Ltd Edition - Eagle Moon","1593","Frame Options - Without frame ","2","170.00","0.00","70.73"
"A01030-2","665","Ltd Edition - Eagle Moon","1594","Frame Options - Black rustic frame 1""","0","335.00","0.00","0.00"
"A01030-2","665","Ltd Edition - Eagle Moon","1595","Frame Options - Brown rustic frame 1""","0","335.00","0.00","0.00"
"A01030-2","665","Ltd Edition - Eagle Moon","1596","Frame Options - Grey rustic frame 1""","0","335.00","0.00","0.00"
"A01031-2","667","Ltd Edition - Honoring the Giver of Life","1601","Frame Options - Without frame ","2","170.00","0.00","70.73"
"A01031-2","667","Ltd Edition - Honoring the Giver of Life","1602","Frame Options - Black rustic frame 1""","0","335.00","0.00","0.00"
"A01031-2","667","Ltd Edition - Honoring the Giver of Life","1603","Frame Options - Brown rustic frame 1""","0","335.00","0.00","0.00"
"A01031-2","667","Ltd Edition - Honoring the Giver of Life","1604","Frame Options - Grey rustic frame 1""","0","335.00","0.00","0.00"
"A01032-2","668","Ltd Edition - Moon Wisdom","1605","Frame Options - Without frame ","2","170.00","0.00","74.00"
"A01032-2","668","Ltd Edition - Moon Wisdom","1606","Frame Options - Brown rustic frame 1""","0","335.00","0.00","0.00"
"A01032-2","668","Ltd Edition - Moon Wisdom","1607","Frame Options - Black rustic frame 1""","0","335.00","0.00","0.00"
"A01032-2","668","Ltd Edition - Moon Wisdom","1608","Frame Options - Grey rustic frame 1""","0","335.00","0.00","0.00"
"A01033-2","669","Ltd Edition - New Fire","1609","Frame Options - Without frame ","1","170.00","0.00","74.00"
"A01033-2","669","Ltd Edition - New Fire","1610","Frame Options - Black rustic frame 1""","0","335.00","0.00","0.00"
"A01033-2","669","Ltd Edition - New Fire","1611","Frame Options - Brown rustic frame 1""","0","335.00","0.00","0.00"
"A01033-2","669","Ltd Edition - New Fire","1612","Frame Options - Grey rustic frame 1""","0","335.00","0.00","0.00"
"A01036-2","670","Ltd Edition - Teachings","1613","Frame Options - Without frame ","1","170.00","0.00","74.00"
"A01036-2","670","Ltd Edition - Teachings","1614","Frame Options - Black rustic frame 1""","0","335.00","0.00","0.00"
"A01036-2","670","Ltd Edition - Teachings","1615","Frame Options - Brown rustic frame 1""","0","335.00","0.00","0.00"
"A01036-2","670","Ltd Edition - Teachings","1616","Frame Options - Grey rustic frame 1""","0","335.00","0.00","0.00"
"A01034-2","672","Ltd Edition - Reaching Out","1617","Frame Options - Without frame ","2","170.00","0.00","74.00"
"A01034-2","672","Ltd Edition - Reaching Out","1618","Frame Options - Black rustic frame 1""","0","335.00","0.00","0.00"
"A01034-2","672","Ltd Edition - Reaching Out","1619","Frame Options - Brown rustic frame 1""","0","335.00","0.00","0.00"
"A01034-2","672","Ltd Edition - Reaching Out","1620","Frame Options - Grey rustic frame 1""","0","335.00","0.00","0.00"
"A08007-2","675","Ltd Edition - A Moose and Goose","1801","Frame Options - Without frame ","1","170.00","0.00","74.00"
"A08007-2","675","Ltd Edition - A Moose and Goose","1802","Frame Options - Black rustic frame 1""","0","335.00","0.00","0.00"
"A08007-2","675","Ltd Edition - A Moose and Goose","1803","Frame Options - Brown rustic frame 1""","0","335.00","0.00","0.00"
"A08007-2","675","Ltd Edition - A Moose and Goose","1804","Frame Options - Grey rustic frame 1""","0","335.00","0.00","0.00"
"A10046-2","678","Ltd Edition - Geese Spirit","1725","Frame Options - Without frame ","2","170.00","0.00","74.00"
"A10046-2","678","Ltd Edition - Geese Spirit","1726","Frame Options - Black rustic frame 1""","0","335.00","0.00","0.00"
"A10046-2","678","Ltd Edition - Geese Spirit","1727","Frame Options - Brown rustic frame 1""","0","335.00","0.00","0.00"
"A10046-2","678","Ltd Edition - Geese Spirit","1728","Frame Options - Grey rustic frame 1""","0","335.00","0.00","0.00"
"A08045-2","680","Ltd Edition - Patience","1889","Frame Options - Without frame ","4","140.00","0.00","62.70"
"A08045-2","680","Ltd Edition - Patience","1890","Frame Options - Black rustic frame 1""","0","305.00","0.00","0.00"
"A08045-2","680","Ltd Edition - Patience","1891","Frame Options - Brown rustic frame 1""","0","305.00","0.00","0.00"
"A08045-2","680","Ltd Edition - Patience","1892","Frame Options - Grey rustic frame 1""","0","305.00","0.00","0.00"
"A08019-2","682","Ltd Edition - Unity","1805","Frame Options - Without frame ","2","170.00","0.00","70.73"
"A08019-2","682","Ltd Edition - Unity","1806","Frame Options - Black rustic frame 1""","0","335.00","0.00","0.00"
"A08019-2","682","Ltd Edition - Unity","1807","Frame Options - Brown rustic frame 1""","0","335.00","0.00","0.00"
"A08019-2","682","Ltd Edition - Unity","1808","Frame Options - Grey rustic frame 1""","0","335.00","0.00","0.00"
"A09006-2","683","Ltd Edition - River Keeper","1909","Frame Options - Without frame ","2","155.00","0.00","67.30"
"A09006-2","683","Ltd Edition - River Keeper","1910","Frame Options - Black rustic frame 1""","0","320.00","0.00","0.00"
"A09006-2","683","Ltd Edition - River Keeper","1911","Frame Options - Brown rustic frame 1""","0","320.00","0.00","0.00"
"A09006-2","683","Ltd Edition - River Keeper","1912","Frame Options - Grey rustic frame 1""","0","320.00","0.00","0.00"
"A04015-2","684","Ltd Edition - Rebirth","1809","Frame Options - Without frame ","2","170.00","0.00","74.00"
"A04015-2","684","Ltd Edition - Rebirth","1810","Frame Options - Black rustic frame 1""","0","335.00","0.00","0.00"
"A04015-2","684","Ltd Edition - Rebirth","1811","Frame Options - Brown rustic frame 1""","0","335.00","0.00","0.00"
"A04015-2","684","Ltd Edition - Rebirth","1812","Frame Options - Grey rustic frame 1""","0","335.00","0.00","0.00"
"A04039-2","685","Ltd Edition - Nostalgia","1813","Frame Options - Without frame ","3","170.00","0.00","74.00"
"A04039-2","685","Ltd Edition - Nostalgia","1814","Frame Options - Black rustic frame 1""","0","335.00","0.00","0.00"
"A04039-2","685","Ltd Edition - Nostalgia","1815","Frame Options - Grey rustic frame 1""","0","335.00","0.00","0.00"
"A04039-2","685","Ltd Edition - Nostalgia","1816","Frame Options - Brown rustic frame 1""","0","335.00","0.00","0.00"
"W13025-2","687","Ltd Edition - Passage","1625","Frame Options - Without frame ","1","170.00","0.00","74.00"
"W13025-2","687","Ltd Edition - Passage","1626","Frame Options - Black rustic frame 1""","0","335.00","0.00","0.00"
"W13025-2","687","Ltd Edition - Passage","1627","Frame Options - Brown rustic frame 1""","0","335.00","0.00","0.00"
"W13025-2","687","Ltd Edition - Passage","1628","Frame Options - Grey rustic frame 1""","0","335.00","0.00","0.00"
"W12024-2","688","Ltd Edition - Breath of life","1729","Frame Options - Without frame ","2","170.00","0.00","74.00"
"W12024-2","688","Ltd Edition - Breath of life","1730","Frame Options - Black rustic frame 1""","0","335.00","0.00","0.00"
"W12024-2","688","Ltd Edition - Breath of life","1731","Frame Options - Brown rustic frame 1""","0","335.00","0.00","0.00"
"W12024-2","688","Ltd Edition - Breath of life","1732","Frame Options - Grey rustic frame 1""","0","335.00","0.00","0.00"
"W12017-2","689","Ltd Edition - Synchronicity","1629","Frame Options - Without frame ","3","170.00","0.00","70.73"
"W12017-2","689","Ltd Edition - Synchronicity","1630","Frame Options - Black rustic frame 1""","0","335.00","0.00","0.00"
"W12017-2","689","Ltd Edition - Synchronicity","1631","Frame Options - Grey rustic frame 1""","0","335.00","0.00","0.00"
"W12017-2","689","Ltd Edition - Synchronicity","1632","Frame Options - Brown rustic frame 1""","0","335.00","0.00","0.00"
"W12008-2","690","Ltd Edition - Winter wolves","1733","Frame Options - Without frame ","2","170.00","0.00","70.73"
"W12008-2","690","Ltd Edition - Winter wolves","1734","Frame Options - Black rustic frame 1""","0","335.00","0.00","0.00"
"W12008-2","690","Ltd Edition - Winter wolves","1735","Frame Options - Brown rustic frame 1""","0","335.00","0.00","0.00"
"W12008-2","690","Ltd Edition - Winter wolves","1736","Frame Options - Grey rustic frame 1""","0","335.00","0.00","0.00"
"W12001-2","691","Ltd Edition - Dialogue","1873","Frame Options - Without frame ","2","135.00","0.00","60.85"
"W12001-2","691","Ltd Edition - Dialogue","1874","Frame Options - Black rustic frame 1""","0","305.00","0.00","0.00"
"W12001-2","691","Ltd Edition - Dialogue","1875","Frame Options - Brown rustic frame 1""","0","305.00","0.00","0.00"
"W12001-2","691","Ltd Edition - Dialogue","1876","Frame Options - Grey rustic frame 1""","0","305.00","0.00","0.00"
"W12014-2","692","Ltd Edition - Gate of Silk","1737","Frame Options - Without frame ","4","170.00","0.00","74.00"
"W12014-2","692","Ltd Edition - Gate of Silk","1738","Frame Options - Black rustic frame 1""","0","335.00","0.00","0.00"
"W12014-2","692","Ltd Edition - Gate of Silk","1739","Frame Options - Brown rustic frame 1""","0","335.00","0.00","0.00"
"W12014-2","692","Ltd Edition - Gate of Silk","1740","Frame Options - Grey rustic frame 1""","0","335.00","0.00","0.00"
"W12005-2","693","Ltd Edition - Earth Keeper","1633","Frame Options - Without frame ","3","170.00","0.00","74.00"
"W12005-2","693","Ltd Edition - Earth Keeper","1634","Frame Options - Black rustic frame 1""","0","335.00","0.00","0.00"
"W12005-2","693","Ltd Edition - Earth Keeper","1635","Frame Options - Brown rustic frame 1""","0","335.00","0.00","0.00"
"W12005-2","693","Ltd Edition - Earth Keeper","1636","Frame Options - Grey rustic frame 1""","0","335.00","0.00","0.00"
"W12016-2","694","Ltd Edition - Going Home","1637","Frame Options - Without frame ","2","170.00","0.00","74.00"
"W12016-2","694","Ltd Edition - Going Home","1638","Frame Options - Black rustic frame 1""","0","335.00","0.00","0.00"
"W12016-2","694","Ltd Edition - Going Home","1639","Frame Options - Brown rustic frame 1""","0","335.00","0.00","0.00"
"W12016-2","694","Ltd Edition - Going Home","1640","Frame Options - Grey rustic frame 1""","0","335.00","0.00","0.00"
"W12018-2","696","Ltd Edition - Early Evening Flowing into Fall","1741","Frame Options - Without frame ","2","170.00","0.00","74.00"
"W12018-2","696","Ltd Edition - Early Evening Flowing into Fall","1742","Frame Options - Black rustic frame 1""","0","335.00","0.00","0.00"
"W12018-2","696","Ltd Edition - Early Evening Flowing into Fall","1743","Frame Options - Brown rustic frame 1""","0","335.00","0.00","0.00"
"W12018-2","696","Ltd Edition - Early Evening Flowing into Fall","1744","Frame Options - Grey rustic frame 1""","0","335.00","0.00","0.00"
"A00048-2","698","Ltd Edition - The Protector","1653","Frame Options - Without frame ","2","170.00","0.00","70.73"
"A00048-2","698","Ltd Edition - The Protector","1654","Frame Options - Black rustic frame 1""","0","335.00","0.00","0.00"
"A00048-2","698","Ltd Edition - The Protector","1655","Frame Options - Brown rustic frame 1""","0","335.00","0.00","0.00"
"A00048-2","698","Ltd Edition - The Protector","1656","Frame Options - Grey rustic frame 1""","0","335.00","0.00","0.00"
"A01003-2","699","Ltd Edition - Sky Girl","1641","Frame Options - Without frame ","3","170.00","0.00","70.73"
"A01003-2","699","Ltd Edition - Sky Girl","1642","Frame Options - Black rustic frame 1""","0","335.00","0.00","0.00"
"A01003-2","699","Ltd Edition - Sky Girl","1643","Frame Options - Brown rustic frame 1""","0","335.00","0.00","0.00"
"A01003-2","699","Ltd Edition - Sky Girl","1644","Frame Options - Grey rustic frame 1""","0","335.00","0.00","0.00"
"A04060-2","700","Ltd Edition - Passing Through","1817","Frame Options - Without frame ","1","170.00","0.00","74.00"
"A04060-2","700","Ltd Edition - Passing Through","1818","Frame Options - Black rustic frame 1""","0","335.00","0.00","0.00"
"A04060-2","700","Ltd Edition - Passing Through","1819","Frame Options - Brown rustic frame 1""","0","335.00","0.00","0.00"
"A04060-2","700","Ltd Edition - Passing Through","1820","Frame Options - Grey rustic frame 1""","0","335.00","0.00","0.00"
"A09054-2","701","Ltd Edition - Tranquility","1645","Frame Options - Without frame ","2","170.00","0.00","70.73"
"A09054-2","701","Ltd Edition - Tranquility","1646","Frame Options - Black rustic frame 1""","0","335.00","0.00","0.00"
"A09054-2","701","Ltd Edition - Tranquility","1647","Frame Options - Brown rustic frame 1""","0","335.00","0.00","0.00"
"A09054-2","701","Ltd Edition - Tranquility","1648","Frame Options - Grey rustic frame 1""","0","335.00","0.00","0.00"
"A16055-2","702","Ltd Edition - Abundance","1649","Frame Options - Without frame ","2","170.00","0.00","74.00"
"A16055-2","702","Ltd Edition - Abundance","1650","Frame Options - Brown rustic frame 1""","0","335.00","0.00","0.00"
"A16055-2","702","Ltd Edition - Abundance","1651","Frame Options - Black rustic frame 1""","0","335.00","0.00","0.00"
"A16055-2","702","Ltd Edition - Abundance","1652","Frame Options - Grey rustic frame 1""","0","335.00","0.00","0.00"
"A13041-2","703","Ltd Edition - Lapinx","1918","Frame Options - Black rustic frame 1""","0","320.00","0.00","0.00"
"A13041-2","703","Ltd Edition - Lapinx","1919","Frame Options - Brown rustic frame 1""","0","320.00","0.00","0.00"
"A13041-2","703","Ltd Edition - Lapinx","1920","Frame Options - Grey rustic frame 1""","0","320.00","0.00","0.00"
"A13041-2","703","Ltd Edition - Lapinx","11347","Frame Options - Without frame 4.5"" x 13.25""","0","155.00","0.00","0.00"
"A13041-2","703","Ltd Edition - Lapinx","11348","Frame Options - Without frame 6"" x 18""","3","170.00","0.00","74.00"
"A13056-2","705","Ltd Edition - Otherness","1877","Frame Options - Without frame ","2","140.00","0.00","62.70"
"A13056-2","705","Ltd Edition - Otherness","1878","Frame Options - Black rustic frame 1""","0","305.00","0.00","0.00"
"A13056-2","705","Ltd Edition - Otherness","1879","Frame Options - Brown rustic frame 1""","0","305.00","0.00","0.00"
"A13056-2","705","Ltd Edition - Otherness","1880","Frame Options - Grey rustic frame 1""","0","305.00","0.00","0.00"
"A13057-2","706","Ltd Edition - Origins","1821","Frame Options - Without frame ","1","170.00","0.00","74.00"
"A13057-2","706","Ltd Edition - Origins","1822","Frame Options - Black rustic frame 1""","0","335.00","0.00","0.00"
"A13057-2","706","Ltd Edition - Origins","1823","Frame Options - Brown rustic frame 1""","0","335.00","0.00","0.00"
"A13057-2","706","Ltd Edition - Origins","1824","Frame Options - Grey rustic frame 1""","0","335.00","0.00","0.00"
"A16051-2","707","Ltd Edition - Northern Keepers","1521","Frame Options - Without frame ","1","170.00","0.00","74.00"
"A16051-2","707","Ltd Edition - Northern Keepers","1522","Frame Options - Black rustic frame 1""","0","335.00","0.00","0.00"
"A16051-2","707","Ltd Edition - Northern Keepers","1523","Frame Options - Brown rustic frame 1""","0","335.00","0.00","0.00"
"A16051-2","707","Ltd Edition - Northern Keepers","1524","Frame Options - Grey rustic frame 1""","0","335.00","0.00","0.00"
"A16058-2","709","Ltd Edition - Silent Seekers","1881","Frame Options - Without frame ","1","140.00","0.00","62.70"
"A16058-2","709","Ltd Edition - Silent Seekers","1882","Frame Options - Black rustic frame 1""","0","305.00","0.00","0.00"
"A16058-2","709","Ltd Edition - Silent Seekers","1883","Frame Options - Brown rustic frame 1""","0","305.00","0.00","0.00"
"A16058-2","709","Ltd Edition - Silent Seekers","1884","Frame Options - Grey rustic frame 1""","0","305.00","0.00","0.00"
"A16059-2","710","Ltd Edition - Wisdom Keepers","1885","Frame Options - Without frame ","0","140.00","0.00","62.70"
"A16059-2","710","Ltd Edition - Wisdom Keepers","1886","Frame Options - Black rustic frame 1""","0","305.00","0.00","0.00"
"A16059-2","710","Ltd Edition - Wisdom Keepers","1887","Frame Options - Brown rustic frame 1""","0","305.00","0.00","0.00"
"A16059-2","710","Ltd Edition - Wisdom Keepers","1888","Frame Options - Grey rustic frame 1""","0","305.00","0.00","0.00"
"A95053-2","711","Ltd Edition - Messenger","1893","Frame Options - Without frame ","3","140.00","0.00","62.70"
"A95053-2","711","Ltd Edition - Messenger","1894","Frame Options - Black rustic frame 1""","0","305.00","0.00","0.00"
"A95053-2","711","Ltd Edition - Messenger","1895","Frame Options - Brown rustic frame 1""","0","305.00","0.00","0.00"
"A95053-2","711","Ltd Edition - Messenger","1896","Frame Options - Grey rustic frame 1""","0","305.00","0.00","0.00"
"A14051-2","712","Ltd Edition - Gezaluwejit","1529","Frame Options - Without frame ","2","170.00","0.00","74.00"
"A14051-2","712","Ltd Edition - Gezaluwejit","1530","Frame Options - Black rustic frame 1""","0","335.00","0.00","0.00"
"A14051-2","712","Ltd Edition - Gezaluwejit","1531","Frame Options - Brown rustic frame 1""","0","335.00","0.00","0.00"
"A14051-2","712","Ltd Edition - Gezaluwejit","1532","Frame Options - Grey rustic frame 1""","0","335.00","0.00","0.00"
"W13047-2","714","Ltd Edition - Inner Memories","1753","Frame Options - Without frame ","4","170.00","0.00","74.00"
"W13047-2","714","Ltd Edition - Inner Memories","1754","Frame Options - Black rustic frame 1""","0","335.00","0.00","0.00"
"W13047-2","714","Ltd Edition - Inner Memories","1755","Frame Options - Brown rustic frame 1""","0","335.00","0.00","0.00"
"W13047-2","714","Ltd Edition - Inner Memories","1756","Frame Options - Grey rustic frame 1""","0","335.00","0.00","0.00"
"A12050-2","716","Ltd Edition - Ice Dream","1757","Frame Options - Without frame ","3","170.00","0.00","74.00"
"A12050-2","716","Ltd Edition - Ice Dream","1758","Frame Options - Black rustic frame 1""","0","335.00","0.00","0.00"
"A12050-2","716","Ltd Edition - Ice Dream","1759","Frame Options - Brown rustic frame 1""","0","335.00","0.00","0.00"
"A12050-2","716","Ltd Edition - Ice Dream","1760","Frame Options - Grey rustic frame 1""","0","335.00","0.00","0.00"
"A13053-2","718","Ltd Edition - Roots Of Another World","1765","Frame Options - Without frame ","1","170.00","0.00","70.73"
"A13053-2","718","Ltd Edition - Roots Of Another World","1766","Frame Options - Black rustic frame 1""","0","335.00","0.00","0.00"
"A13053-2","718","Ltd Edition - Roots Of Another World","1767","Frame Options - Brown rustic frame 1""","0","335.00","0.00","0.00"
"A13053-2","718","Ltd Edition - Roots Of Another World","1768","Frame Options - Grey rustic frame 1""","0","335.00","0.00","0.00"
"A01038-2","719","Ltd Edition - Harmony","1930","Frame Options - Without frame ","1","170.00","0.00","70.73"
"A01038-2","719","Ltd Edition - Harmony","1931","Frame Options - Black rustic frame 1""","0","335.00","0.00","0.00"
"A01038-2","719","Ltd Edition - Harmony","1932","Frame Options - Brown rustic frame 1""","0","335.00","0.00","0.00"
"A01038-2","719","Ltd Edition - Harmony","1933","Frame Options - Grey rustic frame 1""","0","335.00","0.00","0.00"
"A13042-2","721","Ltd Edition - Carried Away","1897","Frame Options - Without frame ","1","140.00","0.00","62.70"
"A13042-2","721","Ltd Edition - Carried Away","1898","Frame Options - Black rustic frame 1""","0","305.00","0.00","0.00"
"A13042-2","721","Ltd Edition - Carried Away","1899","Frame Options - Brown rustic frame 1""","0","305.00","0.00","0.00"
"A13042-2","721","Ltd Edition - Carried Away","1900","Frame Options - Grey rustic frame 1""","0","305.00","0.00","0.00"
"W13023-2","722","Ltd Edition - Water and Spirit Buffalo","1769","Frame Options - Without frame ","1","170.00","0.00","70.73"
"W13023-2","722","Ltd Edition - Water and Spirit Buffalo","1770","Frame Options - Black rustic frame 1""","0","335.00","0.00","0.00"
"W13023-2","722","Ltd Edition - Water and Spirit Buffalo","1771","Frame Options - Brown rustic frame 1""","0","335.00","0.00","0.00"
"W13023-2","722","Ltd Edition - Water and Spirit Buffalo","1772","Frame Options - Grey rustic frame 1""","0","335.00","0.00","0.00"
"A01031-1","725","Canvas - Honoring the Giver of Life","1589","Frame Options - Without frame ","1","295.00","0.00","0.00"
"A01031-1","725","Canvas - Honoring the Giver of Life","1590","Frame Options - Wood floater frame black","0","395.00","0.00","0.00"
"A01031-1","725","Canvas - Honoring the Giver of Life","1591","Frame Options - Wood floater frame brown","0","395.00","0.00","0.00"
"A01031-1","725","Canvas - Honoring the Giver of Life","1592","Frame Options - Wood floater frame pewter","0","395.00","0.00","0.00"
"A08007-1","733","Canvas - A Moose and Goose","1777","Frame Options - Without frame ","1","190.00","0.00","0.00"
"A08007-1","733","Canvas - A Moose and Goose","1778","Frame Options - Wood floater frame black","0","290.00","0.00","0.00"
"A08007-1","733","Canvas - A Moose and Goose","1779","Frame Options - Wood floater frame brown","0","290.00","0.00","0.00"
"A08007-1","733","Canvas - A Moose and Goose","1780","Frame Options - Wood floater frame pewter","0","290.00","0.00","0.00"
"A10046-1","736","Canvas - Geese Spirit","1665","Frame Options - Without frame ","0","295.00","0.00","84.27"
"A10046-1","736","Canvas - Geese Spirit","1666","Frame Options - Wood floater frame black","0","395.00","0.00","0.00"
"A10046-1","736","Canvas - Geese Spirit","1667","Frame Options - Wood floater frame brown","0","395.00","0.00","0.00"
"A10046-1","736","Canvas - Geese Spirit","1668","Frame Options - Wood floater frame pewter","0","395.00","0.00","0.00"
"A08013-1","737","Canvas - New Day","1561","Frame Options - Without frame ","1","295.00","0.00","0.00"
"A08013-1","737","Canvas - New Day","1562","Frame Options - Wood floater frame black","0","395.00","0.00","0.00"
"A08013-1","737","Canvas - New Day","1563","Frame Options - Wood floater frame brown","0","395.00","0.00","0.00"
"A08013-1","737","Canvas - New Day","1564","Frame Options - Wood floater frame pewter","0","395.00","0.00","0.00"
"A08045-1","738","Canvas - Patience","1837","Frame Options - Without frame ","1","225.00","0.00","0.00"
"A08045-1","738","Canvas - Patience","1838","Frame Options - Wood floater frame black","0","325.00","0.00","0.00"
"A08045-1","738","Canvas - Patience","1839","Frame Options - Wood floater frame brown","0","325.00","0.00","0.00"
"A08045-1","738","Canvas - Patience","1840","Frame Options - Wood floater frame pewter","0","325.00","0.00","0.00"
"A08019-1","740","Canvas - Unity","1781","Frame Options - Without frame ","1","335.00","0.00","0.00"
"A08019-1","740","Canvas - Unity","1782","Frame Options - Wood floater frame black","0","435.00","0.00","0.00"
"A08019-1","740","Canvas - Unity","1783","Frame Options - Wood floater frame brown","0","435.00","0.00","0.00"
"A08019-1","740","Canvas - Unity","1784","Frame Options - Wood floater frame pewter","0","435.00","0.00","0.00"
"A09006-1","741","Canvas - River Keeper","1854","Frame Options - Wood floater frame black","0","495.00","0.00","0.00"
"A09006-1","741","Canvas - River Keeper","1855","Frame Options - Wood floater frame brown","0","495.00","0.00","0.00"
"A09006-1","741","Canvas - River Keeper","1856","Frame Options - Wood floater frame pewter","0","495.00","0.00","0.00"
"A09006-1","741","Canvas - River Keeper","8134","Frame Options - Without frame 15"" x 24""","1","315.00","0.00","0.00"
"A09006-1","741","Canvas - River Keeper","8135","Frame Options - Without frame 30"" x 48""","0","695.00","0.00","0.00"
