"Product name","Reference code","Product ID","Combinations (Attribute - value pair)","Product Combinations ID","Pre-tax wholesale price","Pre-tax retail price","Retail price with tax","Quantity"
"Card - Eagle Moon","A01030-7","14","Carte - Lune de l'Aigle","","2.50","5.50","6.32","121"
"Card - Giving Thanks","A01028-POD2555","17","Carte - Rendre Grâce","","2.75","6.35","7.30","3"
"Card - Honoring the Giver of Life","A01031","20","Carte - Hommage à la Source de Vie","","2.50","5.50","6.32","184"
"Card - Moon Wisdom","A01032-7","23","Carte - Sagesse de la Lune","","2.50","5.50","6.32","63"
"Card - Teachings","A01036-7","30","Carte - Le Chant du Tambour","","2.50","5.50","6.32","28"
"Card - Strength Within","A01035-7","34","Carte - La force Intérieur","","2.50","5.50","6.32","353"
"Card - Reaching Out","A01034-POD2570","35","Carte - Chaleur de Terre","","2.75","6.35","7.30","5"
"Card - Trust","A01037-7","40","Carte - La Confiance","","2.50","5.50","6.32","124"
"Card - Whisper","A08011-7","44","Carte - Murmure","","2.50","5.50","6.32","98"
"Card - A Moose and Goose","A08007-POD2548","47","Carte - Un Orignal et une Outarde","","2.75","6.35","7.30","13"
"Card - Sky Sisters","A10012-POD2565","51","Carte - Nos Soeurs du Ciel","","2.75","6.35","7.30","15"
"Card - Merging Earth and Sky","A10004-7","54","Carte - Fusion Entre Terre et Ciel","","2.50","5.50","6.32","209"
"Card - Geese Spirit","A10046-7","58","Carte - L'Esprit de l'Outarde","","2.50","5.50","6.32","0"
"Card - New Day","A08013-POD2584","61","Carte - Nouveau Jour","","2.75","6.35","7.30","9"
"Card - Patience","A08045-20084","64","Carte - Patience","","2.75","6.35","7.30","10"
"Card - Birth of Eagle Shadow","A01029-POD2882","67","Carte - Naissance de l'Ombre de l'Aigle","","2.75","6.35","7.30","12"
"Card - Unity","A08019-POD2886","70","Carte - Union","","2.75","6.35","7.30","14"
"Card - River Keeper","A09006-POD2579","73","Carte - La Gardienne de l'Eau","","2.75","6.35","7.30","15"
"Card - Rebirth","A04015-20085","76","Carte - Renaissance","","2.75","6.35","7.30","23"
"Card - Nostalgia","A04039-7","79","Carte - Nostalgia","","2.50","5.50","6.32","0"
"Card - Passage","W13025-POD2569","85","Carte - Passage","","2.75","6.35","7.30","7"
"Card - Breath of Life","W12024-20076","88","Carte - Souffle de Vie","","2.75","6.35","7.30","0"
"Card - Winter Wolves","W12008-POD2581","95","Carte - Loups d'Hiver","","2.75","6.35","7.30","11"
"Card - Gate of Silk","W12014-7","101","Carte - Portail de Soie","","2.50","5.50","6.32","0"
"Card - Earth Keeper","W12005-POD2552","104","Carte - Gardienne de la Terre","","2.75","6.35","7.30","10"
"Card - Going Home","W12016-POD2556","107","Carte - Retour Chez Soi","","2.75","6.35","7.30","10"
"Card - Early Evening Flowing Into Fall","W12018-POD2551","113","Carte - Soirée Glissant Vers l'Automne","","2.75","6.35","7.30","9"
"Card - The Protector","A00048-7-POD2884","251","Carte - Le Protecteur","","2.75","6.35","7.30","14"
"Card - Sky Girl","A01003-POD2575","257","Carte - Fille du Ciel","","2.75","6.35","7.30","18"
"Card - Passing Through","A04060-20083","262","Carte - Traversée","","2.75","6.35","7.30","8"
"Card - Tranquility","A09054-20087","268","Carte - Tranquillité","","2.75","6.35","7.30","12"
"Card - The Return","A10044-POD2572","285","Carte - Le Retour","","2.75","6.35","7.30","19"
"Card - Otherness","A13056-POD2568","290","Carte - Altérité","","2.75","6.35","7.30","7"
"Card - Origins","A13057-POD2567","294","Carte - Origines","","2.75","6.35","7.30","7"
"Card - Northern Keepers","A16051-POD2566","299","Carte - Gardiens du Nord","","2.75","6.35","7.30","3"
"Card - Zenith","A16052-POD2586","304","Carte - Zénith","","2.75","6.35","7.30","20"
"Card - Silent Seekers","A16058-POD2574","309","Carte - En quête de silence","","2.75","6.35","7.30","8"
"Card - Wisdom Keepers","A16059-POD2582","313","Carte - Gardiens de la Sagesse","","2.75","6.35","7.30","0"
"Card - Messenger","A95053-20081","315","Carte - Messager","","2.75","6.35","7.30","16"
"Card - Gezaluwejit","A14051-POD2554","318","Carte - Gezaluwejit","","2.75","6.35","7.30","11"
"Card - In Her World","W13026-7","321","Carte - Dans Son Monde","","2.50","5.50","6.32","7"
"Card - Inner Memories","W13047-POD2560","324","Carte - Mémoires Ancestrales","","2.75","6.35","7.30","11"
"Card - Curiously","A11052-7","331","Carte - Curieusement","","2.50","5.50","6.32","0"
"Card - Ice Dream","A12050-POD2559","332","Carte - Rêve de Glace","","2.75","6.35","7.30","7"
"Card - Playing With Shadows","W13027-7","335","Carte - Jeux d'Ombres","","2.50","5.50","6.32","0"
"Card - Roots Of Another World","W13053-20086","338","Carte - Racines d'un Autre Monde","","2.75","6.35","7.30","12"
"Card - Harmony","A01038-7","341","Carte - Harmonie","","2.50","5.50","6.32","99"
"Card - Sharing","A01040-7","344","Carte - Partage","","2.50","5.50","6.32","230"
"Card - Carried Away","A13042-POD2549","347","Carte - Emportée","","2.75","6.35","7.30","0"
"Card - Water and Spirit Buffalo","W13023-POD2887","350","Carte - Eau et Esprit du Bison","","2.75","6.35","7.30","6"
"Small Print - Eagle Moon","A01030-6","607","Petite Repro - Lune de l'Aigle","","10.87","25.00","28.74","0"
"Matted Print - Giving Thanks","A01028-POD2555","608","Impression avec Passe-Partout - Rendre Grâce","","7.50","20.00","23.00","1"
"Small Print - Honoring the Giver of Life","A01031-6","609","Petite Repro - Hommage à la Source de Vie","","10.87","25.00","28.74","19"
"Small Print - Moon Wisdom","A01032-6","610","Petite Repro - Sagesse de la Lune","","10.87","25.00","28.74","73"
"Small Print - New Fire","A01033-6","611","Petite Repro - Nouveau Feu","","10.87","25.00","28.74","87"
"Small Print - Teachings","A01036-6","612","Petite Repro - Le Chant du Tambour","","10.87","25.00","28.74","94"
"Small Print - Trust","A01037-6","615","Petite Repro - La Confiance","","10.87","25.00","28.74","2"
"Small Print - Whisper","A08011-6","616","Petite Repro - Murmure","","10.87","25.00","28.74","0"
"Small Print - A Moose and Goose","A08007-6","617","Petite Repro - Un Orignal et une Outarde","","10.87","25.00","28.74","0"
"Small Print - Sky Sisters","A10012-6","618","Petite Repro - Nos Soeurs du Ciel","","10.87","25.00","28.74","1"
"Small Print - Merging Earth and Sky","A10004-6","619","Petite Repro - Fusion Entre Terre et Ciel","","10.87","25.00","28.74","0"
"Matted Print - New Day","A08013-POD2584","621","Impression avec Passe-Partout - Nouveau Jour","","7.50","20.00","23.00","0"
"Matted Print - Patience","A08045-20084","622","Impression avec Passe-Partout - Patience","","7.50","20.00","23.00","1"
"Small Print - Birth of an Eagle Shadow","A01029-6","623","Petite Repro - Naissance de l'Ombre de l'Aigle","","10.87","25.00","28.74","4"
"Small Print - Unity","A08019-6","624","Petite Repro - Union","","10.87","25.00","28.74","0"
"Small Print - River Keeper","A09006-6","625","Petite Repro - La Gardienne de l'Eau","","10.87","25.00","28.74","38"
"Small Print - Rebirth","A04015-6","626","Petite Repro - Renaissance","","10.87","25.00","28.74","0"
"Small Print - Nostalgia","A04039-6","627","Petite Repro - Nostalgia","","10.87","25.00","28.74","13"
"Small Print - Journey to the Spirit World","A07020-6","628","Petite Repro - Voyage Vers le Monde du Songe","","10.87","25.00","28.74","6"
"Small Print - Breath of Life","W12024-6","630","Petite Repro - Souffle de Vie","","10.87","25.00","28.74","71"
"Small Print - Synchronicity","W12017-6","631","Petite Repro - Synchronicité","","10.87","25.00","28.74","66"
"Small Print - Winter Wolves","W12008-6","632","Petite Repro - Loups d'Hiver","","10.87","25.00","28.74","24"
"Small Print - Dialogue","W12001-6","633","Petite Repro - Dialogue","","10.87","25.00","28.74","9"
"Small Print - Gate of Silk","W12014-6","634","Petite Repro - Portail de Soie","","10.87","25.00","28.74","6"
"Small Print - Earth Keeper","W12005-6","635","Petite Repro - Gardienne de la Terre","","10.87","25.00","28.74","42"
"Small Print - Going Home","W12016-6","636","Petite Repro - Retour Chez Soi","","10.87","25.00","28.74","9"
"Small Print - Early Evening Flowing Into Fall","W12018-6","638","Petite Repro - Soirée Glissant Vers l'Automne","","10.87","25.00","28.74","11"
"Small Print - The Protector","A00048-6","640","Petite Repro - Le Protecteur","","10.87","25.00","28.74","3"
"Small Print - Sky Girl","A01003-6","641","Petite Repro - Fille du Ciel","","10.87","25.00","28.74","7"
"Small Print - Passing Through","A04060-6","642","Petite Repro - Traversée","","10.87","25.00","28.74","0"
"Small print - Tranquility","A09054-6","643","Petite repro - Tranquillité","","10.87","25.00","28.74","5"
"Small Print - Abundance","A16055-6","644","Petite Repro - Abondance","","10.87","25.00","28.74","12"
"Small Print - Lapinx","A13041-6","645","Petite Repro - Lapinx","","10.87","25.00","28.74","14"
"Small Print - Returning","A10044-6","646","Petite Repro - Le Retour","","10.87","25.00","28.74","4"
"Small print - Otherness","A13056-6","647","Petite repro - Altérité","","10.87","25.00","28.74","12"
"Small Print - Origins","A13057-6","648","Petite Repro - Origines","","10.87","25.00","28.74","10"
"Matted Print - Northern Keepers","A16051-POD2566","649","Impression avec Passe-Partout - Gardiens du Nord","","7.50","20.00","23.00","1"
"Small Print - Silent Seekers","A16058-6","651","Petite Repro - En Quête de Silence","","10.87","25.00","28.74","9"
"Small Print - Wisdom Keepers","A16059-6","652","Petite Repro - Gardiens de la Sagesse","","10.87","25.00","28.74","0"
"Small Print - Messenger","A95053-6","653","Petite repro - Messager","","10.87","25.00","28.74","3"
"Matted Print - Gezaluwejit","A14051-POD2554","654","Impression avec Passe-Partout - Gezaluwejit","","7.50","20.00","23.00","3"
"Small Print - In Her World","W13026-6","655","Petite Repro - Dans son Monde","","10.87","25.00","28.74","15"
"Small Print - Ice Dream","A12050-6","658","Petite Repro - Rêve de Glace","","10.87","25.00","28.74","0"
"Small Print - Playing With Shadows","W13027-6","659","Petite Repro - Jeux d'Ombres","","10.87","25.00","28.74","15"
"Small Print - Roots Of Another World","A13053-6","660","Petite Repro - Racines d'un Autre Monde","","10.87","25.00","28.74","8"
"Small Print - Harmony","A01038-6","661","Petite Repro - Harmonie","","10.87","25.00","28.74","50"
"Small Print - Water and Spirit Buffalo","W13023-6","664","Petite Repro - Eau et Esprit du Bison","","10.87","25.00","28.74","11"
"Ltd Edition - Eagle Moon","A01030-2","665","Édition Ltée - Lune de l'Aigle : Options d'encadrement - Sans cadre","1593","0.00","0.00","0.00","2"
"Ltd Edition - Eagle Moon","A01030-2","665","Édition Ltée - Lune de l'Aigle : Options d'encadrement - Cadre rustique noir 1""","1594","0.00","0.00","0.00","0"
"Ltd Edition - Eagle Moon","A01030-2","665","Édition Ltée - Lune de l'Aigle : Options d'encadrement - Cadre rustique brun 1""","1595","0.00","0.00","0.00","0"
"Ltd Edition - Eagle Moon","A01030-2","665","Édition Ltée - Lune de l'Aigle : Options d'encadrement - Cadre rustique gris 1""","1596","0.00","0.00","0.00","0"
"Ltd Edition - Honoring the Giver of Life","A01031-2","667","Édition Ltée - Hommage à la Source de Vie : Options d'encadrement - Sans cadre","1601","0.00","0.00","0.00","2"
"Ltd Edition - Honoring the Giver of Life","A01031-2","667","Édition Ltée - Hommage à la Source de Vie : Options d'encadrement - Cadre rustique noir 1""","1602","0.00","0.00","0.00","0"
"Ltd Edition - Honoring the Giver of Life","A01031-2","667","Édition Ltée - Hommage à la Source de Vie : Options d'encadrement - Cadre rustique brun 1""","1603","0.00","0.00","0.00","0"
"Ltd Edition - Honoring the Giver of Life","A01031-2","667","Édition Ltée - Hommage à la Source de Vie : Options d'encadrement - Cadre rustique gris 1""","1604","0.00","0.00","0.00","0"
"Ltd Edition - Moon Wisdom","A01032-2","668","Édition Ltée - Sagesse de la Lune : Options d'encadrement - Sans cadre","1605","0.00","0.00","0.00","2"
"Ltd Edition - Moon Wisdom","A01032-2","668","Édition Ltée - Sagesse de la Lune : Options d'encadrement - Cadre rustique brun 1""","1606","0.00","0.00","0.00","0"
"Ltd Edition - Moon Wisdom","A01032-2","668","Édition Ltée - Sagesse de la Lune : Options d'encadrement - Cadre rustique noir 1""","1607","0.00","0.00","0.00","0"
"Ltd Edition - Moon Wisdom","A01032-2","668","Édition Ltée - Sagesse de la Lune : Options d'encadrement - Cadre rustique gris 1""","1608","0.00","0.00","0.00","0"
"Ltd Edition - New Fire","A01033-2","669","Édition Ltée - Nouveau Feu : Options d'encadrement - Sans cadre","1609","0.00","0.00","0.00","1"
"Ltd Edition - New Fire","A01033-2","669","Édition Ltée - Nouveau Feu : Options d'encadrement - Cadre rustique noir 1""","1610","0.00","0.00","0.00","0"
"Ltd Edition - New Fire","A01033-2","669","Édition Ltée - Nouveau Feu : Options d'encadrement - Cadre rustique brun 1""","1611","0.00","0.00","0.00","0"
"Ltd Edition - New Fire","A01033-2","669","Édition Ltée - Nouveau Feu : Options d'encadrement - Cadre rustique gris 1""","1612","0.00","0.00","0.00","0"
"Ltd Edition - Teachings","A01036-2","670","Édition Ltée - Le Chant du Tambour : Options d'encadrement - Sans cadre","1613","0.00","0.00","0.00","3"
"Ltd Edition - Teachings","A01036-2","670","Édition Ltée - Le Chant du Tambour : Options d'encadrement - Cadre rustique noir 1""","1614","0.00","0.00","0.00","0"
"Ltd Edition - Teachings","A01036-2","670","Édition Ltée - Le Chant du Tambour : Options d'encadrement - Cadre rustique brun 1""","1615","0.00","0.00","0.00","0"
"Ltd Edition - Teachings","A01036-2","670","Édition Ltée - Le Chant du Tambour : Options d'encadrement - Cadre rustique gris 1""","1616","0.00","0.00","0.00","0"
"Ltd Edition - Reaching Out","A01034-2","672","Édition Ltée - Chaleur de Terre : Options d'encadrement - Sans cadre","1617","0.00","0.00","0.00","1"
"Ltd Edition - Reaching Out","A01034-2","672","Édition Ltée - Chaleur de Terre : Options d'encadrement - Cadre rustique noir 1""","1618","0.00","0.00","0.00","0"
"Ltd Edition - Reaching Out","A01034-2","672","Édition Ltée - Chaleur de Terre : Options d'encadrement - Cadre rustique brun 1""","1619","0.00","0.00","0.00","0"
"Ltd Edition - Reaching Out","A01034-2","672","Édition Ltée - Chaleur de Terre : Options d'encadrement - Cadre rustique gris 1""","1620","0.00","0.00","0.00","0"
"Ltd Edition - A Moose and Goose","A08007-2","675","Édition Ltée - Un Orignal et une Outarde : Options d'encadrement - Sans cadre","1801","0.00","0.00","0.00","1"
"Ltd Edition - A Moose and Goose","A08007-2","675","Édition Ltée - Un Orignal et une Outarde : Options d'encadrement - Cadre rustique noir 1""","1802","0.00","0.00","0.00","0"
"Ltd Edition - A Moose and Goose","A08007-2","675","Édition Ltée - Un Orignal et une Outarde : Options d'encadrement - Cadre rustique brun 1""","1803","0.00","0.00","0.00","0"
"Ltd Edition - A Moose and Goose","A08007-2","675","Édition Ltée - Un Orignal et une Outarde : Options d'encadrement - Cadre rustique gris 1""","1804","0.00","0.00","0.00","0"
"Ltd Edition - Geese Spirit","A10046-2","678","Édition Ltée - L'Esprit de l'Outarde : Options d'encadrement - Sans cadre","1725","0.00","0.00","0.00","1"
"Ltd Edition - Geese Spirit","A10046-2","678","Édition Ltée - L'Esprit de l'Outarde : Options d'encadrement - Cadre rustique noir 1""","1726","0.00","0.00","0.00","0"
"Ltd Edition - Geese Spirit","A10046-2","678","Édition Ltée - L'Esprit de l'Outarde : Options d'encadrement - Cadre rustique brun 1""","1727","0.00","0.00","0.00","0"
"Ltd Edition - Geese Spirit","A10046-2","678","Édition Ltée - L'Esprit de l'Outarde : Options d'encadrement - Cadre rustique gris 1""","1728","0.00","0.00","0.00","0"
"Ltd Edition - Patience","A08045-2","680","Édition Ltée - Patience : Options d'encadrement - Sans cadre","1889","0.00","0.00","0.00","4"
"Ltd Edition - Patience","A08045-2","680","Édition Ltée - Patience : Options d'encadrement - Cadre rustique noir 1""","1890","0.00","0.00","0.00","0"
"Ltd Edition - Patience","A08045-2","680","Édition Ltée - Patience : Options d'encadrement - Cadre rustique brun 1""","1891","0.00","0.00","0.00","0"
"Ltd Edition - Patience","A08045-2","680","Édition Ltée - Patience : Options d'encadrement - Cadre rustique gris 1""","1892","0.00","0.00","0.00","0"
"Ltd Edition - Unity","A08019-2","682","Édition Ltée - Union : Options d'encadrement - Sans cadre","1805","0.00","0.00","0.00","2"
"Ltd Edition - Unity","A08019-2","682","Édition Ltée - Union : Options d'encadrement - Cadre rustique noir 1""","1806","0.00","0.00","0.00","0"
"Ltd Edition - Unity","A08019-2","682","Édition Ltée - Union : Options d'encadrement - Cadre rustique brun 1""","1807","0.00","0.00","0.00","0"
"Ltd Edition - Unity","A08019-2","682","Édition Ltée - Union : Options d'encadrement - Cadre rustique gris 1""","1808","0.00","0.00","0.00","0"
"Ltd Edition - River Keeper","A09006-2","683","Édition Ltée - La Gardienne de l'Eau : Options d'encadrement - Sans cadre","1909","0.00","0.00","0.00","2"
"Ltd Edition - River Keeper","A09006-2","683","Édition Ltée - La Gardienne de l'Eau : Options d'encadrement - Cadre rustique noir 1""","1910","0.00","0.00","0.00","0"
"Ltd Edition - River Keeper","A09006-2","683","Édition Ltée - La Gardienne de l'Eau : Options d'encadrement - Cadre rustique brun 1""","1911","0.00","0.00","0.00","0"
"Ltd Edition - River Keeper","A09006-2","683","Édition Ltée - La Gardienne de l'Eau : Options d'encadrement - Cadre rustique gris 1""","1912","0.00","0.00","0.00","0"
"Ltd Edition - Rebirth","A04015-2","684","Édition Ltée - Renaissance : Options d'encadrement - Sans cadre","1809","0.00","0.00","0.00","2"
"Ltd Edition - Rebirth","A04015-2","684","Édition Ltée - Renaissance : Options d'encadrement - Cadre rustique noir 1""","1810","0.00","0.00","0.00","0"
"Ltd Edition - Rebirth","A04015-2","684","Édition Ltée - Renaissance : Options d'encadrement - Cadre rustique brun 1""","1811","0.00","0.00","0.00","0"
"Ltd Edition - Rebirth","A04015-2","684","Édition Ltée - Renaissance : Options d'encadrement - Cadre rustique gris 1""","1812","0.00","0.00","0.00","0"
"Ltd Edition - Nostalgia","A04039-2","685","Édition Ltée - Nostalgia : Options d'encadrement - Sans cadre","1813","0.00","0.00","0.00","3"
"Ltd Edition - Nostalgia","A04039-2","685","Édition Ltée - Nostalgia : Options d'encadrement - Cadre rustique noir 1""","1814","0.00","0.00","0.00","0"
"Ltd Edition - Nostalgia","A04039-2","685","Édition Ltée - Nostalgia : Options d'encadrement - Cadre rustique gris 1""","1815","0.00","0.00","0.00","0"
"Ltd Edition - Nostalgia","A04039-2","685","Édition Ltée - Nostalgia : Options d'encadrement - Cadre rustique brun 1""","1816","0.00","0.00","0.00","0"
"Ltd Edition - Passage","W13025-2","687","Édition Ltée - Passage : Options d'encadrement - Sans cadre","1625","0.00","0.00","0.00","0"
"Ltd Edition - Passage","W13025-2","687","Édition Ltée - Passage : Options d'encadrement - Cadre rustique noir 1""","1626","0.00","0.00","0.00","0"
"Ltd Edition - Passage","W13025-2","687","Édition Ltée - Passage : Options d'encadrement - Cadre rustique brun 1""","1627","0.00","0.00","0.00","0"
"Ltd Edition - Passage","W13025-2","687","Édition Ltée - Passage : Options d'encadrement - Cadre rustique gris 1""","1628","0.00","0.00","0.00","0"
"Ltd Edition - Breath of life","W12024-2","688","Édition Ltée - Souffle de Vie : Options d'encadrement - Sans cadre","1729","0.00","0.00","0.00","1"
"Ltd Edition - Breath of life","W12024-2","688","Édition Ltée - Souffle de Vie : Options d'encadrement - Cadre rustique noir 1""","1730","0.00","0.00","0.00","0"
"Ltd Edition - Breath of life","W12024-2","688","Édition Ltée - Souffle de Vie : Options d'encadrement - Cadre rustique brun 1""","1731","0.00","0.00","0.00","0"
"Ltd Edition - Breath of life","W12024-2","688","Édition Ltée - Souffle de Vie : Options d'encadrement - Cadre rustique gris 1""","1732","0.00","0.00","0.00","0"
"Ltd Edition - Synchronicity","W12017-2","689","Édition Ltée - Synchronicité : Options d'encadrement - Sans cadre","1629","0.00","0.00","0.00","3"
"Ltd Edition - Synchronicity","W12017-2","689","Édition Ltée - Synchronicité : Options d'encadrement - Cadre rustique noir 1""","1630","0.00","0.00","0.00","0"
"Ltd Edition - Synchronicity","W12017-2","689","Édition Ltée - Synchronicité : Options d'encadrement - Cadre rustique gris 1""","1631","0.00","0.00","0.00","0"
"Ltd Edition - Synchronicity","W12017-2","689","Édition Ltée - Synchronicité : Options d'encadrement - Cadre rustique brun 1""","1632","0.00","0.00","0.00","0"
"Ltd Edition - Winter wolves","W12008-2","690","Édition Ltée - Loups d'Hiver : Options d'encadrement - Sans cadre","1733","0.00","0.00","0.00","0"
"Ltd Edition - Winter wolves","W12008-2","690","Édition Ltée - Loups d'Hiver : Options d'encadrement - Cadre rustique noir 1""","1734","0.00","0.00","0.00","0"
"Ltd Edition - Winter wolves","W12008-2","690","Édition Ltée - Loups d'Hiver : Options d'encadrement - Cadre rustique brun 1""","1735","0.00","0.00","0.00","0"
"Ltd Edition - Winter wolves","W12008-2","690","Édition Ltée - Loups d'Hiver : Options d'encadrement - Cadre rustique gris 1""","1736","0.00","0.00","0.00","0"
"Ltd Edition - Dialogue","W12001-2","691","Édition Ltée - Dialogue : Options d'encadrement - Sans cadre","1873","0.00","0.00","0.00","1"
"Ltd Edition - Dialogue","W12001-2","691","Édition Ltée - Dialogue : Options d'encadrement - Cadre rustique noir 1""","1874","0.00","0.00","0.00","0"
"Ltd Edition - Dialogue","W12001-2","691","Édition Ltée - Dialogue : Options d'encadrement - Cadre rustique brun 1""","1875","0.00","0.00","0.00","0"
"Ltd Edition - Dialogue","W12001-2","691","Édition Ltée - Dialogue : Options d'encadrement - Cadre rustique gris 1""","1876","0.00","0.00","0.00","0"
"Ltd Edition - Gate of Silk","W12014-2","692","Édition Ltée - Portail de Soie : Options d'encadrement - Sans cadre","1737","0.00","0.00","0.00","4"
"Ltd Edition - Gate of Silk","W12014-2","692","Édition Ltée - Portail de Soie : Options d'encadrement - Cadre rustique noir 1""","1738","0.00","0.00","0.00","0"
"Ltd Edition - Gate of Silk","W12014-2","692","Édition Ltée - Portail de Soie : Options d'encadrement - Cadre rustique brun 1""","1739","0.00","0.00","0.00","0"
"Ltd Edition - Gate of Silk","W12014-2","692","Édition Ltée - Portail de Soie : Options d'encadrement - Cadre rustique gris 1""","1740","0.00","0.00","0.00","0"
"Ltd Edition - Earth Keeper","W12005-2","693","Édition ltée - Gardienne de la Terre : Options d'encadrement - Sans cadre","1633","0.00","0.00","0.00","1"
"Ltd Edition - Earth Keeper","W12005-2","693","Édition ltée - Gardienne de la Terre : Options d'encadrement - Cadre rustique noir 1""","1634","0.00","0.00","0.00","0"
"Ltd Edition - Earth Keeper","W12005-2","693","Édition ltée - Gardienne de la Terre : Options d'encadrement - Cadre rustique brun 1""","1635","0.00","0.00","0.00","0"
"Ltd Edition - Earth Keeper","W12005-2","693","Édition ltée - Gardienne de la Terre : Options d'encadrement - Cadre rustique gris 1""","1636","0.00","0.00","0.00","0"
"Ltd Edition - Going Home","W12016-2","694","Édition Ltée - Retour chez Soi : Options d'encadrement - Sans cadre","1637","0.00","0.00","0.00","1"
"Ltd Edition - Going Home","W12016-2","694","Édition Ltée - Retour chez Soi : Options d'encadrement - Cadre rustique noir 1""","1638","0.00","0.00","0.00","0"
"Ltd Edition - Going Home","W12016-2","694","Édition Ltée - Retour chez Soi : Options d'encadrement - Cadre rustique brun 1""","1639","0.00","0.00","0.00","0"
"Ltd Edition - Going Home","W12016-2","694","Édition Ltée - Retour chez Soi : Options d'encadrement - Cadre rustique gris 1""","1640","0.00","0.00","0.00","0"
"Ltd Edition - Early Evening Flowing into Fall","W12018-2","696","Édition Ltée - Soirée Glissant vers l'Automne : Options d'encadrement - Sans cadre","1741","0.00","0.00","0.00","2"
"Ltd Edition - Early Evening Flowing into Fall","W12018-2","696","Édition Ltée - Soirée Glissant vers l'Automne : Options d'encadrement - Cadre rustique noir 1""","1742","0.00","0.00","0.00","0"
"Ltd Edition - Early Evening Flowing into Fall","W12018-2","696","Édition Ltée - Soirée Glissant vers l'Automne : Options d'encadrement - Cadre rustique brun 1""","1743","0.00","0.00","0.00","0"
"Ltd Edition - Early Evening Flowing into Fall","W12018-2","696","Édition Ltée - Soirée Glissant vers l'Automne : Options d'encadrement - Cadre rustique gris 1""","1744","0.00","0.00","0.00","0"
"Ltd Edition - The Protector","A00048-2","698","Édition Ltée - Le Protecteur : Options d'encadrement - Sans cadre","1653","0.00","0.00","0.00","2"
"Ltd Edition - The Protector","A00048-2","698","Édition Ltée - Le Protecteur : Options d'encadrement - Cadre rustique noir 1""","1654","0.00","0.00","0.00","0"
"Ltd Edition - The Protector","A00048-2","698","Édition Ltée - Le Protecteur : Options d'encadrement - Cadre rustique brun 1""","1655","0.00","0.00","0.00","0"
"Ltd Edition - The Protector","A00048-2","698","Édition Ltée - Le Protecteur : Options d'encadrement - Cadre rustique gris 1""","1656","0.00","0.00","0.00","0"
"Ltd Edition - Sky Girl","A01003-2","699","Édition Ltée - Fille du Ciel : Options d'encadrement - Sans cadre","1641","0.00","0.00","0.00","3"
"Ltd Edition - Sky Girl","A01003-2","699","Édition Ltée - Fille du Ciel : Options d'encadrement - Cadre rustique noir 1""","1642","0.00","0.00","0.00","0"
"Ltd Edition - Sky Girl","A01003-2","699","Édition Ltée - Fille du Ciel : Options d'encadrement - Cadre rustique brun 1""","1643","0.00","0.00","0.00","0"
"Ltd Edition - Sky Girl","A01003-2","699","Édition Ltée - Fille du Ciel : Options d'encadrement - Cadre rustique gris 1""","1644","0.00","0.00","0.00","0"
"Ltd Edition - Passing Through","A04060-2","700","Édition Ltée - Traversée : Options d'encadrement - Sans cadre","1817","0.00","0.00","0.00","1"
"Ltd Edition - Passing Through","A04060-2","700","Édition Ltée - Traversée : Options d'encadrement - Cadre rustique noir 1""","1818","0.00","0.00","0.00","0"
"Ltd Edition - Passing Through","A04060-2","700","Édition Ltée - Traversée : Options d'encadrement - Cadre rustique brun 1""","1819","0.00","0.00","0.00","0"
"Ltd Edition - Passing Through","A04060-2","700","Édition Ltée - Traversée : Options d'encadrement - Cadre rustique gris 1""","1820","0.00","0.00","0.00","0"
"Ltd Edition - Tranquility","A09054-2","701","Édition Ltée - Tranquillité : Options d'encadrement - Sans cadre","1645","0.00","0.00","0.00","2"
"Ltd Edition - Tranquility","A09054-2","701","Édition Ltée - Tranquillité : Options d'encadrement - Cadre rustique noir 1""","1646","0.00","0.00","0.00","0"
"Ltd Edition - Tranquility","A09054-2","701","Édition Ltée - Tranquillité : Options d'encadrement - Cadre rustique brun 1""","1647","0.00","0.00","0.00","0"
"Ltd Edition - Tranquility","A09054-2","701","Édition Ltée - Tranquillité : Options d'encadrement - Cadre rustique gris 1""","1648","0.00","0.00","0.00","0"
"Ltd Edition - Abundance","A16055-2","702","Édition Ltée - Abondance : Options d'encadrement - Sans cadre","1649","0.00","0.00","0.00","2"
"Ltd Edition - Abundance","A16055-2","702","Édition Ltée - Abondance : Options d'encadrement - Cadre rustique brun 1""","1650","0.00","0.00","0.00","0"
"Ltd Edition - Abundance","A16055-2","702","Édition Ltée - Abondance : Options d'encadrement - Cadre rustique noir 1""","1651","0.00","0.00","0.00","0"
"Ltd Edition - Abundance","A16055-2","702","Édition Ltée - Abondance : Options d'encadrement - Cadre rustique gris 1""","1652","0.00","0.00","0.00","0"
"Ltd Edition - Lapinx","A13041-2","703","Édition Ltée - Lapinx : Options d'encadrement - Cadre rustique noir 1""","1918","0.00","0.00","0.00","0"
"Ltd Edition - Lapinx","A13041-2","703","Édition Ltée - Lapinx : Options d'encadrement - Cadre rustique brun 1""","1919","0.00","0.00","0.00","0"
"Ltd Edition - Lapinx","A13041-2","703","Édition Ltée - Lapinx : Options d'encadrement - Cadre rustique gris 1""","1920","0.00","0.00","0.00","0"
"Ltd Edition - Lapinx","A13041-2","703","Édition Ltée - Lapinx : Options d'encadrement - Sans cadre 4.5"" x 13.25""","11347","0.00","0.00","0.00","2"
"Ltd Edition - Lapinx","A13041-2","703","Édition Ltée - Lapinx : Options d'encadrement - Sans cadre 6"" x 18""","11348","0.00","0.00","0.00","3"
"Ltd Edition - Otherness","A13056-2","705","Édition Ltée - Altérité : Options d'encadrement - Sans cadre","1877","0.00","0.00","0.00","2"
"Ltd Edition - Otherness","A13056-2","705","Édition Ltée - Altérité : Options d'encadrement - Cadre rustique noir 1""","1878","0.00","0.00","0.00","0"
"Ltd Edition - Otherness","A13056-2","705","Édition Ltée - Altérité : Options d'encadrement - Cadre rustique brun 1""","1879","0.00","0.00","0.00","0"
"Ltd Edition - Otherness","A13056-2","705","Édition Ltée - Altérité : Options d'encadrement - Cadre rustique gris 1""","1880","0.00","0.00","0.00","0"
"Ltd Edition - Origins","A13057-2","706","Édition Ltée - Origines : Options d'encadrement - Sans cadre","1821","0.00","0.00","0.00","1"
"Ltd Edition - Origins","A13057-2","706","Édition Ltée - Origines : Options d'encadrement - Cadre rustique noir 1""","1822","0.00","0.00","0.00","0"
"Ltd Edition - Origins","A13057-2","706","Édition Ltée - Origines : Options d'encadrement - Cadre rustique brun 1""","1823","0.00","0.00","0.00","0"
"Ltd Edition - Origins","A13057-2","706","Édition Ltée - Origines : Options d'encadrement - Cadre rustique gris 1""","1824","0.00","0.00","0.00","0"
"Ltd Edition - Northern Keepers","A16051-2","707","Édition Ltée - Gardiens du Nord : Options d'encadrement - Sans cadre","1521","0.00","0.00","0.00","0"
"Ltd Edition - Northern Keepers","A16051-2","707","Édition Ltée - Gardiens du Nord : Options d'encadrement - Cadre rustique noir 1""","1522","0.00","0.00","0.00","0"
"Ltd Edition - Northern Keepers","A16051-2","707","Édition Ltée - Gardiens du Nord : Options d'encadrement - Cadre rustique brun 1""","1523","0.00","0.00","0.00","0"
"Ltd Edition - Northern Keepers","A16051-2","707","Édition Ltée - Gardiens du Nord : Options d'encadrement - Cadre rustique gris 1""","1524","0.00","0.00","0.00","0"
"Ltd Edition - Silent Seekers","A16058-2","709","Édition Ltée - En Quête de Silence : Options d'encadrement - Sans cadre","1881","0.00","0.00","0.00","2"
"Ltd Edition - Silent Seekers","A16058-2","709","Édition Ltée - En Quête de Silence : Options d'encadrement - Cadre rustique noir 1""","1882","0.00","0.00","0.00","0"
"Ltd Edition - Silent Seekers","A16058-2","709","Édition Ltée - En Quête de Silence : Options d'encadrement - Cadre rustique brun 1""","1883","0.00","0.00","0.00","0"
"Ltd Edition - Silent Seekers","A16058-2","709","Édition Ltée - En Quête de Silence : Options d'encadrement - Cadre rustique gris 1""","1884","0.00","0.00","0.00","0"
"Ltd Edition - Wisdom Keepers","A16059-2","710","Édition Ltée - Gardiens de la Sagesse : Options d'encadrement - Sans cadre","1885","0.00","0.00","0.00","1"
"Ltd Edition - Wisdom Keepers","A16059-2","710","Édition Ltée - Gardiens de la Sagesse : Options d'encadrement - Cadre rustique noir 1""","1886","0.00","0.00","0.00","0"
"Ltd Edition - Wisdom Keepers","A16059-2","710","Édition Ltée - Gardiens de la Sagesse : Options d'encadrement - Cadre rustique brun 1""","1887","0.00","0.00","0.00","0"
"Ltd Edition - Wisdom Keepers","A16059-2","710","Édition Ltée - Gardiens de la Sagesse : Options d'encadrement - Cadre rustique gris 1""","1888","0.00","0.00","0.00","0"
"Ltd Edition - Messenger","A95053-2","711","Édition Ltée - Messager : Options d'encadrement - Sans cadre","1893","0.00","0.00","0.00","3"
"Ltd Edition - Messenger","A95053-2","711","Édition Ltée - Messager : Options d'encadrement - Cadre rustique noir 1""","1894","0.00","0.00","0.00","0"
"Ltd Edition - Messenger","A95053-2","711","Édition Ltée - Messager : Options d'encadrement - Cadre rustique brun 1""","1895","0.00","0.00","0.00","0"
"Ltd Edition - Messenger","A95053-2","711","Édition Ltée - Messager : Options d'encadrement - Cadre rustique gris 1""","1896","0.00","0.00","0.00","0"
"Ltd Edition - Gezaluwejit","A14051-2","712","Édition Ltée - Gezaluwejit : Options d'encadrement - Sans cadre","1529","0.00","0.00","0.00","2"
"Ltd Edition - Gezaluwejit","A14051-2","712","Édition Ltée - Gezaluwejit : Options d'encadrement - Cadre rustique noir 1""","1530","0.00","0.00","0.00","0"
"Ltd Edition - Gezaluwejit","A14051-2","712","Édition Ltée - Gezaluwejit : Options d'encadrement - Cadre rustique brun 1""","1531","0.00","0.00","0.00","0"
"Ltd Edition - Gezaluwejit","A14051-2","712","Édition Ltée - Gezaluwejit : Options d'encadrement - Cadre rustique gris 1""","1532","0.00","0.00","0.00","0"
"Ltd Edition - Inner Memories","W13047-2","714","Édition ltée - Mémoires Ancestrales : Options d'encadrement - Sans cadre","1753","0.00","0.00","0.00","4"
"Ltd Edition - Inner Memories","W13047-2","714","Édition ltée - Mémoires Ancestrales : Options d'encadrement - Cadre rustique noir 1""","1754","0.00","0.00","0.00","0"
"Ltd Edition - Inner Memories","W13047-2","714","Édition ltée - Mémoires Ancestrales : Options d'encadrement - Cadre rustique brun 1""","1755","0.00","0.00","0.00","0"
"Ltd Edition - Inner Memories","W13047-2","714","Édition ltée - Mémoires Ancestrales : Options d'encadrement - Cadre rustique gris 1""","1756","0.00","0.00","0.00","0"
"Ltd Edition - Ice Dream","A12050-2","716","Édition Ltée - Rêve de Glace : Options d'encadrement - Sans cadre","1757","0.00","0.00","0.00","3"
"Ltd Edition - Ice Dream","A12050-2","716","Édition Ltée - Rêve de Glace : Options d'encadrement - Cadre rustique noir 1""","1758","0.00","0.00","0.00","0"
"Ltd Edition - Ice Dream","A12050-2","716","Édition Ltée - Rêve de Glace : Options d'encadrement - Cadre rustique brun 1""","1759","0.00","0.00","0.00","0"
"Ltd Edition - Ice Dream","A12050-2","716","Édition Ltée - Rêve de Glace : Options d'encadrement - Cadre rustique gris 1""","1760","0.00","0.00","0.00","0"
"Ltd Edition - Roots Of Another World","A13053-2","718","Édition Ltée - Racines d'un Autre Monde : Options d'encadrement - Sans cadre","1765","0.00","0.00","0.00","1"
"Ltd Edition - Roots Of Another World","A13053-2","718","Édition Ltée - Racines d'un Autre Monde : Options d'encadrement - Cadre rustique noir 1""","1766","0.00","0.00","0.00","0"
"Ltd Edition - Roots Of Another World","A13053-2","718","Édition Ltée - Racines d'un Autre Monde : Options d'encadrement - Cadre rustique brun 1""","1767","0.00","0.00","0.00","0"
"Ltd Edition - Roots Of Another World","A13053-2","718","Édition Ltée - Racines d'un Autre Monde : Options d'encadrement - Cadre rustique gris 1""","1768","0.00","0.00","0.00","0"
"Ltd Edition - Harmony","A01038-2","719","Édition ltée - Harmonie : Options d'encadrement - Sans cadre","1930","0.00","0.00","0.00","2"
"Ltd Edition - Harmony","A01038-2","719","Édition ltée - Harmonie : Options d'encadrement - Cadre rustique noir 1""","1931","0.00","0.00","0.00","0"
"Ltd Edition - Harmony","A01038-2","719","Édition ltée - Harmonie : Options d'encadrement - Cadre rustique brun 1""","1932","0.00","0.00","0.00","0"
"Ltd Edition - Harmony","A01038-2","719","Édition ltée - Harmonie : Options d'encadrement - Cadre rustique gris 1""","1933","0.00","0.00","0.00","0"
"Ltd Edition - Carried Away","A13042-2","721","Édition Ltée - Emportée : Options d'encadrement - Sans cadre","1897","0.00","0.00","0.00","2"
"Ltd Edition - Carried Away","A13042-2","721","Édition Ltée - Emportée : Options d'encadrement - Cadre rustique noir 1""","1898","0.00","0.00","0.00","0"
"Ltd Edition - Carried Away","A13042-2","721","Édition Ltée - Emportée : Options d'encadrement - Cadre rustique brun 1""","1899","0.00","0.00","0.00","0"
"Ltd Edition - Carried Away","A13042-2","721","Édition Ltée - Emportée : Options d'encadrement - Cadre rustique gris 1""","1900","0.00","0.00","0.00","0"
"Ltd Edition - Water and Spirit Buffalo","W13023-2","722","Édition Ltée - Eau et Esprit du Bison : Options d'encadrement - Sans cadre","1769","0.00","0.00","0.00","1"
"Ltd Edition - Water and Spirit Buffalo","W13023-2","722","Édition Ltée - Eau et Esprit du Bison : Options d'encadrement - Cadre rustique noir 1""","1770","0.00","0.00","0.00","0"
"Ltd Edition - Water and Spirit Buffalo","W13023-2","722","Édition Ltée - Eau et Esprit du Bison : Options d'encadrement - Cadre rustique brun 1""","1771","0.00","0.00","0.00","0"
"Ltd Edition - Water and Spirit Buffalo","W13023-2","722","Édition Ltée - Eau et Esprit du Bison : Options d'encadrement - Cadre rustique gris 1""","1772","0.00","0.00","0.00","0"
"Canvas - Honoring the Giver of Life","A01031-1","725","Toile - Hommage à la Source de Vie : Options d'encadrement - Sans cadre","1589","0.00","0.00","0.00","0"
"Canvas - Honoring the Giver of Life","A01031-1","725","Toile - Hommage à la Source de Vie : Options d'encadrement - Cadre flottant bois noir","1590","0.00","0.00","0.00","0"
"Canvas - Honoring the Giver of Life","A01031-1","725","Toile - Hommage à la Source de Vie : Options d'encadrement - Cadre flottant bois brun","1591","0.00","0.00","0.00","0"
"Canvas - Honoring the Giver of Life","A01031-1","725","Toile - Hommage à la Source de Vie : Options d'encadrement - Cadre flottant bois étain","1592","0.00","0.00","0.00","0"
"Canvas - A Moose and Goose","A08007-1","733","Toile - Un Orignal et une Outarde : Options d'encadrement - Sans cadre","1777","0.00","0.00","0.00","1"
"Canvas - A Moose and Goose","A08007-1","733","Toile - Un Orignal et une Outarde : Options d'encadrement - Cadre flottant bois noir","1778","0.00","0.00","0.00","0"
"Canvas - A Moose and Goose","A08007-1","733","Toile - Un Orignal et une Outarde : Options d'encadrement - Cadre flottant bois brun","1779","0.00","0.00","0.00","0"
"Canvas - A Moose and Goose","A08007-1","733","Toile - Un Orignal et une Outarde : Options d'encadrement - Cadre flottant bois étain","1780","0.00","0.00","0.00","0"
"Canvas - Geese Spirit","A10046-1","736","Toile - L'Esprit de l'Outarde : Options d'encadrement - Sans cadre","1665","0.00","0.00","0.00","0"
"Canvas - Geese Spirit","A10046-1","736","Toile - L'Esprit de l'Outarde : Options d'encadrement - Cadre flottant bois noir","1666","0.00","0.00","0.00","0"
"Canvas - Geese Spirit","A10046-1","736","Toile - L'Esprit de l'Outarde : Options d'encadrement - Cadre flottant bois brun","1667","0.00","0.00","0.00","0"
"Canvas - Geese Spirit","A10046-1","736","Toile - L'Esprit de l'Outarde : Options d'encadrement - Cadre flottant bois étain","1668","0.00","0.00","0.00","0"
"Canvas - New Day","A08013-1","737","Toile - Nouveau Jour : Options d'encadrement - Sans cadre","1561","0.00","0.00","0.00","1"
"Canvas - New Day","A08013-1","737","Toile - Nouveau Jour : Options d'encadrement - Cadre flottant bois noir","1562","0.00","0.00","0.00","0"
"Canvas - New Day","A08013-1","737","Toile - Nouveau Jour : Options d'encadrement - Cadre flottant bois brun","1563","0.00","0.00","0.00","0"
"Canvas - New Day","A08013-1","737","Toile - Nouveau Jour : Options d'encadrement - Cadre flottant bois étain","1564","0.00","0.00","0.00","0"
"Canvas - Patience","A08045-1","738","Toile - Patience : Options d'encadrement - Sans cadre","1837","0.00","0.00","0.00","1"
"Canvas - Patience","A08045-1","738","Toile - Patience : Options d'encadrement - Cadre flottant bois noir","1838","0.00","0.00","0.00","0"
"Canvas - Patience","A08045-1","738","Toile - Patience : Options d'encadrement - Cadre flottant bois brun","1839","0.00","0.00","0.00","0"
"Canvas - Patience","A08045-1","738","Toile - Patience : Options d'encadrement - Cadre flottant bois étain","1840","0.00","0.00","0.00","0"
"Canvas - Unity","A08019-1","740","Toile - Union : Options d'encadrement - Sans cadre","1781","0.00","0.00","0.00","1"
"Canvas - Unity","A08019-1","740","Toile - Union : Options d'encadrement - Cadre flottant bois noir","1782","0.00","0.00","0.00","0"
"Canvas - Unity","A08019-1","740","Toile - Union : Options d'encadrement - Cadre flottant bois brun","1783","0.00","0.00","0.00","0"
"Canvas - Unity","A08019-1","740","Toile - Union : Options d'encadrement - Cadre flottant bois étain","1784","0.00","0.00","0.00","0"
"Canvas - River Keeper","A09006-1","741","Toile - La Gardienne de l'Eau : Options d'encadrement - Cadre flottant bois noir","1854","0.00","0.00","0.00","0"
"Canvas - River Keeper","A09006-1","741","Toile - La Gardienne de l'Eau : Options d'encadrement - Cadre flottant bois brun","1855","0.00","0.00","0.00","0"
"Canvas - River Keeper","A09006-1","741","Toile - La Gardienne de l'Eau : Options d'encadrement - Cadre flottant bois étain","1856","0.00","0.00","0.00","0"
"Canvas - River Keeper","A09006-1","741","Toile - La Gardienne de l'Eau : Options d'encadrement - Sans cadre - 15"" x 24""","8134","0.00","0.00","0.00","1"
"Canvas - River Keeper","A09006-1","741","Toile - La Gardienne de l'Eau : Options d'encadrement - Sans cadre - 30"" x 48""","8135","0.00","0.00","0.00","0"
"Canvas - River Keeper","A09006-1","741","Toile - La Gardienne de l'Eau : Options d'encadrement - Sans cadre 29"" x 48""","9712","0.00","0.00","0.00","1"
"Canvas - Journey to the Spirit World","A07020-1","744","Toile - Voyage vers le Monde du Songe : Options d'encadrement - Sans cadre","1857","0.00","0.00","0.00","0"
"Canvas - Journey to the Spirit World","A07020-1","744","Toile - Voyage vers le Monde du Songe : Options d'encadrement - Cadre flottant bois noir","1858","0.00","0.00","0.00","0"
"Canvas - Journey to the Spirit World","A07020-1","744","Toile - Voyage vers le Monde du Songe : Options d'encadrement - Cadre flottant bois brun","1859","0.00","0.00","0.00","0"
"Canvas - Journey to the Spirit World","A07020-1","744","Toile - Voyage vers le Monde du Songe : Options d'encadrement - Cadre flottant bois étain","1860","0.00","0.00","0.00","0"
"Canvas - Breath of life","W12024-1","746","Toile - Souffle de vie : Options d'encadrement - Sans cadre","1669","0.00","0.00","0.00","0"
"Canvas - Breath of life","W12024-1","746","Toile - Souffle de vie : Options d'encadrement - Cadre flottant bois noir","1670","0.00","0.00","0.00","0"
"Canvas - Breath of life","W12024-1","746","Toile - Souffle de vie : Options d'encadrement - Cadre flottant bois brun","1671","0.00","0.00","0.00","0"
"Canvas - Breath of life","W12024-1","746","Toile - Souffle de vie : Options d'encadrement - Cadre flottant bois étain","1672","0.00","0.00","0.00","0"
"Canvas - Lapinx","A13041-1","761","Toile - Lapinx : Options d'encadrement - Sans cadre","1861","0.00","0.00","0.00","1"
"Canvas - Lapinx","A13041-1","761","Toile - Lapinx : Options d'encadrement - Cadre flottant bois noir","1862","0.00","0.00","0.00","0"
"Canvas - Lapinx","A13041-1","761","Toile - Lapinx : Options d'encadrement - Cadre flottant bois brun","1863","0.00","0.00","0.00","0"
"Canvas - Lapinx","A13041-1","761","Toile - Lapinx : Options d'encadrement - Cadre flottant bois étain","1864","0.00","0.00","0.00","0"
"Canvas - Zenith","A16052-1","766","Toile - Zénith : Options d'encadrement - Cadre flottant bois noir","1866","0.00","0.00","0.00","0"
"Canvas - Zenith","A16052-1","766","Toile - Zénith : Options d'encadrement - Cadre flottant bois brun","1867","0.00","0.00","0.00","0"
"Canvas - Zenith","A16052-1","766","Toile - Zénith : Options d'encadrement - Cadre flottant bois étain","1868","0.00","0.00","0.00","0"
"Canvas - Zenith","A16052-1","766","Toile - Zénith : Options d'encadrement - Sans cadre","9715","0.00","0.00","0.00","0"
"Canvas - Silent Seekers","A16058-1","767","Toile - En Quête de Silence : Options d'encadrement - Sans cadre","1829","0.00","0.00","0.00","0"
"Canvas - Silent Seekers","A16058-1","767","Toile - En Quête de Silence : Options d'encadrement - Cadre flottant bois noir","1830","0.00","0.00","0.00","1"
"Canvas - Silent Seekers","A16058-1","767","Toile - En Quête de Silence : Options d'encadrement - Cadre flottant bois brun","1831","0.00","0.00","0.00","0"
"Canvas - Silent Seekers","A16058-1","767","Toile - En Quête de Silence : Options d'encadrement - Cadre flottant bois étain","1832","0.00","0.00","0.00","0"
"Canvas - Wisdom Keepers","A16059-1","768","Toile - Gardiens de la Sagesse : Options d'encadrement - Sans cadre","1833","0.00","0.00","0.00","0"
"Canvas - Wisdom Keepers","A16059-1","768","Toile - Gardiens de la Sagesse : Options d'encadrement - Cadre flottant bois noir","1834","0.00","0.00","0.00","0"
"Canvas - Wisdom Keepers","A16059-1","768","Toile - Gardiens de la Sagesse : Options d'encadrement - Cadre flottant bois brun","1835","0.00","0.00","0.00","0"
"Canvas - Wisdom Keepers","A16059-1","768","Toile - Gardiens de la Sagesse : Options d'encadrement - Cadre flottant bois étain","1836","0.00","0.00","0.00","0"
"Canvas - Wisdom Keepers","A16059-1","768","Toile - Gardiens de la Sagesse : Options d'encadrement - Sans cadre 24"" x 12""","7802","0.00","0.00","0.00","0"
"Canvas - Wisdom Keepers","A16059-1","768","Toile - Gardiens de la Sagesse : Options d'encadrement - Cadre flottant noir","7803","0.00","0.00","0.00","0"
"Canvas - Wisdom Keepers","A16059-1","768","Toile - Gardiens de la Sagesse : Options d'encadrement - Cadre flottant brun","7804","0.00","0.00","0.00","0"
"Canvas - Wisdom Keepers","A16059-1","768","Toile - Gardiens de la Sagesse : Options d'encadrement - Cadre flottant étain","7805","0.00","0.00","0.00","0"
"Canvas - Gezaluwejit","A14051-1","770","Toile - Gezaluwejit : Options d'encadrement - Sans cadre","1525","0.00","0.00","0.00","1"
"Canvas - Gezaluwejit","A14051-1","770","Toile - Gezaluwejit : Options d'encadrement - Cadre flottant bois noir","1526","0.00","0.00","0.00","0"
"Canvas - Gezaluwejit","A14051-1","770","Toile - Gezaluwejit : Options d'encadrement - Cadre flottant bois brun","1527","0.00","0.00","0.00","0"
"Canvas - Gezaluwejit","A14051-1","770","Toile - Gezaluwejit : Options d'encadrement - Cadre flottant bois étain","1528","0.00","0.00","0.00","0"
"Canvas - Inner Memories","W13047-1","772","Toile - Mémoires Ancestrales : Options d'encadrement - Sans cadre","1693","0.00","0.00","0.00","1"
"Canvas - Inner Memories","W13047-1","772","Toile - Mémoires Ancestrales : Options d'encadrement - Cadre flottant bois noir","1694","0.00","0.00","0.00","0"
"Canvas - Inner Memories","W13047-1","772","Toile - Mémoires Ancestrales : Options d'encadrement - Cadre flottant bois brun","1695","0.00","0.00","0.00","0"
"Canvas - Inner Memories","W13047-1","772","Toile - Mémoires Ancestrales : Options d'encadrement - Cadre flottant bois étain","1696","0.00","0.00","0.00","0"
"Canvas - Ice Dream","A12050-1","774","Toile - Rêve de Glace : Options d'encadrement - Sans cadre","1697","0.00","0.00","0.00","1"
"Canvas - Ice Dream","A12050-1","774","Toile - Rêve de Glace : Options d'encadrement - Cadre flottant bois noir","1698","0.00","0.00","0.00","0"
"Canvas - Ice Dream","A12050-1","774","Toile - Rêve de Glace : Options d'encadrement - Cadre flottant bois brun","1699","0.00","0.00","0.00","0"
"Canvas - Ice Dream","A12050-1","774","Toile - Rêve de Glace : Options d'encadrement - Cadre flottant bois étain","1700","0.00","0.00","0.00","0"
"Canvas - Carried Away","A13042-1","779","Toile - Emportée : Options d'encadrement - Cadre flottant bois noir","1846","0.00","0.00","0.00","0"
"Canvas - Carried Away","A13042-1","779","Toile - Emportée : Options d'encadrement - Cadre flottant bois brun","1847","0.00","0.00","0.00","0"
"Canvas - Carried Away","A13042-1","779","Toile - Emportée : Options d'encadrement - Cadre flottant bois étain","1848","0.00","0.00","0.00","0"
"Canvas - Carried Away","A13042-1","779","Toile - Emportée : Options d'encadrement - Sans cadre","7728","0.00","0.00","0.00","1"
"Card - The Forest Temple","A17065-POD2578","781","Carte - Temple de la Forêt","","2.75","6.35","7.30","5"
"Card - Depth","A17063-POD2550","782","Carte - Profondeur","","2.75","6.35","7.30","8"
"Card - Horizon","W17062-7","783","Carte - Horizon","","2.50","5.50","6.32","0"
"Card - M'Otter love","A17064-POD2563","784","Carte - L'Outre Mère","","2.75","6.35","7.30","3"
"Matted Print - Depth","A17063-POD2550","785","Impression avec Passe-Partout - Profondeur","","7.50","20.00","23.00","2"
"Small Print - Horizon","W17062-6","786","Petite Repro - Horizon","","10.87","25.00","28.74","11"
"Matted Print - M'Otter Love","A17064-POD2563","787","Impression avec Passe-Partout - L'Outre Mère","","7.50","20.00","23.00","0"
"Small Print - The Forest Temple","A17065-6","788","Petite Repro - Temple de la Forêt","","10.87","25.00","28.74","1"
"Ltd Edition - The Forest Temple","A17065-2","789","Édition Ltée - Temple de la Forêt : Options d'encadrement - Sans cadre","1901","0.00","0.00","0.00","1"
"Ltd Edition - The Forest Temple","A17065-2","789","Édition Ltée - Temple de la Forêt : Options d'encadrement - Cadre rustique noir 1""","1902","0.00","0.00","0.00","0"
"Ltd Edition - The Forest Temple","A17065-2","789","Édition Ltée - Temple de la Forêt : Options d'encadrement - Cadre rustique brun 1""","1903","0.00","0.00","0.00","0"
"Ltd Edition - The Forest Temple","A17065-2","789","Édition Ltée - Temple de la Forêt : Options d'encadrement - Cadre rustique gris 1""","1904","0.00","0.00","0.00","0"
"Ltd Edition - M'Otter Love","A17064-2","790","Édition Ltée - L'Outre Mère : Options d'encadrement - Cadre rustique noir 1""","1926","0.00","0.00","0.00","0"
"Ltd Edition - M'Otter Love","A17064-2","790","Édition Ltée - L'Outre Mère : Options d'encadrement - Cadre rustique brun 1""","1927","0.00","0.00","0.00","0"
"Ltd Edition - M'Otter Love","A17064-2","790","Édition Ltée - L'Outre Mère : Options d'encadrement - Cadre rustique gris 1""","1928","0.00","0.00","0.00","0"
"Ltd Edition - M'Otter Love","A17064-2","790","Édition Ltée - L'Outre Mère : Options d'encadrement - Sans cadre 3.30"" x 13.5""","11349","0.00","0.00","0.00","0"
"Ltd Edition - M'Otter Love","A17064-2","790","Édition Ltée - L'Outre Mère : Options d'encadrement - Sans cadre - 6"" x 24""","11350","0.00","0.00","0.00","2"
"Ltd Edition - Depth","A17063-2","791","Édition Ltée - Profondeur : Options d'encadrement - Sans cadre","1513","0.00","0.00","0.00","2"
"Ltd Edition - Depth","A17063-2","791","Édition Ltée - Profondeur : Options d'encadrement - Cadre rustique noir 1""","1514","0.00","0.00","0.00","0"
"Ltd Edition - Depth","A17063-2","791","Édition Ltée - Profondeur : Options d'encadrement - Cadre rustique brun 1""","1515","0.00","0.00","0.00","0"
"Ltd Edition - Depth","A17063-2","791","Édition Ltée - Profondeur : Options d'encadrement - Cadre rustique gris 1""","1516","0.00","0.00","0.00","0"
"Ltd Edition - Horizon","W17062-2","792","Édition Ltée - Horizon : Options d'encadrement - Sans cadre","1773","0.00","0.00","0.00","2"
"Ltd Edition - Horizon","W17062-2","792","Édition Ltée - Horizon : Options d'encadrement - Cadre rustique noir 1""","1774","0.00","0.00","0.00","0"
"Ltd Edition - Horizon","W17062-2","792","Édition Ltée - Horizon : Options d'encadrement - Cadre rustique brun 1""","1775","0.00","0.00","0.00","0"
"Ltd Edition - Horizon","W17062-2","792","Édition Ltée - Horizon : Options d'encadrement - Cadre rustique gris 1""","1776","0.00","0.00","0.00","0"
"Canvas - The Forest Temple","A17065-1","793","Toile - Temple de la Forêt : Options d'encadrement - Sans cadre","1849","0.00","0.00","0.00","1"
"Canvas - The Forest Temple","A17065-1","793","Toile - Temple de la Forêt : Options d'encadrement - Cadre flottant bois noir","1850","0.00","0.00","0.00","0"
"Canvas - The Forest Temple","A17065-1","793","Toile - Temple de la Forêt : Options d'encadrement - Cadre flottant bois brun","1851","0.00","0.00","0.00","0"
"Canvas - The Forest Temple","A17065-1","793","Toile - Temple de la Forêt : Options d'encadrement - Cadre flottant bois étain","1852","0.00","0.00","0.00","0"
"Canvas - Motter Love","A17064-1","794","Toile - Loutre Mère : Options d'encadrement - Sans cadre","1869","0.00","0.00","0.00","2"
"Canvas - Motter Love","A17064-1","794","Toile - Loutre Mère : Options d'encadrement - Cadre flottant bois noir","1870","0.00","0.00","0.00","0"
"Canvas - Motter Love","A17064-1","794","Toile - Loutre Mère : Options d'encadrement - Cadre flottant bois brun","1871","0.00","0.00","0.00","0"
"Canvas - Motter Love","A17064-1","794","Toile - Loutre Mère : Options d'encadrement - Cadre flottant bois étain","1872","0.00","0.00","0.00","0"
"Canvas - Depth","A17063-1","795","Toile - Profondeur : Options d'encadrement - Cadre flottant bois noir","1509","0.00","0.00","0.00","0"
"Canvas - Depth","A17063-1","795","Toile - Profondeur : Options d'encadrement - Cadre flottant bois brun","1510","0.00","0.00","0.00","0"
"Canvas - Depth","A17063-1","795","Toile - Profondeur : Options d'encadrement - Cadre flottant bois étain","1511","0.00","0.00","0.00","0"
"Canvas - Depth","A17063-1","795","Toile - Profondeur : Options d'encadrement - Sans cadre","1512","0.00","0.00","0.00","0"
"Canvas - Depth","A17063-1","795","Toile - Profondeur : Options d'encadrement - Sans cadre 24"" x 30""","6668","0.00","0.00","0.00","1"
"Card - Wikwemikong","A08021-7","797","Carte - Wikwemikong","","2.50","5.50","6.32","0"
"Card - Abundance","A09055-7","798","Carte - Abondance","","2.50","5.50","6.32","7"
"Card - Northern Masters","W18053-7-POD2883","799","Carte - Maîtres du Nord","","2.75","6.35","7.30","7"
"Small Print - Northern Masters","W18053-6","800","Petite Repro - Maîtres du Nord","","10.87","25.00","28.74","0"
"Ltd Edition - Northern Masters","W18053-2","801","Édition Ltée - Maîtres du Nord : Options d'encadrement - Cadre rustique noir 1""","1316","0.00","0.00","0.00","0"
"Ltd Edition - Northern Masters","W18053-2","801","Édition Ltée - Maîtres du Nord : Options d'encadrement - Cadre rustique brun 1""","1317","0.00","0.00","0.00","0"
"Ltd Edition - Northern Masters","W18053-2","801","Édition Ltée - Maîtres du Nord : Options d'encadrement - Cadre rustique gris 1""","1318","0.00","0.00","0.00","1"
"Ltd Edition - Northern Masters","W18053-2","801","Édition Ltée - Maîtres du Nord : Options d'encadrement - Sans cadre","1319","0.00","0.00","0.00","0"
"Ltd Edition - All my Relations","A20067-2","4079","Édition Ltée - Toutes mes Relations : Options d'encadrement - Sans cadre","7699","0.00","0.00","0.00","2"
"Ltd Edition - All my Relations","A20067-2","4079","Édition Ltée - Toutes mes Relations : Options d'encadrement - Cadre rustique noir 1""","7700","0.00","0.00","0.00","0"
"Ltd Edition - All my Relations","A20067-2","4079","Édition Ltée - Toutes mes Relations : Options d'encadrement - Cadre rustique brun 1""","7701","0.00","0.00","0.00","0"
"Ltd Edition - All my Relations","A20067-2","4079","Édition Ltée - Toutes mes Relations : Options d'encadrement - Cadre rustique gris 1""","7702","0.00","0.00","0.00","0"
"Card - All my Relations","A20067-POD2580","4080","Carte - Toutes mes Relations","","2.75","6.35","7.30","7"
"Small Print - All my Relations","A20067-6","4081","Petite Repro - Toutes mes Relations","","10.87","25.00","28.74","4"
"Ltd Edition - Footprint","A19054-2","4082","Édition Ltée - Empreintes Ancestrales : Options d'encadrement - Cadre rustique noir 1""","7703","0.00","0.00","0.00","0"
"Ltd Edition - Footprint","A19054-2","4082","Édition Ltée - Empreintes Ancestrales : Options d'encadrement - Cadre rustique brun 1""","7704","0.00","0.00","0.00","0"
"Ltd Edition - Footprint","A19054-2","4082","Édition Ltée - Empreintes Ancestrales : Options d'encadrement - Cadre rustique gris 1""","7705","0.00","0.00","0.00","0"
"Ltd Edition - Footprint","A19054-2","4082","Édition Ltée - Empreintes Ancestrales : Options d'encadrement - Sans cadre","7706","0.00","0.00","0.00","2"
"Card - Footprint","A19054-7","4083","Carte - Empreintes Ancestrales","","2.50","5.50","6.32","1"
"Canvas - All my Relations","A20067-1","4086","Toile - Toutes mes Relations : Options d'encadrement - Sans cadre","7718","0.00","0.00","0.00","0"
"Canvas - All my Relations","A20067-1","4086","Toile - Toutes mes Relations : Options d'encadrement - Cadre flottant bois noir","7720","0.00","0.00","0.00","0"
"Canvas - All my Relations","A20067-1","4086","Toile - Toutes mes Relations : Options d'encadrement - Cadre flottant bois brun","7721","0.00","0.00","0.00","0"
"Canvas - All my Relations","A20067-1","4086","Toile - Toutes mes Relations : Options d'encadrement - Cadre flottant bois étain","7722","0.00","0.00","0.00","0"
"Small Print - Footprint","A19054-6","4088","Petite Repro - Empreintes Ancestrales","","10.87","25.00","25.00","12"
"Card - Humility","A18062-7","4126","Carte - Humilité","","2.50","5.50","6.32","0"
"Small Print - Humility","A18062-6","4127","Petite Repro - Humilité","","10.87","25.00","28.74","4"
"Ltd Edition - Humility","A18062-2","4129","Édition Ltée - Humilité : Options d'encadrement - Cadre rustique noir 1""","7729","0.00","0.00","0.00","0"
"Ltd Edition - Humility","A18062-2","4129","Édition Ltée - Humilité : Options d'encadrement - Cadre rustique brun 1""","7730","0.00","0.00","0.00","0"
"Ltd Edition - Humility","A18062-2","4129","Édition Ltée - Humilité : Options d'encadrement - Cadre rustique gris 1""","7731","0.00","0.00","0.00","0"
"Ltd Edition - Humility","A18062-2","4129","Édition Ltée - Humilité : Options d'encadrement - Sans cadre","7732","0.00","0.00","0.00","1"
"Canvas - Refuge","A20055-1","4144","Toile - Refuge : Options d'encadrement - Cadre flottant bois noir","7789","0.00","0.00","0.00","0"
"Canvas - Refuge","A20055-1","4144","Toile - Refuge : Options d'encadrement - Cadre flottant bois brun","7790","0.00","0.00","0.00","0"
"Canvas - Refuge","A20055-1","4144","Toile - Refuge : Options d'encadrement - Cadre flottant bois étain","7791","0.00","0.00","0.00","0"
"Canvas - Refuge","A20055-1","4144","Toile - Refuge : Options d'encadrement - Sans cadre","7792","0.00","0.00","0.00","0"
"Canvas - Refuge","A20055-1","4144","Toile - Refuge : Options d'encadrement - Sans cadre - 48"" x 30""","7793","0.00","0.00","0.00","1"
"Canvas - Refuge","A20055-1","4144","Toile - Refuge : Options d'encadrement - Cadre flottant noir","7806","0.00","0.00","0.00","0"
"Canvas - Refuge","A20055-1","4144","Toile - Refuge : Options d'encadrement - Cadre flottant brun","7807","0.00","0.00","0.00","0"
"Canvas - Refuge","A20055-1","4144","Toile - Refuge : Options d'encadrement - Cadre flottant étain","7808","0.00","0.00","0.00","0"
"Canvas - Seed of Life","A18061-1","4145","Toile - Semence de Vie : Options d'encadrement - Cadre flottant bois noir","7794","0.00","0.00","0.00","0"
"Canvas - Seed of Life","A18061-1","4145","Toile - Semence de Vie : Options d'encadrement - Cadre flottant bois brun","7795","0.00","0.00","0.00","0"
"Canvas - Seed of Life","A18061-1","4145","Toile - Semence de Vie : Options d'encadrement - Cadre flottant bois étain","7796","0.00","0.00","0.00","0"
"Canvas - Seed of Life","A18061-1","4145","Toile - Semence de Vie : Options d'encadrement - Sans cadre","7797","0.00","0.00","0.00","0"
"Canvas - Under the Same Sky","A18066-1","4146","Toile - Sous le Même Ciel : Options d'encadrement - Cadre flottant bois noir","7798","0.00","0.00","0.00","0"
"Canvas - Under the Same Sky","A18066-1","4146","Toile - Sous le Même Ciel : Options d'encadrement - Cadre flottant bois brun","7799","0.00","0.00","0.00","0"
"Canvas - Under the Same Sky","A18066-1","4146","Toile - Sous le Même Ciel : Options d'encadrement - Cadre flottant bois étain","7800","0.00","0.00","0.00","0"
"Canvas - Under the Same Sky","A18066-1","4146","Toile - Sous le Même Ciel : Options d'encadrement - Sans cadre","7801","0.00","0.00","0.00","1"
"Ltd Edition - Refuge","A20055-2","4148","Édition Ltée - Refuge : Options d'encadrement - Cadre rustique noir 1""","7809","0.00","0.00","0.00","0"
"Ltd Edition - Refuge","A20055-2","4148","Édition Ltée - Refuge : Options d'encadrement - Cadre rustique brun 1""","7810","0.00","0.00","0.00","0"
"Ltd Edition - Refuge","A20055-2","4148","Édition Ltée - Refuge : Options d'encadrement - Cadre rustique gris 1""","7811","0.00","0.00","0.00","0"
"Ltd Edition - Refuge","A20055-2","4148","Édition Ltée - Refuge : Options d'encadrement - Sans cadre","7812","0.00","0.00","0.00","4"
"Ltd Edition - Seed of Life","A18061-2","4149","Édition Ltée - Semence de Vie : Options d'encadrement - Cadre rustique noir 1""","7813","0.00","0.00","0.00","0"
"Ltd Edition - Seed of Life","A18061-2","4149","Édition Ltée - Semence de Vie : Options d'encadrement - Cadre rustique brun 1""","7814","0.00","0.00","0.00","0"
"Ltd Edition - Seed of Life","A18061-2","4149","Édition Ltée - Semence de Vie : Options d'encadrement - Cadre rustique gris 1""","7815","0.00","0.00","0.00","0"
"Ltd Edition - Seed of Life","A18061-2","4149","Édition Ltée - Semence de Vie : Options d'encadrement - Sans cadre","7816","0.00","0.00","0.00","0"
"Ltd Edition - Under the Same Sky","A18066-2","4150","Édition Ltée - Sous le Même Ciel : Options d'encadrement - Cadre rustique noir 1""","7817","0.00","0.00","0.00","0"
"Ltd Edition - Under the Same Sky","A18066-2","4150","Édition Ltée - Sous le Même Ciel : Options d'encadrement - Cadre rustique brun 1""","7818","0.00","0.00","0.00","0"
"Ltd Edition - Under the Same Sky","A18066-2","4150","Édition Ltée - Sous le Même Ciel : Options d'encadrement - Cadre rustique gris 1""","7819","0.00","0.00","0.00","0"
"Ltd Edition - Under the Same Sky","A18066-2","4150","Édition Ltée - Sous le Même Ciel : Options d'encadrement - Sans cadre","7820","0.00","0.00","0.00","2"
"Card - Refuge","A20055-POD2571","4156","Carte - Refuge","","2.75","6.35","7.30","13"
"Card - Seed of Life","A18061-POD2573","4157","Carte - Semence de Vie","","2.75","6.35","7.30","7"
"Small Print - Refuge","A20055-6","4169","Petite Repro - Refuge","","10.87","25.00","28.74","0"
"Small Print - Seed of Life","A18061-6","4170","Petite Repro - Semence de Vie","","10.87","25.00","28.74","4"
"Small Print - Under the Same Sky","A18066-6","4171","Petite Repro - Sous le Même Ciel","","10.87","25.00","28.74","0"
"Small Print - Wikwemikong","A08021-6","4173","Petite Repro - Wikwemikong","","10.87","25.00","28.74","2"
"Small Print - Kouragimut","A09010-6","4174","Petite Repro - Kouragimut","","10.87","25.00","28.74","0"
"Card - New Fire","A01033-7","5389","Carte - Nouveau Feu","","2.50","5.50","6.32","162"
"Bookmarks","BKM","7977","Signets : Art - Retour Chez Soi","12346","1.25","2.90","3.33","0"
"Bookmarks","BKM","7977","Signets : Art - Voyage au Monde du Songe","12347","1.25","2.90","3.33","9"
"Bookmarks","BKM","7977","Signets : Art - Lapynx","12348","1.25","2.90","3.33","8"
"Bookmarks","BKM","7977","Signets : Art - Messager","12349","1.25","2.90","3.33","4"
"Bookmarks","BKM","7977","Signets : Art - Loutre Mère","12350","1.25","2.90","3.33","0"
"Bookmarks","BKM","7977","Signets : Art - Altérité","12351","1.25","2.90","3.33","18"
"Bookmarks","BKM","7977","Signets : Art - Passage","12352","1.25","2.90","3.33","13"
"Bookmarks","BKM","7977","Signets : Art - Chaleur de Terre","12353","1.25","2.90","3.33","4"
"Bookmarks","BKM","7977","Signets : Art - No Soeurs du Ciel","12354","1.25","2.90","3.33","4"
"Bookmarks","BKM","7977","Signets : Art - Murmure","12355","1.25","2.90","3.33","8"
"Bookmarks","BKM","7977","Signets : Art - Zenith","12356","1.25","2.90","3.33","0"
"Bookmarks","BKM","7977","Signets : Art - Temple de la Forêt","13128","1.25","2.90","3.33","16"
"Spirit of the Wild","BOX249","8740","L'Esprit de la Faune","","9.25","21.95","25.24","0"
"Women Strength","BOX250","8741","La Forces des Femmes","","9.25","21.95","25.24","0"
"Colouring Book ""Northern Keepers""","SKU: Colouring027","9382","Livre à Colorier ""Gardiens du Nord""","","4.00","9.25","10.64","6"
"Colouring Cards ""Northern Residents""","SKU: Box285","11536","Cartes à Colorier ""Les Habitants du Nord""","","7.25","21.95","25.24","11"
"Matted Print - Seed of Life","A18061-POD2573","11972","Impression avec Passe-Partout - Semence de Vie","","7.50","20.00","23.00","3"
"Matted Print - Carried Away","A13042-POD2549","11973","Impression avec Passe-Partout - Emportée","","7.50","20.00","23.00","2"
"Matted Print - Reaching Out","A01034-POD2570","11975","Impression avec Passe-Partout - Chaleur de Terre","","7.50","20.00","23.00","1"
"Matted Print - Refuge","A20055-POD2571","12086","Impression avec Passe-Partout - Refuge","","7.50","20.00","23.00","5"
"Canvas - Carried Away","A13042-POD2549C","12702","Toile - Emportée","","17.00","40.00","45.99","0"
"Canvas - Depth","A17063-POD2550C","12703","Toile - Profondeur","","17.00","40.00","45.99","1"
"Canvas - Geese Spirit","A10046-POD2553C","12704","Toile - L'Esprit de l'Outarde","","17.00","40.00","45.99","3"
"Canvas - Gezaluwejit","A14051-POD2554C","12705","Toile - Gezaluwejit","","17.00","40.00","45.99","0"
"Canvas - Honoring the Giver of Life","A01031-POD2558C","12707","Toile - Hommage à la Source de Vie","","17.00","40.00","45.99","2"
"Canvas - Lapinx","A13041-POD2583C","12708","Toile - Lapinx","","17.00","45.00","51.74","0"
"Canvas - Merging Earth and Sky","A10004-POD2561C","12710","Toile - Fusion entre Terre et Ciel","","17.00","40.00","45.99","2"
"Canvas - Northern Keepers","A16051-POD2566C","12712","Toile - Gardiens du Nord","","17.00","40.00","45.99","0"
"Canvas - Protector","A00048-POD2884C","12714","Toile - Protecteur","","17.00","40.00","45.99","2"
"Canvas - Reaching Out","A01034-POD2570C","12715","Toile - Chaleur de Terre","","17.00","40.00","45.99","0"
"Canvas - Refuge","A20055-POD2571C","12716","Toile - Refuge","","17.00","40.00","45.99","3"
"Canvas - River Keeper","A09006-POD2579C","12717","Toile - La Gardienne de l'Eau","","17.00","40.00","45.99","3"
"Canvas - Silent Seekers","A16058-POD2574C","12718","Toile - En Quête de Silence","","17.00","40.00","45.99","0"
"Canvas - Sky Girl","A01003-POD2575C","12719","Toile - Fille du Ciel","","17.00","40.00","45.99","3"
"Canvas - The Forest Temple","A17065-POD2578C","12722","Toile - Temple de la Forêt","","17.00","40.00","45.99","1"
"Card - Synchronicity","W12017-POD2576","13550","Carte - Synchronicité","","2.75","6.35","7.30","12"
"Card - Lapinx","A13041-POD2583","13551","Carte - Lapinx","","2.75","6.35","7.30","21"
"Canvas - Seed of Life","A18061-POD2573C","13718","Toile - Semence de Vie","","17.00","45.00","51.74","3"
"Canvas - Whisper","A08011-POD2585C","13736","Toile - Murmure","","17.00","55.00","63.24","0"
"Canvas - Patience","A08045-20084C","14177","Toile - Patience","","17.00","40.00","45.99","3"
"Canvas - Journey to the Spirit World","A07020-20080C","14178","Toile - Voyage Vers le Monde du Songe","","17.00","45.00","51.74","2"
"Canvas - Inner Memories","W13047-POD2560C","14179","Toile - Mémoires Ancestrales","","17.00","40.00","45.99","3"
"Canvas - Ice Dream","A12050-POD2559C","14180","Toile - Rêves de Glace","","17.00","40.00","45.99","2"
"Canvas - Harmony","A01038-POD2557C","14181","Toile - Harmonie","","17.00","40.00","45.99","2"
"Gift Enclosures - Mini cards pack of 8","GENC","14626","Étiquettes Cadeaux - Paquet de 8 mini cartes : Art - Emportée","10571","3.25","7.95","9.14","0"
"Gift Enclosures - Mini cards pack of 8","GENC","14626","Étiquettes Cadeaux - Paquet de 8 mini cartes : Art - Profondeur","10572","3.25","7.95","9.14","3"
"Gift Enclosures - Mini cards pack of 8","GENC","14626","Étiquettes Cadeaux - Paquet de 8 mini cartes : Art - Gezaluwejit","10573","3.25","7.95","9.14","19"
"Gift Enclosures - Mini cards pack of 8","GENC","14626","Étiquettes Cadeaux - Paquet de 8 mini cartes : Art - Retour Chez Soi","10574","3.25","7.95","9.14","2"
"Gift Enclosures - Mini cards pack of 8","GENC","14626","Étiquettes Cadeaux - Paquet de 8 mini cartes : Art - Lapynx","10575","3.25","7.95","9.14","11"
"Gift Enclosures - Mini cards pack of 8","GENC","14626","Étiquettes Cadeaux - Paquet de 8 mini cartes : Art - Nouveau Jour","10576","3.25","7.95","9.14","6"
"Gift Enclosures - Mini cards pack of 8","GENC","14626","Étiquettes Cadeaux - Paquet de 8 mini cartes : Art - Gardiens du Nord","10577","3.25","7.95","9.14","6"
"Gift Enclosures - Mini cards pack of 8","GENC","14626","Étiquettes Cadeaux - Paquet de 8 mini cartes : Art - Passage","10578","3.25","7.95","9.14","0"
"Gift Enclosures - Mini cards pack of 8","GENC","14626","Étiquettes Cadeaux - Paquet de 8 mini cartes : Art - Gardienne de l'Eau","10579","3.25","7.95","9.14","6"
"Gift Enclosures - Mini cards pack of 8","GENC","14626","Étiquettes Cadeaux - Paquet de 8 mini cartes : Art - En Quête de Silence","10580","3.25","7.95","9.14","6"
"Gift Enclosures - Mini cards pack of 8","GENC","14626","Étiquettes Cadeaux - Paquet de 8 mini cartes : Art - Synchronicité","10581","3.25","7.95","9.14","7"
"Gift Enclosures - Mini cards pack of 8","GENC","14626","Étiquettes Cadeaux - Paquet de 8 mini cartes : Art - Gardiens de la Sagesse","10582","3.25","7.95","9.14","0"
"Gift Enclosures - Mini cards pack of 8","GENC","14626","Étiquettes Cadeaux - Paquet de 8 mini cartes : Art - Rêve de Glace","13320","3.25","7.95","9.14","6"
"Matted Print - Merging Earth and Sky","A10004-POD2561","14715","Impression avec Passe-Partout - Fusion Entre Terre et Ciel","","7.50","20.00","23.00","2"
"Matted Print - Whisper","A08011-POD2585","14716","Impression avec Passe-Partout - Murmure","","7.50","20.00","23.00","0"
"Card - Dialogue","W12001-7","15166","Carte - Dialogue","","2.50","5.50","6.32","0"
"Ltd Edition - New Day","A08013-2","15167","Édition Ltée - Nouveau Jour : Options d'encadrement - Cadre rustique noir 1""","10954","0.00","0.00","0.00","0"
"Ltd Edition - New Day","A08013-2","15167","Édition Ltée - Nouveau Jour : Options d'encadrement - Cadre rustique brun 1""","10955","0.00","0.00","0.00","0"
"Ltd Edition - New Day","A08013-2","15167","Édition Ltée - Nouveau Jour : Options d'encadrement - Cadre rustique gris 1""","10956","0.00","0.00","0.00","0"
"Ltd Edition - New Day","A08013-2","15167","Édition Ltée - Nouveau Jour : Options d'encadrement - Sans cadre","10957","0.00","0.00","0.00","3"
"Ltd Edition - Merging Earth and Sky","A10004-2","15168","Édition Ltée - Fusion entre Terre et Ciel : Options d'encadrement - Cadre rustique noir 1""","10958","0.00","0.00","0.00","0"
"Ltd Edition - Merging Earth and Sky","A10004-2","15168","Édition Ltée - Fusion entre Terre et Ciel : Options d'encadrement - Cadre rustique brun 1""","10959","0.00","0.00","0.00","0"
"Ltd Edition - Merging Earth and Sky","A10004-2","15168","Édition Ltée - Fusion entre Terre et Ciel : Options d'encadrement - Cadre rustique gris 1""","10960","0.00","0.00","0.00","0"
"Ltd Edition - Merging Earth and Sky","A10004-2","15168","Édition Ltée - Fusion entre Terre et Ciel : Options d'encadrement - Sans cadre","10961","0.00","0.00","0.00","3"
"Ltd Edition - Sky Sisters","A10012-2","15169","Édition Ltée - Nos Soeurs du Ciel : Options d'encadrement - Cadre rustique noir 1""","10962","0.00","0.00","0.00","0"
"Ltd Edition - Sky Sisters","A10012-2","15169","Édition Ltée - Nos Soeurs du Ciel : Options d'encadrement - Cadre rustique brun 1""","10963","0.00","0.00","0.00","0"
"Ltd Edition - Sky Sisters","A10012-2","15169","Édition Ltée - Nos Soeurs du Ciel : Options d'encadrement - Cadre rustique gris 1""","10964","0.00","0.00","0.00","0"
"Ltd Edition - Sky Sisters","A10012-2","15169","Édition Ltée - Nos Soeurs du Ciel : Options d'encadrement - Sans cadre","10965","0.00","0.00","0.00","3"
"Ltd Edition - Whisper","A08011-2","15170","Édition Ltée - Murmure : Options d'encadrement - Cadre rustique noir 1""","10966","0.00","0.00","0.00","0"
"Ltd Edition - Whisper","A08011-2","15170","Édition Ltée - Murmure : Options d'encadrement - Cadre rustique brun 1""","10967","0.00","0.00","0.00","0"
"Ltd Edition - Whisper","A08011-2","15170","Édition Ltée - Murmure : Options d'encadrement - Cadre rustique gris 1""","10968","0.00","0.00","0.00","0"
"Ltd Edition - Whisper","A08011-2","15170","Édition Ltée - Murmure : Options d'encadrement - Sans cadre","10969","0.00","0.00","0.00","3"
"Small Print - Inner Memories","W13047-6","15171","Petite Repro - Mémoires Ancestrales","","10.87","25.00","28.74","0"
"Small Print - Zenith","A16052-6","15172","Petite Repro - Zénith","","10.87","25.00","28.74","0"
"Matted Print - Passage","W13025-POD2569","15173","Impression avec Passe-Partout - Passage","","7.50","20.00","23.00","2"
"Card - Journey to the Spirit World","A07020-20080","15174","Carte - Voyage Vers le Monde du Songe","","2.75","6.35","7.30","1"
"Matted Print - Early Evening Flowing Into Fall","W12018-POD2551","15175","Impression avec Passe-Partout - Soirée Glissant Vers l'Automne","","7.50","20.00","23.00","2"
"Matted Print - Inner Memories","W13047-POD2560","15176","Impression avec Passe-Partout - Mémoires Ancestrales","","7.50","20.00","23.00","2"
"Matted Print - Northern Masters","W18053-POD2883","15177","Impression avec Passe-Partout - Maîtres du Nord","","7.50","20.00","23.00","2"
"Matted Print - Geese Spirit","A10046-POD2553","15179","Impression avec Passe-Partout - L'Esprit de l'Outarde","","7.50","20.00","23.00","2"
"Canvas - Wisdom Keepers","A16059-POD2582C","15190","Toile - Gardiens de la Sagesse : Options d'encadrement - Sans cadre 20"" x 10""","10978","17.00","0.00","0.00","0"
"Canvas - Wisdom Keepers","A16059-POD2582C","15190","Toile - Gardiens de la Sagesse : Options d'encadrement - Sans cadre 10"" x 8"" ","10979","17.00","0.00","0.00","0"
"Canvas - Wisdom Keepers","A16059-POD2582C","15190","Toile - Gardiens de la Sagesse : Options d'encadrement - Sans cadre 12"" x 6""","13195","17.00","0.00","0.00","3"
"Canvas - Sky Sisters","A10012-POD2565C","15191","Toile - Nos Soeurs du Ciel","","17.00","40.00","45.99","2"
"Canvas - Passage","A13025-POD2569C","15192","Toile - Passage","","17.00","40.00","45.99","1"
"Canvas - New Day","A08013-POD2584C","15193","Toile - Nouveau Jour","","17.00","40.00","45.99","0"
"Canvas - Motter Love","A17064-POD2563C","15194","Toile - Loutre Mère","","17.00","55.00","63.24","0"
"Canvas - Giving Thanks","A01028-POD2555C","15195","Toile - Rendre Grâce","","17.00","40.00","45.99","3"
"Canvas - Protector","A00048-6","15196","Toile - Protecteur : Options d'encadrement - Cadre flottant bois noir","10980","0.00","0.00","0.00","0"
"Canvas - Protector","A00048-6","15196","Toile - Protecteur : Options d'encadrement - Cadre flottant bois brun","10981","0.00","0.00","0.00","0"
"Canvas - Protector","A00048-6","15196","Toile - Protecteur : Options d'encadrement - Cadre flottant bois étain","10982","0.00","0.00","0.00","0"
"Canvas - Protector","A00048-6","15196","Toile - Protecteur : Options d'encadrement - Sans cadre","10983","0.00","0.00","0.00","0"
"Canvas - Kouragimut","A91063-1","15219","Toile - Kouragimut : Options d'encadrement - Cadre flottant bois noir","11042","0.00","0.00","0.00","0"
"Canvas - Kouragimut","A91063-1","15219","Toile - Kouragimut : Options d'encadrement - Cadre flottant bois brun","11043","0.00","0.00","0.00","0"
"Canvas - Kouragimut","A91063-1","15219","Toile - Kouragimut : Options d'encadrement - Cadre flottant bois étain","11044","0.00","0.00","0.00","0"
"Canvas - Kouragimut","A91063-1","15219","Toile - Kouragimut : Options d'encadrement - Sans cadre","11045","0.00","0.00","0.00","0"
"Ltd Edition - Kouragimut","A91063-2","15220","Édition Ltée - Kouragimut : Options d'encadrement - Cadre rustique noir 1""","11046","0.00","0.00","0.00","0"
"Ltd Edition - Kouragimut","A91063-2","15220","Édition Ltée - Kouragimut : Options d'encadrement - Cadre rustique brun 1""","11047","0.00","0.00","0.00","0"
"Ltd Edition - Kouragimut","A91063-2","15220","Édition Ltée - Kouragimut : Options d'encadrement - Cadre rustique gris 1""","11048","0.00","0.00","0.00","0"
"Ltd Edition - Kouragimut","A91063-2","15220","Édition Ltée - Kouragimut : Options d'encadrement - Sans cadre","11049","0.00","0.00","0.00","0"
"Card - Kouragimut","A91063-7","15221","Carte - Kouragimut","","2.50","5.50","6.32","0"
"Card - Under the Same Sky","A18066-POD2885","15222","Carte - Sous le Même Ciel","","2.75","6.35","7.30","0"
"Canvas - Humility","A18062-1","15223","Toile - Humilité : Options d'encadrement - Cadre flottant bois noir","11050","0.00","0.00","0.00","0"
"Canvas - Humility","A18062-1","15223","Toile - Humilité : Options d'encadrement - Cadre flottant bois brun","11051","0.00","0.00","0.00","0"
"Canvas - Humility","A18062-1","15223","Toile - Humilité : Options d'encadrement - Cadre flottant bois étain","11052","0.00","0.00","0.00","0"
"Canvas - Humility","A18062-1","15223","Toile - Humilité : Options d'encadrement - Sans cadre","11053","0.00","0.00","0.00","0"
"Canvas - Footprint","A19054-1","15224","Toile - Empreintes Ancestrales : Options d'encadrement - Cadre flottant bois noir","11054","0.00","0.00","0.00","0"
"Canvas - Footprint","A19054-1","15224","Toile - Empreintes Ancestrales : Options d'encadrement - Cadre flottant bois brun","11055","0.00","0.00","0.00","0"
"Canvas - Footprint","A19054-1","15224","Toile - Empreintes Ancestrales : Options d'encadrement - Cadre flottant bois étain","11056","0.00","0.00","0.00","0"
"Canvas - Footprint","A19054-1","15224","Toile - Empreintes Ancestrales : Options d'encadrement - Sans cadre","11057","0.00","0.00","0.00","0"
"Canvas - Northern Masters","W18053-1","15261","Toile - Maîtres du Nord : Options d'encadrement - Cadre flottant bois noir","11190","0.00","0.00","0.00","0"
"Canvas - Northern Masters","W18053-1","15261","Toile - Maîtres du Nord : Options d'encadrement - Cadre flottant bois brun","11191","0.00","0.00","0.00","0"
"Canvas - Northern Masters","W18053-1","15261","Toile - Maîtres du Nord : Options d'encadrement - Cadre flottant bois étain","11192","0.00","0.00","0.00","0"
"Canvas - Northern Masters","W18053-1","15261","Toile - Maîtres du Nord : Options d'encadrement - Sans cadre","11193","0.00","0.00","0.00","0"
"Canvas - Horizon","W17062-1","15262","Toile - Horizon : Options d'encadrement - Cadre flottant bois noir","11194","0.00","0.00","0.00","0"
"Canvas - Horizon","W17062-1","15262","Toile - Horizon : Options d'encadrement - Cadre flottant bois brun","11195","0.00","0.00","0.00","0"
"Canvas - Horizon","W17062-1","15262","Toile - Horizon : Options d'encadrement - Cadre flottant bois étain","11196","0.00","0.00","0.00","0"
"Canvas - Horizon","W17062-1","15262","Toile - Horizon : Options d'encadrement - Sans cadre","11197","0.00","0.00","0.00","0"
"Canvas - Water and Spirit Buffalo","W13023-1","15263","Toile - Eau et Esprit du Bison : Options d'encadrement - Cadre flottant bois noir","11198","0.00","0.00","0.00","0"
"Canvas - Water and Spirit Buffalo","W13023-1","15263","Toile - Eau et Esprit du Bison : Options d'encadrement - Cadre flottant bois brun","11199","0.00","0.00","0.00","0"
"Canvas - Water and Spirit Buffalo","W13023-1","15263","Toile - Eau et Esprit du Bison : Options d'encadrement - Cadre flottant bois étain","11200","0.00","0.00","0.00","0"
"Canvas - Water and Spirit Buffalo","W13023-1","15263","Toile - Eau et Esprit du Bison : Options d'encadrement - Sans cadre","11201","0.00","0.00","0.00","0"
"Canvas - Roots Of Another World","A13053-1","15264","Toile - Racines d'un Autre Monde : Options d'encadrement - Cadre flottant bois noir","11202","0.00","0.00","0.00","0"
"Canvas - Roots Of Another World","A13053-1","15264","Toile - Racines d'un Autre Monde : Options d'encadrement - Cadre flottant bois brun","11203","0.00","0.00","0.00","0"
"Canvas - Roots Of Another World","A13053-1","15264","Toile - Racines d'un Autre Monde : Options d'encadrement - Cadre flottant bois étain","11204","0.00","0.00","0.00","0"
"Canvas - Roots Of Another World","A13053-1","15264","Toile - Racines d'un Autre Monde : Options d'encadrement - Sans cadre","11205","0.00","0.00","0.00","0"
"Canvas - Playing With Shadows","W13027-1","15265","Toile - Jeux d'Ombres : Options d'encadrement - Cadre flottant bois noir","11206","0.00","0.00","0.00","0"
"Canvas - Playing With Shadows","W13027-1","15265","Toile - Jeux d'Ombres : Options d'encadrement - Cadre flottant bois brun","11207","0.00","0.00","0.00","0"
"Canvas - Playing With Shadows","W13027-1","15265","Toile - Jeux d'Ombres : Options d'encadrement - Cadre flottant bois étain","11208","0.00","0.00","0.00","0"
"Canvas - Playing With Shadows","W13027-1","15265","Toile - Jeux d'Ombres : Options d'encadrement - Sans cadre","11209","0.00","0.00","0.00","0"
"Canvas - In Her World","W13026-1","15266","Toile - Dans son Monde : Options d'encadrement - Cadre flottant bois noir","11210","0.00","0.00","0.00","0"
"Canvas - In Her World","W13026-1","15266","Toile - Dans son Monde : Options d'encadrement - Cadre flottant bois brun","11211","0.00","0.00","0.00","0"
"Canvas - In Her World","W13026-1","15266","Toile - Dans son Monde : Options d'encadrement - Cadre flottant bois étain","11212","0.00","0.00","0.00","0"
"Canvas - In Her World","W13026-1","15266","Toile - Dans son Monde : Options d'encadrement - Sans cadre","11213","0.00","0.00","0.00","0"
"Canvas - Messenger","A95053-1","15267","Toile - Messager : Options d'encadrement - Cadre flottant bois noir","11214","0.00","0.00","0.00","0"
"Canvas - Messenger","A95053-1","15267","Toile - Messager : Options d'encadrement - Cadre flottant bois brun","11215","0.00","0.00","0.00","0"
"Canvas - Messenger","A95053-1","15267","Toile - Messager : Options d'encadrement - Cadre flottant bois étain","11216","0.00","0.00","0.00","0"
"Canvas - Messenger","A95053-1","15267","Toile - Messager : Options d'encadrement - Sans cadre","11217","0.00","0.00","0.00","0"
"Canvas - Northern Keepers","A16051-1","15268","Toile - Gardiens du Nord : Options d'encadrement - Cadre flottant bois noir","11218","0.00","0.00","0.00","0"
"Canvas - Northern Keepers","A16051-1","15268","Toile - Gardiens du Nord : Options d'encadrement - Cadre flottant bois brun","11219","0.00","0.00","0.00","0"
"Canvas - Northern Keepers","A16051-1","15268","Toile - Gardiens du Nord : Options d'encadrement - Cadre flottant bois étain","11220","0.00","0.00","0.00","0"
"Canvas - Northern Keepers","A16051-1","15268","Toile - Gardiens du Nord : Options d'encadrement - Sans cadre - 16"" x 20""","11221","0.00","0.00","0.00","0"
"Canvas - Northern Keepers","A16051-1","15268","Toile - Gardiens du Nord : Options d'encadrement - Sans cadre 33"" x 44""","11222","0.00","0.00","0.00","0"
"Canvas - Northern Keepers","A16051-1","15268","Toile - Gardiens du Nord : Options d'encadrement - Sans cadre - 18"" x 24""","11223","0.00","0.00","0.00","0"
"Canvas - Origins","A13057-1","15269","Toile - Origines : Options d'encadrement - Cadre flottant bois noir","11224","0.00","0.00","0.00","0"
"Canvas - Origins","A13057-1","15269","Toile - Origines : Options d'encadrement - Cadre flottant bois brun","11225","0.00","0.00","0.00","0"
"Canvas - Origins","A13057-1","15269","Toile - Origines : Options d'encadrement - Cadre flottant bois étain","11226","0.00","0.00","0.00","0"
"Canvas - Origins","A13057-1","15269","Toile - Origines : Options d'encadrement - Sans cadre","11227","0.00","0.00","0.00","0"
"Canvas - Otherness","A13056-1","15270","Toile - Altérité : Options d'encadrement - Cadre flottant bois noir","11228","0.00","0.00","0.00","0"
"Canvas - Otherness","A13056-1","15270","Toile - Altérité : Options d'encadrement - Cadre flottant bois brun","11229","0.00","0.00","0.00","0"
"Canvas - Otherness","A13056-1","15270","Toile - Altérité : Options d'encadrement - Cadre flottant bois étain","11230","0.00","0.00","0.00","0"
"Canvas - Otherness","A13056-1","15270","Toile - Altérité : Options d'encadrement - Sans cadre","11231","0.00","0.00","0.00","0"
"Canvas - The Return","A10044-1","15271","Toile - Le Retour : Options d'encadrement - Cadre flottant bois noir","11232","0.00","0.00","0.00","0"
"Canvas - The Return","A10044-1","15271","Toile - Le Retour : Options d'encadrement - Cadre flottant bois brun","11233","0.00","0.00","0.00","0"
"Canvas - The Return","A10044-1","15271","Toile - Le Retour : Options d'encadrement - Cadre flottant bois étain","11234","0.00","0.00","0.00","0"
"Canvas - The Return","A10044-1","15271","Toile - Le Retour : Options d'encadrement - Sans cadre","11235","0.00","0.00","0.00","0"
"Canvas - Abundance","A16055-1","15272","Toile - Abondance : Options d'encadrement - Cadre flottant bois noir","11236","0.00","0.00","0.00","0"
"Canvas - Abundance","A16055-1","15272","Toile - Abondance : Options d'encadrement - Cadre flottant bois brun","11237","0.00","0.00","0.00","0"
"Canvas - Abundance","A16055-1","15272","Toile - Abondance : Options d'encadrement - Cadre flottant bois étain","11238","0.00","0.00","0.00","0"
"Canvas - Abundance","A16055-1","15272","Toile - Abondance : Options d'encadrement - Sans cadre","11239","0.00","0.00","0.00","0"
"Canvas - Tranquility","A09054-1","15273","Toile - Tranquillité : Options d'encadrement - Cadre flottant bois noir","11240","0.00","0.00","0.00","0"
"Canvas - Tranquility","A09054-1","15273","Toile - Tranquillité : Options d'encadrement - Cadre flottant bois brun","11241","0.00","0.00","0.00","0"
"Canvas - Tranquility","A09054-1","15273","Toile - Tranquillité : Options d'encadrement - Cadre flottant bois étain","11242","0.00","0.00","0.00","0"
"Canvas - Tranquility","A09054-1","15273","Toile - Tranquillité : Options d'encadrement - Sans cadre","11243","0.00","0.00","0.00","0"
"Canvas - Passing Through","A04060-1","15274","Toile - Traversée : Options d'encadrement - Cadre flottant bois noir","11244","0.00","0.00","0.00","0"
"Canvas - Passing Through","A04060-1","15274","Toile - Traversée : Options d'encadrement - Cadre flottant bois brun","11245","0.00","0.00","0.00","0"
"Canvas - Passing Through","A04060-1","15274","Toile - Traversée : Options d'encadrement - Cadre flottant bois étain","11246","0.00","0.00","0.00","0"
"Canvas - Passing Through","A04060-1","15274","Toile - Traversée : Options d'encadrement - Sans cadre","11247","0.00","0.00","0.00","0"
"Canvas - Sky Girl","A01003-1","15275","Toile - Fille du Ciel : Options d'encadrement - Cadre flottant bois brun","11248","0.00","0.00","0.00","0"
"Canvas - Sky Girl","A01003-1","15275","Toile - Fille du Ciel : Options d'encadrement - Cadre flottant bois noir","11249","0.00","0.00","0.00","0"
"Canvas - Sky Girl","A01003-1","15275","Toile - Fille du Ciel : Options d'encadrement - Cadre flottant bois étain","11250","0.00","0.00","0.00","0"
"Canvas - Sky Girl","A01003-1","15275","Toile - Fille du Ciel : Options d'encadrement - Sans cadre","11251","0.00","0.00","0.00","1"
"Canvas - Early evening flowing into fall","W12018-1","15276","Toile - Soirée glissant vers l'automne : Options d'encadrement - Cadre flottant bois noir","11252","0.00","0.00","0.00","0"
"Canvas - Early evening flowing into fall","W12018-1","15276","Toile - Soirée glissant vers l'automne : Options d'encadrement - Cadre flottant bois brun","11253","0.00","0.00","0.00","0"
"Canvas - Early evening flowing into fall","W12018-1","15276","Toile - Soirée glissant vers l'automne : Options d'encadrement - Cadre flottant bois étain","11254","0.00","0.00","0.00","0"
"Canvas - Early evening flowing into fall","W12018-1","15276","Toile - Soirée glissant vers l'automne : Options d'encadrement - Sans cadre","11255","0.00","0.00","0.00","1"
"Canvas - Going Home","W12016-1","15277","Toile - Retour Chez Soi : Options d'encadrement - Cadre flottant bois noir","11256","0.00","0.00","0.00","0"
"Canvas - Going Home","W12016-1","15277","Toile - Retour Chez Soi : Options d'encadrement - Cadre flottant bois brun","11257","0.00","0.00","0.00","0"
"Canvas - Going Home","W12016-1","15277","Toile - Retour Chez Soi : Options d'encadrement - Cadre flottant bois étain","11258","0.00","0.00","0.00","0"
"Canvas - Going Home","W12016-1","15277","Toile - Retour Chez Soi : Options d'encadrement - Sans cadre","11259","0.00","0.00","0.00","0"
"Canvas - Earth keeper","W12005-1","15278","Toile - Gardienne de la terre : Options d'encadrement - Cadre flottant bois noir","11260","0.00","0.00","0.00","0"
"Canvas - Earth keeper","W12005-1","15278","Toile - Gardienne de la terre : Options d'encadrement - Cadre flottant bois brun","11261","0.00","0.00","0.00","0"
"Canvas - Earth keeper","W12005-1","15278","Toile - Gardienne de la terre : Options d'encadrement - Cadre flottant bois étain","11262","0.00","0.00","0.00","0"
"Canvas - Earth keeper","W12005-1","15278","Toile - Gardienne de la terre : Options d'encadrement - Sans cadre","11263","0.00","0.00","0.00","0"
"Canvas - Gate of Silk","W12014-1","15279","Toile - Portail de Soie : Options d'encadrement - Cadre flottant bois noir","11264","0.00","0.00","0.00","0"
"Canvas - Gate of Silk","W12014-1","15279","Toile - Portail de Soie : Options d'encadrement - Cadre flottant bois brun","11265","0.00","0.00","0.00","0"
"Canvas - Gate of Silk","W12014-1","15279","Toile - Portail de Soie : Options d'encadrement - Cadre flottant bois étain","11266","0.00","0.00","0.00","0"
"Canvas - Gate of Silk","W12014-1","15279","Toile - Portail de Soie : Options d'encadrement - Sans cadre","11267","0.00","0.00","0.00","0"
"Canvas - Winter Wolves","W12008-1","15280","Toile - Loups d'Hiver : Options d'encadrement - Cadre flottant bois noir","11268","0.00","0.00","0.00","0"
"Canvas - Winter Wolves","W12008-1","15280","Toile - Loups d'Hiver : Options d'encadrement - Cadre flottant bois brun","11269","0.00","0.00","0.00","0"
"Canvas - Winter Wolves","W12008-1","15280","Toile - Loups d'Hiver : Options d'encadrement - Cadre flottant bois étain","11270","0.00","0.00","0.00","0"
"Canvas - Winter Wolves","W12008-1","15280","Toile - Loups d'Hiver : Options d'encadrement - Sans cadre","11271","0.00","0.00","0.00","1"
"Canvas - Synchronicity","W12017-1","15281","Toile - Synchronicité : Options d'encadrement - Cadre flottant bois noir","11272","0.00","0.00","0.00","0"
"Canvas - Synchronicity","W12017-1","15281","Toile - Synchronicité : Options d'encadrement - Cadre flottant bois brun","11273","0.00","0.00","0.00","0"
"Canvas - Synchronicity","W12017-1","15281","Toile - Synchronicité : Options d'encadrement - Cadre flottant bois étain","11274","0.00","0.00","0.00","0"
"Canvas - Synchronicity","W12017-1","15281","Toile - Synchronicité : Options d'encadrement - Sans cadre","11275","0.00","0.00","0.00","0"
"Canvas - Passage","W13025-1","15282","Toile - Passage : Options d'encadrement - Cadre flottant bois noir","11276","0.00","0.00","0.00","0"
"Canvas - Passage","W13025-1","15282","Toile - Passage : Options d'encadrement - Cadre flottant bois brun","11277","0.00","0.00","0.00","0"
"Canvas - Passage","W13025-1","15282","Toile - Passage : Options d'encadrement - Cadre flottant bois étain","11278","0.00","0.00","0.00","0"
"Canvas - Passage","W13025-1","15282","Toile - Passage : Options d'encadrement - Sans cadre","11279","0.00","0.00","0.00","1"
"Canvas - Nostalgia","A04039-1","15283","Toile - Nostalgia : Options d'encadrement - Cadre flottant bois noir","11280","0.00","0.00","0.00","0"
"Canvas - Nostalgia","A04039-1","15283","Toile - Nostalgia : Options d'encadrement - Cadre flottant bois brun","11281","0.00","0.00","0.00","0"
"Canvas - Nostalgia","A04039-1","15283","Toile - Nostalgia : Options d'encadrement - Cadre flottant bois étain","11282","0.00","0.00","0.00","0"
"Canvas - Nostalgia","A04039-1","15283","Toile - Nostalgia : Options d'encadrement - Sans cadre","11283","0.00","0.00","0.00","0"
"Canvas - Rebirth","A04015-1","15284","Toile - Renaissance : Options d'encadrement - Cadre flottant bois noir","11284","0.00","0.00","0.00","0"
"Canvas - Rebirth","A04015-1","15284","Toile - Renaissance : Options d'encadrement - Cadre flottant bois brun","11285","0.00","0.00","0.00","0"
"Canvas - Rebirth","A04015-1","15284","Toile - Renaissance : Options d'encadrement - Cadre flottant bois étain","11286","0.00","0.00","0.00","0"
"Canvas - Rebirth","A04015-1","15284","Toile - Renaissance : Options d'encadrement - Sans cadre","11287","0.00","0.00","0.00","0"
"Canvas - Merging Earth and Sky","A10004-1","15285","Toile - Fusion entre Terre et Ciel : Options d'encadrement - Cadre flottant bois noir","11288","0.00","0.00","0.00","0"
"Canvas - Merging Earth and Sky","A10004-1","15285","Toile - Fusion entre Terre et Ciel : Options d'encadrement - Cadre flottant bois brun","11289","0.00","0.00","0.00","0"
"Canvas - Merging Earth and Sky","A10004-1","15285","Toile - Fusion entre Terre et Ciel : Options d'encadrement - Cadre flottant bois étain","11290","0.00","0.00","0.00","0"
"Canvas - Merging Earth and Sky","A10004-1","15285","Toile - Fusion entre Terre et Ciel : Options d'encadrement - Sans cadre","11291","0.00","0.00","0.00","1"
"Canvas - Sky Sisters","A10012-1","15286","Toile - Nos Soeurs du Ciel : Options d'encadrement - Cadre flottant bois noir","11292","0.00","0.00","0.00","0"
"Canvas - Sky Sisters","A10012-1","15286","Toile - Nos Soeurs du Ciel : Options d'encadrement - Cadre flottant bois brun","11293","0.00","0.00","0.00","0"
"Canvas - Sky Sisters","A10012-1","15286","Toile - Nos Soeurs du Ciel : Options d'encadrement - Cadre flottant bois étain","11294","0.00","0.00","0.00","0"
"Canvas - Sky Sisters","A10012-1","15286","Toile - Nos Soeurs du Ciel : Options d'encadrement - Sans cadre","11295","0.00","0.00","0.00","0"
"Canvas - Reaching Out","A01034-1","15287","Toile - Chaleur de Terre : Options d'encadrement - Cadre flottant bois noir","11296","0.00","0.00","0.00","0"
"Canvas - Reaching Out","A01034-1","15287","Toile - Chaleur de Terre : Options d'encadrement - Cadre flottant bois brun","11297","0.00","0.00","0.00","0"
"Canvas - Reaching Out","A01034-1","15287","Toile - Chaleur de Terre : Options d'encadrement - Cadre flottant bois étain","11298","0.00","0.00","0.00","0"
"Canvas - Reaching Out","A01034-1","15287","Toile - Chaleur de Terre : Options d'encadrement - Sans cadre","11299","0.00","0.00","0.00","1"
"Canvas - Teachings","A01036-1","15288","Toile - Le Chant du Tambour : Options d'encadrement - Cadre flottant bois noir","11300","0.00","0.00","0.00","0"
"Canvas - Teachings","A01036-1","15288","Toile - Le Chant du Tambour : Options d'encadrement - Cadre flottant bois brun","11301","0.00","0.00","0.00","0"
"Canvas - Teachings","A01036-1","15288","Toile - Le Chant du Tambour : Options d'encadrement - Cadre flottant bois étain","11302","0.00","0.00","0.00","0"
"Canvas - Teachings","A01036-1","15288","Toile - Le Chant du Tambour : Options d'encadrement - Sans cadre","11303","0.00","0.00","0.00","1"
"Canvas - New Fire","A01033-1","15289","Toile - Nouveau Feu : Options d'encadrement - Cadre flottant bois noir","11304","0.00","0.00","0.00","0"
"Canvas - New Fire","A01033-1","15289","Toile - Nouveau Feu : Options d'encadrement - Cadre flottant bois brun","11305","0.00","0.00","0.00","0"
"Canvas - New Fire","A01033-1","15289","Toile - Nouveau Feu : Options d'encadrement - Cadre flottant bois étain","11306","0.00","0.00","0.00","0"
"Canvas - New Fire","A01033-1","15289","Toile - Nouveau Feu : Options d'encadrement - Sans cadre","11307","0.00","0.00","0.00","0"
"Canvas - Moon Wisdom","A01032-1","15290","Toile - Sagesse de la Lune : Options d'encadrement - Cadre flottant bois noir","11308","0.00","0.00","0.00","0"
"Canvas - Moon Wisdom","A01032-1","15290","Toile - Sagesse de la Lune : Options d'encadrement - Cadre flottant bois brun","11309","0.00","0.00","0.00","0"
"Canvas - Moon Wisdom","A01032-1","15290","Toile - Sagesse de la Lune : Options d'encadrement - Cadre flottant bois étain","11310","0.00","0.00","0.00","0"
"Canvas - Moon Wisdom","A01032-1","15290","Toile - Sagesse de la Lune : Options d'encadrement - Sans cadre","11311","0.00","0.00","0.00","0"
"Canvas - Giving Thanks","A01028-1","15291","Toile - Rendre Grâce : Options d'encadrement - Cadre flottant bois noir","11312","0.00","0.00","0.00","0"
"Canvas - Giving Thanks","A01028-1","15291","Toile - Rendre Grâce : Options d'encadrement - Cadre flottant bois brun","11313","0.00","0.00","0.00","0"
"Canvas - Giving Thanks","A01028-1","15291","Toile - Rendre Grâce : Options d'encadrement - Cadre flottant bois étain","11314","0.00","0.00","0.00","0"
"Canvas - Giving Thanks","A01028-1","15291","Toile - Rendre Grâce : Options d'encadrement - Sans cadre","11315","0.00","0.00","0.00","1"
"Canvas - Eagle Moon","A01030-1","15292","Toile - Lune de l'Aigle : Options d'encadrement - Cadre flottant bois noir","11316","0.00","0.00","0.00","0"
"Canvas - Eagle Moon","A01030-1","15292","Toile - Lune de l'Aigle : Options d'encadrement - Cadre flottant bois brun","11317","0.00","0.00","0.00","0"
"Canvas - Eagle Moon","A01030-1","15292","Toile - Lune de l'Aigle : Options d'encadrement - Cadre flottant bois étain","11318","0.00","0.00","0.00","0"
"Canvas - Eagle Moon","A01030-1","15292","Toile - Lune de l'Aigle : Options d'encadrement - Sans cadre","11319","0.00","0.00","0.00","0"
"Ltd Edition - Playing With Shadows","W13027-2","15293","Édition Ltée - Jeux d'Ombres : Options d'encadrement - Cadre rustique noir 1""","11320","0.00","0.00","0.00","0"
"Ltd Edition - Playing With Shadows","W13027-2","15293","Édition Ltée - Jeux d'Ombres : Options d'encadrement - Cadre rustique brun 1""","11321","0.00","0.00","0.00","0"
"Ltd Edition - Playing With Shadows","W13027-2","15293","Édition Ltée - Jeux d'Ombres : Options d'encadrement - Cadre rustique gris 1""","11322","0.00","0.00","0.00","0"
"Ltd Edition - Playing With Shadows","W13027-2","15293","Édition Ltée - Jeux d'Ombres : Options d'encadrement - Sans cadre","11323","0.00","0.00","0.00","0"
"Ltd Edition - In Her World","W13026-2","15294","Édition Ltée - Dans son Monde : Options d'encadrement - Cadre rustique noir 1""","11324","0.00","0.00","0.00","0"
"Ltd Edition - In Her World","W13026-2","15294","Édition Ltée - Dans son Monde : Options d'encadrement - Cadre rustique brun 1""","11325","0.00","0.00","0.00","0"
"Ltd Edition - In Her World","W13026-2","15294","Édition Ltée - Dans son Monde : Options d'encadrement - Cadre rustique gris 1""","11326","0.00","0.00","0.00","0"
"Ltd Edition - In Her World","W13026-2","15294","Édition Ltée - Dans son Monde : Options d'encadrement - Sans cadre","11327","0.00","0.00","0.00","0"
"Ltd Edition - Zenith","A16052-2","15295","Édition Ltée - Zénith : Options d'encadrement - Cadre rustique noir 1""","11328","0.00","0.00","0.00","0"
"Ltd Edition - Zenith","A16052-2","15295","Édition Ltée - Zénith : Options d'encadrement - Cadre rustique brun 1""","11329","0.00","0.00","0.00","0"
"Ltd Edition - Zenith","A16052-2","15295","Édition Ltée - Zénith : Options d'encadrement - Cadre rustique gris 1""","11330","0.00","0.00","0.00","0"
"Ltd Edition - Zenith","A16052-2","15295","Édition Ltée - Zénith : Options d'encadrement - Sans cadre 2.25"" x 13.25""","11351","0.00","0.00","0.00","0"
"Ltd Edition - Zenith","A16052-2","15295","Édition Ltée - Zénith : Options d'encadrement - Sans cadre 3"" x 18""","11352","0.00","0.00","0.00","2"
"Ltd Edition - Zenith","A16052-2","15295","Édition Ltée - Zénith : Options d'encadrement - Sans cadre 4.5"" x 13.25""","11353","0.00","0.00","0.00","0"
"Ltd Edition - The Return","A10044-2","15296","Édition Ltée - Le Retour : Options d'encadrement - Cadre rustique noir 1""","11332","0.00","0.00","0.00","0"
"Ltd Edition - The Return","A10044-2","15296","Édition Ltée - Le Retour : Options d'encadrement - Cadre rustique brun 1""","11333","0.00","0.00","0.00","0"
"Ltd Edition - The Return","A10044-2","15296","Édition Ltée - Le Retour : Options d'encadrement - Cadre rustique gris 1""","11334","0.00","0.00","0.00","0"
"Ltd Edition - The Return","A10044-2","15296","Édition Ltée - Le Retour : Options d'encadrement - Sans cadre","11335","0.00","0.00","0.00","2"
"Ltd Edition - Journey to the Spirit World","A07020-2","15297","Édition Ltée - Voyage vers le Monde du Songe : Options d'encadrement - Cadre rustique noir 1""","11336","0.00","0.00","0.00","0"
"Ltd Edition - Journey to the Spirit World","A07020-2","15297","Édition Ltée - Voyage vers le Monde du Songe : Options d'encadrement - Cadre rustique brun 1""","11337","0.00","0.00","0.00","0"
"Ltd Edition - Journey to the Spirit World","A07020-2","15297","Édition Ltée - Voyage vers le Monde du Songe : Options d'encadrement - Cadre rustique gris 1""","11338","0.00","0.00","0.00","0"
"Ltd Edition - Journey to the Spirit World","A07020-2","15297","Édition Ltée - Voyage vers le Monde du Songe : Options d'encadrement - Sans cadre","11339","0.00","0.00","0.00","2"
"Ltd Edition - Giving Thanks","A01028-2","15298","Édition Ltée - Rendre Grâce : Options d'encadrement - Cadre rustique noir 1""","11340","0.00","0.00","0.00","0"
"Ltd Edition - Giving Thanks","A01028-2","15298","Édition Ltée - Rendre Grâce : Options d'encadrement - Cadre rustique brun 1""","11341","0.00","0.00","0.00","0"
"Ltd Edition - Giving Thanks","A01028-2","15298","Édition Ltée - Rendre Grâce : Options d'encadrement - Cadre rustique gris 1""","11342","0.00","0.00","0.00","0"
"Ltd Edition - Giving Thanks","A01028-2","15298","Édition Ltée - Rendre Grâce : Options d'encadrement - Sans cadre","11343","0.00","0.00","0.00","3"
"Small Print - Carried Away","A13042-6","15299","Petite Repro - Emportée","","10.87","25.00","28.74","0"
"Small Print - Mahigan","A09010-6","15300","Petite Repro - Mahigan","","10.87","25.00","28.74","0"
"Small Print - Geese Spirit","A10046-6","15301","Petite Repro - L'Esprit de l'Outarde","","10.87","25.00","28.74","0"
"Small Print - Strength Within","A01035-6","15302","Petite Repro - La Force Intérieur","","10.87","25.00","28.74","0"
"Card - Mahigan","A09010-7","15303","Carte - Mahigan","","2.50","5.50","6.32","0"
"Wisdom Keepers","POD2582magnets","15484","Gardiens de la Sagesse","","2.80","6.95","7.99","0"
"River Keeper","POD2579magnets","15485","La Gardienne de l'Eau","","2.80","6.95","7.99","12"
"Silent Seekers","POD2574magnets","15486","En Quête de Silence","","2.80","6.95","7.99","5"
"Passage","POD2569magnets","15487","Passage","","2.80","6.95","7.99","12"
"Northern Keepers","POD2566magnets","15488","Gardiens du Nord","","2.80","6.95","7.99","7"
"Going Home","POD2556magnets","15489","Retour Chez Soi","","2.80","6.95","7.99","5"
"Gezaluwejit","POD2554magnets","15490","Gezaluwejit","","2.70","6.95","7.99","5"
"Depth","POD2550magnets","15491","Profondeur","","2.80","6.95","7.99","6"
"Giving Thanks","POD2555magnets","15492","Rendre Grâce","","2.80","6.95","7.99","19"
"Honoring the Giver of Life","POD2558magnets","15493","Hommage à la Source de Vie","","2.80","6.95","7.99","20"
"Nathalie Coutou 2025 Calendar","CALENDAR1302025","15869","Nathalie Coutou Calendrier 2025","","9.50","22.00","25.29","0"
"Matted Print - Ice Dream","A12050-POD2559","16450","Impression avec Passe-Partout - Rêve de Glace","","7.50","20.00","23.00","2"
"Matted Print - Sky Girl","A01003-POD2565","16451","Impression avec Passe-Partout - Fille du Ciel","","7.50","20.00","23.00","0"
"Matted Print - Returning","A10044-POD2572","16452","Impression avec Passe-Partout - Le Retour","","7.50","20.00","23.00","2"
"Canvas - Early evening flowing into fall","W12018-POD2551C","16454","Toile - Soirée glissant vers l'automne","","17.00","40.00","45.99","4"
"Canvas - New Fire","A01033-POD2581C","16457","Toile - Nouveau Feu","","17.00","40.00","45.99","3"
"Canvas - The Return","A10044-POD2572C","16458","Toile - Le Retour","","17.00","40.00","45.99","2"
"Canvas - Winter Wolves","W12008-POD2581C","16460","Toile - Loups d'Hiver","","17.00","40.00","45.99","4"
"Matted Print - Sky Girl","A01003-POD2565","16462","Impression avec Passe-Partout - Fille du Ciel","","7.50","20.00","23.00","0"
"Matted Print - Sky Sisters","A10012-POD2565","16463","Impression avec Passe-Partout - Nos Soeurs du Ciel","","7.50","20.00","23.00","2"
"Canvas - In Her World","W13026-20079C","16504","Toile - Dans son Monde","","17.00","40.00","45.99","2"
"Coloring Cards N.C","1-COLORX3","16525","Carte à Colorier N.C","","0.00","1.80","2.07","16"
"The Protector","POD2884magnets","16530","Le Protecteur","","2.80","6.95","7.99","15"
"Early Evening Flowing into Fall","POD2551magnets","16531","Soirée Glissant vers l'Automne","","2.80","6.95","7.99","23"
"Refuge","POD2571magnets","16532","Refuge","","2.80","6.95","7.99","3"
"In Her World","POD20079magnets","16682","Dans son Monde","","2.80","6.95","7.99","15"
"Carried Away","POD105832magnets","16683","Emportée","","2.80","6.95","7.99","1"
"Canvas - Earth keeper","POD2552C","16684","Toile - Gardienne de la Terre","","17.00","40.00","45.99","3"
"Canvas - Teachings","POD2577C","16685","Toile - Le Chant du Tambour","","17.00","40.00","45.99","2"
"Matted Print - Passing Through","A04060-20083","16860","Impression avec Passe-Partout - Traversée","","7.50","20.00","23.00","1"
"Matted Print - Wisdom Keepers","A16059-POD2582","16861","Impression avec Passe-Partout - Gardiens de la Sagesse","","7.50","20.00","23.00","3"
"Card - Geese Spirit","A10046-POD2553","16990","Carte - L'Esprit de l'Outarde","","2.75","6.35","7.30","14"
"Card - Merging Earth and Sky","A10004-POD2561","16991","Carte - Fusion Entre Terre et Ciel","","2.75","6.35","7.30","12"
"Canvas - Roots of Another World","20086","16996","Toile - Racines d'un Autre Monde","","17.00","40.00","45.99","3"
"Matted Print - A Moose and Goose","A08007-POD2548","17040","Impression avec Passe-Partout - Un Orignal et une Outarde","","7.50","20.00","23.00","2"
"Card - Honoring the Giver of Life","POD2558","17150","Carte - Hommage à la Source de Vie","","2.75","6.35","7.30","9"
"Card - Sky Girl","A01003","17225","Carte - Fille du Ciel","","2.50","5.50","6.32","0"
"Card - Sky Sisters","A10012-7","17226","Carte - Nos Soeurs du Ciel","","2.50","5.50","6.32","219"
