"Reference code","Product ID","Product name","Product Combinations ID","Combinations (Attribute - value pair)","Quantity","Final price (pre-tax)","Pre-tax wholesale price","Combinations wholesale price"
"A01030-7","14","Card - Eagle Moon","","Card - Eagle Moon","24","5.5","2.5","0"
"A01028-POD2555","17","Card - Giving Thanks","","Card - Giving Thanks","16","6.35","2.75","0"
"A01031-7","20","Card - Honoring the Giver of Life","","Card - Honoring the Giver of Life","49","5.5","2.5","0"
"A01032-7","23","Card - Moon Wisdom","","Card - Moon Wisdom","71","5.5","2.5","0"
"A01036-7","30","Card - Teachings","","Card - Teachings","32","5.5","2.5","0"
"A01035-7","34","Card - Strength Within","","Card - Strength Within","52","5.5","2.5","0"
"A01034-POD2570","35","Card - Reaching Out","","Card - Reaching Out","10","6.35","2.75","0"
"A01037-7","40","Card - Trust","","Card - Trust","36","5.5","2.5","0"
"A08011-7","44","Card - Whisper","","Card - Whisper","107","5.5","2.5","0"
"A08007-POD2548","47","Card - A Moose and Goose","","Card - A Moose and Goose","15","6.35","2.75","0"
"A10012-POD2565","51","Card - Sky Sisters","","Card - Sky Sisters","11","6.35","2.75","0"
"A10004-7","54","Card - Merging Earth and Sky","","Card - Merging Earth and Sky","32","5.5","2.5","0"
"A10046-7","58","Card - Geese Spirit","","Card - Geese Spirit","25","5.5","2.5","0"
"A08013-POD2584","61","Card - New Day","","Card - New Day","9","6.35","2.75","0"
"A08045-20084","64","Card - Patience","","Card - Patience","12","6.35","2.75","0"
"A01029-POD2882","67","Card - Birth of Eagle Shadow","","Card - Birth of Eagle Shadow","10","6.35","2.75","0"
"A08019-POD2886","70","Card - Unity","","Card - Unity","5","6.35","2.75","0"
"A09006-POD2579","73","Card - River Keeper","","Card - River Keeper","7","6.35","2.75","0"
"A04015-20085","76","Card - Rebirth","","Card - Rebirth","4","6.35","2.75","0"
"A04039-7","79","Card - Nostalgia","","Card - Nostalgia","2","5.5","2.5","0"
"W13025-POD2569","85","Card - Passage","","Card - Passage","14","6.35","2.75","0"
"W12024-20076","88","Card - Breath of Life","","Card - Breath of Life","8","6.35","2.75","0"
"W12008-POD2581","95","Card - Winter Wolves","","Card - Winter Wolves","14","6.35","2.75","0"
"W12014-7","101","Card - Gate of Silk","","Card - Gate of Silk","1","5.5","2.5","0"
"W12005-POD2552","104","Card - Earth Keeper","","Card - Earth Keeper","12","6.35","2.75","0"
"W12016-POD2556","107","Card - Going Home","","Card - Going Home","13","6.35","2.75","0"
"W12018-POD2551","113","Card - Early Evening Flowing Into Fall","","Card - Early Evening Flowing Into Fall","14","6.35","2.75","0"
"SKU:53-53-617","119","Bill Helin Killer Whale Halo Mug","","Bill Helin Killer Whale Halo Mug","0","11","4.75","0"
"SKU: 53-53-613","122","Bill Helin Killer Whale Apron","","Bill Helin Killer Whale Apron","0","34.5","15","0"
"SKU: 53-53-612","123","Bill Helin Killer Whale Oven Mitt","","Bill Helin Killer Whale Oven Mitt","1","17.25","6.95","0"
"SKU: 53-53-610","125","Bill Helin Killer Whale Dish Towel","","Bill Helin Killer Whale Dish Towel","0","15","6.52","0"
"SKU: 53-53-616x2","126","Bill Helin Killer Whale Trivet or Coasters","","Bill Helin Killer Whale Trivet or Coasters","0","14","6.52","0"
"SKU: 53-53-620","127","Bill Helin Killer Whale Pot Holder","","Bill Helin Killer Whale Pot Holder","2","14.95","5.75","0"
"SKU: 53-53-611","128","Bill Helin Killer Whale Pocket Pot Holder","","Bill Helin Killer Whale Pocket Pot Holder","0","27","11.7","0"
"SKU: 53-53-510","129","Bill Helin Chilkat Apron","","Bill Helin Chilkat Apron","0","36.95","16","0"
"SKU: 53-53-528","130","Bill Helin Chilkat Trivet or Coasters","","Bill Helin Chilkat Trivet or Coasters","0","14.95","6.3","0"
"SKU: 53-53-521","131","Bill Helin Chilkat Halo Mug","","Bill Helin Chilkat Halo Mug","0","11","4.75","0"
"SKU: 53-53-582","132","Bill Helin Chilkat Oven Mitt","1081","Colors - Red/Black","0","18.95","7.5","0"
"SKU: 53-53-582","132","Bill Helin Chilkat Oven Mitt","1082","Colors - Red/Black/White","1","18.95","7.5","0"
"SKU: 53-53-581","133","Bill Helin Chilkat Pot Holder","1079","Colors - Red/Black","0","14.95","6.5","0"
"SKU: 53-53-581","133","Bill Helin Chilkat Pot Holder","1080","Colors - Red/Black/White","0","14.95","6.5","0"
"SKU: 53-53-507x2","134","Bill Helin Chilkat Dish Towel","1077","Colors - Red/Black","0","15","6.5","0"
"SKU: 53-53-507x2","134","Bill Helin Chilkat Dish Towel","1078","Colors - Red/Black/White","0","15","6.5","0"
"SKU: 53-53-672","135","Bill Helin Eagle Oven Mitt","","Bill Helin Eagle Oven Mitt","0","18.95","8","0"
"SKU: 53-53-671","138","Bill Helin Eagle Pot Holder","","Bill Helin Eagle Pot Holder","0","14.95","6.5","0"
"SKU: 53-53-670","139","Bill Helin Eagle Dish Towel","","Bill Helin Eagle Dish Towel","0","15","6.5","0"
"SKU: 53-53-676x2","140","Bill Helin Eagle Trivet or Coasters","","Bill Helin Eagle Trivet or Coasters","0","14.95","6.3","0"
"SKU: 53-53-417","142","Bill Helin Frog Halo Mug","","Bill Helin Frog Halo Mug","0","11","4.75","0"
"SKU: 53-53-413","143","Bill Helin Frog  Oven Mitt","","Bill Helin Frog  Oven Mitt","0","17.25","6.95","0"
"SKU: 53-53-412","144","Bill Helin Frog Pocket Pot Holder","","Bill Helin Frog Pocket Pot Holder","0","27","11.75","0"
"SKU: 53-53-414","145","Bill Helin Frog Pot Holder","","Bill Helin Frog Pot Holder","0","12.95","4.75","0"
"SKU53-53-411","146","Bill Helin Frog Dish Towell","","Bill Helin Frog Dish Towell","0","15","6.5","0"
"SKU: 53-53-416x2","147","Bill Helin Frog Trivel or Coasters","","Bill Helin Frog Trivel or Coasters","0","14","6.3","0"
"SKU: 53-53-554","148","Bill Helin Hummingbird Apron","","Bill Helin Hummingbird Apron","0","36.95","16","0"
"SKU: 53-53-550","149","Bill Helin Hummingbird Embroidered Tea Towel","","Bill Helin Hummingbird Embroidered Tea Towel","0","15","6.5","0"
"SKU: 53-53-559","150","Bill Helin Hummingbird Halo Mug","","Bill Helin Hummingbird Halo Mug","0","11","4.75","0"
"SKU: 53-53-553","151","Bill Helin Hummingbird Oven Mitt","","Bill Helin Hummingbird Oven Mitt","0","18.95","8","0"
"SKU: 53-53-552","152","Bill Helin Hummingbird Pot Holder","","Bill Helin Hummingbird Pot Holder","3","14.95","5.75","0"
"SKU: 53-53-551","153","Bill Helin Hummingbird Dish Towel","","Bill Helin Hummingbird Dish Towel","0","15","6.5","0"
"SKU: 53-53-558x2","154","Bill Helin Hummingbird Trivet or Coasters","","Bill Helin Hummingbird Trivet or Coasters","0","14.95","6.3","0"
"SKU: 53-53-657","155","Bill Helin Killer Whale Halo Mug","","Bill Helin Killer Whale Halo Mug","0","11","4.75","0"
"SKU: 53-53-652","156","Bill Helin Killer Whale Oven Mitt","","Bill Helin Killer Whale Oven Mitt","0","17.25","6.95","0"
"SKU: 53-53-651","157","Bill Helin Killer Whale Pocket Pot Holder","","Bill Helin Killer Whale Pocket Pot Holder","0","27","11.75","0"
"SKU: 53-53-653","158","Bill Helin Killer Whale Pot Holder","","Bill Helin Killer Whale Pot Holder","3","14.95","5.75","0"
"SKU: 53-53-650","159","Bill Helin Killer Whale Dish Towel","","Bill Helin Killer Whale Dish Towel","0","15","6.5","0"
"SKU: 53-53-656x2","160","Bill Helin Killer Whale Trivet or Coasters","","Bill Helin Killer Whale Trivet or Coasters","0","14.95","6.3","0"
"SKU: 53-53-437","161","Bill Helin Moose Halo Mug","","Bill Helin Moose Halo Mug","0","11","4.75","0"
"SKU: 53-53-432","162","Bill Helin Moose Oven Mitt","","Bill Helin Moose Oven Mitt","0","17.25","6.95","0"
"SKU: 53-53-434","163","Bill Helin Moose Pocket Pot Holder","","Bill Helin Moose Pocket Pot Holder","0","27","11.75","0"
"SKU: 53-53-431","164","Bill Helin Moose Pot Holder","","Bill Helin Moose Pot Holder","0","12.95","4.75","0"
"SKU: 53-53-430","165","Bill Helin Moose Dish Towel","","Bill Helin Moose Dish Towel","0","15","6.5","0"
"SKU: 53-53-436x2","166","Bill Helin Moose Trivet or Coasters","","Bill Helin Moose Trivet or Coasters","0","14","6.3","0"
"SKU: 53-53-010","167","Bill Helin Raven Apron","","Bill Helin Raven Apron","1","36.95","16","0"
"SKU: 53-53-016","168","Bill Helin Raven Mug","","Bill Helin Raven Mug","0","11","4.75","0"
"SKU: 53-53-405","169","Bill Helin Raven Embroidered Pot Holder","","Bill Helin Raven Embroidered Pot Holder","0","12.95","4.75","0"
"SKU: 53-53-040","170","Bill Helin Raven Halo Mug","","Bill Helin Raven Halo Mug","0","11","4.75","0"
"SKU: 53-53-007","171","Bill Helin Raven Oven Mitt","","Bill Helin Raven Oven Mitt","0","18.95","8","0"
"SKU: 53-53-006","172","Bill Helin Raven Pot Holder","","Bill Helin Raven Pot Holder","2","14.95","6.5","0"
"SKU: 53-53-005","173","Bill Helin Raven Dish Towel","","Bill Helin Raven Dish Towel","0","15","6.5","0"
"SKU: 53-53-013x2","174","Bill Helin Raven Trivet or Coasters","","Bill Helin Raven Trivet or Coasters","0","14","6.3","0"
"SKU: 53-53-045","175","Bill Helin Raven Salad Servers","1063","Colors - Rosewood","0","67","29","0"
"SKU: 53-53-045","175","Bill Helin Raven Salad Servers","1064","Colors - Charcoal","2","67","29","0"
"SKU: 52-52-797","178","Andrew Williams Hummingbird Mug","","Andrew Williams Hummingbird Mug","0","11","4.75","0"
"SKU: 52-52-792","179","Andrew Williams Hummingbird Oven Mitt","","Andrew Williams Hummingbird Oven Mitt","0","18.95","8","0"
"SKU: 52-52-794","180","Andrew Williams Hummingbird Pocket Pot Holder","","Andrew Williams Hummingbird Pocket Pot Holder","0","27","11.75","0"
"SKU: 52-52-791","181","Andrew Williams Hummingbird Pot Holder","","Andrew Williams Hummingbird Pot Holder","0","14.95","6.5","0"
"SKU: 52-52-790","182","Andrew Williams Hummingbird Dish Towel","","Andrew Williams Hummingbird Dish Towel","0","15","6.5","0"
"SKU: 52-52-796x2","183","Andrew Williams Hummingbird Trivet or Coasters","","Andrew Williams Hummingbird Trivet or Coasters","0","14","6.3","0"
"SKU: 52-52-747","184","Andrew Williams Octopus Halo Mug","","Andrew Williams Octopus Halo Mug","0","11","4.75","0"
"SKU: 52-52-737","185","Andrew Williams Octopus Halo Mug","","Andrew Williams Octopus Halo Mug","0","11","4.75","0"
"SKU: 52-52-742","186","Andrew Williams Octopus Oven Mitt","","Andrew Williams Octopus Oven Mitt","0","18.95","8","0"
"SKU: 52-52-732","187","Andrew Williams Octopus Oven Mitt","","Andrew Williams Octopus Oven Mitt","0","18.95","8","0"
"SKU: 52-52-744","188","Andrew Williams Octopus Pocket Pot Holder","","Andrew Williams Octopus Pocket Pot Holder","0","27","11.75","0"
"SKU: 52-52-734","189","Andrew Williams Octopus Pocket Pot Holder","","Andrew Williams Octopus Pocket Pot Holder","0","27","11.75","0"
"SKU: 52-52-741","190","Andrew Williams Octopus Pot Holder","","Andrew Williams Octopus Pot Holder","0","14.95","6.5","0"
"SKU: 52-52-731","191","Andrew Williams Octopus Pot Holder","","Andrew Williams Octopus Pot Holder","0","14.95","6.5","0"
"SKU: 52-52-740","192","Andrew Williams Octopus Dish Towel","","Andrew Williams Octopus Dish Towel","0","15","6.5","0"
"SKU: 52-52-730","193","Andrew Williams Octopus Dish Towel","","Andrew Williams Octopus Dish Towel","0","15","6.5","0"
"SKU: 52-52-745x2","194","Andrew Williams Octopus Trivet or Coasters","","Andrew Williams Octopus Trivet or Coasters","0","14.95","6.3","0"
"SKU: 52-52-735x2","195","Andrew Williams Octopus Trivet or Coasters","","Andrew Williams Octopus Trivet or Coasters","0","14.95","6.3","0"
"SKU: 51-51-320","196","Anthony Joseph Salmon Glass Charger","","Anthony Joseph Salmon Glass Charger","0","50","21.75","0"
"SKU: 51-51-322","197","Anthony Joseph Salmon Bowl","","Anthony Joseph Salmon Bowl","0","50","21.75","0"
"SKU: 51-51-209","198","Anthony Joseph Salmon Apron","","Anthony Joseph Salmon Apron","0","36.95","16","0"
"SKU: 51-51-195","199","Anthony Joseph Salmon Tea Towel","","Anthony Joseph Salmon Tea Towel","0","15","6.5","0"
"SKU: 51-51-337","200","Anthony Joseph Salmon Halo Mug","","Anthony Joseph Salmon Halo Mug","0","11","4.75","0"
"SKU: 51-51-332","201","Anthony Joseph Salmon Oven Mitt","","Anthony Joseph Salmon Oven Mitt","0","18.95","8","0"
"SKU: 51-51-333","202","Anthony Joseph Salmon Pot Holder","","Anthony Joseph Salmon Pot Holder","0","14.95","6.5","0"
"SKU: 51-51-330","203","Anthony Joseph Salmon Dish Towel","","Anthony Joseph Salmon Dish Towel","0","15","6.5","0"
"SKU: 51-51-336x2","204","Anthony Joseph Salmon Trivet or Coasters","","Anthony Joseph Salmon Trivet or Coasters","0","14.95","6.3","0"
"SKU: 51-51-032","205","Bill Reid ""Children of the Raven"" Apron","","Bill Reid ""Children of the Raven"" Apron","0","36.95","16","0"
"SKU: 51-51-019","206","Bill Reid  ""Children of the Raven"" Mug","","Bill Reid  ""Children of the Raven"" Mug","0","11","4.75","0"
"SKU: 51-51-006","207","Bill Reid  ""Children of the Raven"" Magnet","","Bill Reid  ""Children of the Raven"" Magnet","0","6","2.6","0"
"SKU: 51-51-030","208","Bill Reid  ""Children of the Raven"" Oven Mitt","","Bill Reid  ""Children of the Raven"" Oven Mitt","0","18.95","6.95","0"
"SKU: 51-51-027","209","Bill Reid ""Children of the Raven"" Pot Holder","","Bill Reid ""Children of the Raven"" Pot Holder","0","14.95","4.75","0"
"SKU: 51-51-001","210","Bill Reid  ""Children of the Raven"" Dish Towel","","Bill Reid  ""Children of the Raven"" Dish Towel","0","15","6.5","0"
"SKU: 51-51-018x2","211","Bill Reil  ""Children of the Raven"" Trivet or Coasters","","Bill Reil  ""Children of the Raven"" Trivet or Coasters","0","14","6.3","0"
"SKU: 51-51-523","212","Clifton Fred ""Bear Box"" Mug","","Clifton Fred ""Bear Box"" Mug","0","11","4.75","0"
"SKU: 51-51-503","213","Clifton Fred ""Bear Box"" Oven Mitt","","Clifton Fred ""Bear Box"" Oven Mitt","0","17.25","6.95","0"
"SKU: 51-51-502","214","Clifton Fred ""Bear Box"" Pot Holder","","Clifton Fred ""Bear Box"" Pot Holder","0","12.95","4.75","0"
"SKU: 51-51-501","215","Clifton Fred ""Bear Box"" Dish Towel","","Clifton Fred ""Bear Box"" Dish Towel","0","15","6.5","0"
"SKU: 51-51-521x2","216","Clifton Fred ""Bear Box"" Trivet or Coasters","","Clifton Fred ""Bear Box"" Trivet or Coasters","0","14","6.3","0"
"SKU: 52-52-432","217","Connie Dickens Raven Oven Mitt","","Connie Dickens Raven Oven Mitt","0","18.95","8","0"
"SKU: 52-52-442","218","Connie Dickens Raven Oven Mitt","","Connie Dickens Raven Oven Mitt","0","18.95","8","0"
"SKU: 52-52-431","221","Connie Dickens Raven Pot Holder","","Connie Dickens Raven Pot Holder","0","14.95","6.5","0"
"SKU: 52-52-441","222","Connie Dickens Raven Pot Holder","","Connie Dickens Raven Pot Holder","0","14.95","6.5","0"
"SKU: 52-52-430","223","Connie Dickens Raven Dish Towel","","Connie Dickens Raven Dish Towel","0","15","6.5","0"
"SKU: 52-52-430","224","Connie Dickens Raven Dish Towel","","Connie Dickens Raven Dish Towel","0","15","6.5","0"
"SKU: 52-52-435x2","225","Connie Dickens Raven Trivet or Coasters","","Connie Dickens Raven Trivet or Coasters","0","14.95","6.3","0"
"SKU: 52-52-446x2","226","Connie Dickens Raven Trivet or Coasters","","Connie Dickens Raven Trivet or Coasters","0","14","6.3","0"
"SKU: 52-52-ziptissus","227","Zip Pouch","","Zip Pouch","0","16","6.75","0"
"SKU: 00-04-566","229","Corrine Hunt Namwayut Collection Large Bowl","","Corrine Hunt Namwayut Collection Large Bowl","2","80","34","0"
"SKU: 00-04-561","230","Corrine Hunt Namwayut Collection Large Bowl","","Corrine Hunt Namwayut Collection Large Bowl","0","80","34","0"
"SKU: 00-04-567","231","Corrine Hunt Namwayut Collection Large Bowl Set","","Corrine Hunt Namwayut Collection Large Bowl Set","0","144","62","0"
"SKU: 00-04-562","232","Corrine Hunt Namwayut Collection Large Bowl Set","","Corrine Hunt Namwayut Collection Large Bowl Set","0","144","62","0"
"SKU: 00-04-565","233","Corrine Hunt Namwayut Collection Small Bowl","","Corrine Hunt Namwayut Collection Small Bowl","0","65","28","0"
"SKU: 00-04-560","234","Corrine Hunt Namwayut Collection Small Bowl","","Corrine Hunt Namwayut Collection Small Bowl","0","65","28","0"
"SKU: 00-04-568","235","Corrine Hunt Collection Namwayut  Salad Servers","","Corrine Hunt Collection Namwayut  Salad Servers","0","67","29","0"
"SKU: 00-04-563","236","Corrine Hunt Collection Namwayut  Salad Servers","","Corrine Hunt Collection Namwayut  Salad Servers","1","67","29","0"
"SKU: 00-04-526","238","Corrine Hunt Sea to Sky Candle Holder","","Corrine Hunt Sea to Sky Candle Holder","0","50.95","22","0"
"SKU: 00-04-525","239","Corrine Hunt Sea to Sky Candle Holder","","Corrine Hunt Sea to Sky Candle Holder","0","48.45","21","0"
"SKU: 00-04-531","240","Corrine Hunt Sea to Sky Cheese Knife","","Corrine Hunt Sea to Sky Cheese Knife","2","56","22","0"
"SKU: 00-04-528","241","Corrine Hunt Sea to Sky Table Napkin Ring","","Corrine Hunt Sea to Sky Table Napkin Ring","1","14","6.05","0"
"SKU: 00-04-523","242","Corrine Hunt Sea to Sky Hostess Platter","","Corrine Hunt Sea to Sky Hostess Platter","0","42","18","0"
"SKU: 00-04-522","243","Corrine Hunt Sea to Sky Hostess Platter","","Corrine Hunt Sea to Sky Hostess Platter","0","78","34","0"
"SKU: 04-04-521","244","Corrine Hunt Sea to Sky Hostess Platter","","Corrine Hunt Sea to Sky Hostess Platter","0","70","30","0"
"SKU: 00-04-520","245","Corrine Hunt Sea to Sky Hostess Platter","","Corrine Hunt Sea to Sky Hostess Platter","0","63","27","0"
"SKU: 00-04-532","246","Corrine Hunt Sea to Sky Pâté Knife","","Corrine Hunt Sea to Sky Pâté Knife","0","46","20","0"
"SKU: 00-06-914","247","Corrine Hunt Sea to Sky Cheese Knife","","Corrine Hunt Sea to Sky Cheese Knife","0","74","32","0"
"SKU: 00-06-915","248","Corrine Hunt Sea to Sky Cheese Knife and Fork Set","","Corrine Hunt Sea to Sky Cheese Knife and Fork Set","1","88","38","0"
"SKU: 00-04-524","249","Corrine Hunt Collection Namwayut  Salad Servers","","Corrine Hunt Collection Namwayut  Salad Servers","0","67","29","0"
"A00048-7-POD2884","251","Card - The Protector","","Card - The Protector","6","6.35","2.75","0"
"SKU: 52-52-618","253","Jim Charlie Tablier Raven Apron","","Jim Charlie Tablier Raven Apron","1","36.95","16","0"
"SKU: 52-52-622","255","Jim Charlie Raven Halo Mug","","Jim Charlie Raven Halo Mug","0","11","4.75","0"
"SKU: 52-52-617","256","Jim Charlie Mitaine Raven Oven Mitt","","Jim Charlie Mitaine Raven Oven Mitt","0","18.95","8","0"
"A01003-POD2575","257","Card - Sky Girl","","Card - Sky Girl","12","6.35","2.75","0"
"SKU: 52-52-627","259","Jim Charlie Raven Oven Mitt","","Jim Charlie Raven Oven Mitt","1","18.95","8","0"
"SKU:52-52-616","261","Jim Charlie Raven Pocket Pot Holder","","Jim Charlie Raven Pocket Pot Holder","0","32","14","0"
"A04060-20083","262","Card - Passing Through","","Card - Passing Through","11","6.35","2.75","0"
"SKU:52-52-626","264","Jim Charlie Raven Pocket Pot Holder","","Jim Charlie Raven Pocket Pot Holder","0","32","14","0"
"SKU: 52-52-619","266","Jim Charlie Raven Pot Holder","","Jim Charlie Raven Pot Holder","1","14.95","5.75","0"
"SKU: 52-52-629","267","Jim Charlie Raven Pot Holder","","Jim Charlie Raven Pot Holder","0","14.95","6.5","0"
"A09054-20087","268","Card - Tranquility","","Card - Tranquility","9","6.35","2.75","0"
"SK52-52-615","269","Jim Charlie Raven Dish Towel","","Jim Charlie Raven Dish Towel","0","15","5.9","0"
"SK52-52-625","272","Jim Charlie Raven Dish Towel","","Jim Charlie Raven Dish Towel","0","15","5.9","0"
"SKU: 52-52-621x2","274","Jim Charlie Raven Trivet or Coasters","","Jim Charlie Raven Trivet or Coasters","0","14.95","5.25","0"
"SKU: 52-52-647","277","Jim Charlie Salmon Halo Mug","","Jim Charlie Salmon Halo Mug","0","11","4.75","0"
"SKU: 52-52-607","279","Jim Charlie Wolf Oven Mitt","","Jim Charlie Wolf Oven Mitt","0","17.25","6.95","0"
"SKU:52-52-644","281","Jim Charlie Salmon Pocket Pot Holder","","Jim Charlie Salmon Pocket Pot Holder","0","32","14","0"
"SKU: 52-52-609","283","Jim Charlie Wolf Pot Holder","","Jim Charlie Wolf Pot Holder","2","12.95","4.75","0"
"SK52-52-640","284","Jim Charlie Salmon Dish Towel","","Jim Charlie Salmon Dish Towel","0","15","5.9","0"
"A10044-POD2572","285","Card - The Return","","Card - The Return","9","6.35","2.75","0"
"SKU: 52-52-646x2","286","Jim Charlie Salmon Trivet or Coasters","","Jim Charlie Salmon Trivet or Coasters","0","14.95","5.25","0"
"SKU:52-52-606","289","Jim Charlie Linge Wolf Pocket Pot Holder","","Jim Charlie Linge Wolf Pocket Pot Holder","0","27","11.5","0"
"A13056-POD2568","290","Card - Otherness","","Card - Otherness","11","6.35","2.75","0"
"SK52-52-605","291","Jim Charlie Wolf Dish Towel","","Jim Charlie Wolf Dish Towel","0","15","5.9","0"
"A13057-POD2567","294","Card - Origins","","Card - Origins","8","6.35","2.75","0"
"SKU: 51-51-805","296","Klatle-Bhi Killer Whale Apron","","Klatle-Bhi Killer Whale Apron","0","36.95","16","0"
"SKU: 51-51-811","298","Klatle-Bhi Killer Whale Mug","","Klatle-Bhi Killer Whale Mug","0","11","4.75","0"
"A16051-POD2566","299","Card - Northern Keepers","","Card - Northern Keepers","11","6.35","2.75","0"
"SKU: 51-51-801","300","Klatle-Bhi Killer Whale Pot Holder","","Klatle-Bhi Killer Whale Pot Holder","0","12.95","4.75","0"
"SKU: 51-51-718","302","Klatle-Bhi Moon Mask Dish Towel","","Klatle-Bhi Moon Mask Dish Towel","0","15","5.9","0"
"A16052-POD2586","304","Card - Zenith","","Card - Zenith","27","6.35","2.75","0"
"SKU: 51-51-710x2","306","Klatle-Bhi Moon Mask Trivet or Coasters","","Klatle-Bhi Moon Mask Trivet or Coasters","0","14.95","6.3","0"
"SKU: 51-51-702","308","Klatle-Bhi Moon Mask Oven Mitt","","Klatle-Bhi Moon Mask Oven Mitt","0","18.95","8","0"
"A16058-POD2574","309","Card - Silent Seekers","","Card - Silent Seekers","10","6.35","2.75","0"
"A16059-POD2582","313","Card - Wisdom Keepers","","Card - Wisdom Keepers","9","6.35","2.75","0"
"A95053-20081","315","Card - Messenger","","Card - Messenger","15","6.35","2.75","0"
"A14051-POD2554","318","Card - Gezaluwejit","","Card - Gezaluwejit","11","6.35","2.75","0"
"W13026-7","321","Card - In Her World","","Card - In Her World","9","5.5","2.5","0"
"W13047-POD2560","324","Card - Inner Memories","","Card - Inner Memories","11","6.35","2.75","0"
"SKU: 51-51-713","327","Klatle-Bhi Moon Mask Mug","","Klatle-Bhi Moon Mask Mug","0","11","4.75","0"
"SKU: 51-51-717","328","Klatle-Bhi Moon Mask Halo Mug","","Klatle-Bhi Moon Mask Halo Mug","0","11","4.75","0"
"SKU: 51-51-802","329","Klatle-Bhi Killer Whale Oven Mitt","","Klatle-Bhi Killer Whale Oven Mitt","0","17.25","6.95","0"
"SKU: 51-51-701","330","Klatle-Bhi Moon Mask Pot Holder","","Klatle-Bhi Moon Mask Pot Holder","0","14.95","6.5","0"
"A11052-7","331","Card - Curiously","","Card - Curiously","0","5.5","2.5","0"
"A12050-POD2559","332","Card - Ice Dream","","Card - Ice Dream","9","6.35","2.75","0"
"W13027-7","335","Card - Playing With Shadows","","Card - Playing With Shadows","2","5.5","2.5","0"
"W13053-20086","338","Card - Roots Of Another World","","Card - Roots Of Another World","9","6.35","2.75","0"
"A01038-7","341","Card - Harmony","","Card - Harmony","17","5.5","2.5","0"
"A01040-7","344","Card - Sharing","","Card - Sharing","42","5.5","2.5","0"
"A13042-POD2549","347","Card - Carried Away","","Card - Carried Away","7","6.35","2.75","0"
"W13023-POD2887","350","Card - Water and Spirit Buffalo","","Card - Water and Spirit Buffalo","11","6.35","2.75","0"
"SKU: 00-04-529","353","Corrine Hunt Sea to Sky Belt Buckle","","Corrine Hunt Sea to Sky Belt Buckle","0","34","14.5","0"
"SKU: 00-04-530","354","Corrine Hunt Sea to Sky Belt Buckle","","Corrine Hunt Sea to Sky Belt Buckle","0","34","14.5","0"
"SKU: 52-52-414","355","Connie Dickens Raven Bucket Tote Bag","","Connie Dickens Raven Bucket Tote Bag","0","56","24","0"
"SKU: 52-52-413","356","Connie Dickens Raven Zip Tote Bag","","Connie Dickens Raven Zip Tote Bag","0","52","22","0"
"SKU: 52-52-412","357","Connie Dickens Raven Town Bag","","Connie Dickens Raven Town Bag","2","56","24","0"
"SKU: 52-52-411","358","Connie Dickens Raven Passport Bag","","Connie Dickens Raven Passport Bag","3","40","16.75","0"
"SKU: 52-52-410","359","Connie Dickens Raven Zip Pouch","","Connie Dickens Raven Zip Pouch","2","20","8.25","0"
"SKU: 52-52-415","360","Connie Dickens Raven Coin Purse","","Connie Dickens Raven Coin Purse","0","15","6.5","0"
"SKU: 52-52-865","361","Kelly Robinson Eagle Bucket Tote Bag","","Kelly Robinson Eagle Bucket Tote Bag","0","56","24","0"
"SKU: 52-52-855","362","Kelly Robinson Eagle Bucket Tote Bag","","Kelly Robinson Eagle Bucket Tote Bag","0","56","24","0"
"SKU: 52-52-864","363","Kelly Robinson Eagle Zip Tote Bag","","Kelly Robinson Eagle Zip Tote Bag","0","52","22","0"
"SKU: 52-52-854","364","Kelly Robinson Eagle Zip Tote Bag","","Kelly Robinson Eagle Zip Tote Bag","0","52","22","0"
"SKU: 52-52-866","365","Kelly Robinson Eagle Coin Purse","","Kelly Robinson Eagle Coin Purse","0","15","6.5","0"
"SKU: 52-52-856","366","Kelly Robinson Eagle Coin Purse","","Kelly Robinson Eagle Coin Purse","1","15","6.5","0"
"SKU: 52-52-861","367","Kelly Robinson Eagle Passport Purse","","Kelly Robinson Eagle Passport Purse","1","40","16.75","0"
"SKU: 52-52-851","368","Kelly Robinson Eagle Passport Purse","","Kelly Robinson Eagle Passport Purse","2","40","16.75","0"
"SKU: 52-52-863","369","Kelly Robinson Eagle Town Bag","","Kelly Robinson Eagle Town Bag","2","56","24","0"
"SKU: 52-52-853","370","Kelly Robinson Eagle Town Bag","","Kelly Robinson Eagle Town Bag","3","56","21","0"
"SKU: 52-52-860","371","Kelly Robinson Eagle Zip Pouch","","Kelly Robinson Eagle Zip Pouch","2","20","8.25","0"
"SKU: 52-52-850","372","Kelly Robinson Eagle Zip Pouch","","Kelly Robinson Eagle Zip Pouch","1","20","8.25","0"
"SKU: 00-07-730x3","373","Corrine Hunt Silk Inspiration Bangle","1038","Size - S","0","54","23.5","0"
"SKU: 00-07-730x3","373","Corrine Hunt Silk Inspiration Bangle","1039","Size - M","1","54","23.5","0"
"SKU: 00-07-730x3","373","Corrine Hunt Silk Inspiration Bangle","1040","Size - L","0","54","23.5","0"
"SKU: 00-07-733x3","374","Corrine Hunt Silk Inspiration Bangle","1035","Size - S","0","54","23.5","0"
"SKU: 00-07-733x3","374","Corrine Hunt Silk Inspiration Bangle","1036","Size - M","1","54","23.5","0"
"SKU: 00-07-733x3","374","Corrine Hunt Silk Inspiration Bangle","1037","Size - L","1","54","23.5","0"
"SKU: 00-07-750x2","375","Corrine Hunt Silk Inspiration Cuff Bracelet","1033","Size - S","1","60","26","0"
"SKU: 00-07-750x2","375","Corrine Hunt Silk Inspiration Cuff Bracelet","1034","Size - M","1","60","26","0"
"SKU: 00-07-752x2","376","Corrine Hunt Silk Inspiration Cuff Bracelet","1031","Size - S","0","60","26","0"
"SKU: 00-07-752x2","376","Corrine Hunt Silk Inspiration Cuff Bracelet","1032","Size - M","0","60","26","0"
"SKU: 00-07-666","377","Corrine Hunt Silk Inspiration Drop Earrings","","Corrine Hunt Silk Inspiration Drop Earrings","1","50","21.5","0"
"SKU: 00-07-662","378","Corrine Hunt Silk Inspiration Drop Earrings","","Corrine Hunt Silk Inspiration Drop Earrings","2","50","21.5","0"
"SKU: 00-07-664","379","Corrine Hunt Silk Inspiration Oval Earrings","","Corrine Hunt Silk Inspiration Oval Earrings","2","50","21.5","0"
"SKU: 00-07-674","380","Corrine Hunt Silk Inspiration Drop Earrings","","Corrine Hunt Silk Inspiration Drop Earrings","3","50","21.5","0"
"SKU: 00-07-660","381","Corrine Hunt Silk Inspiration Oval Earrings","","Corrine Hunt Silk Inspiration Oval Earrings","1","50","21.5","0"
"SKU: 00-07-672","382","Corrine Hunt Silk Inspiration Oval Earrings","","Corrine Hunt Silk Inspiration Oval Earrings","1","50","21.5","0"
"SKU: 00-07-667","383","Corrine Hunt Silk Inspiration Trapezoid Earrings","","Corrine Hunt Silk Inspiration Trapezoid Earrings","2","50","21.5","0"
"SKU: 00-07-663","384","Corrine Hunt Silk Inspiration Trapezoid Earrings","","Corrine Hunt Silk Inspiration Trapezoid Earrings","2","50","21.5","0"
"SKU: 00-07-675","385","Corrine Hunt Silk Inspiration Trapezoid Earrings","","Corrine Hunt Silk Inspiration Trapezoid Earrings","1","50","21.5","0"
"SKU: 00-07-665","386","Corrine Hunt Silk Inspiration Triangle Earrings","","Corrine Hunt Silk Inspiration Triangle Earrings","1","50","21.5","0"
"SKU: 00-07-661","387","Corrine Hunt Silk Inspiration Triangle Earrings","","Corrine Hunt Silk Inspiration Triangle Earrings","1","50","21.5","0"
"SKU: 00-07-673","388","Corrine Hunt Silk Inspiration Triangle Earrings","","Corrine Hunt Silk Inspiration Triangle Earrings","2","50","21.5","0"
"SKU: 00-07-653","389","Corrine Hunt Silk Inspiration Oval Pendant","","Corrine Hunt Silk Inspiration Oval Pendant","0","46","20","0"
"SKU: 00-07-657","391","Corrine Hunt Silk Inspiration Oval Pendant","","Corrine Hunt Silk Inspiration Oval Pendant","2","46","20","0"
"SKU: 00-07-654","392","Corrine Hunt Silk Inspiration Round Pendant","","Corrine Hunt Silk Inspiration Round Pendant","1","46","20","0"
"SKU: 00-07-652","393","Corrine Hunt Silk Inspiration Round Pendant","","Corrine Hunt Silk Inspiration Round Pendant","1","46","20","0"
"SKU: 00-07-658","394","Corrine Hunt Silk Inspiration Round Pendant","","Corrine Hunt Silk Inspiration Round Pendant","1","46","20","0"
"SKU: 00-07-739x3","395","Kelly Robinson Silk Inspiration Bangle","1028","Size - S","2","54","23.5","0"
"SKU: 00-07-739x3","395","Kelly Robinson Silk Inspiration Bangle","1029","Size - M","0","54","23.5","0"
"SKU: 00-07-739x3","395","Kelly Robinson Silk Inspiration Bangle","1030","Size - L","2","54","23.5","0"
"SKU: 00-07-736x3","396","Kelly Robinson Silk Inspiration Bangle","1025","Size - S","0","54","23.5","0"
"SKU: 00-07-736x3","396","Kelly Robinson Silk Inspiration Bangle","1026","Size - M","0","54","23.5","0"
"SKU: 00-07-736x3","396","Kelly Robinson Silk Inspiration Bangle","1027","Size - L","0","54","23.5","0"
"SKU: 00-07-756x2","397","Kelly Robinson Silk Inspiration Cuff Bracelet","1023","Size - S","1","60","26","0"
"SKU: 00-07-756x2","397","Kelly Robinson Silk Inspiration Cuff Bracelet","1024","Size - M","1","60","26","0"
"SKU: 00-07-754x2","398","Kelly Robinson Silk Inspiration Cuff Bracelet","1021","Size - S","1","60","26","0"
"SKU: 00-07-754x2","398","Kelly Robinson Silk Inspiration Cuff Bracelet","1022","Size - M","1","60","26","0"
"SKU: 00-07-670","399","Kelly Robinson Silk Inspiration Drop Earrings","","Kelly Robinson Silk Inspiration Drop Earrings","2","50","21.5","0"
"SKU: 00-07-678","400","Kelly Robinson Silk Inspiration Drop Earrings","","Kelly Robinson Silk Inspiration Drop Earrings","1","50","21.5","0"
"SKU: 00-07-668","401","Kelly Robinson Silk Inspiration Oval Earrings","","Kelly Robinson Silk Inspiration Oval Earrings","2","50","21.5","0"
"SKU: 00-07-676","402","Kelly Robinson Silk Inspiration Oval Earrings","","Kelly Robinson Silk Inspiration Oval Earrings","0","50","21.5","0"
"SKU: 00-07-679","403","Kelly Robinson Silk Inspiration Trapezoid Earrings","","Kelly Robinson Silk Inspiration Trapezoid Earrings","0","50","21.5","0"
"SKU: 00-07-671","404","Kelly Robinson Silk Inspiration Trapezoid Earrings","","Kelly Robinson Silk Inspiration Trapezoid Earrings","2","50","21.5","0"
"SKU: 00-07-669","405","Kelly Robinson Silk Inspiration Triangle Earrings","","Kelly Robinson Silk Inspiration Triangle Earrings","2","50","21.5","0"
"SKU: 00-07-677","406","Kelly Robinson Silk Inspiration Triangle Earrings","","Kelly Robinson Silk Inspiration Triangle Earrings","1","50","21.5","0"
"SKU: 00-07-655","407","Kelly Robinson Silk Inspiration Oval Pendant","","Kelly Robinson Silk Inspiration Oval Pendant","2","46","20","0"
"SKU: 00-07-631","408","Kelly Robinson Silk Inspiration Oval Pendant","","Kelly Robinson Silk Inspiration Oval Pendant","1","46","20","0"
"SKU: 00-07-632","409","Kelly Robinson Silk Inspiration Round Pendant","","Kelly Robinson Silk Inspiration Round Pendant","2","46","20","0"
"SKU: 00-07-656","410","Kelly Robinson Silk Inspiration Round Pendant","","Kelly Robinson Silk Inspiration Round Pendant","2","46","16.5","0"
"SKU: 00-07-562x2","418","Andrew Williams Octopus Bracelet","7525","Size - 6.5""","0","110.95","45","0"
"SKU: 00-07-562x2","418","Andrew Williams Octopus Bracelet","7526","Size - 8""","2","110.95","45","0"
"SKU: 00-07-563x2","420","Andrew Williams Octopus Pendant","","Andrew Williams Octopus Pendant","1","90","39","0"
"SKU: 00-07-560x2","422","Andrew Williams Raven Pendant","","Andrew Williams Raven Pendant","1","90","39","0"
"00-07-581","423","Bill Helin Raven Bracelet","","Bill Helin Raven Bracelet","0","110.95","48","0"
"SKU: 00-07-528","424","Corrine Hunt Eagle Earrings","","Corrine Hunt Eagle Earrings","1","80","34.5","0"
"SKU: 00-07-503","425","Corrine Hunt Killer Whale Pendant","","Corrine Hunt Killer Whale Pendant","1","82","35.5","0"
"SKU: 00-07-520","426","Corrine Hunt Eagle Earrings","","Corrine Hunt Eagle Earrings","1","85","37","0"
"SKU: 00-07-530","427","Corrine Hunt Eagle Earrings","","Corrine Hunt Eagle Earrings","0","85","37","0"
"SKU: 00-07-504","428","Corrine Hunt Wolf Pendant","","Corrine Hunt Wolf Pendant","2","82","35.5","0"
"SKU: 00-07-529","429","Corrine Hunt Wolf Earrings","","Corrine Hunt Wolf Earrings","1","80","34.5","0"
"SKU: 00-07-521","430","Corrine Hunt Killer Whale Earrings","","Corrine Hunt Killer Whale Earrings","1","85","37","0"
"SKU: 00-07-508","431","Corrine Hunt Eagle Pendant","","Corrine Hunt Eagle Pendant","1","90","39","0"
"SKU: 00-07-523","434","Corrine Hunt Killer Whale Earrings","","Corrine Hunt Killer Whale Earrings","0","85","37","0"
"SKU: 00-07-501","435","Corrine Hunt Killer Whale Pendant","1015","Size - S","0","60","27","35.5"
"SKU: 00-07-501","435","Corrine Hunt Killer Whale Pendant","1016","Size - L","1","86","27","37.5"
"SKU: 00-07-500","436","Corrine Hunt Eagle Pendant","","Corrine Hunt Eagle Pendant","2","82","35.5","0"
"SKU: 00-07-524","437","Corrine Hunt Wolf Earrings","","Corrine Hunt Wolf Earrings","1","85","37","0"
"SKU: 00-07-509","439","Corrine Hunt Wolf Pendant","11700","Jewelry - Silver chain","1","90","39","39"
"SKU: 00-07-509","439","Corrine Hunt Wolf Pendant","11701","Jewelry - Black Satin Cord","0","74","39","32"
"SKU: 00-07-594","440","Corrine Hunt Eagle Pendant","","Corrine Hunt Eagle Pendant","0","82","28","0"
"SKU: 00-07-507","442","Corrine Hunt Eagle Pendant","6556","Jewelry - Silver chain","1","82","28","35.5"
"SKU: 00-07-507","442","Corrine Hunt Eagle Pendant","6557","Jewelry - Black Satin Cord","0","74","28","31.5"
"SKU: 00-07-505","443","Corrine Hunt Eagle Pendant","","Corrine Hunt Eagle Pendant","1","82","35.5","0"
"SKU: 00-07-595","444","Corrine Hunt Killer Whale Pendant","","Corrine Hunt Killer Whale Pendant","1","76","32","0"
"SKU: 00-07-506","445","Corrine Hunt Eagle Pendant","","Corrine Hunt Eagle Pendant","0","82","35.5","0"
"SKU: 00-07-570x2","447","Kelly Robinson Eagle Bracelet","7830","Size - 6.5""","0","110.95","48","0"
"SKU: 00-07-570x2","447","Kelly Robinson Eagle Bracelet","7831","Size - 8""","0","110.95","48","0"
"SKU: 00-07-571x2","448","Kelly Robinson Hummingbird Bracelet","7523","Size - 6.5""","0","110.95","0","48"
"SKU: 00-07-571x2","448","Kelly Robinson Hummingbird Bracelet","7524","Size - 8""","0","110.95","0","45"
"SKU: 00-04-703","449","Moon Mask Cribbage Board","","Moon Mask Cribbage Board","0","196","85","0"
"SKU: 00-04-702","451","Cribbage Board","","Cribbage Board","1","180","72","0"
"SKU: 00-04-495","452","Keith Tait Frog Box","","Keith Tait Frog Box","1","81","35","0"
"SKU: 90-90-252","454","John Robson CMH Clamshell Box Watch","11706","Size - M","0","345","450","150"
"SKU: 90-90-252","454","John Robson CMH Clamshell Box Watch","11707","Size - L","0","1050","450","450"
"SKU: 90-90-250","455","CMH Dogfish Box","","CMH Dogfish Box","0","62","27","0"
"SKU: 90-90-251","456","CMH Sea Monster Box","","CMH Sea Monster Box","0","76","33","0"
"SKU: 90-90-152","457","Haida Gwaii Beaver Bowl","","Haida Gwaii Beaver Bowl","1","230","92","0"
"SKU: 90-90-150","458","Haida Gwaii Frog Bowl","","Haida Gwaii Frog Bowl","1","65","28","0"
"SKU: 90-90-151","459","Haida Gwaii Frog Bowl","","Haida Gwaii Frog Bowl","0","80.95","35","0"
"SKU: 90-90-200","460","Haida Gwaii Halibut Plate","","Haida Gwaii Halibut Plate","0","152","66","0"
"SKU: 90-90-201","461","Haida Gwaii Killer Whale Plate","","Haida Gwaii Killer Whale Plate","1","182","72","0"
"SKU: 90-90-208","462","Haida Gwaii Octopus Platter","","Haida Gwaii Octopus Platter","1","355","154","0"
"SKU: 90-90-203","463","Haida Gwaii Sea Wolf Platter","","Haida Gwaii Sea Wolf Platter","1","448","180","0"
"SKU: 90-90-206","464","Haida Gwaii Dogfish Platter","","Haida Gwaii Dogfish Platter","0","230","97","0"
"SKU: 90-90-202","465","Haida Gwaii Thunderbird/Whale Platter","","Haida Gwaii Thunderbird/Whale Platter","0","254","110","0"
"SKU: 90-90-003","466","Haida Gwaii Bear/Dogfish Totem","","Haida Gwaii Bear/Dogfish Totem","0","50.95","22","0"
"SKU: 90-90-001","467","Haida Gwaii Bear/Halibut Totem","","Haida Gwaii Bear/Halibut Totem","0","38.5","16.75","0"
"SKU: 90-90-009","468","Haida Gwaii Bear Mother Totem","","Haida Gwaii Bear Mother Totem","0","230","100","0"
"SKU: 90-90-004","469","Haida Gwaii Bear/Raven Totem","","Haida Gwaii Bear/Raven Totem","0","76","33","0"
"SKU: 90-90-002","471","Haida Gwaii Bear/Salmon Totem","","Haida Gwaii Bear/Salmon Totem","0","50.95","22","0"
"SKU: 90-90-008","472","Haida Gwaii Beaver/Bear/Killer Whale Totem","","Haida Gwaii Beaver/Bear/Killer Whale Totem","0","104","45","0"
"SKU: 90-90-010","473","Haida Gwaii Eagle Totem","","Haida Gwaii Eagle Totem","0","299","130","0"
"SKU: 90-90-006","474","Haida Gwaii Raven Totem","","Haida Gwaii Raven Totem","0","82.95","36","0"
"SKU: 90-90-005","475","Haida Gwaii Raven/Beaver Totem","","Haida Gwaii Raven/Beaver Totem","0","76","33","0"
"SKU: 90-90-007","476","Haida Gwaii Shaman/Raven/Beaver Totem","","Haida Gwaii Shaman/Raven/Beaver Totem","0","104","45","0"
"SKU: 00-02-826","477","Potlatch Bear Dish","","Potlatch Bear Dish","2","116","50.5","0"
"SKU: 00-02-816","478","Potlatch Bear Bowl","","Potlatch Bear Bowl","0","299","130","0"
"SKU: 00-02-815","479","Potlatch Dogfish Bowl","","Potlatch Dogfish Bowl","0","222","96","0"
"SKU: 00-02-822","480","Potlatch Frog Bowl","","Potlatch Frog Bowl","3","116","50.5","0"
"SKU: 00-02-823","481","Potlatch Loon Bowl","","Potlatch Loon Bowl","0","116","50.5","0"
"SKU: 00-02-824","482","Potlatch Raven Bowl","","Potlatch Raven Bowl","1","116","50.5","0"
"SKU: 00-02-814","483","Potlatch Raven Bowl","","Potlatch Raven Bowl","1","184","96","0"
"SKU: 54-54-116","485","Moccasins Bear Box","1087","Shoe Size - 18 months","0","92","40","0"
"SKU: 54-54-116","485","Moccasins Bear Box","1088","Shoe Size - 24 months","0","92","40","0"
"SKU: 54-54-116","485","Moccasins Bear Box","1089","Shoe Size - 36 months","4","92","40","0"
"SKU-54-54-380","489","City Bag, Bear Box","4027","Colors - Black","0","110","48","0"
"SKU-54-54-380","489","City Bag, Bear Box","4029","Colors - Turquoise","0","110","48","0"
"SKU-54-54-380","489","City Bag, Bear Box","4030","Colors - Walnut","1","110","48","0"
"SKU: 54-54-206x12","501","Bear Box Coin Purse","106","Colors - Black","0","34.5","15","0"
"SKU: 54-54-206x12","501","Bear Box Coin Purse","107","Colors - Red","0","34.5","15","0"
"SKU: 54-54-206x12","501","Bear Box Coin Purse","110","Colors - Turquoise","0","34.5","15","0"
"SKU: 54-54-206x12","501","Bear Box Coin Purse","112","Colors - Black Deer","0","34.5","15","0"
"SKU: 54-54-206x12","501","Bear Box Coin Purse","113","Colors - Red Deer","0","34.5","15","0"
"SKU: 54-54-206x12","501","Bear Box Coin Purse","114","Colors - Light Brown Deer","0","34.5","15","0"
"SKU: 54-54-206x12","501","Bear Box Coin Purse","115","Colors - Turquoise Deer","0","34.5","15","0"
"SKU: 54-54-206x12","501","Bear Box Coin Purse","9223","Colors - Beige","1","34.5","15","0"
"SKU: 54-54-395","502","Mini Coin Purse Bear Box","102","Colors - Black","0","32.95","14.5","0"
"SKU: 54-54-395","502","Mini Coin Purse Bear Box","103","Colors - Red","4","32.95","14.5","0"
"SKU: 54-54-395","502","Mini Coin Purse Bear Box","104","Colors - Turquoise","4","32.95","14.5","0"
"SKU: 54-54-395","502","Mini Coin Purse Bear Box","105","Colors - Light Brown","3","32.95","14.5","0"
"SKU: 54-54-395","502","Mini Coin Purse Bear Box","2069","Colors - Walnut","0","32.95","14.5","0"
"SKU: 54-54-395","502","Mini Coin Purse Bear Box","3952","Colors - Yellow","3","32.95","14.5","0"
"SKU: 54-54-208","509","Passport Pouch Bear Box","4097","Colors - Black","0","72","31","0"
"SKU: 54-54-208","509","Passport Pouch Bear Box","4098","Colors - Red","0","72","31","0"
"SKU: 54-54-208","509","Passport Pouch Bear Box","4099","Colors - Walnut","0","72","31","0"
"SKU: 54-54-208","509","Passport Pouch Bear Box","4100","Colors - Turquoise","1","72","31","0"
"SKU: 54-54-208","509","Passport Pouch Bear Box","4102","Colors - Teal ","1","72","31","0"
"SKU: 54-54-208","509","Passport Pouch Bear Box","4121","Colors - Bronze","0","72","31","0"
"SKU: 54-54-208","509","Passport Pouch Bear Box","7834","Colors - Cream","0","72","31","0"
"SKU: 54-54-208","509","Passport Pouch Bear Box","9129","Colors - Yellow","0","72","31","0"
"SKU: 54-54-203","518","Embossed Solo Bag Bear Box","8523","Colors - Black","0","120","52","0"
"SKU: 54-54-203","518","Embossed Solo Bag Bear Box","8524","Colors - Red","0","120","52","0"
"SKU: 54-54-203","518","Embossed Solo Bag Bear Box","8525","Colors - Saddle","0","120","52","0"
"SKU: 54-54-203","518","Embossed Solo Bag Bear Box","8526","Colors - Turquoise","0","120","52","0"
"SKU: 54-54-203","518","Embossed Solo Bag Bear Box","8527","Colors - Black Deer","0","120","52","0"
"SKU: 54-54-203","518","Embossed Solo Bag Bear Box","8528","Colors - Red Deer","0","120","52","0"
"SKU: 54-54-203","518","Embossed Solo Bag Bear Box","8529","Colors - Beige Deer","0","120","52","0"
"SKU: 54-54-203","518","Embossed Solo Bag Bear Box","8530","Colors - Tan Deer","0","120","52","0"
"SKU: 54-54-203","518","Embossed Solo Bag Bear Box","8531","Colors - Turquoise Deer","1","120","52","0"
"SKU: 54-54-232","525","Wristlet Bear Box","4078","Colors - Black","0","56","24","0"
"SKU: 54-54-232","525","Wristlet Bear Box","4079","Colors - Red","0","56","24","0"
"SKU: 54-54-232","525","Wristlet Bear Box","4081","Colors - Turquoise","0","56","24","0"
"SKU: 54-54-232","525","Wristlet Bear Box","4082","Colors - Tan","0","56","24","0"
"SKU: 54-54-232","525","Wristlet Bear Box","4090","Colors - Cherry","0","56","24","0"
"SKU: 54-54-232","525","Wristlet Bear Box","8532","Colors - Saddle","0","56","24","0"
"SKU: 54-54-134x7","531","Bill Helin Eagle Coin Purse","62","Colors - Black","0","34","14.5","0"
"SKU: 54-54-134x7","531","Bill Helin Eagle Coin Purse","63","Colors - Red","0","34","14.5","0"
"SKU: 54-54-134x7","531","Bill Helin Eagle Coin Purse","64","Colors - Turquoise","0","34","14.5","0"
"SKU: 54-54-134x7","531","Bill Helin Eagle Coin Purse","65","Colors - Light Brown","0","34","14.5","0"
"SKU: 54-54-134x7","531","Bill Helin Eagle Coin Purse","67","Colors - Light Brown Deer","0","28","14.5","28"
"SKU: 54-54-134x7","531","Bill Helin Eagle Coin Purse","68","Colors - Red Deer","0","28","14.5","0"
"6017-0408-00VI-600VI","534","Ladies Suede Slippers","507","Shoe Size - 4","0","108","46.9","0"
"6017-0408-00VI-600VI","534","Ladies Suede Slippers","508","Shoe Size - 5","0","108","46.9","0"
"6017-0408-00VI-600VI","534","Ladies Suede Slippers","509","Shoe Size - 6","0","108","46.9","0"
"6017-0408-00VI-600VI","534","Ladies Suede Slippers","510","Shoe Size - 7","0","108","46.9","0"
"6017-0408-00VI-600VI","534","Ladies Suede Slippers","511","Shoe Size - 8","0","108","46.9","0"
"6017-0408-00VI-600VI","534","Ladies Suede Slippers","512","Shoe Size - 9","0","108","46.9","0"
"6017-0408-00VI-600VI","534","Ladies Suede Slippers","513","Shoe Size - 10","0","108","46.9","0"
"6017-0408-00VI-600VI","534","Ladies Suede Slippers","514","Shoe Size - 11","0","108","46.9","0"
"6017-0408-00VI-600VI","534","Ladies Suede Slippers","515","Shoe Size - 12","0","108","46.9","0"
"6080-0408-41AQ-600AQ","535","Ladies Suede Slippers","522","Shoe Size - 11","0","108","46.9","0"
"6080-0408-41AQ-600AQ","535","Ladies Suede Slippers","7058","Shoe Size - 4","0","108","46.9","0"
"6080-0408-41AQ-600AQ","535","Ladies Suede Slippers","7059","Shoe Size - 5","0","108","46.9","0"
"6080-0408-41AQ-600AQ","535","Ladies Suede Slippers","7060","Shoe Size - 6","0","108","46.9","0"
"6080-0408-41AQ-600AQ","535","Ladies Suede Slippers","7061","Shoe Size - 7","0","108","46.9","0"
"6080-0408-41AQ-600AQ","535","Ladies Suede Slippers","7062","Shoe Size - 8","0","108","46.9","0"
"6080-0408-41AQ-600AQ","535","Ladies Suede Slippers","7063","Shoe Size - 9","0","108","46.9","0"
"6080-0408-41AQ-600AQ","535","Ladies Suede Slippers","7064","Shoe Size - 10","0","108","46.9","0"
"6080-0408-41AQ-600AQ","535","Ladies Suede Slippers","7065","Shoe Size - 12","0","108","46.9","0"
"6080-0408-41BU-600BU","537","Ladies Suede Slippers","534","Shoe Size - 5","1","115","46.9","0"
"6080-0408-41BU-600BU","537","Ladies Suede Slippers","535","Shoe Size - 6","1","115","46.9","0"
"6080-0408-41BU-600BU","537","Ladies Suede Slippers","536","Shoe Size - 7","0","115","46.9","0"
"6080-0408-41BU-600BU","537","Ladies Suede Slippers","537","Shoe Size - 8","0","115","46.9","0"
"6080-0408-41BU-600BU","537","Ladies Suede Slippers","538","Shoe Size - 9","1","115","46.9","0"
"6080-0408-41BU-600BU","537","Ladies Suede Slippers","539","Shoe Size - 10","0","115","46.9","0"
"6080-0408-41BU-600BU","537","Ladies Suede Slippers","540","Shoe Size - 11","0","115","46.9","0"
"6080-0408-41BU-600BU","537","Ladies Suede Slippers","541","Shoe Size - 12","0","115","46.9","0"
"6080-0408-41BU-600BU","537","Ladies Suede Slippers","542","Shoe Size - 4","0","115","46.9","0"
"6080-0408-41CO-600CO","538","Ladies Suede Slippers","543","Shoe Size - 5","0","108","46.9","0"
"6080-0408-41CO-600CO","538","Ladies Suede Slippers","544","Shoe Size - 6","0","108","46.9","0"
"6080-0408-41CO-600CO","538","Ladies Suede Slippers","545","Shoe Size - 7","0","108","46.9","0"
"6080-0408-41CO-600CO","538","Ladies Suede Slippers","546","Shoe Size - 8","0","108","46.9","0"
"6080-0408-41CO-600CO","538","Ladies Suede Slippers","547","Shoe Size - 9","0","108","46.9","0"
"6080-0408-41CO-600CO","538","Ladies Suede Slippers","548","Shoe Size - 10","0","108","46.9","0"
"6080-0408-41CO-600CO","538","Ladies Suede Slippers","549","Shoe Size - 11","0","108","46.9","0"
"6080-0408-41CO-600CO","538","Ladies Suede Slippers","550","Shoe Size - 12","0","108","46.9","0"
"6080-0408-41CO-600CO","538","Ladies Suede Slippers","551","Shoe Size - 4","0","108","46.9","0"
"6080-0408-41COTO-600COTO","539","Ladies Suede Slippers","558","Shoe Size - 11","0","108","46.9","0"
"6080-0408-41COTO-600COTO","539","Ladies Suede Slippers","7066","Shoe Size - 4","0","108","46.9","0"
"6080-0408-41COTO-600COTO","539","Ladies Suede Slippers","7067","Shoe Size - 5","0","108","46.9","0"
"6080-0408-41COTO-600COTO","539","Ladies Suede Slippers","7068","Shoe Size - 6","0","108","46.9","0"
"6080-0408-41COTO-600COTO","539","Ladies Suede Slippers","7069","Shoe Size - 7","0","108","46.9","0"
"6080-0408-41COTO-600COTO","539","Ladies Suede Slippers","7070","Shoe Size - 8","0","108","46.9","0"
"6080-0408-41COTO-600COTO","539","Ladies Suede Slippers","7071","Shoe Size - 9","0","108","46.9","0"
"6080-0408-41COTO-600COTO","539","Ladies Suede Slippers","7072","Shoe Size - 10","0","108","46.9","0"
"6080-0408-41COTO-600COTO","539","Ladies Suede Slippers","7073","Shoe Size - 12","0","108","46.9","0"
"6080-0408-41DKTCK-600DKTCK","540","Ladies Suede/Leather Slippers","561","Shoe Size - 5","0","115","49.7","0"
"6080-0408-41DKTCK-600DKTCK","540","Ladies Suede/Leather Slippers","562","Shoe Size - 6","0","115","49.7","0"
"6080-0408-41DKTCK-600DKTCK","540","Ladies Suede/Leather Slippers","563","Shoe Size - 7","0","115","49.7","0"
"6080-0408-41DKTCK-600DKTCK","540","Ladies Suede/Leather Slippers","564","Shoe Size - 8","0","115","49.7","0"
"6080-0408-41DKTCK-600DKTCK","540","Ladies Suede/Leather Slippers","565","Shoe Size - 9","0","115","49.7","0"
"6080-0408-41DKTCK-600DKTCK","540","Ladies Suede/Leather Slippers","566","Shoe Size - 10","0","115","49.7","0"
"6080-0408-41DKTCK-600DKTCK","540","Ladies Suede/Leather Slippers","567","Shoe Size - 11","0","115","49.7","0"
"6080-0408-41DKTCK-600DKTCK","540","Ladies Suede/Leather Slippers","568","Shoe Size - 12","0","115","49.7","0"
"6080-0408-41DKTCK-600DKTCK","540","Ladies Suede/Leather Slippers","569","Shoe Size - 4","0","115","49.7","0"
"6080-0408-41NBCK-600NBCK","541","Ladies Suede/Leather Slippers","574","Shoe Size - 9","0","115","49.7","0"
"6080-0408-41NBCK-600NBCK","541","Ladies Suede/Leather Slippers","7074","Shoe Size - 4","0","115","49.7","0"
"6080-0408-41NBCK-600NBCK","541","Ladies Suede/Leather Slippers","7075","Shoe Size - 5","0","115","49.7","0"
"6080-0408-41NBCK-600NBCK","541","Ladies Suede/Leather Slippers","7076","Shoe Size - 6","0","115","49.7","0"
"6080-0408-41NBCK-600NBCK","541","Ladies Suede/Leather Slippers","7077","Shoe Size - 7","0","115","49.7","0"
"6080-0408-41NBCK-600NBCK","541","Ladies Suede/Leather Slippers","7078","Shoe Size - 8","0","115","49.7","0"
"6080-0408-41NBCK-600NBCK","541","Ladies Suede/Leather Slippers","7079","Shoe Size - 10","0","115","49.7","0"
"6080-0408-41NBCK-600NBCK","541","Ladies Suede/Leather Slippers","7080","Shoe Size - 11","0","115","49.7","0"
"6080-0408-41NBCK-600NBCK","541","Ladies Suede/Leather Slippers","7081","Shoe Size - 12","0","115","49.7","0"
"6080-0408-41PU-600PU","542","Ladies Suede Slippers","584","Shoe Size - 10","0","115","46.9","0"
"6080-0408-41PU-600PU","542","Ladies Suede Slippers","7082","Shoe Size - 4","0","115","46.9","0"
"6080-0408-41PU-600PU","542","Ladies Suede Slippers","7083","Shoe Size - 5","1","115","46.9","0"
"6080-0408-41PU-600PU","542","Ladies Suede Slippers","7084","Shoe Size - 6","0","115","46.9","0"
"6080-0408-41PU-600PU","542","Ladies Suede Slippers","7085","Shoe Size - 7","1","115","46.9","0"
"6080-0408-41PU-600PU","542","Ladies Suede Slippers","7086","Shoe Size - 8","1","115","46.9","0"
"6080-0408-41PU-600PU","542","Ladies Suede Slippers","7087","Shoe Size - 9","1","115","46.9","0"
"6080-0408-41PU-600PU","542","Ladies Suede Slippers","7088","Shoe Size - 11","1","115","46.9","0"
"6080-0408-41PU-600PU","542","Ladies Suede Slippers","7089","Shoe Size - 12","0","115","46.9","0"
"6080-0408-41RBBL-600RBBL","543","Ladies Suede Slippers","588","Shoe Size - 5","0","108","46.9","0"
"6080-0408-41RBBL-600RBBL","543","Ladies Suede Slippers","589","Shoe Size - 6","0","108","46.9","0"
"6080-0408-41RBBL-600RBBL","543","Ladies Suede Slippers","590","Shoe Size - 7","0","108","46.9","0"
"6080-0408-41RBBL-600RBBL","543","Ladies Suede Slippers","591","Shoe Size - 8","0","108","46.9","0"
"6080-0408-41RBBL-600RBBL","543","Ladies Suede Slippers","592","Shoe Size - 9","0","108","46.9","0"
"6080-0408-41RBBL-600RBBL","543","Ladies Suede Slippers","593","Shoe Size - 10","0","108","46.9","0"
"6080-0408-41RBBL-600RBBL","543","Ladies Suede Slippers","594","Shoe Size - 11","0","108","46.9","0"
"6080-0408-41RBBL-600RBBL","543","Ladies Suede Slippers","595","Shoe Size - 12","0","108","46.9","0"
"6080-0408-41RBBL-600RBBL","543","Ladies Suede Slippers","596","Shoe Size - 4","0","108","46.9","0"
"6080-0408-41RB-600RB","544","Ladies Suede Slippers","597","Shoe Size - 5","0","108","46.9","0"
"6080-0408-41RB-600RB","544","Ladies Suede Slippers","598","Shoe Size - 6","0","108","46.9","0"
"6080-0408-41RB-600RB","544","Ladies Suede Slippers","599","Shoe Size - 7","0","108","46.9","0"
"6080-0408-41RB-600RB","544","Ladies Suede Slippers","600","Shoe Size - 8","0","108","46.9","0"
"6080-0408-41RB-600RB","544","Ladies Suede Slippers","601","Shoe Size - 9","0","108","46.9","0"
"6080-0408-41RB-600RB","544","Ladies Suede Slippers","602","Shoe Size - 10","0","108","46.9","0"
"6080-0408-41RB-600RB","544","Ladies Suede Slippers","603","Shoe Size - 11","0","108","46.9","0"
"6080-0408-41RB-600RB","544","Ladies Suede Slippers","604","Shoe Size - 12","0","108","46.9","0"
"6080-0408-41RB-600RB","544","Ladies Suede Slippers","605","Shoe Size - 4","0","108","46.9","0"
"6080-0408-41SMFD-600SMFD","545","Ladies Suede/Leather Slippers","606","Shoe Size - 5","0","115","49.7","0"
"6080-0408-41SMFD-600SMFD","545","Ladies Suede/Leather Slippers","607","Shoe Size - 6","0","115","49.7","0"
"6080-0408-41SMFD-600SMFD","545","Ladies Suede/Leather Slippers","608","Shoe Size - 7","0","115","49.7","0"
"6080-0408-41SMFD-600SMFD","545","Ladies Suede/Leather Slippers","609","Shoe Size - 8","0","115","49.7","0"
"6080-0408-41SMFD-600SMFD","545","Ladies Suede/Leather Slippers","610","Shoe Size - 9","0","115","49.7","0"
"6080-0408-41SMFD-600SMFD","545","Ladies Suede/Leather Slippers","611","Shoe Size - 10","0","115","49.7","0"
"6080-0408-41SMFD-600SMFD","545","Ladies Suede/Leather Slippers","612","Shoe Size - 11","0","115","49.7","0"
"6080-0408-41SMFD-600SMFD","545","Ladies Suede/Leather Slippers","613","Shoe Size - 12","0","115","49.7","0"
"6080-0408-41SMFD-600SMFD","545","Ladies Suede/Leather Slippers","614","Shoe Size - 4","0","115","49.7","0"
"6080-0408-41STO-600STO","546","Ladies Suede Slippers","615","Shoe Size - 5","0","108","46.9","0"
"6080-0408-41STO-600STO","546","Ladies Suede Slippers","616","Shoe Size - 6","0","108","46.9","0"
"6080-0408-41STO-600STO","546","Ladies Suede Slippers","617","Shoe Size - 7","0","108","46.9","0"
"6080-0408-41STO-600STO","546","Ladies Suede Slippers","618","Shoe Size - 8","0","108","46.9","0"
"6080-0408-41STO-600STO","546","Ladies Suede Slippers","619","Shoe Size - 9","0","108","46.9","0"
"6080-0408-41STO-600STO","546","Ladies Suede Slippers","620","Shoe Size - 10","0","108","46.9","0"
"6080-0408-41STO-600STO","546","Ladies Suede Slippers","621","Shoe Size - 11","0","108","46.9","0"
"6080-0408-41STO-600STO","546","Ladies Suede Slippers","622","Shoe Size - 12","0","108","46.9","0"
"6080-0408-41STO-600STO","546","Ladies Suede Slippers","623","Shoe Size - 4","0","108","46.9","0"
"6080-0408-41VIGR-600VIGR","547","Ladies Suede Slippers","624","Shoe Size - 5","0","108","46.9","0"
"6080-0408-41VIGR-600VIGR","547","Ladies Suede Slippers","625","Shoe Size - 6","0","108","46.9","0"
"6080-0408-41VIGR-600VIGR","547","Ladies Suede Slippers","626","Shoe Size - 7","0","108","46.9","0"
"6080-0408-41VIGR-600VIGR","547","Ladies Suede Slippers","627","Shoe Size - 8","0","108","46.9","0"
"6080-0408-41VIGR-600VIGR","547","Ladies Suede Slippers","628","Shoe Size - 9","0","108","46.9","0"
"6080-0408-41VIGR-600VIGR","547","Ladies Suede Slippers","629","Shoe Size - 10","0","108","46.9","0"
"6080-0408-41VIGR-600VIGR","547","Ladies Suede Slippers","630","Shoe Size - 11","0","108","46.9","0"
"6080-0408-41VIGR-600VIGR","547","Ladies Suede Slippers","631","Shoe Size - 12","0","108","46.9","0"
"6080-0408-41VIGR-600VIGR","547","Ladies Suede Slippers","632","Shoe Size - 4","0","108","46.9","0"
"6080-0208-41BL-613BL","550","Ladies Suede Slippers","656","Shoe Size - 10","0","108","46.9","0"
"6080-0208-41BL-613BL","550","Ladies Suede Slippers","658","Shoe Size - 12","0","108","46.9","0"
"6080-0208-41BL-613BL","550","Ladies Suede Slippers","7053","Shoe Size - 9","0","108","46.9","0"
"6080-0208-41BL-613BL","550","Ladies Suede Slippers","7054","Shoe Size - 7","0","108","46.9","0"
"6080-0208-41BL-613BL","550","Ladies Suede Slippers","7055","Shoe Size - 8","0","108","46.9","0"
"6080-0208-41BL-613BL","550","Ladies Suede Slippers","7056","Shoe Size - 11","0","108","46.9","0"
"6080-0208-41BL-613BL","550","Ladies Suede Slippers","7057","Shoe Size - 6","0","108","46.9","0"
"6080-0426-41DKDKP-626DKDKP","551","Ladies Suede Slippers","660","Shoe Size - 5","0","108","46.9","0"
"6080-0426-41DKDKP-626DKDKP","551","Ladies Suede Slippers","661","Shoe Size - 6","0","108","46.9","0"
"6080-0426-41DKDKP-626DKDKP","551","Ladies Suede Slippers","662","Shoe Size - 7","0","108","46.9","0"
"6080-0426-41DKDKP-626DKDKP","551","Ladies Suede Slippers","663","Shoe Size - 8","0","108","46.9","0"
"6080-0426-41DKDKP-626DKDKP","551","Ladies Suede Slippers","664","Shoe Size - 9","0","108","46.9","0"
"6080-0426-41DKDKP-626DKDKP","551","Ladies Suede Slippers","665","Shoe Size - 10","0","108","46.9","0"
"6080-0426-41DKDKP-626DKDKP","551","Ladies Suede Slippers","666","Shoe Size - 11","0","108","46.9","0"
"6080-0426-41DKDKP-626DKDKP","551","Ladies Suede Slippers","667","Shoe Size - 12","0","108","46.9","0"
"6080-0426-41DKDKP-626DKDKP","551","Ladies Suede Slippers","668","Shoe Size - 4","0","108","46.9","0"
"6080-0408-41IND-648","552","Ladies Suede Slippers","669","Shoe Size - 5","0","108","46.9","0"
"6080-0408-41IND-648","552","Ladies Suede Slippers","670","Shoe Size - 6","0","108","46.9","0"
"6080-0408-41IND-648","552","Ladies Suede Slippers","671","Shoe Size - 7","0","108","46.9","0"
"6080-0408-41IND-648","552","Ladies Suede Slippers","672","Shoe Size - 8","0","108","46.9","0"
"6080-0408-41IND-648","552","Ladies Suede Slippers","673","Shoe Size - 9","0","108","46.9","0"
"6080-0408-41IND-648","552","Ladies Suede Slippers","674","Shoe Size - 10","0","108","46.9","0"
"6080-0408-41IND-648","552","Ladies Suede Slippers","675","Shoe Size - 11","0","108","46.9","0"
"6080-0408-41IND-648","552","Ladies Suede Slippers","676","Shoe Size - 12","0","108","46.9","0"
"6080-0408-41IND-648","552","Ladies Suede Slippers","677","Shoe Size - 4","0","108","46.9","0"
"6080-0408-41IC-652","553","Ladies Suede Slippers","682","Shoe Size - 9","1","108","46.9","0"
"6080-0408-41IC-652","553","Ladies Suede Slippers","7090","Shoe Size - 4","0","108","46.9","0"
"6080-0408-41IC-652","553","Ladies Suede Slippers","7091","Shoe Size - 5","0","108","46.9","0"
"6080-0408-41IC-652","553","Ladies Suede Slippers","7092","Shoe Size - 6","0","108","46.9","0"
"6080-0408-41IC-652","553","Ladies Suede Slippers","7093","Shoe Size - 7","0","108","46.9","0"
"6080-0408-41IC-652","553","Ladies Suede Slippers","7094","Shoe Size - 8","0","108","46.9","0"
"6080-0408-41IC-652","553","Ladies Suede Slippers","7095","Shoe Size - 10","0","108","46.9","0"
"6080-0408-41IC-652","553","Ladies Suede Slippers","7096","Shoe Size - 11","0","108","46.9","0"
"6080-0408-41IC-652","553","Ladies Suede Slippers","7097","Shoe Size - 12","0","108","46.9","0"
"6080-0408-41BL-653","554","Ladies Suede Slippers","692","Shoe Size - 10","1","108","46.9","0"
"6080-0408-41BL-653","554","Ladies Suede Slippers","7098","Shoe Size - 4","1","108","46.9","0"
"6080-0408-41BL-653","554","Ladies Suede Slippers","7099","Shoe Size - 5","0","108","46.9","0"
"6080-0408-41BL-653","554","Ladies Suede Slippers","7100","Shoe Size - 6","0","108","46.9","0"
"6080-0408-41BL-653","554","Ladies Suede Slippers","7101","Shoe Size - 7","0","108","46.9","0"
"6080-0408-41BL-653","554","Ladies Suede Slippers","7102","Shoe Size - 8","0","108","46.9","0"
"6080-0408-41BL-653","554","Ladies Suede Slippers","7103","Shoe Size - 9","0","108","46.9","0"
"6080-0408-41BL-653","554","Ladies Suede Slippers","7104","Shoe Size - 11","1","108","46.9","0"
"6080-0408-41BL-653","554","Ladies Suede Slippers","7105","Shoe Size - 12","1","108","46.9","0"
"6080-0408-41NB-658","555","Ladies Suede Slippers","696","Shoe Size - 5","0","108","46.9","0"
"6080-0408-41NB-658","555","Ladies Suede Slippers","697","Shoe Size - 6","0","108","46.9","0"
"6080-0408-41NB-658","555","Ladies Suede Slippers","698","Shoe Size - 7","0","108","46.9","0"
"6080-0408-41NB-658","555","Ladies Suede Slippers","699","Shoe Size - 8","0","108","46.9","0"
"6080-0408-41NB-658","555","Ladies Suede Slippers","700","Shoe Size - 9","0","108","46.9","0"
"6080-0408-41NB-658","555","Ladies Suede Slippers","701","Shoe Size - 10","0","108","46.9","0"
"6080-0408-41NB-658","555","Ladies Suede Slippers","702","Shoe Size - 11","0","108","46.9","0"
"6080-0408-41NB-658","555","Ladies Suede Slippers","703","Shoe Size - 12","1","108","46.9","0"
"6080-0408-41NB-658","555","Ladies Suede Slippers","704","Shoe Size - 4","0","108","46.9","0"
"6080-0408-41PL-659","556","Ladies Suede Slippers","711","Shoe Size - 11","0","108","46.9","0"
"6080-0408-41PL-659","556","Ladies Suede Slippers","7106","Shoe Size - 12","0","108","46.9","0"
"6080-0408-41PL-659","556","Ladies Suede Slippers","7107","Shoe Size - 4","0","108","46.9","0"
"6080-0408-41PL-659","556","Ladies Suede Slippers","7108","Shoe Size - 5","0","108","46.9","0"
"6080-0408-41PL-659","556","Ladies Suede Slippers","7109","Shoe Size - 6","0","108","46.9","0"
"6080-0408-41PL-659","556","Ladies Suede Slippers","7110","Shoe Size - 7","0","108","46.9","0"
"6080-0408-41PL-659","556","Ladies Suede Slippers","7111","Shoe Size - 8","0","108","46.9","0"
"6080-0408-41PL-659","556","Ladies Suede Slippers","7112","Shoe Size - 9","0","108","46.9","0"
"6080-0408-41PL-659","556","Ladies Suede Slippers","7113","Shoe Size - 10","0","108","46.9","0"
"6080-0408-41GR-660","557","Ladies Suede Slippers","714","Shoe Size - 5","0","108","46.9","0"
"6080-0408-41GR-660","557","Ladies Suede Slippers","715","Shoe Size - 6","0","108","46.9","0"
"6080-0408-41GR-660","557","Ladies Suede Slippers","716","Shoe Size - 7","0","108","46.9","0"
"6080-0408-41GR-660","557","Ladies Suede Slippers","717","Shoe Size - 8","0","108","46.9","0"
"6080-0408-41GR-660","557","Ladies Suede Slippers","718","Shoe Size - 9","0","108","46.9","0"
"6080-0408-41GR-660","557","Ladies Suede Slippers","719","Shoe Size - 10","0","108","46.9","0"
"6080-0408-41GR-660","557","Ladies Suede Slippers","720","Shoe Size - 11","0","108","46.9","0"
"6080-0408-41GR-660","557","Ladies Suede Slippers","721","Shoe Size - 12","0","108","46.9","0"
"6080-0408-41GR-660","557","Ladies Suede Slippers","722","Shoe Size - 4","0","108","46.9","0"
"6080-0408-41SBL-661","558","Ladies Suede Slippers","723","Shoe Size - 5","0","108","46.9","0"
"6080-0408-41SBL-661","558","Ladies Suede Slippers","724","Shoe Size - 6","0","108","46.9","0"
"6080-0408-41SBL-661","558","Ladies Suede Slippers","725","Shoe Size - 7","0","108","46.9","0"
"6080-0408-41SBL-661","558","Ladies Suede Slippers","726","Shoe Size - 8","1","108","46.9","0"
"6080-0408-41SBL-661","558","Ladies Suede Slippers","727","Shoe Size - 9","1","108","46.9","0"
"6080-0408-41SBL-661","558","Ladies Suede Slippers","728","Shoe Size - 10","0","108","46.9","0"
"6080-0408-41SBL-661","558","Ladies Suede Slippers","729","Shoe Size - 11","0","108","46.9","0"
"6080-0408-41SBL-661","558","Ladies Suede Slippers","730","Shoe Size - 12","1","108","46.9","0"
"6080-0408-41SBL-661","558","Ladies Suede Slippers","731","Shoe Size - 4","0","108","46.9","0"
"6080-0408-41FG-669","561","Ladies Suede Slippers","751","Shoe Size - 6","0","108","46.9","0"
"6080-0408-41FG-669","561","Ladies Suede Slippers","756","Shoe Size - 11","0","108","46.9","0"
"6080-0408-41FG-669","561","Ladies Suede Slippers","7114","Shoe Size - 4","0","108","46.9","0"
"6080-0408-41FG-669","561","Ladies Suede Slippers","7115","Shoe Size - 5","1","108","46.9","0"
"6080-0408-41FG-669","561","Ladies Suede Slippers","7116","Shoe Size - 7","1","108","46.9","0"
"6080-0408-41FG-669","561","Ladies Suede Slippers","7117","Shoe Size - 12","0","108","46.9","0"
"6080-0408-41FG-669","561","Ladies Suede Slippers","7118","Shoe Size - 8","0","108","46.9","0"
"6080-0408-41FG-669","561","Ladies Suede Slippers","7119","Shoe Size - 9","1","108","46.9","0"
"6080-0408-41FG-669","561","Ladies Suede Slippers","7120","Shoe Size - 10","0","108","46.9","0"
"6080-0408-41NA-671NA","562","Ladies Leather Slippers","762","Shoe Size - 8","0","157","68.2","0"
"6080-0408-41NA-671NA","562","Ladies Leather Slippers","7121","Shoe Size - 12","0","157","68.2","0"
"6080-0408-41NA-671NA","562","Ladies Leather Slippers","7122","Shoe Size - 4","0","157","68.2","0"
"6080-0408-41NA-671NA","562","Ladies Leather Slippers","7123","Shoe Size - 5","0","157","68.2","0"
"6080-0408-41NA-671NA","562","Ladies Leather Slippers","7124","Shoe Size - 6","0","157","68.2","0"
"6080-0408-41NA-671NA","562","Ladies Leather Slippers","7125","Shoe Size - 7","0","157","68.2","0"
"6080-0408-41NA-671NA","562","Ladies Leather Slippers","7126","Shoe Size - 9","0","157","68.2","0"
"6080-0408-41NA-671NA","562","Ladies Leather Slippers","7127","Shoe Size - 10","0","157","68.2","0"
"6080-0408-41NA-671NA","562","Ladies Leather Slippers","7128","Shoe Size - 11","0","157","68.2","0"
"6080-0408-41CK-671CK","563","Ladies Leather Slippers","768","Shoe Size - 5","0","157","68.2","0"
"6080-0408-41CK-671CK","563","Ladies Leather Slippers","769","Shoe Size - 6","0","157","68.2","0"
"6080-0408-41CK-671CK","563","Ladies Leather Slippers","770","Shoe Size - 7","0","157","68.2","0"
"6080-0408-41CK-671CK","563","Ladies Leather Slippers","771","Shoe Size - 8","0","157","68.2","0"
"6080-0408-41CK-671CK","563","Ladies Leather Slippers","772","Shoe Size - 9","0","157","68.2","0"
"6080-0408-41CK-671CK","563","Ladies Leather Slippers","773","Shoe Size - 10","0","157","68.2","0"
"6080-0408-41CK-671CK","563","Ladies Leather Slippers","774","Shoe Size - 11","0","157","68.2","0"
"6080-0408-41CK-671CK","563","Ladies Leather Slippers","775","Shoe Size - 12","0","157","68.2","0"
"6080-0408-41CK-671CK","563","Ladies Leather Slippers","776","Shoe Size - 4","0","157","68.2","0"
"6080-0408-41CHO-673","564","Ladies Suede Slippers","777","Shoe Size - 5","0","108","46.9","0"
"6080-0408-41CHO-673","564","Ladies Suede Slippers","778","Shoe Size - 6","0","108","46.9","0"
"6080-0408-41CHO-673","564","Ladies Suede Slippers","779","Shoe Size - 7","0","108","46.9","0"
"6080-0408-41CHO-673","564","Ladies Suede Slippers","780","Shoe Size - 8","0","108","46.9","0"
"6080-0408-41CHO-673","564","Ladies Suede Slippers","781","Shoe Size - 9","1","108","46.9","0"
"6080-0408-41CHO-673","564","Ladies Suede Slippers","782","Shoe Size - 10","0","108","46.9","0"
"6080-0408-41CHO-673","564","Ladies Suede Slippers","783","Shoe Size - 11","0","108","46.9","0"
"6080-0408-41CHO-673","564","Ladies Suede Slippers","784","Shoe Size - 12","0","108","46.9","0"
"6080-0408-41CHO-673","564","Ladies Suede Slippers","785","Shoe Size - 4","0","108","46.9","0"
"6080-0408-41MO-677","565","Ladies Suede Slippers","786","Shoe Size - 5","0","108","46.9","0"
"6080-0408-41MO-677","565","Ladies Suede Slippers","787","Shoe Size - 6","0","108","46.9","0"
"6080-0408-41MO-677","565","Ladies Suede Slippers","788","Shoe Size - 7","0","108","46.9","0"
"6080-0408-41MO-677","565","Ladies Suede Slippers","789","Shoe Size - 8","0","108","46.9","0"
"6080-0408-41MO-677","565","Ladies Suede Slippers","790","Shoe Size - 9","0","108","46.9","0"
"6080-0408-41MO-677","565","Ladies Suede Slippers","791","Shoe Size - 10","0","108","46.9","0"
"6080-0408-41MO-677","565","Ladies Suede Slippers","792","Shoe Size - 11","0","108","46.9","0"
"6080-0408-41MO-677","565","Ladies Suede Slippers","793","Shoe Size - 12","0","108","46.9","0"
"6080-0408-41MO-677","565","Ladies Suede Slippers","794","Shoe Size - 4","0","108","46.9","0"
"6080-0408-41FU-698","569","Ladies Suede Slippers","822","Shoe Size - 5","0","108","46.9","0"
"6080-0408-41FU-698","569","Ladies Suede Slippers","823","Shoe Size - 6","0","108","46.9","0"
"6080-0408-41FU-698","569","Ladies Suede Slippers","824","Shoe Size - 7","0","108","46.9","0"
"6080-0408-41FU-698","569","Ladies Suede Slippers","825","Shoe Size - 8","0","108","46.9","0"
"6080-0408-41FU-698","569","Ladies Suede Slippers","826","Shoe Size - 9","0","108","46.9","0"
"6080-0408-41FU-698","569","Ladies Suede Slippers","827","Shoe Size - 10","0","108","46.9","0"
"6080-0408-41FU-698","569","Ladies Suede Slippers","828","Shoe Size - 11","0","108","46.9","0"
"6080-0408-41FU-698","569","Ladies Suede Slippers","829","Shoe Size - 12","0","108","46.9","0"
"6080-0408-41FU-698","569","Ladies Suede Slippers","830","Shoe Size - 4","1","108","46.9","0"
"6080-0408-41TO-755TO","571","Ladies Suede Slippers","840","Shoe Size - 5","0","108","46.9","0"
"6080-0408-41TO-755TO","571","Ladies Suede Slippers","841","Shoe Size - 6","0","108","46.9","0"
"6080-0408-41TO-755TO","571","Ladies Suede Slippers","842","Shoe Size - 7","0","108","46.9","0"
"6080-0408-41TO-755TO","571","Ladies Suede Slippers","843","Shoe Size - 8","0","108","46.9","0"
"6080-0408-41TO-755TO","571","Ladies Suede Slippers","844","Shoe Size - 9","0","108","46.9","0"
"6080-0408-41TO-755TO","571","Ladies Suede Slippers","845","Shoe Size - 10","0","108","46.9","0"
"6080-0408-41TO-755TO","571","Ladies Suede Slippers","846","Shoe Size - 11","0","108","46.9","0"
"6080-0408-41TO-755TO","571","Ladies Suede Slippers","847","Shoe Size - 12","0","108","46.9","0"
"6080-0408-41TO-755TO","571","Ladies Suede Slippers","848","Shoe Size - 4","0","108","46.9","0"
"6080-0408-41BLPL-6531","572","Ladies Suede Slippers","854","Shoe Size - 10","1","108","46.9","0"
"6080-0408-41BLPL-6531","572","Ladies Suede Slippers","7129","Shoe Size - 12","0","108","46.9","0"
"6080-0408-41BLPL-6531","572","Ladies Suede Slippers","7130","Shoe Size - 4","0","108","46.9","0"
"6080-0408-41BLPL-6531","572","Ladies Suede Slippers","7131","Shoe Size - 5","0","108","46.9","0"
"6080-0408-41BLPL-6531","572","Ladies Suede Slippers","7132","Shoe Size - 6","1","108","46.9","0"
"6080-0408-41BLPL-6531","572","Ladies Suede Slippers","7133","Shoe Size - 7","1","108","46.9","0"
"6080-0408-41BLPL-6531","572","Ladies Suede Slippers","7134","Shoe Size - 8","1","108","46.9","0"
"6080-0408-41BLPL-6531","572","Ladies Suede Slippers","7135","Shoe Size - 9","1","108","46.9","0"
"6080-0408-41BLPL-6531","572","Ladies Suede Slippers","7136","Shoe Size - 11","0","108","46.9","0"
"6080-0408-REBL-6541","573","Ladies Suede Slippers","864","Shoe Size - 11","0","108","46.9","0"
"6080-0408-REBL-6541","573","Ladies Suede Slippers","7146","Shoe Size - 12","0","108","46.9","0"
"6080-0408-REBL-6541","573","Ladies Suede Slippers","7147","Shoe Size - 4","0","108","46.9","0"
"6080-0408-REBL-6541","573","Ladies Suede Slippers","7148","Shoe Size - 5","0","108","46.9","0"
"6080-0408-REBL-6541","573","Ladies Suede Slippers","7149","Shoe Size - 6","1","108","46.9","0"
"6080-0408-REBL-6541","573","Ladies Suede Slippers","7150","Shoe Size - 7","1","108","46.9","0"
"6080-0408-REBL-6541","573","Ladies Suede Slippers","7151","Shoe Size - 8","1","108","46.9","0"
"6080-0408-REBL-6541","573","Ladies Suede Slippers","7152","Shoe Size - 9","1","108","46.9","0"
"6080-0408-REBL-6541","573","Ladies Suede Slippers","7153","Shoe Size - 10","0","108","46.9","0"
"6080-0408-41GRBL-6601","575","Ladies Suede Slippers","878","Shoe Size - 7","1","108","46.9","0"
"6080-0408-41GRBL-6601","575","Ladies Suede Slippers","7154","Shoe Size - 12","0","108","46.9","0"
"6080-0408-41GRBL-6601","575","Ladies Suede Slippers","7155","Shoe Size - 4","0","108","46.9","0"
"6080-0408-41GRBL-6601","575","Ladies Suede Slippers","7156","Shoe Size - 5","0","108","46.9","0"
"6080-0408-41GRBL-6601","575","Ladies Suede Slippers","7157","Shoe Size - 6","1","108","46.9","0"
"6080-0408-41GRBL-6601","575","Ladies Suede Slippers","7158","Shoe Size - 8","1","108","46.9","0"
"6080-0408-41GRBL-6601","575","Ladies Suede Slippers","7159","Shoe Size - 9","1","108","46.9","0"
"6080-0408-41GRBL-6601","575","Ladies Suede Slippers","7160","Shoe Size - 10","0","108","46.9","0"
"6080-0408-41GRBL-6601","575","Ladies Suede Slippers","7161","Shoe Size - 11","1","108","46.9","0"
"6080-0408-41CHOBL-6733","576","Ladies Suede Slippers","885","Shoe Size - 5","0","108","46.9","0"
"6080-0408-41CHOBL-6733","576","Ladies Suede Slippers","886","Shoe Size - 6","1","108","46.9","0"
"6080-0408-41CHOBL-6733","576","Ladies Suede Slippers","887","Shoe Size - 7","1","108","46.9","0"
"6080-0408-41CHOBL-6733","576","Ladies Suede Slippers","888","Shoe Size - 8","1","108","46.9","0"
"6080-0408-41CHOBL-6733","576","Ladies Suede Slippers","889","Shoe Size - 9","1","108","46.9","0"
"6080-0408-41CHOBL-6733","576","Ladies Suede Slippers","890","Shoe Size - 10","0","108","46.9","0"
"6080-0408-41CHOBL-6733","576","Ladies Suede Slippers","891","Shoe Size - 11","0","108","46.9","0"
"6080-0408-41CHOBL-6733","576","Ladies Suede Slippers","892","Shoe Size - 12","0","108","46.9","0"
"6080-0408-41CHOBL-6733","576","Ladies Suede Slippers","893","Shoe Size - 4","0","108","46.9","0"
"6080-0408-41MOCHO-6773","577","Ladies Suede Slippers","894","Shoe Size - 5","0","108","46.9","0"
"6080-0408-41MOCHO-6773","577","Ladies Suede Slippers","895","Shoe Size - 6","1","108","46.9","0"
"6080-0408-41MOCHO-6773","577","Ladies Suede Slippers","896","Shoe Size - 7","1","108","46.9","0"
"6080-0408-41MOCHO-6773","577","Ladies Suede Slippers","897","Shoe Size - 8","1","108","46.9","0"
"6080-0408-41MOCHO-6773","577","Ladies Suede Slippers","898","Shoe Size - 9","1","108","46.9","0"
"6080-0408-41MOCHO-6773","577","Ladies Suede Slippers","899","Shoe Size - 10","0","108","46.9","0"
"6080-0408-41MOCHO-6773","577","Ladies Suede Slippers","900","Shoe Size - 11","0","108","46.9","0"
"6080-0408-41MOCHO-6773","577","Ladies Suede Slippers","901","Shoe Size - 12","0","108","46.9","0"
"6080-0408-41MOCHO-6773","577","Ladies Suede Slippers","902","Shoe Size - 4","0","108","46.9","0"
"6080-0408-41TUCHO-69773","579","Ladies Suede Slippers","912","Shoe Size - 5","0","108","46.9","0"
"6080-0408-41TUCHO-69773","579","Ladies Suede Slippers","913","Shoe Size - 6","0","108","46.9","0"
"6080-0408-41TUCHO-69773","579","Ladies Suede Slippers","914","Shoe Size - 7","0","108","46.9","0"
"6080-0408-41TUCHO-69773","579","Ladies Suede Slippers","915","Shoe Size - 8","0","108","46.9","0"
"6080-0408-41TUCHO-69773","579","Ladies Suede Slippers","916","Shoe Size - 9","0","108","46.9","0"
"6080-0408-41TUCHO-69773","579","Ladies Suede Slippers","917","Shoe Size - 10","0","108","46.9","0"
"6080-0408-41TUCHO-69773","579","Ladies Suede Slippers","918","Shoe Size - 11","0","108","46.9","0"
"6080-0408-41TUCHO-69773","579","Ladies Suede Slippers","919","Shoe Size - 12","0","108","46.9","0"
"6080-0408-41TUCHO-69773","579","Ladies Suede Slippers","920","Shoe Size - 4","0","108","46.9","0"
"6080-0408-12BU-12600BU","581","Suede slippers with sole","930","Shoe Size - 4","0","132","57.3","0"
"6080-0408-12BU-12600BU","581","Suede slippers with sole","931","Shoe Size - 5","0","132","57.3","0"
"6080-0408-12BU-12600BU","581","Suede slippers with sole","932","Shoe Size - 6","0","132","57.3","0"
"6080-0408-12BU-12600BU","581","Suede slippers with sole","933","Shoe Size - 7","0","132","57.3","0"
"6080-0408-12BU-12600BU","581","Suede slippers with sole","934","Shoe Size - 8","0","132","57.3","0"
"6080-0408-12BU-12600BU","581","Suede slippers with sole","935","Shoe Size - 9","1","132","57.3","0"
"6080-0408-12BU-12600BU","581","Suede slippers with sole","936","Shoe Size - 10","0","132","57.3","0"
"6080-0408-12BU-12600BU","581","Suede slippers with sole","937","Shoe Size - 11","0","132","57.3","0"
"6080-0408-12BU-12600BU","581","Suede slippers with sole","938","Shoe Size - 12","0","132","57.3","0"
"6080-0408-12BL-12653","582","Suede Slippers with sole","939","Shoe Size - 5","0","132","57.3","0"
"6080-0408-12BL-12653","582","Suede Slippers with sole","940","Shoe Size - 6","0","132","57.3","0"
"6080-0408-12BL-12653","582","Suede Slippers with sole","941","Shoe Size - 7","0","132","57.3","0"
"6080-0408-12BL-12653","582","Suede Slippers with sole","942","Shoe Size - 8","0","132","57.3","0"
"6080-0408-12BL-12653","582","Suede Slippers with sole","943","Shoe Size - 9","0","132","57.3","0"
"6080-0408-12BL-12653","582","Suede Slippers with sole","944","Shoe Size - 10","0","132","57.3","0"
"6080-0408-12BL-12653","582","Suede Slippers with sole","945","Shoe Size - 11","0","132","57.3","0"
"6080-0408-12BL-12653","582","Suede Slippers with sole","946","Shoe Size - 12","0","132","57.3","0"
"6080-0408-12BL-12653","582","Suede Slippers with sole","947","Shoe Size - 4","0","132","57.3","0"
"6080-0408-12NB-12658","583","Suede Slippers with sole","949","Shoe Size - 6","1","132","57.3","0"
"6080-0408-12NB-12658","583","Suede Slippers with sole","954","Shoe Size - 11","0","132","57.3","0"
"6080-0408-12NB-12658","583","Suede Slippers with sole","7162","Shoe Size - 12","0","132","57.3","0"
"6080-0408-12NB-12658","583","Suede Slippers with sole","7163","Shoe Size - 4","0","132","57.3","0"
"6080-0408-12NB-12658","583","Suede Slippers with sole","7164","Shoe Size - 5","0","132","57.3","0"
"6080-0408-12NB-12658","583","Suede Slippers with sole","7165","Shoe Size - 7","0","132","57.3","0"
"6080-0408-12NB-12658","583","Suede Slippers with sole","7166","Shoe Size - 8","1","132","57.3","0"
"6080-0408-12NB-12658","583","Suede Slippers with sole","7167","Shoe Size - 9","0","132","57.3","0"
"6080-0408-12NB-12658","583","Suede Slippers with sole","7168","Shoe Size - 10","0","132","57.3","0"
"6080-0408-13GR-13660","584","Suede Slippers with sole","964","Shoe Size - 12","0","132","57.3","0"
"6080-0408-13GR-13660","584","Suede Slippers with sole","7169","Shoe Size - 4","1","132","57.3","0"
"6080-0408-13GR-13660","584","Suede Slippers with sole","7170","Shoe Size - 5","0","132","57.3","0"
"6080-0408-13GR-13660","584","Suede Slippers with sole","7171","Shoe Size - 8","0","132","57.3","0"
"6080-0408-13GR-13660","584","Suede Slippers with sole","7172","Shoe Size - 7","0","132","57.3","0"
"6080-0408-13GR-13660","584","Suede Slippers with sole","7173","Shoe Size - 6","0","132","57.3","0"
"6080-0408-13GR-13660","584","Suede Slippers with sole","7174","Shoe Size - 10","0","132","57.3","0"
"6080-0408-13GR-13660","584","Suede Slippers with sole","7175","Shoe Size - 9","0","132","57.3","0"
"6080-0408-13GR-13660","584","Suede Slippers with sole","7176","Shoe Size - 11","0","132","57.3","0"
"6080-0408-13CHO-13673","585","Suede Slippers with sole","966","Shoe Size - 5","0","132","57.3","57"
"6080-0408-13CHO-13673","585","Suede Slippers with sole","967","Shoe Size - 6","1","132","57.3","57"
"6080-0408-13CHO-13673","585","Suede Slippers with sole","968","Shoe Size - 7","1","132","57.3","57"
"6080-0408-13CHO-13673","585","Suede Slippers with sole","969","Shoe Size - 8","2","132","57.3","57"
"6080-0408-13CHO-13673","585","Suede Slippers with sole","970","Shoe Size - 9","0","132","57.3","57"
"6080-0408-13CHO-13673","585","Suede Slippers with sole","971","Shoe Size - 10","1","132","57.3","57"
"6080-0408-13CHO-13673","585","Suede Slippers with sole","972","Shoe Size - 11","0","132","57.3","57"
"6080-0408-13CHO-13673","585","Suede Slippers with sole","973","Shoe Size - 12","0","132","57.3","57"
"6080-0408-13CHO-13673","585","Suede Slippers with sole","974","Shoe Size - 4","0","132","57.3","57"
"6080-0408-13MO-13677","586","Suede Slippers with sole","975","Shoe Size - 5","0","132","57.3","0"
"6080-0408-13MO-13677","586","Suede Slippers with sole","976","Shoe Size - 6","0","132","57.3","0"
"6080-0408-13MO-13677","586","Suede Slippers with sole","977","Shoe Size - 7","0","132","57.3","0"
"6080-0408-13MO-13677","586","Suede Slippers with sole","978","Shoe Size - 8","0","132","57.3","0"
"6080-0408-13MO-13677","586","Suede Slippers with sole","979","Shoe Size - 9","0","132","57.3","0"
"6080-0408-13MO-13677","586","Suede Slippers with sole","980","Shoe Size - 10","0","132","57.3","0"
"6080-0408-13MO-13677","586","Suede Slippers with sole","981","Shoe Size - 11","0","132","57.3","0"
"6080-0408-13MO-13677","586","Suede Slippers with sole","982","Shoe Size - 12","0","132","57.3","0"
"6080-0408-13MO-13677","586","Suede Slippers with sole","983","Shoe Size - 4","0","132","57.3","0"
"6080-0408-13MT-13695","587","Suede Slippers with sole","984","Shoe Size - 5","0","132","57.3","0"
"6080-0408-13MT-13695","587","Suede Slippers with sole","985","Shoe Size - 6","0","132","57.3","0"
"6080-0408-13MT-13695","587","Suede Slippers with sole","986","Shoe Size - 7","0","132","57.3","0"
"6080-0408-13MT-13695","587","Suede Slippers with sole","987","Shoe Size - 8","0","132","57.3","0"
"6080-0408-13MT-13695","587","Suede Slippers with sole","988","Shoe Size - 9","0","132","57.3","0"
"6080-0408-13MT-13695","587","Suede Slippers with sole","989","Shoe Size - 10","0","132","57.3","0"
"6080-0408-13MT-13695","587","Suede Slippers with sole","990","Shoe Size - 11","0","132","57.3","0"
"6080-0408-13MT-13695","587","Suede Slippers with sole","991","Shoe Size - 12","0","132","57.3","0"
"6080-0408-13MT-13695","587","Suede Slippers with sole","992","Shoe Size - 4","0","132","57.3","0"
"A01030-6","607","Small Print - Eagle Moon","","Small Print - Eagle Moon","2","25","0","0"
"A01028-POD2555","608","Matted Print - Giving Thanks","","Matted Print - Giving Thanks","4","20","7.5","0"
"A01031-6","609","Small Print - Honoring the Giver of Life","","Small Print - Honoring the Giver of Life","19","25","0","0"
"A01032-6","610","Small Print - Moon Wisdom","","Small Print - Moon Wisdom","75","25","0","0"
"A01033-6","611","Small Print - New Fire","","Small Print - New Fire","91","25","0","0"
"A01036-6","612","Small Print - Teachings","","Small Print - Teachings","98","25","0","0"
"A01037-6","615","Small Print - Trust","","Small Print - Trust","5","25","0","0"
"A08011-6","616","Small Print - Whisper","","Small Print - Whisper","2","25","0","0"
"A08007-6","617","Small Print - A Moose and Goose","","Small Print - A Moose and Goose","4","25","0","0"
"A10012-6","618","Small Print - Sky Sisters","","Small Print - Sky Sisters","10","25","0","0"
"A10004-6","619","Small Print - Merging Earth and Sky","","Small Print - Merging Earth and Sky","1","25","0","0"
"A08013-POD2584","621","Matted Print - New Day","","Matted Print - New Day","2","20","7.5","0"
"A08045-20084","622","Matted Print - Patience","","Matted Print - Patience","2","20","7.5","0"
"A01029-6","623","Small Print - Birth of an Eagle Shadow","","Small Print - Birth of an Eagle Shadow","7","25","0","0"
"A08019-6","624","Small Print - Unity","","Small Print - Unity","0","25","0","0"
"A09006-6","625","Small Print - River Keeper","","Small Print - River Keeper","42","25","0","0"
"A04015-6","626","Small Print - Rebirth","","Small Print - Rebirth","1","25","0","0"
"A04039-6","627","Small Print - Nostalgia","","Small Print - Nostalgia","16","25","0","0"
"A07020-6","628","Small Print - Journey to the Spirit World","","Small Print - Journey to the Spirit World","11","25","0","0"
"W12024-6","630","Small Print - Breath of Life","","Small Print - Breath of Life","74","25","0","0"
"W12017-6","631","Small Print - Synchronicity","","Small Print - Synchronicity","67","25","0","0"
"W12008-6","632","Small Print - Winter Wolves","","Small Print - Winter Wolves","30","25","0","0"
"W12001-6","633","Small Print - Dialogue","","Small Print - Dialogue","9","25","0","0"
"W12014-6","634","Small Print - Gate of Silk","","Small Print - Gate of Silk","10","25","0","0"
"W12005-6","635","Small Print - Earth Keeper","","Small Print - Earth Keeper","42","25","0","0"
"W12016-6","636","Small Print - Going Home","","Small Print - Going Home","11","25","0","0"
"W12018-6","638","Small Print - Early Evening Flowing Into Fall","","Small Print - Early Evening Flowing Into Fall","15","25","0","0"
"A00048-6","640","Small Print - The Protector","","Small Print - The Protector","9","25","0","0"
"A01003-6","641","Small Print - Sky Girl","","Small Print - Sky Girl","10","25","0","0"
"A04060-6","642","Small Print - Passing Through","","Small Print - Passing Through","5","25","0","0"
"A09054-6","643","Small print - Tranquility","","Small print - Tranquility","8","25","0","0"
"A16055-6","644","Small Print - Abundance","","Small Print - Abundance","14","25","0","0"
"A13041-6","645","Small Print - Lapinx","","Small Print - Lapinx","17","25","0","0"
"A10044-6","646","Small Print - Returning","","Small Print - Returning","7","25","0","0"
"A13056-6","647","Small print - Otherness","","Small print - Otherness","12","25","0","0"
"A13057-6","648","Small Print - Origins","","Small Print - Origins","11","25","0","0"
"A16051-POD2566","649","Matted Print - Northern Keepers","","Matted Print - Northern Keepers","1","20","7.5","0"
"A16058-6","651","Small Print - Silent Seekers","","Small Print - Silent Seekers","11","25","0","0"
"A16059-6","652","Small Print - Wisdom Keepers","","Small Print - Wisdom Keepers","2","25","0","0"
"A95053-6","653","Small Print - Messenger","","Small Print - Messenger","7","25","0","0"
"A14051-POD2554","654","Matted Print - Gezaluwejit","","Matted Print - Gezaluwejit","1","20","7.5","0"
"W13026-6","655","Small Print - In Her World","","Small Print - In Her World","15","25","0","0"
"A12050-6","658","Small Print - Ice Dream","","Small Print - Ice Dream","1","25","0","0"
"W13027-6","659","Small Print - Playing With Shadows","","Small Print - Playing With Shadows","15","25","0","0"
"A13053-6","660","Small Print - Roots Of Another World","","Small Print - Roots Of Another World","10","25","0","0"
"A01038-6","661","Small Print - Harmony","","Small Print - Harmony","52","25","0","0"
"W13023-6","664","Small Print - Water and Spirit Buffalo","","Small Print - Water and Spirit Buffalo","14","25","0","0"
"A01030-2","665","Ltd Edition - Eagle Moon","1593","Frame Options - Without frame ","2","170","0","70.73"
"A01030-2","665","Ltd Edition - Eagle Moon","1594","Frame Options - Black rustic frame 1""","0","335","0","0"
"A01030-2","665","Ltd Edition - Eagle Moon","1595","Frame Options - Brown rustic frame 1""","0","335","0","0"
"A01030-2","665","Ltd Edition - Eagle Moon","1596","Frame Options - Grey rustic frame 1""","0","335","0","0"
"A01031-2","667","Ltd Edition - Honoring the Giver of Life","1601","Frame Options - Without frame ","2","170","0","70.73"
"A01031-2","667","Ltd Edition - Honoring the Giver of Life","1602","Frame Options - Black rustic frame 1""","0","335","0","0"
"A01031-2","667","Ltd Edition - Honoring the Giver of Life","1603","Frame Options - Brown rustic frame 1""","0","335","0","0"
"A01031-2","667","Ltd Edition - Honoring the Giver of Life","1604","Frame Options - Grey rustic frame 1""","0","335","0","0"
"A01032-2","668","Ltd Edition - Moon Wisdom","1605","Frame Options - Without frame ","2","170","0","74"
"A01032-2","668","Ltd Edition - Moon Wisdom","1606","Frame Options - Brown rustic frame 1""","0","335","0","0"
"A01032-2","668","Ltd Edition - Moon Wisdom","1607","Frame Options - Black rustic frame 1""","0","335","0","0"
"A01032-2","668","Ltd Edition - Moon Wisdom","1608","Frame Options - Grey rustic frame 1""","0","335","0","0"
"A01033-2","669","Ltd Edition - New Fire","1609","Frame Options - Without frame ","1","170","0","74"
"A01033-2","669","Ltd Edition - New Fire","1610","Frame Options - Black rustic frame 1""","0","335","0","0"
"A01033-2","669","Ltd Edition - New Fire","1611","Frame Options - Brown rustic frame 1""","0","335","0","0"
"A01033-2","669","Ltd Edition - New Fire","1612","Frame Options - Grey rustic frame 1""","0","335","0","0"
"A01036-2","670","Ltd Edition - Teachings","1613","Frame Options - Without frame ","1","170","0","74"
"A01036-2","670","Ltd Edition - Teachings","1614","Frame Options - Black rustic frame 1""","0","335","0","0"
"A01036-2","670","Ltd Edition - Teachings","1615","Frame Options - Brown rustic frame 1""","0","335","0","0"
"A01036-2","670","Ltd Edition - Teachings","1616","Frame Options - Grey rustic frame 1""","0","335","0","0"
"A01034-2","672","Ltd Edition - Reaching Out","1617","Frame Options - Without frame ","2","170","0","74"
"A01034-2","672","Ltd Edition - Reaching Out","1618","Frame Options - Black rustic frame 1""","0","335","0","0"
"A01034-2","672","Ltd Edition - Reaching Out","1619","Frame Options - Brown rustic frame 1""","0","335","0","0"
"A01034-2","672","Ltd Edition - Reaching Out","1620","Frame Options - Grey rustic frame 1""","0","335","0","0"
"A08007-2","675","Ltd Edition - A Moose and Goose","1801","Frame Options - Without frame ","1","170","0","74"
"A08007-2","675","Ltd Edition - A Moose and Goose","1802","Frame Options - Black rustic frame 1""","0","335","0","0"
"A08007-2","675","Ltd Edition - A Moose and Goose","1803","Frame Options - Brown rustic frame 1""","0","335","0","0"
"A08007-2","675","Ltd Edition - A Moose and Goose","1804","Frame Options - Grey rustic frame 1""","0","335","0","0"
"A10046-2","678","Ltd Edition - Geese Spirit","1725","Frame Options - Without frame ","2","170","0","74"
"A10046-2","678","Ltd Edition - Geese Spirit","1726","Frame Options - Black rustic frame 1""","0","335","0","0"
"A10046-2","678","Ltd Edition - Geese Spirit","1727","Frame Options - Brown rustic frame 1""","0","335","0","0"
"A10046-2","678","Ltd Edition - Geese Spirit","1728","Frame Options - Grey rustic frame 1""","0","335","0","0"
"A08045-2","680","Ltd Edition - Patience","1889","Frame Options - Without frame ","4","140","0","62.7"
"A08045-2","680","Ltd Edition - Patience","1890","Frame Options - Black rustic frame 1""","0","305","0","0"
"A08045-2","680","Ltd Edition - Patience","1891","Frame Options - Brown rustic frame 1""","0","305","0","0"
"A08045-2","680","Ltd Edition - Patience","1892","Frame Options - Grey rustic frame 1""","0","305","0","0"
"A08019-2","682","Ltd Edition - Unity","1805","Frame Options - Without frame ","2","170","0","70.73"
"A08019-2","682","Ltd Edition - Unity","1806","Frame Options - Black rustic frame 1""","0","335","0","0"
"A08019-2","682","Ltd Edition - Unity","1807","Frame Options - Brown rustic frame 1""","0","335","0","0"
"A08019-2","682","Ltd Edition - Unity","1808","Frame Options - Grey rustic frame 1""","0","335","0","0"
"A09006-2","683","Ltd Edition - River Keeper","1909","Frame Options - Without frame ","2","155","0","67.3"
"A09006-2","683","Ltd Edition - River Keeper","1910","Frame Options - Black rustic frame 1""","0","320","0","0"
"A09006-2","683","Ltd Edition - River Keeper","1911","Frame Options - Brown rustic frame 1""","0","320","0","0"
"A09006-2","683","Ltd Edition - River Keeper","1912","Frame Options - Grey rustic frame 1""","0","320","0","0"
"A04015-2","684","Ltd Edition - Rebirth","1809","Frame Options - Without frame ","2","170","0","74"
"A04015-2","684","Ltd Edition - Rebirth","1810","Frame Options - Black rustic frame 1""","0","335","0","0"
"A04015-2","684","Ltd Edition - Rebirth","1811","Frame Options - Brown rustic frame 1""","0","335","0","0"
"A04015-2","684","Ltd Edition - Rebirth","1812","Frame Options - Grey rustic frame 1""","0","335","0","0"
"A04039-2","685","Ltd Edition - Nostalgia","1813","Frame Options - Without frame ","3","170","0","74"
"A04039-2","685","Ltd Edition - Nostalgia","1814","Frame Options - Black rustic frame 1""","0","335","0","0"
"A04039-2","685","Ltd Edition - Nostalgia","1815","Frame Options - Grey rustic frame 1""","0","335","0","0"
"A04039-2","685","Ltd Edition - Nostalgia","1816","Frame Options - Brown rustic frame 1""","0","335","0","0"
"W13025-2","687","Ltd Edition - Passage","1625","Frame Options - Without frame ","1","170","0","74"
"W13025-2","687","Ltd Edition - Passage","1626","Frame Options - Black rustic frame 1""","0","335","0","0"
"W13025-2","687","Ltd Edition - Passage","1627","Frame Options - Brown rustic frame 1""","0","335","0","0"
"W13025-2","687","Ltd Edition - Passage","1628","Frame Options - Grey rustic frame 1""","0","335","0","0"
"W12024-2","688","Ltd Edition - Breath of life","1729","Frame Options - Without frame ","2","170","0","74"
"W12024-2","688","Ltd Edition - Breath of life","1730","Frame Options - Black rustic frame 1""","0","335","0","0"
"W12024-2","688","Ltd Edition - Breath of life","1731","Frame Options - Brown rustic frame 1""","0","335","0","0"
"W12024-2","688","Ltd Edition - Breath of life","1732","Frame Options - Grey rustic frame 1""","0","335","0","0"
"W12017-2","689","Ltd Edition - Synchronicity","1629","Frame Options - Without frame ","3","170","0","70.73"
"W12017-2","689","Ltd Edition - Synchronicity","1630","Frame Options - Black rustic frame 1""","0","335","0","0"
"W12017-2","689","Ltd Edition - Synchronicity","1631","Frame Options - Grey rustic frame 1""","0","335","0","0"
"W12017-2","689","Ltd Edition - Synchronicity","1632","Frame Options - Brown rustic frame 1""","0","335","0","0"
"W12008-2","690","Ltd Edition - Winter wolves","1733","Frame Options - Without frame ","2","170","0","70.73"
"W12008-2","690","Ltd Edition - Winter wolves","1734","Frame Options - Black rustic frame 1""","0","335","0","0"
"W12008-2","690","Ltd Edition - Winter wolves","1735","Frame Options - Brown rustic frame 1""","0","335","0","0"
"W12008-2","690","Ltd Edition - Winter wolves","1736","Frame Options - Grey rustic frame 1""","0","335","0","0"
"W12001-2","691","Ltd Edition - Dialogue","1873","Frame Options - Without frame ","2","135","0","60.85"
"W12001-2","691","Ltd Edition - Dialogue","1874","Frame Options - Black rustic frame 1""","0","305","0","0"
"W12001-2","691","Ltd Edition - Dialogue","1875","Frame Options - Brown rustic frame 1""","0","305","0","0"
"W12001-2","691","Ltd Edition - Dialogue","1876","Frame Options - Grey rustic frame 1""","0","305","0","0"
"W12014-2","692","Ltd Edition - Gate of Silk","1737","Frame Options - Without frame ","4","170","0","74"
"W12014-2","692","Ltd Edition - Gate of Silk","1738","Frame Options - Black rustic frame 1""","0","335","0","0"
"W12014-2","692","Ltd Edition - Gate of Silk","1739","Frame Options - Brown rustic frame 1""","0","335","0","0"
"W12014-2","692","Ltd Edition - Gate of Silk","1740","Frame Options - Grey rustic frame 1""","0","335","0","0"
"W12005-2","693","Ltd Edition - Earth Keeper","1633","Frame Options - Without frame ","3","170","0","74"
"W12005-2","693","Ltd Edition - Earth Keeper","1634","Frame Options - Black rustic frame 1""","0","335","0","0"
"W12005-2","693","Ltd Edition - Earth Keeper","1635","Frame Options - Brown rustic frame 1""","0","335","0","0"
"W12005-2","693","Ltd Edition - Earth Keeper","1636","Frame Options - Grey rustic frame 1""","0","335","0","0"
"W12016-2","694","Ltd Edition - Going Home","1637","Frame Options - Without frame ","2","170","0","74"
"W12016-2","694","Ltd Edition - Going Home","1638","Frame Options - Black rustic frame 1""","0","335","0","0"
"W12016-2","694","Ltd Edition - Going Home","1639","Frame Options - Brown rustic frame 1""","0","335","0","0"
"W12016-2","694","Ltd Edition - Going Home","1640","Frame Options - Grey rustic frame 1""","0","335","0","0"
"W12018-2","696","Ltd Edition - Early Evening Flowing into Fall","1741","Frame Options - Without frame ","2","170","0","74"
"W12018-2","696","Ltd Edition - Early Evening Flowing into Fall","1742","Frame Options - Black rustic frame 1""","0","335","0","0"
"W12018-2","696","Ltd Edition - Early Evening Flowing into Fall","1743","Frame Options - Brown rustic frame 1""","0","335","0","0"
"W12018-2","696","Ltd Edition - Early Evening Flowing into Fall","1744","Frame Options - Grey rustic frame 1""","0","335","0","0"
"A00048-2","698","Ltd Edition - The Protector","1653","Frame Options - Without frame ","2","170","0","70.73"
"A00048-2","698","Ltd Edition - The Protector","1654","Frame Options - Black rustic frame 1""","0","335","0","0"
"A00048-2","698","Ltd Edition - The Protector","1655","Frame Options - Brown rustic frame 1""","0","335","0","0"
"A00048-2","698","Ltd Edition - The Protector","1656","Frame Options - Grey rustic frame 1""","0","335","0","0"
"A01003-2","699","Ltd Edition - Sky Girl","1641","Frame Options - Without frame ","3","170","0","70.73"
"A01003-2","699","Ltd Edition - Sky Girl","1642","Frame Options - Black rustic frame 1""","0","335","0","0"
"A01003-2","699","Ltd Edition - Sky Girl","1643","Frame Options - Brown rustic frame 1""","0","335","0","0"
"A01003-2","699","Ltd Edition - Sky Girl","1644","Frame Options - Grey rustic frame 1""","0","335","0","0"
"A04060-2","700","Ltd Edition - Passing Through","1817","Frame Options - Without frame ","1","170","0","74"
"A04060-2","700","Ltd Edition - Passing Through","1818","Frame Options - Black rustic frame 1""","0","335","0","0"
"A04060-2","700","Ltd Edition - Passing Through","1819","Frame Options - Brown rustic frame 1""","0","335","0","0"
"A04060-2","700","Ltd Edition - Passing Through","1820","Frame Options - Grey rustic frame 1""","0","335","0","0"
"A09054-2","701","Ltd Edition - Tranquility","1645","Frame Options - Without frame ","2","170","0","70.73"
"A09054-2","701","Ltd Edition - Tranquility","1646","Frame Options - Black rustic frame 1""","0","335","0","0"
"A09054-2","701","Ltd Edition - Tranquility","1647","Frame Options - Brown rustic frame 1""","0","335","0","0"
"A09054-2","701","Ltd Edition - Tranquility","1648","Frame Options - Grey rustic frame 1""","0","335","0","0"
"A16055-2","702","Ltd Edition - Abundance","1649","Frame Options - Without frame ","2","170","0","74"
"A16055-2","702","Ltd Edition - Abundance","1650","Frame Options - Brown rustic frame 1""","0","335","0","0"
"A16055-2","702","Ltd Edition - Abundance","1651","Frame Options - Black rustic frame 1""","0","335","0","0"
"A16055-2","702","Ltd Edition - Abundance","1652","Frame Options - Grey rustic frame 1""","0","335","0","0"
"A13041-2","703","Ltd Edition - Lapinx","1918","Frame Options - Black rustic frame 1""","0","320","0","0"
"A13041-2","703","Ltd Edition - Lapinx","1919","Frame Options - Brown rustic frame 1""","0","320","0","0"
"A13041-2","703","Ltd Edition - Lapinx","1920","Frame Options - Grey rustic frame 1""","0","320","0","0"
"A13041-2","703","Ltd Edition - Lapinx","11347","Frame Options - Without frame 4.5"" x 13.25""","0","155","0","0"
"A13041-2","703","Ltd Edition - Lapinx","11348","Frame Options - Without frame 6"" x 18""","3","170","0","74"
"A13056-2","705","Ltd Edition - Otherness","1877","Frame Options - Without frame ","2","140","0","62.7"
"A13056-2","705","Ltd Edition - Otherness","1878","Frame Options - Black rustic frame 1""","0","305","0","0"
"A13056-2","705","Ltd Edition - Otherness","1879","Frame Options - Brown rustic frame 1""","0","305","0","0"
"A13056-2","705","Ltd Edition - Otherness","1880","Frame Options - Grey rustic frame 1""","0","305","0","0"
"A13057-2","706","Ltd Edition - Origins","1821","Frame Options - Without frame ","1","170","0","74"
"A13057-2","706","Ltd Edition - Origins","1822","Frame Options - Black rustic frame 1""","0","335","0","0"
"A13057-2","706","Ltd Edition - Origins","1823","Frame Options - Brown rustic frame 1""","0","335","0","0"
"A13057-2","706","Ltd Edition - Origins","1824","Frame Options - Grey rustic frame 1""","0","335","0","0"
"A16051-2","707","Ltd Edition - Northern Keepers","1521","Frame Options - Without frame ","1","170","0","74"
"A16051-2","707","Ltd Edition - Northern Keepers","1522","Frame Options - Black rustic frame 1""","0","335","0","0"
"A16051-2","707","Ltd Edition - Northern Keepers","1523","Frame Options - Brown rustic frame 1""","0","335","0","0"
"A16051-2","707","Ltd Edition - Northern Keepers","1524","Frame Options - Grey rustic frame 1""","0","335","0","0"
"A16058-2","709","Ltd Edition - Silent Seekers","1881","Frame Options - Without frame ","1","140","0","62.7"
"A16058-2","709","Ltd Edition - Silent Seekers","1882","Frame Options - Black rustic frame 1""","0","305","0","0"
"A16058-2","709","Ltd Edition - Silent Seekers","1883","Frame Options - Brown rustic frame 1""","0","305","0","0"
"A16058-2","709","Ltd Edition - Silent Seekers","1884","Frame Options - Grey rustic frame 1""","0","305","0","0"
"A16059-2","710","Ltd Edition - Wisdom Keepers","1885","Frame Options - Without frame ","0","140","0","62.7"
"A16059-2","710","Ltd Edition - Wisdom Keepers","1886","Frame Options - Black rustic frame 1""","0","305","0","0"
"A16059-2","710","Ltd Edition - Wisdom Keepers","1887","Frame Options - Brown rustic frame 1""","0","305","0","0"
"A16059-2","710","Ltd Edition - Wisdom Keepers","1888","Frame Options - Grey rustic frame 1""","0","305","0","0"
"A95053-2","711","Ltd Edition - Messenger","1893","Frame Options - Without frame ","3","140","0","62.7"
"A95053-2","711","Ltd Edition - Messenger","1894","Frame Options - Black rustic frame 1""","0","305","0","0"
"A95053-2","711","Ltd Edition - Messenger","1895","Frame Options - Brown rustic frame 1""","0","305","0","0"
"A95053-2","711","Ltd Edition - Messenger","1896","Frame Options - Grey rustic frame 1""","0","305","0","0"
"A14051-2","712","Ltd Edition - Gezaluwejit","1529","Frame Options - Without frame ","2","170","0","74"
"A14051-2","712","Ltd Edition - Gezaluwejit","1530","Frame Options - Black rustic frame 1""","0","335","0","0"
"A14051-2","712","Ltd Edition - Gezaluwejit","1531","Frame Options - Brown rustic frame 1""","0","335","0","0"
"A14051-2","712","Ltd Edition - Gezaluwejit","1532","Frame Options - Grey rustic frame 1""","0","335","0","0"
"W13047-2","714","Ltd Edition - Inner Memories","1753","Frame Options - Without frame ","4","170","0","74"
"W13047-2","714","Ltd Edition - Inner Memories","1754","Frame Options - Black rustic frame 1""","0","335","0","0"
"W13047-2","714","Ltd Edition - Inner Memories","1755","Frame Options - Brown rustic frame 1""","0","335","0","0"
"W13047-2","714","Ltd Edition - Inner Memories","1756","Frame Options - Grey rustic frame 1""","0","335","0","0"
"A12050-2","716","Ltd Edition - Ice Dream","1757","Frame Options - Without frame ","3","170","0","74"
"A12050-2","716","Ltd Edition - Ice Dream","1758","Frame Options - Black rustic frame 1""","0","335","0","0"
"A12050-2","716","Ltd Edition - Ice Dream","1759","Frame Options - Brown rustic frame 1""","0","335","0","0"
"A12050-2","716","Ltd Edition - Ice Dream","1760","Frame Options - Grey rustic frame 1""","0","335","0","0"
"A13053-2","718","Ltd Edition - Roots Of Another World","1765","Frame Options - Without frame ","1","170","0","70.73"
"A13053-2","718","Ltd Edition - Roots Of Another World","1766","Frame Options - Black rustic frame 1""","0","335","0","0"
"A13053-2","718","Ltd Edition - Roots Of Another World","1767","Frame Options - Brown rustic frame 1""","0","335","0","0"
"A13053-2","718","Ltd Edition - Roots Of Another World","1768","Frame Options - Grey rustic frame 1""","0","335","0","0"
"A01038-2","719","Ltd Edition - Harmony","1930","Frame Options - Without frame ","1","170","0","70.73"
"A01038-2","719","Ltd Edition - Harmony","1931","Frame Options - Black rustic frame 1""","0","335","0","0"
"A01038-2","719","Ltd Edition - Harmony","1932","Frame Options - Brown rustic frame 1""","0","335","0","0"
"A01038-2","719","Ltd Edition - Harmony","1933","Frame Options - Grey rustic frame 1""","0","335","0","0"
"A13042-2","721","Ltd Edition - Carried Away","1897","Frame Options - Without frame ","1","140","0","62.7"
"A13042-2","721","Ltd Edition - Carried Away","1898","Frame Options - Black rustic frame 1""","0","305","0","0"
"A13042-2","721","Ltd Edition - Carried Away","1899","Frame Options - Brown rustic frame 1""","0","305","0","0"
"A13042-2","721","Ltd Edition - Carried Away","1900","Frame Options - Grey rustic frame 1""","0","305","0","0"
"W13023-2","722","Ltd Edition - Water and Spirit Buffalo","1769","Frame Options - Without frame ","1","170","0","70.73"
"W13023-2","722","Ltd Edition - Water and Spirit Buffalo","1770","Frame Options - Black rustic frame 1""","0","335","0","0"
"W13023-2","722","Ltd Edition - Water and Spirit Buffalo","1771","Frame Options - Brown rustic frame 1""","0","335","0","0"
"W13023-2","722","Ltd Edition - Water and Spirit Buffalo","1772","Frame Options - Grey rustic frame 1""","0","335","0","0"
"A01031-1","725","Canvas - Honoring the Giver of Life","1589","Frame Options - Without frame ","1","295","0","0"
"A01031-1","725","Canvas - Honoring the Giver of Life","1590","Frame Options - Wood floater frame black","0","395","0","0"
"A01031-1","725","Canvas - Honoring the Giver of Life","1591","Frame Options - Wood floater frame brown","0","395","0","0"
"A01031-1","725","Canvas - Honoring the Giver of Life","1592","Frame Options - Wood floater frame pewter","0","395","0","0"
"A08007-1","733","Canvas - A Moose and Goose","1777","Frame Options - Without frame ","1","190","0","0"
"A08007-1","733","Canvas - A Moose and Goose","1778","Frame Options - Wood floater frame black","0","290","0","0"
"A08007-1","733","Canvas - A Moose and Goose","1779","Frame Options - Wood floater frame brown","0","290","0","0"
"A08007-1","733","Canvas - A Moose and Goose","1780","Frame Options - Wood floater frame pewter","0","290","0","0"
"A10046-1","736","Canvas - Geese Spirit","1665","Frame Options - Without frame ","0","295","0","84.27"
"A10046-1","736","Canvas - Geese Spirit","1666","Frame Options - Wood floater frame black","0","395","0","0"
"A10046-1","736","Canvas - Geese Spirit","1667","Frame Options - Wood floater frame brown","0","395","0","0"
"A10046-1","736","Canvas - Geese Spirit","1668","Frame Options - Wood floater frame pewter","0","395","0","0"
"A08013-1","737","Canvas - New Day","1561","Frame Options - Without frame ","1","295","0","0"
"A08013-1","737","Canvas - New Day","1562","Frame Options - Wood floater frame black","0","395","0","0"
"A08013-1","737","Canvas - New Day","1563","Frame Options - Wood floater frame brown","0","395","0","0"
"A08013-1","737","Canvas - New Day","1564","Frame Options - Wood floater frame pewter","0","395","0","0"
"A08045-1","738","Canvas - Patience","1837","Frame Options - Without frame ","1","225","0","0"
"A08045-1","738","Canvas - Patience","1838","Frame Options - Wood floater frame black","0","325","0","0"
"A08045-1","738","Canvas - Patience","1839","Frame Options - Wood floater frame brown","0","325","0","0"
"A08045-1","738","Canvas - Patience","1840","Frame Options - Wood floater frame pewter","0","325","0","0"
"A08019-1","740","Canvas - Unity","1781","Frame Options - Without frame ","1","335","0","0"
"A08019-1","740","Canvas - Unity","1782","Frame Options - Wood floater frame black","0","435","0","0"
"A08019-1","740","Canvas - Unity","1783","Frame Options - Wood floater frame brown","0","435","0","0"
"A08019-1","740","Canvas - Unity","1784","Frame Options - Wood floater frame pewter","0","435","0","0"
"A09006-1","741","Canvas - River Keeper","1854","Frame Options - Wood floater frame black","0","495","0","0"
"A09006-1","741","Canvas - River Keeper","1855","Frame Options - Wood floater frame brown","0","495","0","0"
"A09006-1","741","Canvas - River Keeper","1856","Frame Options - Wood floater frame pewter","0","495","0","0"
"A09006-1","741","Canvas - River Keeper","8134","Frame Options - Without frame 15"" x 24""","1","315","0","0"
"A09006-1","741","Canvas - River Keeper","8135","Frame Options - Without frame 30"" x 48""","0","695","0","0"
"A09006-1","741","Canvas - River Keeper","9712","Frame Options - Without frame 29"" x 48""","1","695","0","0"
"A07020-1","744","Canvas - Journey to the Spirit World","1857","Frame Options - Without frame ","1","525","0","0"
"A07020-1","744","Canvas - Journey to the Spirit World","1858","Frame Options - Wood floater frame black","0","695","0","0"
"A07020-1","744","Canvas - Journey to the Spirit World","1859","Frame Options - Wood floater frame brown","0","695","0","0"
"A07020-1","744","Canvas - Journey to the Spirit World","1860","Frame Options - Wood floater frame pewter","0","695","0","0"
"W12024-1","746","Canvas - Breath of life","1669","Frame Options - Without frame ","1","325","0","0"
"W12024-1","746","Canvas - Breath of life","1670","Frame Options - Wood floater frame black","0","425","0","0"
"W12024-1","746","Canvas - Breath of life","1671","Frame Options - Wood floater frame brown","0","425","0","0"
"W12024-1","746","Canvas - Breath of life","1672","Frame Options - Wood floater frame pewter","0","425","0","0"
"A13041-1","761","Canvas - Lapinx","1861","Frame Options - Without frame ","1","395","0","120"
"A13041-1","761","Canvas - Lapinx","1862","Frame Options - Wood floater frame black","0","495","0","0"
"A13041-1","761","Canvas - Lapinx","1863","Frame Options - Wood floater frame brown","0","495","0","0"
"A13041-1","761","Canvas - Lapinx","1864","Frame Options - Wood floater frame pewter","0","495","0","0"
"A16052-1","766","Canvas - Zenith","1866","Frame Options - Wood floater frame black","0","345","0","0"
"A16052-1","766","Canvas - Zenith","1867","Frame Options - Wood floater frame brown","0","345","0","0"
"A16052-1","766","Canvas - Zenith","1868","Frame Options - Wood floater frame pewter","0","345","0","0"
"A16052-1","766","Canvas - Zenith","9715","Frame Options - Without frame ","1","245","0","102"
"A16058-1","767","Canvas - Silent Seekers","1829","Frame Options - Without frame ","0","295","0","0"
"A16058-1","767","Canvas - Silent Seekers","1830","Frame Options - Wood floater frame black","1","425","0","0"
"A16058-1","767","Canvas - Silent Seekers","1831","Frame Options - Wood floater frame brown","0","425","0","0"
"A16058-1","767","Canvas - Silent Seekers","1832","Frame Options - Wood floater frame pewter","0","425","0","0"
"A16059-1","768","Canvas - Wisdom Keepers","1833","Frame Options - Without frame ","1","225","0","74.36"
"A16059-1","768","Canvas - Wisdom Keepers","1834","Frame Options - Wood floater frame black","0","325","0","0"
"A16059-1","768","Canvas - Wisdom Keepers","1835","Frame Options - Wood floater frame brown","0","325","0","0"
"A16059-1","768","Canvas - Wisdom Keepers","1836","Frame Options - Wood floater frame pewter","0","325","0","0"
"A16059-1","768","Canvas - Wisdom Keepers","7802","Frame Options - Without frame 24"" x 12""","0","295","0","0"
"A16059-1","768","Canvas - Wisdom Keepers","7803","Frame Options - Wood floater black","0","395","0","0"
"A16059-1","768","Canvas - Wisdom Keepers","7804","Frame Options - Wood floater brown","0","395","0","0"
"A16059-1","768","Canvas - Wisdom Keepers","7805","Frame Options - Wood floater pewter","0","395","0","0"
"A14051-1","770","Canvas - Gezaluwejit","1525","Frame Options - Without frame ","1","295","0","0"
"A14051-1","770","Canvas - Gezaluwejit","1526","Frame Options - Wood floater frame black","0","395","0","0"
"A14051-1","770","Canvas - Gezaluwejit","1527","Frame Options - Wood floater frame brown","0","395","0","0"
"A14051-1","770","Canvas - Gezaluwejit","1528","Frame Options - Wood floater frame pewter","0","395","0","0"
"W13047-1","772","Canvas - Inner Memories","1693","Frame Options - Without frame ","0","295","0","0"
"W13047-1","772","Canvas - Inner Memories","1694","Frame Options - Wood floater frame black","0","395","0","0"
"W13047-1","772","Canvas - Inner Memories","1695","Frame Options - Wood floater frame brown","0","395","0","0"
"W13047-1","772","Canvas - Inner Memories","1696","Frame Options - Wood floater frame pewter","0","395","0","0"
"A12050-1","774","Canvas - Ice Dream","1697","Frame Options - Without frame ","1","295","0","0"
"A12050-1","774","Canvas - Ice Dream","1698","Frame Options - Wood floater frame black","0","395","0","0"
"A12050-1","774","Canvas - Ice Dream","1699","Frame Options - Wood floater frame brown","0","395","0","0"
"A12050-1","774","Canvas - Ice Dream","1700","Frame Options - Wood floater frame pewter","0","395","0","0"
"A13042-1","779","Canvas - Carried Away","1846","Frame Options - Wood floater frame black","0","325","0","0"
"A13042-1","779","Canvas - Carried Away","1847","Frame Options - Wood floater frame brown","0","325","0","0"
"A13042-1","779","Canvas - Carried Away","1848","Frame Options - Wood floater frame pewter","0","325","0","0"
"A13042-1","779","Canvas - Carried Away","7728","Frame Options - Without frame ","1","250","0","0"
"A17065-POD2578","781","Card - The Forest Temple","","Card - The Forest Temple","10","6.35","2.75","0"
"A17063-POD2550","782","Card - Depth","","Card - Depth","13","6.35","2.75","0"
"W17062-7","783","Card - Horizon","","Card - Horizon","0","5.5","2.5","0"
"A17064-POD2563","784","Card - M'Otter love","","Card - M'Otter love","13","6.35","2.75","0"
"A17063-POD2550","785","Matted Print - Depth","","Matted Print - Depth","5","20","7.5","0"
"W17062-6","786","Small Print - Horizon","","Small Print - Horizon","12","25","0","0"
"A17064-POD2563","787","Matted Print - M'Otter Love","","Matted Print - M'Otter Love","2","20","7.5","0"
"A17065-6","788","Small Print - The Forest Temple","","Small Print - The Forest Temple","7","25","0","0"
"A17065-2","789","Ltd Edition - The Forest Temple","1901","Frame Options - Without frame ","3","140","0","62.7"
"A17065-2","789","Ltd Edition - The Forest Temple","1902","Frame Options - Black rustic frame 1""","0","305","0","0"
"A17065-2","789","Ltd Edition - The Forest Temple","1903","Frame Options - Brown rustic frame 1""","0","305","0","0"
"A17065-2","789","Ltd Edition - The Forest Temple","1904","Frame Options - Grey rustic frame 1""","0","305","0","0"
"A17064-2","790","Ltd Edition - M'Otter Love","1926","Frame Options - Black rustic frame 1""","0","335","0","0"
"A17064-2","790","Ltd Edition - M'Otter Love","1927","Frame Options - Brown rustic frame 1""","0","335","0","0"
"A17064-2","790","Ltd Edition - M'Otter Love","1928","Frame Options - Grey rustic frame 1""","0","335","0","0"
"A17064-2","790","Ltd Edition - M'Otter Love","11349","Frame Options - Without frame 3.30"" x 13.5""","2","135","0","58.5"
"A17064-2","790","Ltd Edition - M'Otter Love","11350","Frame Options - Without frame 6"" x 24""","2","190","0","89.52"
"A17063-2","791","Ltd Edition - Depth","1513","Frame Options - Without frame ","2","170","0","74"
"A17063-2","791","Ltd Edition - Depth","1514","Frame Options - Black rustic frame 1""","0","335","0","0"
"A17063-2","791","Ltd Edition - Depth","1515","Frame Options - Brown rustic frame 1""","0","335","0","0"
"A17063-2","791","Ltd Edition - Depth","1516","Frame Options - Grey rustic frame 1""","0","335","0","0"
"W17062-2","792","Ltd Edition - Horizon","1773","Frame Options - Without frame ","2","170","0","74"
"W17062-2","792","Ltd Edition - Horizon","1774","Frame Options - Black rustic frame 1""","0","335","0","0"
"W17062-2","792","Ltd Edition - Horizon","1775","Frame Options - Brown rustic frame 1""","0","335","0","0"
"W17062-2","792","Ltd Edition - Horizon","1776","Frame Options - Grey rustic frame 1""","0","335","0","0"
"A17065-1","793","Canvas - The Forest Temple","1849","Frame Options - Without frame ","1","445","0","0"
"A17065-1","793","Canvas - The Forest Temple","1850","Frame Options - Wood floater frame black","0","545","0","0"
"A17065-1","793","Canvas - The Forest Temple","1851","Frame Options - Wood floater frame brown","0","545","0","0"
"A17065-1","793","Canvas - The Forest Temple","1852","Frame Options - Wood floater frame pewter","0","545","0","0"
"A17064-1","794","Canvas - Motter Love","1869","Frame Options - Without frame ","0","225","0","0"
"A17064-1","794","Canvas - Motter Love","1870","Frame Options - Wood floater frame black","0","315","0","0"
"A17064-1","794","Canvas - Motter Love","1871","Frame Options - Wood floater frame brown","0","315","0","0"
"A17064-1","794","Canvas - Motter Love","1872","Frame Options - Wood floater frame pewter","0","315","0","0"
"A17063-1","795","Canvas - Depth","1509","Frame Options - Wood floater frame black","0","345","0","0"
"A17063-1","795","Canvas - Depth","1510","Frame Options - Wood floater frame brown","0","345","0","0"
"A17063-1","795","Canvas - Depth","1511","Frame Options - Wood floater frame pewter","0","345","0","0"
"A17063-1","795","Canvas - Depth","1512","Frame Options - Without frame ","0","295","0","295"
"A17063-1","795","Canvas - Depth","6668","Frame Options - Without frame 24"" x 30""","1","495","0","0"
"A08021-7","797","Card - Wikwemikong","","Card - Wikwemikong","4","5.5","2.5","0"
"A09055-7","798","Card - Abundance","","Card - Abundance","13","5.5","2.5","0"
"W18053-7-POD2883","799","Card - Northern Masters","","Card - Northern Masters","8","6.35","2.75","0"
"W18053-6","800","Small Print - Northern Masters","","Small Print - Northern Masters","0","25","0","0"
"W18053-2","801","Ltd Edition - Northern Masters","1316","Frame Options - Black rustic frame 1""","0","335","0","0"
"W18053-2","801","Ltd Edition - Northern Masters","1317","Frame Options - Brown rustic frame 1""","0","335","0","0"
"W18053-2","801","Ltd Edition - Northern Masters","1318","Frame Options - Grey rustic frame 1""","0","335","0","0"
"W18053-2","801","Ltd Edition - Northern Masters","1319","Frame Options - Without frame ","3","170","0","74"
"A17064-WPA0301NC03C","804","Carla Palazzo ""M'Otter Love""","3022","Size - XS","0","169","68","0"
"A17064-WPA0301NC03C","804","Carla Palazzo ""M'Otter Love""","3023","Size - S","0","169","68","0"
"A17064-WPA0301NC03C","804","Carla Palazzo ""M'Otter Love""","3024","Size - M","0","169","68","0"
"A17064-WPA0301NC03C","804","Carla Palazzo ""M'Otter Love""","3025","Size - L","0","169","68","0"
"A17064-WPA0301NC03C","804","Carla Palazzo ""M'Otter Love""","3026","Size - XL","0","169","68","0"
"A16058-WPA0301NC04A","805","Carla Palazzo ""Silent Seekers""","1325","Size - XS","1","189","74","0"
"A16058-WPA0301NC04A","805","Carla Palazzo ""Silent Seekers""","1326","Size - S","1","189","74","0"
"A16058-WPA0301NC04A","805","Carla Palazzo ""Silent Seekers""","1327","Size - M","1","189","74","0"
"A16058-WPA0301NC04A","805","Carla Palazzo ""Silent Seekers""","1328","Size - L","1","189","74","0"
"A16058-WPA0301NC04A","805","Carla Palazzo ""Silent Seekers""","1329","Size - XL","1","189","74","0"
"A16058-WNS0701NC04A","807","Coco Tank ""Silent Seekers""","1435","Size - XS","1","79","34.35","0"
"A16058-WNS0701NC04A","807","Coco Tank ""Silent Seekers""","1436","Size - S","1","79","34.35","0"
"A16058-WNS0701NC04A","807","Coco Tank ""Silent Seekers""","1437","Size - M","2","79","34.35","0"
"A16058-WNS0701NC04A","807","Coco Tank ""Silent Seekers""","1438","Size - L","1","79","34.35","0"
"A16058-WNS0701NC04A","807","Coco Tank ""Silent Seekers""","1439","Size - XL","1","79","34.35","0"
"A16051-WNS0701NC05A","808","Coco Tank ""Northern Keepers""","1430","Size - XS","0","79","34.35","0"
"A16051-WNS0701NC05A","808","Coco Tank ""Northern Keepers""","1431","Size - S","1","79","34.35","0"
"A16051-WNS0701NC05A","808","Coco Tank ""Northern Keepers""","1432","Size - M","1","79","34.35","0"
"A16051-WNS0701NC05A","808","Coco Tank ""Northern Keepers""","1433","Size - L","1","79","34.35","0"
"A16051-WNS0701NC05A","808","Coco Tank ""Northern Keepers""","1434","Size - XL","0","79","34.35","0"
"A01028-WNS0701NC08A","809","Coco Tank ""Giving Thanks""","1425","Size - XS","2","79","34.35","0"
"A01028-WNS0701NC08A","809","Coco Tank ""Giving Thanks""","1426","Size - S","0","79","34.35","0"
"A01028-WNS0701NC08A","809","Coco Tank ""Giving Thanks""","1427","Size - M","0","79","34.35","0"
"A01028-WNS0701NC08A","809","Coco Tank ""Giving Thanks""","1428","Size - L","1","79","34.35","0"
"A01028-WNS0701NC08A","809","Coco Tank ""Giving Thanks""","1429","Size - XL","0","79","34.35","0"
"A16051-WLS0401NC05A","810","Dolly Top ""Northern Keepers""","2194","Size - XS","0","119","50","0"
"A16051-WLS0401NC05A","810","Dolly Top ""Northern Keepers""","2195","Size - S","0","119","50","0"
"A16051-WLS0401NC05A","810","Dolly Top ""Northern Keepers""","2196","Size - M","0","119","50","0"
"A16051-WLS0401NC05A","810","Dolly Top ""Northern Keepers""","2197","Size - L","0","119","50","0"
"A16051-WLS0401NC05A","810","Dolly Top ""Northern Keepers""","2198","Size - XL","0","119","50","0"
"A17063-WPA0401NC02A","812","Jackie Legging ""Depth""","1350","Size - XS","0","109","45","0"
"A17063-WPA0401NC02A","812","Jackie Legging ""Depth""","1351","Size - S","0","109","45","0"
"A17063-WPA0401NC02A","812","Jackie Legging ""Depth""","1352","Size - M","0","109","45","0"
"A17063-WPA0401NC02A","812","Jackie Legging ""Depth""","1353","Size - L","0","109","45","0"
"A17063-WPA0401NC02A","812","Jackie Legging ""Depth""","1354","Size - XL","0","109","45","0"
"A17064-WPA0401NC03A","813","Jackie Legging ""M'Otter Love""","1345","Size - XS","0","109","45","0"
"A17064-WPA0401NC03A","813","Jackie Legging ""M'Otter Love""","1346","Size - S","0","109","45","0"
"A17064-WPA0401NC03A","813","Jackie Legging ""M'Otter Love""","1347","Size - M","0","109","45","0"
"A17064-WPA0401NC03A","813","Jackie Legging ""M'Otter Love""","1348","Size - L","0","109","45","0"
"A17064-WPA0401NC03A","813","Jackie Legging ""M'Otter Love""","1349","Size - XL","1","109","45","0"
"A09006-WPA0401NC06A","815","Jackie Legging ""The River Keeper""","1335","Size - XS","0","109","45","0"
"A09006-WPA0401NC06A","815","Jackie Legging ""The River Keeper""","1336","Size - S","0","109","45","0"
"A09006-WPA0401NC06A","815","Jackie Legging ""The River Keeper""","1337","Size - M","0","109","45","0"
"A09006-WPA0401NC06A","815","Jackie Legging ""The River Keeper""","1338","Size - L","0","109","45","0"
"A09006-WPA0401NC06A","815","Jackie Legging ""The River Keeper""","1339","Size - XL","0","109","45","0"
"A17063-MTT0501NC02A","816","Jasper Tie ""Depth""","","Jasper Tie ""Depth""","0","79","33","0"
"A16058-MTT0501NC04A","817","Jasper Tie ""Silent Seekers""","","Jasper Tie ""Silent Seekers""","0","79","32","0"
"A16052-MTT0501NC0BA","818","Jasper Tie ""Zenith""","","Jasper Tie ""Zenith""","0","79","32","0"
"A16059-WDR1001NC0IA","819","Jeanne Dress ""Wisdom Keepers""","3117","Size - XS","0","149","58","0"
"A16059-WDR1001NC0IA","819","Jeanne Dress ""Wisdom Keepers""","3118","Size - S","0","149","58","0"
"A16059-WDR1001NC0IA","819","Jeanne Dress ""Wisdom Keepers""","3119","Size - M","0","149","58","0"
"A16059-WDR1001NC0IA","819","Jeanne Dress ""Wisdom Keepers""","3120","Size - L","0","149","58","0"
"A16059-WDR1001NC0IA","819","Jeanne Dress ""Wisdom Keepers""","3121","Size - XL","1","149","58","0"
"A16058-WSS0901NC04A","820","K Smith T-Shirt ""Silent Seekers""","1405","Size - XS","1","89","35","0"
"A16058-WSS0901NC04A","820","K Smith T-Shirt ""Silent Seekers""","1406","Size - S","1","89","35","0"
"A16058-WSS0901NC04A","820","K Smith T-Shirt ""Silent Seekers""","1407","Size - M","1","89","35","0"
"A16058-WSS0901NC04A","820","K Smith T-Shirt ""Silent Seekers""","1408","Size - L","1","89","35","0"
"A16058-WSS0901NC04A","820","K Smith T-Shirt ""Silent Seekers""","1409","Size - XL","1","89","35","0"
"A17063-WSS0901NC02A","821","K Smith T-Shirt ""Depth""","2313","Size - XS","0","89","35","0"
"A17063-WSS0901NC02A","821","K Smith T-Shirt ""Depth""","2314","Size - S","0","89","35","0"
"A17063-WSS0901NC02A","821","K Smith T-Shirt ""Depth""","2315","Size - M","0","89","35","0"
"A17063-WSS0901NC02A","821","K Smith T-Shirt ""Depth""","2316","Size - L","0","89","35","0"
"A17063-WSS0901NC02A","821","K Smith T-Shirt ""Depth""","2317","Size - XL","0","89","35","0"
"A17064-WNS0801NC03A","822","Kaplan Tank ""M'Otter Love""","1420","Size - XS","1","129","60","0"
"A17064-WNS0801NC03A","822","Kaplan Tank ""M'Otter Love""","1421","Size - S","1","129","60","0"
"A17064-WNS0801NC03A","822","Kaplan Tank ""M'Otter Love""","1422","Size - M","1","129","60","0"
"A17064-WNS0801NC03A","822","Kaplan Tank ""M'Otter Love""","1423","Size - L","1","129","60","0"
"A17064-WNS0801NC03A","822","Kaplan Tank ""M'Otter Love""","1424","Size - XL","1","129","60","0"
"A16058-WNS0801NC04B","823","Kaplan Tank ""Silent Seekers""","1415","Size - XS","1","129","60","0"
"A16058-WNS0801NC04B","823","Kaplan Tank ""Silent Seekers""","1416","Size - S","0","129","60","0"
"A16058-WNS0801NC04B","823","Kaplan Tank ""Silent Seekers""","1417","Size - M","1","129","60","0"
"A16058-WNS0801NC04B","823","Kaplan Tank ""Silent Seekers""","1418","Size - L","1","129","60","0"
"A16058-WNS0801NC04B","823","Kaplan Tank ""Silent Seekers""","1419","Size - XL","1","129","60","0"
"W13023-WNS0801NC09A","824","Kaplan Tank ""Water and Spirit Buffalo""","1410","Size - XS","0","129","60","0"
"W13023-WNS0801NC09A","824","Kaplan Tank ""Water and Spirit Buffalo""","1411","Size - S","0","129","60","0"
"W13023-WNS0801NC09A","824","Kaplan Tank ""Water and Spirit Buffalo""","1412","Size - M","1","129","60","0"
"W13023-WNS0801NC09A","824","Kaplan Tank ""Water and Spirit Buffalo""","1413","Size - L","0","129","60","0"
"W13023-WNS0801NC09A","824","Kaplan Tank ""Water and Spirit Buffalo""","1414","Size - XL","0","129","60","0"
"A17063-WDR2601NC02A","825","Kate Dress ""Depth""","1395","Size - XS","0","169","64.5","0"
"A17063-WDR2601NC02A","825","Kate Dress ""Depth""","1396","Size - S","1","169","64.5","0"
"A17063-WDR2601NC02A","825","Kate Dress ""Depth""","1397","Size - M","0","169","64.5","0"
"A17063-WDR2601NC02A","825","Kate Dress ""Depth""","1398","Size - L","0","169","64.5","0"
"A17063-WDR2601NC02A","825","Kate Dress ""Depth""","1399","Size - XL","1","169","64.5","0"
"A17064-WDR2601NC03D","826","Kate Dress ""M'Otter Love""","1390","Size - XS","1","169","64.5","0"
"A17064-WDR2601NC03D","826","Kate Dress ""M'Otter Love""","1391","Size - S","1","169","64.5","0"
"A17064-WDR2601NC03D","826","Kate Dress ""M'Otter Love""","1392","Size - M","0","169","64.5","0"
"A17064-WDR2601NC03D","826","Kate Dress ""M'Otter Love""","1393","Size - L","0","169","64.5","0"
"A17064-WDR2601NC03D","826","Kate Dress ""M'Otter Love""","1394","Size - XL","1","169","64.5","0"
"A16058-WDR2601NC04A","827","Kate Dress ""Silent Seekers""","1385","Size - XS","1","169","64.5","0"
"A16058-WDR2601NC04A","827","Kate Dress ""Silent Seekers""","1386","Size - S","1","169","64.5","0"
"A16058-WDR2601NC04A","827","Kate Dress ""Silent Seekers""","1387","Size - M","1","169","64.5","0"
"A16058-WDR2601NC04A","827","Kate Dress ""Silent Seekers""","1388","Size - L","0","169","64.5","0"
"A16058-WDR2601NC04A","827","Kate Dress ""Silent Seekers""","1389","Size - XL","1","169","64.5","0"
"A16051-WDR2601NC05A","828","Kate Dress ""Northern Keepers""","1380","Size - XS","1","169","64.5","0"
"A16051-WDR2601NC05A","828","Kate Dress ""Northern Keepers""","1381","Size - S","0","169","64.5","0"
"A16051-WDR2601NC05A","828","Kate Dress ""Northern Keepers""","1382","Size - M","1","169","64.5","0"
"A16051-WDR2601NC05A","828","Kate Dress ""Northern Keepers""","1383","Size - L","0","169","64.5","0"
"A16051-WDR2601NC05A","828","Kate Dress ""Northern Keepers""","1384","Size - XL","1","169","64.5","0"
"A09006-WDR2601NC06A","829","Kate Dress ""The River Keeper""","1375","Size - XS","0","169","64.5","0"
"A09006-WDR2601NC06A","829","Kate Dress ""The River Keeper""","1376","Size - S","0","169","64.5","0"
"A09006-WDR2601NC06A","829","Kate Dress ""The River Keeper""","1377","Size - M","0","169","64.5","0"
"A09006-WDR2601NC06A","829","Kate Dress ""The River Keeper""","1378","Size - L","0","169","64.5","0"
"A09006-WDR2601NC06A","829","Kate Dress ""The River Keeper""","1379","Size - XL","1","169","64.5","0"
"A01028-WDR2601NC08A","830","Kate Dress ""Giving Thanks""","3042","Size - XS","1","169","64.5","0"
"A01028-WDR2601NC08A","830","Kate Dress ""Giving Thanks""","3043","Size - S","1","169","64.5","0"
"A01028-WDR2601NC08A","830","Kate Dress ""Giving Thanks""","3044","Size - M","1","169","64.5","0"
"A01028-WDR2601NC08A","830","Kate Dress ""Giving Thanks""","3045","Size - L","0","169","64.5","0"
"A01028-WDR2601NC08A","830","Kate Dress ""Giving Thanks""","3046","Size - XL","0","169","64.5","0"
"W13023-WDR2601NC09A","831","Kate Dress ""Water and Spirit Buffalo""","1365","Size - XS","1","169","64.5","0"
"W13023-WDR2601NC09A","831","Kate Dress ""Water and Spirit Buffalo""","1366","Size - S","0","169","64.5","0"
"W13023-WDR2601NC09A","831","Kate Dress ""Water and Spirit Buffalo""","1367","Size - M","0","169","64.5","0"
"W13023-WDR2601NC09A","831","Kate Dress ""Water and Spirit Buffalo""","1368","Size - L","0","169","64.5","0"
"W13023-WDR2601NC09A","831","Kate Dress ""Water and Spirit Buffalo""","1369","Size - XL","2","169","64.5","0"
"A07020-WDR2601NC0AB","832","Kate Dress ""Journey to the Spirit World""","1360","Size - XS","0","169","64.5","0"
"A07020-WDR2601NC0AB","832","Kate Dress ""Journey to the Spirit World""","1361","Size - S","1","169","64.5","0"
"A07020-WDR2601NC0AB","832","Kate Dress ""Journey to the Spirit World""","1362","Size - M","0","169","64.5","0"
"A07020-WDR2601NC0AB","832","Kate Dress ""Journey to the Spirit World""","1363","Size - L","0","169","64.5","0"
"A07020-WDR2601NC0AB","832","Kate Dress ""Journey to the Spirit World""","1364","Size - XL","1","169","64.5","0"
"A08011-WDR3101NC0HA","833","Marianne Flare Dress ""Whisper""","1355","Size - XS","0","139","58","0"
"A08011-WDR3101NC0HA","833","Marianne Flare Dress ""Whisper""","1356","Size - S","0","139","58","0"
"A08011-WDR3101NC0HA","833","Marianne Flare Dress ""Whisper""","1357","Size - M","0","139","58","0"
"A16058-UAC1801NC04A","835","Pablo Pillow ""Silent Seekers""","","Pablo Pillow ""Silent Seekers""","3","59","21","0"
"W13023-UAC1801NC09A","837","Pablo Pillow ""Water and Spirit Buffalo""","","Pablo Pillow ""Water and Spirit Buffalo""","2","59","21","0"
"A07020-UAC1801NC0AB","838","Pablo Pillow ""Journey to the Spirit World""","","Pablo Pillow ""Journey to the Spirit World""","3","59","21","0"
"A16051-WDR1601NC05A","841","Patti Tunic ""Northern Keepers""","1480","Size - XS","1","129","50.5","0"
"A16051-WDR1601NC05A","841","Patti Tunic ""Northern Keepers""","1481","Size - S","0","129","50.5","0"
"A16051-WDR1601NC05A","841","Patti Tunic ""Northern Keepers""","1482","Size - M","0","129","50.5","0"
"A16051-WDR1601NC05A","841","Patti Tunic ""Northern Keepers""","1483","Size - L","0","129","50.5","0"
"A16051-WDR1601NC05A","841","Patti Tunic ""Northern Keepers""","1484","Size - XL","0","129","50.5","0"
"A17063-WAC0201NC02A","845","Vivienne Scarf ""Depth""","","Vivienne Scarf ""Depth""","3","59","23","0"
"A17064-WAC0201NC03A","846","Vivienne Scarf ""M'Otter Love""","","Vivienne Scarf ""M'Otter Love""","4","59","23","0"
"A16058-WAC0201NC04A","847","Vivienne Scarf ""Silent Seekers""","","Vivienne Scarf ""Silent Seekers""","3","59","23","0"
"A16051-WAC0201NC05A","848","Vivienne Scarf ""Northern Keepers""","","Vivienne Scarf ""Northern Keepers""","5","59","23","0"
"A09006-WAC0201NC06A","849","Vivienne Scarf ""The River Keeper""","","Vivienne Scarf ""The River Keeper""","5","59","23","0"
"W12001-WAC0201NC07B","850","Vivienne Scarf ""Dialogue""","","Vivienne Scarf ""Dialogue""","4","59","23","0"
"A01028-WAC0201NC08A","851","Vivienne Scarf ""Giving Thanks""","","Vivienne Scarf ""Giving Thanks""","3","59","23","0"
"W13023-WAC0201NC09A","852","Vivienne Scarf ""Water and Spirit Buffalo""","","Vivienne Scarf ""Water and Spirit Buffalo""","4","59","23","0"
"A07020-WAC0201NC0AA","853","Vivienne Scarf ""Journey to the Spirit World""","","Vivienne Scarf ""Journey to the Spirit World""","5","59","23","0"
"A16052-WAC0201NC0BA","854","Vivienne Scarf ""Zenith""","","Vivienne Scarf ""Zenith""","4","59","23","0"
"A17065-WAC0201NC0CA","855","Vivienne Scarf ""Forest Temple""","","Vivienne Scarf ""Forest Temple""","6","59","23","0"
"A17063-WSS0701NC02A","856","Yoko Cape Tunic ""Depth""","3177","Size - XS","0","139","65","0"
"A17063-WSS0701NC02A","856","Yoko Cape Tunic ""Depth""","3178","Size - S","0","139","65","0"
"A17063-WSS0701NC02A","856","Yoko Cape Tunic ""Depth""","3179","Size - M","1","139","65","0"
"A17063-WSS0701NC02A","856","Yoko Cape Tunic ""Depth""","3180","Size - L","0","139","65","0"
"A17063-WSS0701NC02A","856","Yoko Cape Tunic ""Depth""","3181","Size - XL","0","139","65","0"
"A17064-WSS0701NC03C","858","Yoko Cape Tunic ""M'Otter Love""","1465","Size - XS","1","139","65","0"
"A17064-WSS0701NC03C","858","Yoko Cape Tunic ""M'Otter Love""","2070","Size - S","1","139","65","0"
"A17064-WSS0701NC03C","858","Yoko Cape Tunic ""M'Otter Love""","2071","Size - M","1","139","65","0"
"A17064-WSS0701NC03C","858","Yoko Cape Tunic ""M'Otter Love""","2072","Size - L","1","139","65","0"
"A17064-WSS0701NC03C","858","Yoko Cape Tunic ""M'Otter Love""","2073","Size - XL","1","139","65","0"
"A16058-WSS0701NC04A","859","Yoko Cape Tunic ""Silent Seekers""","1460","Size - XS","1","139","65","0"
"A16058-WSS0701NC04A","859","Yoko Cape Tunic ""Silent Seekers""","1461","Size - S","1","139","65","0"
"A16058-WSS0701NC04A","859","Yoko Cape Tunic ""Silent Seekers""","1462","Size - M","1","139","65","0"
"A16058-WSS0701NC04A","859","Yoko Cape Tunic ""Silent Seekers""","1463","Size - L","1","139","65","0"
"A16058-WSS0701NC04A","859","Yoko Cape Tunic ""Silent Seekers""","1464","Size - XL","1","139","65","0"
"A16051-WSS0701NC05A","861","Yoko Cape Tunic ""Nothern Keepers""","3182","Size - XS","1","139","65","0"
"A16051-WSS0701NC05A","861","Yoko Cape Tunic ""Nothern Keepers""","3183","Size - S","0","139","65","0"
"A16051-WSS0701NC05A","861","Yoko Cape Tunic ""Nothern Keepers""","3184","Size - M","0","139","65","0"
"A16051-WSS0701NC05A","861","Yoko Cape Tunic ""Nothern Keepers""","3185","Size - L","0","139","65","0"
"A16051-WSS0701NC05A","861","Yoko Cape Tunic ""Nothern Keepers""","3186","Size - XL","0","139","65","0"
"W13023-WSS0701NC09A","862","Yoko Cape Tunic ""Water & Spirit Buffalo""","3187","Size - XS","1","139","65","0"
"W13023-WSS0701NC09A","862","Yoko Cape Tunic ""Water & Spirit Buffalo""","3188","Size - S","1","139","65","0"
"W13023-WSS0701NC09A","862","Yoko Cape Tunic ""Water & Spirit Buffalo""","3189","Size - M","0","139","65","0"
"W13023-WSS0701NC09A","862","Yoko Cape Tunic ""Water & Spirit Buffalo""","3190","Size - L","0","139","65","0"
"W13023-WSS0701NC09A","862","Yoko Cape Tunic ""Water & Spirit Buffalo""","3191","Size - XL","0","139","65","0"
"WSS0701NC0AA","863","Yoko Cape Tunic ""Journey to the Spirit World""","3192","Size - XS","0","139","65","0"
"WSS0701NC0AA","863","Yoko Cape Tunic ""Journey to the Spirit World""","3193","Size - S","0","139","65","0"
"WSS0701NC0AA","863","Yoko Cape Tunic ""Journey to the Spirit World""","3194","Size - M","0","139","65","0"
"WSS0701NC0AA","863","Yoko Cape Tunic ""Journey to the Spirit World""","3195","Size - L","0","139","65","0"
"WSS0701NC0AA","863","Yoko Cape Tunic ""Journey to the Spirit World""","3196","Size - XL","0","139","65","0"
"A16059-WSS0701NC0IA","864","Yoko Cape Tunic ""Wisdom Keepers""","1440","Size - XS","0","139","65","0"
"A16059-WSS0701NC0IA","864","Yoko Cape Tunic ""Wisdom Keepers""","1441","Size - S","1","139","65","0"
"A16059-WSS0701NC0IA","864","Yoko Cape Tunic ""Wisdom Keepers""","1442","Size - M","0","139","65","0"
"A16059-WSS0701NC0IA","864","Yoko Cape Tunic ""Wisdom Keepers""","1443","Size - L","0","139","65","0"
"A16059-WSS0701NC0IA","864","Yoko Cape Tunic ""Wisdom Keepers""","1444","Size - XL","1","139","65","0"
"A17064-WSS0901NC03B","865","K Smith T-Shirt ""M'Otter Love""","3312","Size - XS","1","89","35","0"
"A17064-WSS0901NC03B","865","K Smith T-Shirt ""M'Otter Love""","3313","Size - S","1","89","35","0"
"A17064-WSS0901NC03B","865","K Smith T-Shirt ""M'Otter Love""","3314","Size - M","1","89","35","0"
"A17064-WSS0901NC03B","865","K Smith T-Shirt ""M'Otter Love""","3315","Size - L","1","89","35","0"
"A17064-WSS0901NC03B","865","K Smith T-Shirt ""M'Otter Love""","3316","Size - XL","0","89","35","0"
"W12018-UAC1801NC0DB","868","Pablo Pillow ""Early Evening Flowing into Fall""","","Pablo Pillow ""Early Evening Flowing into Fall""","2","59","21","0"
"A13041-UAC1801NC0EB","869","Pablo Pillow ""Lapinx""","","Pablo Pillow ""Lapinx""","3","59","21","0"
"A17065-UAC0301NC0CC","870","Pablo Pillow ""Forest Temple""","","Pablo Pillow ""Forest Temple""","2","59","21","0"
"A17065-UAC0301NCOCA","874","Reuben Tote Bag ""Forest Temple""","","Reuben Tote Bag ""Forest Temple""","0","49","21","0"
"W12018-UAC0301NC0DA","875","Reuben Tote Bag ""Early Evening Flowing into Fall""","","Reuben Tote Bag ""Early Evening Flowing into Fall""","0","49","21","0"
"A08011-UAC0301NC0HA","876","Reuben Tote Bag ""Whisper""","","Reuben Tote Bag ""Whisper""","3","49","21","0"
"A16059-UAC0301NC0IA","877","Reuben Tote Bag ""Wisdom Seekers""","","Reuben Tote Bag ""Wisdom Seekers""","2","49","21","0"
"A16059-WDR2901NC0IB","879","Joni Dress ""Wisdom Keepers""","3087","Size - XS","0","139","0","0"
"A16059-WDR2901NC0IB","879","Joni Dress ""Wisdom Keepers""","3088","Size - S","0","139","0","0"
"A16059-WDR2901NC0IB","879","Joni Dress ""Wisdom Keepers""","3089","Size - M","0","139","0","0"
"A16059-WDR2901NC0IB","879","Joni Dress ""Wisdom Keepers""","3090","Size - L","0","139","0","0"
"A16059-WDR2901NC0IB","879","Joni Dress ""Wisdom Keepers""","3091","Size - XL","0","139","0","0"
"A13041-WDR2901NC0EB","881","Joni Dress ""Lapinx""","3097","Size - XS","0","139","59.1","0"
"A13041-WDR2901NC0EB","881","Joni Dress ""Lapinx""","3098","Size - S","1","139","59.1","0"
"A13041-WDR2901NC0EB","881","Joni Dress ""Lapinx""","3099","Size - M","0","139","59.1","0"
"A13041-WDR2901NC0EB","881","Joni Dress ""Lapinx""","3100","Size - L","0","139","59.1","0"
"A13041-WDR2901NC0EB","881","Joni Dress ""Lapinx""","3101","Size - XL","0","139","59.1","0"
"A07020-MTT0501NC0AA","892","Jasper Tie ""Journey to the Spirit World""","","Jasper Tie ""Journey to the Spirit World""","2","79","32","0"
"W13023-MTT0501NC09A","893","Jasper Tie ""Water and Spirit Buffalo""","","Jasper Tie ""Water and Spirit Buffalo""","0","79","32","0"
"A16059-WPA0401NC0IB","894","Jackie Legging ""Wisdom Keepers""","3007","Size - XS","0","109","44.01","0"
"A16059-WPA0401NC0IB","894","Jackie Legging ""Wisdom Keepers""","3008","Size - S","0","109","44.01","0"
"A16059-WPA0401NC0IB","894","Jackie Legging ""Wisdom Keepers""","3009","Size - M","0","109","44.01","0"
"A16059-WPA0401NC0IB","894","Jackie Legging ""Wisdom Keepers""","3010","Size - L","0","109","44.01","0"
"A16059-WPA0401NC0IB","894","Jackie Legging ""Wisdom Keepers""","3011","Size - XL","1","109","44.01","0"
"W12018-WSS0701NC0DB","895","Yoko Cape Tunic ""Early Evening Flowing into Fall""","3197","Size - XS","1","139","65","0"
"W12018-WSS0701NC0DB","895","Yoko Cape Tunic ""Early Evening Flowing into Fall""","3198","Size - S","0","139","65","0"
"W12018-WSS0701NC0DB","895","Yoko Cape Tunic ""Early Evening Flowing into Fall""","3199","Size - M","0","139","65","0"
"W12018-WSS0701NC0DB","895","Yoko Cape Tunic ""Early Evening Flowing into Fall""","3200","Size - L","0","139","65","0"
"W12018-WSS0701NC0DB","895","Yoko Cape Tunic ""Early Evening Flowing into Fall""","3201","Size - XL","0","139","65","0"
"WSS0701NC0CC","896","Yoko Cape Tunic ""The Forest Temple""","2062","Size - XS","0","139","65","0"
"WSS0701NC0CC","896","Yoko Cape Tunic ""The Forest Temple""","2063","Size - S","0","139","65","0"
"WSS0701NC0CC","896","Yoko Cape Tunic ""The Forest Temple""","2064","Size - M","0","139","65","0"
"WSS0701NC0CC","896","Yoko Cape Tunic ""The Forest Temple""","2065","Size - L","0","139","65","0"
"WSS0701NC0CC","896","Yoko Cape Tunic ""The Forest Temple""","2066","Size - XL","0","139","65","0"
"A08011-MSS0701NC0HA","898","Salvadore Tee for Men ""Whisper""","3332","Size - XS","0","89","36","0"
"A08011-MSS0701NC0HA","898","Salvadore Tee for Men ""Whisper""","3333","Size - S","1","89","36","0"
"A08011-MSS0701NC0HA","898","Salvadore Tee for Men ""Whisper""","3334","Size - M","1","89","36","0"
"A08011-MSS0701NC0HA","898","Salvadore Tee for Men ""Whisper""","3335","Size - L","1","89","36","0"
"A08011-MSS0701NC0HA","898","Salvadore Tee for Men ""Whisper""","3336","Size - XL","1","89","36","0"
"W12018-WDR3101NC0DB","907","Marianne Flare Dress ""Early Evening Flowing into Fall""","3144","Size - M","0","139","64.5","0"
"W12018-WDR3101NC0DB","907","Marianne Flare Dress ""Early Evening Flowing into Fall""","3145","Size - L","0","139","64.5","0"
"W12018-WDR3101NC0DB","907","Marianne Flare Dress ""Early Evening Flowing into Fall""","3146","Size - XL","0","139","64.5","0"
"W12018-WDR3101NC0DB","907","Marianne Flare Dress ""Early Evening Flowing into Fall""","8319","Size - XS","0","139","64.5","0"
"W12018-WDR3101NC0DB","907","Marianne Flare Dress ""Early Evening Flowing into Fall""","8320","Size - S","0","139","64.5","0"
"W12018-WDR2601NC0DB","911","Kate Dress ""Early Evening Flowing into Fall""","3037","Size - XS","1","169","64.5","0"
"W12018-WDR2601NC0DB","911","Kate Dress ""Early Evening Flowing into Fall""","3038","Size - S","2","169","64.5","0"
"W12018-WDR2601NC0DB","911","Kate Dress ""Early Evening Flowing into Fall""","3039","Size - M","0","169","64.5","0"
"W12018-WDR2601NC0DB","911","Kate Dress ""Early Evening Flowing into Fall""","3040","Size - L","1","169","64.5","0"
"W12018-WDR2601NC0DB","911","Kate Dress ""Early Evening Flowing into Fall""","3041","Size - XL","0","169","64.5","0"
"A17065-WDR1001NC0CB","912","Jeanne Dress ""Forest Temple""","3107","Size - XS","1","149","67","0"
"A17065-WDR1001NC0CB","912","Jeanne Dress ""Forest Temple""","3108","Size - S","0","149","67","0"
"A17065-WDR1001NC0CB","912","Jeanne Dress ""Forest Temple""","3109","Size - M","1","149","67","0"
"A17065-WDR1001NC0CB","912","Jeanne Dress ""Forest Temple""","3110","Size - L","1","149","67","0"
"A17065-WDR1001NC0CB","912","Jeanne Dress ""Forest Temple""","3111","Size - XL","1","149","67","0"
"W13023-WLS0401NC09A","913","Dolly Top ""Spirit and Water Buffalo""","3217","Size - XS","0","119","50","0"
"W13023-WLS0401NC09A","913","Dolly Top ""Spirit and Water Buffalo""","3218","Size - S","1","119","50","0"
"W13023-WLS0401NC09A","913","Dolly Top ""Spirit and Water Buffalo""","3219","Size - M","0","119","50","0"
"W13023-WLS0401NC09A","913","Dolly Top ""Spirit and Water Buffalo""","3220","Size - L","0","119","50","0"
"W13023-WLS0401NC09A","913","Dolly Top ""Spirit and Water Buffalo""","3221","Size - XL","0","119","50","0"
"A17065-WLS0401NC0CB","914","Dolly Top ""Forest Temple""","3222","Size - XS","0","119","50","0"
"A17065-WLS0401NC0CB","914","Dolly Top ""Forest Temple""","3223","Size - S","0","119","50","0"
"A17065-WLS0401NC0CB","914","Dolly Top ""Forest Temple""","3224","Size - M","0","119","50","0"
"A17065-WLS0401NC0CB","914","Dolly Top ""Forest Temple""","3225","Size - L","0","119","50","0"
"A17065-WLS0401NC0CB","914","Dolly Top ""Forest Temple""","3226","Size - XL","0","119","50","0"
"W12018-WLS0401NC0DB","915","Dolly Top ""Early Evening Flowing into Fall""","3227","Size - XS","0","119","50","0"
"W12018-WLS0401NC0DB","915","Dolly Top ""Early Evening Flowing into Fall""","3228","Size - S","0","119","50","0"
"W12018-WLS0401NC0DB","915","Dolly Top ""Early Evening Flowing into Fall""","3229","Size - M","0","119","50","0"
"W12018-WLS0401NC0DB","915","Dolly Top ""Early Evening Flowing into Fall""","3230","Size - L","0","119","50","0"
"W12018-WLS0401NC0DB","915","Dolly Top ""Early Evening Flowing into Fall""","3231","Size - XL","0","119","50","0"
"A16059-WBL0301NC0IA","916","Frida Cardigan ""Wisdom Keepers""","2927","Size - XS","1","129","52.5","0"
"A16059-WBL0301NC0IA","916","Frida Cardigan ""Wisdom Keepers""","2928","Size - S","1","129","52.5","0"
"A16059-WBL0301NC0IA","916","Frida Cardigan ""Wisdom Keepers""","2929","Size - M","1","129","52.5","0"
"A16059-WBL0301NC0IA","916","Frida Cardigan ""Wisdom Keepers""","2930","Size - L","1","129","52.5","0"
"A16059-WBL0301NC0IA","916","Frida Cardigan ""Wisdom Keepers""","2931","Size - XL","1","129","52.5","0"
"A08011-WBL0301NC0HB","917","Frida Cardigan ""Whisper""","2942","Size - XS","0","129","52.5","0"
"A08011-WBL0301NC0HB","917","Frida Cardigan ""Whisper""","2943","Size - S","0","129","52.5","0"
"A08011-WBL0301NC0HB","917","Frida Cardigan ""Whisper""","2944","Size - M","1","129","52.5","0"
"A08011-WBL0301NC0HB","917","Frida Cardigan ""Whisper""","2945","Size - L","1","129","52.5","0"
"A08011-WBL0301NC0HB","917","Frida Cardigan ""Whisper""","2946","Size - XL","0","129","52.5","0"
"A17065-WBL0301NC0CB","918","Frida Cardigan ""The Forest Temple""","2937","Size - XS","1","129","52.5","0"
"A17065-WBL0301NC0CB","918","Frida Cardigan ""The Forest Temple""","2938","Size - S","0","129","52.5","0"
"A17065-WBL0301NC0CB","918","Frida Cardigan ""The Forest Temple""","2939","Size - M","0","129","52.5","0"
"A17065-WBL0301NC0CB","918","Frida Cardigan ""The Forest Temple""","2940","Size - L","0","129","52.5","0"
"A17065-WBL0301NC0CB","918","Frida Cardigan ""The Forest Temple""","2941","Size - XL","0","129","52.5","0"
"A07020-WBL0301NC0AA","920","Frida Cardigan ""Journey to the Spirit World""","2922","Size - XS","0","129","52.5","0"
"A07020-WBL0301NC0AA","920","Frida Cardigan ""Journey to the Spirit World""","2923","Size - S","1","129","52.5","0"
"A07020-WBL0301NC0AA","920","Frida Cardigan ""Journey to the Spirit World""","2924","Size - M","1","129","52.5","0"
"A07020-WBL0301NC0AA","920","Frida Cardigan ""Journey to the Spirit World""","2925","Size - L","1","129","52.5","0"
"A07020-WBL0301NC0AA","920","Frida Cardigan ""Journey to the Spirit World""","2926","Size - XL","1","129","52.5","0"
"189","927","Leather Moccasins for Men","2127","Shoe Size - 13","1","103","55","0"
"189","927","Leather Moccasins for Men","2128","Shoe Size - 12","2","103","55","0"
"189","927","Leather Moccasins for Men","2129","Shoe Size - 11","1","103","55","0"
"189","927","Leather Moccasins for Men","2566","Shoe Size - 15","1","113","55","0"
"189","927","Leather Moccasins for Men","2567","Shoe Size - 14","1","113","55","0"
"189","927","Leather Moccasins for Men","7177","Shoe Size - 6","0","103","55","0"
"189","927","Leather Moccasins for Men","7178","Shoe Size - 7","1","103","55","0"
"189","927","Leather Moccasins for Men","7179","Shoe Size - 8","0","103","55","0"
"189","927","Leather Moccasins for Men","7180","Shoe Size - 9","1","103","55","0"
"189","927","Leather Moccasins for Men","7181","Shoe Size - 10","0","103","55","0"
"188","928","Leather Moccasins for Men","2135","Shoe Size - 12","0","103","0","0"
"188","928","Leather Moccasins for Men","2136","Shoe Size - 11","0","103","0","0"
"188","928","Leather Moccasins for Men","2137","Shoe Size - 10","0","103","0","0"
"188","928","Leather Moccasins for Men","2138","Shoe Size - 6","0","103","0","0"
"188","928","Leather Moccasins for Men","2139","Shoe Size - 7","0","103","0","0"
"188","928","Leather Moccasins for Men","2140","Shoe Size - 8","0","103","0","0"
"188","928","Leather Moccasins for Men","2141","Shoe Size - 9","0","103","0","0"
"188","928","Leather Moccasins for Men","2142","Shoe Size - 13","0","103","0","0"
"188","928","Leather Moccasins for Men","2552","Shoe Size - 14","0","113","0","0"
"188","928","Leather Moccasins for Men","2553","Shoe Size - 15","0","113","0","0"
"186","930","Leather Moccasins for Men","2153","Shoe Size - 12","0","103","0","101"
"186","930","Leather Moccasins for Men","2154","Shoe Size - 11","0","103","0","101"
"186","930","Leather Moccasins for Men","2155","Shoe Size - 10","0","103","0","101"
"186","930","Leather Moccasins for Men","2156","Shoe Size - 6","0","103","0","101"
"186","930","Leather Moccasins for Men","2159","Shoe Size - 9","0","103","0","101"
"186","930","Leather Moccasins for Men","2160","Shoe Size - 13","0","103","0","101"
"186","930","Leather Moccasins for Men","7182","Shoe Size - 7","0","103","0","101"
"186","930","Leather Moccasins for Men","7183","Shoe Size - 8","2","103","0","101"
"186","930","Leather Moccasins for Men","7184","Shoe Size - 14","0","113","0","0"
"186","930","Leather Moccasins for Men","7185","Shoe Size - 15","0","113","0","0"
"193","932","Leather Moccasins for Men","12334","Shoe Size - 6","0","122","52.5","0"
"193","932","Leather Moccasins for Men","12335","Shoe Size - 7","0","122","52.5","0"
"193","932","Leather Moccasins for Men","12336","Shoe Size - 8","0","122","52.5","0"
"193","932","Leather Moccasins for Men","12337","Shoe Size - 9","0","122","52.5","0"
"193","932","Leather Moccasins for Men","12338","Shoe Size - 10","0","122","52.5","0"
"193","932","Leather Moccasins for Men","12339","Shoe Size - 11","0","122","52.5","0"
"193","932","Leather Moccasins for Men","12340","Shoe Size - 12","0","122","52.5","0"
"193","932","Leather Moccasins for Men","12341","Shoe Size - 13","0","122","52.5","0"
"A17063-UAC1801NC02A","933","Pablo Pillow ""Depth""","","Pablo Pillow ""Depth""","3","59","23","0"
"A17063-WLS0401NC02A","939","Dolly Top ""Depth""","3232","Size - XS","0","119","50","0"
"A17063-WLS0401NC02A","939","Dolly Top ""Depth""","3233","Size - S","0","119","50","0"
"A17063-WLS0401NC02A","939","Dolly Top ""Depth""","3234","Size - M","0","119","50","0"
"A17063-WLS0401NC02A","939","Dolly Top ""Depth""","3235","Size - L","0","119","50","0"
"A17063-WLS0401NC02A","939","Dolly Top ""Depth""","3236","Size - XL","0","119","50","0"
"A08013-WLS0401NC0FB","940","Dolly Top ""New Day""","3237","Size - XS","0","119","50","0"
"A08013-WLS0401NC0FB","940","Dolly Top ""New Day""","3238","Size - S","0","119","50","0"
"A08013-WLS0401NC0FB","940","Dolly Top ""New Day""","3239","Size - M","0","119","50","0"
"A08013-WLS0401NC0FB","940","Dolly Top ""New Day""","3240","Size - L","0","119","50","0"
"A08013-WLS0401NC0FB","940","Dolly Top ""New Day""","3241","Size - XL","0","119","50","0"
"A16058-WLS0401NC04A","941","Dolly Top ""Silent Seekers""","3242","Size - XS","0","119","50","0"
"A16058-WLS0401NC04A","941","Dolly Top ""Silent Seekers""","3243","Size - S","0","119","50","0"
"A16058-WLS0401NC04A","941","Dolly Top ""Silent Seekers""","3244","Size - M","0","119","50","0"
"A16058-WLS0401NC04A","941","Dolly Top ""Silent Seekers""","3245","Size - L","0","119","50","0"
"A16058-WLS0401NC04A","941","Dolly Top ""Silent Seekers""","3246","Size - XL","0","119","50","0"
"W12018-WNS0801NC0DB","942","Kaplan Tank ""Early Evening Flowing Into Fall""","3267","Size - XS","0","129","60","0"
"W12018-WNS0801NC0DB","942","Kaplan Tank ""Early Evening Flowing Into Fall""","3268","Size - S","0","129","60","0"
"W12018-WNS0801NC0DB","942","Kaplan Tank ""Early Evening Flowing Into Fall""","3269","Size - M","0","129","60","0"
"W12018-WNS0801NC0DB","942","Kaplan Tank ""Early Evening Flowing Into Fall""","3270","Size - L","0","129","60","0"
"W12018-WNS0801NC0DB","942","Kaplan Tank ""Early Evening Flowing Into Fall""","3271","Size - XL","1","129","60","0"
"A08013-WNS0801NC0FC","944","Kaplan Tank ""New Day""","3277","Size - XS","1","129","60","0"
"A08013-WNS0801NC0FC","944","Kaplan Tank ""New Day""","3278","Size - S","1","129","60","0"
"A08013-WNS0801NC0FC","944","Kaplan Tank ""New Day""","3279","Size - M","0","129","60","0"
"A08013-WNS0801NC0FC","944","Kaplan Tank ""New Day""","3280","Size - L","0","129","60","0"
"A08013-WNS0801NC0FC","944","Kaplan Tank ""New Day""","3281","Size - XL","0","129","60","0"
"W18053-WNS0801NC0JB","945","Kaplan Tank ""Northern Masters""","3282","Size - XS","0","129","60","0"
"W18053-WNS0801NC0JB","945","Kaplan Tank ""Northern Masters""","3283","Size - S","1","129","60","0"
"W18053-WNS0801NC0JB","945","Kaplan Tank ""Northern Masters""","3284","Size - M","0","129","60","0"
"W18053-WNS0801NC0JB","945","Kaplan Tank ""Northern Masters""","3285","Size - L","0","129","60","0"
"W18053-WNS0801NC0JB","945","Kaplan Tank ""Northern Masters""","3286","Size - XL","0","129","60","0"
"W12008-WNS0801NC07B","947","Kaplan Tank ""Winter Wolves""","3292","Size - XS","0","129","60","0"
"W12008-WNS0801NC07B","947","Kaplan Tank ""Winter Wolves""","3293","Size - S","0","129","60","0"
"W12008-WNS0801NC07B","947","Kaplan Tank ""Winter Wolves""","3294","Size - M","0","129","60","0"
"W12008-WNS0801NC07B","947","Kaplan Tank ""Winter Wolves""","3295","Size - L","1","129","60","0"
"W12008-WNS0801NC07B","947","Kaplan Tank ""Winter Wolves""","3296","Size - XL","0","129","60","0"
"A01028-UAC1801NC08B","948","Pablo Pillow ""Giving Thanks""","","Pablo Pillow ""Giving Thanks""","1","59","21","0"
"A16059-MSS0701NC0IA","951","Salvadore Tee for Men ""Wisdom Keepers""","3337","Size - XS","0","89","36","0"
"A16059-MSS0701NC0IA","951","Salvadore Tee for Men ""Wisdom Keepers""","3338","Size - S","0","89","36","0"
"A16059-MSS0701NC0IA","951","Salvadore Tee for Men ""Wisdom Keepers""","3339","Size - M","1","89","36","0"
"A16059-MSS0701NC0IA","951","Salvadore Tee for Men ""Wisdom Keepers""","3340","Size - L","0","89","36","0"
"A16059-MSS0701NC0IA","951","Salvadore Tee for Men ""Wisdom Keepers""","3341","Size - XL","0","89","36","0"
"A16059-MSS0701NC0DA","952","Salvadore Tee for Men ""Early Evening Flowing Into Fall""","3342","Size - XS","0","89","36","0"
"A16059-MSS0701NC0DA","952","Salvadore Tee for Men ""Early Evening Flowing Into Fall""","3343","Size - S","0","89","36","0"
"A16059-MSS0701NC0DA","952","Salvadore Tee for Men ""Early Evening Flowing Into Fall""","3344","Size - M","1","89","36","0"
"A16059-MSS0701NC0DA","952","Salvadore Tee for Men ""Early Evening Flowing Into Fall""","3345","Size - L","1","89","36","0"
"A16059-MSS0701NC0DA","952","Salvadore Tee for Men ""Early Evening Flowing Into Fall""","3346","Size - XL","1","89","36","0"
"WSS0701NC0FB","953","Yoko Cape Tunic ""New Day""","3202","Size - XS","0","139","65","0"
"WSS0701NC0FB","953","Yoko Cape Tunic ""New Day""","3203","Size - S","0","139","65","0"
"WSS0701NC0FB","953","Yoko Cape Tunic ""New Day""","3204","Size - M","0","139","65","0"
"WSS0701NC0FB","953","Yoko Cape Tunic ""New Day""","3205","Size - L","0","139","65","0"
"WSS0701NC0FB","953","Yoko Cape Tunic ""New Day""","3206","Size - XL","0","139","65","0"
"A10004-WBL0301NC01C","954","Frida Cardigan ""Merging Earth and Sky""","2947","Size - XS","1","129","52.5","0"
"A10004-WBL0301NC01C","954","Frida Cardigan ""Merging Earth and Sky""","2948","Size - S","0","129","52.5","0"
"A10004-WBL0301NC01C","954","Frida Cardigan ""Merging Earth and Sky""","2949","Size - M","1","129","52.5","0"
"A10004-WBL0301NC01C","954","Frida Cardigan ""Merging Earth and Sky""","2950","Size - L","0","129","52.5","0"
"A10004-WBL0301NC01C","954","Frida Cardigan ""Merging Earth and Sky""","2951","Size - XL","0","129","52.5","0"
"A17064-WBL0301NC03A","955","Frida Cardigan ""M'Otter Love""","2952","Size - XS","1","129","52.5","0"
"A17064-WBL0301NC03A","955","Frida Cardigan ""M'Otter Love""","2953","Size - S","1","129","52.5","0"
"A17064-WBL0301NC03A","955","Frida Cardigan ""M'Otter Love""","2954","Size - M","1","129","52.5","0"
"A17064-WBL0301NC03A","955","Frida Cardigan ""M'Otter Love""","2955","Size - L","1","129","52.5","0"
"A17064-WBL0301NC03A","955","Frida Cardigan ""M'Otter Love""","2956","Size - XL","1","129","52.5","0"
"A16058-WBL0301NC04A","956","Frida Cardigan ""Silent Seekers""","2957","Size - XS","1","129","52.5","0"
"A16058-WBL0301NC04A","956","Frida Cardigan ""Silent Seekers""","2958","Size - S","1","129","52.5","0"
"A16058-WBL0301NC04A","956","Frida Cardigan ""Silent Seekers""","2959","Size - M","1","129","52.5","0"
"A16058-WBL0301NC04A","956","Frida Cardigan ""Silent Seekers""","2960","Size - L","1","129","52.5","0"
"A16058-WBL0301NC04A","956","Frida Cardigan ""Silent Seekers""","2961","Size - XL","1","129","52.5","0"
"A10004-UAC0301NC01A","958","Reuben Tote Bag ""Merging Earth and Sky""","","Reuben Tote Bag ""Merging Earth and Sky""","1","49","21","0"
"A13041-WDR1001NC0EC","960","Jeanne Dress ""Lapinx""","3112","Size - XS","0","149","67","0"
"A13041-WDR1001NC0EC","960","Jeanne Dress ""Lapinx""","3113","Size - S","0","149","67","0"
"A13041-WDR1001NC0EC","960","Jeanne Dress ""Lapinx""","3114","Size - M","0","149","67","0"
"A13041-WDR1001NC0EC","960","Jeanne Dress ""Lapinx""","3115","Size - L","0","149","67","0"
"A13041-WDR1001NC0EC","960","Jeanne Dress ""Lapinx""","3116","Size - XL","1","149","67","0"
"A10004-WAC0201NC01A","961","Vivienne Scarf ""Merging Earth and Sky""","","Vivienne Scarf ""Merging Earth and Sky""","3","59","23","0"
"W12018-WAC0201NC0DB","962","Vivienne Scarf ""Early Evening Flowing into Fall""","","Vivienne Scarf ""Early Evening Flowing into Fall""","4","59","23","0"
"WSS0701NC02A","963","Yoko Cape Tunic ""Whisper""","3207","Size - XS","0","139","65","0"
"WSS0701NC02A","963","Yoko Cape Tunic ""Whisper""","3208","Size - S","0","139","65","0"
"WSS0701NC02A","963","Yoko Cape Tunic ""Whisper""","3209","Size - M","0","139","65","0"
"WSS0701NC02A","963","Yoko Cape Tunic ""Whisper""","3210","Size - L","0","139","65","0"
"WSS0701NC02A","963","Yoko Cape Tunic ""Whisper""","3211","Size - XL","0","139","65","0"
"A17063-WNS0701NC02A","964","Coco Tank ""Depth""","3297","Size - XS","1","79","34.35","0"
"A17063-WNS0701NC02A","964","Coco Tank ""Depth""","3298","Size - S","1","79","34.35","0"
"A17063-WNS0701NC02A","964","Coco Tank ""Depth""","3299","Size - M","1","79","34.35","0"
"A17063-WNS0701NC02A","964","Coco Tank ""Depth""","3300","Size - L","1","79","34.35","0"
"A17063-WNS0701NC02A","964","Coco Tank ""Depth""","3301","Size - XL","1","79","34.35","0"
"A08013-WNS0701NC0FA","965","Coco Tank ""New Day""","3302","Size - XS","0","79","34.35","0"
"A08013-WNS0701NC0FA","965","Coco Tank ""New Day""","3303","Size - S","1","79","34.35","0"
"A08013-WNS0701NC0FA","965","Coco Tank ""New Day""","3304","Size - M","1","79","34.35","0"
"A08013-WNS0701NC0FA","965","Coco Tank ""New Day""","3305","Size - L","0","79","34.35","0"
"A08013-WNS0701NC0FA","965","Coco Tank ""New Day""","3306","Size - XL","1","79","34.35","0"
"A17064-WNS0701NC03A","966","Coco Tank ""M'Otter Love""","3307","Size - XS","1","79","34.35","0"
"A17064-WNS0701NC03A","966","Coco Tank ""M'Otter Love""","3308","Size - S","1","79","34.35","0"
"A17064-WNS0701NC03A","966","Coco Tank ""M'Otter Love""","3309","Size - M","1","79","34.35","0"
"A17064-WNS0701NC03A","966","Coco Tank ""M'Otter Love""","3310","Size - L","1","79","34.35","0"
"A17064-WNS0701NC03A","966","Coco Tank ""M'Otter Love""","3311","Size - XL","1","79","34.35","0"
"A17065-WSS0901NC0CB","968","K Smith T-Shirt ""The Forest Temple""","3322","Size - XS","0","89","35","0"
"A17065-WSS0901NC0CB","968","K Smith T-Shirt ""The Forest Temple""","3323","Size - S","1","89","35","0"
"A17065-WSS0901NC0CB","968","K Smith T-Shirt ""The Forest Temple""","3324","Size - M","0","89","35","0"
"A17065-WSS0901NC0CB","968","K Smith T-Shirt ""The Forest Temple""","3325","Size - L","0","89","35","0"
"A17065-WSS0901NC0CB","968","K Smith T-Shirt ""The Forest Temple""","3326","Size - XL","0","89","35","0"
"A17065-WDR2601NC0CC","969","Kate Dress ""Forest Temple""","3052","Size - XS","1","169","64.5","0"
"A17065-WDR2601NC0CC","969","Kate Dress ""Forest Temple""","3053","Size - S","1","169","64.5","0"
"A17065-WDR2601NC0CC","969","Kate Dress ""Forest Temple""","3054","Size - M","1","169","64.5","0"
"A17065-WDR2601NC0CC","969","Kate Dress ""Forest Temple""","3055","Size - L","0","169","64.5","0"
"A17065-WDR2601NC0CC","969","Kate Dress ""Forest Temple""","3056","Size - XL","0","169","64.5","0"
"A08011-WDR2601NC0HC","971","Kate Dress ""Whisper""","3047","Size - XS","0","169","64.5","0"
"A08011-WDR2601NC0HC","971","Kate Dress ""Whisper""","3048","Size - S","0","169","64.5","0"
"A08011-WDR2601NC0HC","971","Kate Dress ""Whisper""","3049","Size - M","0","169","64.5","0"
"A08011-WDR2601NC0HC","971","Kate Dress ""Whisper""","3050","Size - L","0","169","64.5","0"
"A08011-WDR2601NC0HC","971","Kate Dress ""Whisper""","3051","Size - XL","1","169","64.5","0"
"A10004-WDR2601NC01G","972","Kate Dress ""Merging Earth and Sky""","3062","Size - XS","0","169","64.5","0"
"A10004-WDR2601NC01G","972","Kate Dress ""Merging Earth and Sky""","3063","Size - S","1","169","64.5","0"
"A10004-WDR2601NC01G","972","Kate Dress ""Merging Earth and Sky""","3064","Size - M","0","169","64.5","0"
"A10004-WDR2601NC01G","972","Kate Dress ""Merging Earth and Sky""","3065","Size - L","0","169","64.5","0"
"A10004-WDR2601NC01G","972","Kate Dress ""Merging Earth and Sky""","3066","Size - XL","0","169","64.5","0"
"A08013-WDR3501NC0FE","974","Amanda Dress ""New Day""","3137","Size - XS","0","119","0","0"
"A08013-WDR3501NC0FE","974","Amanda Dress ""New Day""","3138","Size - S","0","119","0","0"
"A08013-WDR3501NC0FE","974","Amanda Dress ""New Day""","3139","Size - M","0","119","0","0"
"A08013-WDR3501NC0FE","974","Amanda Dress ""New Day""","3140","Size - L","0","119","0","0"
"A08013-WDR3501NC0FE","974","Amanda Dress ""New Day""","3141","Size - XL","0","119","0","0"
"A08011-WDR2301NC0HB","975","Camille Dress ""Whisper""","3172","Size - XS","0","149","58","0"
"A08011-WDR2301NC0HB","975","Camille Dress ""Whisper""","3173","Size - S","0","149","58","0"
"A08011-WDR2301NC0HB","975","Camille Dress ""Whisper""","3174","Size - M","0","149","58","0"
"A08011-WDR2301NC0HB","975","Camille Dress ""Whisper""","3175","Size - L","0","149","58","0"
"A08011-WDR2301NC0HB","975","Camille Dress ""Whisper""","3176","Size - XL","0","149","58","0"
"A17064-WBL0601NCO3A","977","Kimono ""M'Otter Love""","2368","Size - TU/OS","3","129","49.5","0"
"W12018-WBL0601NCODA","978","Kimono ""Early Evening Flowing into Fall""","2369","Size - TU/OS","2","129","49.5","0"
"A17063-WBL0601NCO2A","980","Kimono ""Depth""","2371","Size - TU/OS","1","129","49.5","0"
"A08011-WDR3201NC0HA","981","Michelle Dress ""Whisper""","3157","Size - XS","0","159","67.5","0"
"A08011-WDR3201NC0HA","981","Michelle Dress ""Whisper""","3158","Size - S","0","159","67.5","0"
"A08011-WDR3201NC0HA","981","Michelle Dress ""Whisper""","3159","Size - M","0","159","67.5","0"
"A08011-WDR3201NC0HA","981","Michelle Dress ""Whisper""","3160","Size - L","0","159","67.5","0"
"A08011-WDR3201NC0HA","981","Michelle Dress ""Whisper""","3161","Size - XL","1","159","67.5","0"
"A08013-WSK040NCOFB","982","Alex Skirt ""New Day""","2377","Size - XS","0","139","64","0"
"A08013-WSK040NCOFB","982","Alex Skirt ""New Day""","2378","Size - S","0","139","64","0"
"A08013-WSK040NCOFB","982","Alex Skirt ""New Day""","2379","Size - M","0","139","64","0"
"A08013-WSK040NCOFB","982","Alex Skirt ""New Day""","2380","Size - L","0","139","64","0"
"A08013-WSK040NCOFB","982","Alex Skirt ""New Day""","2381","Size - XL","1","139","64","0"
"A08013-WBL0301NC0FB","986","Frida Cardigan ""New Day""","2962","Size - XS","1","129","52.5","0"
"A08013-WBL0301NC0FB","986","Frida Cardigan ""New Day""","2963","Size - S","1","129","52.5","0"
"A08013-WBL0301NC0FB","986","Frida Cardigan ""New Day""","2964","Size - M","0","129","52.5","0"
"A08013-WBL0301NC0FB","986","Frida Cardigan ""New Day""","2965","Size - L","0","129","52.5","0"
"A08013-WBL0301NC0FB","986","Frida Cardigan ""New Day""","2966","Size - XL","0","129","52.5","0"
"A17063-WBL0301NC02A","987","Frida Cardigan ""Depth""","2967","Size - XS","1","129","52.5","0"
"A17063-WBL0301NC02A","987","Frida Cardigan ""Depth""","2968","Size - S","1","129","52.5","0"
"A17063-WBL0301NC02A","987","Frida Cardigan ""Depth""","2969","Size - M","1","129","52.5","0"
"A17063-WBL0301NC02A","987","Frida Cardigan ""Depth""","2970","Size - L","1","129","52.5","0"
"A17063-WBL0301NC02A","987","Frida Cardigan ""Depth""","2971","Size - XL","1","129","52.5","0"
"W12018-WBL0301NC0DA","988","Frida Cardigan ""Early Evening Flowing into Fall""","2972","Size - XS","0","129","52.5","0"
"W12018-WBL0301NC0DA","988","Frida Cardigan ""Early Evening Flowing into Fall""","2973","Size - S","0","129","52.5","0"
"W12018-WBL0301NC0DA","988","Frida Cardigan ""Early Evening Flowing into Fall""","2974","Size - M","1","129","52.5","0"
"W12018-WBL0301NC0DA","988","Frida Cardigan ""Early Evening Flowing into Fall""","2975","Size - L","1","129","52.5","0"
"W12018-WBL0301NC0DA","988","Frida Cardigan ""Early Evening Flowing into Fall""","2976","Size - XL","1","129","52.5","0"
"A08011-WPA0401NC0HE","989","Jackie Legging ""Whisper""","3012","Size - XS","0","109","45","0"
"A08011-WPA0401NC0HE","989","Jackie Legging ""Whisper""","3013","Size - S","0","109","45","0"
"A08011-WPA0401NC0HE","989","Jackie Legging ""Whisper""","3014","Size - M","0","109","45","0"
"A08011-WPA0401NC0HE","989","Jackie Legging ""Whisper""","3015","Size - L","0","109","45","0"
"A08011-WPA0401NC0HE","989","Jackie Legging ""Whisper""","3016","Size - XL","0","109","45","0"
"A08013-WPA0401NC0FB","990","Jackie Legging ""New Day""","3017","Size - XS","1","109","44.01","0"
"A08013-WPA0401NC0FB","990","Jackie Legging ""New Day""","3018","Size - S","0","109","44.01","0"
"A08013-WPA0401NC0FB","990","Jackie Legging ""New Day""","3019","Size - M","0","109","44.01","0"
"A08013-WPA0401NC0FB","990","Jackie Legging ""New Day""","3020","Size - L","1","109","44.01","0"
"A08013-WPA0401NC0FB","990","Jackie Legging ""New Day""","3021","Size - XL","0","109","44.01","0"
"A17063-WPA0301NC02A","992","Carla Palazzo ""Depth""","3032","Size - XS","0","189","74","0"
"A17063-WPA0301NC02A","992","Carla Palazzo ""Depth""","3033","Size - S","1","189","74","0"
"A17063-WPA0301NC02A","992","Carla Palazzo ""Depth""","3034","Size - M","0","189","74","0"
"A17063-WPA0301NC02A","992","Carla Palazzo ""Depth""","3035","Size - L","0","189","74","0"
"A17063-WPA0301NC02A","992","Carla Palazzo ""Depth""","3036","Size - XL","0","189","74","0"
"A13041-WAC0201NC0EA","994","Vivienne Scarf ""Lapinx""","","Vivienne Scarf ""Lapinx""","4","59","23","0"
"W18053-WAC0201NC0JB","995","Vivienne Scarf ""Northern Masters""","","Vivienne Scarf ""Northern Masters""","3","59","23","0"
"W17062-WAC0201NC0GC","996","Vivienne Scarf ""Horizon""","","Vivienne Scarf ""Horizon""","3","59","23","0"
"A08013-WAC0201NC0FC","997","Vivienne Scarf ""New Day""","","Vivienne Scarf ""New Day""","3","59","23","0"
"A08011-WAC0201NC0HB","998","Vivienne Scarf ""Whisper""","","Vivienne Scarf ""Whisper""","2","59","23","0"
"A16059-WAC0201NC0IA","999","Vivienne Scarf ""Wisdom Keepers""","","Vivienne Scarf ""Wisdom Keepers""","2","59","23","0"
"W18053-UAC0301NCOJB","1002","Reuben Tote Bag ""Northern Masters""","","Reuben Tote Bag ""Northern Masters""","1","49","21","0"
"A108013-UAC0301NCOFB","1003","Reuben Tote Bag ""New Day""","","Reuben Tote Bag ""New Day""","0","49","21","0"
"A13041-UAC0301NCOEB","1004","Reuben Tote Bag ""Lapinx""","","Reuben Tote Bag ""Lapinx""","3","49","21","0"
"A16059-WDR2601NC01B","1006","Kate Dress ""Wisdom Keepers""","3067","Size - XS","1","169","64.5","0"
"A16059-WDR2601NC01B","1006","Kate Dress ""Wisdom Keepers""","3068","Size - S","1","169","64.5","0"
"A16059-WDR2601NC01B","1006","Kate Dress ""Wisdom Keepers""","3069","Size - M","0","169","64.5","0"
"A16059-WDR2601NC01B","1006","Kate Dress ""Wisdom Keepers""","3070","Size - L","0","169","64.5","0"
"A16059-WDR2601NC01B","1006","Kate Dress ""Wisdom Keepers""","3071","Size - XL","1","169","64.5","0"
"W12018-WDR3201NC0DA","1007","Michelle Dress ""Early Evening Flowing into Fall""","3162","Size - XS","0","129","0","0"
"W12018-WDR3201NC0DA","1007","Michelle Dress ""Early Evening Flowing into Fall""","3163","Size - S","0","129","0","0"
"W12018-WDR3201NC0DA","1007","Michelle Dress ""Early Evening Flowing into Fall""","3164","Size - M","0","129","0","0"
"W12018-WDR3201NC0DA","1007","Michelle Dress ""Early Evening Flowing into Fall""","3165","Size - L","0","129","0","0"
"W12018-WDR3201NC0DA","1007","Michelle Dress ""Early Evening Flowing into Fall""","3166","Size - XL","0","129","0","0"
"W12018-WAC0401NCODB","1008","Duncan Shawl ""Early Evening Flowing into Fall""","","Duncan Shawl ""Early Evening Flowing into Fall""","1","69","67","0"
"A16058-WAC0401NCODB","1009","Duncan Shawl ""Silent Seekers""","","Duncan Shawl ""Silent Seekers""","0","69","19","0"
"A01028-WBL0301NC08A","1010","Frida Cardigan ""Giving Thanks""","2977","Size - XS","1","129","52.5","0"
"A01028-WBL0301NC08A","1010","Frida Cardigan ""Giving Thanks""","2978","Size - S","0","129","52.5","0"
"A01028-WBL0301NC08A","1010","Frida Cardigan ""Giving Thanks""","2979","Size - M","1","129","52.5","0"
"A01028-WBL0301NC08A","1010","Frida Cardigan ""Giving Thanks""","2980","Size - L","1","129","52.5","0"
"A01028-WBL0301NC08A","1010","Frida Cardigan ""Giving Thanks""","2981","Size - XL","0","129","52.5","0"
"A16051-WBL0301NC05A","1012","Frida Cardigan ""Northern Keepers""","2982","Size - XS","1","129","52.5","0"
"A16051-WBL0301NC05A","1012","Frida Cardigan ""Northern Keepers""","2983","Size - S","1","129","52.5","0"
"A16051-WBL0301NC05A","1012","Frida Cardigan ""Northern Keepers""","2984","Size - M","1","129","52.5","0"
"A16051-WBL0301NC05A","1012","Frida Cardigan ""Northern Keepers""","2985","Size - L","1","129","52.5","0"
"A16051-WBL0301NC05A","1012","Frida Cardigan ""Northern Keepers""","2986","Size - XL","1","129","52.5","0"
"W18053-WDR2601NC0JB","1014","Kate Dress ""Northern Masters""","3077","Size - XS","1","169","64.5","0"
"W18053-WDR2601NC0JB","1014","Kate Dress ""Northern Masters""","3078","Size - S","1","169","64.5","0"
"W18053-WDR2601NC0JB","1014","Kate Dress ""Northern Masters""","3079","Size - M","0","169","64.5","0"
"W18053-WDR2601NC0JB","1014","Kate Dress ""Northern Masters""","3080","Size - L","0","169","64.5","0"
"W18053-WDR2601NC0JB","1014","Kate Dress ""Northern Masters""","3081","Size - XL","0","169","64.5","0"
"A17063-WSK040NCO2A","1016","Alex Skirt ""Depth""","3002","Size - XS","0","139","64","0"
"A17063-WSK040NCO2A","1016","Alex Skirt ""Depth""","3003","Size - S","0","139","64","0"
"A17063-WSK040NCO2A","1016","Alex Skirt ""Depth""","3004","Size - M","0","139","64","0"
"A17063-WSK040NCO2A","1016","Alex Skirt ""Depth""","3005","Size - L","0","139","64","0"
"A17063-WSK040NCO2A","1016","Alex Skirt ""Depth""","3006","Size - XL","0","139","64","0"
"W17062-WDR1001NC0GB","1018","Jeanne Dress ""Horizon""","3122","Size - XS","0","149","67","0"
"W17062-WDR1001NC0GB","1018","Jeanne Dress ""Horizon""","3123","Size - S","0","149","67","0"
"W17062-WDR1001NC0GB","1018","Jeanne Dress ""Horizon""","3124","Size - M","0","149","67","0"
"W17062-WDR1001NC0GB","1018","Jeanne Dress ""Horizon""","3125","Size - L","1","149","67","0"
"W17062-WDR1001NC0GB","1018","Jeanne Dress ""Horizon""","3126","Size - XL","0","149","67","0"
"197","1019","Suede Moccasins for Men","2497","Shoe Size - 10","0","85","35.6","0"
"197","1019","Suede Moccasins for Men","2498","Shoe Size - 11","0","85","35.6","0"
"197","1019","Suede Moccasins for Men","2499","Shoe Size - 12","0","85","35.6","0"
"197","1019","Suede Moccasins for Men","2500","Shoe Size - 13","0","85","35.6","0"
"197","1019","Suede Moccasins for Men","2501","Shoe Size - 7","0","85","35.6","0"
"197","1019","Suede Moccasins for Men","2502","Shoe Size - 6","0","85","35.6","0"
"197","1019","Suede Moccasins for Men","2503","Shoe Size - 8","1","85","35.6","0"
"197","1019","Suede Moccasins for Men","2504","Shoe Size - 9","0","85","35.6","0"
"197","1019","Suede Moccasins for Men","2580","Shoe Size - 14","0","95","35.6","0"
"197","1019","Suede Moccasins for Men","2581","Shoe Size - 15","0","95","35.6","0"
"142","1020","Suede Moccasins for Men","2508","Shoe Size - 12","2","152","33","0"
"142","1020","Suede Moccasins for Men","2512","Shoe Size - 8","0","152","33","0"
"142","1020","Suede Moccasins for Men","7186","Shoe Size - 6","0","152","33","0"
"142","1020","Suede Moccasins for Men","7187","Shoe Size - 7","0","152","33","0"
"142","1020","Suede Moccasins for Men","7188","Shoe Size - 13","0","152","33","0"
"142","1020","Suede Moccasins for Men","7189","Shoe Size - 14","0","152","33","0"
"142","1020","Suede Moccasins for Men","7190","Shoe Size - 15","0","152","33","0"
"142","1020","Suede Moccasins for Men","7191","Shoe Size - 9","0","152","33","0"
"142","1020","Suede Moccasins for Men","7192","Shoe Size - 10","0","152","33","0"
"142","1020","Suede Moccasins for Men","7193","Shoe Size - 11","0","152","33","0"
"142","1021","Suede Moccasins for Women","2520","Shoe Size - 10","0","87","37.5","0"
"142","1021","Suede Moccasins for Women","2521","Shoe Size - 9","0","87","37.5","0"
"142","1021","Suede Moccasins for Women","2522","Shoe Size - 8","0","87","37.5","0"
"142","1021","Suede Moccasins for Women","2523","Shoe Size - 7","0","87","37.5","0"
"142","1021","Suede Moccasins for Women","2524","Shoe Size - 6","0","87","37.5","0"
"142","1021","Suede Moccasins for Women","2538","Shoe Size - 4","0","87","37.5","0"
"142","1021","Suede Moccasins for Women","2539","Shoe Size - 5","0","87","37.5","0"
"142","1022","Suede Moccasins for Juniors","2526","Shoe Size - 13","0","64","27.5","0"
"142","1022","Suede Moccasins for Juniors","2527","Shoe Size - 12","0","64","27.5","0"
"142","1022","Suede Moccasins for Juniors","2528","Shoe Size - 11","0","64","27.5","0"
"142","1022","Suede Moccasins for Juniors","2535","Shoe Size - 1","0","64","27.5","0"
"142","1022","Suede Moccasins for Juniors","2536","Shoe Size - 2","0","64","27.5","0"
"142","1022","Suede Moccasins for Juniors","2537","Shoe Size - 3","0","64","27.5","0"
"142","1023","Suede Moccasins for Children","2546","Shoe Size - 7","0","57","24.5","0"
"142","1023","Suede Moccasins for Children","2547","Shoe Size - 8","0","57","24.5","0"
"142","1023","Suede Moccasins for Children","2548","Shoe Size - 9","0","57","24.5","0"
"142","1023","Suede Moccasins for Children","2549","Shoe Size - 10","0","57","24.5","0"
"188","1024","Leather Moccasins for Women","2556","Shoe Size - 10","0","89","38.5","0"
"188","1024","Leather Moccasins for Women","2557","Shoe Size - 6","0","89","38.5","0"
"188","1024","Leather Moccasins for Women","2558","Shoe Size - 7","0","89","38.5","0"
"188","1024","Leather Moccasins for Women","2559","Shoe Size - 8","0","89","38.5","0"
"188","1024","Leather Moccasins for Women","2560","Shoe Size - 9","0","89","38.5","0"
"188","1024","Leather Moccasins for Women","2564","Shoe Size - 4","0","89","38.5","0"
"188","1024","Leather Moccasins for Women","2565","Shoe Size - 5","0","89","38.5","0"
"193","1025","Leather Moccasins for Women","2572","Shoe Size - 10","0","106","46","0"
"193","1025","Leather Moccasins for Women","2573","Shoe Size - 6","0","106","46","0"
"193","1025","Leather Moccasins for Women","2574","Shoe Size - 7","0","106","46","0"
"193","1025","Leather Moccasins for Women","2575","Shoe Size - 8","0","106","46","0"
"193","1025","Leather Moccasins for Women","2576","Shoe Size - 9","0","106","46","0"
"193","1025","Leather Moccasins for Women","7194","Shoe Size - 4","0","106","46","0"
"193","1025","Leather Moccasins for Women","7195","Shoe Size - 5","0","106","46","0"
"189","1026","Leather Moccasins for Women","2585","Shoe Size - 6","0","114","49","0"
"189","1026","Leather Moccasins for Women","2586","Shoe Size - 7","0","114","49","0"
"189","1026","Leather Moccasins for Women","2587","Shoe Size - 8","0","114","49","0"
"189","1026","Leather Moccasins for Women","2588","Shoe Size - 9","0","114","49","0"
"189","1026","Leather Moccasins for Women","2592","Shoe Size - 4","0","114","49","0"
"189","1026","Leather Moccasins for Women","2593","Shoe Size - 5","0","114","49","0"
"189","1026","Leather Moccasins for Women","7900","Shoe Size - 10","0","114","49","0"
"186","1027","Leather Moccasins for Women","2596","Shoe Size - 10","0","89","38.5","0"
"186","1027","Leather Moccasins for Women","2597","Shoe Size - 6","0","89","38.5","0"
"186","1027","Leather Moccasins for Women","2598","Shoe Size - 7","0","89","38.5","0"
"186","1027","Leather Moccasins for Women","2599","Shoe Size - 8","0","89","38.5","0"
"186","1027","Leather Moccasins for Women","2600","Shoe Size - 9","0","89","38.5","0"
"186","1027","Leather Moccasins for Women","2604","Shoe Size - 4","0","89","38.5","0"
"186","1027","Leather Moccasins for Women","2605","Shoe Size - 5","0","89","38.5","0"
"197","1028","Suede Moccasins for Women","2609","Shoe Size - 7","0","97","42","0"
"197","1028","Suede Moccasins for Women","2610","Shoe Size - 6","0","97","42","0"
"197","1028","Suede Moccasins for Women","2611","Shoe Size - 8","0","97","42","0"
"197","1028","Suede Moccasins for Women","2612","Shoe Size - 9","0","97","42","0"
"197","1028","Suede Moccasins for Women","2615","Shoe Size - 10","0","97","42","0"
"197","1028","Suede Moccasins for Women","2616","Shoe Size - 4","0","97","42","0"
"197","1028","Suede Moccasins for Women","2617","Shoe Size - 5","0","97","42","0"
"258","1029","Mousecassins for Babies","2618","Shoe Size - 2","3","42","18.25","0"
"258","1029","Mousecassins for Babies","2619","Shoe Size - 3","3","42","18.25","0"
"258","1029","Mousecassins for Babies","2620","Shoe Size - 4","0","42","18.25","0"
"258","1029","Mousecassins for Babies","2621","Shoe Size - 5","2","42","18.25","0"
"258","1029","Mousecassins for Babies","2622","Shoe Size - 6","4","42","18.25","0"
"258","1030","Mousecassins for Children","2628","Shoe Size - 7","4","44.5","19","0"
"258","1030","Mousecassins for Children","2629","Shoe Size - 8","3","44.5","19","0"
"258","1030","Mousecassins for Children","2630","Shoe Size - 9","4","44.5","19","0"
"258","1030","Mousecassins for Children","2631","Shoe Size - 10","4","44.5","19","0"
"404","1031","Suede Moccasins for Women","2633","Shoe Size - 5","3","135","61.5","0"
"404","1031","Suede Moccasins for Women","2635","Shoe Size - 7","2","135","61.5","0"
"404","1031","Suede Moccasins for Women","2637","Shoe Size - 9","2","135","61.5","0"
"404","1031","Suede Moccasins for Women","2638","Shoe Size - 10","1","135","61.5","0"
"404","1031","Suede Moccasins for Women","7196","Shoe Size - 4","2","135","61.5","0"
"404","1031","Suede Moccasins for Women","7197","Shoe Size - 6","2","135","61.5","0"
"404","1031","Suede Moccasins for Women","7198","Shoe Size - 8","2","135","61.5","0"
"240","1032","Suede Moccasins for Women","2639","Shoe Size - 5","0","146","63.5","0"
"240","1032","Suede Moccasins for Women","2640","Shoe Size - 6","0","146","63.5","0"
"240","1032","Suede Moccasins for Women","2641","Shoe Size - 7","0","146","63.5","0"
"240","1032","Suede Moccasins for Women","2642","Shoe Size - 8","0","146","63.5","0"
"240","1032","Suede Moccasins for Women","2643","Shoe Size - 9","0","146","63.5","0"
"240","1032","Suede Moccasins for Women","2644","Shoe Size - 10","0","146","63.5","0"
"240","1032","Suede Moccasins for Women","2645","Shoe Size - 4","1","146","63.5","0"
"X242","1033","Suede Moccasins for Women","2646","Shoe Size - 5","0","146","63.5","0"
"X242","1033","Suede Moccasins for Women","2647","Shoe Size - 6","0","146","63.5","0"
"X242","1033","Suede Moccasins for Women","2648","Shoe Size - 7","0","146","63.5","0"
"X242","1033","Suede Moccasins for Women","2649","Shoe Size - 8","0","146","63.5","0"
"X242","1033","Suede Moccasins for Women","2650","Shoe Size - 9","0","146","63.5","0"
"X242","1033","Suede Moccasins for Women","2651","Shoe Size - 10","0","146","63.5","0"
"X242","1033","Suede Moccasins for Women","2652","Shoe Size - 4","0","146","63.5","0"
"402","1034","Suede Moccasins for Women","7041","Shoe Size - 6","0","61","36.5","0"
"402","1034","Suede Moccasins for Women","7042","Shoe Size - 7","1","61","36.5","0"
"402","1034","Suede Moccasins for Women","7043","Shoe Size - 8","0","61","36.5","0"
"402","1034","Suede Moccasins for Women","7044","Shoe Size - 9","0","61","36.5","0"
"402","1034","Suede Moccasins for Women","7045","Shoe Size - 10","0","61","36.5","0"
"402","1034","Suede Moccasins for Women","7199","Shoe Size - 4","0","61","36.5","0"
"402","1034","Suede Moccasins for Women","7200","Shoe Size - 5","1","61","36.5","0"
"402","1035","Suede Moccasins for Junior","2667","Shoe Size - 1","2","63","27","0"
"402","1035","Suede Moccasins for Junior","2668","Shoe Size - 2","1","63","27","0"
"402","1035","Suede Moccasins for Junior","2669","Shoe Size - 3","1","63","27","0"
"402","1035","Suede Moccasins for Junior","2670","Shoe Size - 11","2","63","27","0"
"402","1035","Suede Moccasins for Junior","2671","Shoe Size - 12","3","63","27","0"
"402","1035","Suede Moccasins for Junior","2672","Shoe Size - 13","2","63","27","0"
"402","1036","Suede Moccasins for Children","2679","Shoe Size - 7","0","49","25","0"
"402","1036","Suede Moccasins for Children","2680","Shoe Size - 8","1","49","25","0"
"402","1036","Suede Moccasins for Children","2681","Shoe Size - 9","1","49","25","0"
"402","1036","Suede Moccasins for Children","2682","Shoe Size - 10","3","49","25","0"
"402","1037","Suede Moccasins for Babies","2689","Shoe Size - 2","0","46","20","0"
"402","1037","Suede Moccasins for Babies","2690","Shoe Size - 3","1","46","20","0"
"402","1037","Suede Moccasins for Babies","2691","Shoe Size - 4","1","46","20","0"
"402","1037","Suede Moccasins for Babies","2692","Shoe Size - 5","2","46","20","0"
"402","1037","Suede Moccasins for Babies","2693","Shoe Size - 6","1","46","20","0"
"842","1038","Suede Moccasins for Women","2694","Shoe Size - 5","0","114","63.5","0"
"842","1038","Suede Moccasins for Women","2695","Shoe Size - 6","1","114","63.5","0"
"842","1038","Suede Moccasins for Women","2696","Shoe Size - 7","0","114","63.5","0"
"842","1038","Suede Moccasins for Women","2697","Shoe Size - 8","0","114","63.5","0"
"842","1038","Suede Moccasins for Women","2698","Shoe Size - 9","0","114","63.5","0"
"842","1038","Suede Moccasins for Women","2699","Shoe Size - 10","1","114","63.5","0"
"842","1038","Suede Moccasins for Women","2700","Shoe Size - 4","0","114","63.5","0"
"542","1039","Suede Moccasins for Women","2705","Shoe Size - 9","0","146","63.5","0"
"542","1039","Suede Moccasins for Women","2706","Shoe Size - 10","0","146","63.5","0"
"542","1039","Suede Moccasins for Women","7201","Shoe Size - 4","0","146","63.5","0"
"542","1039","Suede Moccasins for Women","7202","Shoe Size - 5","0","146","63.5","0"
"542","1039","Suede Moccasins for Women","7203","Shoe Size - 6","0","146","63.5","0"
"542","1039","Suede Moccasins for Women","7204","Shoe Size - 7","0","146","63.5","0"
"542","1039","Suede Moccasins for Women","7205","Shoe Size - 8","0","146","63.5","0"
"642","1040","Suede Moccasins for Women","2708","Shoe Size - 5","0","146","63.5","0"
"642","1040","Suede Moccasins for Women","2711","Shoe Size - 8","0","146","63.5","0"
"642","1040","Suede Moccasins for Women","2712","Shoe Size - 9","0","146","63.5","0"
"642","1040","Suede Moccasins for Women","7206","Shoe Size - 4","0","146","63.5","0"
"642","1040","Suede Moccasins for Women","7207","Shoe Size - 6","0","146","63.5","0"
"642","1040","Suede Moccasins for Women","7208","Shoe Size - 7","0","146","63.5","0"
"642","1040","Suede Moccasins for Women","7209","Shoe Size - 10","0","146","63.5","0"
"B468","1041","Leather Moccasins for Women","2715","Shoe Size - 6","0","145","63","0"
"B468","1041","Leather Moccasins for Women","2716","Shoe Size - 7","0","145","63","0"
"B468","1041","Leather Moccasins for Women","2717","Shoe Size - 8","0","145","63","0"
"B468","1041","Leather Moccasins for Women","2718","Shoe Size - 9","0","145","63","0"
"B468","1041","Leather Moccasins for Women","2719","Shoe Size - 4","0","145","63","0"
"B468","1041","Leather Moccasins for Women","2720","Shoe Size - 5","0","145","63","0"
"B468","1041","Leather Moccasins for Women","2721","Shoe Size - 10","0","145","63","0"
"4890","1042","Leather Moccasins for Women","2722","Shoe Size - 6","2","120","60","0"
"4890","1042","Leather Moccasins for Women","2723","Shoe Size - 7","8","120","60","0"
"4890","1042","Leather Moccasins for Women","2724","Shoe Size - 8","7","120","60","0"
"4890","1042","Leather Moccasins for Women","2725","Shoe Size - 9","11","120","60","0"
"4890","1042","Leather Moccasins for Women","2726","Shoe Size - 4","7","120","60","0"
"4890","1042","Leather Moccasins for Women","2728","Shoe Size - 10","9","120","60","0"
"4890","1042","Leather Moccasins for Women","7210","Shoe Size - 5","8","120","60","0"
"B468","1043","Leather Moccasins for Men","2729","Shoe Size - 6","0","164","71","0"
"B468","1043","Leather Moccasins for Men","2730","Shoe Size - 7","0","164","71","0"
"B468","1043","Leather Moccasins for Men","2731","Shoe Size - 8","0","164","71","0"
"B468","1043","Leather Moccasins for Men","2732","Shoe Size - 9","0","164","71","0"
"B468","1043","Leather Moccasins for Men","2735","Shoe Size - 10","0","164","71","0"
"B468","1043","Leather Moccasins for Men","7211","Shoe Size - 11","0","164","71","0"
"B468","1043","Leather Moccasins for Men","7212","Shoe Size - 12","0","164","71","0"
"B468","1043","Leather Moccasins for Men","7213","Shoe Size - 13","0","164","71","0"
"B468","1043","Leather Moccasins for Men","7214","Shoe Size - 14","0","164","71","0"
"B468","1043","Leather Moccasins for Men","7215","Shoe Size - 15","0","164","71","0"
"B489","1044","Leather Moccasins for Men","2744","Shoe Size - 7","3","108","58.5","0"
"B489","1044","Leather Moccasins for Men","2745","Shoe Size - 8","0","108","58.5","0"
"B489","1044","Leather Moccasins for Men","2746","Shoe Size - 10","0","108","58.5","0"
"B489","1044","Leather Moccasins for Men","2748","Shoe Size - 12","4","108","58.5","0"
"B489","1044","Leather Moccasins for Men","2749","Shoe Size - 13","6","108","58.5","0"
"B489","1044","Leather Moccasins for Men","5997","Shoe Size - 9","0","108","58.5","0"
"B489","1044","Leather Moccasins for Men","7216","Shoe Size - 6","0","108","58.5","0"
"B489","1044","Leather Moccasins for Men","7217","Shoe Size - 14","6","118","58.5","0"
"B489","1044","Leather Moccasins for Men","7218","Shoe Size - 15","0","118","58.5","0"
"B489","1044","Leather Moccasins for Men","7219","Shoe Size - 11","2","108","58.5","0"
"B489","1045","Leather Moccasins for Women","2761","Shoe Size - 4","3","98","53","0"
"B489","1045","Leather Moccasins for Women","2763","Shoe Size - 6","0","98","53","0"
"B489","1045","Leather Moccasins for Women","2764","Shoe Size - 7","8","98","53","0"
"B489","1045","Leather Moccasins for Women","2765","Shoe Size - 8","4","98","53","0"
"B489","1045","Leather Moccasins for Women","2766","Shoe Size - 9","5","98","53","0"
"B489","1045","Leather Moccasins for Women","2767","Shoe Size - 10","4","98","53","0"
"B489","1045","Leather Moccasins for Women","7220","Shoe Size - 5","6","98","53","0"
"220","1046","Suede Moccasins for Juniors","2775","Shoe Size - 11","5","68","44","0"
"220","1046","Suede Moccasins for Juniors","2776","Shoe Size - 12","3","68","44","0"
"220","1046","Suede Moccasins for Juniors","2777","Shoe Size - 13","2","68","44","0"
"220","1046","Suede Moccasins for Juniors","2779","Shoe Size - 2","5","68","44","0"
"220","1046","Suede Moccasins for Juniors","2780","Shoe Size - 3","6","68","44","0"
"220","1046","Suede Moccasins for Juniors","7221","Shoe Size - 1","3","68","44","0"
"220","1047","Suede Moccasins for Children","2787","Shoe Size - 7","6","65","38.5","0"
"220","1047","Suede Moccasins for Children","2790","Shoe Size - 10","3","65","38.5","0"
"220","1047","Suede Moccasins for Children","7222","Shoe Size - 8","3","65","38.5","0"
"220","1047","Suede Moccasins for Children","7223","Shoe Size - 9","4","65","38.5","0"
"220","1048","Suede Moccasins for Babies","8148","Shoe Size - 2","2","58","33.25","0"
"220","1048","Suede Moccasins for Babies","8149","Shoe Size - 3","2","58","33.25","0"
"220","1048","Suede Moccasins for Babies","8150","Shoe Size - 4","5","58","33.25","0"
"220","1048","Suede Moccasins for Babies","8151","Shoe Size - 5","4","58","33.25","0"
"220","1048","Suede Moccasins for Babies","8152","Shoe Size - 6","0","58","33.25","0"
"540","1049","Suede Moccasins for Babies","8153","Shoe Size - 2","0","77","33.25","0"
"540","1049","Suede Moccasins for Babies","8154","Shoe Size - 3","0","77","33.25","0"
"540","1049","Suede Moccasins for Babies","8155","Shoe Size - 4","0","77","33.25","0"
"540","1049","Suede Moccasins for Babies","8156","Shoe Size - 5","0","77","33.25","0"
"540","1049","Suede Moccasins for Babies","8157","Shoe Size - 6","0","77","33.25","0"
"540","1050","Suede Moccasins for Children","2799","Shoe Size - 8","0","89","38.5","0"
"540","1050","Suede Moccasins for Children","2800","Shoe Size - 9","0","89","38.5","0"
"540","1050","Suede Moccasins for Children","2801","Shoe Size - 10","0","89","38.5","0"
"540","1050","Suede Moccasins for Children","2802","Shoe Size - 7","0","89","38.5","0"
"540","1051","Suede Moccasins for Juniors","2803","Shoe Size - 11","0","120","44","0"
"540","1051","Suede Moccasins for Juniors","2804","Shoe Size - 12","0","120","44","0"
"540","1051","Suede Moccasins for Juniors","2805","Shoe Size - 13","0","120","44","0"
"540","1051","Suede Moccasins for Juniors","2806","Shoe Size - 2","0","120","44","0"
"540","1051","Suede Moccasins for Juniors","2807","Shoe Size - 3","0","120","44","0"
"540","1051","Suede Moccasins for Juniors","2808","Shoe Size - 1","0","120","44","0"
"A13053-UAC1801NC0KA","1052","Pablo Pillow ""Roots of Another World""","","Pablo Pillow ""Roots of Another World""","0","49","21","0"
"204","1053","Suede Moccasins for Women","2809","Shoe Size - 5","0","150","65","0"
"204","1053","Suede Moccasins for Women","2810","Shoe Size - 6","0","150","65","0"
"204","1053","Suede Moccasins for Women","2811","Shoe Size - 7","0","150","65","0"
"204","1053","Suede Moccasins for Women","2812","Shoe Size - 8","0","150","65","0"
"204","1053","Suede Moccasins for Women","2813","Shoe Size - 9","0","150","65","0"
"204","1053","Suede Moccasins for Women","2814","Shoe Size - 10","0","150","65","0"
"204","1053","Suede Moccasins for Women","2815","Shoe Size - 4","0","150","65","0"
"304","1054","Suede Moccasins for Women","2816","Shoe Size - 5","0","150","65","0"
"304","1054","Suede Moccasins for Women","2817","Shoe Size - 6","0","150","65","0"
"304","1054","Suede Moccasins for Women","2818","Shoe Size - 7","0","150","65","0"
"304","1054","Suede Moccasins for Women","2819","Shoe Size - 8","0","150","65","0"
"304","1054","Suede Moccasins for Women","2820","Shoe Size - 9","0","150","65","0"
"304","1054","Suede Moccasins for Women","2821","Shoe Size - 10","0","150","65","0"
"304","1054","Suede Moccasins for Women","2822","Shoe Size - 4","0","150","65","0"
"804","1055","Suede Moccasins for Women","2823","Shoe Size - 5","0","150","65","0"
"804","1055","Suede Moccasins for Women","2824","Shoe Size - 6","0","150","65","0"
"804","1055","Suede Moccasins for Women","2825","Shoe Size - 7","0","150","65","0"
"804","1055","Suede Moccasins for Women","2826","Shoe Size - 8","0","150","65","0"
"804","1055","Suede Moccasins for Women","2827","Shoe Size - 9","0","150","65","0"
"804","1055","Suede Moccasins for Women","2828","Shoe Size - 10","0","150","65","0"
"804","1055","Suede Moccasins for Women","2829","Shoe Size - 4","0","150","65","0"
"204","1056","Suede Moccasins for Men","2837","Shoe Size - 15","0","258","56","0"
"204","1056","Suede Moccasins for Men","2838","Shoe Size - 14","0","258","56","0"
"204","1056","Suede Moccasins for Men","2839","Shoe Size - 13","2","258","56","0"
"204","1056","Suede Moccasins for Men","2840","Shoe Size - 12","2","258","56","0"
"204","1056","Suede Moccasins for Men","2841","Shoe Size - 11","0","258","56","0"
"204","1056","Suede Moccasins for Men","2842","Shoe Size - 10","0","258","56","0"
"204","1056","Suede Moccasins for Men","2843","Shoe Size - 9","0","258","56","0"
"204","1056","Suede Moccasins for Men","2844","Shoe Size - 8","1","258","56","0"
"204","1056","Suede Moccasins for Men","2845","Shoe Size - 7","2","258","56","0"
"204","1056","Suede Moccasins for Men","2846","Shoe Size - 6","0","258","56","0"
"304","1057","Suede Moccasins for Men","2847","Shoe Size - 14","0","164","70.5","0"
"304","1057","Suede Moccasins for Men","2848","Shoe Size - 13","0","164","70.5","0"
"304","1057","Suede Moccasins for Men","2849","Shoe Size - 12","0","164","70.5","0"
"304","1057","Suede Moccasins for Men","2850","Shoe Size - 11","0","164","70.5","0"
"304","1057","Suede Moccasins for Men","2851","Shoe Size - 10","0","164","70.5","0"
"304","1057","Suede Moccasins for Men","2852","Shoe Size - 9","0","164","70.5","0"
"304","1057","Suede Moccasins for Men","2853","Shoe Size - 8","0","164","70.5","0"
"304","1057","Suede Moccasins for Men","2854","Shoe Size - 7","0","164","70.5","0"
"304","1057","Suede Moccasins for Men","2855","Shoe Size - 6","0","164","70.5","0"
"304","1057","Suede Moccasins for Men","2856","Shoe Size - 15","0","164","70.5","0"
"804","1058","Suede Moccasins for Men","7890","Shoe Size - 6","0","164","70.5","0"
"804","1058","Suede Moccasins for Men","7891","Shoe Size - 7","0","164","70.5","0"
"804","1058","Suede Moccasins for Men","7892","Shoe Size - 8","0","164","70.5","0"
"804","1058","Suede Moccasins for Men","7893","Shoe Size - 9","0","164","70.5","0"
"804","1058","Suede Moccasins for Men","7894","Shoe Size - 10","0","164","70.5","0"
"804","1058","Suede Moccasins for Men","7895","Shoe Size - 11","0","164","70.5","0"
"804","1058","Suede Moccasins for Men","7896","Shoe Size - 12","0","164","70.5","0"
"804","1058","Suede Moccasins for Men","7897","Shoe Size - 13","0","164","70.5","0"
"804","1058","Suede Moccasins for Men","7898","Shoe Size - 14","0","164","70.5","0"
"804","1058","Suede Moccasins for Men","7899","Shoe Size - 15","0","164","70.5","0"
"A16058-WBL0601NCO4A","1059","Kimono ""Silent Seekers""","2867","Size - TU/OS","7","129","49.5","0"
"A17063-UAC0201NC02A","1060","Nina Tablecloth ""Depth""","","Nina Tablecloth ""Depth""","0","119","0","0"
"A16058-UAC0201NC04B","1061","Nina Tablecloth ""Silent Seekers""","","Nina Tablecloth ""Silent Seekers""","1","119","50","0"
"A17063-UAC0401NC02A","1062","Nino Place Mats ""Depth""","","Nino Place Mats ""Depth""","10","15","6.5","0"
"A16058-UAC0401NC04A","1063","Nino Place Mats ""Silent Seekers""","","Nino Place Mats ""Silent Seekers""","11","15","6.5","0"
"A17063-WLS1701NC02A","1064","Mia Turtleneck ""Depth""","2868","Size - XS","0","149","59.5","0"
"A17063-WLS1701NC02A","1064","Mia Turtleneck ""Depth""","2869","Size - S","0","149","59.5","0"
"A17063-WLS1701NC02A","1064","Mia Turtleneck ""Depth""","2870","Size - M","1","149","59.5","0"
"A17063-WLS1701NC02A","1064","Mia Turtleneck ""Depth""","2871","Size - L","1","149","59.5","0"
"A17063-WLS1701NC02A","1064","Mia Turtleneck ""Depth""","2872","Size - XL","0","149","59.5","0"
"A16058-WLS1701NC04A","1065","Mia Turtleneck ""Silent Seekers""","3262","Size - XS","1","149","59.5","0"
"A16058-WLS1701NC04A","1065","Mia Turtleneck ""Silent Seekers""","3263","Size - S","1","149","59.5","0"
"A16058-WLS1701NC04A","1065","Mia Turtleneck ""Silent Seekers""","3264","Size - M","1","149","59.5","0"
"A16058-WLS1701NC04A","1065","Mia Turtleneck ""Silent Seekers""","3265","Size - L","1","149","59.5","0"
"A16058-WLS1701NC04A","1065","Mia Turtleneck ""Silent Seekers""","3266","Size - XL","1","149","59.5","0"
"WSS0701NC0EB","1066","Yoko Cape Tunic ""Lapinx""","3212","Size - XS","0","139","65","0"
"WSS0701NC0EB","1066","Yoko Cape Tunic ""Lapinx""","3213","Size - S","0","139","65","0"
"WSS0701NC0EB","1066","Yoko Cape Tunic ""Lapinx""","3214","Size - M","0","139","65","0"
"WSS0701NC0EB","1066","Yoko Cape Tunic ""Lapinx""","3215","Size - L","0","139","65","0"
"WSS0701NC0EB","1066","Yoko Cape Tunic ""Lapinx""","3216","Size - XL","0","139","65","0"
"A17065-WDR3101NC0CA","1069","Marianne Flare Dress ""The Forest Temple""","3147","Size - XS","0","139","58","0"
"A17065-WDR3101NC0CA","1069","Marianne Flare Dress ""The Forest Temple""","3148","Size - S","0","139","58","0"
"A17065-WDR3101NC0CA","1069","Marianne Flare Dress ""The Forest Temple""","3149","Size - M","0","139","58","0"
"A17065-WDR3101NC0CA","1069","Marianne Flare Dress ""The Forest Temple""","3150","Size - L","0","139","58","0"
"A17065-WDR3101NC0CA","1069","Marianne Flare Dress ""The Forest Temple""","8321","Size - XL","0","139","58","0"
"W12008-WDR2601NC0","1072","Kate Dress ""Winter Wolves""","3082","Size - XS","0","149","62","0"
"W12008-WDR2601NC0","1072","Kate Dress ""Winter Wolves""","3083","Size - S","0","149","62","0"
"W12008-WDR2601NC0","1072","Kate Dress ""Winter Wolves""","3084","Size - M","0","149","62","0"
"W12008-WDR2601NC0","1072","Kate Dress ""Winter Wolves""","3085","Size - L","0","149","62","0"
"W12008-WDR2601NC0","1072","Kate Dress ""Winter Wolves""","3086","Size - XL","0","149","62","0"
"A08011-WAC0201NC0HB","1073","Duncan Shawl ""Whisper""","","Duncan Shawl ""Whisper""","0","69","19","0"
"150CR","1076","Ballerina Slippers","3378","Shoe Size - 5","3","115","57.75","0"
"150CR","1076","Ballerina Slippers","3382","Shoe Size - 9","4","115","57.75","0"
"150CR","1076","Ballerina Slippers","3383","Shoe Size - 10","4","115","57.75","0"
"150CR","1076","Ballerina Slippers","7224","Shoe Size - 6","2","115","57.75","0"
"150CR","1076","Ballerina Slippers","7225","Shoe Size - 7","0","115","57.75","0"
"150CR","1076","Ballerina Slippers","7226","Shoe Size - 8","2","115","57.75","0"
"150CR","1076","Ballerina Slippers","9579","Shoe Size - 11","0","115","57.75","0"
"150CR","1076","Ballerina Slippers","9580","Shoe Size - 12","0","115","57.75","0"
"150BL","1078","Ballerina Slippers","3396","Shoe Size - 5","4","115","57.75","0"
"150BL","1078","Ballerina Slippers","3401","Shoe Size - 10","1","115","57.75","0"
"150BL","1078","Ballerina Slippers","7227","Shoe Size - 6","1","115","57.75","0"
"150BL","1078","Ballerina Slippers","7228","Shoe Size - 7","3","115","57.75","0"
"150BL","1078","Ballerina Slippers","7229","Shoe Size - 8","0","115","57.75","0"
"150BL","1078","Ballerina Slippers","7230","Shoe Size - 9","2","115","57.75","0"
"150BL","1078","Ballerina Slippers","9271","Shoe Size - 11","1","115","57.75","0"
"150BL","1078","Ballerina Slippers","9272","Shoe Size - 12","2","115","57.75","0"
"150BR","1079","Ballerina Slippers","3408","Shoe Size - 5","2","115","57.75","0"
"150BR","1079","Ballerina Slippers","3413","Shoe Size - 10","2","115","57.75","0"
"150BR","1079","Ballerina Slippers","7231","Shoe Size - 6","2","115","57.75","0"
"150BR","1079","Ballerina Slippers","7232","Shoe Size - 7","0","115","57.75","0"
"150BR","1079","Ballerina Slippers","7233","Shoe Size - 8","0","115","57.75","0"
"150BR","1079","Ballerina Slippers","7234","Shoe Size - 9","2","115","57.75","0"
"150BR","1079","Ballerina Slippers","9581","Shoe Size - 11","0","115","57.75","0"
"150BR","1079","Ballerina Slippers","9582","Shoe Size - 12","0","115","57.75","0"
"150P","1080","Ballerina Slippers","3421","Shoe Size - 6","1","115","57.75","0"
"150P","1080","Ballerina Slippers","7235","Shoe Size - 5","0","115","57.75","0"
"150P","1080","Ballerina Slippers","7236","Shoe Size - 7","0","115","57.75","0"
"150P","1080","Ballerina Slippers","7237","Shoe Size - 8","0","115","57.75","0"
"150P","1080","Ballerina Slippers","7238","Shoe Size - 9","0","115","57.75","0"
"150P","1080","Ballerina Slippers","7239","Shoe Size - 10","0","115","57.75","0"
"150P","1080","Ballerina Slippers","9583","Shoe Size - 11","0","115","57.75","0"
"150P","1080","Ballerina Slippers","9584","Shoe Size - 12","0","115","57.75","0"
"150PR","1081","Ballerina Slippers","3432","Shoe Size - 5","2","115","57.75","0"
"150PR","1081","Ballerina Slippers","3433","Shoe Size - 6","0","115","57.75","0"
"150PR","1081","Ballerina Slippers","3436","Shoe Size - 9","1","115","57.75","0"
"150PR","1081","Ballerina Slippers","3437","Shoe Size - 10","0","115","57.75","0"
"150PR","1081","Ballerina Slippers","7240","Shoe Size - 7","0","115","57.75","0"
"150PR","1081","Ballerina Slippers","7241","Shoe Size - 8","0","115","57.75","0"
"150PR","1081","Ballerina Slippers","9585","Shoe Size - 11","0","115","57.75","0"
"150PR","1081","Ballerina Slippers","9586","Shoe Size - 12","0","115","57.75","0"
"150RD","1082","Ballerina Slippers","3444","Shoe Size - 5","2","115","57.75","0"
"150RD","1082","Ballerina Slippers","3445","Shoe Size - 6","1","115","57.75","0"
"150RD","1082","Ballerina Slippers","3448","Shoe Size - 9","2","115","57.75","0"
"150RD","1082","Ballerina Slippers","3449","Shoe Size - 10","1","115","57.75","0"
"150RD","1082","Ballerina Slippers","7242","Shoe Size - 7","2","115","57.75","0"
"150RD","1082","Ballerina Slippers","7243","Shoe Size - 8","0","115","57.75","0"
"150RD","1082","Ballerina Slippers","9587","Shoe Size - 11","0","115","57.75","0"
"150RD","1082","Ballerina Slippers","9588","Shoe Size - 12","0","115","57.75","0"
"150ST","1083","Ballerina Slippers","3456","Shoe Size - 5","1","115","57.75","0"
"150ST","1083","Ballerina Slippers","3461","Shoe Size - 10","2","115","57.75","0"
"150ST","1083","Ballerina Slippers","7244","Shoe Size - 6","0","115","57.75","0"
"150ST","1083","Ballerina Slippers","7245","Shoe Size - 7","0","115","57.75","0"
"150ST","1083","Ballerina Slippers","7246","Shoe Size - 8","3","115","57.75","0"
"150ST","1083","Ballerina Slippers","7247","Shoe Size - 9","1","115","57.75","0"
"150ST","1083","Ballerina Slippers","9314","Shoe Size - 11","2","115","57.75","0"
"150ST","1083","Ballerina Slippers","9589","Shoe Size - 12","1","115","57.75","0"
"150TQ","1084","Ballerina Slippers","3468","Shoe Size - 5","1","115","57.75","0"
"150TQ","1084","Ballerina Slippers","3469","Shoe Size - 6","2","115","57.75","0"
"150TQ","1084","Ballerina Slippers","3470","Shoe Size - 7","0","115","57.75","0"
"150TQ","1084","Ballerina Slippers","3471","Shoe Size - 8","0","115","57.75","0"
"150TQ","1084","Ballerina Slippers","3473","Shoe Size - 10","1","115","57.75","0"
"150TQ","1084","Ballerina Slippers","7248","Shoe Size - 9","2","115","57.75","0"
"150TQ","1084","Ballerina Slippers","9590","Shoe Size - 11","0","115","57.75","0"
"150TQ","1084","Ballerina Slippers","9591","Shoe Size - 12","0","115","57.75","0"
"Sauge","1089","Buffalo Sage","6881","Smudge - 5"" thin","0","9","0","3"
"Sauge","1089","Buffalo Sage","6882","Smudge - 5"" large","9","15","0","6"
"Sauge","1089","Buffalo Sage","6883","Smudge - 5"" thin with lavender","2","9.949999999999999","0","4"
"Sauge","1089","Buffalo Sage","6884","Smudge - 9"" large","16","23","0","7"
"Sauge","1089","Buffalo Sage","6885","Smudge - 9"" pearly-everlasting","0","14","0","7"
"Sauge","1089","Buffalo Sage","6886","Smudge - Bulk 1oz","0","9.449999999999999","0","4.75"
"Sauge","1089","Buffalo Sage","7849","Smudge - 5"" thin with rosemary","2","9.949999999999999","0","4"
"Sauge","1089","Buffalo Sage","10357","Smudge - 5"" perly-everlasting","3","12.95","0","4"
"Sweetgrass","1090","Sweetgrass","9208","Smudge - 12"" to 15""","0","12.95","0","5.5"
"Sweetgrass","1090","Sweetgrass","9209","Smudge - 19"" to 21""","5","15.95","0","7.5"
"A10004-WPA0401NC01B","1091","Jackie Legging ""Merging Earth and Sky""","3487","Size - S","0","109","45","0"
"A10004-WPA0401NC01B","1091","Jackie Legging ""Merging Earth and Sky""","3488","Size - M","0","109","45","0"
"A10004-WPA0401NC01B","1091","Jackie Legging ""Merging Earth and Sky""","3489","Size - L","0","109","45","0"
"A10004-WPA0401NC01B","1091","Jackie Legging ""Merging Earth and Sky""","3490","Size - XL","0","109","45","0"
"A10004-WPA0401NC01B","1091","Jackie Legging ""Merging Earth and Sky""","3491","Size - XS","0","109","45","0"
"3700-0408-13DKT-37504DKT","1092","Ladies Concho","3565","Shoe Size - 5","0","160","69.59999999999999","0"
"3700-0408-13DKT-37504DKT","1092","Ladies Concho","3566","Shoe Size - 6","0","160","69.59999999999999","0"
"3700-0408-13DKT-37504DKT","1092","Ladies Concho","7249","Shoe Size - 4","0","160","69.59999999999999","0"
"3700-0408-13DKT-37504DKT","1092","Ladies Concho","7250","Shoe Size - 7","0","160","69.59999999999999","0"
"3700-0408-13DKT-37504DKT","1092","Ladies Concho","7251","Shoe Size - 8","0","160","69.59999999999999","0"
"3700-0408-13DKT-37504DKT","1092","Ladies Concho","7252","Shoe Size - 9","0","160","69.59999999999999","0"
"3700-0408-13DKT-37504DKT","1092","Ladies Concho","7253","Shoe Size - 10","0","160","69.59999999999999","0"
"3700-0408-13DKT-37504DKT","1092","Ladies Concho","7254","Shoe Size - 11","0","160","69.59999999999999","0"
"3700-0408-13DKT-37504DKT","1092","Ladies Concho","7255","Shoe Size - 12","0","160","69.59999999999999","0"
"3700-0000-13CK-137597CK","1093","Ladies Concho","3574","Shoe Size - 5","0","175","75.7","0"
"3700-0000-13CK-137597CK","1093","Ladies Concho","7256","Shoe Size - 4","0","175","75.7","0"
"3700-0000-13CK-137597CK","1093","Ladies Concho","7257","Shoe Size - 6","0","175","75.7","0"
"3700-0000-13CK-137597CK","1093","Ladies Concho","7258","Shoe Size - 7","0","175","75.7","0"
"3700-0000-13CK-137597CK","1093","Ladies Concho","7259","Shoe Size - 8","0","175","75.7","0"
"3700-0000-13CK-137597CK","1093","Ladies Concho","7260","Shoe Size - 9","0","175","75.7","0"
"3700-0000-13CK-137597CK","1093","Ladies Concho","7261","Shoe Size - 10","0","175","75.7","0"
"3700-0000-13CK-137597CK","1093","Ladies Concho","7262","Shoe Size - 11","0","175","75.7","0"
"3700-0000-13CK-137597CK","1093","Ladies Concho","7263","Shoe Size - 12","0","175","75.7","0"
"2719-0408-13MO-37717MO","1094","Ladies Concho","3537","Shoe Size - 4","0","0","52","0"
"2719-0408-13MO-37717MO","1094","Ladies Concho","3538","Shoe Size - 5","0","0","52","0"
"2719-0408-13MO-37717MO","1094","Ladies Concho","3539","Shoe Size - 6","0","0","52","0"
"2719-0408-13MO-37717MO","1094","Ladies Concho","3540","Shoe Size - 7","0","0","52","0"
"2719-0408-13MO-37717MO","1094","Ladies Concho","3541","Shoe Size - 8","0","0","52","0"
"2719-0408-13MO-37717MO","1094","Ladies Concho","3542","Shoe Size - 9","0","0","52","0"
"2719-0408-13MO-37717MO","1094","Ladies Concho","3543","Shoe Size - 10","0","0","52","0"
"2719-0408-13MO-37717MO","1094","Ladies Concho","3544","Shoe Size - 11","0","0","52","0"
"2719-0408-13MO-37717MO","1094","Ladies Concho","3545","Shoe Size - 12","0","0","52","0"
"2719-0408-13MO-377717NA","1095","Ladies Concho","3555","Shoe Size - 4","0","162","70","0"
"2719-0408-13MO-377717NA","1095","Ladies Concho","3556","Shoe Size - 5","0","162","70","0"
"2719-0408-13MO-377717NA","1095","Ladies Concho","3557","Shoe Size - 6","0","162","70","0"
"2719-0408-13MO-377717NA","1095","Ladies Concho","3558","Shoe Size - 7","0","162","70","0"
"2719-0408-13MO-377717NA","1095","Ladies Concho","3559","Shoe Size - 8","0","162","70","0"
"2719-0408-13MO-377717NA","1095","Ladies Concho","3560","Shoe Size - 9","0","162","70","0"
"2719-0408-13MO-377717NA","1095","Ladies Concho","3561","Shoe Size - 10","1","162","70","0"
"2719-0408-13MO-377717NA","1095","Ladies Concho","3562","Shoe Size - 11","0","162","70","0"
"2719-0408-13MO-377717NA","1095","Ladies Concho","3563","Shoe Size - 12","0","162","70","0"
"3700-0008-13CHO-37500CHO","1096","Ladies Concho","3591","Shoe Size - 4","0","142","61.4","0"
"3700-0008-13CHO-37500CHO","1096","Ladies Concho","3592","Shoe Size - 5","0","142","61.4","0"
"3700-0008-13CHO-37500CHO","1096","Ladies Concho","3593","Shoe Size - 6","0","142","61.4","0"
"3700-0008-13CHO-37500CHO","1096","Ladies Concho","3594","Shoe Size - 7","0","142","61.4","0"
"3700-0008-13CHO-37500CHO","1096","Ladies Concho","3595","Shoe Size - 8","0","142","61.4","0"
"3700-0008-13CHO-37500CHO","1096","Ladies Concho","3596","Shoe Size - 9","1","142","61.4","0"
"3700-0008-13CHO-37500CHO","1096","Ladies Concho","3597","Shoe Size - 10","0","142","61.4","0"
"3700-0008-13CHO-37500CHO","1096","Ladies Concho","3598","Shoe Size - 11","0","142","61.4","0"
"3700-0008-13CHO-37500CHO","1096","Ladies Concho","3599","Shoe Size - 12","0","142","61.4","0"
"2895-1600-53CHO-3870109CHO","1097","Ladies Concho","3612","Shoe Size - 7","0","146","63.3","0"
"2895-1600-53CHO-3870109CHO","1097","Ladies Concho","7264","Shoe Size - 4","0","146","63.3","0"
"2895-1600-53CHO-3870109CHO","1097","Ladies Concho","7265","Shoe Size - 5","0","146","63.3","0"
"2895-1600-53CHO-3870109CHO","1097","Ladies Concho","7266","Shoe Size - 6","0","146","63.3","0"
"2895-1600-53CHO-3870109CHO","1097","Ladies Concho","7267","Shoe Size - 8","0","146","63.3","0"
"2895-1600-53CHO-3870109CHO","1097","Ladies Concho","7268","Shoe Size - 9","0","146","63.3","0"
"2895-1600-53CHO-3870109CHO","1097","Ladies Concho","7269","Shoe Size - 10","0","146","63.3","0"
"2895-1600-53CHO-3870109CHO","1097","Ladies Concho","7270","Shoe Size - 11","0","146","63.3","0"
"2895-1600-53CHO-3870109CHO","1097","Ladies Concho","7271","Shoe Size - 12","0","146","63.3","0"
"5109-0048-13-13136DKDKP","1098","Ladies Moccasins","3624","Shoe Size - 10","1","102","44","0"
"5109-0048-13-13136DKDKP","1098","Ladies Moccasins","7273","Shoe Size - 4","0","102","44","0"
"5109-0048-13-13136DKDKP","1098","Ladies Moccasins","7274","Shoe Size - 5","0","102","44","0"
"5109-0048-13-13136DKDKP","1098","Ladies Moccasins","7275","Shoe Size - 6","0","102","44","0"
"5109-0048-13-13136DKDKP","1098","Ladies Moccasins","7276","Shoe Size - 7","2","102","44","0"
"5109-0048-13-13136DKDKP","1098","Ladies Moccasins","7277","Shoe Size - 8","2","102","44","0"
"5109-0048-13-13136DKDKP","1098","Ladies Moccasins","7278","Shoe Size - 9","1","102","44","0"
"5000-0008-12BL-1493BL","1099","Suede Moccasins for Men","3638","Shoe Size - 6","0","98","42.5","0"
"5000-0008-12BL-1493BL","1099","Suede Moccasins for Men","3639","Shoe Size - 7","0","98","42.5","0"
"5000-0008-12BL-1493BL","1099","Suede Moccasins for Men","3640","Shoe Size - 8","0","98","42.5","0"
"5000-0008-12BL-1493BL","1099","Suede Moccasins for Men","3641","Shoe Size - 9","0","98","42.5","0"
"5000-0008-12BL-1493BL","1099","Suede Moccasins for Men","3642","Shoe Size - 10","0","98","42.5","0"
"5000-0008-12BL-1493BL","1099","Suede Moccasins for Men","3643","Shoe Size - 11","0","98","42.5","0"
"5000-0008-12BL-1493BL","1099","Suede Moccasins for Men","3644","Shoe Size - 12","0","98","42.5","0"
"5000-0008-12BL-1493BL","1099","Suede Moccasins for Men","6543","Shoe Size - 13","0","98","42.5","0"
"5000-0008-12-1493CHO","1100","Ladies Suede Moccasins","3656","Shoe Size - 6","2","96","41.5","0"
"5000-0008-12-1493CHO","1100","Ladies Suede Moccasins","3657","Shoe Size - 7","0","96","41.5","0"
"5000-0008-12-1493CHO","1100","Ladies Suede Moccasins","3661","Shoe Size - 11","1","96","41.5","0"
"5000-0008-12-1493CHO","1100","Ladies Suede Moccasins","7280","Shoe Size - 4","0","96","41.5","0"
"5000-0008-12-1493CHO","1100","Ladies Suede Moccasins","7281","Shoe Size - 5","0","96","41.5","0"
"5000-0008-12-1493CHO","1100","Ladies Suede Moccasins","7282","Shoe Size - 8","1","96","41.5","0"
"5000-0008-12-1493CHO","1100","Ladies Suede Moccasins","7283","Shoe Size - 9","1","96","41.5","0"
"5000-0008-12-1493CHO","1100","Ladies Suede Moccasins","7284","Shoe Size - 10","0","96","41.5","0"
"5000-0008-12-1493CHO","1100","Ladies Suede Moccasins","7285","Shoe Size - 12","0","96","41.5","0"
"6019-0300-41BR-9133BR","1101","Leather Moccasins for Men","3663","Shoe Size - 6","0","174","0","72"
"6019-0300-41BR-9133BR","1101","Leather Moccasins for Men","3664","Shoe Size - 7","2","174","0","72"
"6019-0300-41BR-9133BR","1101","Leather Moccasins for Men","3665","Shoe Size - 8","1","174","0","72"
"6019-0300-41BR-9133BR","1101","Leather Moccasins for Men","3668","Shoe Size - 11","1","174","0","72"
"6019-0300-41BR-9133BR","1101","Leather Moccasins for Men","3670","Shoe Size - 13","1","174","0","72"
"6019-0300-41BR-9133BR","1101","Leather Moccasins for Men","6905","Shoe Size - 14","0","174","0","72"
"6019-0300-41BR-9133BR","1101","Leather Moccasins for Men","7286","Shoe Size - 9","1","174","0","72"
"6019-0300-41BR-9133BR","1101","Leather Moccasins for Men","7287","Shoe Size - 10","1","174","0","72"
"6019-0300-41BR-9133BR","1101","Leather Moccasins for Men","7288","Shoe Size - 12","1","174","0","72"
"6019-0300-41BR-9133BR","1101","Leather Moccasins for Men","7289","Shoe Size - 15","0","174","0","72"
"6019-0300-41BR-9113MODKT-9113MO","1102","Suede Moccasins for Men","3683","Shoe Size - 6","0","170","0","73"
"6019-0300-41BR-9113MODKT-9113MO","1102","Suede Moccasins for Men","3685","Shoe Size - 8","1","170","0","73"
"6019-0300-41BR-9113MODKT-9113MO","1102","Suede Moccasins for Men","3686","Shoe Size - 9","1","170","0","73"
"6019-0300-41BR-9113MODKT-9113MO","1102","Suede Moccasins for Men","3689","Shoe Size - 12","1","170","0","73"
"6019-0300-41BR-9113MODKT-9113MO","1102","Suede Moccasins for Men","3690","Shoe Size - 13","1","170","0","73"
"6019-0300-41BR-9113MODKT-9113MO","1102","Suede Moccasins for Men","7290","Shoe Size - 7","1","170","0","73"
"6019-0300-41BR-9113MODKT-9113MO","1102","Suede Moccasins for Men","7291","Shoe Size - 10","1","170","0","73"
"6019-0300-41BR-9113MODKT-9113MO","1102","Suede Moccasins for Men","7292","Shoe Size - 11","1","170","0","73"
"6019-0300-41BR-9113MODKT-9113MO","1102","Suede Moccasins for Men","7293","Shoe Size - 14","1","170","0","73"
"6019-0300-41BR-9113MODKT-9113MO","1102","Suede Moccasins for Men","7294","Shoe Size - 15","0","170","0","73"
"5000-0008-12BL-1493BL","1103","Ladies Suede Moccasins","3702","Shoe Size - 6","1","96","41.5","0"
"5000-0008-12BL-1493BL","1103","Ladies Suede Moccasins","3707","Shoe Size - 11","0","96","41.5","0"
"5000-0008-12BL-1493BL","1103","Ladies Suede Moccasins","7295","Shoe Size - 4","0","96","41.5","0"
"5000-0008-12BL-1493BL","1103","Ladies Suede Moccasins","7296","Shoe Size - 5","0","96","41.5","0"
"5000-0008-12BL-1493BL","1103","Ladies Suede Moccasins","7297","Shoe Size - 7","1","96","41.5","0"
"5000-0008-12BL-1493BL","1103","Ladies Suede Moccasins","7298","Shoe Size - 8","1","96","41.5","0"
"5000-0008-12BL-1493BL","1103","Ladies Suede Moccasins","7299","Shoe Size - 9","1","96","41.5","0"
"5000-0008-12BL-1493BL","1103","Ladies Suede Moccasins","7300","Shoe Size - 10","0","96","41.5","0"
"5000-0008-12BL-1493BL","1103","Ladies Suede Moccasins","7301","Shoe Size - 12","0","96","41.5","0"
"6080-0408-41BL-653","1105","Suede Slippers for Men","3718","Shoe Size - 6","0","125","0","52"
"6080-0408-41BL-653","1105","Suede Slippers for Men","3719","Shoe Size - 7","1","125","0","52"
"6080-0408-41BL-653","1105","Suede Slippers for Men","3720","Shoe Size - 8","1","125","0","52"
"6080-0408-41BL-653","1105","Suede Slippers for Men","3721","Shoe Size - 9","1","125","0","52"
"6080-0408-41BL-653","1105","Suede Slippers for Men","3722","Shoe Size - 10","0","125","0","52"
"6080-0408-41BL-653","1105","Suede Slippers for Men","3723","Shoe Size - 11","2","125","0","52"
"6080-0408-41BL-653","1105","Suede Slippers for Men","3724","Shoe Size - 12","1","125","0","52"
"6080-0408-41BL-653","1105","Suede Slippers for Men","6907","Shoe Size - 15","0","125","0","57"
"6080-0408-41BL-653","1105","Suede Slippers for Men","7302","Shoe Size - 13","1","125","0","52"
"6080-0408-41BL-653","1105","Suede Slippers for Men","7303","Shoe Size - 14","1","125","0","57"
"5000-0000-27-78CHORK","1106","Suede Moccasins for Men","3735","Shoe Size - 6","0","98","42.6","0"
"5000-0000-27-78CHORK","1106","Suede Moccasins for Men","3736","Shoe Size - 7","2","98","42.6","0"
"5000-0000-27-78CHORK","1106","Suede Moccasins for Men","3737","Shoe Size - 8","0","98","42.6","0"
"5000-0000-27-78CHORK","1106","Suede Moccasins for Men","3738","Shoe Size - 9","0","98","42.6","0"
"5000-0000-27-78CHORK","1106","Suede Moccasins for Men","3739","Shoe Size - 10","0","98","42.6","0"
"5000-0000-27-78CHORK","1106","Suede Moccasins for Men","3740","Shoe Size - 11","0","98","42.6","0"
"5000-0000-27-78CHORK","1106","Suede Moccasins for Men","3741","Shoe Size - 12","1","98","42.6","0"
"5000-0000-27-78CHORK","1106","Suede Moccasins for Men","3742","Shoe Size - 13","0","98","42.6","0"
"5000-0000-27-78CHORK","1106","Suede Moccasins for Men","7304","Shoe Size - 14","0","98","42.6","0"
"5000-0000-27-78CHORK","1106","Suede Moccasins for Men","7305","Shoe Size - 15","0","98","42.6","0"
"5000-0000-27-78DKTCK","1107","Suede Moccasins for Men","3755","Shoe Size - 6","0","98","42.6","0"
"5000-0000-27-78DKTCK","1107","Suede Moccasins for Men","3756","Shoe Size - 7","0","98","42.6","0"
"5000-0000-27-78DKTCK","1107","Suede Moccasins for Men","3757","Shoe Size - 8","0","98","42.6","0"
"5000-0000-27-78DKTCK","1107","Suede Moccasins for Men","3758","Shoe Size - 9","0","98","42.6","0"
"5000-0000-27-78DKTCK","1107","Suede Moccasins for Men","3759","Shoe Size - 10","0","98","42.6","0"
"5000-0000-27-78DKTCK","1107","Suede Moccasins for Men","3760","Shoe Size - 11","0","98","42.6","0"
"5000-0000-27-78DKTCK","1107","Suede Moccasins for Men","3761","Shoe Size - 12","0","98","42.6","0"
"5000-0000-27-78DKTCK","1107","Suede Moccasins for Men","3762","Shoe Size - 13","0","98","42.6","0"
"5000-0000-27-78DKTCK","1107","Suede Moccasins for Men","3763","Shoe Size - 14","1","98","42.6","0"
"5000-0000-27-78DKTCK","1107","Suede Moccasins for Men","3764","Shoe Size - 15","0","98","42.6","0"
"9813-0408-49-985447BL","1108","Ladies Mukluks","3766","Shoe Size - 5","0","414","179.7","0"
"9813-0408-49-985447BL","1108","Ladies Mukluks","3767","Shoe Size - 6","0","414","179.7","0"
"9813-0408-49-985447BL","1108","Ladies Mukluks","3768","Shoe Size - 7","0","414","179.7","0"
"9813-0408-49-985447BL","1108","Ladies Mukluks","3769","Shoe Size - 8","0","414","179.7","0"
"9813-0408-49-985447BL","1108","Ladies Mukluks","3770","Shoe Size - 9","0","414","179.7","0"
"9813-0408-49-985447BL","1108","Ladies Mukluks","3771","Shoe Size - 10","0","414","179.7","0"
"9813-0408-49-985447BL","1108","Ladies Mukluks","3772","Shoe Size - 11","0","414","179.7","0"
"9813-0408-49-985447BL","1108","Ladies Mukluks","3773","Shoe Size - 12","0","414","179.7","0"
"9813-0408-49-985447BL","1108","Ladies Mukluks","6568","Shoe Size - 4","0","414","179.7","0"
"9813-0408-47-985447CHO","1109","Ladies Mukluks","3958","Shoe Size - 9","0","414","179.7","0"
"9813-0408-47-985447CHO","1109","Ladies Mukluks","7561","Shoe Size - 4","0","414","179.7","0"
"9813-0408-47-985447CHO","1109","Ladies Mukluks","7562","Shoe Size - 5","0","414","179.7","0"
"9813-0408-47-985447CHO","1109","Ladies Mukluks","7563","Shoe Size - 6","0","414","179.7","0"
"9813-0408-47-985447CHO","1109","Ladies Mukluks","7564","Shoe Size - 7","0","414","179.7","0"
"9813-0408-47-985447CHO","1109","Ladies Mukluks","7565","Shoe Size - 8","0","414","179.7","0"
"9813-0408-47-985447CHO","1109","Ladies Mukluks","7566","Shoe Size - 10","0","414","179.7","0"
"9813-0408-47-985447CHO","1109","Ladies Mukluks","7567","Shoe Size - 11","0","414","179.7","0"
"9813-0408-47-985447CHO","1109","Ladies Mukluks","7568","Shoe Size - 12","0","414","179.7","0"
"9813-0408-47-985447MO","1110","Ladies Mukluks","3964","Shoe Size - 6","0","414","179.7","0"
"9813-0408-47-985447MO","1110","Ladies Mukluks","7569","Shoe Size - 4","0","414","179.7","0"
"9813-0408-47-985447MO","1110","Ladies Mukluks","7570","Shoe Size - 5","0","414","179.7","0"
"9813-0408-47-985447MO","1110","Ladies Mukluks","7571","Shoe Size - 7","0","414","179.7","0"
"9813-0408-47-985447MO","1110","Ladies Mukluks","7572","Shoe Size - 8","0","414","179.7","0"
"9813-0408-47-985447MO","1110","Ladies Mukluks","7573","Shoe Size - 9","0","414","179.7","0"
"9813-0408-47-985447MO","1110","Ladies Mukluks","7574","Shoe Size - 10","0","414","179.7","0"
"9813-0408-47-985447MO","1110","Ladies Mukluks","7575","Shoe Size - 11","0","414","179.7","0"
"9813-0408-47-985447MO","1110","Ladies Mukluks","7576","Shoe Size - 12","0","414","179.7","0"
"9816-0408-47-980447MO","1111","Ladies Mukluks","3975","Shoe Size - 8","1","422","198","0"
"9816-0408-47-980447MO","1111","Ladies Mukluks","7577","Shoe Size - 4","0","422","198","0"
"9816-0408-47-980447MO","1111","Ladies Mukluks","7578","Shoe Size - 5","0","422","198","0"
"9816-0408-47-980447MO","1111","Ladies Mukluks","7579","Shoe Size - 6","0","422","198","0"
"9816-0408-47-980447MO","1111","Ladies Mukluks","7580","Shoe Size - 7","0","422","198","0"
"9816-0408-47-980447MO","1111","Ladies Mukluks","7581","Shoe Size - 9","1","422","198","0"
"9816-0408-47-980447MO","1111","Ladies Mukluks","7582","Shoe Size - 10","0","422","198","0"
"9816-0408-47-980447MO","1111","Ladies Mukluks","7583","Shoe Size - 11","0","422","198","0"
"9816-0408-47-980447MO","1111","Ladies Mukluks","7584","Shoe Size - 12","0","422","198","0"
"9813-0408-86BL2-986486BL","1112","Ladies Mukluks","3982","Shoe Size - 6","0","445","199.6","0"
"9813-0408-86BL2-986486BL","1112","Ladies Mukluks","7585","Shoe Size - 4","0","445","199.6","0"
"9813-0408-86BL2-986486BL","1112","Ladies Mukluks","7586","Shoe Size - 5","0","445","199.6","0"
"9813-0408-86BL2-986486BL","1112","Ladies Mukluks","7587","Shoe Size - 7","0","445","199.6","0"
"9813-0408-86BL2-986486BL","1112","Ladies Mukluks","7588","Shoe Size - 8","0","445","199.6","0"
"9813-0408-86BL2-986486BL","1112","Ladies Mukluks","7589","Shoe Size - 9","1","445","199.6","0"
"9813-0408-86BL2-986486BL","1112","Ladies Mukluks","7590","Shoe Size - 10","0","445","199.6","0"
"9026-0467-85-1964385RK","1113","Ladies Mukluks","3995","Shoe Size - 10","0","240","105","0"
"9026-0467-85-1964385RK","1113","Ladies Mukluks","7593","Shoe Size - 4","0","240","105","0"
"9026-0467-85-1964385RK","1113","Ladies Mukluks","7594","Shoe Size - 5","0","240","105","0"
"9026-0467-85-1964385RK","1113","Ladies Mukluks","7595","Shoe Size - 6","0","240","105","0"
"9026-0467-85-1964385RK","1113","Ladies Mukluks","7596","Shoe Size - 7","0","240","105","0"
"9026-0467-85-1964385RK","1113","Ladies Mukluks","7597","Shoe Size - 8","0","240","105","0"
"9026-0467-85-1964385RK","1113","Ladies Mukluks","7598","Shoe Size - 9","0","240","105","0"
"9026-0467-85-1964385RK","1113","Ladies Mukluks","7599","Shoe Size - 11","0","240","105","0"
"9026-0467-85-1964385RK","1113","Ladies Mukluks","7600","Shoe Size - 12","0","240","105","0"
"9026-0468-85-1964585RMADKT","1114","Ladies Mukluks","3998","Shoe Size - 4","0","227","124.2","0"
"9026-0468-85-1964585RMADKT","1114","Ladies Mukluks","3999","Shoe Size - 5","0","227","124.2","0"
"9026-0468-85-1964585RMADKT","1114","Ladies Mukluks","4000","Shoe Size - 6","0","227","124.2","0"
"9026-0468-85-1964585RMADKT","1114","Ladies Mukluks","4001","Shoe Size - 7","0","227","124.2","0"
"9026-0468-85-1964585RMADKT","1114","Ladies Mukluks","4002","Shoe Size - 8","1","227","124.2","0"
"9026-0468-85-1964585RMADKT","1114","Ladies Mukluks","4003","Shoe Size - 9","0","227","124.2","0"
"9026-0468-85-1964585RMADKT","1114","Ladies Mukluks","4004","Shoe Size - 10","0","227","124.2","0"
"9026-0468-85-1964585RMADKT","1114","Ladies Mukluks","4005","Shoe Size - 11","0","227","124.2","0"
"9026-0468-85-1964585RMADKT","1114","Ladies Mukluks","4006","Shoe Size - 12","0","227","124.2","0"
"9013-0481-85-1904485RK","1115","Ladies Mukluks","4009","Shoe Size - 6","1","362","156.9","0"
"9013-0481-85-1904485RK","1115","Ladies Mukluks","4010","Shoe Size - 7","0","362","156.9","0"
"9013-0481-85-1904485RK","1115","Ladies Mukluks","4011","Shoe Size - 8","0","362","156.9","0"
"9013-0481-85-1904485RK","1115","Ladies Mukluks","4012","Shoe Size - 9","0","362","156.9","0"
"9013-0481-85-1904485RK","1115","Ladies Mukluks","7601","Shoe Size - 4","0","362","156.9","0"
"9013-0481-85-1904485RK","1115","Ladies Mukluks","7602","Shoe Size - 5","0","362","156.9","0"
"9013-0481-85-1904485RK","1115","Ladies Mukluks","7603","Shoe Size - 10","0","362","156.9","0"
"9013-0481-85-1904485RK","1115","Ladies Mukluks","7604","Shoe Size - 11","0","362","156.9","0"
"9013-0481-85-1904485RK","1115","Ladies Mukluks","7605","Shoe Size - 12","0","362","156.9","0"
"3700-0970-24-37599CKRK","1116","Conchos for Men","3843","Shoe Size - 8","0","210","90.09999999999999","0"
"3700-0970-24-37599CKRK","1116","Conchos for Men","7540","Shoe Size - 7","0","210","90.09999999999999","0"
"3700-0970-24-37599CKRK","1116","Conchos for Men","7541","Shoe Size - 9","0","210","90.09999999999999","0"
"3700-0970-24-37599CKRK","1116","Conchos for Men","7542","Shoe Size - 10","0","210","90.09999999999999","0"
"3700-0970-24-37599CKRK","1116","Conchos for Men","7543","Shoe Size - 11","0","210","90.09999999999999","0"
"3700-0970-24-37599CKRK","1116","Conchos for Men","7544","Shoe Size - 12","0","210","90.09999999999999","0"
"3700-0970-24-37599CKRK","1116","Conchos for Men","7545","Shoe Size - 13","0","210","90.09999999999999","0"
"3700-0970-24-37599CKRK","1116","Conchos for Men","7546","Shoe Size - 14","0","210","90.09999999999999","0"
"3700-0970-24-37599CKRK","1116","Conchos for Men","7547","Shoe Size - 15","0","210","90.09999999999999","0"
"9026-0308-85-1964185OBSM","1117","Mukluks for Men","3850","Shoe Size - 11","0","360","155.9","0"
"9026-0308-85-1964185OBSM","1117","Mukluks for Men","3851","Shoe Size - 12","0","360","155.9","0"
"9026-0308-85-1964185OBSM","1117","Mukluks for Men","3853","Shoe Size - 10","0","360","155.9","0"
"9026-0308-85-1964185OBSM","1117","Mukluks for Men","7548","Shoe Size - 7","0","360","155.9","0"
"9026-0308-85-1964185OBSM","1117","Mukluks for Men","7549","Shoe Size - 8","0","360","155.9","0"
"9026-0308-85-1964185OBSM","1117","Mukluks for Men","7550","Shoe Size - 9","0","360","155.9","0"
"9026-0308-85-1964185OBSM","1117","Mukluks for Men","7551","Shoe Size - 13","0","360","155.9","0"
"9026-0308-85-1964185OBSM","1117","Mukluks for Men","7552","Shoe Size - 14","0","360","155.9","0"
"9026-0308-85-1964185OBSM","1117","Mukluks for Men","7553","Shoe Size - 15","0","360","155.9","0"
"9013-0300-47RK-19245RK","1118","Mukluks for Men","3862","Shoe Size - 10","0","343","149.1","0"
"9013-0300-47RK-19245RK","1118","Mukluks for Men","3863","Shoe Size - 9","0","343","149.1","0"
"9013-0300-47RK-19245RK","1118","Mukluks for Men","7554","Shoe Size - 7","1","343","149.1","0"
"9013-0300-47RK-19245RK","1118","Mukluks for Men","7555","Shoe Size - 8","0","343","149.1","0"
"9013-0300-47RK-19245RK","1118","Mukluks for Men","7556","Shoe Size - 11","0","343","149.1","0"
"9013-0300-47RK-19245RK","1118","Mukluks for Men","7557","Shoe Size - 12","0","343","149.1","0"
"9013-0300-47RK-19245RK","1118","Mukluks for Men","7558","Shoe Size - 13","0","343","149.1","0"
"9013-0300-47RK-19245RK","1118","Mukluks for Men","7559","Shoe Size - 14","0","343","149.1","0"
"9013-0300-47RK-19245RK","1118","Mukluks for Men","7560","Shoe Size - 15","0","343","149.1","0"
"1614-LAD","1131","Ladies Mukluks","3948","Shoe Size - 8","1","455","230","0"
"1614-LAD","1131","Ladies Mukluks","7614","Shoe Size - 4","0","455","230","0"
"1614-LAD","1131","Ladies Mukluks","7615","Shoe Size - 5","0","455","230","0"
"1614-LAD","1131","Ladies Mukluks","7616","Shoe Size - 6","0","455","230","0"
"1614-LAD","1131","Ladies Mukluks","7617","Shoe Size - 7","0","455","230","0"
"1614-LAD","1131","Ladies Mukluks","7618","Shoe Size - 9","0","455","230","0"
"1614-LAD","1131","Ladies Mukluks","7619","Shoe Size - 10","0","455","230","0"
"1614-LAD","1131","Ladies Mukluks","7620","Shoe Size - 11","0","455","230","0"
"1614-LAD","1131","Ladies Mukluks","7621","Shoe Size - 12","0","455","230","0"
"SKU-54-54-541","1132","Crossbody City Bag, Bear Box","4020","Colors - Black Deer","1","185","80","0"
"SKU-54-54-541","1132","Crossbody City Bag, Bear Box","4021","Colors - Red Deer","2","185","80","0"
"SKU-54-54-541","1132","Crossbody City Bag, Bear Box","4022","Colors - Turquoise Deer","2","185","80","0"
"SKU: 54-54-350","1142","Wristlet, Raven","4058","Colors - Red","0","56","24","0"
"SKU: 54-54-350","1142","Wristlet, Raven","4059","Colors - Cherry","0","56","24","0"
"SKU: 54-54-350","1142","Wristlet, Raven","4060","Colors - Turquoise","0","56","24","0"
"SKU: 54-54-350","1142","Wristlet, Raven","4061","Colors - Walnut","2","56","24","0"
"SKU: 54-54-350","1142","Wristlet, Raven","4067","Colors - Black","0","56","24","0"
"SKU: 54-54-350","1142","Wristlet, Raven","4068","Colors - Tan","0","56","24","0"
"SKU: 54-54-308","1143","Corrine Hunt Coin Purse, Raven","4069","Colors - Red","0","34","14.5","0"
"SKU: 54-54-308","1143","Corrine Hunt Coin Purse, Raven","4070","Colors - Turquoise","1","34","14.5","0"
"SKU: 54-54-308","1143","Corrine Hunt Coin Purse, Raven","4072","Colors - Walnut","0","34","14.5","0"
"SKU: 54-54-308","1143","Corrine Hunt Coin Purse, Raven","4075","Colors - Black","1","34","14.5","0"
"SKU: 54-54-308","1143","Corrine Hunt Coin Purse, Raven","4076","Colors - Cherry","0","34","14.5","0"
"SKU: 54-54-308","1143","Corrine Hunt Coin Purse, Raven","4077","Colors - Tan","0","34","14.5","0"
"SKU: 12-12-403","1144","Polar Bear Oven Mitt","","Polar Bear Oven Mitt","1","18.95","8","0"
"SKU: 12-12-722","1145","Moose Oven Mitt","","Moose Oven Mitt","1","18.95","8","0"
"SKU: 12-12-101","1146","Inuksuk Pot Holder","","Inuksuk Pot Holder","0","14.95","5.75","0"
"3020","1147","Bear Pendant","","Bear Pendant","0","600","260","0"
"3099","1148","Bear Pendant","","Bear Pendant","1","560","240","0"
"CC20","1151","GIFT CARD $20","","GIFT CARD $20","990","20","0","0"
"SKU: 00-07-414","1158","Bill Helin Hummingbird Pendant","","Bill Helin Hummingbird Pendant","1","82","25","0"
"SKU: 00-07-417","1159","Bill Helin Raven Whale Pendant","","Bill Helin Raven Whale Pendant","2","82","35.5","0"
"SKU: 00-07-412","1160","Bill Helin Orca Pendant","","Bill Helin Orca Pendant","1","82","35.5","0"
"SKU: 00-07-415","1161","Bill Helin Eagle Pendant","","Bill Helin Eagle Pendant","1","82","35.5","0"
"SKU: 00-07-426","1162","Bill Helin Eagle Feather Earrings","","Bill Helin Eagle Feather Earrings","2","85","37","0"
"SKU: 00-07-424","1163","Bill Helin Hummingbird Earrings","","Bill Helin Hummingbird Earrings","1","85","37","0"
"SKU: 00-06-095","1164","Eagle Serving Set - (sold separately)","4134","Style - Slotted ladle","0","120","19.55","0"
"SKU: 00-06-095","1164","Eagle Serving Set - (sold separately)","4135","Style - Ladle","0","120","19.55","0"
"SKU: 00-01-026","1165","Bookend Bear Frog","","Bookend Bear Frog","0","76","33","0"
"SKU: 00-04-701","1167","Cribbage Board","","Cribbage Board","0","125","54","0"
"CC25","1170","GIFT CARD $25","","GIFT CARD $25","988","25","0","0"
"CC50","1171","GIFT CARD $50","","GIFT CARD $50","980","50","0","0"
"CC75","1172","GIFT CARD $75","","GIFT CARD $75","993","75","0","0"
"CC100","1173","GIFT CARD $100","","GIFT CARD $100","987","100","0","0"
"981485WH","1185","Ladies Mukluks","6343","Shoe Size - 7","0","474","205.7","0"
"981485WH","1185","Ladies Mukluks","6344","Shoe Size - 8","0","474","205.7","0"
"981485WH","1185","Ladies Mukluks","7622","Shoe Size - 4","0","474","205.7","0"
"981485WH","1185","Ladies Mukluks","7623","Shoe Size - 5","0","474","205.7","0"
"981485WH","1185","Ladies Mukluks","7624","Shoe Size - 6","0","474","205.7","0"
"981485WH","1185","Ladies Mukluks","7625","Shoe Size - 9","0","474","205.7","0"
"981485WH","1185","Ladies Mukluks","7626","Shoe Size - 10","0","474","205.7","0"
"981485WH","1185","Ladies Mukluks","7627","Shoe Size - 11","0","474","205.7","0"
"981485WH","1185","Ladies Mukluks","7628","Shoe Size - 12","0","474","205.7","0"
"SKU: 00-04-324","1187","Chief Grinder Salt/Pepper/Herbs","5587","Colors - Rosewood","1","105.95","46","0"
"SKU: 00-04-324","1187","Chief Grinder Salt/Pepper/Herbs","5589","Colors - Ivory","0","105.95","46","0"
"SKU: 00-04-324","1187","Chief Grinder Salt/Pepper/Herbs","5590","Colors - Slate","1","105.95","46","0"
"SKU: 00-04-330","1188","Princess Grinder Salt/Pepper/Herbs","5600","Colors - Ivory","1","105.95","46","0"
"SKU: 00-04-330","1188","Princess Grinder Salt/Pepper/Herbs","5601","Colors - Slate","1","105.95","46","46"
"SKU: 00-04-330","1188","Princess Grinder Salt/Pepper/Herbs","5602","Colors - Rosewood","0","105.95","46","46"
"3098","1193","Bear Pendant","","Bear Pendant","1","460","16.5","0"
"3031","1194","Bear Pendant","","Bear Pendant","1","440","190","0"
"3032","1195","Bear Pendant","","Bear Pendant","1","440","190","0"
"3033","1196","Bear Pendant","","Bear Pendant","0","440","190","0"
"3057","1197","Bear Pendant","","Bear Pendant","0","440","190","0"
"3059","1198","Bear Pendant","","Bear Pendant","1","440","190","0"
"3013","1199","Bear Pendant","","Bear Pendant","0","515","220","0"
"3014","1200","Bear Pendant","","Bear Pendant","2","480","200","0"
"3019","1201","Bear Pendant","","Bear Pendant","0","350","16.5","0"
"3016","1202","Bear Pendant","","Bear Pendant","1","350","150","0"
"3018","1203","Bear Pendant","","Bear Pendant","0","350","16.5","0"
"3011","1205","Bear Pendant","","Bear Pendant","0","485","16.5","0"
"3021","1206","Bear Pendant/Brooch","","Bear Pendant/Brooch","0","215","16.5","0"
"3071","1207","Bear Pendant","","Bear Pendant","0","215","16.5","0"
"3043","1208","Feather Pendant","","Feather Pendant","0","295","16.5","0"
"3044","1209","Feather Pendant","","Feather Pendant","0","295","16.5","0"
"3049","1210","Feather Pendant","","Feather Pendant","0","295","16.5","0"
"3041","1211","Feather Pendant","","Feather Pendant","2","460","200","0"
"3042","1212","Feather Pendant","","Feather Pendant","0","460","16.5","0"
"3052","1213","Feather Brooch","","Feather Brooch","1","150","65","0"
"3053","1214","Feather Pendant","","Feather Pendant","0","150","16.5","0"
"3062","1215","Feather Pendant","","Feather Pendant","0","160","16.5","0"
"3063","1216","Feather Pendant","","Feather Pendant","0","355","16.5","0"
"3064","1217","Feather Pendant","","Feather Pendant","0","65","16.5","0"
"3066","1218","Feather Pendant","","Feather Pendant","0","195","16.5","0"
"3067","1219","Feather Pendant","","Feather Pendant","1","375","160","0"
"3068","1220","Feather Pendant","","Feather Pendant","1","295","125","0"
"3070","1221","Feather Pendant","","Feather Pendant","0","95","16.5","0"
"3073","1222","Feather Pendant","","Feather Pendant","0","140","16.5","0"
"3045","1223","Feather Pendant","","Feather Pendant","0","175","16.5","0"
"3046","1224","Feather Pendant","","Feather Pendant","0","175","16.5","0"
"3047","1225","Feather Pendant","","Feather Pendant","0","175","16.5","0"
"3050","1226","Feather Pendant","","Feather Pendant","0","515","223.9","0"
"3075","1227","Pueblo Pendant","","Pueblo Pendant","0","160","16.5","0"
"3076","1228","Pueblo Pendant","","Pueblo Pendant","0","160","16.5","0"
"3077","1229","Pueblo Pendant","","Pueblo Pendant","0","160","16.5","0"
"3079","1230","Pueblo Pendant","","Pueblo Pendant","0","195","16.5","0"
"3102","1231","Pueblo Pendant","","Pueblo Pendant","1","750","325","0"
"3072","1232","Bear Pendant","","Bear Pendant","0","85","16.5","0"
"SKU:15-15-321","1234","Black Bear Halo Mug","","Black Bear Halo Mug","0","11","4.75","0"
"SKU:12-12-408","1235","Polar Bear Halo Mug","","Polar Bear Halo Mug","0","11","4.75","0"
"3085","1237","Pueblo Pendant","","Pueblo Pendant","0","145","16.5","0"
"3088","1238","Pueblo Pendant","","Pueblo Pendant","0","225","16.5","0"
"3090","1239","Pueblo Pendant","","Pueblo Pendant","1","295","125","0"
"3101","1240","Sungod Pendant","","Sungod Pendant","1","495","215","0"
"3106","1241","Sun God Brooch","","Sun God Brooch","0","195","16.5","0"
"3107","1242","Sungod Pendant/Brooch","","Sungod Pendant/Brooch","0","195","16.5","0"
"3108","1243","Rectangular Pendant","","Rectangular Pendant","0","135","16.5","0"
"3109","1244","Rectangular Pendant","","Rectangular Pendant","0","135","16.5","0"
"3110","1245","Rectangular Pendant","","Rectangular Pendant","0","135","16.5","0"
"3112","1246","Rectangular Pendant","","Rectangular Pendant","1","135","55","0"
"3114","1247","Rectangular Pendant","","Rectangular Pendant","0","135","16.5","0"
"3115","1248","Oval Pendant","","Oval Pendant","0","140","16.5","0"
"3116","1249","Triangular Pendant","","Triangular Pendant","0","175","16.5","0"
"3117","1250","Tear Drop Pendant","","Tear Drop Pendant","1","195","80","0"
"3118","1251","Arrow Pendant","","Arrow Pendant","1","225","95","0"
"3119","1252","Oval Pendant","","Oval Pendant","0","140","16.5","0"
"3123","1253","Trapezoid Pendant","","Trapezoid Pendant","0","325","16.5","0"
"3124","1254","Tear Drop Pendant","","Tear Drop Pendant","1","325","140","0"
"3125","1255","Oval Pendant","","Oval Pendant","0","115","16.5","0"
"3127","1256","Triangular Pendant","","Triangular Pendant","0","175","16.5","0"
"3129","1257","Infinity Pendant","","Infinity Pendant","1","250","105","0"
"3130","1258","Triangular Pendant","","Triangular Pendant","0","175","16.5","0"
"3134","1259","Square Pendant","","Square Pendant","0","320","16.5","0"
"3138","1260","Tear Drop Pendant","","Tear Drop Pendant","0","155","16.5","0"
"3141","1261","Triangular Pendant","","Triangular Pendant","1","220","95","0"
"3142","1262","Ulu Pendant","","Ulu Pendant","0","95","16.5","0"
"3143","1263","Tear Drop Pendant","","Tear Drop Pendant","1","210","90","0"
"3144","1264","Tear Drop Feather Pendant","","Tear Drop Feather Pendant","0","95","16.5","0"
"3145","1265","Tear Drop Pendant","","Tear Drop Pendant","1","140","60","0"
"3146","1266","Round Pendant","","Round Pendant","0","145","16.5","0"
"3147","1267","Oval Pendant","","Oval Pendant","0","125","16.5","0"
"3148","1268","Tear Drop Pendant","","Tear Drop Pendant","0","145","16.5","0"
"3150","1269","Oval Pendant","","Oval Pendant","0","145","16.5","0"
"3153","1270","Oval Pendant","","Oval Pendant","0","115","16.5","0"
"3154","1271","Square Pendant","","Square Pendant","0","95","16.5","0"
"3157","1272","Tear Drop Pendant","","Tear Drop Pendant","0","295","16.5","0"
"3155","1273","Butterfly Pendant","","Butterfly Pendant","0","275","16.5","0"
"3156","1274","Butterfly Pendant","","Butterfly Pendant","0","345","16.5","0"
"3158","1275","Tear Drop Pendant","","Tear Drop Pendant","1","230","100","0"
"3159","1276","Rectangular Pendant","","Rectangular Pendant","0","215","16.5","0"
"3135","1277","Half Moon Pendant","","Half Moon Pendant","0","395","16.5","0"
"3162","1279","Feather Pendant","","Feather Pendant","0","400","16.5","0"
"3163","1283","Horse Pendant","","Horse Pendant","1","685","295","0"
"3164","1284","Horse Pendant","","Horse Pendant","1","400","170","0"
"3165","1285","Horse Pendant","","Horse Pendant","0","325","16.5","0"
"3166","1286","Horse Pendant","","Horse Pendant","0","385","16.5","0"
"3167","1287","Horse Pendant","","Horse Pendant","0","385","16.5","0"
"3168","1288","Horse Pendant","","Horse Pendant","1","385","165","0"
"3169","1289","Horse Pendant","","Horse Pendant","0","385","16.5","0"
"3170","1290","Horse Pendant","","Horse Pendant","0","465","16.5","0"
"3171","1291","Horse Pendant","","Horse Pendant","0","295","16.5","0"
"3172","1292","Horse Pendant","","Horse Pendant","0","295","16.5","0"
"3174","1293","Horse Pendant/Brooch","","Horse Pendant/Brooch","1","210","90","0"
"3175","1294","Horse Pendant/Brooch","","Horse Pendant/Brooch","0","210","16.5","0"
"3177","1296","Horse Pendant","","Horse Pendant","0","310","16.5","0"
"3179","1297","Horse Pendant","","Horse Pendant","0","110","16.5","0"
"3180","1298","Gheko Pendant","","Gheko Pendant","0","220","16.5","0"
"3184","1299","Gheko Pendant","","Gheko Pendant","1","600","260","0"
"","1300","The gift card","","The gift card","0","0","0","0"
"3186","1301","Kokopelli Pendant","","Kokopelli Pendant","0","255","16.5","0"
"3187","1302","Kokopelli Pendant","","Kokopelli Pendant","0","140","16.5","0"
"3190","1303","Kokopelli Pendant","","Kokopelli Pendant","1","150","65","0"
"3191","1304","Kokopelli Pendant","","Kokopelli Pendant","0","25","16.5","0"
"3193","1305","Kokopelli Pendant","","Kokopelli Pendant","0","185","16.5","0"
"3194","1306","Kokopelli Pendant","","Kokopelli Pendant","0","275","16.5","0"
"3196","1307","Kokopelli Pendant","","Kokopelli Pendant","0","275","16.5","0"
"3200","1308","Kokopelli Pendant","","Kokopelli Pendant","0","300","16.5","0"
"3198","1309","Kokopelli Pendant","","Kokopelli Pendant","0","230","16.5","0"
"3199","1310","Kokopelli Pendant","","Kokopelli Pendant","0","230","16.5","0"
"3203","1311","Kokopelli Pendant","","Kokopelli Pendant","0","195","16.5","0"
"3207","1312","Kokopelli Pendant","","Kokopelli Pendant","0","195","16.5","0"
"3206","1313","Kokopelli Pendant","","Kokopelli Pendant","0","40","16.5","0"
"3210","1314","Kokopelli Pendant","","Kokopelli Pendant","0","230","16.5","0"
"3212","1315","Kokopelli Pendant","","Kokopelli Pendant","0","215","16.5","0"
"3214","1316","Kokopelli Pendant","","Kokopelli Pendant","0","125","16.5","0"
"3215","1317","Bear Pendant","","Bear Pendant","0","150","16.5","0"
"3216","1318","Pueblo Pendant","","Pueblo Pendant","1","140","60","0"
"3217","1319","Pueblo Pendant","","Pueblo Pendant","1","140","60","0"
"3219","1320","Vase Pendant","","Vase Pendant","0","160","16.5","0"
"3221","1321","Vase Pendant","","Vase Pendant","0","120","16.5","0"
"3222","1322","Wedding Vase Pendant","","Wedding Vase Pendant","0","120","16.5","0"
"3232","1323","Vase Pendant","","Vase Pendant","1","160","65","0"
"3223","1324","Chief Pendant","","Chief Pendant","1","185","80","0"
"3224","1325","Chief Pendant","","Chief Pendant","0","85","16.5","0"
"3225","1326","Chief Pendant","","Chief Pendant","0","85","16.5","0"
"3226","1327","Turtle Pendant","","Turtle Pendant","0","600","16.5","0"
"3227","1328","Butterfly Pendant","","Butterfly Pendant","1","400","170","0"
"3228","1329","Butterfly Pendant","","Butterfly Pendant","0","110","16.5","0"
"3234","1330","Bear Pendant","","Bear Pendant","0","45","16.5","0"
"3231","1331","Butterfly Pendant","","Butterfly Pendant","0","110","16.5","0"
"3244","1332","Buffalo Pendant","","Buffalo Pendant","0","75","16.5","0"
"3239","1333","Buffalo Pendant/Whistle","","Buffalo Pendant/Whistle","0","195","16.5","0"
"3240","1334","Buffalo Pendant","","Buffalo Pendant","0","385","16.5","0"
"3245","1335","Buffalo Pendant","","Buffalo Pendant","0","65","16.5","0"
"3260","1336","Sungod Pendant","","Sungod Pendant","1","450","195","0"
"3249","1337","Wolf Pendant","","Wolf Pendant","0","325","16.5","0"
"3252","1338","Wolf Pendant","","Wolf Pendant","0","160","16.5","0"
"3253","1339","Wolf Pendant","","Wolf Pendant","0","165","16.5","0"
"3254","1340","Wolf Pendant","","Wolf Pendant","0","85","16.5","0"
"3255","1341","Wolf Pendant","","Wolf Pendant","0","85","16.5","0"
"3261","1342","Wolf Pendant","","Wolf Pendant","0","60","16.5","0"
"3262","1343","Arrowhead Wolf Pendant","","Arrowhead Wolf Pendant","0","245","16.5","0"
"3266","1344","Arrowhead Wolf Pendant","","Arrowhead Wolf Pendant","0","115","16.5","0"
"3263","1345","Arrowhead Wolf Pendant","","Arrowhead Wolf Pendant","0","275","16.5","0"
"3267","1346","Arrowhead Wolf Pendant","","Arrowhead Wolf Pendant","0","140","16.5","0"
"3269","1347","Arrowhead Bear Pendant","","Arrowhead Bear Pendant","0","275","16.5","0"
"3270","1348","Arrowhead Bear Pendant","","Arrowhead Bear Pendant","0","140","16.5","0"
"3271","1349","Arrowhead Bear Pendant","","Arrowhead Bear Pendant","0","115","16.5","0"
"3272","1350","Arrowhead Eagle Pendant","","Arrowhead Eagle Pendant","0","115","16.5","0"
"3273","1351","Arrowhead Eagle Pendant","","Arrowhead Eagle Pendant","0","95","16.5","0"
"3274","1352","Thunderbird Pendant","","Thunderbird Pendant","0","140","16.5","0"
"3275","1353","Cross Pendant","","Cross Pendant","0","175","16.5","0"
"3276","1354","Flower Pendant","","Flower Pendant","0","85","16.5","0"
"3278","1355","Dolphin Pendant","","Dolphin Pendant","0","35","16.5","0"
"3282","1356","Sunburst Pendant","","Sunburst Pendant","0","425","16.5","0"
"3284","1357","Oval Pendant","","Oval Pendant","1","830","360","0"
"3285","1358","Oval Pendant","","Oval Pendant","1","355","150","0"
"3277","1359","Wedding Brooch","","Wedding Brooch","0","95","16.5","0"
"3371","1361","Turtle Pendant","","Turtle Pendant","0","650","16.5","0"
"3372","1362","Turtle Pendant","","Turtle Pendant","0","425","16.5","0"
"3373","1363","Turtle Pendant","","Turtle Pendant","0","465","16.5","0"
"3374","1364","Butterfly Pendant","","Butterfly Pendant","0","275","16.5","0"
"3353","1366","Bear Earrings","","Bear Earrings","1","335","145","0"
"3369","1367","Tear Drop Earrings","","Tear Drop Earrings","0","95","25","0"
"3375","1368","Bear/Feather Earrings","","Bear/Feather Earrings","0","115","25","0"
"3376","1369","Buffalo Earrings","","Buffalo Earrings","0","240","25","0"
"3377","1370","Buffalo Earrings","","Buffalo Earrings","0","75","25","0"
"3378","1371","Buffalo Earrings","","Buffalo Earrings","1","195","80","0"
"3379","1372","Turtle Earrings","","Turtle Earrings","0","85","25","0"
"3380","1373","Turtle Earrings","","Turtle Earrings","0","115","25","0"
"3382","1374","Turtle Earrings","","Turtle Earrings","0","55","25","0"
"3383","1375","Turtle Earrings","","Turtle Earrings","0","55","25","0"
"3384","1376","Turtle Earrings","","Turtle Earrings","0","80","25","0"
"3385","1377","Turtle Earrings","","Turtle Earrings","0","55","25","0"
"3386","1378","Turtle Earrings","","Turtle Earrings","0","48","25","0"
"3387","1379","Turtle Earrings","","Turtle Earrings","0","48","25","0"
"3388","1380","Turtle Earrings","","Turtle Earrings","0","48","25","0"
"3389-65041","1381","Round Earrings","","Round Earrings","0","68","28.9","0"
"3390","1382","Tear Drop Earrings","","Tear Drop Earrings","0","70","25","0"
"3391","1383","Sungod Earrings","","Sungod Earrings","0","105","25","0"
"3392","1384","Bear Paw Earrings","","Bear Paw Earrings","0","50","25","0"
"3394","1385","Bear Paw Earrings","","Bear Paw Earrings","0","35","25","0"
"3395","1386","Bear Paw Earrings","","Bear Paw Earrings","0","38","25","0"
"3396","1387","Bear Paw Earrings","","Bear Paw Earrings","0","38","25","0"
"3398","1388","Bear Paw Earrings","","Bear Paw Earrings","0","38","25","0"
"3399","1389","Bear Paw Earrings","","Bear Paw Earrings","0","38","25","0"
"3397","1390","Butterfly Earrings","","Butterfly Earrings","0","125","25","0"
"3400","1391","Floral Earrings","","Floral Earrings","0","70","25","0"
"3401","1392","Seahorse Earrings","","Seahorse Earrings","0","115","25","0"
"3402-64607","1393","Starfish Earrings","","Starfish Earrings","0","35","14.69","0"
"3403","1394","Oval Earrings","","Oval Earrings","0","115","25","0"
"3404","1395","Bird Earrings","","Bird Earrings","0","145","25","0"
"3405","1396","Wolf Earrings","","Wolf Earrings","1","140","60","0"
"3406","1397","Dream Catcher/Feather Earrings","","Dream Catcher/Feather Earrings","0","25","25","0"
"3407","1398","Horse Earrings","","Horse Earrings","1","195","80","0"
"3408","1399","Gheko Earrings","","Gheko Earrings","0","195","25","0"
"3409","1400","Gheko Earrings","","Gheko Earrings","0","195","25","0"
"3410","1401","Heart Earrings","","Heart Earrings","0","55","25","0"
"3411","1402","Round Earrings","","Round Earrings","0","55","25","0"
"5100-0700-27-7710SM","1403","Suede Moccasins for Men","6123","Shoe Size - 6","0","99.95","43.4","0"
"5100-0700-27-7710SM","1403","Suede Moccasins for Men","6124","Shoe Size - 7","0","99.95","43.4","0"
"5100-0700-27-7710SM","1403","Suede Moccasins for Men","6125","Shoe Size - 8","0","99.95","43.4","0"
"5100-0700-27-7710SM","1403","Suede Moccasins for Men","6126","Shoe Size - 9","0","99.95","43.4","0"
"5100-0700-27-7710SM","1403","Suede Moccasins for Men","6127","Shoe Size - 10","0","99.95","43.4","0"
"5100-0700-27-7710SM","1403","Suede Moccasins for Men","6128","Shoe Size - 11","0","99.95","43.4","0"
"5100-0700-27-7710SM","1403","Suede Moccasins for Men","6129","Shoe Size - 12","0","99.95","43.4","0"
"5100-0700-27-7710SM","1403","Suede Moccasins for Men","6130","Shoe Size - 13","0","99.95","43.4","0"
"5100-0700-27-7710SM","1403","Suede Moccasins for Men","6131","Shoe Size - 14","0","99.95","43.4","0"
"5100-0700-27-7710SM","1403","Suede Moccasins for Men","6132","Shoe Size - 15","0","99.95","43.4","0"
"9013-0481-85-1904485DT","1404","Ladies Mukluks","6017","Shoe Size - 8","0","360","156.9","0"
"9013-0481-85-1904485DT","1404","Ladies Mukluks","7606","Shoe Size - 4","0","360","156.9","0"
"9013-0481-85-1904485DT","1404","Ladies Mukluks","7607","Shoe Size - 5","0","360","156.9","0"
"9013-0481-85-1904485DT","1404","Ladies Mukluks","7608","Shoe Size - 6","0","360","156.9","0"
"9013-0481-85-1904485DT","1404","Ladies Mukluks","7609","Shoe Size - 7","0","360","156.9","0"
"9013-0481-85-1904485DT","1404","Ladies Mukluks","7610","Shoe Size - 9","0","360","156.9","0"
"9013-0481-85-1904485DT","1404","Ladies Mukluks","7611","Shoe Size - 10","0","360","156.9","0"
"9013-0481-85-1904485DT","1404","Ladies Mukluks","7612","Shoe Size - 11","0","360","156.9","0"
"9013-0481-85-1904485DT","1404","Ladies Mukluks","7613","Shoe Size - 12","0","360","156.9","0"
"5000-0000-27-11563DT","1405","Leather Moccasins for Men","6133","Shoe Size - 6","0","140","60.7","0"
"5000-0000-27-11563DT","1405","Leather Moccasins for Men","6134","Shoe Size - 7","0","140","60.7","0"
"5000-0000-27-11563DT","1405","Leather Moccasins for Men","6135","Shoe Size - 8","0","140","60.7","0"
"5000-0000-27-11563DT","1405","Leather Moccasins for Men","6136","Shoe Size - 9","0","140","60.7","0"
"5000-0000-27-11563DT","1405","Leather Moccasins for Men","6137","Shoe Size - 10","0","140","60.7","0"
"5000-0000-27-11563DT","1405","Leather Moccasins for Men","6138","Shoe Size - 11","0","140","60.7","0"
"5000-0000-27-11563DT","1405","Leather Moccasins for Men","6139","Shoe Size - 12","0","140","60.7","0"
"5000-0000-27-11563DT","1405","Leather Moccasins for Men","6140","Shoe Size - 13","0","140","60.7","0"
"5000-0000-27-11563DT","1405","Leather Moccasins for Men","6141","Shoe Size - 14","0","140","60.7","0"
"5000-0000-27-11563DT","1405","Leather Moccasins for Men","6142","Shoe Size - 15","0","140","60.7","0"
"5000-0000-27-11563BL","1406","Leather Moccasins for Men","6143","Shoe Size - 6","0","140","60.7","53"
"5000-0000-27-11563BL","1406","Leather Moccasins for Men","6144","Shoe Size - 7","0","140","60.7","53"
"5000-0000-27-11563BL","1406","Leather Moccasins for Men","6145","Shoe Size - 8","0","140","60.7","53"
"5000-0000-27-11563BL","1406","Leather Moccasins for Men","6146","Shoe Size - 9","0","140","60.7","53"
"5000-0000-27-11563BL","1406","Leather Moccasins for Men","6147","Shoe Size - 10","0","140","60.7","53"
"5000-0000-27-11563BL","1406","Leather Moccasins for Men","6148","Shoe Size - 11","0","140","60.7","53"
"5000-0000-27-11563BL","1406","Leather Moccasins for Men","6149","Shoe Size - 12","0","140","60.7","53"
"5000-0000-27-11563BL","1406","Leather Moccasins for Men","6150","Shoe Size - 13","0","140","60.7","53"
"5000-0000-27-11563BL","1406","Leather Moccasins for Men","6151","Shoe Size - 14","0","140","60.7","57"
"5000-0000-27-11563BL","1406","Leather Moccasins for Men","6152","Shoe Size - 15","0","140","60.7","57"
"5000-0400-00-2479DT","1407","Leather Moccasins for Men","6158","Shoe Size - 11","0","106","45.9","0"
"5000-0400-00-2479DT","1407","Leather Moccasins for Men","7306","Shoe Size - 12","0","106","45.9","0"
"5000-0400-00-2479DT","1407","Leather Moccasins for Men","7307","Shoe Size - 13","0","106","45.9","0"
"5000-0400-00-2479DT","1407","Leather Moccasins for Men","7308","Shoe Size - 14","0","106","45.9","0"
"5000-0400-00-2479DT","1407","Leather Moccasins for Men","7309","Shoe Size - 15","0","106","45.9","0"
"5000-0400-00-2479DT","1407","Leather Moccasins for Men","7310","Shoe Size - 6","0","106","45.9","0"
"5000-0400-00-2479DT","1407","Leather Moccasins for Men","7311","Shoe Size - 7","0","106","45.9","0"
"5000-0400-00-2479DT","1407","Leather Moccasins for Men","7312","Shoe Size - 8","0","106","45.9","0"
"5000-0400-00-2479DT","1407","Leather Moccasins for Men","7313","Shoe Size - 9","0","106","45.9","0"
"5000-0400-00-2479DT","1407","Leather Moccasins for Men","7314","Shoe Size - 10","0","106","45.9","0"
"5000-0800-17-7055RK","1408","Leather Moccasins for Men","6166","Shoe Size - 9","1","143","0","62"
"5000-0800-17-7055RK","1408","Leather Moccasins for Men","6167","Shoe Size - 10","2","143","0","62"
"5000-0800-17-7055RK","1408","Leather Moccasins for Men","6169","Shoe Size - 12","1","143","0","62"
"5000-0800-17-7055RK","1408","Leather Moccasins for Men","7315","Shoe Size - 6","0","143","0","62"
"5000-0800-17-7055RK","1408","Leather Moccasins for Men","7316","Shoe Size - 7","0","143","0","62"
"5000-0800-17-7055RK","1408","Leather Moccasins for Men","7317","Shoe Size - 8","0","143","0","62"
"5000-0800-17-7055RK","1408","Leather Moccasins for Men","7318","Shoe Size - 11","1","143","0","62"
"5000-0800-17-7055RK","1408","Leather Moccasins for Men","7319","Shoe Size - 13","0","143","0","62"
"5000-0800-17-7055RK","1408","Leather Moccasins for Men","7320","Shoe Size - 14","0","143","0","62"
"5000-0800-17-7055RK","1408","Leather Moccasins for Men","7321","Shoe Size - 15","0","143","0","62"
"5100-0400-27-7709MO","1409","Suede Moccasins for Men","6171","Shoe Size - 6","0","98","42","82"
"5100-0400-27-7709MO","1409","Suede Moccasins for Men","6172","Shoe Size - 7","0","98","42","82"
"5100-0400-27-7709MO","1409","Suede Moccasins for Men","6173","Shoe Size - 8","0","98","42","82"
"5100-0400-27-7709MO","1409","Suede Moccasins for Men","6174","Shoe Size - 9","0","98","42","82"
"5100-0400-27-7709MO","1409","Suede Moccasins for Men","6175","Shoe Size - 10","0","98","42","82"
"5100-0400-27-7709MO","1409","Suede Moccasins for Men","6176","Shoe Size - 11","0","98","42","82"
"5100-0400-27-7709MO","1409","Suede Moccasins for Men","6177","Shoe Size - 12","0","98","42","82"
"5100-0400-27-7709MO","1409","Suede Moccasins for Men","6178","Shoe Size - 13","0","98","42","82"
"5100-0400-27-7709MO","1409","Suede Moccasins for Men","6179","Shoe Size - 14","0","98","42","82"
"5100-0400-27-7709MO","1409","Suede Moccasins for Men","6180","Shoe Size - 15","0","98","42","82"
"5000-0800-17-7055BL","1410","Leather Moccasins for Men","6181","Shoe Size - 6","0","143","62","0"
"5000-0800-17-7055BL","1410","Leather Moccasins for Men","6182","Shoe Size - 7","0","143","62","0"
"5000-0800-17-7055BL","1410","Leather Moccasins for Men","6183","Shoe Size - 8","0","143","62","0"
"5000-0800-17-7055BL","1410","Leather Moccasins for Men","6184","Shoe Size - 9","0","143","62","0"
"5000-0800-17-7055BL","1410","Leather Moccasins for Men","6185","Shoe Size - 10","0","143","62","0"
"5000-0800-17-7055BL","1410","Leather Moccasins for Men","6186","Shoe Size - 11","0","143","62","0"
"5000-0800-17-7055BL","1410","Leather Moccasins for Men","6187","Shoe Size - 12","1","143","62","0"
"5000-0800-17-7055BL","1410","Leather Moccasins for Men","6188","Shoe Size - 13","0","143","62","0"
"5000-0800-17-7055BL","1410","Leather Moccasins for Men","7322","Shoe Size - 14","0","143","62","0"
"5000-0800-17-7055BL","1410","Leather Moccasins for Men","7323","Shoe Size - 15","0","143","62","0"
"5100-0000-41-3107CK","1411","Leather Moccasins for Men","6087","Shoe Size - 12","0","109","47.2","0"
"5100-0000-41-3107CK","1411","Leather Moccasins for Men","6088","Shoe Size - 13","0","109","47.2","0"
"5100-0000-41-3107CK","1411","Leather Moccasins for Men","6089","Shoe Size - 14","0","109","47.2","0"
"5100-0000-41-3107CK","1411","Leather Moccasins for Men","7324","Shoe Size - 6","0","109","47.2","0"
"5100-0000-41-3107CK","1411","Leather Moccasins for Men","7325","Shoe Size - 7","0","109","47.2","0"
"5100-0000-41-3107CK","1411","Leather Moccasins for Men","7326","Shoe Size - 8","0","109","47.2","0"
"5100-0000-41-3107CK","1411","Leather Moccasins for Men","7327","Shoe Size - 9","0","109","47.2","0"
"5100-0000-41-3107CK","1411","Leather Moccasins for Men","7328","Shoe Size - 10","0","109","47.2","0"
"5100-0000-41-3107CK","1411","Leather Moccasins for Men","7329","Shoe Size - 15","0","109","47.2","0"
"5100-0000-41-3107CK","1411","Leather Moccasins for Men","10507","Shoe Size - 11","0","109","47.2","0"
"5000-0400-00-749DKT","1412","Suede Moccasins for Men","6093","Shoe Size - 7","0","85","36.7","35"
"5000-0400-00-749DKT","1412","Suede Moccasins for Men","6094","Shoe Size - 8","0","85","36.7","35"
"5000-0400-00-749DKT","1412","Suede Moccasins for Men","6095","Shoe Size - 9","0","85","36.7","35"
"5000-0400-00-749DKT","1412","Suede Moccasins for Men","6096","Shoe Size - 10","0","85","36.7","35"
"5000-0400-00-749DKT","1412","Suede Moccasins for Men","6097","Shoe Size - 11","0","85","36.7","35"
"5000-0400-00-749DKT","1412","Suede Moccasins for Men","6098","Shoe Size - 12","0","85","36.7","35"
"5000-0400-00-749DKT","1412","Suede Moccasins for Men","6099","Shoe Size - 13","0","85","36.7","35"
"5000-0400-00-749DKT","1412","Suede Moccasins for Men","6100","Shoe Size - 14","0","85","36.7","39"
"5000-0400-00-749DKT","1412","Suede Moccasins for Men","6101","Shoe Size - 15","0","85","36.7","39"
"5000-0400-00-749DKT","1412","Suede Moccasins for Men","6102","Shoe Size - 6","0","85","36.7","35"
"5000-0500-41-2474DT","1413","Leather Moccasins for Men","6110","Shoe Size - 14","0","148","64","152"
"5000-0500-41-2474DT","1413","Leather Moccasins for Men","7330","Shoe Size - 12","0","148","64","0"
"5000-0500-41-2474DT","1413","Leather Moccasins for Men","7331","Shoe Size - 13","0","148","64","0"
"5000-0500-41-2474DT","1413","Leather Moccasins for Men","7332","Shoe Size - 15","0","148","64","0"
"5000-0500-41-2474DT","1413","Leather Moccasins for Men","7333","Shoe Size - 6","0","148","64","0"
"5000-0500-41-2474DT","1413","Leather Moccasins for Men","7334","Shoe Size - 7","0","148","64","0"
"5000-0500-41-2474DT","1413","Leather Moccasins for Men","7335","Shoe Size - 8","0","148","64","0"
"5000-0500-41-2474DT","1413","Leather Moccasins for Men","7336","Shoe Size - 9","0","148","64","0"
"5000-0500-41-2474DT","1413","Leather Moccasins for Men","7337","Shoe Size - 10","0","148","64","0"
"5000-0500-41-2474DT","1413","Leather Moccasins for Men","7338","Shoe Size - 11","0","148","64","0"
"6080-0400-41IND-648","1414","Suede Slippers for Men","6190","Shoe Size - 7","0","125","54.3","0"
"6080-0400-41IND-648","1414","Suede Slippers for Men","6191","Shoe Size - 8","0","125","54.3","0"
"6080-0400-41IND-648","1414","Suede Slippers for Men","6193","Shoe Size - 10","2","125","54.3","0"
"6080-0400-41IND-648","1414","Suede Slippers for Men","6196","Shoe Size - 13","2","125","54.3","0"
"6080-0400-41IND-648","1414","Suede Slippers for Men","7339","Shoe Size - 6","0","125","54.3","0"
"6080-0400-41IND-648","1414","Suede Slippers for Men","7340","Shoe Size - 9","1","125","54.3","0"
"6080-0400-41IND-648","1414","Suede Slippers for Men","7341","Shoe Size - 11","2","125","54.3","0"
"6080-0400-41IND-648","1414","Suede Slippers for Men","7342","Shoe Size - 12","2","125","54.3","0"
"6080-0400-41IND-648","1414","Suede Slippers for Men","7343","Shoe Size - 14","0","125","54.3","0"
"6080-0400-41IND-648","1414","Suede Slippers for Men","7344","Shoe Size - 15","0","125","54.3","0"
"3286","1415","Tear Drop Pendant","","Tear Drop Pendant","1","260","110","0"
"5125-0800-00-160GR","1416","Ladies Suede Moccasins","6207","Shoe Size - 4","0","68","29.4","0"
"5125-0800-00-160GR","1416","Ladies Suede Moccasins","6208","Shoe Size - 5","0","68","29.4","0"
"5125-0800-00-160GR","1416","Ladies Suede Moccasins","6209","Shoe Size - 6","0","68","29.4","0"
"5125-0800-00-160GR","1416","Ladies Suede Moccasins","6210","Shoe Size - 7","0","68","29.4","0"
"5125-0800-00-160GR","1416","Ladies Suede Moccasins","6211","Shoe Size - 8","0","68","29.4","0"
"5125-0800-00-160GR","1416","Ladies Suede Moccasins","6212","Shoe Size - 9","0","68","29.4","0"
"5125-0800-00-160GR","1416","Ladies Suede Moccasins","6213","Shoe Size - 10","0","68","29.4","0"
"5000-0400-00-748IND","1417","Ladies Suede Moccasins","6228","Shoe Size - 4","0","75","32.4","0"
"5000-0400-00-748IND","1417","Ladies Suede Moccasins","6229","Shoe Size - 5","1","75","32.4","0"
"5000-0400-00-748IND","1417","Ladies Suede Moccasins","6230","Shoe Size - 6","0","75","32.4","0"
"5000-0400-00-748IND","1417","Ladies Suede Moccasins","6233","Shoe Size - 9","0","75","32.4","0"
"5000-0400-00-748IND","1417","Ladies Suede Moccasins","6236","Shoe Size - 12","0","75","32.4","0"
"5000-0400-00-748IND","1417","Ladies Suede Moccasins","7345","Shoe Size - 7","0","75","32.4","0"
"5000-0400-00-748IND","1417","Ladies Suede Moccasins","7346","Shoe Size - 8","0","75","32.4","0"
"5000-0400-00-748IND","1417","Ladies Suede Moccasins","7347","Shoe Size - 10","0","75","32.4","0"
"5000-0400-00-748IND","1417","Ladies Suede Moccasins","7348","Shoe Size - 11","0","75","32.4","0"
"5000-0408-00-2479NA","1418","Ladies Leather Moccasins","6249","Shoe Size - 7","0","98","42.5","0"
"5000-0408-00-2479NA","1418","Ladies Leather Moccasins","6320","Shoe Size - 11","0","98","42.5","0"
"5000-0408-00-2479NA","1418","Ladies Leather Moccasins","7349","Shoe Size - 4","0","98","42.5","0"
"5000-0408-00-2479NA","1418","Ladies Leather Moccasins","7350","Shoe Size - 5","0","98","42.5","0"
"5000-0408-00-2479NA","1418","Ladies Leather Moccasins","7351","Shoe Size - 6","0","98","42.5","0"
"5000-0408-00-2479NA","1418","Ladies Leather Moccasins","7352","Shoe Size - 8","0","98","42.5","0"
"5000-0408-00-2479NA","1418","Ladies Leather Moccasins","7353","Shoe Size - 9","0","98","42.5","0"
"5000-0408-00-2479NA","1418","Ladies Leather Moccasins","7354","Shoe Size - 10","0","98","42.5","0"
"5000-0408-00-2479NA","1418","Ladies Leather Moccasins","7355","Shoe Size - 12","0","98","42.5","0"
"5000-0008-27-7463NA","1419","Ladies Leather Moccasins","6260","Shoe Size - 4","0","136","59.1","0"
"5000-0008-27-7463NA","1419","Ladies Leather Moccasins","6261","Shoe Size - 5","0","136","59.1","0"
"5000-0008-27-7463NA","1419","Ladies Leather Moccasins","6262","Shoe Size - 6","0","136","59.1","0"
"5000-0008-27-7463NA","1419","Ladies Leather Moccasins","6263","Shoe Size - 7","0","136","59.1","0"
"5000-0008-27-7463NA","1419","Ladies Leather Moccasins","6264","Shoe Size - 8","0","136","59.1","0"
"5000-0008-27-7463NA","1419","Ladies Leather Moccasins","6265","Shoe Size - 9","0","136","59.1","0"
"5000-0008-27-7463NA","1419","Ladies Leather Moccasins","6266","Shoe Size - 10","0","136","59.1","0"
"5000-0008-16-7456NA","1420","Ladies Leather Moccasins","6279","Shoe Size - 9","0","129","55.9","0"
"5000-0008-16-7456NA","1420","Ladies Leather Moccasins","7356","Shoe Size - 4","0","129","55.9","0"
"5000-0008-16-7456NA","1420","Ladies Leather Moccasins","7357","Shoe Size - 5","0","129","55.9","0"
"5000-0008-16-7456NA","1420","Ladies Leather Moccasins","7358","Shoe Size - 6","0","129","55.9","0"
"5000-0008-16-7456NA","1420","Ladies Leather Moccasins","7359","Shoe Size - 7","0","129","55.9","0"
"5000-0008-16-7456NA","1420","Ladies Leather Moccasins","7360","Shoe Size - 8","0","129","55.9","0"
"5000-0008-16-7456NA","1420","Ladies Leather Moccasins","7361","Shoe Size - 10","0","129","55.9","0"
"5000-0008-16-7456NA","1420","Ladies Leather Moccasins","7362","Shoe Size - 11","0","129","55.9","0"
"5000-0008-16-7456NA","1420","Ladies Leather Moccasins","7363","Shoe Size - 12","0","129","55.9","0"
"5000-0008-1-8536MO","1421","Ladies Suede Moccasins","6295","Shoe Size - 11","1","94","40.6","0"
"5000-0008-1-8536MO","1421","Ladies Suede Moccasins","6296","Shoe Size - 12","0","94","40.6","0"
"5000-0008-1-8536MO","1421","Ladies Suede Moccasins","7364","Shoe Size - 4","0","94","40.6","0"
"5000-0008-1-8536MO","1421","Ladies Suede Moccasins","7365","Shoe Size - 5","0","94","40.6","0"
"5000-0008-1-8536MO","1421","Ladies Suede Moccasins","7366","Shoe Size - 6","0","94","40.6","0"
"5000-0008-1-8536MO","1421","Ladies Suede Moccasins","7367","Shoe Size - 7","0","94","40.6","0"
"5000-0008-1-8536MO","1421","Ladies Suede Moccasins","7368","Shoe Size - 8","0","94","40.6","0"
"5000-0008-1-8536MO","1421","Ladies Suede Moccasins","7369","Shoe Size - 9","0","94","40.6","0"
"5000-0008-1-8536MO","1421","Ladies Suede Moccasins","7370","Shoe Size - 10","0","94","40.6","0"
"5076-0500-36-KB841","1422","Ladies Leather Moccasins","6304","Shoe Size - 4","0","136","59","0"
"5076-0500-36-KB841","1422","Ladies Leather Moccasins","6305","Shoe Size - 5","0","136","59","0"
"5076-0500-36-KB841","1422","Ladies Leather Moccasins","6306","Shoe Size - 6","0","136","59","0"
"5076-0500-36-KB841","1422","Ladies Leather Moccasins","6307","Shoe Size - 7","0","136","59","0"
"5076-0500-36-KB841","1422","Ladies Leather Moccasins","6308","Shoe Size - 8","0","136","59","0"
"5076-0500-36-KB841","1422","Ladies Leather Moccasins","6309","Shoe Size - 9","0","136","59","0"
"5076-0500-36-KB841","1422","Ladies Leather Moccasins","6310","Shoe Size - 10","0","136","59","0"
"986442WH","1425","Ladies Mukluks","6363","Shoe Size - 9","0","435","188.7","0"
"986442WH","1425","Ladies Mukluks","7629","Shoe Size - 4","0","435","188.7","0"
"986442WH","1425","Ladies Mukluks","7630","Shoe Size - 5","0","435","188.7","0"
"986442WH","1425","Ladies Mukluks","7631","Shoe Size - 6","0","435","188.7","0"
"986442WH","1425","Ladies Mukluks","7632","Shoe Size - 7","0","435","188.7","0"
"986442WH","1425","Ladies Mukluks","7633","Shoe Size - 8","0","435","188.7","0"
"986442WH","1425","Ladies Mukluks","7634","Shoe Size - 10","0","435","188.7","0"
"986442WH","1425","Ladies Mukluks","7635","Shoe Size - 11","0","435","188.7","0"
"986442WH","1425","Ladies Mukluks","7636","Shoe Size - 12","0","435","188.7","0"
"989","1426","Suede Moccasins for Men","6379","Shoe Size - 8","2","109","59","0"
"989","1426","Suede Moccasins for Men","6380","Shoe Size - 9","0","109","59","0"
"989","1426","Suede Moccasins for Men","7371","Shoe Size - 4","0","109","59","0"
"989","1426","Suede Moccasins for Men","7372","Shoe Size - 5","0","109","59","0"
"989","1426","Suede Moccasins for Men","7373","Shoe Size - 6","0","109","59","0"
"989","1426","Suede Moccasins for Men","7374","Shoe Size - 7","0","109","59","0"
"989","1426","Suede Moccasins for Men","7375","Shoe Size - 10","0","109","59","0"
"989","1426","Suede Moccasins for Men","7532","Shoe Size - 11","1","109","59","0"
"989","1426","Suede Moccasins for Men","7533","Shoe Size - 12","0","109","59","0"
"989","1426","Suede Moccasins for Men","7534","Shoe Size - 13","0","109","59","0"
"1973","1427","Suede Moccasins for Men","6398","Shoe Size - 7","0","110","47.5","0"
"1973","1427","Suede Moccasins for Men","7376","Shoe Size - 6","0","110","47.5","0"
"1973","1427","Suede Moccasins for Men","7377","Shoe Size - 8","0","110","47.5","0"
"1973","1427","Suede Moccasins for Men","7378","Shoe Size - 9","0","110","47.5","0"
"1973","1427","Suede Moccasins for Men","7379","Shoe Size - 10","0","110","47.5","0"
"1973","1427","Suede Moccasins for Men","7380","Shoe Size - 11","0","110","47.5","0"
"1973","1427","Suede Moccasins for Men","7381","Shoe Size - 12","0","110","47.5","0"
"1973","1427","Suede Moccasins for Men","7382","Shoe Size - 13","0","110","47.5","0"
"1973","1427","Suede Moccasins for Men","7383","Shoe Size - 14","0","110","47.5","0"
"1973","1427","Suede Moccasins for Men","7384","Shoe Size - 15","0","110","47.5","0"
"5000-0400-00-749BL","1428","Ladies Suede Moccasins","6417","Shoe Size - 4","0","85","36.7","0"
"5000-0400-00-749BL","1428","Ladies Suede Moccasins","6418","Shoe Size - 5","0","85","36.7","0"
"5000-0400-00-749BL","1428","Ladies Suede Moccasins","6419","Shoe Size - 6","0","85","36.7","0"
"5000-0400-00-749BL","1428","Ladies Suede Moccasins","6420","Shoe Size - 7","0","85","36.7","0"
"5000-0400-00-749BL","1428","Ladies Suede Moccasins","6421","Shoe Size - 8","0","85","36.7","0"
"5000-0400-00-749BL","1428","Ladies Suede Moccasins","6422","Shoe Size - 9","0","85","36.7","0"
"5000-0400-00-749BL","1428","Ladies Suede Moccasins","6423","Shoe Size - 10","0","85","36.7","0"
"5000-0400-00-749BL","1428","Ladies Suede Moccasins","6424","Shoe Size - 11","1","85","36.7","0"
"5000-0400-00-749BL","1428","Ladies Suede Moccasins","6425","Shoe Size - 12","0","85","36.7","0"
"9813-0408-47-986447WH","1429","Ladies Mukluks","6435","Shoe Size - 4","0","467","188.6","0"
"9813-0408-47-986447WH","1429","Ladies Mukluks","6436","Shoe Size - 5","0","467","188.6","0"
"9813-0408-47-986447WH","1429","Ladies Mukluks","6437","Shoe Size - 6","0","467","188.6","0"
"9813-0408-47-986447WH","1429","Ladies Mukluks","6438","Shoe Size - 7","1","467","188.6","0"
"9813-0408-47-986447WH","1429","Ladies Mukluks","6439","Shoe Size - 8","0","467","188.6","0"
"9813-0408-47-986447WH","1429","Ladies Mukluks","6440","Shoe Size - 9","0","467","188.6","0"
"9813-0408-47-986447WH","1429","Ladies Mukluks","6441","Shoe Size - 10","0","467","188.6","0"
"9813-0408-47-986447WH","1429","Ladies Mukluks","6442","Shoe Size - 11","0","467","188.6","0"
"9813-0408-47-986447WH","1429","Ladies Mukluks","6443","Shoe Size - 12","0","467","188.6","0"
"9816-0408-47-981447WH","1430","Ladies Mukluks","6453","Shoe Size - 4","0","458","198.6","0"
"9816-0408-47-981447WH","1430","Ladies Mukluks","6454","Shoe Size - 5","0","458","198.6","0"
"9816-0408-47-981447WH","1430","Ladies Mukluks","6455","Shoe Size - 6","0","458","198.6","0"
"9816-0408-47-981447WH","1430","Ladies Mukluks","6456","Shoe Size - 7","0","458","198.6","0"
"9816-0408-47-981447WH","1430","Ladies Mukluks","6457","Shoe Size - 8","0","458","198.6","0"
"9816-0408-47-981447WH","1430","Ladies Mukluks","6458","Shoe Size - 9","0","458","198.6","0"
"9816-0408-47-981447WH","1430","Ladies Mukluks","6459","Shoe Size - 10","0","458","198.6","0"
"9816-0408-47-981447WH","1430","Ladies Mukluks","6460","Shoe Size - 11","0","458","198.6","0"
"9816-0408-47-981447WH","1430","Ladies Mukluks","6461","Shoe Size - 12","0","458","198.6","0"
"SKU: 12-12-737","1435","Moose Halo Mug","","Moose Halo Mug","0","11","4.75","0"
"3288","1436","Tear Drop Pendant","","Tear Drop Pendant","1","195","80","0"
"3289","1437","Diamond Shaped Pendant","","Diamond Shaped Pendant","1","195","80","0"
"3290","1438","Rectangular Pendant","","Rectangular Pendant","1","200","85","0"
"3292","1439","Tear Drop Pendant","","Tear Drop Pendant","0","215","16.5","0"
"3293","1440","Triangular Pendant","","Triangular Pendant","0","125","16.5","0"
"3296","1441","Oval Pendant","","Oval Pendant","0","115","16.5","0"
"3300","1442","Oval Pendant","","Oval Pendant","0","215","16.5","0"
"3302","1443","Oval Pendant","","Oval Pendant","0","225","16.5","0"
"3304","1444","Oval Pendant","","Oval Pendant","0","595","16.5","0"
"3305","1445","Oval Pendant","","Oval Pendant","0","125","16.5","0"
"3306","1447","Tear Drop Pendant","","Tear Drop Pendant","0","265","16.5","0"
"3307","1448","Tear Drop Pendant","","Tear Drop Pendant","0","155","16.5","0"
"3309","1449","Round Pendant","","Round Pendant","0","180","16.5","0"
"3312","1450","Tear Drop Pendant","","Tear Drop Pendant","0","185","16.5","0"
"3313","1451","Tear Drop Pendant","","Tear Drop Pendant","0","145","16.5","0"
"3328","1452","Triangular Pendant","","Triangular Pendant","0","175","16.5","0"
"3329","1453","Rectangular Pendant","","Rectangular Pendant","0","295","16.5","0"
"3330","1454","Bear Claw Pendant","","Bear Claw Pendant","0","125","16.5","0"
"3334","1455","Buffalo Skull Pendant","","Buffalo Skull Pendant","0","395","16.5","0"
"3348","1456","Flower Pendant","","Flower Pendant","1","115","50","0"
"3351","1457","Flower Pendant","","Flower Pendant","0","75","16.5","0"
"SKU: 12-12-726","1458","Moose Trivet","","Moose Trivet","0","14.95","6.3","0"
"SKU: 15-15-314","1459","Black Bear Trivet","","Black Bear Trivet","0","14.95","6.3","0"
"SKU: 12-12-736","1460","Moose Trivet","","Moose Trivet","0","14.95","6.3","0"
"SKU: 46-46-301","1461","Moose Trivet","","Moose Trivet","0","14","6.3","0"
"SKU: 55-55-004","1473","Passport Pouch ""Hands""","6466","Colors - Turquoise","0","72","31","0"
"SKU: 00-07-419","1496","Bill Helin Feather Pendant","","Bill Helin Feather Pendant","0","82","35.5","0"
"3132","1497","Bear Pendant","","Bear Pendant","0","190","16.5","0"
"3370","1498","Sungod Pendant","","Sungod Pendant","0","140","16.5","0"
"3160","1499","Triangular Pendant","","Triangular Pendant","0","140","16.5","0"
"3314","1512","Oval Pendant","","Oval Pendant","0","125","0","0"
"3315","1513","Oval Pendant","","Oval Pendant","0","175","0","0"
"3316","1514","Oval Pendant","","Oval Pendant","0","115","0","0"
"3317","1515","Feather Pendant","","Feather Pendant","0","175","0","0"
"3322","1516","Wheel Pendant","","Wheel Pendant","0","195","0","0"
"3323","1518","Oval Pendant","","Oval Pendant","0","180","0","0"
"3325","1519","Horseshoe Pendant","","Horseshoe Pendant","0","75","0","0"
"3326","1520","Spider Pendant","","Spider Pendant","0","75","0","0"
"3327","1521","Spider Pendant","","Spider Pendant","0","75","0","0"
"3324","1522","Corn Pendant","","Corn Pendant","0","95","0","0"
"3338","1523","Wolf/Feather Pendant","","Wolf/Feather Pendant","0","170","0","0"
"3339","1525","Bear Paw Pendant","","Bear Paw Pendant","1","95","40","0"
"3343","1526","Bear Paw Pendant","","Bear Paw Pendant","0","50","0","0"
"3346","1527","Round Pendant","","Round Pendant","0","105","0","0"
"3344","1528","Chief Brooch","","Chief Brooch","1","500","215","0"
"3332","1530","Loop Bail for Pendant","","Loop Bail for Pendant","2","40","15","0"
"3333","1531","Loop Bail for Pendant","","Loop Bail for Pendant","1","25","10","0"
"3357","1562","Bear Earrings","","Bear Earrings","0","230","25","0"
"3358","1563","Bear Earrings","","Bear Earrings","0","240","25","0"
"3360","1564","Bear Earrings","","Bear Earrings","0","160","25","0"
"3363-66826","1565","Bear Earrings","","Bear Earrings","0","28","10.86","0"
"3361","1566","Bear Earrings","","Bear Earrings","0","240","25","0"
"3362","1567","Bear Earrings","","Bear Earrings","0","240","25","0"
"3365","1568","Chief Earrings","","Chief Earrings","1","105","45","0"
"3367","1569","Chief Earrings","","Chief Earrings","1","105","45","0"
"3368","1570","Oval Earrings","","Oval Earrings","0","120","25","0"
"3412","1571","Round Earrings","","Round Earrings","1","65","25","0"
"3413","1572","Spider Earrings","","Spider Earrings","0","95","25","0"
"3414","1573","Half Moon Earrings","","Half Moon Earrings","0","75","25","0"
"3416","1574","Rectangular Earrings","","Rectangular Earrings","0","265","25","0"
"3417","1575","Rectangular Earrings","","Rectangular Earrings","0","265","25","0"
"3418","1576","Square Earrings","","Square Earrings","0","275","25","0"
"3419","1577","Triangular Earrings","","Triangular Earrings","0","265","25","0"
"3421","1578","Tear Drop Earrings","","Tear Drop Earrings","0","295","25","0"
"3422","1579","Rectangular Earrings","","Rectangular Earrings","0","85","25","0"
"3423","1580","Triangular Earrings","","Triangular Earrings","0","140","25","0"
"3425","1611","Rectangular Earrings","","Rectangular Earrings","0","85","25","0"
"3426","1612","Half Moon Earrings","","Half Moon Earrings","0","135","25","0"
"3428","1613","Half Moon Earrings","","Half Moon Earrings","0","110","25","0"
"3430","1614","Half Moon Earrings","","Half Moon Earrings","1","110","45","0"
"3432","1615","Half Moon Earrings","","Half Moon Earrings","0","110","25","0"
"3434","1616","Half Moon Earrings","","Half Moon Earrings","0","75","25","0"
"3436","1617","Half Moon Earrings","","Half Moon Earrings","0","125","25","0"
"3438","1618","Half Moon Earrings","","Half Moon Earrings","0","115","25","0"
"3440","1619","Half Moon Earrings","","Half Moon Earrings","1","135","55","0"
"3442","1620","Half Moon Earrings","","Half Moon Earrings","0","95","25","0"
"3444","1621","Half Moon Earrings","","Half Moon Earrings","0","95","25","0"
"3446","1622","Half Moon Earrings","","Half Moon Earrings","0","95","25","0"
"3448","1623","Half Moon Earrings","","Half Moon Earrings","0","95","25","0"
"3450","1624","Half Moon Earrings","","Half Moon Earrings","0","95","25","0"
"3452","1625","Bear Paw/Feather Earrings","","Bear Paw/Feather Earrings","0","80","25","0"
"3453","1626","Bear Paw Earrings","","Bear Paw Earrings","0","38","25","0"
"3454","1627","Bear Paw Earrings","","Bear Paw Earrings","0","38","25","0"
"3455","1628","Bear Paw/Feather Earrings","","Bear Paw/Feather Earrings","0","60","25","0"
"3456","1629","Bear Paw Earrings","","Bear Paw Earrings","0","50","25","0"
"3457","1630","Bear Paw Earrings","","Bear Paw Earrings","0","35","25","0"
"3458","1631","Bear Paw Earrings","","Bear Paw Earrings","0","90","25","0"
"3459","1632","Bear Paw Earrings","","Bear Paw Earrings","0","35","25","0"
"3460-3","1633","Small Feather Earrings","","Small Feather Earrings","0","35","25","0"
"3461","1634","Flower Earrings","","Flower Earrings","1","75","30","0"
"3462","1635","Half Moon Earrings","","Half Moon Earrings","0","105","25","0"
"3463","1636","Half Moon Earrings","","Half Moon Earrings","0","105","25","0"
"3464","1637","Tear Drop Earrings","","Tear Drop Earrings","0","125","25","0"
"3465","1638","Rectangular Earrings","","Rectangular Earrings","0","125","25","0"
"3466","1639","Square Earrings","","Square Earrings","0","65","25","0"
"3467","1640","Round Earrings","","Round Earrings","0","50","25","0"
"3469","1641","Stud Earrings","","Stud Earrings","0","30","25","0"
"3468","1642","Bear Paw Earrings","","Bear Paw Earrings","0","50","25","0"
"3470","1643","Oval Earrings","","Oval Earrings","0","45","25","0"
"3473","1644","Oval Earrings","","Oval Earrings","1","90","35","0"
"3474","1645","Floral Earrings","","Floral Earrings","0","70","25","0"
"3475","1646","Stud Earrings","","Stud Earrings","3","28","25","0"
"3478","1647","Stud Earrings","","Stud Earrings","0","35","25","0"
"3476-65854","1648","Oval Earrings","","Oval Earrings","1","36","15.4","0"
"3477","1649","Turtle Earrings","","Turtle Earrings","0","45","25","0"
"9816-0408-86-981486BL","1663","Ladies Mukluks","6579","Shoe Size - 7","0","467","203.04","0"
"9816-0408-86-981486BL","1663","Ladies Mukluks","6581","Shoe Size - 9","0","467","203.04","0"
"9816-0408-86-981486BL","1663","Ladies Mukluks","6582","Shoe Size - 10","0","467","203.04","0"
"9816-0408-86-981486BL","1663","Ladies Mukluks","7637","Shoe Size - 4","0","467","203.04","0"
"9816-0408-86-981486BL","1663","Ladies Mukluks","7638","Shoe Size - 5","0","467","203.04","0"
"9816-0408-86-981486BL","1663","Ladies Mukluks","7639","Shoe Size - 6","2","467","203.04","0"
"9816-0408-86-981486BL","1663","Ladies Mukluks","7640","Shoe Size - 8","0","467","203.04","0"
"9816-0408-86-981486BL","1663","Ladies Mukluks","7641","Shoe Size - 11","0","467","203.04","0"
"9816-0408-86-981486BL","1663","Ladies Mukluks","7642","Shoe Size - 12","0","467","203.04","0"
"3479","1689","Stud Earrings","","Stud Earrings","0","75","25","0"
"3480","1690","Heart Earrings","","Heart Earrings","0","55","25","0"
"3481","1734","Feather Earrings","","Feather Earrings","1","50","20","0"
"3482","1735","Corn Earrings","","Corn Earrings","1","125","50","0"
"3483","1737","Oval Earrings","","Oval Earrings","0","125","25","0"
"3484","1739","Half Moon Earrings","","Half Moon Earrings","0","75","25","0"
"3485","1744","Half Moon Earrings","","Half Moon Earrings","0","75","25","0"
"3487-66233","1745","Stud Earrings","","Stud Earrings","0","25","8.33","0"
"3488","1746","Round Earrings","","Round Earrings","0","40","25","0"
"3489","1747","Tear Drop Earrings","","Tear Drop Earrings","0","165","25","0"
"3490","1748","Rectangular Earrings","","Rectangular Earrings","0","190","25","0"
"3491","1749","Diamond Shaped Earrings","","Diamond Shaped Earrings","0","190","25","0"
"3492","1750","Spiral Earrings","","Spiral Earrings","0","145","25","0"
"3493","1751","Oblong Earrings","","Oblong Earrings","0","35","25","0"
"3494","1752","Rabbit Earrings","","Rabbit Earrings","1","65","25","0"
"3495","1753","Rabbit Earrings","","Rabbit Earrings","0","65","25","0"
"3496","1754","Loop Earrings","","Loop Earrings","0","25","25","0"
"3497","1755","Round Earrings","","Round Earrings","0","70","25","0"
"3498","1756","Oval Earrings","","Oval Earrings","0","115","25","0"
"3500","1757","Round Earrings","","Round Earrings","0","60","25","0"
"3501","1758","Oval Earrings","","Oval Earrings","0","85","25","0"
"3504","1759","Oval Earrings","","Oval Earrings","0","75","25","0"
"3505","1760","Heart Earrings","","Heart Earrings","1","95","40","0"
"3506","1761","Oval Earrings","","Oval Earrings","0","65","25","0"
"3507","1762","Rectangular Earrings","","Rectangular Earrings","0","75","25","0"
"3508","1763","Rectangular Earrings","","Rectangular Earrings","0","75","25","0"
"3509","1764","Oval Earrings","","Oval Earrings","0","65","25","0"
"3510","1765","Spiral Earrings","","Spiral Earrings","0","95","25","0"
"3514","1771","Round Earrings","","Round Earrings","0","195","25","0"
"3515","1772","Round Earrings","","Round Earrings","0","175","25","0"
"3516","1773","Tear Drop Earrings","","Tear Drop Earrings","0","295","25","0"
"3542-66228","1774","Garnet Stud Earrings","","Garnet Stud Earrings","0","25","8.800000000000001","0"
"3543-66230","1775","Stud Earrings","","Stud Earrings","9","25","8.33","0"
"3544","1776","Stud Earrings","","Stud Earrings","0","30","25","0"
"3545-66229","1777","Stud Earrings","","Stud Earrings","1","25","8.33","0"
"3546","1778","Stud Earrings","","Stud Earrings","0","20","25","0"
"3547","1779","Stud Earrings","","Stud Earrings","0","20","25","0"
"3548-66230","1780","Stud Earrings","","Stud Earrings","0","25","8.33","0"
"3549","1781","Stud Earrings","","Stud Earrings","0","30","25","0"
"3550","1782","Stud Earrings","","Stud Earrings","0","20","25","0"
"3551","1783","Stud Earrings","","Stud Earrings","0","25","25","0"
"3552","1784","Stud Earrings","","Stud Earrings","0","30","25","0"
"3553","1785","Stud Earrings","","Stud Earrings","0","30","25","0"
"3554-64055","1786","Stud Earrings","","Stud Earrings","0","30","9.34","0"
"3558","1787","Stud Earrings","","Stud Earrings","0","30","25","0"
"3559","1788","Stud Earrings","","Stud Earrings","0","30","25","0"
"3560","1789","Stud Earrings","","Stud Earrings","0","30","25","0"
"3561","1791","Stud Earrings","","Stud Earrings","0","20","25","0"
"3562","1792","Stud Earrings","","Stud Earrings","0","20","25","0"
"3563","1794","Stud Earrings","","Stud Earrings","0","30","25","0"
"SKU: 00-07-410","2241","Bill Helin Hummingbird Pendant","","Bill Helin Hummingbird Pendant","1","82","35.5","0"
"SKU: 00-07-411","2242","Bill Helin Hummingbird Pendant","","Bill Helin Hummingbird Pendant","1","82","35.5","0"
"SKU: 00-07-413","2243","Bill Helin Salmon Pendant","","Bill Helin Salmon Pendant","0","82","35.5","0"
"SKU: 00-07-420","2244","Bill Helin Hummingbird Earrings","","Bill Helin Hummingbird Earrings","1","85","37","0"
"5000-0000-27-78DKTCK","2284","Ladies Suede Moccasins","6614","Shoe Size - 7","0","92","39.7","0"
"5000-0000-27-78DKTCK","2284","Ladies Suede Moccasins","6615","Shoe Size - 8","0","92","39.7","0"
"5000-0000-27-78DKTCK","2284","Ladies Suede Moccasins","6616","Shoe Size - 9","1","92","39.7","0"
"5000-0000-27-78DKTCK","2284","Ladies Suede Moccasins","6617","Shoe Size - 10","1","92","39.7","0"
"5000-0000-27-78DKTCK","2284","Ladies Suede Moccasins","6618","Shoe Size - 11","1","92","39.7","0"
"5000-0000-27-78DKTCK","2284","Ladies Suede Moccasins","7385","Shoe Size - 4","0","92","39.7","0"
"5000-0000-27-78DKTCK","2284","Ladies Suede Moccasins","7386","Shoe Size - 5","1","92","39.7","0"
"5000-0000-27-78DKTCK","2284","Ladies Suede Moccasins","7387","Shoe Size - 6","1","92","39.7","0"
"5000-0000-27-78DKTCK","2284","Ladies Suede Moccasins","7388","Shoe Size - 12","0","92","39.7","38"
"5060-0008-00IND-148IND","2286","Ladies Suede Moccasins","6623","Shoe Size - 8","0","67","29.1","0"
"5060-0008-00IND-148IND","2286","Ladies Suede Moccasins","7389","Shoe Size - 4","0","67","29.1","0"
"5060-0008-00IND-148IND","2286","Ladies Suede Moccasins","7390","Shoe Size - 5","0","67","29.1","0"
"5060-0008-00IND-148IND","2286","Ladies Suede Moccasins","7391","Shoe Size - 6","0","67","29.1","0"
"5060-0008-00IND-148IND","2286","Ladies Suede Moccasins","7392","Shoe Size - 7","0","67","29.1","0"
"5060-0008-00IND-148IND","2286","Ladies Suede Moccasins","7393","Shoe Size - 9","0","67","29.1","0"
"5060-0008-00IND-148IND","2286","Ladies Suede Moccasins","7394","Shoe Size - 10","0","67","29.1","0"
"5060-0008-00IND-148IND","2286","Ladies Suede Moccasins","7395","Shoe Size - 11","0","67","29.1","0"
"5060-0008-00IND-148IND","2286","Ladies Suede Moccasins","7396","Shoe Size - 12","0","67","29.1","0"
"5061-0000-00-198IND","2288","Ladies Suede Moccasins","6631","Shoe Size - 7","0","75","32.4","0"
"5061-0000-00-198IND","2288","Ladies Suede Moccasins","7397","Shoe Size - 4","0","75","32.4","0"
"5061-0000-00-198IND","2288","Ladies Suede Moccasins","7398","Shoe Size - 5","0","75","32.4","0"
"5061-0000-00-198IND","2288","Ladies Suede Moccasins","7399","Shoe Size - 6","0","75","32.4","0"
"5061-0000-00-198IND","2288","Ladies Suede Moccasins","7400","Shoe Size - 8","0","75","32.4","0"
"5061-0000-00-198IND","2288","Ladies Suede Moccasins","7401","Shoe Size - 9","0","75","32.4","0"
"5061-0000-00-198IND","2288","Ladies Suede Moccasins","7402","Shoe Size - 10","0","75","32.4","0"
"5061-0000-00-198IND","2288","Ladies Suede Moccasins","7403","Shoe Size - 11","0","75","32.4","0"
"5061-0000-00-198IND","2288","Ladies Suede Moccasins","7404","Shoe Size - 12","0","75","32.4","0"
"5000-0008-00-84IND","2290","Ladies Suede Moccasins","6644","Shoe Size - 11","0","64","27.7","0"
"5000-0008-00-84IND","2290","Ladies Suede Moccasins","7405","Shoe Size - 4","0","64","27.7","0"
"5000-0008-00-84IND","2290","Ladies Suede Moccasins","7406","Shoe Size - 5","0","64","27.7","0"
"5000-0008-00-84IND","2290","Ladies Suede Moccasins","7407","Shoe Size - 6","0","64","27.7","0"
"5000-0008-00-84IND","2290","Ladies Suede Moccasins","7408","Shoe Size - 7","0","64","27.7","0"
"5000-0008-00-84IND","2290","Ladies Suede Moccasins","7409","Shoe Size - 8","0","64","27.7","0"
"5000-0008-00-84IND","2290","Ladies Suede Moccasins","7410","Shoe Size - 9","0","64","27.7","0"
"5000-0008-00-84IND","2290","Ladies Suede Moccasins","7411","Shoe Size - 10","0","64","27.7","0"
"5000-0008-00-84IND","2290","Ladies Suede Moccasins","7412","Shoe Size - 12","0","64","27.7","0"
"5000-0008-00-84MO","2291","Ladies Suede Moccasins","6653","Shoe Size - 11","0","64","27.7","0"
"5000-0008-00-84MO","2291","Ladies Suede Moccasins","7413","Shoe Size - 4","0","64","27.7","0"
"5000-0008-00-84MO","2291","Ladies Suede Moccasins","7414","Shoe Size - 5","0","64","27.7","0"
"5000-0008-00-84MO","2291","Ladies Suede Moccasins","7415","Shoe Size - 6","0","64","27.7","0"
"5000-0008-00-84MO","2291","Ladies Suede Moccasins","7416","Shoe Size - 7","0","64","27.7","0"
"5000-0008-00-84MO","2291","Ladies Suede Moccasins","7417","Shoe Size - 8","0","64","27.7","0"
"5000-0008-00-84MO","2291","Ladies Suede Moccasins","7418","Shoe Size - 9","0","64","27.7","0"
"5000-0008-00-84MO","2291","Ladies Suede Moccasins","7419","Shoe Size - 12","0","64","27.7","0"
"5000-0008-00-84MO","2291","Ladies Suede Moccasins","7420","Shoe Size - 10","0","64","27.7","0"
"W13023-WNS0801NC0IB","2408","Kaplan Tank ""Wisdom Keepers""","6663","Size - S","1","129","60","0"
"W13023-WNS0801NC0IB","2408","Kaplan Tank ""Wisdom Keepers""","6664","Size - M","1","129","60","0"
"W13023-WNS0801NC0IB","2408","Kaplan Tank ""Wisdom Keepers""","6665","Size - L","0","129","60","0"
"W13023-WNS0801NC0IB","2408","Kaplan Tank ""Wisdom Keepers""","6666","Size - XL","0","129","60","0"
"W13023-WNS0801NC0IB","2408","Kaplan Tank ""Wisdom Keepers""","6667","Size - XS","1","129","60","0"
"3305-1008-26MUCR-KB88","2672","Ladies Suede Slippers","6681","Shoe Size - 6","0","136","59.1","0"
"3305-1008-26MUCR-KB88","2672","Ladies Suede Slippers","6684","Shoe Size - 9","0","136","59.1","0"
"3305-1008-26MUCR-KB88","2672","Ladies Suede Slippers","6685","Shoe Size - 10","0","136","59.1","0"
"3305-1008-26MUCR-KB88","2672","Ladies Suede Slippers","7421","Shoe Size - 4","0","136","59.1","0"
"3305-1008-26MUCR-KB88","2672","Ladies Suede Slippers","7422","Shoe Size - 5","0","136","59.1","0"
"3305-1008-26MUCR-KB88","2672","Ladies Suede Slippers","7423","Shoe Size - 7","0","136","59.1","0"
"3305-1008-26MUCR-KB88","2672","Ladies Suede Slippers","7424","Shoe Size - 8","0","136","59.1","0"
"3305-1008-26MUCR-KB88","2672","Ladies Suede Slippers","7425","Shoe Size - 11","0","136","59.1","0"
"3305-1008-26MUCR-KB88","2672","Ladies Suede Slippers","7426","Shoe Size - 12","0","136","59.1","0"
"6019-0308-41MODKT-9113MO","2686","Ladies Suede Moccasins","6692","Shoe Size - 9","1","157","68.3","0"
"6019-0308-41MODKT-9113MO","2686","Ladies Suede Moccasins","6694","Shoe Size - 11","0","157","68.3","0"
"6019-0308-41MODKT-9113MO","2686","Ladies Suede Moccasins","6697","Shoe Size - 6","0","157","68.3","0"
"6019-0308-41MODKT-9113MO","2686","Ladies Suede Moccasins","7427","Shoe Size - 4","1","157","68.3","0"
"6019-0308-41MODKT-9113MO","2686","Ladies Suede Moccasins","7428","Shoe Size - 5","1","157","68.3","0"
"6019-0308-41MODKT-9113MO","2686","Ladies Suede Moccasins","7429","Shoe Size - 7","0","157","68.3","0"
"6019-0308-41MODKT-9113MO","2686","Ladies Suede Moccasins","7430","Shoe Size - 8","3","157","68.3","0"
"6019-0308-41MODKT-9113MO","2686","Ladies Suede Moccasins","7431","Shoe Size - 10","2","157","68.3","0"
"6019-0308-41MODKT-9113MO","2686","Ladies Suede Moccasins","7432","Shoe Size - 12","0","157","68.3","0"
"6080-0408-41GR-600GR","2687","Ladies Suede Slippers","6698","Shoe Size - 5","0","115","46.9","0"
"6080-0408-41GR-600GR","2687","Ladies Suede Slippers","6699","Shoe Size - 6","0","115","46.9","0"
"6080-0408-41GR-600GR","2687","Ladies Suede Slippers","6700","Shoe Size - 7","0","115","46.9","0"
"6080-0408-41GR-600GR","2687","Ladies Suede Slippers","6701","Shoe Size - 8","0","115","46.9","0"
"6080-0408-41GR-600GR","2687","Ladies Suede Slippers","6702","Shoe Size - 9","0","115","46.9","0"
"6080-0408-41GR-600GR","2687","Ladies Suede Slippers","6703","Shoe Size - 10","0","115","46.9","0"
"6080-0408-41GR-600GR","2687","Ladies Suede Slippers","6704","Shoe Size - 11","0","115","46.9","0"
"6080-0408-41GR-600GR","2687","Ladies Suede Slippers","6705","Shoe Size - 12","0","115","46.9","0"
"6080-0408-41GR-600GR","2687","Ladies Suede Slippers","6706","Shoe Size - 4","0","115","46.9","0"
"110","2693","Leather Moccasins for Babies","6712","Shoe Size - 3","0","54","23.5","0"
"110","2693","Leather Moccasins for Babies","6713","Shoe Size - 4","0","54","23.5","0"
"110","2693","Leather Moccasins for Babies","6714","Shoe Size - 5","0","54","23.5","0"
"110","2693","Leather Moccasins for Babies","7433","Shoe Size - 1","0","54","23.5","0"
"110","2693","Leather Moccasins for Babies","7434","Shoe Size - 2","0","54","23.5","0"
"110","2693","Leather Moccasins for Babies","7435","Shoe Size - 6","0","54","23.5","0"
"7142","2752","Suede Mules for Men","7528","Size - S","0","140","61","0"
"7142","2752","Suede Mules for Men","7529","Size - M","0","140","61","0"
"7142","2752","Suede Mules for Men","7530","Size - L","0","140","61","0"
"7142","2752","Suede Mules for Men","7531","Size - XL","0","140","61","0"
"7142","2753","Ladies Suede Mules","6822","Shoe Size - S","0","134","58","0"
"7142","2753","Ladies Suede Mules","6823","Shoe Size - M","0","134","58","0"
"7142","2753","Ladies Suede Mules","6824","Shoe Size - L","0","134","58","0"
"7142","2753","Ladies Suede Mules","7436","Shoe Size - XL","0","134","58","0"
"A10004-UAC0701NC01","2773","""Merging Earth and Sky"" Mask","6743","Size - XS","1","18","15.94","0"
"A10004-UAC0701NC01","2773","""Merging Earth and Sky"" Mask","6744","Size - S","5","18","15.94","0"
"A10004-UAC0701NC01","2773","""Merging Earth and Sky"" Mask","6745","Size - L","9","18","15.94","0"
"A10004-UAC0701NC01","2773","""Merging Earth and Sky"" Mask","6746","Size - XL","14","18","15.94","0"
"A10004-UAC0701NC01","2773","""Merging Earth and Sky"" Mask","6747","Size - M","9","18","15.94","0"
"A17063-UAC0701NC02","2791","""Depth"" Mask","6748","Size - XS","1","18","15.14","0"
"A17063-UAC0701NC02","2791","""Depth"" Mask","6749","Size - S","2","18","15.14","0"
"A17063-UAC0701NC02","2791","""Depth"" Mask","6750","Size - L","1","18","15.14","0"
"A17063-UAC0701NC02","2791","""Depth"" Mask","6751","Size - XL","11","18","15.14","0"
"A17063-UAC0701NC02","2791","""Depth"" Mask","6752","Size - M","9","18","15.14","0"
"A17064-UAC0701NC03","2792","""M'Otter Love"" Mask","6753","Size - XS","2","18","15.94","0"
"A17064-UAC0701NC03","2792","""M'Otter Love"" Mask","6754","Size - S","0","18","15.94","0"
"A17064-UAC0701NC03","2792","""M'Otter Love"" Mask","6755","Size - L","15","18","15.94","0"
"A17064-UAC0701NC03","2792","""M'Otter Love"" Mask","6756","Size - XL","12","18","15.94","0"
"A17064-UAC0701NC03","2792","""M'Otter Love"" Mask","6757","Size - M","7","18","15.94","0"
"A16058-UAC0701NC04","2793","""Silent Seekers"" Mask","6758","Size - XS","0","18","15.94","0"
"A16058-UAC0701NC04","2793","""Silent Seekers"" Mask","6759","Size - S","2","18","15.94","0"
"A16058-UAC0701NC04","2793","""Silent Seekers"" Mask","6760","Size - L","12","18","15.94","0"
"A16058-UAC0701NC04","2793","""Silent Seekers"" Mask","6761","Size - XL","7","18","15.94","0"
"A16058-UAC0701NC04","2793","""Silent Seekers"" Mask","6762","Size - M","23","18","15.94","0"
"A16051-UAC0701NC05","2794","""Northern Keepers"" Mask","6763","Size - XS","0","18","15.94","0"
"A16051-UAC0701NC05","2794","""Northern Keepers"" Mask","6764","Size - S","1","18","15.94","0"
"A16051-UAC0701NC05","2794","""Northern Keepers"" Mask","6765","Size - L","3","18","15.94","0"
"A16051-UAC0701NC05","2794","""Northern Keepers"" Mask","6766","Size - XL","4","18","15.94","0"
"A16051-UAC0701NC05","2794","""Northern Keepers"" Mask","6767","Size - M","6","18","15.94","0"
"A10044-UAC0701NC07","2795","""Going Home"" Mask","6768","Size - XS","2","18","15.94","0"
"A10044-UAC0701NC07","2795","""Going Home"" Mask","6769","Size - S","4","18","15.94","0"
"A10044-UAC0701NC07","2795","""Going Home"" Mask","6770","Size - L","0","18","15.94","0"
"A10044-UAC0701NC07","2795","""Going Home"" Mask","6771","Size - XL","16","18","15.94","0"
"A10044-UAC0701NC07","2795","""Going Home"" Mask","6772","Size - M","16","18","15.94","0"
"A01028-UAC0701NC08","2796","""Giving Thanks"" Mask","6773","Size - XS","0","18","15.94","0"
"A01028-UAC0701NC08","2796","""Giving Thanks"" Mask","6774","Size - S","0","18","15.94","0"
"A01028-UAC0701NC08","2796","""Giving Thanks"" Mask","6775","Size - L","0","18","15.94","0"
"A01028-UAC0701NC08","2796","""Giving Thanks"" Mask","6776","Size - XL","26","18","15.94","0"
"A01028-UAC0701NC08","2796","""Giving Thanks"" Mask","6777","Size - M","9","18","15.94","0"
"W13023-UAC0701NC09","2798","""Water and Spirit Buffalo"" Mask","6778","Size - XS","2","18","15.94","0"
"W13023-UAC0701NC09","2798","""Water and Spirit Buffalo"" Mask","6779","Size - S","0","18","15.94","0"
"W13023-UAC0701NC09","2798","""Water and Spirit Buffalo"" Mask","6780","Size - L","5","18","15.94","0"
"W13023-UAC0701NC09","2798","""Water and Spirit Buffalo"" Mask","6781","Size - XL","22","18","15.94","0"
"W13023-UAC0701NC09","2798","""Water and Spirit Buffalo"" Mask","6782","Size - M","24","18","15.94","0"
"A17065-UAC0701NC0C","2799","""Forest Temple"" Mask","6783","Size - XS","0","18","15.94","0"
"A17065-UAC0701NC0C","2799","""Forest Temple"" Mask","6784","Size - S","4","18","15.94","0"
"A17065-UAC0701NC0C","2799","""Forest Temple"" Mask","6785","Size - L","9","18","15.94","0"
"A17065-UAC0701NC0C","2799","""Forest Temple"" Mask","6786","Size - XL","5","18","15.94","0"
"A17065-UAC0701NC0C","2799","""Forest Temple"" Mask","6787","Size - M","11","18","15.94","0"
"W12018-UAC0701NC0D","2800","""Early Evening Flowing into Fall"" Mask","6788","Size - XS","0","18","15.94","0"
"W12018-UAC0701NC0D","2800","""Early Evening Flowing into Fall"" Mask","6789","Size - S","4","18","15.94","0"
"W12018-UAC0701NC0D","2800","""Early Evening Flowing into Fall"" Mask","6790","Size - L","0","18","15.94","0"
"W12018-UAC0701NC0D","2800","""Early Evening Flowing into Fall"" Mask","6791","Size - XL","8","18","15.94","0"
"W12018-UAC0701NC0D","2800","""Early Evening Flowing into Fall"" Mask","6792","Size - M","6","18","15.94","0"
"A08013-UAC0701NC0F","2801","""New Day"" Mask","6793","Size - XS","4","18","15.94","0"
"A08013-UAC0701NC0F","2801","""New Day"" Mask","6794","Size - S","3","18","15.94","0"
"A08013-UAC0701NC0F","2801","""New Day"" Mask","6795","Size - L","8","18","15.94","0"
"A08013-UAC0701NC0F","2801","""New Day"" Mask","6796","Size - XL","11","18","15.94","0"
"A08013-UAC0701NC0F","2801","""New Day"" Mask","6797","Size - M","4","18","15.94","0"
"A16059-UAC0701NC0I","2802","""Wisdom Keepers"" Mask","6798","Size - XS","0","18","15.94","0"
"A16059-UAC0701NC0I","2802","""Wisdom Keepers"" Mask","6799","Size - S","3","18","15.94","0"
"A16059-UAC0701NC0I","2802","""Wisdom Keepers"" Mask","6800","Size - L","8","18","15.94","0"
"A16059-UAC0701NC0I","2802","""Wisdom Keepers"" Mask","6801","Size - XL","13","18","15.94","0"
"A16059-UAC0701NC0I","2802","""Wisdom Keepers"" Mask","6802","Size - M","12","18","15.94","0"
"5100-0400-27-7709MO","2896","Ladies Suede Moccasins","6819","Shoe Size - 10","0","97","42","0"
"5100-0400-27-7709MO","2896","Ladies Suede Moccasins","7437","Shoe Size - 4","0","97","42","0"
"5100-0400-27-7709MO","2896","Ladies Suede Moccasins","7438","Shoe Size - 5","0","97","42","0"
"5100-0400-27-7709MO","2896","Ladies Suede Moccasins","7439","Shoe Size - 12","0","97","42","0"
"5100-0400-27-7709MO","2896","Ladies Suede Moccasins","7440","Shoe Size - 6","1","97","42","0"
"5100-0400-27-7709MO","2896","Ladies Suede Moccasins","7441","Shoe Size - 7","0","97","42","0"
"5100-0400-27-7709MO","2896","Ladies Suede Moccasins","7442","Shoe Size - 8","0","97","42","0"
"5100-0400-27-7709MO","2896","Ladies Suede Moccasins","7443","Shoe Size - 9","0","97","42","0"
"5100-0400-27-7709MO","2896","Ladies Suede Moccasins","7444","Shoe Size - 11","0","97","42","0"
"A13041-UAC0701NC0EA","2904","""Lapinx"" Mask","6830","Size - XS","0","18","15.94","0"
"A13041-UAC0701NC0EA","2904","""Lapinx"" Mask","6831","Size - S","2","18","15.94","0"
"A13041-UAC0701NC0EA","2904","""Lapinx"" Mask","6832","Size - L","11","18","15.94","0"
"A13041-UAC0701NC0EA","2904","""Lapinx"" Mask","6833","Size - XL","6","18","15.94","0"
"A13041-UAC0701NC0EA","2904","""Lapinx"" Mask","6834","Size - M","10","18","15.94","0"
"A07020-UAC0701NC0AA","2905","""Journey to the Spirit World"" Mask","6835","Size - XS","0","18","15.94","0"
"A07020-UAC0701NC0AA","2905","""Journey to the Spirit World"" Mask","6836","Size - S","0","18","15.94","0"
"A07020-UAC0701NC0AA","2905","""Journey to the Spirit World"" Mask","6837","Size - L","5","18","15.94","0"
"A07020-UAC0701NC0AA","2905","""Journey to the Spirit World"" Mask","6838","Size - XL","5","18","15.94","0"
"A07020-UAC0701NC0AA","2905","""Journey to the Spirit World"" Mask","6839","Size - M","1","18","15.94","0"
"W17062-UAC0701NC0GA","2907","""Horizon"" Mask","6840","Size - XS","0","18","15.94","0"
"W17062-UAC0701NC0GA","2907","""Horizon"" Mask","6841","Size - S","0","18","15.94","0"
"W17062-UAC0701NC0GA","2907","""Horizon"" Mask","6842","Size - L","0","18","15.94","0"
"W17062-UAC0701NC0GA","2907","""Horizon"" Mask","6843","Size - XL","6","18","15.94","0"
"W17062-UAC0701NC0GA","2907","""Horizon"" Mask","6844","Size - M","7","18","15.94","0"
"A08011-UAC0701NC0HA","2908","""Whisper"" Mask","6845","Size - XS","0","18","15.94","0"
"A08011-UAC0701NC0HA","2908","""Whisper"" Mask","6846","Size - S","4","18","15.94","0"
"A08011-UAC0701NC0HA","2908","""Whisper"" Mask","6847","Size - L","2","18","15.94","0"
"A08011-UAC0701NC0HA","2908","""Whisper"" Mask","6848","Size - XL","26","18","15.94","0"
"A08011-UAC0701NC0HA","2908","""Whisper"" Mask","6849","Size - M","2","18","15.94","0"
"A17064-WDR4101NC03A","2910","Michelle II Dress ""M'Otter Love""","6855","Size - S","1","159","67.5","0"
"A17064-WDR4101NC03A","2910","Michelle II Dress ""M'Otter Love""","6856","Size - M","1","159","67.5","0"
"A17064-WDR4101NC03A","2910","Michelle II Dress ""M'Otter Love""","6857","Size - L","1","159","67.5","0"
"A17064-WDR4101NC03A","2910","Michelle II Dress ""M'Otter Love""","6858","Size - XL","1","159","67.5","0"
"A17064-WDR4101NC03A","2910","Michelle II Dress ""M'Otter Love""","6859","Size - XS","1","159","67.5","0"
"Omega3","2985","Omega 3","","Omega 3","0","35","17.5","0"
"SKU: 54-54-336","2986","Moccasins Raven","6860","Shoe Size - 24 months","2","92","40","0"
"SKU: 54-54-336","2986","Moccasins Raven","6861","Shoe Size - 36 months","1","92","40","0"
"SKU: 54-54-336","2986","Moccasins Raven","6862","Shoe Size - 18 months","2","92","40","0"
"SKU: 00-07-416","2987","Bill Helin Eagle Pendant","","Bill Helin Eagle Pendant","2","82","25","0"
"SKU: 00-07-421","2988","Bill Helin Lovebird Earrings","","Bill Helin Lovebird Earrings","2","85","37","0"
"A10004-WSK0401NC01B","3055","Alex Skirt ""Merging Earth and Sky""","6863","Size - S","0","149","64","0"
"A10004-WSK0401NC01B","3055","Alex Skirt ""Merging Earth and Sky""","6864","Size - M","0","149","64","0"
"A10004-WSK0401NC01B","3055","Alex Skirt ""Merging Earth and Sky""","6865","Size - L","0","149","64","0"
"A10004-WSK0401NC01B","3055","Alex Skirt ""Merging Earth and Sky""","6866","Size - XL","0","149","64","0"
"A10004-WSK0401NC01B","3055","Alex Skirt ""Merging Earth and Sky""","6867","Size - XS","0","149","64","0"
"3517","3061","Spider Earrings","","Spider Earrings","0","85","35","0"
"3518","3080","Feather Earrings","","Feather Earrings","0","350","150","0"
"3519","3081","Butterfly Earrings","","Butterfly Earrings","1","75","30","0"
"3520","3084","Horse Earrings","","Horse Earrings","0","85","0","0"
"3521","3085","Kokopelli Earrings","","Kokopelli Earrings","0","95","0","0"
"3522","3086","Buffalo Earrings","","Buffalo Earrings","0","95","0","0"
"3523","3087","Turtle Earrings","","Turtle Earrings","0","90","0","0"
"3524","3088","Medicine Wheel Earrings","","Medicine Wheel Earrings","0","95","0","0"
"3525","3089","Medicine Wheel Earrings","","Medicine Wheel Earrings","0","95","0","0"
"3528","3090","Round Earrings","","Round Earrings","0","65","0","0"
"3529","3091","Dream Catcher Earrings","","Dream Catcher Earrings","0","50","0","0"
"3530","3092","Dream Catcher Earrings","","Dream Catcher Earrings","0","60","0","0"
"3531","3093","Dream Catcher Earrings","","Dream Catcher Earrings","0","50","0","0"
"3532","3094","Beaded Earrings","","Beaded Earrings","1","70","30","0"
"3533","3096","Hexagon Earrings","","Hexagon Earrings","0","75","0","0"
"3534","3101","Hexagon Earrings","","Hexagon Earrings","0","75","0","0"
"3535","3102","Bear Paws/Feather Earrings","","Bear Paws/Feather Earrings","0","60","0","0"
"3536","3103","Floral Earrings","","Floral Earrings","0","75","0","0"
"3538","3104","Floral Earrings","","Floral Earrings","0","85","0","0"
"3539","3106","Clip-on Rectangular Earrings","","Clip-on Rectangular Earrings","0","85","0","0"
"3541","3112","Clip-on Bear Paw Earrings","","Clip-on Bear Paw Earrings","1","45","18","0"
"3540","3113","Clip-on Floral Earrings","","Clip-on Floral Earrings","1","220","95","0"
"3593","3114","Oval Earrings","","Oval Earrings","0","70","0","0"
"3594","3115","Oval Earrings","","Oval Earrings","1","70","30","0"
"3595","3116","Oval Earrings","","Oval Earrings","0","70","0","0"
"3596","3117","Oval Earrings","","Oval Earrings","0","70","0","0"
"3597-64363","3118","Stud Earrings","","Stud Earrings","0","28","11.55","0"
"3598","3119","Stud Earrings","","Stud Earrings","0","80","0","0"
"3599","3121","Stud Earrings","","Stud Earrings","0","80","0","0"
"3600","3122","Stud Earrings","","Stud Earrings","0","80","0","0"
"3601","3125","Stud Earrings","","Stud Earrings","0","80","0","0"
"3602","3126","Stud Earrings","","Stud Earrings","0","80","0","0"
"3603","3127","Stud Earrings","","Stud Earrings","0","80","0","0"
"3604","3128","Stud Earrings","","Stud Earrings","0","80","0","0"
"3605","3129","Stud Earrings","","Stud Earrings","0","80","0","0"
"3615","3130","Beaded Earrings","","Beaded Earrings","0","55","0","0"
"3616","3133","Beaded Earrings","","Beaded Earrings","1","85","35","0"
"186/8","3162","Leather Moccasins for Men","6870","Shoe Size - 12","0","103","55","0"
"186/8","3162","Leather Moccasins for Men","6872","Shoe Size - 10","0","103","55","0"
"186/8","3162","Leather Moccasins for Men","7445","Shoe Size - 6","0","103","55","0"
"186/8","3162","Leather Moccasins for Men","7446","Shoe Size - 7","0","103","55","0"
"186/8","3162","Leather Moccasins for Men","7447","Shoe Size - 8","1","103","55","0"
"186/8","3162","Leather Moccasins for Men","7448","Shoe Size - 9","2","103","55","0"
"186/8","3162","Leather Moccasins for Men","7449","Shoe Size - 11","0","103","55","0"
"186/8","3162","Leather Moccasins for Men","7450","Shoe Size - 13","1","103","55","0"
"186/8","3162","Leather Moccasins for Men","7451","Shoe Size - 14","0","113","55","0"
"186/8","3162","Leather Moccasins for Men","7452","Shoe Size - 15","0","113","55","0"
"5508-0408-85-552485MO","3200","Ladies Mukluks","6888","Shoe Size - 7","0","252","108.9","0"
"5508-0408-85-552485MO","3200","Ladies Mukluks","6889","Shoe Size - 8","0","252","108.9","0"
"5508-0408-85-552485MO","3200","Ladies Mukluks","6890","Shoe Size - 9","0","252","108.9","0"
"5508-0408-85-552485MO","3200","Ladies Mukluks","6891","Shoe Size - 10","0","252","108.9","0"
"5508-0408-85-552485MO","3200","Ladies Mukluks","7643","Shoe Size - 4","0","252","108.9","0"
"5508-0408-85-552485MO","3200","Ladies Mukluks","7644","Shoe Size - 5","0","252","108.9","0"
"5508-0408-85-552485MO","3200","Ladies Mukluks","7645","Shoe Size - 6","0","252","108.9","0"
"5508-0408-85-552485MO","3200","Ladies Mukluks","7646","Shoe Size - 11","0","252","108.9","0"
"5508-0408-85-552485MO","3200","Ladies Mukluks","7647","Shoe Size - 12","0","252","108.9","0"
"9813-0408-85-986485GC","3202","Ladies Mukluks","6897","Shoe Size - 7","0","485","210","0"
"9813-0408-85-986485GC","3202","Ladies Mukluks","6898","Shoe Size - 8","0","485","210","0"
"9813-0408-85-986485GC","3202","Ladies Mukluks","6899","Shoe Size - 9","0","485","210","0"
"9813-0408-85-986485GC","3202","Ladies Mukluks","7509","Shoe Size - 5","0","485","210","0"
"9813-0408-85-986485GC","3202","Ladies Mukluks","7510","Shoe Size - 6","0","485","210","0"
"9813-0408-85-986485GC","3202","Ladies Mukluks","7511","Shoe Size - 10","0","485","210","0"
"9813-0408-85-986485GC","3202","Ladies Mukluks","7512","Shoe Size - 11","0","485","210","0"
"9813-0408-85-986485GC","3202","Ladies Mukluks","7513","Shoe Size - 12","0","485","210","0"
"6080-0408-41-600AQRB","3275","Ladies Suede Slippers","6908","Shoe Size - 5","0","115","46.9","0"
"6080-0408-41-600AQRB","3275","Ladies Suede Slippers","7453","Shoe Size - 4","0","115","46.9","0"
"6080-0408-41-600AQRB","3275","Ladies Suede Slippers","7454","Shoe Size - 6","0","115","46.9","0"
"6080-0408-41-600AQRB","3275","Ladies Suede Slippers","7455","Shoe Size - 7","0","115","46.9","0"
"6080-0408-41-600AQRB","3275","Ladies Suede Slippers","7456","Shoe Size - 12","0","115","46.9","0"
"6080-0408-41-600AQRB","3275","Ladies Suede Slippers","7457","Shoe Size - 8","0","115","46.9","0"
"6080-0408-41-600AQRB","3275","Ladies Suede Slippers","7458","Shoe Size - 10","0","115","46.9","0"
"6080-0408-41-600AQRB","3275","Ladies Suede Slippers","7459","Shoe Size - 9","0","115","46.9","0"
"6080-0408-41-600AQRB","3275","Ladies Suede Slippers","7460","Shoe Size - 11","0","115","46.9","0"
"1300-0000-13-137372GR","3276","Ladies Concho","6917","Shoe Size - 4","1","128","55.5","0"
"1300-0000-13-137372GR","3276","Ladies Concho","6918","Shoe Size - 5","0","128","55.5","0"
"1300-0000-13-137372GR","3276","Ladies Concho","6919","Shoe Size - 6","1","128","55.5","0"
"1300-0000-13-137372GR","3276","Ladies Concho","6920","Shoe Size - 8","1","128","55.5","0"
"1300-0000-13-137372GR","3276","Ladies Concho","6921","Shoe Size - 9","0","128","55.5","0"
"1300-0000-13-137372GR","3276","Ladies Concho","6922","Shoe Size - 10","0","128","55.5","0"
"1300-0000-13-137372GR","3276","Ladies Concho","6923","Shoe Size - 11","0","128","55.5","0"
"1300-0000-13-137372GR","3276","Ladies Concho","6924","Shoe Size - 12","0","128","55.5","0"
"1300-0000-13-137372GR","3276","Ladies Concho","6925","Shoe Size - 7","0","128","55.5","0"
"3700-0000-41-137597NA","3277","Ladies Concho","6927","Shoe Size - 6","0","175","75.7","0"
"3700-0000-41-137597NA","3277","Ladies Concho","6930","Shoe Size - 9","0","175","75.7","0"
"3700-0000-41-137597NA","3277","Ladies Concho","7461","Shoe Size - 4","0","175","75.7","0"
"3700-0000-41-137597NA","3277","Ladies Concho","7462","Shoe Size - 5","0","175","75.7","0"
"3700-0000-41-137597NA","3277","Ladies Concho","7463","Shoe Size - 7","0","175","75.7","0"
"3700-0000-41-137597NA","3277","Ladies Concho","7464","Shoe Size - 8","0","175","75.7","0"
"3700-0000-41-137597NA","3277","Ladies Concho","7465","Shoe Size - 10","0","175","75.7","0"
"3700-0000-41-137597NA","3277","Ladies Concho","7466","Shoe Size - 11","0","175","75.7","0"
"3700-0000-41-137597NA","3277","Ladies Concho","7467","Shoe Size - 12","0","175","75.7","0"
"1120","3281","Leather Moccasins for Children","6939","Shoe Size - 3","0","58","25","0"
"1120","3281","Leather Moccasins for Children","6940","Shoe Size - 4","0","58","25","0"
"1120","3281","Leather Moccasins for Children","6941","Shoe Size - 5","0","58","25","0"
"1120","3281","Leather Moccasins for Children","6942","Shoe Size - 6","0","58","25","0"
"5100-0400-41-31074CK","3288","Leather Moccasins for Men","6973","Shoe Size - 6","0","116","50.4","0"
"5100-0400-41-31074CK","3288","Leather Moccasins for Men","6974","Shoe Size - 7","0","116","50.4","0"
"5100-0400-41-31074CK","3288","Leather Moccasins for Men","6975","Shoe Size - 8","0","116","50.4","0"
"5100-0400-41-31074CK","3288","Leather Moccasins for Men","6976","Shoe Size - 9","0","116","50.4","0"
"5100-0400-41-31074CK","3288","Leather Moccasins for Men","6977","Shoe Size - 10","0","116","50.4","0"
"5100-0400-41-31074CK","3288","Leather Moccasins for Men","6978","Shoe Size - 11","0","116","50.4","0"
"5100-0400-41-31074CK","3288","Leather Moccasins for Men","6979","Shoe Size - 12","1","116","50.4","0"
"5100-0400-41-31074CK","3288","Leather Moccasins for Men","6980","Shoe Size - 13","0","116","50.4","0"
"5100-0400-41-31074CK","3288","Leather Moccasins for Men","6981","Shoe Size - 14","0","116","50.4","0"
"5100-0400-41-31074CK","3288","Leather Moccasins for Men","6982","Shoe Size - 15","0","116","50.4","0"
"6080-0408-41CAP-600CAP","3332","Ladies Suede Slippers","6985","Shoe Size - 7","1","115","46.9","0"
"6080-0408-41CAP-600CAP","3332","Ladies Suede Slippers","7470","Shoe Size - 4","0","115","46.9","0"
"6080-0408-41CAP-600CAP","3332","Ladies Suede Slippers","7471","Shoe Size - 5","0","115","46.9","0"
"6080-0408-41CAP-600CAP","3332","Ladies Suede Slippers","7472","Shoe Size - 6","0","115","46.9","0"
"6080-0408-41CAP-600CAP","3332","Ladies Suede Slippers","7473","Shoe Size - 8","0","115","46.9","0"
"6080-0408-41CAP-600CAP","3332","Ladies Suede Slippers","7474","Shoe Size - 9","1","115","46.9","0"
"6080-0408-41CAP-600CAP","3332","Ladies Suede Slippers","7475","Shoe Size - 10","0","115","46.9","0"
"6080-0408-41CAP-600CAP","3332","Ladies Suede Slippers","7476","Shoe Size - 11","0","115","46.9","0"
"6080-0408-41CAP-600CAP","3332","Ladies Suede Slippers","7477","Shoe Size - 12","0","115","46.9","0"
"A10004-UAC1801NC01C","3333","Pablo Pillow ""Merging Earth and Sky""","","Pablo Pillow ""Merging Earth and Sky""","1","59","21","0"
"GCDC35","3373","Dream Catcher ""Change""","","Dream Catcher ""Change""","3","14","6","0"
"SF3","3378","Smudging Feather","","Smudging Feather","6","13.95","5.75","0"
"SF4","3381","Smudging Feather ""Nee Chee""","","Smudging Feather ""Nee Chee""","7","16.95","7.25","0"
"TS21","3382","Talking Stick - Mini","","Talking Stick - Mini","1","18.95","8.210000000000001","0"
"6006-1008-26-KB26118MU","3437","Ladies Suede Slippers","6996","Shoe Size - 9","0","166","69","0"
"6006-1008-26-KB26118MU","3437","Ladies Suede Slippers","7478","Shoe Size - 4","1","166","69","0"
"6006-1008-26-KB26118MU","3437","Ladies Suede Slippers","7479","Shoe Size - 5","1","166","69","0"
"6006-1008-26-KB26118MU","3437","Ladies Suede Slippers","7480","Shoe Size - 6","1","166","69","0"
"6006-1008-26-KB26118MU","3437","Ladies Suede Slippers","7481","Shoe Size - 7","1","166","69","0"
"6006-1008-26-KB26118MU","3437","Ladies Suede Slippers","7482","Shoe Size - 8","0","166","69","0"
"6006-1008-26-KB26118MU","3437","Ladies Suede Slippers","7483","Shoe Size - 10","0","166","69","0"
"6006-1008-26-KB26118MU","3437","Ladies Suede Slippers","7484","Shoe Size - 11","0","166","69","0"
"6006-1008-26-KB26118MU","3437","Ladies Suede Slippers","7485","Shoe Size - 12","0","166","69","0"
"SKU: 45-45-213","3553","Mark Garfield Raven Trivet or Coasters","","Mark Garfield Raven Trivet or Coasters","0","14.95","5.25","0"
"B442","3554","Leather Moccasins for Men","7008","Shoe Size - 10","0","192","40","0"
"B442","3554","Leather Moccasins for Men","7009","Shoe Size - 11","0","192","40","0"
"B442","3554","Leather Moccasins for Men","7010","Shoe Size - 12","1","192","40","0"
"B442","3554","Leather Moccasins for Men","7011","Shoe Size - 13","1","192","40","0"
"B442","3554","Leather Moccasins for Men","7014","Shoe Size - 9","0","192","40","0"
"B442","3554","Leather Moccasins for Men","7486","Shoe Size - 6","0","192","40","0"
"B442","3554","Leather Moccasins for Men","7487","Shoe Size - 7","0","192","40","0"
"B442","3554","Leather Moccasins for Men","7488","Shoe Size - 8","1","192","40","0"
"B442","3554","Leather Moccasins for Men","7489","Shoe Size - 14","0","192","40","0"
"B442","3554","Leather Moccasins for Men","7490","Shoe Size - 15","0","192","40","0"
"771","3556","Ladies Suede Slippers","7016","Shoe Size - 6","1","200","87","0"
"771","3556","Ladies Suede Slippers","7017","Shoe Size - 7","0","200","87","0"
"771","3556","Ladies Suede Slippers","7018","Shoe Size - 8","0","200","87","0"
"771","3556","Ladies Suede Slippers","7019","Shoe Size - 9","0","200","87","0"
"771","3556","Ladies Suede Slippers","7020","Shoe Size - 10","0","200","87","0"
"771","3556","Ladies Suede Slippers","7491","Shoe Size - 4","1","200","87","0"
"771","3556","Ladies Suede Slippers","7492","Shoe Size - 5","0","200","87","0"
"SKU: 53-53-587x2","3557","Bill Helin Chilkat Trivet or Coasters","","Bill Helin Chilkat Trivet or Coasters","0","14","6.3","0"
"SKU: 45-45-215x2","3558","Mark Garfield Raven Trivet or Coasters","","Mark Garfield Raven Trivet or Coasters","0","14.95","5.25","0"
"698","3756","Suede Moccasins for Children","7493","Shoe Size - 10","0","74","32.15","0"
"698","3756","Suede Moccasins for Children","7494","Shoe Size - 8","1","74","32.15","0"
"698","3756","Suede Moccasins for Children","7495","Shoe Size - 9","0","74","32.15","0"
"698","3756","Suede Moccasins for Children","7496","Shoe Size - 7","1","74","32.15","0"
"698","3756","Suede Moccasins for Children","7497","Shoe Size - 3","2","74","32.15","0"
"698","3756","Suede Moccasins for Children","7498","Shoe Size - 4","0","74","32.15","0"
"698","3756","Suede Moccasins for Children","7499","Shoe Size - 5","1","74","32.15","0"
"698","3756","Suede Moccasins for Children","7500","Shoe Size - 6","0","74","32.15","0"
"150GRY","3840","Ballerina Slippers","7501","Shoe Size - 10","2","115","57.75","0"
"150GRY","3840","Ballerina Slippers","7502","Shoe Size - 6","1","115","57.75","0"
"150GRY","3840","Ballerina Slippers","7503","Shoe Size - 7","4","115","57.75","0"
"150GRY","3840","Ballerina Slippers","7504","Shoe Size - 8","1","115","57.75","0"
"150GRY","3840","Ballerina Slippers","7505","Shoe Size - 9","2","115","57.75","0"
"150GRY","3840","Ballerina Slippers","7506","Shoe Size - 5","2","115","57.75","0"
"150GRY","3840","Ballerina Slippers","9592","Shoe Size - 11","0","115","57.75","0"
"150GRY","3840","Ballerina Slippers","9593","Shoe Size - 12","0","115","57.75","0"
"Palo Santo","3853","Palo Santo","","Palo Santo","1","16","6.95","0"
"6481727CHO","3879","Ladies Conchos","7514","Shoe Size - 5","0","104","44.9","0"
"6481727CHO","3879","Ladies Conchos","7515","Shoe Size - 6","0","104","44.9","0"
"6481727CHO","3879","Ladies Conchos","7516","Shoe Size - 4","0","104","44.9","0"
"6481727CHO","3879","Ladies Conchos","7517","Shoe Size - 7","0","104","44.9","0"
"6481727CHO","3879","Ladies Conchos","7518","Shoe Size - 8","0","104","44.9","0"
"6481727CHO","3879","Ladies Conchos","7519","Shoe Size - 9","0","104","44.9","0"
"6481727CHO","3879","Ladies Conchos","7520","Shoe Size - 11","0","104","44.9","0"
"6481727CHO","3879","Ladies Conchos","7521","Shoe Size - 10","0","104","44.9","0"
"6481727CHO","3879","Ladies Conchos","7522","Shoe Size - 12","0","104","44.9","0"
"63-63-bearbell","3956","Bear Bell","","Bear Bell","1","16.45","7","0"
"SKU: 00-07-409","4048","Bill Helin Raven Pendant","","Bill Helin Raven Pendant","0","82","35.5","0"
"SKU: 00-07-428","4049","Bill Helin Raven Sunlight Earrings","","Bill Helin Raven Sunlight Earrings","0","85","37","0"
"A16058-MSS0701NC04A","4056","Salvadore Tee for Men ""Silent Seekers""","7535","Size - S","1","89","36","0"
"A16058-MSS0701NC04A","4056","Salvadore Tee for Men ""Silent Seekers""","7536","Size - M","1","89","36","0"
"A16058-MSS0701NC04A","4056","Salvadore Tee for Men ""Silent Seekers""","7537","Size - L","1","89","36","0"
"A16058-MSS0701NC04A","4056","Salvadore Tee for Men ""Silent Seekers""","7538","Size - XL","1","89","36","0"
"A16058-MSS0701NC04A","4056","Salvadore Tee for Men ""Silent Seekers""","7539","Size - XS","1","89","36","0"
"P-RENARD","4057","Plush made with Fox Fur","","Plush made with Fox Fur","0","45","20.5","0"
"P-LAPIN","4058","Plush made with Rabbit Fur","","Plush made with Rabbit Fur","1","37","17.5","0"
"P-CASTOR","4059","Plush made with Beaver Fur","","Plush made with Beaver Fur","1","38","17.5","0"
"P-MOUFETTE","4060","Plush with Skunk","","Plush with Skunk","2","38","17.5","0"
"90","4061","Sheepskin Insoles","9704","Shoe Size - XS","8","21","9.300000000000001","0"
"90","4061","Sheepskin Insoles","9705","Shoe Size - S","8","21","9.300000000000001","0"
"90","4061","Sheepskin Insoles","9706","Shoe Size - M","9","21","9.300000000000001","0"
"90","4061","Sheepskin Insoles","9707","Shoe Size - L","19","21","9.300000000000001","0"
"90","4061","Sheepskin Insoles","9708","Shoe Size - XL","2","21","9.300000000000001","0"
"90","4061","Sheepskin Insoles","9709","Shoe Size - XXL","9","21","9.300000000000001","0"
"GRO_1","4062","Bear Fat","","Bear Fat","3","34.5","15","0"
"ML05","4063","Long Mittens in Natural Seal Fur","7654","Size - XS","0","350","163","0"
"ML05","4063","Long Mittens in Natural Seal Fur","7655","Size - S","0","350","163","0"
"ML05","4063","Long Mittens in Natural Seal Fur","7656","Size - M","0","350","163","0"
"ML05","4063","Long Mittens in Natural Seal Fur","7657","Size - L","1","350","163","0"
"ML05","4063","Long Mittens in Natural Seal Fur","7658","Size - XL","0","350","163","0"
"ML05","4063","Long Mittens in Natural Seal Fur","7659","Size - XXL","0","350","163","0"
"TUL-05","4068","Natural Seal Skin Beanie","7690","Size - XS","0","360","172","0"
"TUL-05","4068","Natural Seal Skin Beanie","7691","Size - S","0","360","172","0"
"TUL-05","4068","Natural Seal Skin Beanie","7692","Size - M","0","360","172","0"
"TUL-05","4068","Natural Seal Skin Beanie","7693","Size - L","1","360","172","0"
"TUL-05","4068","Natural Seal Skin Beanie","7694","Size - XL","0","360","172","0"
"PMM4834","4069","Sheep Skin with Black Tips","","Sheep Skin with Black Tips","1","140","60","0"
"ML05C","4073","Mittens in Natural Seal Skin","7672","Size - S","0","239","112","0"
"ML05C","4073","Mittens in Natural Seal Skin","7673","Size - M","1","239","112","0"
"ML05C","4073","Mittens in Natural Seal Skin","7674","Size - L","1","239","112","0"
"ML05C","4073","Mittens in Natural Seal Skin","7675","Size - XL","1","239","112","0"
"ML05C","4073","Mittens in Natural Seal Skin","7676","Size - XXL","0","239","112","0"
"ML05C","4073","Mittens in Natural Seal Skin","7677","Size - XS","0","239","112","0"
"ML01","4074","Long Mittens in Black Seal Fur","7678","Size - S","0","325","157","0"
"ML01","4074","Long Mittens in Black Seal Fur","7679","Size - M","0","325","157","0"
"ML01","4074","Long Mittens in Black Seal Fur","7680","Size - L","0","325","157","0"
"ML01","4074","Long Mittens in Black Seal Fur","7681","Size - XL","0","325","157","0"
"ML01","4074","Long Mittens in Black Seal Fur","7682","Size - XXL","0","325","157","0"
"ML01","4074","Long Mittens in Black Seal Fur","7683","Size - XS","0","325","157","0"
"MVL-05","4075","Mittens in Natural Seal Skin","7684","Size - S","0","172","80","0"
"MVL-05","4075","Mittens in Natural Seal Skin","7685","Size - M","2","172","80","0"
"MVL-05","4075","Mittens in Natural Seal Skin","7686","Size - L","2","172","80","0"
"MVL-05","4075","Mittens in Natural Seal Skin","7687","Size - XL","2","172","80","0"
"MVL-05","4075","Mittens in Natural Seal Skin","7688","Size - XXL","0","172","80","0"
"MVL-05","4075","Mittens in Natural Seal Skin","7689","Size - XS","0","172","80","0"
"A20067-2","4079","Ltd Edition - All my Relations","7699","Frame Options - Without frame ","3","170","0","74"
"A20067-2","4079","Ltd Edition - All my Relations","7700","Frame Options - Black rustic frame 1""","0","335","0","0"
"A20067-2","4079","Ltd Edition - All my Relations","7701","Frame Options - Brown rustic frame 1""","0","335","0","0"
"A20067-2","4079","Ltd Edition - All my Relations","7702","Frame Options - Grey rustic frame 1""","0","335","0","0"
"A20067-POD2580","4080","Card - All my Relations","","Card - All my Relations","11","6.35","2.75","0"
"A20067-6","4081","Small Print - All my Relations","","Small Print - All my Relations","7","25","0","0"
"A19054-2","4082","Ltd Edition - Footprint","7703","Frame Options - Black rustic frame 1""","0","335","0","0"
"A19054-2","4082","Ltd Edition - Footprint","7704","Frame Options - Brown rustic frame 1""","0","335","0","0"
"A19054-2","4082","Ltd Edition - Footprint","7705","Frame Options - Grey rustic frame 1""","0","335","0","0"
"A19054-2","4082","Ltd Edition - Footprint","7706","Frame Options - Without frame ","2","170","0","74"
"A19054-7","4083","Card - Footprint","","Card - Footprint","6","5.5","2.5","0"
"A20067-1","4086","Canvas - All my Relations","7718","Frame Options - Without frame ","1","325","0","0"
"A20067-1","4086","Canvas - All my Relations","7720","Frame Options - Wood floater frame black","0","425","0","0"
"A20067-1","4086","Canvas - All my Relations","7721","Frame Options - Wood floater frame brown","0","425","0","0"
"A20067-1","4086","Canvas - All my Relations","7722","Frame Options - Wood floater frame pewter","0","425","0","0"
"A19054-6","4088","Small Print - Footprint","","Small Print - Footprint","14","25","0","0"
"A18062-7","4126","Card - Humility","","Card - Humility","1","5.5","2.5","0"
"A18062-6","4127","Small Print - Humility","","Small Print - Humility","10","25","0","0"
"Shell","4128","Abalone Shell","8576","Smudge - Small 3"" x 4""","4","28","0","14"
"Shell","4128","Abalone Shell","8577","Smudge - Large 4.5"" x 5.5""","17","36","0","18"
"Shell","4128","Abalone Shell","11842","Smudge - Medium 3.5"" x 4.5""","10","32","0","16"
"A18062-2","4129","Ltd Edition - Humility","7729","Frame Options - Black rustic frame 1""","0","335","0","0"
"A18062-2","4129","Ltd Edition - Humility","7730","Frame Options - Brown rustic frame 1""","0","335","0","0"
"A18062-2","4129","Ltd Edition - Humility","7731","Frame Options - Grey rustic frame 1""","0","335","0","0"
"A18062-2","4129","Ltd Edition - Humility","7732","Frame Options - Without frame ","2","170","0","74"
"8193TAN","4139","Leather Mukluks for Men","7737","Shoe Size - 12","1","340","153","0"
"8193TAN","4139","Leather Mukluks for Men","7738","Shoe Size - 11","1","340","153","0"
"8193TAN","4139","Leather Mukluks for Men","7739","Shoe Size - 15","0","350","153","0"
"8193TAN","4139","Leather Mukluks for Men","7740","Shoe Size - 14","0","350","153","0"
"8193TAN","4139","Leather Mukluks for Men","7741","Shoe Size - 6","0","340","153","0"
"8193TAN","4139","Leather Mukluks for Men","7742","Shoe Size - 7","0","340","153","0"
"8193TAN","4139","Leather Mukluks for Men","7743","Shoe Size - 8","0","340","153","0"
"8193TAN","4139","Leather Mukluks for Men","7744","Shoe Size - 9","1","340","153","0"
"8193TAN","4139","Leather Mukluks for Men","7745","Shoe Size - 10","0","340","153","0"
"8193TAN","4139","Leather Mukluks for Men","7746","Shoe Size - 13","0","340","153","0"
"8193BLK","4141","Leather Mukluks for Men","7754","Shoe Size - 12","0","340","153","0"
"8193BLK","4141","Leather Mukluks for Men","7755","Shoe Size - 11","0","340","153","0"
"8193BLK","4141","Leather Mukluks for Men","7756","Shoe Size - 15","0","350","153","0"
"8193BLK","4141","Leather Mukluks for Men","7757","Shoe Size - 14","0","350","153","0"
"8193BLK","4141","Leather Mukluks for Men","7759","Shoe Size - 7","0","340","153","0"
"8193BLK","4141","Leather Mukluks for Men","7760","Shoe Size - 8","0","340","153","0"
"8193BLK","4141","Leather Mukluks for Men","7761","Shoe Size - 9","0","340","153","0"
"8193BLK","4141","Leather Mukluks for Men","7762","Shoe Size - 10","0","340","153","0"
"8193BLK","4141","Leather Mukluks for Men","7763","Shoe Size - 13","0","340","153","0"
"8193BLK","4141","Leather Mukluks for Men","7788","Shoe Size - 6","1","340","153","0"
"8193TAN","4142","Ladies Mukluks","7764","Shoe Size - 12","0","331","0","0"
"8193TAN","4142","Ladies Mukluks","7765","Shoe Size - 11","0","331","0","0"
"8193TAN","4142","Ladies Mukluks","7768","Shoe Size - 6","0","331","0","0"
"8193TAN","4142","Ladies Mukluks","7769","Shoe Size - 7","0","331","0","0"
"8193TAN","4142","Ladies Mukluks","7770","Shoe Size - 8","0","331","0","0"
"8193TAN","4142","Ladies Mukluks","7771","Shoe Size - 9","0","331","0","0"
"8193TAN","4142","Ladies Mukluks","7772","Shoe Size - 10","0","331","0","0"
"8193TAN","4142","Ladies Mukluks","7774","Shoe Size - 4","0","331","0","0"
"8193TAN","4142","Ladies Mukluks","7775","Shoe Size - 5","0","331","0","0"
"8193BLK","4143","Ladies Mukluks","7776","Shoe Size - 12","0","331","0","0"
"8193BLK","4143","Ladies Mukluks","7777","Shoe Size - 11","0","331","0","0"
"8193BLK","4143","Ladies Mukluks","7780","Shoe Size - 6","0","331","0","0"
"8193BLK","4143","Ladies Mukluks","7781","Shoe Size - 7","0","331","0","0"
"8193BLK","4143","Ladies Mukluks","7782","Shoe Size - 8","0","331","0","0"
"8193BLK","4143","Ladies Mukluks","7783","Shoe Size - 9","0","331","0","0"
"8193BLK","4143","Ladies Mukluks","7784","Shoe Size - 10","0","331","0","0"
"8193BLK","4143","Ladies Mukluks","7786","Shoe Size - 4","0","331","0","0"
"8193BLK","4143","Ladies Mukluks","7787","Shoe Size - 5","0","331","0","0"
"A20055-1","4144","Canvas - Refuge","7789","Frame Options - Wood floater frame black","0","425","0","0"
"A20055-1","4144","Canvas - Refuge","7790","Frame Options - Wood floater frame brown","0","425","0","0"
"A20055-1","4144","Canvas - Refuge","7791","Frame Options - Wood floater frame pewter","0","425","0","0"
"A20055-1","4144","Canvas - Refuge","7792","Frame Options - Without frame ","0","325","0","0"
"A20055-1","4144","Canvas - Refuge","7793","Frame Options - Without frame 48"" x 30""","1","695","0","0"
"A20055-1","4144","Canvas - Refuge","7806","Frame Options - Wood floater black","0","825","0","0"
"A20055-1","4144","Canvas - Refuge","7807","Frame Options - Wood floater brown","0","825","0","0"
"A20055-1","4144","Canvas - Refuge","7808","Frame Options - Wood floater pewter","0","825","0","0"
"A18061-1","4145","Canvas - Seed of Life","7794","Frame Options - Wood floater frame black","0","435","0","0"
"A18061-1","4145","Canvas - Seed of Life","7795","Frame Options - Wood floater frame brown","0","435","0","0"
"A18061-1","4145","Canvas - Seed of Life","7796","Frame Options - Wood floater frame pewter","0","435","0","0"
"A18061-1","4145","Canvas - Seed of Life","7797","Frame Options - Without frame ","1","335","0","0"
"A18066-1","4146","Canvas - Under the Same Sky","7798","Frame Options - Wood floater frame black","0","395","0","0"
"A18066-1","4146","Canvas - Under the Same Sky","7799","Frame Options - Wood floater frame brown","0","395","0","0"
"A18066-1","4146","Canvas - Under the Same Sky","7800","Frame Options - Wood floater frame pewter","0","395","0","0"
"A18066-1","4146","Canvas - Under the Same Sky","7801","Frame Options - Without frame ","1","295","0","0"
"A20055-2","4148","Ltd Edition - Refuge","7809","Frame Options - Black rustic frame 1""","0","335","0","0"
"A20055-2","4148","Ltd Edition - Refuge","7810","Frame Options - Brown rustic frame 1""","0","335","0","0"
"A20055-2","4148","Ltd Edition - Refuge","7811","Frame Options - Grey rustic frame 1""","0","335","0","0"
"A20055-2","4148","Ltd Edition - Refuge","7812","Frame Options - Without frame ","4","155","0","77.5"
"A18061-2","4149","Ltd Edition - Seed of Life","7813","Frame Options - Black rustic frame 1""","0","335","0","0"
"A18061-2","4149","Ltd Edition - Seed of Life","7814","Frame Options - Brown rustic frame 1""","0","335","0","0"
"A18061-2","4149","Ltd Edition - Seed of Life","7815","Frame Options - Grey rustic frame 1""","0","335","0","0"
"A18061-2","4149","Ltd Edition - Seed of Life","7816","Frame Options - Without frame ","1","170","0","74"
"A18066-2","4150","Ltd Edition - Under the Same Sky","7817","Frame Options - Black rustic frame 1""","0","335","0","0"
"A18066-2","4150","Ltd Edition - Under the Same Sky","7818","Frame Options - Brown rustic frame 1""","0","335","0","0"
"A18066-2","4150","Ltd Edition - Under the Same Sky","7819","Frame Options - Grey rustic frame 1""","0","335","0","0"
"A18066-2","4150","Ltd Edition - Under the Same Sky","7820","Frame Options - Without frame ","2","170","0","74"
"A20055-POD2571","4156","Card - Refuge","","Card - Refuge","13","6.35","2.75","0"
"A18061-POD2573","4157","Card - Seed of Life","","Card - Seed of Life","5","6.35","2.75","0"
"A20055-6","4169","Small Print - Refuge","","Small Print - Refuge","2","25","0","0"
"A18061-6","4170","Small Print - Seed of Life","","Small Print - Seed of Life","1","25","0","0"
"A18066-6","4171","Small Print - Under the Same Sky","","Small Print - Under the Same Sky","1","25","0","0"
"A08021-6","4173","Small Print - Wikwemikong","","Small Print - Wikwemikong","3","25","0","0"
"A09010-6","4174","Small Print - Kouragimut","","Small Print - Kouragimut","2","25","0","0"
"SKU:00-07-564x2","4241","Andrew Williams Double Eagle Bracelet","7832","Size - 6.5""","1","110.95","48","0"
"SKU:00-07-564x2","4241","Andrew Williams Double Eagle Bracelet","7833","Size - 8""","0","110.95","48","0"
"SKU:54-54-304","4303","Passport Pouch Raven","7835","Colors - Turquoise","0","72","31","0"
"SKU:54-54-304","4303","Passport Pouch Raven","7836","Colors - Black","1","72","31","0"
"SKU:54-54-304","4303","Passport Pouch Raven","7837","Colors - Red","1","72","31","0"
"SKU:54-54-304","4303","Passport Pouch Raven","7838","Colors - Tan","0","72","31","0"
"SKU:54-54-556","4304","Passport Pouch Bear Box","","Passport Pouch Bear Box","0","88","38","0"
"A18066-UAC0301NCOUA","4549","Reuben Tote Bag ""Under the Same Sky""","","Reuben Tote Bag ""Under the Same Sky""","4","49","21","0"
"A08013-UAC0401NC0FA","4550","Nino Place Mats ""New Day""","10362","Style - Square corners","0","15","6.5","0"
"A08013-UAC0401NC0FA","4550","Nino Place Mats ""New Day""","10363","Style - Rounded corners","1","15","6.5","0"
"A16059-UAC0401NC0IA","4551","Nino Place Mats ""Wisdom Keepers""","","Nino Place Mats ""Wisdom Keepers""","6","15","6.5","0"
"A18066-UAC0401NC0UA","4552","Nino Place Mats ""Under the Same Sky""","10360","Style - Square corners","0","15","6.5","0"
"A18066-UAC0401NC0UA","4552","Nino Place Mats ""Under the Same Sky""","10361","Style - Rounded corners","1","15","6.5","0"
"A17064-UAC0401NC03A","4553","Nino Place Mats ""M'Otter Love""","","Nino Place Mats ""M'Otter Love""","11","15","6.5","0"
"4890/8","4562","Ladies Leather Moccasins","7901","Shoe Size - 4","0","138","60","0"
"4890/8","4562","Ladies Leather Moccasins","7902","Shoe Size - 5","0","138","60","0"
"4890/8","4562","Ladies Leather Moccasins","7903","Shoe Size - 6","0","138","60","0"
"4890/8","4562","Ladies Leather Moccasins","7904","Shoe Size - 7","0","138","60","0"
"4890/8","4562","Ladies Leather Moccasins","7905","Shoe Size - 8","0","138","60","0"
"4890/8","4562","Ladies Leather Moccasins","7906","Shoe Size - 9","0","138","60","0"
"4890/8","4562","Ladies Leather Moccasins","7907","Shoe Size - 10","0","138","60","0"
"9013-0020-13-1950980CHO","4569","Ladies Mukluks","7915","Shoe Size - 7","0","192","83.29000000000001","0"
"9013-0020-13-1950980CHO","4569","Ladies Mukluks","7916","Shoe Size - 8","2","192","83.29000000000001","0"
"9013-0020-13-1950980CHO","4569","Ladies Mukluks","7917","Shoe Size - 9","2","192","83.29000000000001","0"
"9013-0020-13-1950980CHO","4569","Ladies Mukluks","11668","Shoe Size - 6","0","192","83.29000000000001","0"
"9013-0020-13-1950980CHO","4569","Ladies Mukluks","11669","Shoe Size - 10","0","192","83.29000000000001","0"
"9013-0020-13-1950980CHO","4569","Ladies Mukluks","11670","Shoe Size - 11","0","192","83.29000000000001","0"
"9013-0020-13-1950980CHO","4569","Ladies Mukluks","11671","Shoe Size - 12","0","192","83.29000000000001","0"
"2780-0408-85-377785MO","4572","Ladies Conchos","7927","Shoe Size - 4","0","209","90","0"
"2780-0408-85-377785MO","4572","Ladies Conchos","7928","Shoe Size - 5","0","209","90","0"
"2780-0408-85-377785MO","4572","Ladies Conchos","7929","Shoe Size - 6","0","209","90","0"
"2780-0408-85-377785MO","4572","Ladies Conchos","7930","Shoe Size - 7","0","209","90","0"
"2780-0408-85-377785MO","4572","Ladies Conchos","7931","Shoe Size - 8","0","209","90","0"
"2780-0408-85-377785MO","4572","Ladies Conchos","7932","Shoe Size - 9","0","209","90","0"
"2780-0408-85-377785MO","4572","Ladies Conchos","7933","Shoe Size - 10","0","209","90","0"
"2780-0408-85-377785MO","4572","Ladies Conchos","7934","Shoe Size - 11","0","209","90","0"
"2780-0408-85-377785IND","4573","Ladies Conchos","7943","Shoe Size - 4","0","209","90","0"
"2780-0408-85-377785IND","4573","Ladies Conchos","7944","Shoe Size - 5","0","209","90","0"
"2780-0408-85-377785IND","4573","Ladies Conchos","7945","Shoe Size - 6","0","209","90","0"
"2780-0408-85-377785IND","4573","Ladies Conchos","7946","Shoe Size - 7","0","209","90","0"
"2780-0408-85-377785IND","4573","Ladies Conchos","7947","Shoe Size - 8","0","209","90","0"
"2780-0408-85-377785IND","4573","Ladies Conchos","7948","Shoe Size - 9","0","209","90","0"
"2780-0408-85-377785IND","4573","Ladies Conchos","7949","Shoe Size - 10","1","209","90","0"
"2780-0408-85-377785IND","4573","Ladies Conchos","7950","Shoe Size - 11","0","209","90","0"
"2780-0408-85-377785CHO","4574","Ladies Conchos","7959","Shoe Size - 4","0","209","90","0"
"2780-0408-85-377785CHO","4574","Ladies Conchos","7960","Shoe Size - 5","0","209","90","0"
"2780-0408-85-377785CHO","4574","Ladies Conchos","7961","Shoe Size - 6","0","209","90","0"
"2780-0408-85-377785CHO","4574","Ladies Conchos","7962","Shoe Size - 7","0","209","90","0"
"2780-0408-85-377785CHO","4574","Ladies Conchos","7963","Shoe Size - 8","0","209","90","0"
"2780-0408-85-377785CHO","4574","Ladies Conchos","7964","Shoe Size - 9","0","209","90","0"
"2780-0408-85-377785CHO","4574","Ladies Conchos","7965","Shoe Size - 10","0","209","90","0"
"2780-0408-85-377785CHO","4574","Ladies Conchos","7966","Shoe Size - 11","0","209","90","0"
"CC15","4639","GIFT CARD $15","","GIFT CARD $15","996","15","0","0"
"A18066-UAC0701NC0UA","4850","""Under the Same Sky"" Mask","7973","Size - XS","0","18","15.94","0"
"A18066-UAC0701NC0UA","4850","""Under the Same Sky"" Mask","7974","Size - S","0","18","15.94","0"
"A18066-UAC0701NC0UA","4850","""Under the Same Sky"" Mask","7975","Size - L","2","18","15.94","0"
"A18066-UAC0701NC0UA","4850","""Under the Same Sky"" Mask","7976","Size - XL","3","18","15.94","0"
"A18066-UAC0701NC0UA","4850","""Under the Same Sky"" Mask","7977","Size - M","0","18","15.94","0"
"A14051-UAC0701NC0TA","4851","""Gezaluwegit"" Mask","7978","Size - XS","0","18","15.94","0"
"A14051-UAC0701NC0TA","4851","""Gezaluwegit"" Mask","7979","Size - S","0","18","15.94","0"
"A14051-UAC0701NC0TA","4851","""Gezaluwegit"" Mask","7980","Size - L","1","18","15.94","0"
"A14051-UAC0701NC0TA","4851","""Gezaluwegit"" Mask","7981","Size - XL","3","18","15.94","0"
"A14051-UAC0701NC0TA","4851","""Gezaluwegit"" Mask","7982","Size - M","10","18","15.94","0"
"A14051-UAC1801NC0TA","4862","Pablo Pillow ""Gezaluwejit""","","Pablo Pillow ""Gezaluwejit""","2","59","21","0"
"A18066-UAC1201NC0UA","4863","Arthur & Bastien Pillow ""Under the Same Sky""","","Arthur & Bastien Pillow ""Under the Same Sky""","6","59","21","0"
"A14051-WAC0201NC0TA","4864","Vivienne Scarf ""Under the Same Sky""","","Vivienne Scarf ""Under the Same Sky""","5","59","23","0"
"A14051-WAC0201NC0UA","4865","Vivienne Scarf ""Gezaluwejit""","","Vivienne Scarf ""Gezaluwejit""","3","59","23","0"
"A14051-WBL0601NCOTA","4866","Kimono ""Gezaluwejit""","7983","Size - TU/OS","0","129","49.5","0"
"A18066-WBL0601NCOUA","4867","Kimono ""Under the Same Sky""","7984","Size - TU/OS","2","129","49.5","0"
"A14051-WDR2601NC0TA","4871","Kate Dress ""Gezaluwejit""","7985","Size - S","1","169","64.5","0"
"A14051-WDR2601NC0TA","4871","Kate Dress ""Gezaluwejit""","7986","Size - M","0","169","64.5","0"
"A14051-WDR2601NC0TA","4871","Kate Dress ""Gezaluwejit""","7987","Size - L","0","169","64.5","0"
"A14051-WDR2601NC0TA","4871","Kate Dress ""Gezaluwejit""","7988","Size - XL","0","169","64.5","0"
"A14051-WDR2601NC0TA","4871","Kate Dress ""Gezaluwejit""","7989","Size - XS","0","169","64.5","0"
"A18066-WDR2601NC0UA","4872","Kate Dress ""Under the Same Sky""","7990","Size - S","0","169","64.5","0"
"A18066-WDR2601NC0UA","4872","Kate Dress ""Under the Same Sky""","7991","Size - M","0","169","64.5","0"
"A18066-WDR2601NC0UA","4872","Kate Dress ""Under the Same Sky""","7992","Size - L","0","169","64.5","0"
"A18066-WDR2601NC0UA","4872","Kate Dress ""Under the Same Sky""","7993","Size - XL","1","169","64.5","0"
"A18066-WDR2601NC0UA","4872","Kate Dress ""Under the Same Sky""","7994","Size - XS","1","169","64.5","0"
"1135","4919","Leather Moccasins for Women","7995","Shoe Size - 6","1","113","55","0"
"1135","4919","Leather Moccasins for Women","7996","Shoe Size - 7","2","113","55","0"
"1135","4919","Leather Moccasins for Women","7997","Shoe Size - 8","2","113","55","0"
"1135","4919","Leather Moccasins for Women","7998","Shoe Size - 9","2","113","55","0"
"1135","4919","Leather Moccasins for Women","7999","Shoe Size - 4","0","113","55","0"
"1135","4919","Leather Moccasins for Women","8000","Shoe Size - 5","0","113","55","0"
"1135","4919","Leather Moccasins for Women","8001","Shoe Size - 10","0","113","55","0"
"A18066-WPA0301NC0UA","5121","Carla Palazzo ""Under the Same Sky""","8002","Size - S","1","189","74","0"
"A18066-WPA0301NC0UA","5121","Carla Palazzo ""Under the Same Sky""","8003","Size - M","1","189","74","0"
"A18066-WPA0301NC0UA","5121","Carla Palazzo ""Under the Same Sky""","8004","Size - L","0","189","74","0"
"A18066-WPA0301NC0UA","5121","Carla Palazzo ""Under the Same Sky""","8005","Size - XL","0","189","74","0"
"A18066-WPA0301NC0UA","5121","Carla Palazzo ""Under the Same Sky""","8006","Size - XS","0","189","74","0"
"A14051-WPA0301NC0TA","5122","Carla Palazzo ""Gezaluwejit""","8007","Size - S","1","189","74","0"
"A14051-WPA0301NC0TA","5122","Carla Palazzo ""Gezaluwejit""","8008","Size - M","0","189","74","0"
"A14051-WPA0301NC0TA","5122","Carla Palazzo ""Gezaluwejit""","8009","Size - L","0","189","74","0"
"A14051-WPA0301NC0TA","5122","Carla Palazzo ""Gezaluwejit""","8010","Size - XL","1","189","74","0"
"A14051-WPA0301NC0TA","5122","Carla Palazzo ""Gezaluwejit""","8011","Size - XS","1","189","74","0"
"A14051-UAC1201NC0TA","5183","Arthur Pillow ""Gezaluwejit""","","Arthur Pillow ""Gezaluwejit""","3","59","21","0"
"A16058-WSS1401NC04A","5188","Kiki T-Shirt ""Silent Seekers"" Plus Size","8027","Size - 1X","0","89","43.9","0"
"A16058-WSS1401NC04A","5188","Kiki T-Shirt ""Silent Seekers"" Plus Size","8028","Size - 2X","3","89","43.9","0"
"A16058-WSS1401NC04A","5188","Kiki T-Shirt ""Silent Seekers"" Plus Size","8029","Size - 3X","1","89","43.9","0"
"WAC0601NC0UA","5214","Claudia Shawl ""Under the Same Sky""","","Claudia Shawl ""Under the Same Sky""","0","109","35","0"
"A14051-WNS0701NC0TA","5215","Coco Tank ""Gezaluwejit""","8036","Size - S","0","79","34.35","0"
"A14051-WNS0701NC0TA","5215","Coco Tank ""Gezaluwejit""","8037","Size - M","0","79","34.35","0"
"A14051-WNS0701NC0TA","5215","Coco Tank ""Gezaluwejit""","8038","Size - L","0","79","34.35","0"
"A14051-WNS0701NC0TA","5215","Coco Tank ""Gezaluwejit""","8039","Size - XL","1","79","34.35","0"
"A14051-WNS0701NC0TA","5215","Coco Tank ""Gezaluwejit""","8040","Size - XS","1","79","34.35","0"
"A18066-WNS0701NC0UA","5217","Coco Tank ""Under the Same Sky""","8041","Size - S","0","79","34.35","0"
"A18066-WNS0701NC0UA","5217","Coco Tank ""Under the Same Sky""","8042","Size - M","0","79","34.35","0"
"A18066-WNS0701NC0UA","5217","Coco Tank ""Under the Same Sky""","8043","Size - L","0","79","34.35","0"
"A18066-WNS0701NC0UA","5217","Coco Tank ""Under the Same Sky""","8044","Size - XL","0","79","34.35","0"
"A18066-WNS0701NC0UA","5217","Coco Tank ""Under the Same Sky""","8045","Size - XS","0","79","34.35","0"
"A18066-WLS01701NC0UA","5224","Mia Turtleneck ""Under the Same Sky""","8046","Size - S","1","149","59.5","0"
"A18066-WLS01701NC0UA","5224","Mia Turtleneck ""Under the Same Sky""","8047","Size - M","0","149","59.5","0"
"A18066-WLS01701NC0UA","5224","Mia Turtleneck ""Under the Same Sky""","8048","Size - L","0","149","59.5","0"
"A18066-WLS01701NC0UA","5224","Mia Turtleneck ""Under the Same Sky""","8049","Size - XL","0","149","59.5","0"
"A18066-WLS01701NC0UA","5224","Mia Turtleneck ""Under the Same Sky""","8050","Size - XS","1","149","59.5","0"
"A14051-WAC0601NC0TA","5225","Claudia Shawl ""Gezaluwejit""","","Claudia Shawl ""Gezaluwejit""","2","109","35","0"
"A01033-7","5389","Card - New Fire","","Card - New Fire","71","5.5","2.5","0"
"150OG","5563","Ballerina Slippers","8057","Shoe Size - 9","3","115","57.75","0"
"150OG","5563","Ballerina Slippers","8058","Shoe Size - 10","2","115","57.75","0"
"150OG","5563","Ballerina Slippers","8059","Shoe Size - 6","1","115","57.75","0"
"150OG","5563","Ballerina Slippers","8060","Shoe Size - 7","0","115","57.75","0"
"150OG","5563","Ballerina Slippers","8061","Shoe Size - 8","1","115","57.75","0"
"150OG","5563","Ballerina Slippers","8062","Shoe Size - 5","0","115","57.75","0"
"150OG","5563","Ballerina Slippers","9594","Shoe Size - 11","0","115","57.75","0"
"150OG","5563","Ballerina Slippers","9595","Shoe Size - 12","0","115","57.75","0"
"150CO","5564","Ballerina Slippers","8063","Shoe Size - 9","0","115","57.75","0"
"150CO","5564","Ballerina Slippers","8064","Shoe Size - 10","0","115","57.75","0"
"150CO","5564","Ballerina Slippers","8065","Shoe Size - 6","0","115","57.75","0"
"150CO","5564","Ballerina Slippers","8066","Shoe Size - 7","0","115","57.75","0"
"150CO","5564","Ballerina Slippers","8067","Shoe Size - 8","0","115","57.75","0"
"150CO","5564","Ballerina Slippers","8068","Shoe Size - 5","0","115","57.75","0"
"150CO","5564","Ballerina Slippers","9596","Shoe Size - 11","0","115","57.75","0"
"150CO","5564","Ballerina Slippers","9597","Shoe Size - 12","0","115","57.75","0"
"A14051-WLS1301NCOTA","5708","Jamie Top ""Gezaluwejit""","8069","Size - XS","1","129","49.5","0"
"A14051-WLS1301NCOTA","5708","Jamie Top ""Gezaluwejit""","8070","Size - S","1","129","49.5","0"
"A14051-WLS1301NCOTA","5708","Jamie Top ""Gezaluwejit""","8071","Size - M","1","129","49.5","0"
"A14051-WLS1301NCOTA","5708","Jamie Top ""Gezaluwejit""","8072","Size - L","1","129","49.5","0"
"A14051-WLS1301NCOTA","5708","Jamie Top ""Gezaluwejit""","8073","Size - XL","0","129","49.5","0"
"W12018-WPA0701NC0DA","5721","Parma Capri ""Early Evening Flowing into Fall""","8079","Size - XS","0","129","55.5","0"
"W12018-WPA0701NC0DA","5721","Parma Capri ""Early Evening Flowing into Fall""","8080","Size - S","1","129","55.5","0"
"W12018-WPA0701NC0DA","5721","Parma Capri ""Early Evening Flowing into Fall""","8081","Size - M","0","129","55.5","0"
"W12018-WPA0701NC0DA","5721","Parma Capri ""Early Evening Flowing into Fall""","8082","Size - L","0","129","55.5","0"
"W12018-WPA0701NC0DA","5721","Parma Capri ""Early Evening Flowing into Fall""","8083","Size - XL","0","129","55.5","0"
"A14051-WLS0701NC0TA","5724","Marlene Top ""Gezaluwejit""","8104","Size - XS","0","139","79.5","0"
"A14051-WLS0701NC0TA","5724","Marlene Top ""Gezaluwejit""","8105","Size - S","0","139","79.5","0"
"A14051-WLS0701NC0TA","5724","Marlene Top ""Gezaluwejit""","8106","Size - M","1","139","79.5","0"
"A14051-WLS0701NC0TA","5724","Marlene Top ""Gezaluwejit""","8107","Size - XL","1","139","79.5","0"
"A14051-WLS0701NC0TA","5724","Marlene Top ""Gezaluwejit""","8108","Size - L","1","139","79.5","0"
"W13023-WNS0701NC09A","5725","Coco Tank ""Water and Spirit Buffalo""","8110","Size - XS","0","79","34.35","0"
"W13023-WNS0701NC09A","5725","Coco Tank ""Water and Spirit Buffalo""","8111","Size - S","1","79","34.35","0"
"W13023-WNS0701NC09A","5725","Coco Tank ""Water and Spirit Buffalo""","8112","Size - M","0","79","34.35","0"
"W13023-WNS0701NC09A","5725","Coco Tank ""Water and Spirit Buffalo""","8113","Size - L","1","79","34.35","0"
"W13023-WNS0701NC09A","5725","Coco Tank ""Water and Spirit Buffalo""","8114","Size - XL","0","79","34.35","0"
"A18066-WLS0701NC0UA","6565","Marlene Top ""Under the Same Sky""","8129","Size - S","0","139","79.5","0"
"A18066-WLS0701NC0UA","6565","Marlene Top ""Under the Same Sky""","8130","Size - M","0","139","79.5","0"
"A18066-WLS0701NC0UA","6565","Marlene Top ""Under the Same Sky""","8131","Size - XL","1","139","79.5","0"
"A18066-WLS0701NC0UA","6565","Marlene Top ""Under the Same Sky""","8132","Size - L","0","139","79.5","0"
"A18066-WLS0701NC0UA","6565","Marlene Top ""Under the Same Sky""","8133","Size - XS","2","139","79.5","0"
"SKU:12-12-727","6784","Moose Halo Mug","","Moose Halo Mug","0","11","4.75","0"
"SKU: 12-12-102","6785","Inuksuk Oven Mitt","","Inuksuk Oven Mitt","3","18.95","7.5","0"
"SKU: 54-54-565","7029","Moccasins Raven","8158","Shoe Size - 24 months","1","92","40","0"
"SKU: 54-54-565","7029","Moccasins Raven","8159","Shoe Size - 36 months","1","92","40","0"
"SKU: 54-54-565","7029","Moccasins Raven","8160","Shoe Size - 18 months","0","92","40","0"
"SKU: 12-12-406","7042","Boxed Trivet Polar Bear","","Boxed Trivet Polar Bear","0","14","6.3","0"
"A01031-UAC2001NCOXA","7147","Pablo Pillow ""Honoring the Giver of life ""","","Pablo Pillow ""Honoring the Giver of life ""","2","59","21","0"
"A20055-UAC2001NCOYA","7148","Pablo Pillow ""Refuge""","","Pablo Pillow ""Refuge""","1","59","21","0"
"W12005-UAC2001NCOWA","7149","Pablo Pillow ""Earth Keeper""","","Pablo Pillow ""Earth Keeper""","1","59","21","0"
"A18066-UAC2001NCOUA","7151","Pablo Pillow ""Under The Same Sky""","","Pablo Pillow ""Under The Same Sky""","3","59","21","0"
"3730","7160","Sungod Earrings","","Sungod Earrings","0","55","25","0"
"3475-1","7161","Stud Earrings","","Stud Earrings","5","42","25","0"
"3708","7163","Feather Earrings","","Feather Earrings","1","40","15","0"
"3460","7164","Leaf Earrings","","Leaf Earrings","1","45","15","0"
"3460-5","7165","Onyx Stone Feather Earrings","","Onyx Stone Feather Earrings","0","65","25","0"
"MC005","7259","Long Leather Mittens with Natural Coyote","10885","Size - S","1","450","210","0"
"MC005","7259","Long Leather Mittens with Natural Coyote","10886","Size - M","0","450","210","0"
"MC005","7259","Long Leather Mittens with Natural Coyote","10887","Size - L","0","450","210","0"
"MC005","7259","Long Leather Mittens with Natural Coyote","10888","Size - XL","1","450","210","0"
"MCO-05T","7260","Long Trapper Mittens Natural Coyote","8170","Size - S","0","538","250","0"
"MCO-05T","7260","Long Trapper Mittens Natural Coyote","8171","Size - M","0","538","250","0"
"MCO-05T","7260","Long Trapper Mittens Natural Coyote","8172","Size - L","0","538","250","0"
"MCO-05T","7260","Long Trapper Mittens Natural Coyote","8173","Size - XL","0","538","250","0"
"COCO-05","7261","Earmuffs with Natural Coyote","","Earmuffs with Natural Coyote","1","130","60","0"
"COLY-5","7270","Earmuffs with Lynx","","Earmuffs with Lynx","1","160","74","0"
"GFL-01M","7271","Gloves with Black Seal Skin","8174","Size - XS","0","310","145","0"
"GFL-01M","7271","Gloves with Black Seal Skin","8175","Size - S","1","310","145","0"
"GFL-01M","7271","Gloves with Black Seal Skin","8176","Size - M","1","310","145","0"
"GFL-01M","7271","Gloves with Black Seal Skin","8177","Size - L","1","310","145","0"
"GFL-01M","7271","Gloves with Black Seal Skin","8178","Size - XL","1","310","145","0"
"RL-05AC","7272","Aviator Hat Natural Racoon","8179","Size - S","0","325","152","0"
"RL-05AC","7272","Aviator Hat Natural Racoon","8180","Size - M","0","325","152","0"
"RL-05AC","7272","Aviator Hat Natural Racoon","8181","Size - L","0","325","152","0"
"RL-05AC","7272","Aviator Hat Natural Racoon","8182","Size - XL","0","325","152","0"
"RL-05AC","7272","Aviator Hat Natural Racoon","8183","Size - XXL","0","325","152","0"
"CAP737","7287","CAP Art Cards","","CAP Art Cards","427","6.35","2.75","0"
"CAP-MAG","7291","Art Magnet","","Art Magnet","86","6.5","2.75","0"
"0000-LP21A","7387","Pendant Inlay Feather","","Pendant Inlay Feather","1","440","191.3","0"
"0000-LP22A","7399","Pendant Inlay Feather","","Pendant Inlay Feather","1","440","191.3","0"
"A17063-UAC0301NC02A","7505","Reuben Tote Bag ""Depth""","","Reuben Tote Bag ""Depth""","6","49","21","0"
"GFL-05M","7621","Gloves with Natural Seal Skin","8188","Size - S","0","325","150","0"
"GFL-05M","7621","Gloves with Natural Seal Skin","8189","Size - M","0","325","150","0"
"GFL-05M","7621","Gloves with Natural Seal Skin","8190","Size - L","0","325","150","0"
"GFL-05M","7621","Gloves with Natural Seal Skin","8191","Size - XL","1","325","150","0"
"GFL-05C","7632","Gloves in Natural Seal Skin","8192","Size - S","0","250","117","0"
"GFL-05C","7632","Gloves in Natural Seal Skin","8193","Size - M","1","250","117","0"
"GFL-05C","7632","Gloves in Natural Seal Skin","8194","Size - L","2","250","117","0"
"GFL-05C","7632","Gloves in Natural Seal Skin","8195","Size - XL","0","250","117","0"
"CORA-05","7683","Earmuffs with Silver Fox","","Earmuffs with Silver Fox","1","190","88","0"
"BOXCARDSET","7725","CAP Box Cards Set","","CAP Box Cards Set","12","21.45","9.25","0"
"BOXCOLORINGCARDSET","7726","CAP Colouring Box Cards Set","","CAP Colouring Box Cards Set","3","21.45","9.25","0"
"CLB-013X","7732","CAP Colouring Book","","CAP Colouring Book","4","8.949999999999999","3.75","0"
"PLN137","7733","Planner 2025","","Planner 2025","0","25.45","0","0"
"CAL130","7794","Nathalie Coutou 2022 Calendar","","Nathalie Coutou 2022 Calendar","0","5.5","0","0"
"MD10/2""","7810","Mandala ""Crystal""","","Mandala ""Crystal""","0","12.95","0","0"
"EO","7898","Essential Oils","10170","Wellness - Sweetgrass","4","14.95","6.5","0"
"EO","7898","Essential Oils","10171","Wellness - Cedar","15","14.95","6.5","0"
"EO","7898","Essential Oils","10172","Wellness - Sage","4","14.95","6.5","0"
"EO","7898","Essential Oils","10173","Wellness - Eagle's Whisper","6","14.95","6.5","0"
"EO","7898","Essential Oils","10174","Wellness - Mother Nature","7","14.95","6.5","0"
"EO","7898","Essential Oils","10175","Wellness - Nature's Breath","4","14.95","6.5","0"
"EO","7898","Essential Oils","10176","Wellness - Ojibway Sun","5","14.95","6.5","0"
"EO","7898","Essential Oils","10177","Wellness - Sacred Land","6","14.95","6.5","0"
"EO","7898","Essential Oils","10178","Wellness - Sweet Dreams","5","14.95","6.5","0"
"EO","7898","Essential Oils","10179","Wellness - Power Blend","10","14.95","6.5","0"
"SPO_1","7902","Soap","","Soap","43","18.5","8.6","0"
"Fab-1","7903","1 Lucky Stones","","1 Lucky Stones","255","5.5","1","0"
"Coquelicot","7904","Pin - ""Poppy""","","Pin - ""Poppy""","8","26","13","0"
"Totem-Animal","7905","Totem Stone Animal","","Totem Stone Animal","306","6.5","3.2","0"
"FAB-17B","7906","17B Painted Pebble  ""DC""","","17B Painted Pebble  ""DC""","37","6.5","2.5","0"
"CAL","7976","CAP Calendars 2025","","CAP Calendars 2025","14","22","9.5","0"
"BKM","7977","Bookmarks","12346","Art - Going Home","10","2.3","1.25","0"
"BKM","7977","Bookmarks","12347","Art - Journey to the Spirit World","8","2.3","1.25","0"
"BKM","7977","Bookmarks","12348","Art - Lapynx","6","2.3","1.25","0"
"BKM","7977","Bookmarks","12349","Art - Messenger","9","2.3","1.25","0"
"BKM","7977","Bookmarks","12350","Art - Motter Love","9","2.3","1.25","0"
"BKM","7977","Bookmarks","12351","Art - Otherness","7","2.3","1.25","0"
"BKM","7977","Bookmarks","12352","Art - Passage","6","2.3","1.25","0"
"BKM","7977","Bookmarks","12353","Art - Reaching Out","6","2.3","1.25","0"
"BKM","7977","Bookmarks","12354","Art - Sky Sisters","12","2.3","1.25","0"
"BKM","7977","Bookmarks","12355","Art - Whisper","6","2.3","1.25","0"
"BKM","7977","Bookmarks","12356","Art - Zenith","18","2.3","1.25","0"
"UAC0401NC05A","8131","Nino Place Mats "" Northern Keepers ""","","Nino Place Mats "" Northern Keepers ""","3","15","6.5","0"
"B442","8206","Leather Moccasins for Women","8207","Shoe Size - 4","0","75","42.5","0"
"B442","8206","Leather Moccasins for Women","8208","Shoe Size - 5","1","75","42.5","0"
"B442","8206","Leather Moccasins for Women","8209","Shoe Size - 6","0","75","42.5","0"
"B442","8206","Leather Moccasins for Women","8210","Shoe Size - 7","0","75","42.5","0"
"B442","8206","Leather Moccasins for Women","8211","Shoe Size - 8","0","75","42.5","0"
"B442","8206","Leather Moccasins for Women","8212","Shoe Size - 9","0","75","42.5","0"
"B442","8206","Leather Moccasins for Women","8213","Shoe Size - 10","1","75","42.5","0"
"6017-0408-41BO0-600BO","8244","Ladies Suede Slippers","8223","Shoe Size - 5","0","104.95","46.9","0"
"6017-0408-41BO0-600BO","8244","Ladies Suede Slippers","8224","Shoe Size - 6","0","104.95","46.9","0"
"6017-0408-41BO0-600BO","8244","Ladies Suede Slippers","8225","Shoe Size - 7","0","104.95","46.9","0"
"6017-0408-41BO0-600BO","8244","Ladies Suede Slippers","8226","Shoe Size - 8","0","104.95","46.9","0"
"6017-0408-41BO0-600BO","8244","Ladies Suede Slippers","8227","Shoe Size - 9","0","104.95","46.9","0"
"6017-0408-41BO0-600BO","8244","Ladies Suede Slippers","8228","Shoe Size - 10","0","104.95","46.9","0"
"6017-0408-41BO0-600BO","8244","Ladies Suede Slippers","8229","Shoe Size - 11","0","104.95","46.9","0"
"6017-0408-41BO0-600BO","8244","Ladies Suede Slippers","8230","Shoe Size - 12","0","104.95","46.9","0"
"6017-0408-41BO0-600BO","8244","Ladies Suede Slippers","8231","Shoe Size - 4","0","104.95","46.9","0"
"A16051-UAC0301NC5A","8245","Reuben Tote Bag ""Northern Keepers""","","Reuben Tote Bag ""Northern Keepers""","0","49","21","0"
"MVAL-01","8283","Mittens in Black Seal Skin","8232","Size - S","0","213","99","0"
"MVAL-01","8283","Mittens in Black Seal Skin","8233","Size - M","0","213","99","0"
"MVAL-01","8283","Mittens in Black Seal Skin","8234","Size - L","0","213","99","0"
"MVAL-01","8283","Mittens in Black Seal Skin","8235","Size - XL","0","213","99","0"
"SKU: 00-04-708","8464","Cribbage Board","","Cribbage Board","0","106","46","0"
"MVAL-05","8522","Mittens in Natural Seal Skin","8236","Size - XS","1","225","102","0"
"MVAL-05","8522","Mittens in Natural Seal Skin","8237","Size - S","0","225","102","0"
"MVAL-05","8522","Mittens in Natural Seal Skin","8238","Size - M","1","225","102","0"
"MVAL-05","8522","Mittens in Natural Seal Skin","8239","Size - L","0","225","102","0"
"MVAL-05","8522","Mittens in Natural Seal Skin","8240","Size - XL","0","225","102","0"
"LAR-06AC","8535","Aviator Hat with White Rabbit Fur","12638","Size - XS","0","360","175","0"
"LAR-06AC","8535","Aviator Hat with White Rabbit Fur","12639","Size - S","0","360","175","0"
"LAR-06AC","8535","Aviator Hat with White Rabbit Fur","12640","Size - M","0","360","175","0"
"LAR-06AC","8535","Aviator Hat with White Rabbit Fur","12641","Size - L","1","360","175","0"
"LAR-06AC","8535","Aviator Hat with White Rabbit Fur","12642","Size - XL","0","360","175","0"
"LAR-06AC","8535","Aviator Hat with White Rabbit Fur","12643","Size - XXL","0","360","175","0"
"MVLA-06","8536","Mittens in White Rabbit Fur","8246","Size - XS","0","125","55","0"
"MVLA-06","8536","Mittens in White Rabbit Fur","8247","Size - S","0","125","55","0"
"MVLA-06","8536","Mittens in White Rabbit Fur","8248","Size - M","0","125","55","0"
"MVLA-06","8536","Mittens in White Rabbit Fur","8249","Size - L","1","125","55","0"
"MVLA-06","8536","Mittens in White Rabbit Fur","8250","Size - XL","0","125","55","0"
"LS5","8540","Liquid Silver Chain 5 Strands","8264","Jewelry - 16""","0","95","0","35"
"LS5","8540","Liquid Silver Chain 5 Strands","8265","Jewelry - 18""","4","99","0","37"
"LS5","8540","Liquid Silver Chain 5 Strands","8266","Jewelry - 20""","2","105","0","39"
"LS5","8540","Liquid Silver Chain 5 Strands","8267","Jewelry - 24""","0","120","0","48"
"LS5","8540","Liquid Silver Chain 5 Strands","8268","Jewelry - 30""","0","145","0","55"
"LS10","8543","Liquid Silver Chain 10 Strands","8269","Jewelry - 18""","4","135","0","55"
"LS10","8543","Liquid Silver Chain 10 Strands","8270","Jewelry - 20""","1","145","0","60"
"LS10","8543","Liquid Silver Chain 10 Strands","8271","Jewelry - 24""","2","175","0","69"
"LS10","8543","Liquid Silver Chain 10 Strands","8272","Jewelry - 30""","1","215","0","82"
"LS10","8543","Liquid Silver Chain 10 Strands","8273","Jewelry - 16""","0","125","0","50"
"LS20","8544","Liquid Silver Chain 20 Strands","8274","Jewelry - 18""","3","285","0","105"
"LS20","8544","Liquid Silver Chain 20 Strands","8275","Jewelry - 20""","3","305","0","114"
"LS20","8544","Liquid Silver Chain 20 Strands","8276","Jewelry - 24""","1","335","0","122"
"LS20","8544","Liquid Silver Chain 20 Strands","8277","Jewelry - 30""","1","385","0","145"
"LS20","8544","Liquid Silver Chain 20 Strands","8278","Jewelry - 16""","0","270","0","95"
"LS30","8545","Liquid Silver Chain 30 Strands","8279","Jewelry - 18""","0","425","0","157"
"LS30","8545","Liquid Silver Chain 30 Strands","8280","Jewelry - 20""","0","460","0","168"
"LS30","8545","Liquid Silver Chain 30 Strands","8281","Jewelry - 24""","0","520","0","180"
"LS30","8545","Liquid Silver Chain 30 Strands","8282","Jewelry - 30""","0","595","0","207"
"LS30","8545","Liquid Silver Chain 30 Strands","8283","Jewelry - 16""","0","390","0","142"
"A17063-WDR2901NC02A","8588","Joni Dress ""Depth"" DISCOUNTINUDED","8284","Size - S","0","139","59.1","0"
"A17063-WDR2901NC02A","8588","Joni Dress ""Depth"" DISCOUNTINUDED","8285","Size - M","0","139","59.1","0"
"A17063-WDR2901NC02A","8588","Joni Dress ""Depth"" DISCOUNTINUDED","8286","Size - L","0","139","59.1","0"
"A17063-WDR2901NC02A","8588","Joni Dress ""Depth"" DISCOUNTINUDED","8287","Size - XL","0","139","59.1","0"
"A17063-WDR2901NC02A","8588","Joni Dress ""Depth"" DISCOUNTINUDED","8288","Size - XS","0","139","59.1","0"
"CAP11x14","8694","CAP11x14","","CAP11x14","4","20","7.5","0"
"BOX249","8740","Spirit of the Wild","","Spirit of the Wild","5","21.45","9.25","0"
"BOX250","8741","Women Strength","","Women Strength","4","21.45","9.25","0"
"GE-14 mini carte","8776","Gift Enclosures","","Gift Enclosures","19","7.45","3.2","0"
"Shawlnavajo-6","8803","Shawl Navajo","9337","Colors - Black","5","85","42.5","0"
"Shawlnavajo-6","8803","Shawl Navajo","9338","Colors - Red","3","85","42.5","0"
"Shawlnavajo-6","8803","Shawl Navajo","9339","Colors - Turquoise","2","85","42.5","0"
"Shawlnavajo-6","8803","Shawl Navajo","9340","Colors - Navy Blue","4","85","42.5","0"
"Shawlnavajo-6","8803","Shawl Navajo","9341","Colors - Forest Green","0","85","42.5","0"
"Shawlnavajo-6","8803","Shawl Navajo","9342","Colors - Saddle","0","85","42.5","0"
"Shawlnavajo-6","8803","Shawl Navajo","11344","Colors - Green","1","85","42.5","0"
"A16051-WBL1101NC05A","8844","Nikki Cardigan ""Northern Keepers""","8289","Size - XS","1","159","50","0"
"A16051-WBL1101NC05A","8844","Nikki Cardigan ""Northern Keepers""","8290","Size - S","1","159","50","0"
"A16051-WBL1101NC05A","8844","Nikki Cardigan ""Northern Keepers""","8291","Size - M","0","159","50","0"
"A16051-WBL1101NC05A","8844","Nikki Cardigan ""Northern Keepers""","8292","Size - L","1","159","50","0"
"A16051-WBL1101NC05A","8844","Nikki Cardigan ""Northern Keepers""","8293","Size - XL","1","159","50","0"
"A18066-WBL1101NC0UA","8845","Nikki Cardigan ""Under the Same Sky""","8294","Size - XS","1","159","50","0"
"A18066-WBL1101NC0UA","8845","Nikki Cardigan ""Under the Same Sky""","8295","Size - S","1","159","50","0"
"A18066-WBL1101NC0UA","8845","Nikki Cardigan ""Under the Same Sky""","8296","Size - M","1","159","50","0"
"A18066-WBL1101NC0UA","8845","Nikki Cardigan ""Under the Same Sky""","8297","Size - L","1","159","50","0"
"A18066-WBL1101NC0UA","8845","Nikki Cardigan ""Under the Same Sky""","8298","Size - XL","0","159","50","0"
"A16051-WLS1701NC05A","8961","Mia Turtleneck ""Northern Keepers""","8304","Size - S","1","149","59.5","0"
"A16051-WLS1701NC05A","8961","Mia Turtleneck ""Northern Keepers""","8305","Size - M","1","149","59.5","0"
"A16051-WLS1701NC05A","8961","Mia Turtleneck ""Northern Keepers""","8306","Size - L","1","149","59.5","0"
"A16051-WLS1701NC05A","8961","Mia Turtleneck ""Northern Keepers""","8307","Size - XL","0","149","59.5","0"
"A16051-WLS1701NC05A","8961","Mia Turtleneck ""Northern Keepers""","8308","Size - XS","1","149","59.5","0"
"W12005-WLS1701NC0WA","8964","Mia Turtleneck ""Earth Keeper""","8309","Size - S","1","149","59.5","0"
"W12005-WLS1701NC0WA","8964","Mia Turtleneck ""Earth Keeper""","8310","Size - M","1","149","59.5","0"
"W12005-WLS1701NC0WA","8964","Mia Turtleneck ""Earth Keeper""","8311","Size - L","1","149","59.5","0"
"W12005-WLS1701NC0WA","8964","Mia Turtleneck ""Earth Keeper""","8312","Size - XL","0","149","59.5","0"
"W12005-WLS1701NC0WA","8964","Mia Turtleneck ""Earth Keeper""","8313","Size - XS","1","149","59.5","0"
"A20055-WLS1701NC0YA","8965","Mia Turtleneck ""Refuge""","8314","Size - S","0","149","59.5","0"
"A20055-WLS1701NC0YA","8965","Mia Turtleneck ""Refuge""","8315","Size - M","0","149","59.5","0"
"A20055-WLS1701NC0YA","8965","Mia Turtleneck ""Refuge""","8316","Size - L","0","149","59.5","0"
"A20055-WLS1701NC0YA","8965","Mia Turtleneck ""Refuge""","8317","Size - XL","0","149","59.5","0"
"A20055-WLS1701NC0YA","8965","Mia Turtleneck ""Refuge""","8318","Size - XS","1","149","59.5","0"
"A09006-WDR3801NC0VA","8967","Felicia ""The River Keeper""","8322","Size - XS","1","149","62","0"
"A09006-WDR3801NC0VA","8967","Felicia ""The River Keeper""","8323","Size - S","1","149","62","0"
"A09006-WDR3801NC0VA","8967","Felicia ""The River Keeper""","8324","Size - M","1","149","62","0"
"A09006-WDR3801NC0VA","8967","Felicia ""The River Keeper""","8325","Size - L","0","149","62","0"
"A09006-WDR3801NC0VA","8967","Felicia ""The River Keeper""","8326","Size - XL","0","149","62","0"
"A20055-WDR3801NC0YA","8968","Felicia ""Refuge""","8327","Size - S","0","149","62","0"
"A20055-WDR3801NC0YA","8968","Felicia ""Refuge""","8328","Size - M","0","149","62","0"
"A20055-WDR3801NC0YA","8968","Felicia ""Refuge""","8329","Size - L","0","149","62","0"
"A20055-WDR3801NC0YA","8968","Felicia ""Refuge""","8330","Size - XL","0","149","62","0"
"A20055-WDR3801NC0YA","8968","Felicia ""Refuge""","8331","Size - XS","0","149","62","0"
"A12005-WDR3801NC0WA","8969","Felicia ""Earth Keeper""","8332","Size - S","1","149","62","0"
"A12005-WDR3801NC0WA","8969","Felicia ""Earth Keeper""","8333","Size - M","1","149","62","0"
"A12005-WDR3801NC0WA","8969","Felicia ""Earth Keeper""","8334","Size - L","1","149","62","0"
"A12005-WDR3801NC0WA","8969","Felicia ""Earth Keeper""","8335","Size - XL","1","149","62","0"
"A12005-WDR3801NC0WA","8969","Felicia ""Earth Keeper""","8336","Size - XS","1","149","62","0"
"A01031-WDR3801NC0XA","8970","Felicia ""Honoring the Giver of Life""","8337","Size - S","1","149","62","0"
"A01031-WDR3801NC0XA","8970","Felicia ""Honoring the Giver of Life""","8338","Size - M","1","149","62","0"
"A01031-WDR3801NC0XA","8970","Felicia ""Honoring the Giver of Life""","8339","Size - L","0","149","62","0"
"A01031-WDR3801NC0XA","8970","Felicia ""Honoring the Giver of Life""","8340","Size - XL","0","149","62","0"
"A01031-WDR3801NC0XA","8970","Felicia ""Honoring the Giver of Life""","8341","Size - XS","1","149","62","0"
"A17063-WDR3801NC02A","8971","Felicia ""Depth""","8342","Size - S","0","149","62","0"
"A17063-WDR3801NC02A","8971","Felicia ""Depth""","8343","Size - M","0","149","62","0"
"A17063-WDR3801NC02A","8971","Felicia ""Depth""","8344","Size - L","0","149","62","0"
"A17063-WDR3801NC02A","8971","Felicia ""Depth""","8345","Size - XL","0","149","62","0"
"A17063-WDR3801NC02A","8971","Felicia ""Depth""","8346","Size - XS","1","149","62","0"
"W12005-WDR4001NC0WA","8973","Amanda II ""Earth Keeper""","8347","Size - XS","0","119","50","0"
"W12005-WDR4001NC0WA","8973","Amanda II ""Earth Keeper""","8348","Size - S","0","119","50","0"
"W12005-WDR4001NC0WA","8973","Amanda II ""Earth Keeper""","8349","Size - M","0","119","50","0"
"W12005-WDR4001NC0WA","8973","Amanda II ""Earth Keeper""","8350","Size - L","0","119","50","0"
"W12005-WDR4001NC0WA","8973","Amanda II ""Earth Keeper""","8351","Size - XL","1","119","50","0"
"W20055-WDR4001NC0YA","8974","Amanda II ""Refuge""","8352","Size - S","1","119","50","0"
"W20055-WDR4001NC0YA","8974","Amanda II ""Refuge""","8353","Size - M","0","119","50","0"
"W20055-WDR4001NC0YA","8974","Amanda II ""Refuge""","8354","Size - L","0","119","50","0"
"W20055-WDR4001NC0YA","8974","Amanda II ""Refuge""","8355","Size - XL","1","119","50","0"
"W20055-WDR4001NC0YA","8974","Amanda II ""Refuge""","8356","Size - XS","0","119","50","0"
"W01031-WDR4001NC0XA","8975","Amanda II ""Honoring the Giver of Life""","8357","Size - S","1","119","50","0"
"W01031-WDR4001NC0XA","8975","Amanda II ""Honoring the Giver of Life""","8358","Size - M","1","119","50","0"
"W01031-WDR4001NC0XA","8975","Amanda II ""Honoring the Giver of Life""","8359","Size - L","1","119","50","0"
"W01031-WDR4001NC0XA","8975","Amanda II ""Honoring the Giver of Life""","8360","Size - XL","0","119","50","0"
"W01031-WDR4001NC0XA","8975","Amanda II ""Honoring the Giver of Life""","8361","Size - XS","1","119","50","0"
"A14051-WDR3801NC0TA","8976","Felicia ""Gezaluwejit""","8362","Size - S","0","149","62","0"
"A14051-WDR3801NC0TA","8976","Felicia ""Gezaluwejit""","8363","Size - M","1","149","62","0"
"A14051-WDR3801NC0TA","8976","Felicia ""Gezaluwejit""","8364","Size - L","1","149","62","0"
"A14051-WDR3801NC0TA","8976","Felicia ""Gezaluwejit""","8365","Size - XL","1","149","62","0"
"A14051-WDR3801NC0TA","8976","Felicia ""Gezaluwejit""","8366","Size - XS","0","149","62","0"
"A14051-WDR4201NC0TA","8977","Daniela Maxi ""Gezaluwejit""","8367","Size - XS","1","199","89","0"
"A14051-WDR4201NC0TA","8977","Daniela Maxi ""Gezaluwejit""","8368","Size - S","1","199","89","0"
"A14051-WDR4201NC0TA","8977","Daniela Maxi ""Gezaluwejit""","8369","Size - M","0","199","89","0"
"A14051-WDR4201NC0TA","8977","Daniela Maxi ""Gezaluwejit""","8370","Size - L","0","199","89","0"
"A14051-WDR4201NC0TA","8977","Daniela Maxi ""Gezaluwejit""","8371","Size - XL","1","199","89","0"
"A18066-WDR4201NC0UA","8978","Daniela Maxi ""Under the Same Sky""","8372","Size - S","0","199","89","0"
"A18066-WDR4201NC0UA","8978","Daniela Maxi ""Under the Same Sky""","8373","Size - M","0","199","89","0"
"A18066-WDR4201NC0UA","8978","Daniela Maxi ""Under the Same Sky""","8374","Size - L","1","199","89","0"
"A18066-WDR4201NC0UA","8978","Daniela Maxi ""Under the Same Sky""","8375","Size - XL","0","199","89","0"
"A18066-WDR4201NC0UA","8978","Daniela Maxi ""Under the Same Sky""","8376","Size - XS","0","199","89","0"
"A17063-WSK0501NC02A","8981","Elaine Skirt ""Depth""","8392","Size - XS","0","149","63.5","0"
"A17063-WSK0501NC02A","8981","Elaine Skirt ""Depth""","8393","Size - S","0","149","63.5","0"
"A17063-WSK0501NC02A","8981","Elaine Skirt ""Depth""","8394","Size - M","0","149","63.5","0"
"A17063-WSK0501NC02A","8981","Elaine Skirt ""Depth""","8395","Size - L","0","149","63.5","0"
"A17063-WSK0501NC02A","8981","Elaine Skirt ""Depth""","8396","Size - XL","1","149","63.5","0"
"A07020-WSK0501NC0AA","8982","Elaine Skirt ""Journey to the Spirit World""","8397","Size - XS","1","149","63.5","0"
"A07020-WSK0501NC0AA","8982","Elaine Skirt ""Journey to the Spirit World""","8398","Size - S","2","149","63.5","0"
"A07020-WSK0501NC0AA","8982","Elaine Skirt ""Journey to the Spirit World""","8399","Size - M","0","149","63.5","0"
"A07020-WSK0501NC0AA","8982","Elaine Skirt ""Journey to the Spirit World""","8400","Size - L","2","149","63.5","0"
"A07020-WSK0501NC0AA","8982","Elaine Skirt ""Journey to the Spirit World""","8401","Size - XL","0","149","63.5","0"
"A16051-MSS0701NC05A","8983","Salvadore Tee for Men ""Northern Keepers""","8382","Size - S","1","89","36","0"
"A16051-MSS0701NC05A","8983","Salvadore Tee for Men ""Northern Keepers""","8383","Size - M","0","89","36","0"
"A16051-MSS0701NC05A","8983","Salvadore Tee for Men ""Northern Keepers""","8384","Size - L","0","89","36","0"
"A16051-MSS0701NC05A","8983","Salvadore Tee for Men ""Northern Keepers""","8385","Size - XL","1","89","36","0"
"A16051-MSS0701NC05A","8983","Salvadore Tee for Men ""Northern Keepers""","8386","Size - XS","0","89","36","0"
"WSS1201NC0UA","8985","Sylvie Tunic ""Under the Same Sky""","8402","Size - S","0","139","69","0"
"WSS1201NC0UA","8985","Sylvie Tunic ""Under the Same Sky""","8403","Size - M","0","139","69","0"
"WSS1201NC0UA","8985","Sylvie Tunic ""Under the Same Sky""","8404","Size - L","0","139","69","0"
"WSS1201NC0UA","8985","Sylvie Tunic ""Under the Same Sky""","8405","Size - XL","0","139","69","0"
"WSS1201NC0UA","8985","Sylvie Tunic ""Under the Same Sky""","8406","Size - XS","0","139","69","0"
"WSS1201NC0TA","8986","Sylvie Tunic ""Gezaluwejit""","8407","Size - S","0","139","69","0"
"WSS1201NC0TA","8986","Sylvie Tunic ""Gezaluwejit""","8408","Size - M","0","139","69","0"
"WSS1201NC0TA","8986","Sylvie Tunic ""Gezaluwejit""","8409","Size - L","0","139","69","0"
"WSS1201NC0TA","8986","Sylvie Tunic ""Gezaluwejit""","8410","Size - XL","0","139","69","0"
"WSS1201NC0TA","8986","Sylvie Tunic ""Gezaluwejit""","8411","Size - XS","0","139","69","0"
"A16051-WSS1201NC05A","8987","Sylvie Tunic ""Northern Keepers""","8412","Size - S","1","139","69","0"
"A16051-WSS1201NC05A","8987","Sylvie Tunic ""Northern Keepers""","8413","Size - M","1","139","69","0"
"A16051-WSS1201NC05A","8987","Sylvie Tunic ""Northern Keepers""","8414","Size - L","1","139","69","0"
"A16051-WSS1201NC05A","8987","Sylvie Tunic ""Northern Keepers""","8415","Size - XL","0","139","69","0"
"A16051-WSS1201NC05A","8987","Sylvie Tunic ""Northern Keepers""","8416","Size - XS","1","139","69","0"
"A18066-WLS23701NC0UA","8988","April Mock ""Under the Same Sky""","8417","Size - S","0","119","66.09","0"
"A18066-WLS23701NC0UA","8988","April Mock ""Under the Same Sky""","8418","Size - M","1","119","66.09","0"
"A18066-WLS23701NC0UA","8988","April Mock ""Under the Same Sky""","8419","Size - L","0","119","66.09","0"
"A18066-WLS23701NC0UA","8988","April Mock ""Under the Same Sky""","8420","Size - XL","0","119","66.09","0"
"A18066-WLS23701NC0UA","8988","April Mock ""Under the Same Sky""","8421","Size - XS","0","119","66.09","0"
"A14051-WLS1001NC0TA","8990","Patti Tunic II ""Gezaluwejit""","8422","Size - XS","0","129","50.5","0"
"A14051-WLS1001NC0TA","8990","Patti Tunic II ""Gezaluwejit""","8423","Size - S","1","129","50.5","0"
"A14051-WLS1001NC0TA","8990","Patti Tunic II ""Gezaluwejit""","8424","Size - M","0","129","50.5","0"
"A14051-WLS1001NC0TA","8990","Patti Tunic II ""Gezaluwejit""","8425","Size - L","0","129","50.5","0"
"A14051-WLS1001NC0TA","8990","Patti Tunic II ""Gezaluwejit""","8426","Size - XL","0","129","50.5","0"
"A18066-WLS1001NC0TA","8991","Patti Tunic II ""Under the Same Sky""","8427","Size - S","0","129","50.5","0"
"A18066-WLS1001NC0TA","8991","Patti Tunic II ""Under the Same Sky""","8428","Size - M","0","129","50.5","0"
"A18066-WLS1001NC0TA","8991","Patti Tunic II ""Under the Same Sky""","8429","Size - L","1","129","50.5","0"
"A18066-WLS1001NC0TA","8991","Patti Tunic II ""Under the Same Sky""","8430","Size - XL","0","129","50.5","0"
"A18066-WLS1001NC0TA","8991","Patti Tunic II ""Under the Same Sky""","8431","Size - XS","1","129","50.5","0"
"A07020-UAC1201NC0AA","9013","Arthur Pillow ""Journey to the Spirit World""","","Arthur Pillow ""Journey to the Spirit World""","1","59","21","0"
"A18066-WNS0801NC0UA","9014","Kaplan Tank ""Under the Same Sky""","8437","Size - S","1","129","60","0"
"A18066-WNS0801NC0UA","9014","Kaplan Tank ""Under the Same Sky""","8438","Size - M","1","129","60","0"
"A18066-WNS0801NC0UA","9014","Kaplan Tank ""Under the Same Sky""","8439","Size - L","1","129","60","0"
"A18066-WNS0801NC0UA","9014","Kaplan Tank ""Under the Same Sky""","8440","Size - XL","1","129","60","0"
"A18066-WNS0801NC0UA","9014","Kaplan Tank ""Under the Same Sky""","8441","Size - XS","1","129","60","0"
"W13023-WSS0901NC09A","9017","K Smith T-Shirt ""Water and Spirit Buffalo""","8442","Size - S","1","89","35","0"
"W13023-WSS0901NC09A","9017","K Smith T-Shirt ""Water and Spirit Buffalo""","8443","Size - M","1","89","35","0"
"W13023-WSS0901NC09A","9017","K Smith T-Shirt ""Water and Spirit Buffalo""","8444","Size - L","1","89","35","0"
"W13023-WSS0901NC09A","9017","K Smith T-Shirt ""Water and Spirit Buffalo""","8445","Size - XL","1","89","35","0"
"W13023-WSS0901NC09A","9017","K Smith T-Shirt ""Water and Spirit Buffalo""","8446","Size - XS","1","89","35","0"
"A18066-WPA0801NC0UA","9020","Jackie II Leggings ""Under the Same Sky""","8457","Size - XS","0","109","45","0"
"A18066-WPA0801NC0UA","9020","Jackie II Leggings ""Under the Same Sky""","8458","Size - S","0","109","45","0"
"A18066-WPA0801NC0UA","9020","Jackie II Leggings ""Under the Same Sky""","8459","Size - M","1","109","45","0"
"A18066-WPA0801NC0UA","9020","Jackie II Leggings ""Under the Same Sky""","8460","Size - L","1","109","45","0"
"A18066-WPA0801NC0UA","9020","Jackie II Leggings ""Under the Same Sky""","8461","Size - XL","1","109","45","0"
"A16058-MSW0101NC04A","9026","Samo ""Silent Seekers""","8462","Size - S","0","109","45","0"
"A16058-MSW0101NC04A","9026","Samo ""Silent Seekers""","8463","Size - M","1","109","45","0"
"A16058-MSW0101NC04A","9026","Samo ""Silent Seekers""","8464","Size - L","1","109","45","0"
"A16058-MSW0101NC04A","9026","Samo ""Silent Seekers""","8465","Size - XL","1","109","45","0"
"WAC0801NC0WA","9027","Ava Poncho ""Earth Keeper""","","Ava Poncho ""Earth Keeper""","3","109","38","0"
"W12005-UAC0701NC0WA","9029","""Earth Keeper"" Mask","8466","Size - XS","0","18","15.94","0"
"W12005-UAC0701NC0WA","9029","""Earth Keeper"" Mask","8467","Size - S","0","18","15.94","0"
"W12005-UAC0701NC0WA","9029","""Earth Keeper"" Mask","8468","Size - L","2","18","15.94","0"
"W12005-UAC0701NC0WA","9029","""Earth Keeper"" Mask","8469","Size - XL","0","18","15.94","0"
"W12005-UAC0701NC0WA","9029","""Earth Keeper"" Mask","8470","Size - M","0","18","15.94","0"
"A20055-UAC0701NC0YA","9031","""Refuge"" Mask","8471","Size - XS","0","18","15.94","0"
"A20055-UAC0701NC0YA","9031","""Refuge"" Mask","8472","Size - S","0","18","15.94","0"
"A20055-UAC0701NC0YA","9031","""Refuge"" Mask","8473","Size - L","5","18","15.94","0"
"A20055-UAC0701NC0YA","9031","""Refuge"" Mask","8474","Size - XL","0","18","15.94","0"
"A20055-UAC0701NC0YA","9031","""Refuge"" Mask","8475","Size - M","0","18","15.94","0"
"A01036-UAC0701NC0ZA","9033","""Teachings"" Mask","8476","Size - XS","0","18","15.94","0"
"A01036-UAC0701NC0ZA","9033","""Teachings"" Mask","8477","Size - S","0","18","15.94","0"
"A01036-UAC0701NC0ZA","9033","""Teachings"" Mask","8478","Size - L","6","18","15.94","0"
"A01036-UAC0701NC0ZA","9033","""Teachings"" Mask","8479","Size - XL","0","18","15.94","0"
"A01036-UAC0701NC0ZA","9033","""Teachings"" Mask","8480","Size - M","0","18","15.94","0"
"A18066-WAC0201NC0UA","9038","Vivienne Scarf ""Refuge""","","Vivienne Scarf ""Refuge""","2","59","23","0"
"W20055-UAC1101NC0YA","9040","Melinda Western Scarf ""Refuge""","","Melinda Western Scarf ""Refuge""","2","59","23","0"
"A01036-UAC1101NC0ZA","9045","Melinda Western Scarf ""Teachings""","","Melinda Western Scarf ""Teachings""","0","59","23","0"
"A18066-UAC1101NC0UA","9046","Alice Neck Warmer ""Under the Same Sky""","","Alice Neck Warmer ""Under the Same Sky""","3","59","16.58","0"
"A12005-WBL0601NCOWA","9048","Kimono ""Earth Keeper""","8481","Size - TU/OS","0","129","49.5","0"
"A12005-WDR4501NC0WA","9049","Olivia Dress ""Earth Keeper""","8482","Size - XS","0","159","76","0"
"A12005-WDR4501NC0WA","9049","Olivia Dress ""Earth Keeper""","8483","Size - S","0","159","76","0"
"A12005-WDR4501NC0WA","9049","Olivia Dress ""Earth Keeper""","8484","Size - M","0","159","76","0"
"A12005-WDR4501NC0WA","9049","Olivia Dress ""Earth Keeper""","8485","Size - L","1","159","76","0"
"A12005-WDR4501NC0WA","9049","Olivia Dress ""Earth Keeper""","8486","Size - XL","0","159","76","0"
"A12005-WNS0901NC0WA","9050","Tilda Tank ""Earth Keeper""","8487","Size - XS","0","79","27","0"
"A12005-WNS0901NC0WA","9050","Tilda Tank ""Earth Keeper""","8488","Size - S","0","79","27","0"
"A12005-WNS0901NC0WA","9050","Tilda Tank ""Earth Keeper""","8489","Size - M","1","79","27","0"
"A12005-WNS0901NC0WA","9050","Tilda Tank ""Earth Keeper""","8490","Size - L","0","79","27","0"
"A12005-WNS0901NC0WA","9050","Tilda Tank ""Earth Keeper""","8491","Size - XL","1","79","27","0"
"46050","9058","Leather Wallet","11672","Colors - Black","4","22","9.25","0"
"46050","9058","Leather Wallet","11673","Colors - Cream","4","22","9.25","0"
"46050","9058","Leather Wallet","11674","Colors - Maple","2","22","9.25","0"
"A07020-WLS0701NC0AA","9059","Marlene Top ""Journey to the Spirit World""","8492","Size - S","0","139","79.5","0"
"A07020-WLS0701NC0AA","9059","Marlene Top ""Journey to the Spirit World""","8493","Size - M","0","139","79.5","0"
"A07020-WLS0701NC0AA","9059","Marlene Top ""Journey to the Spirit World""","8494","Size - XL","0","139","79.5","0"
"A07020-WLS0701NC0AA","9059","Marlene Top ""Journey to the Spirit World""","8495","Size - L","0","139","79.5","0"
"A07020-WLS0701NC0AA","9059","Marlene Top ""Journey to the Spirit World""","8496","Size - XS","1","139","79.5","0"
"A07020-WLS1701NC0AA","9060","Mia Turtleneck ""Journey to the Spirit World""","8497","Size - S","0","149","59.5","0"
"A07020-WLS1701NC0AA","9060","Mia Turtleneck ""Journey to the Spirit World""","8498","Size - M","0","149","59.5","0"
"A07020-WLS1701NC0AA","9060","Mia Turtleneck ""Journey to the Spirit World""","8499","Size - L","0","149","59.5","0"
"A07020-WLS1701NC0AA","9060","Mia Turtleneck ""Journey to the Spirit World""","8500","Size - XL","1","149","59.5","0"
"A07020-WLS1701NC0AA","9060","Mia Turtleneck ""Journey to the Spirit World""","8501","Size - XS","0","149","59.5","0"
"W12005-WSK0501NC0WA","9061","Elaine Skirt ""Earth Keeper""","8502","Size - S","1","149","63.5","0"
"W12005-WSK0501NC0WA","9061","Elaine Skirt ""Earth Keeper""","8503","Size - M","0","149","63.5","0"
"W12005-WSK0501NC0WA","9061","Elaine Skirt ""Earth Keeper""","8504","Size - L","0","149","63.5","0"
"W12005-WSK0501NC0WA","9061","Elaine Skirt ""Earth Keeper""","8505","Size - XL","0","149","63.5","0"
"W12005-WSK0501NC0WA","9061","Elaine Skirt ""Earth Keeper""","8506","Size - XS","1","149","63.5","0"
"A16051-WBL0601NCO5A","9062","Kimono ""Northern Keepers""","8587","Size - TU/OS","3","129","49.5","0"
"A07020-UAC1301NC0AA","9063","Rosa Headband ""Journey to the Spirit World""","","Rosa Headband ""Journey to the Spirit World""","0","49","13","0"
"A01036-WAC0201NC0ZA","9064","Vivienne Scarf ""Teachings""","","Vivienne Scarf ""Teachings""","3","59","23","0"
"180SB","9068","Ladies Concho","8508","Shoe Size - 4","0","175","99","0"
"180SB","9068","Ladies Concho","8509","Shoe Size - 5","0","175","99","0"
"180SB","9068","Ladies Concho","8510","Shoe Size - 6","0","175","99","0"
"180SB","9068","Ladies Concho","8511","Shoe Size - 7","0","175","99","0"
"180SB","9068","Ladies Concho","8512","Shoe Size - 8","1","175","99","0"
"180SB","9068","Ladies Concho","8513","Shoe Size - 9","0","175","99","0"
"180SB","9068","Ladies Concho","8514","Shoe Size - 10","0","175","99","0"
"180SB","9068","Ladies Concho","8515","Shoe Size - 11","0","175","99","0"
"SKU: 00-07-427","9110","Bill Helin Orca Earrings","","Bill Helin Orca Earrings","0","85","37","0"
"A16058-UAC0301NC04B","9116","Reuben Tote Bag ""Silent Seekers""","","Reuben Tote Bag ""Silent Seekers""","1","49","21","0"
"A07020-WLS1301NCOAA","9141","Jamie Top ""Journey to the Spirit World""","8518","Size - S","0","129","49.5","0"
"A07020-WLS1301NCOAA","9141","Jamie Top ""Journey to the Spirit World""","8519","Size - M","1","129","49.5","0"
"A07020-WLS1301NCOAA","9141","Jamie Top ""Journey to the Spirit World""","8520","Size - L","1","129","49.5","0"
"A07020-WLS1301NCOAA","9141","Jamie Top ""Journey to the Spirit World""","8521","Size - XL","1","129","49.5","0"
"A07020-WLS1301NCOAA","9141","Jamie Top ""Journey to the Spirit World""","8522","Size - XS","0","129","49.5","0"
"A07020-UAC0401NC0AA","9142","Nino Place Mats ""Journey to the Spirit World""","10358","Style - Square corners","1","15","6.5","0"
"A07020-UAC0401NC0AA","9142","Nino Place Mats ""Journey to the Spirit World""","10359","Style - Rounded corners","7","15","6.5","0"
"SKU: 00-07-430","9316","Bill Helin Hummingbird Brooch","","Bill Helin Hummingbird Brooch","0","76","0","0"
"SKU: 00-06-911","9329","Eagle Pâté Knife","8533","Style - Brush","2","50","19.5","0"
"SKU: 00-06-911","9329","Eagle Pâté Knife","8534","Style - High Polish","0","50","19.5","0"
"SKU: 00-06-101","9331","Raven Horn Serving Set - (sold separately)","8537","Style - Ladle - Brush","0","120","19.55","0"
"SKU: 00-06-101","9331","Raven Horn Serving Set - (sold separately)","8538","Style - Ladle - High Polish","1","120","19.55","0"
"SKU: 00-06-101","9331","Raven Horn Serving Set - (sold separately)","8539","Style - Slotted Ladle - Brush","1","120","19.55","0"
"SKU: 00-06-101","9331","Raven Horn Serving Set - (sold separately)","8540","Style - Slotted Ladle - High Polish","1","120","19.55","0"
"SKU: 00-06-197","9332","Letter Opener","","Letter Opener","1","74","24","0"
"SKU: 00-03-605","9334","Beaver","8546","Size - M","1","20","0","0"
"SKU: 00-03-605","9334","Beaver","8547","Size - L","1","30","0","0"
"SKU: 00-03-640","9338","Raccoon","8550","Size - M","0","21","0","8.5"
"SKU: 00-03-640","9338","Raccoon","8551","Size - L","1","32","0","14"
"SKU: 00-03-642","9339","Otter","8552","Size - L","1","32","0","32"
"SKU: 00-03-642","9339","Otter","8553","Size - M","0","19.95","0","8.5"
"SKU: 00-03-643","9340","Frog","8554","Size - L","0","32","0","13.5"
"SKU: 00-03-643","9340","Frog","11705","Size - M","0","20","0","8.5"
"SKU: 00-03-644","9341","Bear","8556","Size - L","2","36","0","15.5"
"SKU: 00-03-644","9341","Bear","11704","Size - M","0","0","0","9.5"
"SKU: 00-03-631","9342","Owl","","Owl","2","61","26.5","0"
"SKU: 00-03-632","9343","Seal","","Seal","2","61","26.5","0"
"SKU: 00-04-802","9344","Orca","","Orca","0","29","12.75","0"
"SKU: 00-03-634","9345","Polar Bear","","Polar Bear","1","69","30","0"
"SKU: 00-03-638","9346","Orca","8562","Size - L","0","72","0","31"
"SKU: 00-03-638","9346","Orca","8563","Size - M","1","36","0","15.5"
"SKU: 00-03-628","9347","Loon","8566","Size - S","2","23","0","10"
"SKU: 00-03-628","9347","Loon","8567","Size - M","3","36","0","15"
"SKU: 00-03-628","9347","Loon","8568","Size - L","2","72","0","31"
"SKU: 00-04-287","9348","Inuksuk","8569","Size - M","2","53","0","23"
"SKU: 00-04-287","9348","Inuksuk","8570","Size - L","2","57","0","24"
"SKU: 00-04-287","9348","Inuksuk","8571","Size - S","1","47","0","20"
"SKU: 00-03-815","9349","Inuit Ice Fishing","","Inuit Ice Fishing","0","177","77","0"
"SKU: 00-03-816","9350","Inuit Mother and Child","","Inuit Mother and Child","0","212","92","0"
"SKU: 00-03-814","9351","The Archer","","The Archer","0","178","77","0"
"SKU: 00-03-813","9352","Inuit Girl and Husky","","Inuit Girl and Husky","0","126.95","55","0"
"SKU: Colouring027","9382","Colouring Book ""Northern Keepers""","","Colouring Book ""Northern Keepers""","6","8.949999999999999","3.75","0"
"Palo Stick","9448","Palo Santo","","Palo Santo","10","2.7","1.25","0"
"3818","9489","Turquoise Bracelet","","Turquoise Bracelet","1","625","270","0"
"3819","9491","Turquoise Bracelet","","Turquoise Bracelet","1","575","250","0"
"3821","9493","Turquoise Bracelet","","Turquoise Bracelet","0","275","115","0"
"3822","9494","Bear Bracelet","","Bear Bracelet","2","295","125","0"
"3823","9495","Bear Bracelet","","Bear Bracelet","1","325","140","0"
"3825","9496","Floral Bracelet","","Floral Bracelet","1","230","100","0"
"3826","9497","Floral Bracelet","","Floral Bracelet","3","230","100","0"
"3829","9498","Turquoise Bracelet","","Turquoise Bracelet","0","395","16.5","0"
"3831","9499","Horse Bracelet","","Horse Bracelet","1","380","165","0"
"3833","9500","Turquoise Bracelet","","Turquoise Bracelet","1","345","150","0"
"3834","9501","Turquoise Bracelet","","Turquoise Bracelet","0","350","16.5","0"
"3836","9502","Malachite Bracelet","","Malachite Bracelet","0","235","16.5","0"
"3838","9503","Turquoise Bracelet","","Turquoise Bracelet","1","295","125","0"
"3840","9504","Turquoise Bracelet","","Turquoise Bracelet","0","145","16.5","0"
"3842","9505","Turquoise Bracelet","","Turquoise Bracelet","0","160","16.5","0"
"3844","9506","Turquoise Bracelet","","Turquoise Bracelet","1","150","65","0"
"3846","9507","Turquoise Bracelet","","Turquoise Bracelet","0","115","16.5","0"
"3849","9508","Turquoise Bracelet","","Turquoise Bracelet","0","115","16.5","0"
"3850","9509","Bear Paw Bracelet","","Bear Paw Bracelet","2","175","76","0"
"3848","9510","Turquoise Bracelet","","Turquoise Bracelet","1","130","56","0"
"3852","9511","Lapis Lazuli Bracelet","","Lapis Lazuli Bracelet","0","160","16.5","0"
"3853","9512","Lapis Lazuli Bracelet","","Lapis Lazuli Bracelet","0","175","16.5","0"
"3855","9513","Onyx Bracelet","","Onyx Bracelet","0","160","16.5","0"
"3856","9514","Mohave Bracelet","","Mohave Bracelet","0","190","16.5","0"
"3857","9515","Mohave Bracelet","","Mohave Bracelet","1","595","255","0"
"CC200","9528","GIFT CARD $200","","GIFT CARD $200","995","200","0","0"
"Fairy Stones","9537","Stones - Fairy","9130","Size - S","10","9.25","0","4"
"Fairy Stones","9537","Stones - Fairy","9131","Size - M","9","14","0","6"
"Fairy Stones","9537","Stones - Fairy","9132","Size - L","3","18","0","7.8"
"Fairy Stones","9537","Stones - Fairy","9133","Size - XS","47","7.95","0","3.45"
"Fairy Stones","9537","Stones - Fairy","9287","Size - XL","44","24","0","10.4"
"Fairy Stones","9537","Stones - Fairy","9288","Size - XXL","0","28","0","12.15"
"3861","9545","Larimar Bracelet","","Larimar Bracelet","1","380","165","0"
"3863","9546","Turquoise Bracelet","","Turquoise Bracelet","0","390","16.5","0"
"3864","9547","Feather Bracelet","","Feather Bracelet","1","325","140","0"
"3866","9549","Sungod Bracelet","","Sungod Bracelet","0","145","16.5","0"
"3867","9550","Sterling Bracelet","","Sterling Bracelet","1","425","180","0"
"3868","9551","Wolf Bracelet","","Wolf Bracelet","1","225","95","0"
"3870","9553","Sterling Bracelet","","Sterling Bracelet","0","495","165","0"
"3874","9555","Sterling Bracelet","","Sterling Bracelet","0","205","16.5","0"
"3879","9557","Sterling Bracelet","","Sterling Bracelet","0","260","16.5","0"
"3880","9558","Sterling Bracelet","","Sterling Bracelet","0","95","16.5","0"
"3881","9559","Floral Bracelet","","Floral Bracelet","0","295","16.5","0"
"3882","9560","Turquoise Bracelet","","Turquoise Bracelet","1","780","335","0"
"3883","9562","Turquoise Bracelet","","Turquoise Bracelet","1","500","215","0"
"3885","9563","Turquoise Bracelet","","Turquoise Bracelet","1","500","215","0"
"3893","9564","Larimar Bracelet","","Larimar Bracelet","1","300","130","0"
"3899","9565","Turquoise Bracelet","","Turquoise Bracelet","1","130","55","0"
"3900","9566","Lapis Lazuli Bracelet","","Lapis Lazuli Bracelet","1","130","55","0"
"3901","9567","Turquoise Bracelet","","Turquoise Bracelet","0","130","16.5","0"
"3902","9568","Bear Claw Bracelet","","Bear Claw Bracelet","1","135","58","0"
"3905","9569","Coral Bracelet","8584","Jewelry - Diameter 5.5 cm x 4 cm","0","115","16.5","0"
"3905","9569","Coral Bracelet","8585","Jewelry - Diameter 5.6 cm x 4.3 cm","0","115","16.5","0"
"3910","9572","Zuni Bracelet","","Zuni Bracelet","0","125","16.5","0"
"3911","9573","Zuni Bracelet","","Zuni Bracelet","0","215","16.5","0"
"3913","9574","Opalite Bracelet","","Opalite Bracelet","0","125","16.5","0"
"3918","9575","Bear Paw Bracelet","","Bear Paw Bracelet","0","125","16.5","0"
"3920","9684","Bear Paw Bracelet","","Bear Paw Bracelet","1","115","50","0"
"3922","9685","Bear Paw Bracelet","","Bear Paw Bracelet","5","175","16.5","0"
"3923","9686","Bear Paw Bracelet","","Bear Paw Bracelet","2","175","16.5","0"
"3924","9687","Bear Paw Bracelet","","Bear Paw Bracelet","0","125","16.5","0"
"3925","9688","Bear Bracelet","","Bear Bracelet","0","295","125","0"
"3926","9689","Bear Bracelet","","Bear Bracelet","0","295","16.5","0"
"3929","9691","Buffalo Bracelet","","Buffalo Bracelet","0","240","16.5","0"
"3932","9692","Child's Bracelet","","Child's Bracelet","1","35","15","0"
"3933","9693","Child's Bracelet","","Child's Bracelet","1","60","26","0"
"3934","9694","Child's Bracelet","","Child's Bracelet","0","35","16.5","0"
"3935","9695","Child's Bracelet","","Child's Bracelet","0","35","16.5","0"
"3936","9696","Child's Bracelet","","Child's Bracelet","1","35","15","0"
"3937","9697","Child's Bracelet","","Child's Bracelet","1","35","15","0"
"3940","9698","Child's Bracelet","","Child's Bracelet","1","60","26","0"
"3941","9699","Child's Bracelet","","Child's Bracelet","1","60","26","0"
"3943","9700","Beaded Child's Bracelet","","Beaded Child's Bracelet","0","25","16.5","0"
"3944","9701","Beaded Child's Bracelet","","Beaded Child's Bracelet","0","25","16.5","0"
"3945","9702","Beaded Child's Bracelet","","Beaded Child's Bracelet","0","25","16.5","0"
"3946","9703","Beaded Child's Bracelet","","Beaded Child's Bracelet","0","25","16.5","0"
"3948","9704","Buffalo Turquoise Bracelet","","Buffalo Turquoise Bracelet","0","275","16.5","0"
"3949","9705","Floral Bracelet","","Floral Bracelet","0","325","16.5","0"
"3950","9706","Turquoise Bracelet","","Turquoise Bracelet","0","625","16.5","0"
"3952","9707","Oval Bracelet","","Oval Bracelet","1","355","150","0"
"3953","9708","Bear Claw Bracelet","","Bear Claw Bracelet","0","395","16.5","0"
"3954","9709","Eagle Bracelet","","Eagle Bracelet","1","595","255","0"
"3955","9710","Bear Paw Bracelet","","Bear Paw Bracelet","0","335","16.5","0"
"3956","9711","Turquoise Bracelet","","Turquoise Bracelet","0","300","16.5","0"
"W13023-WNS0701NC01A","9767","Coco Tank ""Wisdom Keepers""","8588","Size - S","1","79","34.35","0"
"W13023-WNS0701NC01A","9767","Coco Tank ""Wisdom Keepers""","8589","Size - M","2","79","34.35","0"
"W13023-WNS0701NC01A","9767","Coco Tank ""Wisdom Keepers""","8590","Size - L","1","79","34.35","0"
"W13023-WNS0701NC01A","9767","Coco Tank ""Wisdom Keepers""","8591","Size - XL","1","79","34.35","0"
"W13023-WNS0701NC01A","9767","Coco Tank ""Wisdom Keepers""","8592","Size - XS","1","79","34.35","0"
"FAB-17A","9809","17A Shaman Painted River Pebble","","17A Shaman Painted River Pebble","17","5.5","1.5","0"
"W13023-WPA0301NC11A","9851","Carla Palazzo ""Water and Spirit Buffalo at Sunset""","8738","Size - XS","0","189","74","0"
"W13023-WPA0301NC11A","9851","Carla Palazzo ""Water and Spirit Buffalo at Sunset""","8739","Size - S","1","189","74","0"
"W13023-WPA0301NC11A","9851","Carla Palazzo ""Water and Spirit Buffalo at Sunset""","8740","Size - M","0","189","74","0"
"W13023-WPA0301NC11A","9851","Carla Palazzo ""Water and Spirit Buffalo at Sunset""","8741","Size - L","0","189","74","0"
"W13023-WPA0301NC11A","9851","Carla Palazzo ""Water and Spirit Buffalo at Sunset""","8742","Size - XL","0","189","74","0"
"W13023-WAC0501NC11A","9854","Vivienne Scarf ""Water and Spirit Buffalo at Sunset""","","Vivienne Scarf ""Water and Spirit Buffalo at Sunset""","4","59","20","0"
"W13023-WAC0501NC12A","9856","Vivienne Scarf ""Water and Spirit Buffalo at Moonrise""","","Vivienne Scarf ""Water and Spirit Buffalo at Moonrise""","3","59","20","0"
"A04015-WAC0501NC14A","9857","Vivienne Scarf ""Rebirth""","","Vivienne Scarf ""Rebirth""","3","59","20","0"
"A08019-WAC0501NC13A","9858","Vivienne Scarf ""Unity""","","Vivienne Scarf ""Unity""","3","59","20","0"
"W13023-WDR2601NC11A","9860","Kate Dress ""Water and Spirit Buffalo at Sunset""","8603","Size - S","1","169","64.5","0"
"W13023-WDR2601NC11A","9860","Kate Dress ""Water and Spirit Buffalo at Sunset""","8604","Size - M","0","169","64.5","0"
"W13023-WDR2601NC11A","9860","Kate Dress ""Water and Spirit Buffalo at Sunset""","8605","Size - L","1","169","64.5","0"
"W13023-WDR2601NC11A","9860","Kate Dress ""Water and Spirit Buffalo at Sunset""","8606","Size - XL","0","169","64.5","0"
"W13023-WDR2601NC11A","9860","Kate Dress ""Water and Spirit Buffalo at Sunset""","8607","Size - XS","0","169","64.5","0"
"A04015-WDR2601NC14A","9861","Kate Dress ""Rebirth""","8608","Size - S","0","169","64.5","0"
"A04015-WDR2601NC14A","9861","Kate Dress ""Rebirth""","8609","Size - M","0","169","64.5","0"
"A04015-WDR2601NC14A","9861","Kate Dress ""Rebirth""","8610","Size - L","0","169","64.5","0"
"A04015-WDR2601NC14A","9861","Kate Dress ""Rebirth""","8611","Size - XL","0","169","64.5","0"
"A04015-WDR2601NC14A","9861","Kate Dress ""Rebirth""","8612","Size - XS","1","169","64.5","0"
"W13023-WDR3801NC12A","9863","Felicia ""Water and Spirit Buffalo at Moonrise""","8618","Size - S","1","149","62","0"
"W13023-WDR3801NC12A","9863","Felicia ""Water and Spirit Buffalo at Moonrise""","8619","Size - M","0","149","62","0"
"W13023-WDR3801NC12A","9863","Felicia ""Water and Spirit Buffalo at Moonrise""","8620","Size - L","0","149","62","0"
"W13023-WDR3801NC12A","9863","Felicia ""Water and Spirit Buffalo at Moonrise""","8621","Size - XL","0","149","62","0"
"W13023-WDR3801NC12A","9863","Felicia ""Water and Spirit Buffalo at Moonrise""","8622","Size - XS","0","149","62","0"
"W13023-WNS0701NC12A","9864","Coco Tank ""Water and Spirit Buffalo at Moonrise""","8623","Size - S","1","79","34.35","0"
"W13023-WNS0701NC12A","9864","Coco Tank ""Water and Spirit Buffalo at Moonrise""","8624","Size - M","0","79","34.35","0"
"W13023-WNS0701NC12A","9864","Coco Tank ""Water and Spirit Buffalo at Moonrise""","8625","Size - L","0","79","34.35","0"
"W13023-WNS0701NC12A","9864","Coco Tank ""Water and Spirit Buffalo at Moonrise""","8626","Size - XL","0","79","34.35","0"
"W13023-WNS0701NC12A","9864","Coco Tank ""Water and Spirit Buffalo at Moonrise""","8627","Size - XS","1","79","34.35","0"
"W08019-WNS0701NC13A","9865","Coco Tank ""Unity""","8628","Size - S","0","79","34.35","0"
"W08019-WNS0701NC13A","9865","Coco Tank ""Unity""","8629","Size - M","0","79","34.35","0"
"W08019-WNS0701NC13A","9865","Coco Tank ""Unity""","8630","Size - L","0","79","34.35","0"
"W08019-WNS0701NC13A","9865","Coco Tank ""Unity""","8631","Size - XL","1","79","34.35","0"
"W08019-WNS0701NC13A","9865","Coco Tank ""Unity""","8632","Size - XS","0","79","34.35","0"
"W13023-WSK0501NC09A","9866","Elaine Skirt ""Water and Spirit Buffalo""","8633","Size - S","1","149","63.5","0"
"W13023-WSK0501NC09A","9866","Elaine Skirt ""Water and Spirit Buffalo""","8634","Size - M","0","149","63.5","0"
"W13023-WSK0501NC09A","9866","Elaine Skirt ""Water and Spirit Buffalo""","8635","Size - L","0","149","63.5","0"
"W13023-WSK0501NC09A","9866","Elaine Skirt ""Water and Spirit Buffalo""","8636","Size - XL","0","149","63.5","0"
"W13023-WSK0501NC09A","9866","Elaine Skirt ""Water and Spirit Buffalo""","8637","Size - XS","1","149","63.5","0"
"W13023-WSK0501NC11A","9867","Elaine Skirt ""Water and Spirit Buffalo at Sunset""","8638","Size - S","0","149","63.5","0"
"W13023-WSK0501NC11A","9867","Elaine Skirt ""Water and Spirit Buffalo at Sunset""","8639","Size - M","1","149","63.5","0"
"W13023-WSK0501NC11A","9867","Elaine Skirt ""Water and Spirit Buffalo at Sunset""","8640","Size - L","1","149","63.5","0"
"W13023-WSK0501NC11A","9867","Elaine Skirt ""Water and Spirit Buffalo at Sunset""","8641","Size - XL","1","149","63.5","0"
"W13023-WSK0501NC11A","9867","Elaine Skirt ""Water and Spirit Buffalo at Sunset""","8642","Size - XS","1","149","63.5","0"
"W13023-WSK0501NC12A","9868","Elaine Skirt ""Water and Spirit Buffalo at Moonrise""","8643","Size - S","0","149","63.5","0"
"W13023-WSK0501NC12A","9868","Elaine Skirt ""Water and Spirit Buffalo at Moonrise""","8644","Size - M","2","149","63.5","0"
"W13023-WSK0501NC12A","9868","Elaine Skirt ""Water and Spirit Buffalo at Moonrise""","8645","Size - L","1","149","63.5","0"
"W13023-WSK0501NC12A","9868","Elaine Skirt ""Water and Spirit Buffalo at Moonrise""","8646","Size - XL","0","149","63.5","0"
"W13023-WSK0501NC12A","9868","Elaine Skirt ""Water and Spirit Buffalo at Moonrise""","8647","Size - XS","1","149","63.5","0"
"A04015-WSK0501NC14A","9869","Elaine Skirt ""Rebirth""","8648","Size - S","1","149","63.5","0"
"A04015-WSK0501NC14A","9869","Elaine Skirt ""Rebirth""","8649","Size - M","1","149","63.5","0"
"A04015-WSK0501NC14A","9869","Elaine Skirt ""Rebirth""","8650","Size - L","1","149","63.5","0"
"A04015-WSK0501NC14A","9869","Elaine Skirt ""Rebirth""","8651","Size - XL","1","149","63.5","0"
"A04015-WSK0501NC14A","9869","Elaine Skirt ""Rebirth""","8652","Size - XS","0","149","63.5","0"
"A20055-WSK0501NCOYA","9870","Elaine Skirt ""Refuge""","8653","Size - S","0","149","63.5","0"
"A20055-WSK0501NCOYA","9870","Elaine Skirt ""Refuge""","8654","Size - M","2","149","63.5","0"
"A20055-WSK0501NCOYA","9870","Elaine Skirt ""Refuge""","8655","Size - L","1","149","63.5","0"
"A20055-WSK0501NCOYA","9870","Elaine Skirt ""Refuge""","8656","Size - XL","1","149","63.5","0"
"A20055-WSK0501NCOYA","9870","Elaine Skirt ""Refuge""","8657","Size - XS","0","149","63.5","0"
"A04015-WSS1201NC14A","9893","Sylvie Tunic ""Rebirth""","8658","Size - S","1","139","69","0"
"A04015-WSS1201NC14A","9893","Sylvie Tunic ""Rebirth""","8659","Size - M","1","139","69","0"
"A04015-WSS1201NC14A","9893","Sylvie Tunic ""Rebirth""","8660","Size - L","0","139","69","0"
"A04015-WSS1201NC14A","9893","Sylvie Tunic ""Rebirth""","8661","Size - XL","1","139","69","0"
"A04015-WSS1201NC14A","9893","Sylvie Tunic ""Rebirth""","8662","Size - XS","1","139","69","0"
"WSS1201NC13A","9894","Sylvie Tunic ""Unity""","8663","Size - S","0","139","69","0"
"WSS1201NC13A","9894","Sylvie Tunic ""Unity""","8664","Size - M","0","139","69","0"
"WSS1201NC13A","9894","Sylvie Tunic ""Unity""","8665","Size - L","0","139","69","0"
"WSS1201NC13A","9894","Sylvie Tunic ""Unity""","8666","Size - XL","0","139","69","0"
"WSS1201NC13A","9894","Sylvie Tunic ""Unity""","8667","Size - XS","0","139","69","0"
"A04015-WNS0901NC14A","9895","Tilda Tank ""Rebirth""","8668","Size - S","1","79","27","0"
"A04015-WNS0901NC14A","9895","Tilda Tank ""Rebirth""","8669","Size - M","0","79","27","0"
"A04015-WNS0901NC14A","9895","Tilda Tank ""Rebirth""","8670","Size - L","0","79","27","0"
"A04015-WNS0901NC14A","9895","Tilda Tank ""Rebirth""","8671","Size - XL","0","79","27","0"
"A04015-WNS0901NC14A","9895","Tilda Tank ""Rebirth""","8672","Size - XS","1","79","27","0"
"A18019-WBL0301NC13A","9896","Frida Cardigan ""Unity""","8673","Size - S","0","129","52.5","0"
"A18019-WBL0301NC13A","9896","Frida Cardigan ""Unity""","8674","Size - M","1","129","52.5","0"
"A18019-WBL0301NC13A","9896","Frida Cardigan ""Unity""","8675","Size - L","0","129","52.5","0"
"A18019-WBL0301NC13A","9896","Frida Cardigan ""Unity""","8676","Size - XL","0","129","52.5","0"
"A18019-WBL0301NC13A","9896","Frida Cardigan ""Unity""","8677","Size - XS","0","129","52.5","0"
"A08019-WDR4501NC13A","9898","Olivia Dress ""Unity""","8678","Size - S","1","159","76","0"
"A08019-WDR4501NC13A","9898","Olivia Dress ""Unity""","8679","Size - M","0","159","76","0"
"A08019-WDR4501NC13A","9898","Olivia Dress ""Unity""","8680","Size - L","0","159","76","0"
"A08019-WDR4501NC13A","9898","Olivia Dress ""Unity""","8681","Size - XL","0","159","76","0"
"A08019-WDR4501NC13A","9898","Olivia Dress ""Unity""","8682","Size - XS","0","159","76","0"
"W13023-WNS1201NC11A","9899","Tamara Top ""Spirit and Water Buffalo at Sunset""","8683","Size - S","1","129","60.5","0"
"W13023-WNS1201NC11A","9899","Tamara Top ""Spirit and Water Buffalo at Sunset""","8684","Size - M","0","129","60.5","0"
"W13023-WNS1201NC11A","9899","Tamara Top ""Spirit and Water Buffalo at Sunset""","8685","Size - L","0","129","60.5","0"
"W13023-WNS1201NC11A","9899","Tamara Top ""Spirit and Water Buffalo at Sunset""","8686","Size - XL","0","129","60.5","0"
"W13023-WNS1201NC11A","9899","Tamara Top ""Spirit and Water Buffalo at Sunset""","8687","Size - XS","1","129","60.5","0"
"W13023-WNS1201NC12A","9900","Tamara Top ""Spirit and Water Buffalo at Moonrise""","8688","Size - S","0","129","60.5","0"
"W13023-WNS1201NC12A","9900","Tamara Top ""Spirit and Water Buffalo at Moonrise""","8689","Size - M","1","129","60.5","0"
"W13023-WNS1201NC12A","9900","Tamara Top ""Spirit and Water Buffalo at Moonrise""","8690","Size - L","0","129","60.5","0"
"W13023-WNS1201NC12A","9900","Tamara Top ""Spirit and Water Buffalo at Moonrise""","8691","Size - XL","0","129","60.5","0"
"W13023-WNS1201NC12A","9900","Tamara Top ""Spirit and Water Buffalo at Moonrise""","8692","Size - XS","1","129","60.5","0"
"A08019-WNS1201NC13A","9901","Tamara Top ""Unity""","8693","Size - S","0","129","50","0"
"A08019-WNS1201NC13A","9901","Tamara Top ""Unity""","8694","Size - M","1","129","50","0"
"A08019-WNS1201NC13A","9901","Tamara Top ""Unity""","8695","Size - L","0","129","50","0"
"A08019-WNS1201NC13A","9901","Tamara Top ""Unity""","8696","Size - XL","0","129","50","0"
"A08019-WNS1201NC13A","9901","Tamara Top ""Unity""","8697","Size - XS","0","129","50","0"
"A04015-WBL1401NC14A","9903","Elani Kimono ""Rebirth""","8700","Size - TU/OS","1","149","74","0"
"W13023-WSS1801NC12A","9906","Julie Drape ""Spirit and Water Buffalo at Moonrise""","8708","Size - S","1","79","35.5","0"
"W13023-WSS1801NC12A","9906","Julie Drape ""Spirit and Water Buffalo at Moonrise""","8709","Size - M","1","79","35.5","0"
"W13023-WSS1801NC12A","9906","Julie Drape ""Spirit and Water Buffalo at Moonrise""","8710","Size - L","0","79","35.5","0"
"W13023-WSS1801NC12A","9906","Julie Drape ""Spirit and Water Buffalo at Moonrise""","8711","Size - XL","0","79","35.5","0"
"W13023-WSS1801NC12A","9906","Julie Drape ""Spirit and Water Buffalo at Moonrise""","8712","Size - XS","0","79","35.5","0"
"A04015-WDR4701NC14A","9908","Lea Dress ""Rebirth""","8718","Size - S","1","149","68.5","0"
"A04015-WDR4701NC14A","9908","Lea Dress ""Rebirth""","8719","Size - M","0","149","68.5","0"
"A04015-WDR4701NC14A","9908","Lea Dress ""Rebirth""","8720","Size - L","0","149","68.5","0"
"A04015-WDR4701NC14A","9908","Lea Dress ""Rebirth""","8721","Size - XL","0","149","68.5","0"
"A04015-WDR4701NC14A","9908","Lea Dress ""Rebirth""","8722","Size - XS","0","149","68.5","0"
"A04015-WDR4901NC14A","9909","Carrie Dress ""Rebirth""","8723","Size - S","0","149","78.5","0"
"A04015-WDR4901NC14A","9909","Carrie Dress ""Rebirth""","8724","Size - M","1","149","78.5","0"
"A04015-WDR4901NC14A","9909","Carrie Dress ""Rebirth""","8725","Size - L","1","149","78.5","0"
"A04015-WDR4901NC14A","9909","Carrie Dress ""Rebirth""","8726","Size - XL","0","149","78.5","0"
"A04015-WDR4901NC14A","9909","Carrie Dress ""Rebirth""","8727","Size - XS","0","149","78.5","0"
"A08019-WDR4901NC13A","9910","Carrie Dress ""Unity""","8728","Size - S","1","149","78.5","0"
"A08019-WDR4901NC13A","9910","Carrie Dress ""Unity""","8729","Size - M","0","149","78.5","0"
"A08019-WDR4901NC13A","9910","Carrie Dress ""Unity""","8730","Size - L","1","149","78.5","0"
"A08019-WDR4901NC13A","9910","Carrie Dress ""Unity""","8731","Size - XL","0","149","78.5","0"
"A08019-WDR4901NC13A","9910","Carrie Dress ""Unity""","8732","Size - XS","0","149","78.5","0"
"A04015-WLS2801NC14A","9911","Eden Tunic ""Rebirth""","8733","Size - S","0","139","61.89","0"
"A04015-WLS2801NC14A","9911","Eden Tunic ""Rebirth""","8734","Size - M","1","139","61.89","0"
"A04015-WLS2801NC14A","9911","Eden Tunic ""Rebirth""","8735","Size - L","1","139","61.89","0"
"A04015-WLS2801NC14A","9911","Eden Tunic ""Rebirth""","8736","Size - XL","0","139","61.89","0"
"A04015-WLS2801NC14A","9911","Eden Tunic ""Rebirth""","8737","Size - XS","0","139","61.89","0"
"A10004-WSK0501NC01A","9922","Elaine Skirt ""Merging Earth and Sky""","8743","Size - S","1","149","63.5","0"
"A10004-WSK0501NC01A","9922","Elaine Skirt ""Merging Earth and Sky""","8744","Size - M","1","149","63.5","0"
"A10004-WSK0501NC01A","9922","Elaine Skirt ""Merging Earth and Sky""","8745","Size - L","1","149","63.5","0"
"A10004-WSK0501NC01A","9922","Elaine Skirt ""Merging Earth and Sky""","8746","Size - XL","0","149","63.5","0"
"A10004-WSK0501NC01A","9922","Elaine Skirt ""Merging Earth and Sky""","8747","Size - XS","1","149","63.5","0"
"ER","9996","Essential Oils Roll On","10180","Wellness - Eagle's Whisper","2","29.95","12.99","0"
"ER","9996","Essential Oils Roll On","10181","Wellness - Mother Nature","3","29.95","12.99","0"
"ER","9996","Essential Oils Roll On","10182","Wellness - Nature's Breath","4","29.95","12.99","0"
"ER","9996","Essential Oils Roll On","10183","Wellness - Ojibway Sun","2","29.95","12.99","0"
"ER","9996","Essential Oils Roll On","10184","Wellness - Sacred Land","3","29.95","12.99","0"
"ER","9996","Essential Oils Roll On","10185","Wellness - Sweet Dreams","2","29.95","12.99","0"
"ER","9996","Essential Oils Roll On","10263","Wellness - Sacred sweetgrass","2","29.95","12.99","0"
"ER","9996","Essential Oils Roll On","10264","Wellness - Cedar","2","29.95","12.99","0"
"ER","9996","Essential Oils Roll On","10265","Wellness - Sage","3","29.95","12.99","0"
"ER","9996","Essential Oils Roll On","10266","Wellness - Power Blend","1","29.95","12.99","0"
"ES","9997","Essential Oils Spray","10186","Wellness - Eagle's Whisper","1","29.95","12.99","0"
"ES","9997","Essential Oils Spray","10187","Wellness - Mother Nature","2","29.95","12.99","0"
"ES","9997","Essential Oils Spray","10188","Wellness - Nature's Breath","1","29.95","12.99","0"
"ES","9997","Essential Oils Spray","10189","Wellness - Ojibway Sun","3","29.95","12.99","0"
"ES","9997","Essential Oils Spray","10190","Wellness - Sacred Land","3","29.95","12.99","0"
"ES","9997","Essential Oils Spray","10191","Wellness - Sweet Dreams","3","29.95","12.99","0"
"ES","9997","Essential Oils Spray","10192","Wellness - Cedar","2","29.95","12.99","0"
"ES","9997","Essential Oils Spray","10193","Wellness - Sage","0","29.95","12.99","0"
"ES","9997","Essential Oils Spray","10194","Wellness - Sweetgrass","0","29.95","12.99","0"
"ES","9997","Essential Oils Spray","10195","Wellness - Power Blend","0","29.95","12.99","0"
"DC101","10209","Dream Catcher","8870","Colors - Forest Green","0","8.949999999999999","0","0"
"DC101","10209","Dream Catcher","8871","Colors - White","0","8.949999999999999","0","0"
"DC133","10213","Dream Catcher ""Wanderer""","","Dream Catcher ""Wanderer""","2","133.95","58.25","0"
"DC134","10214","Dream Catcher ""Wanderer""","","Dream Catcher ""Wanderer""","3","133.95","58.25","0"
"DC135","10215","Dream Catcher ""Wanderer""","","Dream Catcher ""Wanderer""","2","133.95","58.25","0"
"DC136","10216","Dream Catcher ""Wanderer""","","Dream Catcher ""Wanderer""","1","133.95","58.25","0"
"DC171","10217","Dream Catcher ""Generations""","8876","Colors - Purple","2","59.95","26.25","0"
"DC171","10217","Dream Catcher ""Generations""","8877","Colors - Tan","3","59.95","26.25","0"
"DC171","10217","Dream Catcher ""Generations""","8878","Colors - White","3","59.95","26.25","0"
"DC191","10219","Dream Catcher ""Generations""","8879","Colors - Tan","2","132.95","58","0"
"DC191","10219","Dream Catcher ""Generations""","8880","Colors - White","1","132.95","58","0"
"DC191","10219","Dream Catcher ""Generations""","8881","Colors - Purple","3","132.95","58","0"
"DC30","10220","Dream Catcher","8884","Colors - Black","10","10.95","4","0"
"DC30","10220","Dream Catcher","8885","Colors - Light Brown","11","10.95","4","0"
"DC30","10220","Dream Catcher","8886","Colors - Tan","11","10.95","4","0"
"DC30","10220","Dream Catcher","8887","Colors - White","10","10.95","4","0"
"DC30","10220","Dream Catcher","9224","Colors - Dark Brown","0","10.95","4","0"
"DC3001","10221","Aromatic Dream Catcher","","Aromatic Dream Catcher","3","16.95","7.3","0"
"DC3002","10222","Aromatic Dream Catcher","","Aromatic Dream Catcher","2","16.95","7.3","0"
"DC3003","10223","Aromatic Dream Catcher","","Aromatic Dream Catcher","5","16.95","7.3","0"
"DC3004","10224","Aromatic Dream Catcher","","Aromatic Dream Catcher","2","16.95","7.3","0"
"DC3051","10225","Aromatic Dream Catcher","","Aromatic Dream Catcher","0","13.95","7.3","0"
"DC3052","10226","Aromatic Dream Catcher","","Aromatic Dream Catcher","0","13.95","7.3","0"
"DC3053","10227","Aromatic Dream Catcher","","Aromatic Dream Catcher","3","13.95","7.3","0"
"DC3054","10228","Aromatic Dream Catcher","","Aromatic Dream Catcher","0","13.95","7.3","0"
"DC341","10230","Dream Catcher","8894","Colors - Light Blue","3","11.95","5.25","0"
"DC341","10230","Dream Catcher","8895","Colors - Dark Brown","4","11.95","5.25","0"
"DC341","10230","Dream Catcher","8896","Colors - Lavender","4","11.95","5.25","0"
"DC341","10230","Dream Catcher","8897","Colors - Tan","4","11.95","5.25","0"
"DC341","10230","Dream Catcher","9003","Colors - Pink","0","11.95","5.25","0"
"DC341","10230","Dream Catcher","9004","Colors - Apple Green","0","11.95","5.25","0"
"DC341","10230","Dream Catcher","9345","Colors - White","13","11.95","5.25","0"
"DC342","10231","Dream Catcher","8902","Colors - Light Brown","5","12.95","4.75","0"
"DC342","10231","Dream Catcher","8903","Colors - Pink","6","12.95","4.75","0"
"DC342","10231","Dream Catcher","8904","Colors - Purple","7","12.95","4.75","0"
"DC342","10231","Dream Catcher","8905","Colors - Turquoise","8","12.95","4.75","0"
"DC342","10231","Dream Catcher","9010","Colors - Beige","1","12.95","4.75","0"
"DC342","10231","Dream Catcher","9011","Colors - Royal Blue","0","12.95","4.75","0"
"DC342","10231","Dream Catcher","10262","Colors - White","7","12.95","4.75","0"
"DCV41","10232","Dream Catcher ""Energy""","","Dream Catcher ""Energy""","0","66.95","29","0"
"DCV42","10233","Dream Catcher ""Energy""","","Dream Catcher ""Energy""","2","66.95","29.1","0"
"DCV43","10234","Dream Catcher ""Energy""","","Dream Catcher ""Energy""","1","66.95","29.1","0"
"DCV44","10235","Dream Catcher ""Energy""","","Dream Catcher ""Energy""","1","66.95","29.1","0"
"DC410","10236","Dream Catcher","8910","Colors - Light Blue","2","11.95","4.75","0"
"DC410","10236","Dream Catcher","8911","Colors - Lavender","5","11.95","4.75","0"
"DC410","10236","Dream Catcher","8912","Colors - Mint","4","11.95","4.75","0"
"DC410","10236","Dream Catcher","8913","Colors - Pink","2","11.95","4.75","0"
"DC410","10236","Dream Catcher","10289","Colors - White","6","11.95","4.75","0"
"DC410","10236","Dream Catcher","11816","Colors - Tan","5","11.95","4.75","0"
"DC472","10237","Dream Catcher","8916","Colors - Purple","3","15.95","6.5","0"
"DC472","10237","Dream Catcher","8917","Colors - Tan","1","15.95","6.5","0"
"DC472","10237","Dream Catcher","10607","Colors - White","1","15.95","6.5","0"
"DC473","10238","Dream Catcher","8920","Colors - Dark Brown","3","21.95","9.1","0"
"DC473","10238","Dream Catcher","8921","Colors - Tan","10","21.95","9.1","0"
"DC476","10239","Dream Catcher","8924","Colors - Dark Brown","3","38.95","17","0"
"DC476","10239","Dream Catcher","8925","Colors - Tan","2","38.95","17","0"
"DC479","10240","Dream Catcher","8928","Colors - Dark Brown","5","59.95","26","0"
"DC479","10240","Dream Catcher","8929","Colors - Tan","6","59.95","26","0"
"DC483","10241","Dream Catcher","8933","Colors - Purple","5","21.95","9.5","0"
"DC483","10241","Dream Catcher","8934","Colors - White","0","21.95","9.5","0"
"DC483","10241","Dream Catcher","8936","Colors - Turquoise","9","21.95","9.5","0"
"DC486","10242","Dream Catcher","8941","Colors - Purple","8","38.95","17","0"
"DC486","10242","Dream Catcher","8942","Colors - Turquoise","6","38.95","17","0"
"DC486","10242","Dream Catcher","12358","Colors - White","6","38.95","17","0"
"DC618","10243","""Magical"" Dream Catcher","8947","Colors - Black","0","13.95","5.75","0"
"DC618","10243","""Magical"" Dream Catcher","8948","Colors - Lavender","12","13.95","5.75","0"
"DC618","10243","""Magical"" Dream Catcher","8949","Colors - Purple","13","13.95","5.75","0"
"DC618","10243","""Magical"" Dream Catcher","8950","Colors - Turquoise","11","13.95","5.75","0"
"DC618","10243","""Magical"" Dream Catcher","8951","Colors - White","11","13.95","5.75","0"
"DC618","10243","""Magical"" Dream Catcher","9063","Colors - Royal Blue","0","13.95","5.75","0"
"DC620","10246","""Magical"" Dream Catcher","8957","Colors - Black","0","18.95","8.25","0"
"DC620","10246","""Magical"" Dream Catcher","8958","Colors - Lavender","6","18.95","8.25","0"
"DC620","10246","""Magical"" Dream Catcher","8959","Colors - Purple","2","18.95","8.25","0"
"DC620","10246","""Magical"" Dream Catcher","8960","Colors - Turquoise","5","18.95","8.25","8"
"DC620","10246","""Magical"" Dream Catcher","8961","Colors - White","8","18.95","8.25","8"
"DC620","10246","""Magical"" Dream Catcher","11802","Colors - Rainbow","9","18.95","8.25","0"
"DC630","10247","""Magical"" Dream Catcher","","""Magical"" Dream Catcher","7","18.95","7.75","0"
"DC1701X12","10248","Birthstone Earrings","8967","Jewelry - January","5","18.95","8","0"
"DC1701X12","10248","Birthstone Earrings","8968","Jewelry - February","12","18.95","8","0"
"DC1701X12","10248","Birthstone Earrings","8969","Jewelry - March","16","18.95","8","0"
"DC1701X12","10248","Birthstone Earrings","8970","Jewelry - April","14","18.95","8","0"
"DC1701X12","10248","Birthstone Earrings","8971","Jewelry - May","9","18.95","8","0"
"DC1701X12","10248","Birthstone Earrings","8972","Jewelry - June","7","18.95","8","0"
"DC1701X12","10248","Birthstone Earrings","8973","Jewelry - July","15","18.95","8","0"
"DC1701X12","10248","Birthstone Earrings","8974","Jewelry - August","14","18.95","8","0"
"DC1701X12","10248","Birthstone Earrings","8975","Jewelry - September","17","18.95","8","0"
"DC1701X12","10248","Birthstone Earrings","8976","Jewelry - October","10","18.95","8","0"
"DC1701X12","10248","Birthstone Earrings","8977","Jewelry - November","18","18.95","8","0"
"DC1701X12","10248","Birthstone Earrings","8978","Jewelry - December","5","18.95","8","0"
"DC656","10249","""Magical"" Dream Catcher","8984","Colors - Black","2","68.95","28","0"
"DC656","10249","""Magical"" Dream Catcher","8985","Colors - Lavender","1","68.95","28","0"
"DC656","10249","""Magical"" Dream Catcher","8986","Colors - Purple","1","68.95","28","0"
"DC656","10249","""Magical"" Dream Catcher","8987","Colors - Turquoise","2","68.95","28","0"
"DC656","10249","""Magical"" Dream Catcher","9336","Colors - White","6","68.95","28","0"
"DC732","10250","Dream Catcher","8990","Colors - Tan","5","105.95","46","0"
"DC732","10250","Dream Catcher","8991","Colors - White","2","105.95","46","0"
"DC95","10252","Dream Catcher","","Dream Catcher","3","112.95","49.25","0"
"DC80","10253","""Spirit Feather"" Dream Catcher","","""Spirit Feather"" Dream Catcher","2","126.95","55","0"
"DC81","10254","""Spirit Feather"" Dream Catcher","","""Spirit Feather"" Dream Catcher","0","126.95","55","0"
"DC82","10255","""Spirit Feather"" Dream Catcher","","""Spirit Feather"" Dream Catcher","2","126.95","55","0"
"DC842","10256","Dream Catcher ""Energy""","","Dream Catcher ""Energy""","3","47.95","21","0"
"DC845","10257","Dream Catcher ""Energy""","","Dream Catcher ""Energy""","3","47.95","21","0"
"DC847","10258","Dream Catcher ""Energy""","","Dream Catcher ""Energy""","0","47.95","21","0"
"DC871","10259","Dream Catcher","","Dream Catcher","2","29.95","13.5","0"
"DC872","10260","Dream Catcher","","Dream Catcher","3","29.95","13.5","0"
"DCF1","10261","""Seasons"" Dream Catcher","9000","Colors - Dark Brown","3","17.95","7.5","0"
"DCF1","10261","""Seasons"" Dream Catcher","9001","Colors - Forest Green","3","17.95","7.5","0"
"DCF1","10261","""Seasons"" Dream Catcher","9002","Colors - Orange","4","17.95","7.5","0"
"DCF2","10262","""Seasons"" Dream Catcher","9005","Colors - Dark Brown","1","42.95","18.5","0"
"DCF2","10262","""Seasons"" Dream Catcher","9006","Colors - Orange","2","42.95","18.5","0"
"DCF2","10262","""Seasons"" Dream Catcher","9007","Colors - Forest Green","1","42.95","18.5","0"
"DCK19","10263","Dream Catchers Kit ""Nurture""","","Dream Catchers Kit ""Nurture""","2","12.95","4.5","0"
"DCK20","10264","Dream Catchers Kit ""Healing""","","Dream Catchers Kit ""Healing""","3","12.95","5.5","0"
"DCV20","10265","Dream Catcher ""Dragonfly""","","Dream Catcher ""Dragonfly""","1","14.95","6.5","0"
"DCW1","10266","""Seasons"" Dream Catcher","","""Seasons"" Dream Catcher","17","17.95","7","0"
"DCW4","10267","""Seasons"" Dream Catcher","","""Seasons"" Dream Catcher","0","11.95","4.5","0"
"MW150","10268","""Medicine Wheel"" Dream Catcher","","""Medicine Wheel"" Dream Catcher","25","14.95","5.5","0"
"MW400","10269","""Medicine Wheel"" Dream Catcher","","""Medicine Wheel"" Dream Catcher","37","27.95","11.75","0"
"VS10","10270","""Vision Seeker"" Dream Catcher","9025","Colors - Tan","5","13.95","5.75","0"
"VS10","10270","""Vision Seeker"" Dream Catcher","9026","Colors - White","5","13.95","5.75","0"
"VS11","10271","""Vision Seeker"" Dream Catcher","9029","Colors - Dark Brown","0","18.95","7.5","0"
"VS11","10271","""Vision Seeker"" Dream Catcher","9030","Colors - Light Brown","0","18.95","7.5","0"
"VS11","10271","""Vision Seeker"" Dream Catcher","9031","Colors - Tan","1","18.95","7.5","0"
"VS11","10271","""Vision Seeker"" Dream Catcher","9032","Colors - White","2","18.95","7.5","0"
"VS11","10271","""Vision Seeker"" Dream Catcher","9033","Colors - Purple","5","18.95","7.5","0"
"VS11","10271","""Vision Seeker"" Dream Catcher","9034","Colors - Turquoise","4","18.95","7.5","0"
"VS12","10273","""Vision Seeker"" Dream Catcher","9047","Colors - Dark Brown","1","20.95","8.75","0"
"VS12","10273","""Vision Seeker"" Dream Catcher","9048","Colors - Light Brown","0","20.95","8.75","0"
"VS12","10273","""Vision Seeker"" Dream Catcher","9049","Colors - White","5","20.95","8.75","0"
"VS12","10273","""Vision Seeker"" Dream Catcher","9050","Colors - Tan","4","20.95","8.75","0"
"VS13","10274","""Vision Seeker"" Dream Catcher","9057","Colors - Dark Brown","4","27.95","10.75","0"
"VS13","10274","""Vision Seeker"" Dream Catcher","9058","Colors - Light Brown","4","27.95","10.75","0"
"VS13","10274","""Vision Seeker"" Dream Catcher","9059","Colors - Tan","7","27.95","10.75","0"
"VS13","10274","""Vision Seeker"" Dream Catcher","9060","Colors - White","6","27.95","10.75","0"
"VS50","10275","""Vision Seeker"" Dream Catcher","","""Vision Seeker"" Dream Catcher","2","103.95","0","0"
"VS51","10277","""Vision Seeker"" Dream Catcher","","""Vision Seeker"" Dream Catcher","1","103.95","0","0"
"VS52","10278","""Vision Seeker"" Dream Catcher","","""Vision Seeker"" Dream Catcher","1","103.95","0","0"
"VS53","10279","""Vision Seeker"" Dream Catcher","","""Vision Seeker"" Dream Catcher","0","103.95","0","0"
"VS70","10280","""Vision Seeker"" Dream Catcher","","""Vision Seeker"" Dream Catcher","1","133.95","0","0"
"VS71","10281","""Vision Seeker"" Dream Catcher","","""Vision Seeker"" Dream Catcher","0","133.95","0","0"
"POWERSTONES","10282","Power Stones","9064","Stones - Quartz - Clarity","5","3.95","1.75","0"
"POWERSTONES","10282","Power Stones","9065","Stones - Quartz Rose - Empathy","5","3.95","1.75","0"
"POWERSTONES","10282","Power Stones","9066","Stones - Amethyst - Intuition","5","3.95","1.75","0"
"POWERSTONES","10282","Power Stones","9067","Stones - Hematite - Optimism","4","3.95","1.75","0"
"POWERSTONES","10282","Power Stones","9068","Stones - Citrine - Positivity","4","3.95","1.75","0"
"POWERSTONES","10282","Power Stones","9069","Stones - Tiger's Eye - Resilience","4","3.95","1.75","0"
"POWERSTONES","10282","Power Stones","9070","Stones - Red Gold Stone - Confidence","3","3.95","1.75","0"
"POWERSTONES","10282","Power Stones","9071","Stones - Green Adventurine - Healing","4","3.95","1.75","0"
"POWERSTONES","10282","Power Stones","9072","Stones - Opal - Passion","0","3.95","1.75","0"
"POWERSTONES","10282","Power Stones","9073","Stones - Amazonite - Success","4","3.95","1.75","0"
"POWERSTONES","10282","Power Stones","9074","Stones - Labradorite - Balance","2","3.95","1.75","0"
"POWERSTONES","10282","Power Stones","9075","Stones - Lapiz Lazuli - Truth","0","3.95","1.75","0"
"DC1701-PX12","10285","Birthstone Pendant","9076","Jewelry - January","9","12.95","5.5","0"
"DC1701-PX12","10285","Birthstone Pendant","9077","Jewelry - February","16","12.95","5.5","0"
"DC1701-PX12","10285","Birthstone Pendant","9078","Jewelry - March","15","12.95","5.5","0"
"DC1701-PX12","10285","Birthstone Pendant","9079","Jewelry - April","15","12.95","5.5","0"
"DC1701-PX12","10285","Birthstone Pendant","9080","Jewelry - May","11","12.95","5.5","0"
"DC1701-PX12","10285","Birthstone Pendant","9081","Jewelry - June","14","12.95","5.5","0"
"DC1701-PX12","10285","Birthstone Pendant","9082","Jewelry - July","11","12.95","5.5","0"
"DC1701-PX12","10285","Birthstone Pendant","9083","Jewelry - August","16","12.95","5.5","0"
"DC1701-PX12","10285","Birthstone Pendant","9084","Jewelry - September","16","12.95","5.5","0"
"DC1701-PX12","10285","Birthstone Pendant","9085","Jewelry - October","10","12.95","5.5","0"
"DC1701-PX12","10285","Birthstone Pendant","9086","Jewelry - November","16","12.95","5.5","0"
"DC1701-PX12","10285","Birthstone Pendant","9087","Jewelry - December","7","12.95","5.5","0"
"DC841","10293","Dream Catcher ""Energy""","","Dream Catcher ""Energy""","3","47.95","21","0"
"MM13","10297","Key Chain","9088","Colors - Black","1","8.949999999999999","3.9","0"
"MM13","10297","Key Chain","9089","Colors - Red","2","8.949999999999999","3.9","0"
"MM13","10297","Key Chain","9090","Colors - Turquoise","3","8.949999999999999","3.9","0"
"MM13","10297","Key Chain","9091","Colors - Royal Blue","4","8.949999999999999","3.9","0"
"MM13","10297","Key Chain","9092","Colors - Violet","4","8.949999999999999","3.9","0"
"MM13","10297","Key Chain","9093","Colors - Beige","5","8.949999999999999","3.9","0"
"PMSS23-P","10338","Sterling Silver Necklace","","Sterling Silver Necklace","2","46.95","23","0"
"PMSS20-P","10343","Sterling Silver Necklace","","Sterling Silver Necklace","3","35.95","21.5","0"
"PMSS21-P","10344","Sterling Silver Necklace","","Sterling Silver Necklace","5","50.95","25","0"
"PMSS22-P","10345","Sterling Silver Necklace","","Sterling Silver Necklace","5","50.95","25","0"
"PMSS20","10346","Sterling Silver Earrings","","Sterling Silver Earrings","4","56","26.5","0"
"PMSS21","10347","Sterling Silver Earrings","","Sterling Silver Earrings","4","74","36","0"
"PMSS22","10349","Sterling Silver Earrings","","Sterling Silver Earrings","3","74","0","0"
"PMSS23","10350","Sterling Silver Earrings","","Sterling Silver Earrings","4","70","31.5","0"
"PMSS24","10351","Sterling Silver Earrings","","Sterling Silver Earrings","4","96","42","0"
"PMSS25","10352","Sterling Silver Earrings","","Sterling Silver Earrings","5","96","42","0"
"PMSS24-P","10353","Sterling Silver Necklace","","Sterling Silver Necklace","2","64.95","28","0"
"PMSS25-P","10354","Sterling Silver Necklace","","Sterling Silver Necklace","6","64.95","28","0"
"SKU: 00-07-651","10355","Corrine Hunt Silk Inspiration Oval Pendant","","Corrine Hunt Silk Inspiration Oval Pendant","3","46","20","0"
"DC420/1.5""X6","10359","DC420/1.5""X6","9105","Colors - Beige","0","10.95","3.9","0"
"DC420/1.5""X6","10359","DC420/1.5""X6","9107","Colors - White","0","10.95","3.9","0"
"DC420/1.5""X6","10359","DC420/1.5""X6","9108","Colors - Dark Brown","9","10.95","3.9","0"
"DC420/1.5""X6","10359","DC420/1.5""X6","9109","Colors - Forest Green","0","10.95","3.9","0"
"DC420/1.5""X6","10359","DC420/1.5""X6","9110","Colors - Black","0","10.95","3.9","0"
"DC420/1.5""X6","10359","DC420/1.5""X6","9216","Colors - Light Brown","6","10.95","3.9","0"
"DC421/2""X3","10360","DC421/2""X3","9111","Colors - Beige","0","12.95","5.25","0"
"DC421/2""X3","10360","DC421/2""X3","9112","Colors - White","0","12.95","5.25","0"
"DC421/2""X3","10360","DC421/2""X3","9113","Colors - Forest Green","0","12.95","5.25","0"
"DC422/2.5""X3","10361","DC422/2.5""","9114","Colors - Black","0","15.95","6","0"
"DC422/2.5""X3","10361","DC422/2.5""","9115","Colors - Forest Green","0","15.95","6","0"
"DC422/2.5""X3","10361","DC422/2.5""","9116","Colors - White","0","15.95","6","0"
"DC422/2.5""X3","10361","DC422/2.5""","9215","Colors - Dark Brown","4","15.95","6","0"
"DC422/2.5""X3","10361","DC422/2.5""","9217","Colors - Light Brown","0","15.95","6","0"
"DC140","10362","Dream Catcher","9210","Colors - Turquoise","0","9.949999999999999","4","0"
"DC140","10362","Dream Catcher","9211","Colors - Light Blue","0","9.949999999999999","4","0"
"DC140","10362","Dream Catcher","9213","Colors - Mint","2","9.949999999999999","4","0"
"A16058-WDR3801NC04A","10394","Felicia ""Silent Seekers""","9095","Size - S","1","149","62","0"
"A16058-WDR3801NC04A","10394","Felicia ""Silent Seekers""","9096","Size - M","1","149","62","0"
"A16058-WDR3801NC04A","10394","Felicia ""Silent Seekers""","9097","Size - L","1","149","62","0"
"A16058-WDR3801NC04A","10394","Felicia ""Silent Seekers""","9098","Size - XL","1","149","62","0"
"A16058-WDR3801NC04A","10394","Felicia ""Silent Seekers""","9099","Size - XS","1","149","62","0"
"AFx12","10430","Answer Feathers","9275","Colors/Emotions - Friendship","0","4.95","1.8","2"
"AFx12","10430","Answer Feathers","9276","Colors/Emotions - Guidance","0","4.95","1.8","2"
"AFx12","10430","Answer Feathers","9277","Colors/Emotions - Happiness","1","4.95","1.8","2"
"AFx12","10430","Answer Feathers","9278","Colors/Emotions - Healing","0","4.95","1.8","0"
"AFx12","10430","Answer Feathers","9279","Colors/Emotions - Hope","5","4.95","1.8","0"
"AFx12","10430","Answer Feathers","9280","Colors/Emotions - Inspiration","2","4.95","1.8","0"
"AFx12","10430","Answer Feathers","9281","Colors/Emotions - Love","4","4.95","1.8","0"
"AFx12","10430","Answer Feathers","9282","Colors/Emotions - Luck","4","4.95","1.8","0"
"AFx12","10430","Answer Feathers","9283","Colors/Emotions - Peace","1","4.95","1.8","0"
"AFx12","10430","Answer Feathers","9284","Colors/Emotions - Proctection","0","4.95","1.8","0"
"AFx12","10430","Answer Feathers","9285","Colors/Emotions - Success","4","4.95","1.8","0"
"AFx12","10430","Answer Feathers","9286","Colors/Emotions - Wisdom","3","4.95","1.8","0"
"CALENDAR130","10755","Nathalie Coutou 2023 Calendar","","Nathalie Coutou 2023 Calendar","0","22","0","0"
"3475-2","10797","Stud Earrings","","Stud Earrings","4","36","15","0"
"3777","10812","Turquoise Necklace","","Turquoise Necklace","0","375","16.5","0"
"3778","10813","Semi-Precious Stone Necklace","","Semi-Precious Stone Necklace","0","350","16.5","0"
"3782","10817","Feather Necklace","","Feather Necklace","1","325","140","0"
"3782","10819","Eagle Necklace","","Eagle Necklace","0","195","16.5","0"
"4008","10820","Horse Necklace","","Horse Necklace","1","495","215","0"
"4010","10822","Multi Strand Necklace","","Multi Strand Necklace","0","350","16.5","0"
"4007","10824","Fetish Necklace","","Fetish Necklace","1","495","215","0"
"4021","10825","Fetish Necklace","","Fetish Necklace","2","185","80","0"
"4023","10827","Fetish Necklace","","Fetish Necklace","0","165","16.5","0"
"4024","10828","Fetish Necklace","","Fetish Necklace","1","165","70","0"
"4027","10829","Fetish Necklace","","Fetish Necklace","1","115","50","0"
"4030","10830","Fetish Necklace","","Fetish Necklace","5","240","100","0"
"4033","10832","Turquoise Necklace","","Turquoise Necklace","0","1200","16.5","0"
"3577","10837","Star Earrings","","Star Earrings","0","20","25","0"
"3581","10838","Diamond Shaped Earrings","","Diamond Shaped Earrings","0","85","25","0"
"3584","10839","Diamond Shaped Earrings","","Diamond Shaped Earrings","3","85","35","0"
"3585","10840","Diamond Shaped Earrings","","Diamond Shaped Earrings","0","85","25","0"
"3588","10841","Square Earrings","","Square Earrings","0","85","25","0"
"3592","10842","Heart Earrings","","Heart Earrings","0","55","25","0"
"3594","10843","Oval Earrings","","Oval Earrings","0","70","25","0"
"3642","10844","Loop Earrings","","Loop Earrings","0","55","25","0"
"3643","10846","Loop Earrings","","Loop Earrings","1","55","20","0"
"3644","10847","Loop Earrings","","Loop Earrings","0","69","25","0"
"3646","10848","Oval Earrings","","Oval Earrings","1","55","20","0"
"3647","10849","Turquoise Earrings","","Turquoise Earrings","1","50","20","0"
"3649","10850","Turquoise Earrings","","Turquoise Earrings","0","50","25","0"
"3652","10851","Triangular Earrings","","Triangular Earrings","1","135","55","0"
"3653","10852","Loop Earrings","","Loop Earrings","0","80","25","0"
"3657","10853","Kokopelli Earrings","","Kokopelli Earrings","1","290","125","0"
"3658","10855","Kokopelli Earrings","","Kokopelli Earrings","1","140","60","0"
"3659","10856","Owl Earrings","","Owl Earrings","0","145","25","0"
"3660","10857","Cross Earrings","","Cross Earrings","0","75","25","0"
"3685","10858","Half Moon Earrings","","Half Moon Earrings","0","150","25","0"
"3686","10859","Half Moon Earrings","","Half Moon Earrings","0","150","25","0"
"3697","10860","Feather Earrings","","Feather Earrings","0","75","25","0"
"3699","10861","Feather Earrings","","Feather Earrings","0","75","25","0"
"3709","10862","Bear Paw Loop Earrings","","Bear Paw Loop Earrings","1","75","30","0"
"A16058-WLS2001NC04A","11079","Mia Turtleneck ""Silent Seekers"" Plus Size","9140","Size - 1X","1","149","68","0"
"A16058-WLS2001NC04A","11079","Mia Turtleneck ""Silent Seekers"" Plus Size","9141","Size - 2X","1","149","68","0"
"A16058-WLS2001NC04A","11079","Mia Turtleneck ""Silent Seekers"" Plus Size","9142","Size - 3X","1","149","68","0"
"W13023-WLS1701NC12A","11085","Mia Turtleneck ""Water and Spirit Buffalo at Moonrise""","9143","Size - S","1","149","59.5","0"
"W13023-WLS1701NC12A","11085","Mia Turtleneck ""Water and Spirit Buffalo at Moonrise""","9144","Size - M","0","149","59.5","0"
"W13023-WLS1701NC12A","11085","Mia Turtleneck ""Water and Spirit Buffalo at Moonrise""","9145","Size - L","0","149","59.5","0"
"W13023-WLS1701NC12A","11085","Mia Turtleneck ""Water and Spirit Buffalo at Moonrise""","9146","Size - XL","0","149","59.5","0"
"W13023-WLS1701NC12A","11085","Mia Turtleneck ""Water and Spirit Buffalo at Moonrise""","9147","Size - XS","1","149","59.5","0"
"A17065-WPA0301NC0CA","11087","Carla Palazzo ""Forest Temple""","9153","Size - S","1","189","74","0"
"A17065-WPA0301NC0CA","11087","Carla Palazzo ""Forest Temple""","9154","Size - M","0","189","74","0"
"A17065-WPA0301NC0CA","11087","Carla Palazzo ""Forest Temple""","9155","Size - L","1","189","74","0"
"A17065-WPA0301NC0CA","11087","Carla Palazzo ""Forest Temple""","9156","Size - XL","1","189","74","0"
"A17065-WPA0301NC0CA","11087","Carla Palazzo ""Forest Temple""","9157","Size - XS","1","189","74","0"
"A17065-WSK0501NC15A","11089","Elaine Skirt ""Forest Temple""","9163","Size - S","2","149","63.5","0"
"A17065-WSK0501NC15A","11089","Elaine Skirt ""Forest Temple""","9164","Size - M","1","149","63.5","0"
"A17065-WSK0501NC15A","11089","Elaine Skirt ""Forest Temple""","9165","Size - L","1","149","63.5","0"
"A17065-WSK0501NC15A","11089","Elaine Skirt ""Forest Temple""","9166","Size - XL","0","149","63.5","0"
"A17065-WSK0501NC15A","11089","Elaine Skirt ""Forest Temple""","9167","Size - XS","1","149","63.5","0"
"A01036-WSK0501NC0ZA","11090","Elaine Skirt ""Teachings""","9168","Size - S","1","149","63.5","0"
"A01036-WSK0501NC0ZA","11090","Elaine Skirt ""Teachings""","9169","Size - M","1","149","63.5","0"
"A01036-WSK0501NC0ZA","11090","Elaine Skirt ""Teachings""","9170","Size - L","0","149","63.5","0"
"A01036-WSK0501NC0ZA","11090","Elaine Skirt ""Teachings""","9171","Size - XL","0","149","63.5","0"
"A01036-WSK0501NC0ZA","11090","Elaine Skirt ""Teachings""","9172","Size - XS","1","149","63.5","0"
"A17065-MSS0701NC15A","11091","Salvadore Tee for Men ""Forest Temple""","9173","Size - S","1","89","36","0"
"A17065-MSS0701NC15A","11091","Salvadore Tee for Men ""Forest Temple""","9174","Size - M","1","89","36","0"
"A17065-MSS0701NC15A","11091","Salvadore Tee for Men ""Forest Temple""","9175","Size - L","1","89","36","0"
"A17065-MSS0701NC15A","11091","Salvadore Tee for Men ""Forest Temple""","9176","Size - XL","0","89","36","0"
"A17065-MSS0701NC15A","11091","Salvadore Tee for Men ""Forest Temple""","9177","Size - XS","1","89","36","0"
"A01036-MSS0701NC0ZA","11092","Salvadore Tee for Men ""Teachings""","9178","Size - S","1","89","36","0"
"A01036-MSS0701NC0ZA","11092","Salvadore Tee for Men ""Teachings""","9179","Size - M","0","89","36","0"
"A01036-MSS0701NC0ZA","11092","Salvadore Tee for Men ""Teachings""","9180","Size - L","1","89","36","0"
"A01036-MSS0701NC0ZA","11092","Salvadore Tee for Men ""Teachings""","9181","Size - XL","1","89","36","0"
"A01036-MSS0701NC0ZA","11092","Salvadore Tee for Men ""Teachings""","9182","Size - XS","1","89","36","0"
"A16059-UAC1801NC0IC","11096","Pablo Pillow ""Wisdom Keepers""","","Pablo Pillow ""Wisdom Keepers""","4","59","21","0"
"Fab - 2D","11140","2D Candle Holder Month","","2D Candle Holder Month","3","28","7.5","0"
"Fab-18","11141","18 Wooden Earth Game","","18 Wooden Earth Game","3","17.95","7.5","0"
"SKU: 54-54-119","11172","Moccasins Bear Box","9186","Shoe Size - 24 months","0","92","40","0"
"SKU: 54-54-119","11172","Moccasins Bear Box","9187","Shoe Size - 36 months","0","92","40","0"
"SKU: 54-54-119","11172","Moccasins Bear Box","9188","Shoe Size - 18 months","0","92","40","0"
"SKU: 54-54-557","11174","Moccasins Bear Box","9189","Shoe Size - 24 months","2","92","40","0"
"SKU: 54-54-557","11174","Moccasins Bear Box","9190","Shoe Size - 36 months","1","92","40","0"
"SKU: 54-54-557","11174","Moccasins Bear Box","9191","Shoe Size - 18 months","2","92","40","0"
"Ookpik","11182","Ookpik","9192","Size - 4""","0","49","0","24.5"
"Ookpik","11182","Ookpik","9193","Size - 5""","0","69","0","34.5"
"Ookpik","11182","Ookpik","9194","Size - 7""","0","99","0","49.5"
"Papoose","11183","Papoose","","Papoose","0","35","17.5","0"
"B4890","11186","Leather Moccasins for Women","9195","Shoe Size - 6","1","120","60","0"
"B4890","11186","Leather Moccasins for Women","9196","Shoe Size - 7","1","120","60","0"
"B4890","11186","Leather Moccasins for Women","9197","Shoe Size - 8","1","120","60","0"
"B4890","11186","Leather Moccasins for Women","9198","Shoe Size - 9","2","120","60","0"
"B4890","11186","Leather Moccasins for Women","9199","Shoe Size - 4","2","120","60","0"
"B4890","11186","Leather Moccasins for Women","9200","Shoe Size - 5","2","120","60","0"
"B4890","11186","Leather Moccasins for Women","9201","Shoe Size - 10","0","120","60","0"
"CECO-05","11458","Purse ""Celeste"" with Coyote","","Purse ""Celeste"" with Coyote","1","345","150","0"
"DCV30","11462","DCV30 ""Woodland""","","DCV30 ""Woodland""","1","13.95","5.5","0"
"DC628","11463","""Magical"" Dream Catcher","","""Magical"" Dream Catcher","0","13.95","5.5","0"
"SKU: 53-53-587","11468","Bill Helin Chilkat Trivet","","Bill Helin Chilkat Trivet","0","14.95","6.3","0"
"Plume-FUM","11496","Smudging Feather","9218","Size - M","1","34","0","17"
"Plume-FUM","11496","Smudging Feather","9219","Size - L","17","36","0","18"
"SKU: Box285","11536","Colouring Cards ""Northern Residents""","","Colouring Cards ""Northern Residents""","6","21.45","9.25","0"
"SC10","11605","Dream Catcher ""Chimes""","","Dream Catcher ""Chimes""","2","26.95","11.25","0"
"A17063","11609","Depth - Source of Healing","","Depth - Source of Healing","0","0","0","0"
"A07020","11611","Journey to the Spirit World - Fulfillment","","Journey to the Spirit World - Fulfillment","0","0","0","0"
"A17064","11612","Motter Love - Devotion","","Motter Love - Devotion","0","0","0","0"
"A16051","11613","Northern Keepers - Family","","Northern Keepers - Family","0","0","0","0"
"A09006","11614","The River Keeper - Hope","","The River Keeper - Hope","0","0","0","0"
"A08019","11615","Unity - Love","","Unity - Love","0","0","0","0"
"Collier-Totem","11678","Totem Animal Necklace","","Totem Animal Necklace","17","9.949999999999999","0","0"
"SKU: 48-46-171","11690","The Flowers of Canada Trivet","","The Flowers of Canada Trivet","1","14.95","6.3","0"
"SKU:48-12-438","11691","Cariboo Halo Mug","","Cariboo Halo Mug","0","11","4.75","0"
"SKU: 12-12-433","11692","Caribou Oven Mitt","","Caribou Oven Mitt","2","18.95","8","0"
"DCW2","11724","""Seasons"" Dream Catcher","","""Seasons"" Dream Catcher","9","42.95","18.5","0"
"DC844","11725","Dream Catcher ""Energy""","","Dream Catcher ""Energy""","2","47.95","21","0"
"DC848","11726","Dream Catcher ""Energy""","","Dream Catcher ""Energy""","0","47.95","21","0"
"DC633","11727","""Magical"" Dream Catcher","9334","Colors - Light Brown","4","25.95","10.75","0"
"DC633","11727","""Magical"" Dream Catcher","9335","Colors - White","14","25.95","10.75","0"
"MM11","11732","Key Chain","9225","Colors - Beige","7","8.949999999999999","3.25","0"
"MM11","11732","Key Chain","9226","Colors - Dark Brown","3","8.949999999999999","3.25","0"
"MM11","11732","Key Chain","9227","Colors - Turquoise","0","8.949999999999999","3.25","0"
"MM11","11732","Key Chain","9228","Colors - Red","0","8.949999999999999","3.25","0"
"MF2-12","11734","Feathers for Cars","","Feathers for Cars","8","5.95","2.5","0"
"DCK21","11738","Dream Catchers Kit ""Spirit Seeker""","","Dream Catchers Kit ""Spirit Seeker""","2","12.95","5.5","0"
"DCV1","11746","Dream Catcher","","Dream Catcher","4","16.95","7.5","0"
"MM41","11747","Eyewear Lanyard","","Eyewear Lanyard","0","13.95","0","0"
"MM42","11748","Eyewear Lanyard","","Eyewear Lanyard","0","13.95","0","0"
"MM43","11749","Eyewear Lanyard","","Eyewear Lanyard","0","13.95","0","0"
"MM44","11750","Eyewear Lanyard","","Eyewear Lanyard","0","13.95","0","0"
"DC700","11755","Birthstone Dream Catcher","9235","Stones - January Garnet Honesty","5","7.95","3.5","0"
"DC700","11755","Birthstone Dream Catcher","9236","Stones - February Amethyst Intuition","3","7.95","3.5","0"
"DC700","11755","Birthstone Dream Catcher","9237","Stones - March Aquamarine Happiness","6","7.95","3.5","0"
"DC700","11755","Birthstone Dream Catcher","9238","Stones - April Quartz Love","4","7.95","3.5","0"
"DC700","11755","Birthstone Dream Catcher","9239","Stones - May Green Garnet Compassion","1","7.95","3.5","0"
"DC700","11755","Birthstone Dream Catcher","9240","Stones - June Moonstone Joy","3","7.95","3.5","0"
"DC700","11755","Birthstone Dream Catcher","9241","Stones - July Carnelian Passion","1","7.95","3.5","0"
"DC700","11755","Birthstone Dream Catcher","9242","Stones - August Peridot Protection","1","7.95","3.5","0"
"DC700","11755","Birthstone Dream Catcher","9243","Stones - September Lapis Lazuli Focus","2","7.95","3.5","0"
"DC700","11755","Birthstone Dream Catcher","9244","Stones - October Pink Tourmaline Balance","4","7.95","3.5","0"
"DC700","11755","Birthstone Dream Catcher","9245","Stones - November Citrine Wisdom","0","7.95","3.5","0"
"DC700","11755","Birthstone Dream Catcher","9246","Stones - December Turquoise Friendship","4","7.95","3.5","0"
"PDC","11759","Pocket Dream Catcher","9259","Colors/Emotions - Awesome - Baby Blue","10","6.95","2.99","0"
"PDC","11759","Pocket Dream Catcher","9260","Colors/Emotions - Believe - Tan","7","6.95","2.99","0"
"PDC","11759","Pocket Dream Catcher","9261","Colors/Emotions - Dream - Lavender","9","6.95","2.99","0"
"PDC","11759","Pocket Dream Catcher","9262","Colors/Emotions - Friendship - Royal Blue","8","6.95","2.99","0"
"PDC","11759","Pocket Dream Catcher","9263","Colors/Emotions - Grateful - Green","9","6.95","2.99","0"
"PDC","11759","Pocket Dream Catcher","9264","Colors/Emotions - Happiness - Mint","5","6.95","2.99","0"
"PDC","11759","Pocket Dream Catcher","9265","Colors/Emotions - Hope - White","7","6.95","2.99","0"
"PDC","11759","Pocket Dream Catcher","9266","Colors/Emotions - Inspire - Turquoise","8","6.95","2.99","0"
"PDC","11759","Pocket Dream Catcher","9267","Colors/Emotions - Love - Pink","7","6.95","2.99","0"
"PDC","11759","Pocket Dream Catcher","9268","Colors/Emotions - Peace - Purple","6","6.95","2.99","0"
"PDC","11759","Pocket Dream Catcher","9269","Colors/Emotions - Orange - Shine","7","6.95","2.99","0"
"PDC","11759","Pocket Dream Catcher","9270","Colors/Emotions - Success - Red","8","6.95","2.99","0"
"Fab-6","11819","6 Ornaments","","6 Ornaments","11","15","3","0"
"Fab-7","11820","7 Round Incense Burner","","7 Round Incense Burner","0","15","3","0"
"Fab-8A","11821","8A Smudging Kit","","8A Smudging Kit","0","32","12.5","0"
"Fab-13C","11822","13C Candle Holder Bone","","13C Candle Holder Bone","10","36","11","0"
"Fab-Buttons","11823","Buttons","","Buttons","13","5","1","0"
"Palo Santo Chips","11944","Palo Santo (Chips)","","Palo Santo (Chips)","2","12.95","5.5","0"
"Cobra Stand","11947","Wood Cobra Stand","9497","Size - 4""","14","11.95","0","5"
"Cobra Stand","11947","Wood Cobra Stand","9498","Size - 6""","1","18.95","0","9"
"Cobra Stand","11947","Wood Cobra Stand","9499","Size - 8""","6","24.95","0","12"
"Tortueonyx","11955","Onyx Turtle Sculpture","","Onyx Turtle Sculpture","1","28","14","0"
"A18061-POD2573","11972","Matted Print - Seed of Life","","Matted Print - Seed of Life","4","20","7.5","0"
"A13042-POD2549","11973","Matted Print - Carried Away","","Matted Print - Carried Away","3","20","7.5","0"
"A01034-POD2570","11975","Matted Print - Reaching Out","","Matted Print - Reaching Out","2","20","7.5","0"
"150BLSSAB","12007","Ballerina Slippers","9290","Shoe Size - 10","2","179","92","0"
"150BLSSAB","12007","Ballerina Slippers","9291","Shoe Size - 6","2","179","92","0"
"150BLSSAB","12007","Ballerina Slippers","9292","Shoe Size - 7","2","179","92","0"
"150BLSSAB","12007","Ballerina Slippers","9293","Shoe Size - 8","2","179","92","0"
"150BLSSAB","12007","Ballerina Slippers","9294","Shoe Size - 9","2","179","92","0"
"150BLSSAB","12007","Ballerina Slippers","9295","Shoe Size - 5","2","179","92","0"
"150BLSSAB","12007","Ballerina Slippers","9598","Shoe Size - 11","0","179","92","0"
"150BLSSAB","12007","Ballerina Slippers","9599","Shoe Size - 12","0","179","92","0"
"150GRYSSAB","12008","Ballerina Slippers","9296","Shoe Size - 10","0","179","92","0"
"150GRYSSAB","12008","Ballerina Slippers","9297","Shoe Size - 6","0","179","92","0"
"150GRYSSAB","12008","Ballerina Slippers","9298","Shoe Size - 7","1","179","92","0"
"150GRYSSAB","12008","Ballerina Slippers","9299","Shoe Size - 8","1","179","92","0"
"150GRYSSAB","12008","Ballerina Slippers","9300","Shoe Size - 9","1","179","92","0"
"150GRYSSAB","12008","Ballerina Slippers","9301","Shoe Size - 5","0","179","92","0"
"150GRYSSAB","12008","Ballerina Slippers","9600","Shoe Size - 11","0","179","92","0"
"150GRYSSAB","12008","Ballerina Slippers","9601","Shoe Size - 12","0","179","92","0"
"150GRYSAB","12009","Ballerina Slippers","9302","Shoe Size - 10","2","159","80","0"
"150GRYSAB","12009","Ballerina Slippers","9303","Shoe Size - 6","0","159","80","0"
"150GRYSAB","12009","Ballerina Slippers","9304","Shoe Size - 7","0","159","80","0"
"150GRYSAB","12009","Ballerina Slippers","9305","Shoe Size - 8","0","159","80","0"
"150GRYSAB","12009","Ballerina Slippers","9306","Shoe Size - 9","0","159","80","0"
"150GRYSAB","12009","Ballerina Slippers","9307","Shoe Size - 5","1","159","80","0"
"150GRYSAB","12009","Ballerina Slippers","9602","Shoe Size - 11","0","159","80","0"
"150GRYSAB","12009","Ballerina Slippers","9603","Shoe Size - 12","0","159","80","0"
"150RDEP1F","12012","Ballerina Slippers","9308","Shoe Size - 10","2","159","80","0"
"150RDEP1F","12012","Ballerina Slippers","9309","Shoe Size - 6","2","159","80","0"
"150RDEP1F","12012","Ballerina Slippers","9310","Shoe Size - 7","2","159","80","0"
"150RDEP1F","12012","Ballerina Slippers","9311","Shoe Size - 8","2","159","80","0"
"150RDEP1F","12012","Ballerina Slippers","9312","Shoe Size - 9","3","159","80","0"
"150RDEP1F","12012","Ballerina Slippers","9313","Shoe Size - 5","2","159","80","0"
"150RDEP1F","12012","Ballerina Slippers","9604","Shoe Size - 11","0","159","80","0"
"150RDEP1F","12012","Ballerina Slippers","9605","Shoe Size - 12","0","159","80","0"
"134LEP1E","12013","Ladies Leather Moccasins","9315","Shoe Size - 10","0","179","94","0"
"134LEP1E","12013","Ladies Leather Moccasins","9316","Shoe Size - 6","0","179","94","0"
"134LEP1E","12013","Ladies Leather Moccasins","9317","Shoe Size - 7","1","179","94","0"
"134LEP1E","12013","Ladies Leather Moccasins","9318","Shoe Size - 8","1","179","94","0"
"134LEP1E","12013","Ladies Leather Moccasins","9319","Shoe Size - 9","1","179","94","0"
"134LEP1E","12013","Ladies Leather Moccasins","9320","Shoe Size - 5","0","179","94","0"
"134LEP1E","12013","Ladies Leather Moccasins","9321","Shoe Size - 11","0","179","94","0"
"BP9BL","12014","Leather Knap Sack","","Leather Knap Sack","1","310","180","0"
"150STEP1F","12016","Ballerina Slippers","9322","Shoe Size - 10","3","159","80","0"
"150STEP1F","12016","Ballerina Slippers","9323","Shoe Size - 6","2","159","80","0"
"150STEP1F","12016","Ballerina Slippers","9324","Shoe Size - 7","2","159","80","0"
"150STEP1F","12016","Ballerina Slippers","9325","Shoe Size - 8","3","159","80","0"
"150STEP1F","12016","Ballerina Slippers","9326","Shoe Size - 9","1","159","80","0"
"150STEP1F","12016","Ballerina Slippers","9327","Shoe Size - 5","0","159","80","0"
"150STEP1F","12016","Ballerina Slippers","9606","Shoe Size - 11","0","159","80","0"
"150STEP1F","12016","Ballerina Slippers","9607","Shoe Size - 12","0","159","80","0"
"150CRMEP1F","12017","Ballerina Slippers","9328","Shoe Size - 10","1","159","80","0"
"150CRMEP1F","12017","Ballerina Slippers","9329","Shoe Size - 6","2","159","80","0"
"150CRMEP1F","12017","Ballerina Slippers","9330","Shoe Size - 7","2","159","80","0"
"150CRMEP1F","12017","Ballerina Slippers","9331","Shoe Size - 8","0","159","80","0"
"150CRMEP1F","12017","Ballerina Slippers","9332","Shoe Size - 9","0","159","80","0"
"150CRMEP1F","12017","Ballerina Slippers","9333","Shoe Size - 5","0","159","80","0"
"150CRMEP1F","12017","Ballerina Slippers","9608","Shoe Size - 11","0","159","80","0"
"150CRMEP1F","12017","Ballerina Slippers","9609","Shoe Size - 12","0","159","80","0"
"DC489","12023","Dream Catcher","","Dream Catcher","1","59.95","23.75","0"
"W12001-WAC0801NC07A","12060","Ava Poncho ""Dialogue""","","Ava Poncho ""Dialogue""","1","109","38","0"
"WAC0801NC02A","12061","Ava Poncho ""Depth""","","Ava Poncho ""Depth""","0","109","38","0"
"W17063-WPA0701NC02B","12062","Parma Capri ""Depth""","9346","Size - S","0","129","55.5","0"
"W17063-WPA0701NC02B","12062","Parma Capri ""Depth""","9347","Size - M","0","129","55.5","0"
"W17063-WPA0701NC02B","12062","Parma Capri ""Depth""","9348","Size - L","0","129","55.5","0"
"W17063-WPA0701NC02B","12062","Parma Capri ""Depth""","9349","Size - XL","0","129","55.5","0"
"W17063-WPA0701NC02B","12062","Parma Capri ""Depth""","9350","Size - XS","1","129","55.5","0"
"A20055-UAC1101NC0YA","12063","Alice Neck Warmer ""Refuge""","","Alice Neck Warmer ""Refuge""","3","59","16.58","0"
"A12005-UAC1101NC0WA","12064","Alice Neck Warmer ""Earth Keeper""","","Alice Neck Warmer ""Earth Keeper""","4","59","16.58","0"
"A14051-WPA1201NC0TA","12067","Serena Legging ""Gezaluwejit""","9354","Size - XS","2","169","64","0"
"A14051-WPA1201NC0TA","12067","Serena Legging ""Gezaluwejit""","9355","Size - S","0","169","64","0"
"A14051-WPA1201NC0TA","12067","Serena Legging ""Gezaluwejit""","9356","Size - M","2","169","64","0"
"A14051-WPA1201NC0TA","12067","Serena Legging ""Gezaluwejit""","9357","Size - L","2","169","64","0"
"A14051-WPA1201NC0TA","12067","Serena Legging ""Gezaluwejit""","9358","Size - XL","2","169","64","0"
"A16058-WPA1201NC04A","12068","Serena Legging ""Silent Seekers""","9359","Size - XS","1","169","64","0"
"A16058-WPA1201NC04A","12068","Serena Legging ""Silent Seekers""","9360","Size - S","0","169","64","0"
"A16058-WPA1201NC04A","12068","Serena Legging ""Silent Seekers""","9361","Size - M","0","169","64","0"
"A16058-WPA1201NC04A","12068","Serena Legging ""Silent Seekers""","9362","Size - L","1","169","64","0"
"A16058-WPA1201NC04A","12068","Serena Legging ""Silent Seekers""","9363","Size - XL","2","169","64","0"
"A18066-WLS20001NC0UA","12069","Mia Turtleneck ""Under the Same Sky"" Plus Size","9541","Size - 1X","0","149","68","0"
"A18066-WLS20001NC0UA","12069","Mia Turtleneck ""Under the Same Sky"" Plus Size","9542","Size - 2X","0","149","68","0"
"A18066-WLS20001NC0UA","12069","Mia Turtleneck ""Under the Same Sky"" Plus Size","9543","Size - 3X","1","149","68","0"
"A17063-WPA1201NC02B","12070","Serena Legging ""Depth""","9369","Size - S","0","169","64","0"
"A17063-WPA1201NC02B","12070","Serena Legging ""Depth""","9370","Size - M","1","169","64","0"
"A17063-WPA1201NC02B","12070","Serena Legging ""Depth""","9371","Size - L","0","169","64","0"
"A17063-WPA1201NC02B","12070","Serena Legging ""Depth""","9372","Size - XL","1","169","64","0"
"A17063-WPA1201NC02B","12070","Serena Legging ""Depth""","9373","Size - XS","1","169","64","0"
"W13047-WPA1201NC17A","12071","Serena Legging ""Inner Memories""","9374","Size - S","3","169","64","0"
"W13047-WPA1201NC17A","12071","Serena Legging ""Inner Memories""","9375","Size - M","1","169","64","0"
"W13047-WPA1201NC17A","12071","Serena Legging ""Inner Memories""","9376","Size - L","2","169","64","0"
"W13047-WPA1201NC17A","12071","Serena Legging ""Inner Memories""","9377","Size - XL","1","169","64","0"
"W13047-WPA1201NC17A","12071","Serena Legging ""Inner Memories""","9378","Size - XS","0","169","64","0"
"W12018-WPA1201NC0DA","12072","Serena Legging ""Early Evening Flowing into Fall""","9379","Size - S","0","169","64","0"
"W12018-WPA1201NC0DA","12072","Serena Legging ""Early Evening Flowing into Fall""","9380","Size - M","1","169","64","0"
"W12018-WPA1201NC0DA","12072","Serena Legging ""Early Evening Flowing into Fall""","9381","Size - L","1","169","64","0"
"W12018-WPA1201NC0DA","12072","Serena Legging ""Early Evening Flowing into Fall""","9382","Size - XL","0","169","64","0"
"W12018-WPA1201NC0DA","12072","Serena Legging ""Early Evening Flowing into Fall""","9383","Size - XS","1","169","64","0"
"W160523-WPA1201NC0BB","12073","Serena Legging ""Zenith""","9384","Size - S","0","169","64","0"
"W160523-WPA1201NC0BB","12073","Serena Legging ""Zenith""","9385","Size - M","1","169","64","0"
"W160523-WPA1201NC0BB","12073","Serena Legging ""Zenith""","9386","Size - L","0","169","64","0"
"W160523-WPA1201NC0BB","12073","Serena Legging ""Zenith""","9387","Size - XL","0","169","64","0"
"W160523-WPA1201NC0BB","12073","Serena Legging ""Zenith""","9388","Size - XS","0","169","64","0"
"A17065-WNS1101NC0CB","12074","Florence Tank ""The Forest Temple""","9389","Size - XS","0","79","35","0"
"A17065-WNS1101NC0CB","12074","Florence Tank ""The Forest Temple""","9390","Size - S","0","79","35","0"
"A17065-WNS1101NC0CB","12074","Florence Tank ""The Forest Temple""","9391","Size - M","1","79","35","0"
"A17065-WNS1101NC0CB","12074","Florence Tank ""The Forest Temple""","9392","Size - L","0","79","35","0"
"A17065-WNS1101NC0CB","12074","Florence Tank ""The Forest Temple""","9393","Size - XL","0","79","35","0"
"W13047-WNS1101NC17A","12075","Florence Tank ""Inner Memories""","9394","Size - XS","1","79","35","0"
"W13047-WNS1101NC17A","12075","Florence Tank ""Inner Memories""","9395","Size - S","0","79","35","0"
"W13047-WNS1101NC17A","12075","Florence Tank ""Inner Memories""","9396","Size - M","0","79","35","0"
"W13047-WNS1101NC17A","12075","Florence Tank ""Inner Memories""","9397","Size - L","2","79","35","0"
"W13047-WNS1101NC17A","12075","Florence Tank ""Inner Memories""","9398","Size - XL","0","79","35","0"
"A16052-WNS1001NC0BA","12076","Venus Active Support Top ""Zenith""","9399","Size - XS","0","109","49","0"
"A16052-WNS1001NC0BA","12076","Venus Active Support Top ""Zenith""","9400","Size - S","1","109","49","0"
"A16052-WNS1001NC0BA","12076","Venus Active Support Top ""Zenith""","9401","Size - M","0","109","49","0"
"A16052-WNS1001NC0BA","12076","Venus Active Support Top ""Zenith""","9402","Size - L","1","109","49","0"
"A16052-WNS1001NC0BA","12076","Venus Active Support Top ""Zenith""","9403","Size - XL","0","109","49","0"
"A16058-WNS1001NC04A","12077","Venus Active Support Top ""Silent Seekers""","9404","Size - S","1","109","49","0"
"A16058-WNS1001NC04A","12077","Venus Active Support Top ""Silent Seekers""","9405","Size - M","1","109","49","0"
"A16058-WNS1001NC04A","12077","Venus Active Support Top ""Silent Seekers""","9406","Size - L","0","109","49","0"
"A16058-WNS1001NC04A","12077","Venus Active Support Top ""Silent Seekers""","9407","Size - XL","1","109","49","0"
"A16058-WNS1001NC04A","12077","Venus Active Support Top ""Silent Seekers""","9408","Size - XS","1","109","49","0"
"W13047-WPA0901NC17A","12081","Sandrine ""Inner Memories""","9409","Size - XS","1","149","61","0"
"W13047-WPA0901NC17A","12081","Sandrine ""Inner Memories""","9410","Size - S","1","149","61","0"
"W13047-WPA0901NC17A","12081","Sandrine ""Inner Memories""","9411","Size - M","0","149","61","0"
"W13047-WPA0901NC17A","12081","Sandrine ""Inner Memories""","9412","Size - L","0","149","61","0"
"W13047-WPA0901NC17A","12081","Sandrine ""Inner Memories""","9413","Size - XL","0","149","61","0"
"W16052-WPA0901NC0BA","12082","Sandrine ""Zenith""","9414","Size - S","1","149","61","0"
"W16052-WPA0901NC0BA","12082","Sandrine ""Zenith""","9415","Size - M","1","149","61","0"
"W16052-WPA0901NC0BA","12082","Sandrine ""Zenith""","9416","Size - L","0","149","61","0"
"W16052-WPA0901NC0BA","12082","Sandrine ""Zenith""","9417","Size - XL","0","149","61","0"
"W16052-WPA0901NC0BA","12082","Sandrine ""Zenith""","9418","Size - XS","1","149","61","0"
"W17063-WPA0901NC02A","12083","Sandrine ""Depth""","9419","Size - S","0","149","61","0"
"W17063-WPA0901NC02A","12083","Sandrine ""Depth""","9420","Size - M","0","149","61","0"
"W17063-WPA0901NC02A","12083","Sandrine ""Depth""","9421","Size - L","0","149","61","0"
"W17063-WPA0901NC02A","12083","Sandrine ""Depth""","9422","Size - XL","0","149","61","0"
"W17063-WPA0901NC02A","12083","Sandrine ""Depth""","9423","Size - XS","0","149","61","0"
"W13047-WDR4301NC17A","12085","Sophia ""Inner Memories""","9424","Size - XS","1","179","69","0"
"W13047-WDR4301NC17A","12085","Sophia ""Inner Memories""","9425","Size - S","0","179","69","0"
"W13047-WDR4301NC17A","12085","Sophia ""Inner Memories""","9426","Size - M","0","179","69","0"
"W13047-WDR4301NC17A","12085","Sophia ""Inner Memories""","9427","Size - L","0","179","69","0"
"W13047-WDR4301NC17A","12085","Sophia ""Inner Memories""","9428","Size - XL","0","179","69","0"
"A20055-POD2571","12086","Matted Print - Refuge","","Matted Print - Refuge","0","20","7.5","0"
"W12018-WDR4301NC0DA","12087","Sophia ""Early Evening Flowing into Fall""","9429","Size - XS","0","179","69","0"
"W12018-WDR4301NC0DA","12087","Sophia ""Early Evening Flowing into Fall""","9430","Size - S","0","179","69","0"
"W12018-WDR4301NC0DA","12087","Sophia ""Early Evening Flowing into Fall""","9431","Size - M","0","179","69","0"
"W12018-WDR4301NC0DA","12087","Sophia ""Early Evening Flowing into Fall""","9432","Size - L","1","179","69","0"
"W12018-WDR4301NC0DA","12087","Sophia ""Early Evening Flowing into Fall""","9433","Size - XL","1","179","69","0"
"W11065-WDR4301NC0CA","12088","Sophia ""The Forest Temple""","9434","Size - S","1","179","69","0"
"W11065-WDR4301NC0CA","12088","Sophia ""The Forest Temple""","9435","Size - M","1","179","69","0"
"W11065-WDR4301NC0CA","12088","Sophia ""The Forest Temple""","9436","Size - L","0","179","69","0"
"W11065-WDR4301NC0CA","12088","Sophia ""The Forest Temple""","9437","Size - XL","0","179","69","0"
"W11065-WDR4301NC0CA","12088","Sophia ""The Forest Temple""","9438","Size - XS","0","179","69","0"
"W16052-WDR4301NC0BA","12089","Sophia ""Zenith""","9439","Size - S","1","179","69","0"
"W16052-WDR4301NC0BA","12089","Sophia ""Zenith""","9440","Size - M","0","179","69","0"
"W16052-WDR4301NC0BA","12089","Sophia ""Zenith""","9441","Size - L","0","179","69","0"
"W16052-WDR4301NC0BA","12089","Sophia ""Zenith""","9442","Size - XL","0","179","69","0"
"W16052-WDR4301NC0BA","12089","Sophia ""Zenith""","9443","Size - XS","0","179","69","0"
"W12005-WDR4301NC0WA","12090","Sophia ""Earth Keeper""","9444","Size - S","1","179","69","0"
"W12005-WDR4301NC0WA","12090","Sophia ""Earth Keeper""","9445","Size - M","0","179","69","0"
"W12005-WDR4301NC0WA","12090","Sophia ""Earth Keeper""","9446","Size - L","0","179","69","0"
"W12005-WDR4301NC0WA","12090","Sophia ""Earth Keeper""","9447","Size - XL","0","179","69","0"
"W12005-WDR4301NC0WA","12090","Sophia ""Earth Keeper""","9448","Size - XS","1","179","69","0"
"W13047-WDR5301NC17B","12098","Victoire ""Inner Memories""","9449","Size - XS","1","159","61.5","0"
"W13047-WDR5301NC17B","12098","Victoire ""Inner Memories""","9450","Size - S","1","159","61.5","0"
"W13047-WDR5301NC17B","12098","Victoire ""Inner Memories""","9451","Size - M","1","159","61.5","0"
"W13047-WDR5301NC17B","12098","Victoire ""Inner Memories""","9452","Size - L","0","159","61.5","0"
"W13047-WDR5301NC17B","12098","Victoire ""Inner Memories""","9453","Size - XL","0","159","61.5","0"
"W13041-WDR5301NC0EB","12101","Victoire ""Lapinx""","9454","Size - S","0","159","61.5","0"
"W13041-WDR5301NC0EB","12101","Victoire ""Lapinx""","9455","Size - M","1","159","61.5","0"
"W13041-WDR5301NC0EB","12101","Victoire ""Lapinx""","9456","Size - L","0","159","61.5","0"
"W13041-WDR5301NC0EB","12101","Victoire ""Lapinx""","9457","Size - XL","1","159","61.5","0"
"W13041-WDR5301NC0EB","12101","Victoire ""Lapinx""","9458","Size - XS","0","159","61.5","0"
"W17063-WDR5301NC02A","12102","Victoire ""Depth""","9459","Size - S","0","159","61.5","0"
"W17063-WDR5301NC02A","12102","Victoire ""Depth""","9460","Size - M","1","159","61.5","0"
"W17063-WDR5301NC02A","12102","Victoire ""Depth""","9461","Size - L","0","159","61.5","0"
"W17063-WDR5301NC02A","12102","Victoire ""Depth""","9462","Size - XL","0","159","61.5","0"
"W17063-WDR5301NC02A","12102","Victoire ""Depth""","9463","Size - XS","1","159","61.5","0"
"W16052-WDR5301NC0BA","12103","Victoire ""Zenith""","9464","Size - S","0","159","61.5","0"
"W16052-WDR5301NC0BA","12103","Victoire ""Zenith""","9465","Size - M","1","159","61.5","0"
"W16052-WDR5301NC0BA","12103","Victoire ""Zenith""","9466","Size - L","0","159","61.5","0"
"W16052-WDR5301NC0BA","12103","Victoire ""Zenith""","9467","Size - XL","1","159","61.5","0"
"W16052-WDR5301NC0BA","12103","Victoire ""Zenith""","9468","Size - XS","0","159","61.5","0"
"W10004-WDR5301NC01A","12104","Victoire ""Merging Earth and Sky""","9469","Size - S","1","159","61.5","0"
"W10004-WDR5301NC01A","12104","Victoire ""Merging Earth and Sky""","9470","Size - M","1","159","61.5","0"
"W10004-WDR5301NC01A","12104","Victoire ""Merging Earth and Sky""","9471","Size - L","0","159","61.5","0"
"W10004-WDR5301NC01A","12104","Victoire ""Merging Earth and Sky""","9472","Size - XL","0","159","61.5","0"
"W10004-WDR5301NC01A","12104","Victoire ""Merging Earth and Sky""","9473","Size - XS","0","159","61.5","0"
"W13023-UAC0301NC16A","12105","Reuben Tote Bag ""Water and Spirit Buffalo""","","Reuben Tote Bag ""Water and Spirit Buffalo""","1","49","21","0"
"A17063-WBL1101NC02A","12106","Nikki Cardigan ""Depth""","9474","Size - S","1","159","50","0"
"A17063-WBL1101NC02A","12106","Nikki Cardigan ""Depth""","9475","Size - M","1","159","50","0"
"A17063-WBL1101NC02A","12106","Nikki Cardigan ""Depth""","9476","Size - L","1","159","50","0"
"A17063-WBL1101NC02A","12106","Nikki Cardigan ""Depth""","9477","Size - XL","1","159","50","0"
"A17063-WBL1101NC02A","12106","Nikki Cardigan ""Depth""","9478","Size - XS","1","159","50","0"
"A16058-WBL1101NC04A","12107","Nikki Cardigan ""Silent Seekers""","9479","Size - S","0","159","50","0"
"A16058-WBL1101NC04A","12107","Nikki Cardigan ""Silent Seekers""","9480","Size - M","1","159","50","0"
"A16058-WBL1101NC04A","12107","Nikki Cardigan ""Silent Seekers""","9481","Size - L","1","159","50","0"
"A16058-WBL1101NC04A","12107","Nikki Cardigan ""Silent Seekers""","9482","Size - XL","1","159","50","0"
"A16058-WBL1101NC04A","12107","Nikki Cardigan ""Silent Seekers""","9483","Size - XS","1","159","50","0"
"A16058-WBL1201NC04A","12108","Nikki Cardigan ""Silent Seekers"" Plus Size","9489","Size - 1X","1","159","61.5","0"
"A16058-WBL1201NC04A","12108","Nikki Cardigan ""Silent Seekers"" Plus Size","9490","Size - 2X","1","159","61.5","0"
"A16058-WBL1201NC04A","12108","Nikki Cardigan ""Silent Seekers"" Plus Size","9491","Size - 3X","1","159","61.5","0"
"SKU: 12-12-301","12111","Black Bears Pot Holder","","Black Bears Pot Holder","1","14.95","6.5","0"
"A16058-WSK0501NC04A","12139","Elaine Skirt ""Silent Seekers""","9492","Size - S","1","149","63.5","0"
"A16058-WSK0501NC04A","12139","Elaine Skirt ""Silent Seekers""","9493","Size - M","1","149","63.5","0"
"A16058-WSK0501NC04A","12139","Elaine Skirt ""Silent Seekers""","9494","Size - L","1","149","63.5","0"
"A16058-WSK0501NC04A","12139","Elaine Skirt ""Silent Seekers""","9495","Size - XL","1","149","63.5","0"
"A16058-WSK0501NC04A","12139","Elaine Skirt ""Silent Seekers""","9496","Size - XS","1","149","63.5","0"
"A16058-UAC0301NC04A","12163","Reuben Tote Bag ""Silent Seekers""","","Reuben Tote Bag ""Silent Seekers""","1","49","21","0"
"9013-0300-47RK-19245RK","12169","Ladies Mukluk","9500","Shoe Size - 9","0","308","134","0"
"9013-0300-47RK-19245RK","12169","Ladies Mukluk","9501","Shoe Size - 7","1","308","134","0"
"9013-0300-47RK-19245RK","12169","Ladies Mukluk","9502","Shoe Size - 8","0","308","134","0"
"9013-0300-47RK-19245RK","12169","Ladies Mukluk","9503","Shoe Size - 11","0","308","134","0"
"9013-0300-47RK-19245RK","12169","Ladies Mukluk","9504","Shoe Size - 12","0","308","134","0"
"9013-0300-47RK-19245RK","12169","Ladies Mukluk","9508","Shoe Size - 10","0","308","134","0"
"W12005-WDR4401NC0WA","12188","Sophia ""Earth Keeper"" Plus Size","9517","Size - 1X","1","179","73","0"
"W12005-WDR4401NC0WA","12188","Sophia ""Earth Keeper"" Plus Size","9518","Size - 2X","1","179","73","0"
"W12005-WDR4401NC0WA","12188","Sophia ""Earth Keeper"" Plus Size","9519","Size - 3X","1","179","73","0"
"A16058-WLS1801NC04A","12194","Patti Tunic II ""Silent Seekers"" Plus Size","9525","Size - 1X","1","129","60.5","0"
"A16058-WLS1801NC04A","12194","Patti Tunic II ""Silent Seekers"" Plus Size","9526","Size - 2X","1","129","60.5","0"
"A16058-WLS1801NC04A","12194","Patti Tunic II ""Silent Seekers"" Plus Size","9527","Size - 3X","1","129","60.5","0"
"W13023-WLS2001NC12A","12195","Mia Turtleneck ""Water and Spirit Buffalo at Moonrise"" Plus Size","9533","Size - 1X","0","149","68","0"
"W13023-WLS2001NC12A","12195","Mia Turtleneck ""Water and Spirit Buffalo at Moonrise"" Plus Size","9534","Size - 2X","0","149","68","0"
"W13023-WLS2001NC12A","12195","Mia Turtleneck ""Water and Spirit Buffalo at Moonrise"" Plus Size","9535","Size - 3X","1","149","68","0"
"A08007-UAC6601NC1AA","12199","Mimi Apron for children ""A Moose and a Goose""","","Mimi Apron for children ""A Moose and a Goose""","1","49","30","0"
"A17063-UAC6601NC02A","12200","Mimi Apron for children ""Depth""","","Mimi Apron for children ""Depth""","3","49","30","0"
"A16051-UAC6601NC05A","12201","Mimi Apron for children ""Northern Keepers""","","Mimi Apron for children ""Northern Keepers""","3","49","30","0"
"A08013-UAC6601NC0FA","12202","Mimi Apron for children ""New Day""","","Mimi Apron for children ""New Day""","5","49","30","0"
"A16058-UAC6601NC04A","12203","Mimi Apron for children ""Silent Seekers""","","Mimi Apron for children ""Silent Seekers""","5","49","30","0"
"A17063-UAC6701NC02A","12205","Angèle Apron ""Depth""","","Angèle Apron ""Depth""","1","69","29.5","0"
"A16051-UAC6701NC05A","12206","Angèle Apron ""Northern Keepers""","","Angèle Apron ""Northern Keepers""","1","69","29.5","0"
"A08013-UAC6701NC0FA","12207","Angèle Apron ""New Day""","","Angèle Apron ""New Day""","1","69","29.5","0"
"A16058-UAC6701NC04A","12208","Angèle Apron ""Silent Seekers""","","Angèle Apron ""Silent Seekers""","3","69","29.5","0"
"P-LOUPMARIN","12304","Plush with Seal Skin","9637","Size - S","3","11.5","0","5"
"P-LOUPMARIN","12304","Plush with Seal Skin","9638","Size - M","1","15","0","7"
"P-LOUPMARIN","12304","Plush with Seal Skin","9639","Size - L","3","16.5","0","8"
"P-LOUPMARIN","12304","Plush with Seal Skin","9640","Size - XL","1","24","0","11"
"NE-Stones","12390","Stones - Tumbled","","Stones - Tumbled","398","0.95","0.4","0"
"A16059-UAC6201NC0IA","12436","Arthur Pillow ""Wisdom Keepers""","","Arthur Pillow ""Wisdom Keepers""","4","59","21","0"
"A08007-UAC6101NC1AA","12440","Gustave Pillow ""A Moose and a Goose""","","Gustave Pillow ""A Moose and a Goose""","5","59","23","0"
"UAC6501NC1BA","12444","Maxime Bag ""Geese Spirit""","","Maxime Bag ""Geese Spirit""","1","65","27.5","0"
"Totem-Magnet","12462","Totem Animal Magnet","","Totem Animal Magnet","40","7.5","3.2","0"
"Totem-Keychain","12464","Totem Animal Keychain","","Totem Animal Keychain","3","7.5","3.2","0"
"6006-1092-26-KB26018MU","12587","Men Suede Slippers","9619","Shoe Size - 7","0","166","72.3","0"
"6006-1092-26-KB26018MU","12587","Men Suede Slippers","9620","Shoe Size - 8","0","166","72.3","0"
"6006-1092-26-KB26018MU","12587","Men Suede Slippers","9621","Shoe Size - 9","0","166","72.3","0"
"6006-1092-26-KB26018MU","12587","Men Suede Slippers","9622","Shoe Size - 10","0","166","72.3","0"
"6006-1092-26-KB26018MU","12587","Men Suede Slippers","9623","Shoe Size - 11","0","166","72.3","0"
"6006-1092-26-KB26018MU","12587","Men Suede Slippers","9624","Shoe Size - 12","1","166","72.3","0"
"6006-1092-26-KB26018MU","12587","Men Suede Slippers","9625","Shoe Size - 13","0","166","72.3","0"
"6006-1092-26-KB26018MU","12587","Men Suede Slippers","9626","Shoe Size - 14","0","166","72.3","0"
"6006-1092-26-KB26018MU","12587","Men Suede Slippers","9627","Shoe Size - 15","0","166","72.3","0"
"6006-1092-26-KB26018MU","12587","Men Suede Slippers","9628","Shoe Size - 6","0","166","72.3","0"
"Velvet Pouch","12632","Velvet Pouch","","Velvet Pouch","3","0.3","0.28","0"
"Kayo-Tea","12634","Kayo-Tea","12529","Size - 20gr","32","16.4","0","4.25"
"Kayo-Tea","12634","Kayo-Tea","12530","Size - 60gr","0","22.4","0","7"
"ML01C","12669","Mittens in Black Seal Skin","9630","Size - S","0","224","104","0"
"ML01C","12669","Mittens in Black Seal Skin","9631","Size - M","0","224","104","0"
"ML01C","12669","Mittens in Black Seal Skin","9632","Size - L","0","224","104","0"
"ML01C","12669","Mittens in Black Seal Skin","9633","Size - XL","0","224","104","0"
"ML01C","12669","Mittens in Black Seal Skin","9634","Size - XXL","0","224","104","0"
"ML01C","12669","Mittens in Black Seal Skin","9635","Size - XS","0","224","104","0"
"LSB10","12682","Liquid Silver Bracelet 10 Strands","","Liquid Silver Bracelet 10 Strands","3","85","35.2","0"
"LSB20","12683","Liquid Silver Bracelet 20 Strands","","Liquid Silver Bracelet 20 Strands","1","125","54.04","0"
"C-Rings","12686","Semi-Precious Transparent Rings","","Semi-Precious Transparent Rings","25","12.95","5.6","0"
"A13042-POD2549C","12702","Canvas - Carried Away","","Canvas - Carried Away","3","40","17","0"
"A17063-POD2550C","12703","Canvas - Depth","","Canvas - Depth","3","40","17","0"
"A10046-POD2553C","12704","Canvas - Geese Spirit","","Canvas - Geese Spirit","3","40","17","0"
"A14051-POD2554C","12705","Canvas - Gezaluwejit","","Canvas - Gezaluwejit","3","40","17","0"
"A01031-POD2558C","12707","Canvas - Honoring the Giver of Life","","Canvas - Honoring the Giver of Life","2","40","17","0"
"A13041-POD2583C","12708","Canvas - Lapinx","","Canvas - Lapinx","2","45","17","0"
"A10004-POD2561C","12710","Canvas - Merging Earth and Sky","","Canvas - Merging Earth and Sky","3","40","17","0"
"A16051-POD2566C","12712","Canvas - Northern Keepers","","Canvas - Northern Keepers","1","40","17","0"
"A00048-POD2884C","12714","Canvas - Protector","","Canvas - Protector","2","40","17","0"
"A01034-POD2570C","12715","Canvas - Reaching Out","","Canvas - Reaching Out","3","40","17","0"
"A20055-POD2571C","12716","Canvas - Refuge","","Canvas - Refuge","2","40","17","0"
"A09006-POD2579C","12717","Canvas - River Keeper","","Canvas - River Keeper","3","40","17","0"
"A16058-POD2574C","12718","Canvas - Silent Seekers","","Canvas - Silent Seekers","2","40","17","0"
"A01003-POD2575C","12719","Canvas - Sky Girl","","Canvas - Sky Girl","3","40","17","0"
"A17065-POD2578C","12722","Canvas - The Forest Temple","","Canvas - The Forest Temple","2","40","17","0"
"C60","12725","Curb Chain","9647","Size - 16""","0","42","0","17"
"C60","12725","Curb Chain","9648","Size - 18""","1","47","0","19"
"C60","12725","Curb Chain","9649","Size - 20""","1","52","0","20"
"C60","12725","Curb Chain","9650","Size - 22""","0","57","0","24.75"
"C60","12725","Curb Chain","9651","Size - 24""","1","62","0","26.82"
"C60","12725","Curb Chain","9652","Size - 30""","0","76","0","33"
"Fab-3","12747","3 Necklace on Cardboard","","3 Necklace on Cardboard","24","9.949999999999999","3","0"
"Fab-12D","12748","12D Bowl Medium with Bird","","12D Bowl Medium with Bird","3","36","12","0"
"DC1010","12774","DC1010 Earrings","9656","Colors - Turquoise","0","16.95","7.25","0"
"DC1010","12774","DC1010 Earrings","9657","Colors - Royal Blue","0","16.95","7.25","0"
"DC1010","12774","DC1010 Earrings","9658","Colors - Violet","1","16.95","7.25","0"
"DC1010","12774","DC1010 Earrings","9659","Colors - Beige","0","16.95","7.25","0"
"DC1010-P","12775","DC1010 Pendant","9660","Colors - Turquoise","14","11.95","5","0"
"DC1010-P","12775","DC1010 Pendant","9661","Colors - Royal Blue","9","11.95","5","0"
"DC1010-P","12775","DC1010 Pendant","9662","Colors - Violet","17","11.95","5","0"
"DC1010-P","12775","DC1010 Pendant","9663","Colors - Beige","7","11.95","5","0"
"DC15-P","12776","DC15 Pendant","","DC15 Pendant","25","8.949999999999999","3.75","0"
"DC15M-P","12777","DC15M Pendant","","DC15M Pendant","7","11.95","5","0"
"DC2-P","12778","DC2 Pendant","","DC2 Pendant","33","11.95","5","0"
"DC23-P","12779","DC23 Pendant","","DC23 Pendant","3","11.95","5","0"
"DC24-P","12780","DC24 Pendant","","DC24 Pendant","4","11.95","5","0"
"DC10-P","12781","DC10 Pendentif","","DC10 Pendentif","6","7.95","3.5","0"
"DC17","12783","DC17 Earrings","","DC17 Earrings","10","16.95","7.5","0"
"DC2","12784","DC2 Earrings","","DC2 Earrings","26","16.95","7.5","0"
"DC15","12785","DC15 Earrings","","DC15 Earrings","8","12.95","4.75","0"
"DC10","12786","DC10 Earrings","","DC10 Earrings","2","11.95","4.5","0"
"DC15M","12787","DC15M Earrings","","DC15M Earrings","1","15.95","6.95","0"
"VE1-17X","12788","Vintage Earrings","","Vintage Earrings","2","17.95","7.5","0"
"MIX-DISC","12789","MIX-DICS Earrings","","MIX-DICS Earrings","2","14.95","5","0"
"DC1600-4","12790","DC1600-4 Earrings","9664","Colors - Plum","0","16.95","7.5","0"
"DC1600-4","12790","DC1600-4 Earrings","9665","Colors - Apple Green","0","16.95","7.5","0"
"DC1600-4","12790","DC1600-4 Earrings","9666","Colors - Turquoise","0","16.95","7.5","0"
"DC1600-4","12790","DC1600-4 Earrings","9667","Colors - Purple","0","16.95","7.5","0"
"DC1600-4","12790","DC1600-4 Earrings","9668","Colors - White","1","16.95","7.5","0"
"ME/PI-MIX","12793","ME/PI-MIX Earrings","","ME/PI-MIX Earrings","0","11.95","5","0"
"DC17-P","12794","DC17 Pendant","","DC17 Pendant","11","12.95","5.5","0"
"MM14-4","12795","Key Chain","","Key Chain","6","8.949999999999999","3.25","0"
"DCC19","12796","DCC19 Earrings","","DCC19 Earrings","1","22.95","8.25","0"
"DCC19-P","12797","DCC19 Pendant","","DCC19 Pendant","4","15.95","5.25","0"
"BB2-P","12798","BB2 Pendant ""Birch Bark""","","BB2 Pendant ""Birch Bark""","4","12.95","5.3","0"
"BB5-P","12799","BB5 Pendant ""Birch Bark""","","BB5 Pendant ""Birch Bark""","0","14.95","0","0"
"DC1600-4-P","12800","DC1600-4 Pendant","","DC1600-4 Pendant","1","12.95","5.5","0"
"FDBO","12804","Boucles d'Oreilles","9673","Jewelry - Enamel","4","18","0","9"
"FDBO","12804","Boucles d'Oreilles","9674","Jewelry - Copper","32","21","0","10.5"
"FDBO","12804","Boucles d'Oreilles","9675","Jewelry - Pewter","11","24","0","12"
"FDBRACELET","12805","Bracelet","9676","Jewelry - Copper","7","54","0","27"
"FDBRACELET","12805","Bracelet","9677","Jewelry - Pewter","45","54","0","27"
"FDBROACHES","12806","Broaches","9678","Jewelry - Small","11","18","0","9"
"FDBROACHES","12806","Broaches","9679","Jewelry - Medium","39","24","0","12"
"FDBROACHES","12806","Broaches","9680","Jewelry - Large","3","26","0","13"
"FDMONEYCLIP","12808","Money Clip","","Money Clip","14","26","13","0"
"FDOPENERS","12809","Letter Openers","9702","Style - Enamel","0","24","0","12"
"FDOPENERS","12809","Letter Openers","9703","Style - Pewter","2","28","0","14"
"FDKEYRING","12813","Key Ring","","Key Ring","5","18","9","0"
"FDNECKLACE","12814","Necklaces","9687","Jewelry - Enameled Cord","35","21","0","10"
"FDNECKLACE","12814","Necklaces","9688","Jewelry - Copper Cord","41","20","0","10"
"FDNECKLACE","12814","Necklaces","9690","Jewelry - Enameled Chain","15","22","0","11"
"FDNECKLACE","12814","Necklaces","9696","Jewelry - Pewter cord medium","108","22","0","11"
"FDNECKLACE","12814","Necklaces","9697","Jewelry - Pewter cord large","19","24","0","12"
"FDNECKLACE","12814","Necklaces","9698","Jewelry - Pewter chain medium","16","24","0","12"
"FDNECKLACE","12814","Necklaces","9699","Jewelry - Pewter chain large","14","26","0","13"
"Heart Red","12815","Pin - ""Red Heart""","9700","Style - Pearls","24","34","0","17"
"Heart Red","12815","Pin - ""Red Heart""","9701","Style - Without Pearls","2","28","0","14"
"FDTIEPINS","12820","Tie Pins","","Tie Pins","0","22","11","0"
"Keewatin1","12832","New Collection Necklace","","New Collection Necklace","5","34.5","15","0"
"Keewatin2","12833","Colored Necklace","","Colored Necklace","24","32","13","0"
"Keewatin3","12834","Short Necklace","","Short Necklace","2","29","12.5","0"
"Keewatin4","12835","Simple Bracelet","","Simple Bracelet","48","18","7.5","0"
"Keewatin5","12836","Double Bracelet","","Double Bracelet","0","29","12.5","0"
"Keewatin6","12837","Colored Bracelet","","Colored Bracelet","0","18","7.5","0"
"Keewatin7","12838","Set of 3","","Set of 3","8","60","26","0"
"Keewatin8","12839","Earrings","","Earrings","0","18","7.5","0"
"Keewatin9","12840","Santon Broach","","Santon Broach","5","18","7.5","0"
"Braided Bracelet","12844","Braided Leather Bracelet","","Braided Leather Bracelet","8","26","10","0"
"Leather Bracelet","12845","Leather Bracelet","","Leather Bracelet","6","20","8","0"
"SKU: 53-53-612","12851","Bill Helin Killer Whale Oven Mitt","","Bill Helin Killer Whale Oven Mitt","0","18.95","8","0"
"FDCARDHOLDER","12900","Business Card Holder","","Business Card Holder","6","28","14","0"
"DC13","12931","DC13 Earrings","","DC13 Earrings","4","24.95","10.5","0"
"DC11","12932","DC11 Earrings","","DC11 Earrings","5","24.95","10.5","0"
"DC1005","12933","DC1005 Earrings","","DC1005 Earrings","0","15.95","0","0"
"DC19","12934","DC19 Earrings","","DC19 Earrings","2","22.95","9.75","0"
"DC20","12935","DC20 Earrings","","DC20 Earrings","2","42.95","18.5","0"
"DC13-P","12940","DC13 Pendant","","DC13 Pendant","9","15.95","6.75","0"
"DC11-P","12941","DC11 Pendant","","DC11 Pendant","3","15.95","6.75","0"
"DC20-P","12943","DC20 Pendant","","DC20 Pendant","3","26.95","11.5","0"
"DC21-P","12945","DC21 Pendant","","DC21 Pendant","4","26.95","11.5","0"
"DC19-P","12948","DC19 Pendant","","DC19 Pendant","9","15.95","6.75","0"
"DC18-P","12949","DC18 Pendant","","DC18 Pendant","6","15.95","6.75","0"
"BR32","12950","BR32 Hair accessories","","BR32 Hair accessories","0","6.95","2.9","0"
"DC/SPE","12975","DC/SPE Earrings","","DC/SPE Earrings","0","10.95","0","0"
"ES100-MIX","12976","ES100-MIX Earrings","","ES100-MIX Earrings","1","18.95","7.5","0"
"RRE-234","12990","RRE-234 Earrings","","RRE-234 Earrings","0","12.95","0","0"
"RRN-135-P","12992","RRN-135 Pendant ""River Rock""","","RRN-135 Pendant ""River Rock""","1","12.95","0","0"
"VN-18-P","12994","VN-18 Pendant ""Vintage""","","VN-18 Pendant ""Vintage""","4","22.95","10","0"
"DC14-P","12996","DC14 Pendant","","DC14 Pendant","10","15.95","6.75","0"
"DC3-P","12997","DC3 Pendant","","DC3 Pendant","2","10.95","4.5","0"
"DC5-P","12998","DC5 Pendant","","DC5 Pendant","9","10.95","4.5","0"
"BB4-P","12999","BB4 Pendant ""Birch Bark""","","BB4 Pendant ""Birch Bark""","5","12.95","5.55","0"
"BB6-P","13000","BB6 Pendant ""Birch Bark""","","BB6 Pendant ""Birch Bark""","10","15.95","7.05","0"
"BB8-P","13004","BB8 Pendant ""Birch Bark""","","BB8 Pendant ""Birch Bark""","6","10.95","4.55","0"
"BB1-P","13005","BB1 Pendant ""Birch Bark""","","BB1 Pendant ""Birch Bark""","3","14.95","6","0"
"DC1421-P","13006","DC1421 Pendant","","DC1421 Pendant","4","11.95","4.5","0"
"DC1417-P","13007","DC1417 Pendant","","DC1417 Pendant","6","11.95","4.5","0"
"DC1400-P","13008","DC1400 Pendant","","DC1400 Pendant","0","8.949999999999999","0","0"
"RRN6-VB2 MIX","13009","RRN6-VB2 -Mixed","","RRN6-VB2 -Mixed","1","16.95","7","0"
"DC1420-P","13010","DC1420 Pendant","","DC1420 Pendant","4","14.95","6.25","0"
"DC1005-P","13011","DC1005 Pendant","","DC1005 Pendant","1","10.95","4.25","0"
"DC50GTAN-P","13012","DC50GTAN  Necklace","","DC50GTAN  Necklace","0","11.95","4.25","0"
"DC23","13013","DC23 Earrings","","DC23 Earrings","4","17.95","7.5","0"
"DC24","13017","DC24 Earrings","","DC24 Earrings","5","17.95","7.5","0"
"Knecklaces","13018","Necklaces","9724","Price - $6","0","6","0","2.61"
"Knecklaces","13018","Necklaces","9725","Price - $8","1","8","0","3.48"
"Knecklaces","13018","Necklaces","9726","Price - $10","0","10","0","4.35"
"Knecklaces","13018","Necklaces","9727","Price - $12","1","12","0","5.22"
"Knecklaces","13018","Necklaces","9728","Price - $14","0","14","0","6.09"
"Knecklaces","13018","Necklaces","9729","Price - $16","1","16","0","6.96"
"Knecklaces","13018","Necklaces","9730","Price - $18","2","18","0","7.83"
"Knecklaces","13018","Necklaces","9731","Price - $20","10","20","0","8.699999999999999"
"Knecklaces","13018","Necklaces","9732","Price - $22","2","22","0","9.57"
"Knecklaces","13018","Necklaces","9733","Price - $24","3","24","0","10.44"
"Knecklaces","13018","Necklaces","9734","Price - $26","3","26","0","11.3"
"Knecklaces","13018","Necklaces","9735","Price - $28","4","28","0","12.17"
"Knecklaces","13018","Necklaces","9736","Price - $30","3","30","0","13.04"
"Knecklaces","13018","Necklaces","9737","Price - $32","2","32","0","13.91"
"Knecklaces","13018","Necklaces","9738","Price - $34","7","34","0","14.78"
"Knecklaces","13018","Necklaces","9739","Price - $36","6","36","0","15.65"
"Knecklaces","13018","Necklaces","9740","Price - $38","4","38","0","16.52"
"Knecklaces","13018","Necklaces","9741","Price - $40","0","40","0","17.39"
"Knecklaces","13018","Necklaces","9742","Price - $42","1","42","0","18.26"
"Knecklaces","13018","Necklaces","9743","Price - $44","0","44","0","19.13"
"Knecklaces","13018","Necklaces","9744","Price - $46","1","46","0","23"
"Knecklaces","13018","Necklaces","9745","Price - $48","2","48","0","20.87"
"Knecklaces","13018","Necklaces","9746","Price - $50","1","50","0","21.74"
"Kbracelets","13019","Bracelets","9747","Price - $8","1","8","0","3.48"
"Kbracelets","13019","Bracelets","9748","Price - $10","0","10","0","4.35"
"Kbracelets","13019","Bracelets","9749","Price - $12","4","12","0","5.22"
"Kbracelets","13019","Bracelets","9750","Price - $14","4","14","0","6.09"
"Kbracelets","13019","Bracelets","9751","Price - $16","20","16","0","6.96"
"Kbracelets","13019","Bracelets","9752","Price - $18","10","18","0","7.83"
"Kbracelets","13019","Bracelets","9753","Price - $20","8","20","0","8.699999999999999"
"Kbracelets","13019","Bracelets","9754","Price - $22","0","22","0","9.56"
"Kbracelets","13019","Bracelets","9755","Price - $24","0","24","0","10.44"
"Kbracelets","13019","Bracelets","9756","Price - $26","0","26","0","11.3"
"Kbracelets","13019","Bracelets","9757","Price - $28","0","28","0","12.17"
"Kbracelets","13019","Bracelets","9758","Price - $30","0","30","0","13.04"
"Kbracelets","13019","Bracelets","9759","Price - $32","0","32","0","13.91"
"Kbracelets","13019","Bracelets","9760","Price - $34","0","34","0","14.78"
"Kbracelets","13019","Bracelets","9761","Price - $36","0","36","0","15.65"
"Kbracelets","13019","Bracelets","9762","Price - $38","0","38","0","16.52"
"Kbracelets","13019","Bracelets","9763","Price - $40","1","40","0","17.39"
"Kbracelets","13019","Bracelets","9764","Price - $42","0","42","0","18.26"
"Kbracelets","13019","Bracelets","9765","Price - $44","0","44","0","19.13"
"Kbracelets","13019","Bracelets","9766","Price - $46","0","46","0","23"
"Kbracelets","13019","Bracelets","9767","Price - $48","0","48","0","20.87"
"Kbracelets","13019","Bracelets","9768","Price - $50","0","50","0","21.74"
"Kbracelets","13019","Bracelets","9769","Price - $6","0","6","0","2.6"
"Kbo","13020","Earrings","9770","Price - $8","1","8","0","3.48"
"Kbo","13020","Earrings","9771","Price - $10","0","10","0","4.35"
"Kbo","13020","Earrings","9772","Price - $12","6","12","0","5.22"
"Kbo","13020","Earrings","9773","Price - $14","12","14","0","6.09"
"Kbo","13020","Earrings","9774","Price - $16","5","16","0","6.96"
"Kbo","13020","Earrings","9775","Price - $18","11","18","0","7.83"
"Kbo","13020","Earrings","9776","Price - $20","2","20","0","8.699999999999999"
"Kbo","13020","Earrings","9777","Price - $22","0","22","0","9.57"
"Kbo","13020","Earrings","9778","Price - $24","0","24","0","10.44"
"Kbo","13020","Earrings","9779","Price - $26","0","26","0","11.3"
"Kbo","13020","Earrings","9780","Price - $28","0","28","0","12.17"
"Kbo","13020","Earrings","9781","Price - $30","2","30","0","13.04"
"Kbo","13020","Earrings","9782","Price - $32","0","32","0","13.91"
"Kbo","13020","Earrings","9783","Price - $34","0","34","0","14.78"
"Kbo","13020","Earrings","9784","Price - $36","0","36","0","15.65"
"Kbo","13020","Earrings","9785","Price - $38","0","38","0","16.52"
"Kbo","13020","Earrings","9786","Price - $40","0","40","0","17.39"
"Kbo","13020","Earrings","9787","Price - $42","0","42","0","17.39"
"Kbo","13020","Earrings","9788","Price - $44","0","44","0","19.13"
"Kbo","13020","Earrings","9789","Price - $46","0","46","0","23"
"Kbo","13020","Earrings","9790","Price - $48","0","48","0","20.87"
"Kbo","13020","Earrings","9791","Price - $50","0","50","0","21.74"
"Kbo","13020","Earrings","9792","Price - $6","0","6","0","2.61"
"W12005-WLS1801NC0WA","13026","Patti Tunic II ""Earth Keeper"" Plus Size","9793","Size - 2X","1","129","60.5","0"
"W12005-WLS1801NC0WA","13026","Patti Tunic II ""Earth Keeper"" Plus Size","9794","Size - 3X","1","129","60.5","0"
"W12005-WLS1801NC0WA","13026","Patti Tunic II ""Earth Keeper"" Plus Size","9795","Size - 1X","1","129","60.5","0"
"A16058-UAC1501NC04A","13028","Simone Headband ""Silent Seekers""","","Simone Headband ""Silent Seekers""","8","49","12.03","0"
"BA","13042","Moisturizing Lip Balm","9796","Wellness - Wild raspberry - Honey","7","19.75","11.85","0"
"BA","13042","Moisturizing Lip Balm","9797","Wellness - Wild mint - Honey","5","19.75","11.85","0"
"CB","13045","Body Balm","9800","Wellness - Loosestrife flower","3","35","21","0"
"CB","13045","Body Balm","9801","Wellness - Honeysuckle","0","35","21","0"
"CB","13045","Body Balm","9802","Wellness - Wild daisy","3","35","21","0"
"HV","13046","Hydrolatherapy Mist","","Hydrolatherapy Mist","5","29.99","18","0"
"EV","13047","Anti-Aging Elixir","","Anti-Aging Elixir","5","59.99","34.8","0"
"HQ","13052","Spiritual Mist","9803","Size - 120ml","12","15.99","0","9"
"HQ","13052","Spiritual Mist","9804","Size - 270ml","24","25","0","15"
"CS","13053","Ancestral Seed Boxes","11928","Wellness - Pride of you vegetable garden","6","19.99","12","0"
"CS","13053","Ancestral Seed Boxes","11929","Wellness - Surprise Collection","6","19.99","12","0"
"CS","13053","Ancestral Seed Boxes","11930","Wellness - Save the bees","2","19.99","12","0"
"CS","13053","Ancestral Seed Boxes","11931","Wellness - Flowers and medicinal plants","5","19.99","12","0"
"CV","13054","Face Cream","10212","Size - 195g, Wellness - Wild chamomile - Rose","2","65","0","39"
"CV","13054","Face Cream","10214","Size - 195g, Wellness - Wild berry","4","65","0","39"
"CV","13054","Face Cream","10216","Size - 195g, Wellness - Musk Mallow - Linden","4","65","0","39"
"CV","13054","Face Cream","10218","Size - 55g, Wellness - Wild chamomile - Rose","3","29.99","0","15"
"CV","13054","Face Cream","10220","Size - 55g, Wellness - Wild berries","0","29.99","0","15"
"CV","13054","Face Cream","10222","Size - 55g, Wellness - Musk Mallow - Linden","4","29.99","0","15"
"CC","13056","Body Cream","10230","Size - 255g, Wellness - Sweetgrass","3","45","0","27"
"CC","13056","Body Cream","10234","Size - 55g, Wellness - Sweetgrass","4","24.99","0","12"
"CC","13056","Body Cream","10238","Size - 255g, Wellness - Lavender - Rosemary","5","45","0","27"
"CC","13056","Body Cream","10242","Size - 55g, Wellness - Lavender - Rosemary","6","24.99","0","12"
"CC","13056","Body Cream","10246","Size - 255g, Wellness - Linden","3","45","0","27"
"CC","13056","Body Cream","10250","Size - 55g, Wellness - Linden","6","24.99","0","12"
"CCD","13058","Pain Management Care Cream","9823","Size - 55g","5","24.99","0","12"
"CCD","13058","Pain Management Care Cream","9824","Size - 170g","3","55","0","33"
"DEO","13060","Deodorants","9826","Wellness - Wild berries","4","15.95","9.57","0"
"DEO","13060","Deodorants","9827","Wellness - Wild flowers","0","15.95","9.57","0"
"DEO","13060","Deodorants","9828","Wellness - Conifer","1","15.95","9.57","0"
"TIS","13061","Herbal Teas","9829","Wellness - Wild chamomile","2","19.95","11.97","0"
"TIS","13061","Herbal Teas","9830","Wellness - Balsam fir","3","19.95","11.97","0"
"TIS","13061","Herbal Teas","9831","Wellness - Red clover","4","19.95","11.97","0"
"TIS","13061","Herbal Teas","9832","Wellness - Stinging nettle","2","19.95","11.97","0"
"MI","13062","Honey","9837","Wellness - Wild chamomile","2","19.95","11.97","0"
"MI","13062","Honey","9838","Wellness - Balsam fir","3","19.95","11.97","0"
"MI","13062","Honey","9839","Wellness - Rosehips","3","19.95","11.97","0"
"MI","13062","Honey","9840","Wellness - Wild mint","4","19.95","11.97","0"
"BIRC600OS-01","13068","""Birch Bark"" Blanket","","""Birch Bark"" Blanket","2","189","105","0"
"Heart Orange","13075","Pin -  ""Orange Heart""","9841","Style - Without Pearls","0","28","0","14"
"Heart Orange","13075","Pin -  ""Orange Heart""","9842","Style - Pearls","10","34","0","17"
"etoile-couleurs","13076","Pin - ""Colors Stars""","","Pin - ""Colors Stars""","11","34","17","0"
"MIEL600OS-01","13077","""Miel"" Blanket","","""Miel"" Blanket","1","189","105","0"
"ECLA600OS-07","13078","""Éclair"" Blanket","","""Éclair"" Blanket","0","189","105","0"
"HARV600OS-01","13079","""Harvesters"" Blanket","","""Harvesters"" Blanket","2","189","105","0"
"STOR600OS-01","13080","""Storm"" Blanket","","""Storm"" Blanket","2","189","105","0"
"THUN600OS-01","13082","""Thunderbird"" Blanket","","""Thunderbird"" Blanket","2","189","105","0"
"FLEU600OS-01","13083","""FLeurs"" Blanket","","""FLeurs"" Blanket","0","189","105","0"
"SAND600OS-01","13084","""Sand"" Blanket","","""Sand"" Blanket","2","189","105","0"
"PON400O-06","13085","Poncho ""Harfang""","9843","Size - 18mth - 3yrs","0","85","0","51"
"PON400O-06","13085","Poncho ""Harfang""","9844","Size - 4yrs - 8yrs","0","89","0","53"
"SUN400O-06","13086","Poncho ""Sunrise""","9845","Size - 4yrs - 8yrs","0","89","0","53"
"SUN400O-06","13086","Poncho ""Sunrise""","9846","Size - 18mth - 3yrs","1","85","0","51"
"STOR600OS-03","13087","Shawl ""Storm""","","Shawl ""Storm""","0","134","80","0"
"THUN600OS-03","13089","Shawl ""Thunderbird""","","Shawl ""Thunderbird""","1","134","80","0"
"BIRC600OS-03","13090","Shawl ""Birch Bark""","","Shawl ""Birch Bark""","1","134","80","0"
"MIEL600OS-03","13091","Shawl ""Miel""","","Shawl ""Miel""","2","134","80","0"
"CURR600OS-03","13092","Shawl ""Currant""","","Shawl ""Currant""","2","134","80","0"
"HARV600OS-03","13093","Shawl ""Harvesters""","","Shawl ""Harvesters""","2","134","80","0"
"A17064-UAC1101NC03A","13111","Alice Neck Warmer ""Motter Love""","","Alice Neck Warmer ""Motter Love""","3","59","16.58","0"
"A16058-UAC1101NC04A","13112","Alice Neck Warmer ""Silent Seekers""","","Alice Neck Warmer ""Silent Seekers""","1","59","16.58","0"
"SEQcandles","13124","Scented Candles","9865","Size - 15 hr, Wellness - Blackberry - Sage","5","10","0","5"
"SEQcandles","13124","Scented Candles","9866","Size - 30 hr, Wellness - Blackberry - Sage","6","20","0","10"
"SEQcandles","13124","Scented Candles","9867","Size - 60 hr, Wellness - Blackberry - Sage","0","28","0","14"
"SEQcandles","13124","Scented Candles","9868","Size - 15 hr, Wellness - Jingle Dress","5","10","0","5"
"SEQcandles","13124","Scented Candles","9869","Size - 30 hr, Wellness - Jingle Dress","6","20","0","10"
"SEQcandles","13124","Scented Candles","9870","Size - 60 hr, Wellness - Jingle Dress","3","28","0","14"
"SEQcandles","13124","Scented Candles","9871","Size - 15 hr, Wellness - Red clover","5","10","0","5"
"SEQcandles","13124","Scented Candles","9872","Size - 30 hr, Wellness - Red clover","2","20","0","10"
"SEQcandles","13124","Scented Candles","9873","Size - 60 hr, Wellness - Red clover","0","28","0","14"
"SEQcandles","13124","Scented Candles","9874","Size - 15 hr, Wellness - Skywoman","6","10","0","5"
"SEQcandles","13124","Scented Candles","9875","Size - 30 hr, Wellness - Skywoman","6","20","0","10"
"SEQcandles","13124","Scented Candles","9876","Size - 60 hr, Wellness - Skywoman","0","28","0","14"
"SEQcandles","13124","Scented Candles","9880","Size - 15 hr, Wellness - Three Sisters","3","10","0","5"
"SEQcandles","13124","Scented Candles","9881","Size - 30 hr, Wellness - Three Sisters","4","20","0","10"
"SEQcandles","13124","Scented Candles","9882","Size - 60 hr, Wellness - Three Sisters","5","28","0","14"
"SEQcandles","13124","Scented Candles","9883","Size - 15 hr, Wellness - Sweetgrass","4","10","0","5"
"SEQcandles","13124","Scented Candles","9884","Size - 30 hr, Wellness - Sweetgrass","3","20","0","10"
"SEQcandles","13124","Scented Candles","9885","Size - 60 hr, Wellness - Sweetgrass","4","28","0","14"
"6080-0408-41TU-697","13125","Ladies Suede Slippers","9886","Shoe Size - 5","0","108","46.9","0"
"6080-0408-41TU-697","13125","Ladies Suede Slippers","9887","Shoe Size - 6","0","108","46.9","0"
"6080-0408-41TU-697","13125","Ladies Suede Slippers","9888","Shoe Size - 7","0","108","46.9","0"
"6080-0408-41TU-697","13125","Ladies Suede Slippers","9889","Shoe Size - 8","0","108","46.9","0"
"6080-0408-41TU-697","13125","Ladies Suede Slippers","9890","Shoe Size - 9","0","108","46.9","0"
"6080-0408-41TU-697","13125","Ladies Suede Slippers","9891","Shoe Size - 10","0","108","46.9","0"
"6080-0408-41TU-697","13125","Ladies Suede Slippers","9892","Shoe Size - 11","0","108","46.9","0"
"6080-0408-41TU-697","13125","Ladies Suede Slippers","9893","Shoe Size - 12","0","108","46.9","0"
"6080-0408-41TU-697","13125","Ladies Suede Slippers","9894","Shoe Size - 4","0","108","46.9","0"
"SEQmist","13128","Body Mists","9913","Size - 4oz, Wellness - Jingle Dress","6","20","0","10"
"SEQmist","13128","Body Mists","9920","Size - 2.5oz, Wellness - Blackberry - Sage","8","15","0","7"
"SEQmist","13128","Body Mists","9921","Size - 4oz, Wellness - Blackberry - Sage","2","20","0","10"
"SEQmist","13128","Body Mists","9922","Size - 2.5oz, Wellness - Red clover","6","15","0","7"
"SEQmist","13128","Body Mists","9923","Size - 4oz, Wellness - Red clover","3","20","0","10"
"SEQmist","13128","Body Mists","9924","Size - 2.5oz, Wellness - Skywoman","5","15","0","7"
"SEQmist","13128","Body Mists","9925","Size - 4oz, Wellness - Skywoman","8","20","0","10"
"SEQmist","13128","Body Mists","9928","Size - 2.5oz, Wellness - Sweetgrass","6","15","0","7"
"SEQmist","13128","Body Mists","9929","Size - 4oz, Wellness - Sweetgrass","1","20","0","10"
"SEQlotion","13135","Body Lotions","9939","Size - 8oz, Wellness - Jingle Dress","7","28","0","14"
"SEQlotion","13135","Body Lotions","9940","Size - 2oz, Wellness - Blackberry - Sage","5","12","0","6"
"SEQlotion","13135","Body Lotions","9941","Size - 8oz, Wellness - Blackberry - Sage","6","28","0","14"
"SEQlotion","13135","Body Lotions","9942","Size - 2oz, Wellness - Red clover","3","12","0","6"
"SEQlotion","13135","Body Lotions","9943","Size - 8oz, Wellness - Red clover","7","28","0","14"
"SEQlotion","13135","Body Lotions","9944","Size - 2oz, Wellness - Skywoman","6","12","0","6"
"SEQlotion","13135","Body Lotions","9945","Size - 8oz, Wellness - Skywoman","2","28","0","14"
"SEQlotion","13135","Body Lotions","9946","Size - 2oz, Wellness - Sweetgrass","7","12","0","6"
"SEQlotion","13135","Body Lotions","9947","Size - 8oz, Wellness - Sweetgrass","2","28","0","14"
"SEQlotion","13135","Body Lotions","12703","Size - 2oz, Wellness - Jingle Dress","6","12","0","6"
"SEQincense","13141","Incense","9948","Wellness - Turtle Island","0","12","6","0"
"SEQincense","13141","Incense","9949","Wellness - Cedar","0","12","6","0"
"SEQincense","13141","Incense","9950","Wellness - Medicine Woman","0","12","6","0"
"SEQincense","13141","Incense","9951","Wellness - Sacred Tobacco","0","12","6","0"
"SEQincense","13141","Incense","9952","Wellness - Sweetgrass","0","12","6","0"
"SEQincense","13141","Incense","9953","Wellness - Warrior's Blood","0","12","6","0"
"SEQincense","13141","Incense","9954","Wellness - Red clover","0","12","6","0"
"SEQincense","13141","Incense","9955","Wellness - Sage","0","12","6","0"
"SEQbscrub","13144","Body Scrubs","9956","Size - 5oz, Wellness - Blackberry - Sage","6","18","0","9"
"SEQbscrub","13144","Body Scrubs","9957","Size - 5oz, Wellness - Skywoman","7","18","0","9"
"SEQbscrub","13144","Body Scrubs","9958","Size - 5oz, Wellness - Sweetgrass","2","18","0","9"
"SEQbscrub","13144","Body Scrubs","12691","Size - 20oz, Wellness - Sweetgrass","6","38","0","19"
"SEQbscrub","13144","Body Scrubs","12692","Size - 20oz, Wellness - Skywoman","6","38","0","19"
"SEQbscrub","13144","Body Scrubs","12693","Size - 20oz, Wellness - Blackberry - Sage","0","38","0","19"
"SEQbscrub","13144","Body Scrubs","12705","Size - 5oz, Wellness - Red clover","0","0","0","0"
"SEQbscrub","13144","Body Scrubs","12706","Size - 20oz, Wellness - Red clover","0","0","0","0"
"SEQfscrub","13145","Facial Scrubs","9962","Size - 5oz, Wellness - Tea Tree Mint","12","25","0","12"
"SEQfscrub","13145","Facial Scrubs","9963","Size - 5oz, Wellness - Strawberry","13","25","0","12"
"SEQfscrub","13145","Facial Scrubs","9964","Size - 10oz, Wellness - Tea Tree Mint","0","40","0","20"
"SEQfscrub","13145","Facial Scrubs","9965","Size - 10oz, Wellness - Strawberry","0","40","0","20"
"SEQmgift","13150","Soap Gift Set ""Medicine""","9966","Size - 1oz","6","18","0","9"
"SEQmgift","13150","Soap Gift Set ""Medicine""","9967","Size - 4oz","10","56","0","28"
"SEQlgift","13151","Soap Gift Set ""Legends""","9970","Size - 1oz","0","18","0","9"
"SEQlgift","13151","Soap Gift Set ""Legends""","9971","Size - 4oz","3","56","0","28"
"SEQnsgift","13154","Soap Gift Set ""Night Sky""","9972","Size - 4oz","9","56","0","28"
"SEQnsgift","13154","Soap Gift Set ""Night Sky""","9973","Size - 1oz","0","18","0","9"
"SEQtgift","13155","Soap Gift Set ""Traditions""","9974","Size - 4oz","2","56","0","28"
"SEQtgift","13155","Soap Gift Set ""Traditions""","9975","Size - 1oz","2","18","0","9"
"SEQsbgift","13156","Soap Gift Set ""Sweet Blends""","9976","Size - 4oz","5","56","0","28"
"SEQsbgift","13156","Soap Gift Set ""Sweet Blends""","9977","Size - 1oz","0","18","0","9"
"SEQbalm","13159","Soothing Lip Balms","9978","Wellness - Blueberry","10","8","4","0"
"SEQbalm","13159","Soothing Lip Balms","9979","Wellness - Wild berries","0","8","4","0"
"SEQbalm","13159","Soothing Lip Balms","9980","Wellness - Strawberry","4","8","4","0"
"SEQbalm","13159","Soothing Lip Balms","9981","Wellness - Three Sisters","10","8","4","0"
"SEQbalm","13159","Soothing Lip Balms","9982","Wellness - Tea Tree Mint","5","8","4","0"
"SEQbalm","13159","Soothing Lip Balms","9983","Wellness - Lime","0","8","4","0"
"SEQbalm","13159","Soothing Lip Balms","12704","Wellness - Northern Blueberry","0","8","4","0"
"SEQsssoap","13165","Sweet Scented Soaps","10006","Size - 1oz, Wellness - Beautiful Day","8","4","0","2"
"SEQsssoap","13165","Sweet Scented Soaps","10007","Size - 4oz, Wellness - Beautiful Day","0","14","0","7"
"SEQsssoap","13165","Sweet Scented Soaps","10008","Size - 1oz, Wellness - Blood Moon","2","4","0","2"
"SEQsssoap","13165","Sweet Scented Soaps","10009","Size - 4oz, Wellness - Blood Moon","2","14","0","7"
"SEQsssoap","13165","Sweet Scented Soaps","10010","Size - 1oz, Wellness - Harvest Moon","9","4","0","2"
"SEQsssoap","13165","Sweet Scented Soaps","10011","Size - 4oz, Wellness - Harvest Moon","6","14","0","7"
"SEQsssoap","13165","Sweet Scented Soaps","10012","Size - 1oz, Wellness - Jingle Dress","8","4","0","2"
"SEQsssoap","13165","Sweet Scented Soaps","10013","Size - 4oz, Wellness - Jingle Dress","11","14","0","7"
"SEQsssoap","13165","Sweet Scented Soaps","10014","Size - 1oz, Wellness - Moon Dance","7","4","0","2"
"SEQsssoap","13165","Sweet Scented Soaps","10015","Size - 4oz, Wellness - Moon Dance","7","14","0","7"
"SEQsssoap","13165","Sweet Scented Soaps","10016","Size - 1oz, Wellness - Seven Dancers","12","4","0","2"
"SEQsssoap","13165","Sweet Scented Soaps","10017","Size - 4oz, Wellness - Seven Dancers","6","14","0","7"
"SEQsssoap","13165","Sweet Scented Soaps","10018","Size - 1oz, Wellness - Skywoman","0","4","0","2"
"SEQsssoap","13165","Sweet Scented Soaps","10019","Size - 4oz, Wellness - Skywoman","11","14","0","7"
"SEQsssoap","13165","Sweet Scented Soaps","10020","Size - 1oz, Wellness - Stone Canoe","0","4","0","2"
"SEQsssoap","13165","Sweet Scented Soaps","10021","Size - 4oz, Wellness - Stone Canoe","0","14","0","7"
"SEQsssoap","13165","Sweet Scented Soaps","10022","Size - 1oz, Wellness - Story Teller","3","4","0","2"
"SEQsssoap","13165","Sweet Scented Soaps","10023","Size - 4oz, Wellness - Story Teller","3","14","0","7"
"SEQsssoap","13165","Sweet Scented Soaps","10024","Size - 1oz, Wellness - Strawberry - Rhubarb","4","4","0","2"
"SEQsssoap","13165","Sweet Scented Soaps","10025","Size - 4oz, Wellness - Strawberry - Rhubarb","0","14","0","7"
"SEQsssoap","13165","Sweet Scented Soaps","10030","Size - 1oz, Wellness - Three Sisters","5","4","0","2"
"SEQsssoap","13165","Sweet Scented Soaps","10031","Size - 4oz, Wellness - Three Sisters","6","14","0","7"
"SEQsssoap","13165","Sweet Scented Soaps","10036","Size - 1oz, Wellness - Turquoise","0","4","0","2"
"SEQsssoap","13165","Sweet Scented Soaps","10037","Size - 4oz, Wellness - Turquoise","0","14","0","7"
"SEQsssoap","13165","Sweet Scented Soaps","10042","Size - 1oz, Wellness - Wild berry","6","4","0","2"
"SEQsssoap","13165","Sweet Scented Soaps","10043","Size - 4oz, Wellness - Wild berry","5","14","0","7"
"SEQsssoap","13165","Sweet Scented Soaps","12701","Size - 1oz, Wellness - Northern Blueberry","6","4","0","0"
"SEQsssoap","13165","Sweet Scented Soaps","12702","Size - 4oz, Wellness - Northern Blueberry","0","14","0","0"
"1700-0008-43CK-259CK","13166","Ladies Leather Slippers","9993","Shoe Size - 4","0","157","68.2","0"
"1700-0008-43CK-259CK","13166","Ladies Leather Slippers","9994","Shoe Size - 5","1","157","68.2","0"
"1700-0008-43CK-259CK","13166","Ladies Leather Slippers","9995","Shoe Size - 6","0","157","68.2","0"
"1700-0008-43CK-259CK","13166","Ladies Leather Slippers","9996","Shoe Size - 7","0","157","68.2","0"
"1700-0008-43CK-259CK","13166","Ladies Leather Slippers","9997","Shoe Size - 8","0","157","68.2","0"
"1700-0008-43CK-259CK","13166","Ladies Leather Slippers","9998","Shoe Size - 9","0","157","68.2","0"
"1700-0008-43CK-259CK","13166","Ladies Leather Slippers","9999","Shoe Size - 10","0","157","68.2","0"
"1700-0008-43CK-259CK","13166","Ladies Leather Slippers","10000","Shoe Size - 11","0","157","68.2","0"
"1700-0008-43CK-259CK","13166","Ladies Leather Slippers","10001","Shoe Size - 12","0","157","68.2","0"
"HPA","13167","Tick and Mosquito Repellant","10004","Size - 120ml","0","15.99","15","0"
"HPA","13167","Tick and Mosquito Repellant","10005","Size - 266ml","0","25","15","0"
"SEQnesoap","13171","Soaps with Natural Essences","10098","Size - 1oz, Wellness - Beaded Moccasin","3","4","0","2"
"SEQnesoap","13171","Soaps with Natural Essences","10099","Size - 4oz, Wellness - Beaded Moccasin","1","14","0","7"
"SEQnesoap","13171","Soaps with Natural Essences","10100","Size - 1oz, Wellness - Beautiful Water","0","4","0","2"
"SEQnesoap","13171","Soaps with Natural Essences","10101","Size - 4oz, Wellness - Beautiful Water","0","14","0","7"
"SEQnesoap","13171","Soaps with Natural Essences","10102","Size - 1oz, Wellness - Cedar","6","4","0","2"
"SEQnesoap","13171","Soaps with Natural Essences","10103","Size - 4oz, Wellness - Cedar","7","14","0","7"
"SEQnesoap","13171","Soaps with Natural Essences","10104","Size - 1oz, Wellness - Cradleboard","9","4","0","2"
"SEQnesoap","13171","Soaps with Natural Essences","10105","Size - 4oz, Wellness - Cradleboard","0","14","0","7"
"SEQnesoap","13171","Soaps with Natural Essences","10106","Size - 1oz, Wellness - Medicine Woman","8","4","0","2"
"SEQnesoap","13171","Soaps with Natural Essences","10107","Size - 4oz, Wellness - Medicine Woman","6","14","0","7"
"SEQnesoap","13171","Soaps with Natural Essences","10108","Size - 1oz, Wellness - Red clover","4","4","0","2"
"SEQnesoap","13171","Soaps with Natural Essences","10109","Size - 4oz, Wellness - Red clover","4","14","0","7"
"SEQnesoap","13171","Soaps with Natural Essences","10110","Size - 1oz, Wellness - Sage","6","4","0","2"
"SEQnesoap","13171","Soaps with Natural Essences","10111","Size - 4oz, Wellness - Sage","2","14","0","7"
"SEQnesoap","13171","Soaps with Natural Essences","10112","Size - 1oz, Wellness - Stone Mother","6","4","0","2"
"SEQnesoap","13171","Soaps with Natural Essences","10113","Size - 4oz, Wellness - Stone Mother","0","14","0","7"
"SEQnesoap","13171","Soaps with Natural Essences","10114","Size - 1oz, Wellness - Sweetgrass","6","4","0","2"
"SEQnesoap","13171","Soaps with Natural Essences","10115","Size - 4oz, Wellness - Sweetgrass","6","14","0","7"
"SEQnesoap","13171","Soaps with Natural Essences","10116","Size - 1oz, Wellness - Three Bears","1","4","0","2"
"SEQnesoap","13171","Soaps with Natural Essences","10117","Size - 4oz, Wellness - Three Bears","1","14","0","7"
"SEQnesoap","13171","Soaps with Natural Essences","10118","Size - 1oz, Wellness - Tobacco","1","4","0","2"
"SEQnesoap","13171","Soaps with Natural Essences","10119","Size - 4oz, Wellness - Tobacco","3","14","0","7"
"SEQnesoap","13171","Soaps with Natural Essences","10120","Size - 1oz, Wellness - Tree of Peace","0","4","0","2"
"SEQnesoap","13171","Soaps with Natural Essences","10121","Size - 4oz, Wellness - Tree of Peace","0","14","0","7"
"SEQnesoap","13171","Soaps with Natural Essences","10122","Size - 1oz, Wellness - Turtle Island","2","4","0","2"
"SEQnesoap","13171","Soaps with Natural Essences","10123","Size - 4oz, Wellness - Turtle Island","7","14","0","7"
"SEQnesoap","13171","Soaps with Natural Essences","10124","Size - 1oz, Wellness - Winter Moon","4","4","0","2"
"SEQnesoap","13171","Soaps with Natural Essences","10125","Size - 4oz, Wellness - Winter Moon","0","14","0","7"
"SEQfoils","13174","Fragrance Oils","10126","Wellness - Red clover","5","15","0","7.5"
"SEQfoils","13174","Fragrance Oils","10127","Wellness - Sweetgrass","5","18","0","9"
"SEQfoils","13174","Fragrance Oils","10128","Wellness - Lavender","6","15","0","7.5"
"SEQfoils","13174","Fragrance Oils","10129","Wellness - Blackberry - Sage","5","15","0","7.5"
"DC1400","13181","DC1400 Earrings","","DC1400 Earrings","0","13.95","0","0"
"DC1416","13182","DC1416 Earrings","","DC1416 Earrings","0","14.95","0","0"
"DC1417","13183","DC1417 Earrings","","DC1417 Earrings","0","16.95","0","0"
"DC1421","13185","DC1421 Earrings","","DC1421 Earrings","4","16.95","7","0"
"BB2","13186","BB2 Earrings ""Birch Bark""","","BB2 Earrings ""Birch Bark""","6","17.95","7.55","0"
"BB8","13187","BB8 Earrings ""Birch Bark""","","BB8 Earrings ""Birch Bark""","6","12.95","5.55","0"
"ES60DC","13193","ES60 Earth Stone Pendant","","ES60 Earth Stone Pendant","3","18","6.5","0"
"BB6","13224","BB6 Earrings ""Birch Bark""","","BB6 Earrings ""Birch Bark""","0","19.95","8.550000000000001","0"
"25","13257","Bastien - Belts","","Bastien - Belts","22","21","9","0"
"A01036-WSS1401NC0ZA","13274","Kiki T-Shirt ""Teachings"" Plus size","10167","Size - 2X","0","89","43.9","0"
"A01036-WSS1401NC0ZA","13274","Kiki T-Shirt ""Teachings"" Plus size","10168","Size - 3X","1","89","43.9","0"
"A01036-WSS1401NC0ZA","13274","Kiki T-Shirt ""Teachings"" Plus size","10169","Size - 1X","0","89","43.9","0"
"Red Dress","13290","Pin - ""Red Dress""","","Pin - ""Red Dress""","2","30","15","0"
"Cwipes","13292","Connoisseurs - Wipes","","Connoisseurs - Wipes","24","16.5","7.2","0"
"Ccloth","13293","Connoisseurs - Cloth","","Connoisseurs - Cloth","9","18.5","8.050000000000001","0"
"KEEincense","13395","Indigenous Astrology Incense","10196","Wellness - 1 Bear-Rain","7","8.949999999999999","3.75","0"
"KEEincense","13395","Indigenous Astrology Incense","10197","Wellness - 2 Moose-Cedar","7","8.949999999999999","3.75","0"
"KEEincense","13395","Indigenous Astrology Incense","10198","Wellness - 3 Marmot-Apple Blossom","8","8.949999999999999","3.75","0"
"KEEincense","13395","Indigenous Astrology Incense","10199","Wellness - 4 Hare-Lilac","5","8.949999999999999","3.75","0"
"KEEincense","13395","Indigenous Astrology Incense","10200","Wellness - 5 Snow Goose-Wild Fruit","19","8.949999999999999","3.75","0"
"KEEincense","13395","Indigenous Astrology Incense","10201","Wellness - 6 Salmon-Eucalyptus","14","8.949999999999999","3.75","0"
"KEEincense","13395","Indigenous Astrology Incense","10202","Wellness - 7 Deer-Maple Syrup","10","8.949999999999999","3.75","0"
"KEEincense","13395","Indigenous Astrology Incense","10203","Wellness - 8 Eagle-Wood Spices","16","8.949999999999999","3.75","0"
"KEEincense","13395","Indigenous Astrology Incense","10204","Wellness - 9 Turtle-Sweet Grass","11","8.949999999999999","3.75","0"
"KEEincense","13395","Indigenous Astrology Incense","10205","Wellness - 10 Canada Goose-Honeysuckle","15","8.949999999999999","3.75","0"
"KEEincense","13395","Indigenous Astrology Incense","10206","Wellness - 11 Beaver-Sunflower","19","8.949999999999999","3.75","0"
"KEEincense","13395","Indigenous Astrology Incense","10207","Wellness - 12  Fox-Pine","9","8.949999999999999","3.75","0"
"KEEincense","13395","Indigenous Astrology Incense","10208","Wellness - 13 Otter-Fire Wood","8","8.949999999999999","3.75","0"
"KEEincense","13395","Indigenous Astrology Incense","10209","Wellness - Sage","5","8.949999999999999","3.75","0"
"Coquelicot-couleurs","13548","Pin - ""Poppy-Colors""","","Pin - ""Poppy-Colors""","8","26","13","0"
"W12017-POD2576","13550","Card - Synchronicity","","Card - Synchronicity","5","6.35","2.75","0"
"A13041-POD2583","13551","Card - Lapinx","","Card - Lapinx","11","6.35","2.75","0"
"Fab-13D","13558","13D Candle Holder Arrow","","13D Candle Holder Arrow","5","40","12.5","0"
"RFKC","13575","Rabbit Paw Key Chain","","Rabbit Paw Key Chain","0","8.949999999999999","4","0"
"A16058-TWL0101NC04A","13607","Joy Beach Towel - ""Silent Seekers""","","Joy Beach Towel - ""Silent Seekers""","0","79","26.3","0"
"A08019-TWL0101NC13A","13608","Joy Beach Towel - ""Unity""","","Joy Beach Towel - ""Unity""","2","79","26.3","0"
"A16059-TWL0101NC01A","13609","Joy Beach Towel - ""Wisdom Keepers""","","Joy Beach Towel - ""Wisdom Keepers""","1","79","26.3","0"
"A16059-WLS340101NC01A","13621","Catherine Zip Top - ""Wisdom Keepers""","10257","Size - XS","1","159","59.5","0"
"A16059-WLS340101NC01A","13621","Catherine Zip Top - ""Wisdom Keepers""","10258","Size - S","2","159","59.5","0"
"A16059-WLS340101NC01A","13621","Catherine Zip Top - ""Wisdom Keepers""","10259","Size - M","0","159","59.5","0"
"A16059-WLS340101NC01A","13621","Catherine Zip Top - ""Wisdom Keepers""","10260","Size - L","0","159","59.5","0"
"A16059-WLS340101NC01A","13621","Catherine Zip Top - ""Wisdom Keepers""","10261","Size - XL","0","159","59.5","0"
"CALENDAR1302024","13666","Nathalie Coutou 2024 Calendar","","Nathalie Coutou 2024 Calendar","0","11","9.5","0"
"NC5X7","13680","NC 5x7","","NC 5x7","12","5.5","2.4","0"
"DCK22","13708","Dream Catchers Kit ""Family""","","Dream Catchers Kit ""Family""","3","12.95","5.5","0"
"DCK11","13715","Dream Catchers Kit ""Friendship""","","Dream Catchers Kit ""Friendship""","3","10.95","4.75","0"
"DCK13","13716","Dream Catchers Kit ""Friendship""","","Dream Catchers Kit ""Friendship""","3","12.95","5.75","0"
"DCK14","13717","Dream Catchers Kit ""Friendship""","","Dream Catchers Kit ""Friendship""","2","17.95","7.5","0"
"A18061-POD2573C","13718","Canvas - Seed of Life","","Canvas - Seed of Life","2","45","17","0"
"DCK12","13719","Dream Catchers Kit ""Friendship""","","Dream Catchers Kit ""Friendship""","4","15.95","6.5","0"
"DCK15","13721","Dream Catchers Kit ""Friendship""","","Dream Catchers Kit ""Friendship""","3","10.95","4.25","0"
"DCK16","13722","Dream Catchers Kit ""Friendship""","","Dream Catchers Kit ""Friendship""","2","15.95","6.5","0"
"DCK17","13723","Dream Catchers Kit ""Friendship""","","Dream Catchers Kit ""Friendship""","3","12.95","5.75","0"
"DCK18","13724","Dream Catchers Kit ""Friendship""","","Dream Catchers Kit ""Friendship""","2","18.95","7.5","0"
"DCK41","13725","Dream Catchers Kit for Kids","","Dream Catchers Kit for Kids","2","10.95","5","0"
"DCK42","13727","Dream Catchers Kit for Kids","","Dream Catchers Kit for Kids","2","10.95","5","0"
"DCK43","13728","Dream Catchers Kit for Kids","","Dream Catchers Kit for Kids","3","10.95","5","0"
"DCK46","13729","Dream Catchers Kit for Kids","","Dream Catchers Kit for Kids","2","13.95","6","0"
"DCK47","13730","Dream Catchers Kit for Kids","","Dream Catchers Kit for Kids","1","13.95","6","0"
"DCK48","13731","Dream Catchers Kit for Kids","","Dream Catchers Kit for Kids","0","13.95","6","0"
"DCF5","13734","""Seasons"" Dream Catcher","","""Seasons"" Dream Catcher","0","38.95","16.75","0"
"A08011-POD2585C","13736","Canvas - Whisper","","Canvas - Whisper","3","55","17","0"
"VS22","13737","""Vision Seeker"" Dream Catcher","","""Vision Seeker"" Dream Catcher","3","15.95","6","0"
"Lavabracelets","13738","Lava Bead Bracelets","10280","Colors - Black","2","10.95","4.5","0"
"Lavabracelets","13738","Lava Bead Bracelets","10281","Colors - Red","0","10.95","4.5","0"
"Lavabracelets","13738","Lava Bead Bracelets","10282","Colors - Pink","2","10.95","4.5","0"
"Lavabracelets","13738","Lava Bead Bracelets","10283","Colors - Turquoise","1","10.95","4.5","0"
"EEincense","13739","Earth's Essence Incense","10284","Wellness - Cedar","6","11.95","5.24","0"
"EEincense","13739","Earth's Essence Incense","10285","Wellness - Sage","6","11.95","5.24","0"
"EEincense","13739","Earth's Essence Incense","10286","Wellness - Sweetgrass","7","11.95","5.24","0"
"EEincense","13739","Earth's Essence Incense","10827","Wellness - Eagle's Whisper","2","11.95","5.24","0"
"EEincense","13739","Earth's Essence Incense","10828","Wellness - Mother Nature","3","11.95","5.24","0"
"EEincense","13739","Earth's Essence Incense","10829","Wellness - Nature's Breath","5","11.95","5.24","0"
"EEincense","13739","Earth's Essence Incense","10830","Wellness - Ojibway Sun","5","11.95","5.24","0"
"EEincense","13739","Earth's Essence Incense","10831","Wellness - Sacred Land","3","11.95","5.24","0"
"EEincense","13739","Earth's Essence Incense","10832","Wellness - Sweet Dreams","6","11.95","5.24","0"
"DCC20","13740","DCC20 Earrings","","DCC20 Earrings","2","42.95","18.5","0"
"DC21","13765","DC21 Earrings","","DC21 Earrings","2","42.95","18.5","0"
"BB4","13766","BB4 Earrings ""Birch Bark""","","BB4 Earrings ""Birch Bark""","5","17.95","7.55","0"
"DC5","13767","DC5  Earrings","","DC5  Earrings","5","15.95","6","0"
"DC3","13771","DC3  Earrings","","DC3  Earrings","6","15.95","6","0"
"DC4","13772","DC4  Earrings","","DC4  Earrings","1","15.95","6","0"
"BB3-P","13777","BB3 Pendant ""Birch Bark""","","BB3 Pendant ""Birch Bark""","8","10.95","4","0"
"DC822","13782","Dream Catcher","","Dream Catcher","1","36.95","16","0"
"DC350","13784","Dream Catcher","","Dream Catcher","15","16.95","7.5","0"
"SF42","13785","Smudging Feathers","","Smudging Feathers","3","8.949999999999999","3.5","0"
"DCWR","13795","Coil Dream Catcher Bracelets","10294","Jewelry - Amethyst","2","11.95","5.95","0"
"DCWR","13795","Coil Dream Catcher Bracelets","10295","Jewelry - Amazonite","1","11.95","5.95","0"
"DCWR","13795","Coil Dream Catcher Bracelets","10296","Jewelry - Blue goldstone","2","11.95","5.95","0"
"DCWR","13795","Coil Dream Catcher Bracelets","10297","Jewelry - Hematite","0","11.95","5.95","0"
"DCWR","13795","Coil Dream Catcher Bracelets","10298","Jewelry - Labradorite","0","11.95","5.95","0"
"DCWR","13795","Coil Dream Catcher Bracelets","10299","Jewelry - Turquoise","0","11.95","5.95","0"
"A08019","13798","Reaching Out - Believe in Yourself","","Reaching Out - Believe in Yourself","0","0","0","0"
"DC412","13799","Dream Catcher","10300","Colors - Light Blue","3","15.95","6.5","0"
"DC412","13799","Dream Catcher","10301","Colors - Lavender","2","15.95","6.5","0"
"DC412","13799","Dream Catcher","10302","Colors - Mint","2","15.95","6.5","0"
"DC412","13799","Dream Catcher","10303","Colors - Pink","4","15.95","6.5","0"
"DC412","13799","Dream Catcher","10304","Colors - White","5","15.95","6.5","0"
"DC412","13799","Dream Catcher","12357","Colors - Tan","5","15.95","6.5","0"
"DC821","13867","Dream Catcher","","Dream Catcher","2","36.95","16.1","0"
"DCW5","13868","""Seasons"" Dream Catcher","","""Seasons"" Dream Catcher","1","38.95","15","0"
"DC94","13869","Dream Catcher","","Dream Catcher","0","92.95","40.25","0"
"MM2","13870","Ornemental Headdress","","Ornemental Headdress","0","28.95","0","0"
"A08013-UAC6101NC0FA","13873","Gustave Pillow ""New Day""","","Gustave Pillow ""New Day""","2","59","23","0"
"A10046-UAC6101NC1BA","13875","Gustave Pillow ""Geese Spirit""","","Gustave Pillow ""Geese Spirit""","2","59","23","0"
"A16058-WAC0601NC04A","13876","Claudia Shawl ""Silent Seekers""","","Claudia Shawl ""Silent Seekers""","0","109","35","0"
"A17064-WAC0601NC03A","13880","Claudia Shawl ""Motter Love""","","Claudia Shawl ""Motter Love""","0","109","35","0"
"A08019-WLS340101NC13A","13884","Catherine Zip Top - ""Unity""","10306","Size - S","0","159","59.5","0"
"A08019-WLS340101NC13A","13884","Catherine Zip Top - ""Unity""","10307","Size - M","1","159","59.5","0"
"A08019-WLS340101NC13A","13884","Catherine Zip Top - ""Unity""","10308","Size - L","0","159","59.5","0"
"A08019-WLS340101NC13A","13884","Catherine Zip Top - ""Unity""","10309","Size - XL","1","159","59.5","0"
"A08019-WLS340101NC13A","13884","Catherine Zip Top - ""Unity""","10310","Size - XS","1","159","59.5","0"
"Worry Stones","13898","Stones - Worry","","Stones - Worry","0","2.95","1.2","0"
"Arrowhead","13899","Arrowhead","","Arrowhead","119","1.55","0.7","0"
"SKU: 00-08-624","13900","Wildflower Oven Mitt","","Wildflower Oven Mitt","0","18.95","8","0"
"00-04-200","13939","Otter Spirit Box","","Otter Spirit Box","1","104","45","0"
"SKU: 00-06-910","13940","Eagle Pâté Knife","10311","Style - High Polish","0","65","28","0"
"SKU: 00-06-910","13940","Eagle Pâté Knife","10312","Style - Brush","1","65","28","0"
"SKU: 00-07-512","13950","Corrine Hunt Hummingbird Pendant","","Corrine Hunt Hummingbird Pendant","1","82","35.5","0"
"SKU: 00-07-532","13953","Corrine Hunt Hummingbird Earrings","","Corrine Hunt Hummingbird Earrings","2","85","37","0"
"600series","13965","""Free Spirit"" Collection","10313","Style - Raven","0","14","6","0"
"600series","13965","""Free Spirit"" Collection","10314","Style - Salmon","1","14","6","0"
"600series","13965","""Free Spirit"" Collection","10315","Style - Sun Mask","0","14","6","0"
"600series","13965","""Free Spirit"" Collection","10316","Style - Killer Whale","0","14","6","0"
"600series","13965","""Free Spirit"" Collection","10317","Style - Inukshuk","1","14","6","0"
"600series","13965","""Free Spirit"" Collection","10318","Style - Bear","0","14","6","0"
"600series","13965","""Free Spirit"" Collection","10319","Style - Moose","1","14","6","0"
"Angel","13968","Angel","","Angel","0","65","35","0"
"1 sister","13969","1 Sister","","1 Sister","3","65","45","0"
"2 sisters","13970","2 Sisters","","2 Sisters","2","82","50","0"
"3 sisters","13972","3 Sisters","","3 Sisters","3","115","70","0"
"4 sisters","13974","4 Sisters","","4 Sisters","0","145","90","0"
"4 sisters MW","13975","4 Sisters MW","","4 Sisters MW","3","145","90","0"
"Birds","13976","Birds","","Birds","2","42","25","0"
"CBNL","13977","Candle Bowls Wax (no lids)","","Candle Bowls Wax (no lids)","1","42","21","0"
"PH","13978","Plants Holders","","Plants Holders","3","48.45","23","0"
"CBWL","13979","Candle Bowls Wax (with lids)","","Candle Bowls Wax (with lids)","1","48.45","23","0"
"SPC","13980","Candle Simmer Pots","","Candle Simmer Pots","5","48.45","30","0"
"SCC","13981","Canoe Candle Small","","Canoe Candle Small","6","48.45","30","0"
"CACB","13982","Canoe Candle Big","","Canoe Candle Big","2","90","50","0"
"CMW","13983","Candle Medicine Wheel Small","11384","Size - 2""","3","25","0","12.5"
"CMW","13983","Candle Medicine Wheel Small","11385","Size - 3""","4","30","0","15"
"CMW","13983","Candle Medicine Wheel Small","11386","Size - 4""","0","40","0","20"
"CM","13984","Candle Mocassin","","Candle Mocassin","0","48.45","23","0"
"IF","13985","Incense Feather","","Incense Feather","4","50","30","0"
"OS","13986","Ornaments Small","","Ornaments Small","17","16","15","0"
"OM","13987","Ornaments Medium","","Ornaments Medium","11","22","15","0"
"OB","13988","Ornaments Big","","Ornaments Big","15","25","15","0"
"Bear","13989","Bear","","Bear","1","25","15","0"
"CBS","13990","Christmas Balls Small","","Christmas Balls Small","1","42","20","0"
"CBB","13991","Christmas Balls Big","","Christmas Balls Big","0","48.45","23","0"
"Vase","13992","Vase","","Vase","1","32","20","0"
"ME","13993","Mother Earth","","Mother Earth","3","82","50","0"
"GFSW","13994","Guardian from the Spirit World","","Guardian from the Spirit World","1","96","60","0"
"ECMO","13995","Every Child Matters Ornaments","10320","Size - S","2","16","15","0"
"ECMO","13995","Every Child Matters Ornaments","10321","Size - M","9","22","15","0"
"ECMO","13995","Every Child Matters Ornaments","10322","Size - L","4","25","15","0"
"W13026-WBL1701NC1DA","14000","Terry-Ann Kimono ""In her World""","10323","Size - TU/OS","1","119","58","0"
"W13023-WBL1701NC16A","14009","Terry-Ann Kimono ""Water and Spirit Buffalo""","10324","Size - TU/OS","3","119","58","0"
"A01028-WBL1701NC08A","14010","Terry-Ann Kimono ""Giving Thanks""","10325","Size - TU/OS","4","119","58","0"
"WBL1701NC1BA","14011","Terry-Ann Kimono ""Geese Spirit""","10326","Size - TU/OS","3","119","58","0"
"W13025-WBL1701NC1EA","14012","Terry-Ann Kimono ""Passage""","10327","Size - TU/OS","2","119","58","0"
"W13047-RES0101NC17A","14013","Marina Beach ""Inner Memories""","","Marina Beach ""Inner Memories""","1","109","46","0"
"W13047-RES0201NC17A","14018","Océanne Beach ""Inner Memories""","","Océanne Beach ""Inner Memories""","1","99","40.5","0"
"A17064-UAC6101NC03A","14089","Gustave Pillow ""Motter Love""","","Gustave Pillow ""Motter Love""","0","59","23","0"
"A07020-WNS1301NC0AA","14091","Kaplan Plus ""Journey to the Spirit World""","10333","Size - 1X","0","129","64","0"
"A07020-WNS1301NC0AA","14091","Kaplan Plus ""Journey to the Spirit World""","10334","Size - 2X","1","129","64","0"
"A07020-WNS1301NC0AA","14091","Kaplan Plus ""Journey to the Spirit World""","10335","Size - 3X","1","129","64","0"
"A17063-WNS1301NC02A","14092","Kaplan Plus ""Depth""","10336","Size - 2X","1","129","64","0"
"A17063-WNS1301NC02A","14092","Kaplan Plus ""Depth""","10337","Size - 3X","1","129","64","0"
"A17063-WNS1301NC02A","14092","Kaplan Plus ""Depth""","10338","Size - 1X","0","129","64","0"
"A13026-WNS1301NC1DA","14093","Kaplan Plus ""In Her World""","10339","Size - 2X","0","129","64","0"
"A13026-WNS1301NC1DA","14093","Kaplan Plus ""In Her World""","10340","Size - 3X","0","129","64","0"
"A13026-WNS1301NC1DA","14093","Kaplan Plus ""In Her World""","10341","Size - 1X","1","129","64","0"
"A10046-WNS1301NC1BA","14094","Kaplan Plus ""Geese Spirit""","10342","Size - 2X","0","129","64","0"
"A10046-WNS1301NC1BA","14094","Kaplan Plus ""Geese Spirit""","10343","Size - 3X","1","129","64","0"
"A10046-WNS1301NC1BA","14094","Kaplan Plus ""Geese Spirit""","10344","Size - 1X","1","129","64","0"
"W12005-WDR5401NC0WA","14095","Kate Dress ""Earth Keeper"" Plus Size","10350","Size - 1X","1","169","81.5","0"
"W12005-WDR5401NC0WA","14095","Kate Dress ""Earth Keeper"" Plus Size","10351","Size - 2X","1","169","81.5","0"
"W12005-WDR5401NC0WA","14095","Kate Dress ""Earth Keeper"" Plus Size","10352","Size - 3X","1","169","81.5","0"
"A16058-WDR5401NC04A","14096","Kate Dress ""Silent Seekers"" Plus Size","10353","Size - 2X","1","169","81.5","0"
"A16058-WDR5401NC04A","14096","Kate Dress ""Silent Seekers"" Plus Size","10354","Size - 3X","1","169","81.5","0"
"A16058-WDR5401NC04A","14096","Kate Dress ""Silent Seekers"" Plus Size","10355","Size - 1X","0","169","81.5","0"
"W13023-WBL0601NC11A","14097","Kimono ""Water and Spirit Buffalo at Sunset""","10356","Size - TU/OS","1","129","49.5","0"
"A17063-WDR4801NC02A","14173","Elise Maxi ""Depth""","10369","Size - XS","0","149","56","0"
"A17063-WDR4801NC02A","14173","Elise Maxi ""Depth""","10370","Size - S","0","149","56","0"
"A17063-WDR4801NC02A","14173","Elise Maxi ""Depth""","10371","Size - M","0","149","56","0"
"A17063-WDR4801NC02A","14173","Elise Maxi ""Depth""","10372","Size - L","0","149","56","0"
"A17063-WDR4801NC02A","14173","Elise Maxi ""Depth""","10373","Size - XL","0","149","56","0"
"W13023-WDR4801NC16A","14174","Elise Maxi ""Water and Spirit Buffalo""","10374","Size - XS","0","149","56","0"
"W13023-WDR4801NC16A","14174","Elise Maxi ""Water and Spirit Buffalo""","10375","Size - S","0","149","56","0"
"W13023-WDR4801NC16A","14174","Elise Maxi ""Water and Spirit Buffalo""","10376","Size - M","1","149","56","0"
"W13023-WDR4801NC16A","14174","Elise Maxi ""Water and Spirit Buffalo""","10377","Size - L","0","149","56","0"
"W13023-WDR4801NC16A","14174","Elise Maxi ""Water and Spirit Buffalo""","10378","Size - XL","0","149","56","0"
"A07020-WSS0901NC0AA","14175","K Smith T-Shirt ""Journey to the Spirit World""","10379","Size - S","1","89","35","0"
"A07020-WSS0901NC0AA","14175","K Smith T-Shirt ""Journey to the Spirit World""","10380","Size - M","0","89","35","0"
"A07020-WSS0901NC0AA","14175","K Smith T-Shirt ""Journey to the Spirit World""","10381","Size - L","1","89","35","0"
"A07020-WSS0901NC0AA","14175","K Smith T-Shirt ""Journey to the Spirit World""","10382","Size - XL","1","89","35","0"
"A07020-WSS0901NC0AA","14175","K Smith T-Shirt ""Journey to the Spirit World""","10383","Size - XS","1","89","35","0"
"A08045-20084C","14177","Canvas - Patience","","Canvas - Patience","0","40","17","0"
"A07020-20080C","14178","Canvas - Journey to the Spirit World","","Canvas - Journey to the Spirit World","2","45","17","0"
"W13047-POD2560C","14179","Canvas - Inner Memories","","Canvas - Inner Memories","3","40","17","0"
"A12050-POD2559C","14180","Canvas - Ice Dream","","Canvas - Ice Dream","2","40","17","0"
"A01038-POD2557C","14181","Canvas - Harmony","","Canvas - Harmony","2","40","17","0"
"W12005-WBL1201NC0WA","14183","Nikki Cardigan ""Earth Keeper"" Plus Size","10394","Size - 2X","1","159","50","0"
"W12005-WBL1201NC0WA","14183","Nikki Cardigan ""Earth Keeper"" Plus Size","10395","Size - 3X","0","159","50","0"
"W12005-WBL1201NC0WA","14183","Nikki Cardigan ""Earth Keeper"" Plus Size","10396","Size - 1X","1","159","50","0"
"A16058-WLS340101NC04A","14184","Catherine Zip Top - ""Silent Seekers""","10402","Size - XS","1","159","59.5","0"
"A16058-WLS340101NC04A","14184","Catherine Zip Top - ""Silent Seekers""","10403","Size - S","1","159","59.5","0"
"A16058-WLS340101NC04A","14184","Catherine Zip Top - ""Silent Seekers""","10404","Size - M","0","159","59.5","0"
"A16058-WLS340101NC04A","14184","Catherine Zip Top - ""Silent Seekers""","10405","Size - L","0","159","59.5","0"
"A16058-WLS340101NC04A","14184","Catherine Zip Top - ""Silent Seekers""","10406","Size - XL","1","159","59.5","0"
"W12018-WLS340101NC0DA","14185","Catherine Zip Top - ""Early Evening Flowing into Fall""","10412","Size - XS","0","159","59.5","0"
"W12018-WLS340101NC0DA","14185","Catherine Zip Top - ""Early Evening Flowing into Fall""","10413","Size - S","0","159","59.5","0"
"W12018-WLS340101NC0DA","14185","Catherine Zip Top - ""Early Evening Flowing into Fall""","10414","Size - M","0","159","59.5","0"
"W12018-WLS340101NC0DA","14185","Catherine Zip Top - ""Early Evening Flowing into Fall""","10415","Size - L","0","159","59.5","0"
"W12018-WLS340101NC0DA","14185","Catherine Zip Top - ""Early Evening Flowing into Fall""","10416","Size - XL","0","159","59.5","0"
"A10046-WNS0801NC1BA","14186","Kaplan Tank ""Geese Spirit""","10422","Size - XS","1","129","60","0"
"A10046-WNS0801NC1BA","14186","Kaplan Tank ""Geese Spirit""","10423","Size - S","1","129","60","0"
"A10046-WNS0801NC1BA","14186","Kaplan Tank ""Geese Spirit""","10424","Size - M","1","129","60","0"
"A10046-WNS0801NC1BA","14186","Kaplan Tank ""Geese Spirit""","10425","Size - L","1","129","60","0"
"A10046-WNS0801NC1BA","14186","Kaplan Tank ""Geese Spirit""","10426","Size - XL","1","129","60","0"
"A08011-UAC6101NC0HA","14187","Gustave Pillow ""Whisper""","","Gustave Pillow ""Whisper""","1","59","23","0"
"W17062-UAC6101NC0GA","14190","Gustave Pillow ""Horizon""","","Gustave Pillow ""Horizon""","1","59","23","0"
"SAND600OS-07","14221","Sherpa Baby Blanket ""Sand""","","Sherpa Baby Blanket ""Sand""","0","85","51","0"
"NIBI600OS-07","14224","""Nibi"" Blanket","","""Nibi"" Blanket","0","189","105","0"
"CURR600OS-01","14225","""Currant"" Blanket","","""Currant"" Blanket","1","189","105","0"
"STAR600OS-01","14226","""Star"" Blanket","","""Star"" Blanket","1","189","105","0"
"STOR600OS-07","14227","Sherpa Baby Blanket ""Storm""","","Sherpa Baby Blanket ""Storm""","0","85","51","0"
"MKWA600OS-07","14228","Sherpa Baby Blanket ""Mkwa""","","Sherpa Baby Blanket ""Mkwa""","1","85","51","0"
"TUND600OS-03","14231","Shawl ""Tundra""","","Shawl ""Tundra""","1","134","80","0"
"MKWA600OS-03","14232","Shawl ""Mkwa""","","Shawl ""Mkwa""","1","134","80","0"
"NIBI600OS-03","14234","Shawl ""Nibi""","","Shawl ""Nibi""","2","134","80","0"
"SAND600OS-03","14235","Shawl ""Sand""","","Shawl ""Sand""","1","134","80","0"
"FLEU600OS-03","14236","Shawl ""Fleurs""","","Shawl ""Fleurs""","1","134","80","0"
"PROTECTEUR_AQUA","14286","Aqua Armor","","Aqua Armor","4","38","22","0"
"658","14294","Suede Moccasins for Children","10435","Shoe Size - 3","1","74","32.15","0"
"658","14294","Suede Moccasins for Children","10436","Shoe Size - 4","0","74","32.15","0"
"658","14294","Suede Moccasins for Children","10437","Shoe Size - 5","0","74","32.15","0"
"658","14294","Suede Moccasins for Children","10438","Shoe Size - 6","1","74","32.15","0"
"658","14294","Suede Moccasins for Children","10439","Shoe Size - 7","2","74","32.15","0"
"658","14294","Suede Moccasins for Children","10440","Shoe Size - 8","2","74","32.15","0"
"658","14294","Suede Moccasins for Children","10441","Shoe Size - 9","2","74","32.15","0"
"658","14294","Suede Moccasins for Children","10442","Shoe Size - 10","0","74","32.15","0"
"64817","14295","Suede Moccasins for Children","10443","Shoe Size - 4","2","65","28.2","0"
"64817","14295","Suede Moccasins for Children","10444","Shoe Size - 5","0","65","28.2","0"
"64817","14295","Suede Moccasins for Children","10445","Shoe Size - 6","0","65","28.2","0"
"64817","14295","Suede Moccasins for Children","10446","Shoe Size - 7","1","65","28.2","0"
"64817","14295","Suede Moccasins for Children","10447","Shoe Size - 8","1","65","28.2","0"
"64817","14295","Suede Moccasins for Children","10448","Shoe Size - 9","0","65","28.2","0"
"64817","14295","Suede Moccasins for Children","10449","Shoe Size - 10","0","65","28.2","0"
"64817","14295","Suede Moccasins for Children","10450","Shoe Size - 3","0","65","28.2","0"
"9422CK","14296","Leather Mukluks for Men","10461","Shoe Size - 8","2","443","192.6","0"
"9422CK","14296","Leather Mukluks for Men","10462","Shoe Size - 9","2","443","192.6","0"
"9422CK","14296","Leather Mukluks for Men","10463","Shoe Size - 10","2","443","192.6","0"
"9422CK","14296","Leather Mukluks for Men","10464","Shoe Size - 11","2","443","192.6","0"
"9422CK","14296","Leather Mukluks for Men","10465","Shoe Size - 12","2","443","192.6","0"
"9422CK","14296","Leather Mukluks for Men","10466","Shoe Size - 13","2","443","192.6","0"
"941427CK","14297","Ladies Leather Mukluks","10473","Shoe Size - 6","1","430","185","0"
"941427CK","14297","Ladies Leather Mukluks","10474","Shoe Size - 7","1","430","185","0"
"941427CK","14297","Ladies Leather Mukluks","10475","Shoe Size - 8","2","430","185","0"
"941427CK","14297","Ladies Leather Mukluks","10476","Shoe Size - 9","2","430","185","0"
"Mineral-Keychain","14400","Mineral Keychain","","Mineral Keychain","6","6.95","3","0"
"648","14410","Suede Moccasins for Children","10485","Shoe Size - 3","2","74","32.15","0"
"648","14410","Suede Moccasins for Children","10486","Shoe Size - 4","2","74","32.15","0"
"648","14410","Suede Moccasins for Children","10487","Shoe Size - 5","1","74","32.15","0"
"648","14410","Suede Moccasins for Children","10488","Shoe Size - 6","0","74","32.15","0"
"648","14410","Suede Moccasins for Children","10489","Shoe Size - 7","0","74","32.15","0"
"648","14410","Suede Moccasins for Children","10490","Shoe Size - 8","1","74","32.15","0"
"648","14410","Suede Moccasins for Children","10491","Shoe Size - 9","1","74","32.15","0"
"648","14410","Suede Moccasins for Children","10492","Shoe Size - 10","1","74","32.15","0"
"Mini carte -NC","14413","Mini Card NC","","Mini Card NC","9","0.95","0.4","0"
"THUN600OS-07","14438","Sherpa Baby Blanket ""Thunderbird"" Blanket","","Sherpa Baby Blanket ""Thunderbird"" Blanket","1","85","51","0"
"FLEU620OS-02","14439","""Fleurs"" Wool Blanket","","""Fleurs"" Wool Blanket","2","289","164","0"
"SKU: 54-54-339","14444","Moccasins Raven","10496","Shoe Size - 18 months","1","92","40","0"
"SKU: 54-54-339","14444","Moccasins Raven","10497","Shoe Size - 24 months","1","92","40","0"
"SKU: 54-54-339","14444","Moccasins Raven","10498","Shoe Size - 36 months","1","92","40","0"
"00-04-201","14450","Seal Spirit Box","","Seal Spirit Box","0","120","52","0"
"00-04-472","14451","Bear Spirit Box","","Bear Spirit Box","1","83","36","0"
"00-04-471","14452","Wolf Spirit Box","","Wolf Spirit Box","0","83","36","0"
"00-04-081","14453","Seal Box","","Seal Box","1","53","23","0"
"00-06-301","14454","Salmon Box","","Salmon Box","1","115","50","0"
"00-04-079","14455","West Coast Design Box","","West Coast Design Box","0","30","13","0"
"00-04-096","14456","West Coast Design Box","","West Coast Design Box","1","70","30","0"
"00-04-478","14457","West Coast Design Box","","West Coast Design Box","0","97","42","0"
"Inukshuk","14458","Inukshuk","10499","Size - 2.5""","5","27","0","0"
"Inukshuk","14458","Inukshuk","10500","Size - 3""","6","36","0","0"
"Inukshuk","14458","Inukshuk","10501","Size - 4""","2","54","0","0"
"Inukshuk","14458","Inukshuk","10502","Size - 5.5""","2","71","0","0"
"Inukshuk","14458","Inukshuk","10503","Size - 7""","0","94","0","0"
"Inukshuk","14458","Inukshuk","10504","Size - 9""","0","130","0","0"
"Inukshuk","14458","Inukshuk","10505","Size - 12""","1","220","0","0"
"Inukshuk","14458","Inukshuk","10506","Size - 14""","1","275","0","0"
"00-04-474","14460","West Coast Design Box","","West Coast Design Box","0","46","20","0"
"5076-1100-36-KB803CK","14550","Leather Moccasins for Men","10518","Shoe Size - 6","0","177","76.90000000000001","0"
"5076-1100-36-KB803CK","14550","Leather Moccasins for Men","10519","Shoe Size - 7","0","177","76.90000000000001","0"
"5076-1100-36-KB803CK","14550","Leather Moccasins for Men","10520","Shoe Size - 8","0","177","76.90000000000001","0"
"5076-1100-36-KB803CK","14550","Leather Moccasins for Men","10521","Shoe Size - 9","0","177","76.90000000000001","0"
"5076-1100-36-KB803CK","14550","Leather Moccasins for Men","10522","Shoe Size - 10","0","177","76.90000000000001","0"
"5076-1100-36-KB803CK","14550","Leather Moccasins for Men","10523","Shoe Size - 11","1","177","76.90000000000001","0"
"5076-1100-36-KB803CK","14550","Leather Moccasins for Men","10524","Shoe Size - 12","0","177","76.90000000000001","0"
"5076-1100-36-KB803CK","14550","Leather Moccasins for Men","10525","Shoe Size - 13","0","177","76.90000000000001","0"
"5076-1100-36-KB803CK","14550","Leather Moccasins for Men","10526","Shoe Size - 14","0","177","76.90000000000001","0"
"403","14595","Suede Moccasins for Men","10537","Shoe Size - 6","0","109","38.5","0"
"403","14595","Suede Moccasins for Men","10538","Shoe Size - 7","0","109","38.5","0"
"403","14595","Suede Moccasins for Men","10539","Shoe Size - 8","2","109","38.5","0"
"403","14595","Suede Moccasins for Men","10540","Shoe Size - 9","0","109","38.5","0"
"403","14595","Suede Moccasins for Men","10541","Shoe Size - 10","1","109","38.5","0"
"403","14595","Suede Moccasins for Men","10542","Shoe Size - 11","0","109","38.5","0"
"403","14595","Suede Moccasins for Men","10543","Shoe Size - 12","1","109","38.5","0"
"403","14595","Suede Moccasins for Men","10544","Shoe Size - 13","0","109","38.5","0"
"403","14595","Suede Moccasins for Men","10545","Shoe Size - 14","0","119","38.5","0"
"403","14595","Suede Moccasins for Men","10546","Shoe Size - 15","0","119","38.5","0"
"21188","14597","Leather Bootie for Men","10547","Shoe Size - 6","0","155","70","0"
"21188","14597","Leather Bootie for Men","10548","Shoe Size - 7","0","155","70","0"
"21188","14597","Leather Bootie for Men","10549","Shoe Size - 8","1","155","70","0"
"21188","14597","Leather Bootie for Men","10550","Shoe Size - 9","1","155","70","0"
"21188","14597","Leather Bootie for Men","10551","Shoe Size - 10","0","155","70","0"
"21188","14597","Leather Bootie for Men","10552","Shoe Size - 11","0","155","70","0"
"21188","14597","Leather Bootie for Men","10553","Shoe Size - 12","0","155","70","0"
"21188","14597","Leather Bootie for Men","10554","Shoe Size - 13","0","155","70","0"
"A16058-WPA1301NC04A","14601","Brooke Jogger ""Silent Seekers""","10562","Size - XS","1","159","63.5","0"
"A16058-WPA1301NC04A","14601","Brooke Jogger ""Silent Seekers""","10563","Size - S","1","159","63.5","0"
"A16058-WPA1301NC04A","14601","Brooke Jogger ""Silent Seekers""","10564","Size - M","1","159","63.5","0"
"A16058-WPA1301NC04A","14601","Brooke Jogger ""Silent Seekers""","10565","Size - L","0","159","63.5","0"
"A16058-WPA1301NC04A","14601","Brooke Jogger ""Silent Seekers""","10566","Size - XL","0","159","63.5","0"
"W13026-UAC6301NC1DA","14603","Céleste Place Mat ""In Her World""","","Céleste Place Mat ""In Her World""","2","15","6.5","0"
"STICKER-CAPX2","14619","Stickers CAP","10569","Size - S","91","2.6","0","1"
"STICKER-CAPX2","14619","Stickers CAP","10570","Size - L","74","3.25","0","1"
"TURTLE","14620","Turtle","","Turtle","1","55","30","0"
"CBH","14621","Candle Bowls Hollow","","Candle Bowls Hollow","1","48.45","24","0"
"PMW","14623","Platters ""Medicine Wheel""","","Platters ""Medicine Wheel""","0","82","40","0"
"GENC","14626","Gift Enclosures - Mini cards pack of 8","10571","Art - Carried Away","5","7.45","3.25","0"
"GENC","14626","Gift Enclosures - Mini cards pack of 8","10572","Art - Depth","6","7.45","3.25","0"
"GENC","14626","Gift Enclosures - Mini cards pack of 8","10573","Art - Gezaluwejit","13","7.45","3.25","0"
"GENC","14626","Gift Enclosures - Mini cards pack of 8","10574","Art - Going Home","10","7.45","3.25","0"
"GENC","14626","Gift Enclosures - Mini cards pack of 8","10575","Art - Lapynx","16","7.45","3.25","0"
"GENC","14626","Gift Enclosures - Mini cards pack of 8","10576","Art - New Day","7","7.45","3.25","0"
"GENC","14626","Gift Enclosures - Mini cards pack of 8","10577","Art - Northern Keepers","11","7.45","3.25","0"
"GENC","14626","Gift Enclosures - Mini cards pack of 8","10578","Art - Passage","4","7.45","3.25","0"
"GENC","14626","Gift Enclosures - Mini cards pack of 8","10579","Art - River Keeper","11","7.45","3.25","0"
"GENC","14626","Gift Enclosures - Mini cards pack of 8","10580","Art - Silent Seekers","9","7.45","3.25","0"
"GENC","14626","Gift Enclosures - Mini cards pack of 8","10581","Art - Synchronicity","11","7.45","3.25","0"
"GENC","14626","Gift Enclosures - Mini cards pack of 8","10582","Art - Wisdom Keepers","7","7.45","3.25","0"
"4DIR700-10","14661","Hoodie Poncho ""Four Directions""","10583","Size - S","1","209","120","0"
"4DIR700-10","14661","Hoodie Poncho ""Four Directions""","10584","Size - M","2","209","120","0"
"4DIR700-10","14661","Hoodie Poncho ""Four Directions""","10585","Size - L","1","209","120","0"
"4DIR700-10","14661","Hoodie Poncho ""Four Directions""","10586","Size - XL","1","209","120","0"
"THUN700-10","14662","Hoodie Poncho ""Thunderbird""","10587","Size - S","0","209","120","0"
"THUN700-10","14662","Hoodie Poncho ""Thunderbird""","10588","Size - M","2","209","120","0"
"THUN700-10","14662","Hoodie Poncho ""Thunderbird""","10589","Size - L","1","209","120","0"
"THUN700-10","14662","Hoodie Poncho ""Thunderbird""","10590","Size - XL","1","209","120","0"
"AQUA600OS-01","14666","""Aqua Woodland"" Blanket","","""Aqua Woodland"" Blanket","1","189","105","0"
"CONN600OS-01","14667","""Connections"" Blanket","","""Connections"" Blanket","0","189","105","0"
"CERE600OS-01","14668","""Ceremony"" Blanket","","""Ceremony"" Blanket","4","189","105","0"
"RABBITSKINS","14679","Rabbit Skins","","Rabbit Skins","31","18","7.83","0"
"9026-0308-85-1964185OBSM","14686","Ladies Mukluks","10600","Shoe Size - 6","0","310","134.8","0"
"9026-0308-85-1964185OBSM","14686","Ladies Mukluks","10601","Shoe Size - 7","0","310","134.8","0"
"9026-0308-85-1964185OBSM","14686","Ladies Mukluks","10602","Shoe Size - 8","1","310","134.8","0"
"9026-0308-85-1964185OBSM","14686","Ladies Mukluks","10603","Shoe Size - 9","2","310","134.8","0"
"9026-0308-85-1964185OBSM","14686","Ladies Mukluks","10604","Shoe Size - 10","0","310","134.8","0"
"9026-0308-85-1964185OBSM","14686","Ladies Mukluks","10605","Shoe Size - 11","0","310","134.8","0"
"9026-0308-85-1964185OBSM","14686","Ladies Mukluks","10606","Shoe Size - 12","0","310","134.8","0"
"A10004-POD2561","14715","Matted Print - Merging Earth and Sky","","Matted Print - Merging Earth and Sky","2","20","7.5","0"
"A08011-POD2585","14716","Matted Print - Whisper","","Matted Print - Whisper","2","20","7.5","0"
"DC751","14735","""Birthstone and Feathers"" Dream Catcher","10608","Stones - February Amethyst Intuition","0","10.95","4.5","0"
"DC751","14735","""Birthstone and Feathers"" Dream Catcher","10609","Stones - March Aquamarine Happiness","0","10.95","4.5","0"
"DC751","14735","""Birthstone and Feathers"" Dream Catcher","10610","Stones - April Quartz Love","0","10.95","4.5","0"
"DC751","14735","""Birthstone and Feathers"" Dream Catcher","10611","Stones - May Green Garnet Compassion","0","10.95","4.5","0"
"DC751","14735","""Birthstone and Feathers"" Dream Catcher","10612","Stones - June Moonstone Joy","0","10.95","4.5","0"
"DC751","14735","""Birthstone and Feathers"" Dream Catcher","10613","Stones - July Carnelian Passion","0","10.95","4.5","0"
"DC751","14735","""Birthstone and Feathers"" Dream Catcher","10614","Stones - August Peridot Protection","0","10.95","4.5","0"
"DC751","14735","""Birthstone and Feathers"" Dream Catcher","10615","Stones - September Lapis Lazuli Focus","1","10.95","4.5","0"
"DC751","14735","""Birthstone and Feathers"" Dream Catcher","10616","Stones - October Pink Tourmaline Balance","0","10.95","4.5","0"
"DC751","14735","""Birthstone and Feathers"" Dream Catcher","10617","Stones - November Citrine Wisdom","0","10.95","4.5","0"
"DC751","14735","""Birthstone and Feathers"" Dream Catcher","10618","Stones - December Turquoise Friendship","0","10.95","4.5","0"
"DC751","14735","""Birthstone and Feathers"" Dream Catcher","10619","Stones - January Garnet Honesty","3","10.95","4.5","0"
"UAC6901NC1BA","14741","Lou Pouch ""Geese Spirit""","","Lou Pouch ""Geese Spirit""","3","29","10.5","0"
"UAC6901NC01A","14742","Lou Pouch ""Merging Earth and Sky""","","Lou Pouch ""Merging Earth and Sky""","4","29","10.5","0"
"UAC6901NC0YA","14743","Lou Pouch ""Refuge""","","Lou Pouch ""Refuge""","3","29","10.5","0"
"UAC6901NC04A","14744","Lou Pouch ""Silent Seekers""","","Lou Pouch ""Silent Seekers""","3","29","10.5","0"
"UAC6901NC0IA","14747","Lou Pouch ""Wisdom Keepers""","","Lou Pouch ""Wisdom Keepers""","3","29","10.5","0"
"UAC6901NC1HA","14748","Lou Pouch ""Reaching Out""","","Lou Pouch ""Reaching Out""","3","29","10.5","0"
"UAC6901NCIJA","14751","Lou Pouch ""Carried Away Under The Blue Moon""","","Lou Pouch ""Carried Away Under The Blue Moon""","3","29","10.5","0"
"UAC6501NC1JA","14752","Maxime Bag ""Carried Away Under the Blue Moon""","","Maxime Bag ""Carried Away Under the Blue Moon""","1","65","27.5","0"
"OVR0101NC1JA","14754","Oprah Cardigan ""Carried Away Under The Blue Moon""","","Oprah Cardigan ""Carried Away Under The Blue Moon""","3","139","54","0"
"OVR0101NC14A","14755","Oprah Cardigan ""Silent Seekers""","","Oprah Cardigan ""Silent Seekers""","1","139","54","0"
"OVR0101NC1BA","14756","Oprah Cardigan ""Geese Spirit""","","Oprah Cardigan ""Geese Spirit""","2","139","54","0"
"UAC6501NCCHA","14757","Maxime Bag ""Quintessence""","","Maxime Bag ""Quintessence""","3","65","27.5","0"
"WSK0501NC1JA","14758","Elaine Skirt ""Carried Away Under The Blue Moon""","10620","Size - S","1","149","63.5","0"
"WSK0501NC1JA","14758","Elaine Skirt ""Carried Away Under The Blue Moon""","10621","Size - M","0","149","63.5","0"
"WSK0501NC1JA","14758","Elaine Skirt ""Carried Away Under The Blue Moon""","10622","Size - L","0","149","63.5","0"
"WSK0501NC1JA","14758","Elaine Skirt ""Carried Away Under The Blue Moon""","10623","Size - XL","0","149","63.5","0"
"WSK0501NC1JA","14758","Elaine Skirt ""Carried Away Under The Blue Moon""","10624","Size - XS","0","149","63.5","0"
"UAC6101NC1JA","14759","Gustave Pillow ""Carried Away Under The Blue Moon""","","Gustave Pillow ""Carried Away Under The Blue Moon""","3","59","23","0"
"WAC0901NC1JA","14760","Nora Scarf ""Carried Away Under The Blue Moon""","","Nora Scarf ""Carried Away Under The Blue Moon""","0","69","26","0"
"MSS0701NC05A","14761","Salvadore Tee for Men ""Carried Away Under The Blue Moon""","10630","Size - XS","0","89","36","0"
"MSS0701NC05A","14761","Salvadore Tee for Men ""Carried Away Under The Blue Moon""","10631","Size - S","0","89","36","0"
"MSS0701NC05A","14761","Salvadore Tee for Men ""Carried Away Under The Blue Moon""","10632","Size - M","1","89","36","0"
"MSS0701NC05A","14761","Salvadore Tee for Men ""Carried Away Under The Blue Moon""","10633","Size - L","0","89","36","0"
"MSS0701NC05A","14761","Salvadore Tee for Men ""Carried Away Under The Blue Moon""","10634","Size - XL","0","89","36","0"
"WBL1801NC1JA","14763","Meryl Satin Kimono ""Carried Away Under The Blue Moon""","","Meryl Satin Kimono ""Carried Away Under The Blue Moon""","1","279","128","0"
"WBL1801NC1BA","14764","Meryl Satin Kimono ""Geese Spirit""","","Meryl Satin Kimono ""Geese Spirit""","1","279","128","0"
"WBL1801NC14A","14765","Meryl Satin Kimono ""Silent Seekers""","","Meryl Satin Kimono ""Silent Seekers""","1","279","128","0"
"WBL1801NC15A","14766","Meryl Satin Kimono ""Northern Keepers""","","Meryl Satin Kimono ""Northern Keepers""","1","279","128","0"
"WLS1701NC0BB","14769","Mia Turtleneck ""Zenith II""","10641","Size - XS","0","149","59.5","0"
"WLS1701NC0BB","14769","Mia Turtleneck ""Zenith II""","10642","Size - S","1","149","59.5","0"
"WLS1701NC0BB","14769","Mia Turtleneck ""Zenith II""","10643","Size - M","1","149","59.5","0"
"WLS1701NC0BB","14769","Mia Turtleneck ""Zenith II""","10644","Size - L","1","149","59.5","0"
"WLS1701NC0BB","14769","Mia Turtleneck ""Zenith II""","10645","Size - XL","0","149","59.5","0"
"WLS1701NC0BA","14770","Mia Turtleneck ""Zenith""","10646","Size - XS","1","149","59.5","0"
"WLS1701NC0BA","14770","Mia Turtleneck ""Zenith""","10647","Size - S","0","149","59.5","0"
"WLS1701NC0BA","14770","Mia Turtleneck ""Zenith""","10648","Size - M","0","149","59.5","0"
"WLS1701NC0BA","14770","Mia Turtleneck ""Zenith""","10649","Size - L","0","149","59.5","0"
"WLS1701NC0BA","14770","Mia Turtleneck ""Zenith""","10650","Size - XL","1","149","59.5","0"
"UAC6901NC03A","14773","Lou Pouch ""Motter Love""","","Lou Pouch ""Motter Love""","3","29","10.5","0"
"SHARK","14779","Shark Teeth","","Shark Teeth","1","3.95","1.7","0"
"64817","14780","Suede Moccasins for Juniors","10659","Shoe Size - 11","0","75","32.5","0"
"64817","14780","Suede Moccasins for Juniors","10660","Shoe Size - 12","0","75","32.5","0"
"64817","14780","Suede Moccasins for Juniors","10661","Shoe Size - 13","1","75","32.5","0"
"64817","14780","Suede Moccasins for Juniors","10662","Shoe Size - 1","0","75","32.5","0"
"64817","14780","Suede Moccasins for Juniors","10663","Shoe Size - 2","0","75","32.5","0"
"64817","14780","Suede Moccasins for Juniors","10664","Shoe Size - 3","0","75","32.5","0"
"RED1-E","14781","Inukshuk Earrings","","Inukshuk Earrings","6","15.95","7","0"
"RED1-P","14782","RED1 Inukshuk Pendant","","RED1 Inukshuk Pendant","0","9.949999999999999","4.25","0"
"CURRMITT","14802","""Current"" Mittens","10665","Size - S","0","58","34","0"
"CURRMITT","14802","""Current"" Mittens","10666","Size - M","1","58","34","0"
"CURRMITT","14802","""Current"" Mittens","10667","Size - L","0","58","34","0"
"TUNDMITT","14803","""Tundra"" Mittens","10668","Size - M","1","58","34","0"
"TUNDMITT","14803","""Tundra"" Mittens","10669","Size - L","0","58","34","0"
"TUNDMITT","14803","""Tundra"" Mittens","10670","Size - S","0","58","34","0"
"SANDMITT","14807","""Sand"" Mittens","10671","Size - M","1","58","34","0"
"SANDMITT","14807","""Sand"" Mittens","10672","Size - L","0","58","34","0"
"SANDMITT","14807","""Sand"" Mittens","10673","Size - S","0","58","34","0"
"NIBIMITT","14808","""Nibi"" Mittens","10674","Size - M","1","58","34","0"
"NIBIMITT","14808","""Nibi"" Mittens","10675","Size - L","0","58","34","0"
"NIBIMITT","14808","""Nibi"" Mittens","10676","Size - S","0","58","34","0"
"MKWAMITT","14809","""Mkwa"" Mittens","10677","Size - M","0","58","34","0"
"MKWAMITT","14809","""Mkwa"" Mittens","10678","Size - L","0","58","34","0"
"MKWAMITT","14809","""Mkwa"" Mittens","10679","Size - S","0","58","34","0"
"FLEUMITT","14810","""Fleurs"" Mittens","10680","Size - M","2","58","34","0"
"FLEUMITT","14810","""Fleurs"" Mittens","10681","Size - L","0","58","34","0"
"FLEUMITT","14810","""Fleurs"" Mittens","10682","Size - S","0","58","34","0"
"THUNMITT","14811","""Thunderbird"" Mittens","10683","Size - M","0","58","34","0"
"THUNMITT","14811","""Thunderbird"" Mittens","10684","Size - L","0","58","34","0"
"THUNMITT","14811","""Thunderbird"" Mittens","10685","Size - S","0","58","34","0"
"STARSCARF","14812","Infinity Scarf ""Star""","","Infinity Scarf ""Star""","0","85","0","0"
"AURO600OS-01","14813","""Aurora"" Blanket","","""Aurora"" Blanket","0","189","105","0"
"WOOD600OS-01","14816","""Woodland Floral"" Wool Blanket","","""Woodland Floral"" Wool Blanket","0","289","164","0"
"STAR600OS-03","14817","Shawl ""Star""","","Shawl ""Star""","0","134","80","0"
"SCA0201NC0YA","14828","Aspen Scarf ""Refuge""","","Aspen Scarf ""Refuge""","4","79","19.55","0"
"SCA0201NC1JA","14829","Aspen Scarf ""Carried Away Under The Blue Moon""","","Aspen Scarf ""Carried Away Under The Blue Moon""","2","79","19.55","0"
"SCA0201NC0BA","14830","Aspen Scarf ""Zenith""","","Aspen Scarf ""Zenith""","4","79","19.55","0"
"SCA0201NC04A","14832","Aspen Scarf ""Silent Seekers""","","Aspen Scarf ""Silent Seekers""","4","79","19.55","0"
"SCA0201NCIBA","14833","Aspen Scarf ""Geese Spirit""","","Aspen Scarf ""Geese Spirit""","2","79","19.55","0"
"SCA0201NC05A","14834","Aspen Scarf ""Northern Keepers""","","Aspen Scarf ""Northern Keepers""","5","79","19.55","0"
"WLS2001NC05A","14835","Mia Turtleneck ""Northern Keepers"" Plus Size","10691","Size - 1X","0","149","68","0"
"WLS2001NC05A","14835","Mia Turtleneck ""Northern Keepers"" Plus Size","10692","Size - 2X","1","149","68","0"
"WLS2001NC05A","14835","Mia Turtleneck ""Northern Keepers"" Plus Size","10693","Size - 3X","0","149","68","0"
"PLN113","14836","Planner 2025","","Planner 2025","5","25.45","11","0"
"SOC","14865","Elderberries Tincture","","Elderberries Tincture","10","30","13","0"
"5408-0402-12-551137NB","14873","Ladies Concho","10704","Shoe Size - 4","0","159","68.8","0"
"5408-0402-12-551137NB","14873","Ladies Concho","10705","Shoe Size - 5","0","159","68.8","0"
"5408-0402-12-551137NB","14873","Ladies Concho","10706","Shoe Size - 6","0","159","68.8","0"
"5408-0402-12-551137NB","14873","Ladies Concho","10707","Shoe Size - 7","1","159","68.8","0"
"5408-0402-12-551137NB","14873","Ladies Concho","10708","Shoe Size - 8","1","159","68.8","0"
"5408-0402-12-551137NB","14873","Ladies Concho","10709","Shoe Size - 9","0","159","68.8","0"
"5408-0402-12-551137NB","14873","Ladies Concho","10710","Shoe Size - 10","0","159","68.8","0"
"5408-0402-12-551137NB","14873","Ladies Concho","10711","Shoe Size - 11","0","159","68.8","0"
"5408-0402-12-551137NB","14873","Ladies Concho","10712","Shoe Size - 12","0","159","68.8","0"
"1300-0000-13-137376MO","14874","Ladies Concho","10723","Shoe Size - 4","0","128","55.5","0"
"1300-0000-13-137376MO","14874","Ladies Concho","10724","Shoe Size - 5","0","128","55.5","0"
"1300-0000-13-137376MO","14874","Ladies Concho","10725","Shoe Size - 6","0","128","55.5","0"
"1300-0000-13-137376MO","14874","Ladies Concho","10726","Shoe Size - 7","0","128","55.5","0"
"1300-0000-13-137376MO","14874","Ladies Concho","10727","Shoe Size - 8","0","128","55.5","0"
"1300-0000-13-137376MO","14874","Ladies Concho","10728","Shoe Size - 9","2","128","55.5","0"
"1300-0000-13-137376MO","14874","Ladies Concho","10729","Shoe Size - 10","0","128","55.5","0"
"1300-0000-13-137376MO","14874","Ladies Concho","10730","Shoe Size - 11","0","128","55.5","0"
"1300-0000-13-137376MO","14874","Ladies Concho","10731","Shoe Size - 12","0","128","55.5","0"
"1300-0000-13-137376BL","14875","Ladies Concho","10741","Shoe Size - 4","0","128","55.5","0"
"1300-0000-13-137376BL","14875","Ladies Concho","10742","Shoe Size - 5","0","128","55.5","0"
"1300-0000-13-137376BL","14875","Ladies Concho","10743","Shoe Size - 6","0","128","55.5","0"
"1300-0000-13-137376BL","14875","Ladies Concho","10744","Shoe Size - 7","0","128","55.5","0"
"1300-0000-13-137376BL","14875","Ladies Concho","10745","Shoe Size - 8","1","128","55.5","0"
"1300-0000-13-137376BL","14875","Ladies Concho","10746","Shoe Size - 9","0","128","55.5","0"
"1300-0000-13-137376BL","14875","Ladies Concho","10747","Shoe Size - 10","1","128","55.5","0"
"1300-0000-13-137376BL","14875","Ladies Concho","10748","Shoe Size - 11","0","128","55.5","0"
"1300-0000-13-137376BL","14875","Ladies Concho","10749","Shoe Size - 12","0","128","55.5","0"
"9813-0408-86BL2-986486BL","14877","Ladies Mukluks","10750","Shoe Size - 4","0","460","199.6","0"
"9813-0408-86BL2-986486BL","14877","Ladies Mukluks","10751","Shoe Size - 5","0","460","199.6","0"
"9813-0408-86BL2-986486BL","14877","Ladies Mukluks","10752","Shoe Size - 7","0","460","199.6","0"
"9813-0408-86BL2-986486BL","14877","Ladies Mukluks","10753","Shoe Size - 8","0","460","199.6","0"
"9813-0408-86BL2-986486BL","14877","Ladies Mukluks","10754","Shoe Size - 9","0","460","199.6","0"
"9813-0408-86BL2-986486BL","14877","Ladies Mukluks","10755","Shoe Size - 10","0","460","199.6","0"
"9813-0408-86BL2-986486BL","14877","Ladies Mukluks","10756","Shoe Size - 11","0","460","199.6","0"
"9813-0408-86BL2-986486BL","14877","Ladies Mukluks","10757","Shoe Size - 12","0","460","199.6","0"
"9813-0408-86BL2-986486BL","14877","Ladies Mukluks","10758","Shoe Size - 6","0","460","199.6","0"
"9813-0408-86BL2-985485CHO","14878","Ladies Mukluks","10768","Shoe Size - 4","0","435","188.7","0"
"9813-0408-86BL2-985485CHO","14878","Ladies Mukluks","10769","Shoe Size - 5","1","435","188.7","0"
"9813-0408-86BL2-985485CHO","14878","Ladies Mukluks","10770","Shoe Size - 6","0","435","188.7","0"
"9813-0408-86BL2-985485CHO","14878","Ladies Mukluks","10771","Shoe Size - 7","0","435","188.7","0"
"9813-0408-86BL2-985485CHO","14878","Ladies Mukluks","10772","Shoe Size - 8","0","435","188.7","0"
"9813-0408-86BL2-985485CHO","14878","Ladies Mukluks","10773","Shoe Size - 9","0","435","188.7","0"
"9813-0408-86BL2-985485CHO","14878","Ladies Mukluks","10774","Shoe Size - 10","0","435","188.7","0"
"9813-0408-86BL2-985485CHO","14878","Ladies Mukluks","10775","Shoe Size - 11","0","435","188.7","0"
"9813-0408-86BL2-985485CHO","14878","Ladies Mukluks","10776","Shoe Size - 12","0","435","188.7","0"
"BX15","14893","Box Chain Necklace","10777","Size - 16""","7","20","0","8"
"BX15","14893","Box Chain Necklace","10778","Size - 18""","4","23","0","9"
"BX15","14893","Box Chain Necklace","10779","Size - 20""","1","27","0","11"
"BX15","14893","Box Chain Necklace","10780","Size - 22""","0","26","0","11"
"BX15","14893","Box Chain Necklace","10787","Size - 24""","0","28","0","11"
"BX15","14893","Box Chain Necklace","10788","Size - 30""","0","32","0","12"
"F50","14894","Figaro Chain","10781","Size - 16""","4","31","0","12"
"F50","14894","Figaro Chain","10782","Size - 18""","3","34","0","12.8"
"F50","14894","Figaro Chain","10783","Size - 20""","1","37","0","15.8"
"F50","14894","Figaro Chain","10784","Size - 22""","1","40","0","17.3"
"F50","14894","Figaro Chain","10785","Size - 24""","0","43","0","18.6"
"F50","14894","Figaro Chain","10786","Size - 30""","0","0","0","0"
"F80","14895","Figaro Chain","10789","Size - 18""","0","54","0","0"
"F80","14895","Figaro Chain","10790","Size - 20""","0","63","0","26.86"
"F80","14895","Figaro Chain","10791","Size - 22""","0","66","0","26.08"
"F80","14895","Figaro Chain","10792","Size - 24""","2","69","0","28.26"
"F80","14895","Figaro Chain","10793","Size - 30""","0","0","0","0"
"F80","14895","Figaro Chain","10794","Size - 16""","0","0","0","0"
"OBX","14896","Oxydized Rounded Box Chain","10795","Size - 18""","1","71","0","30.94"
"OBX","14896","Oxydized Rounded Box Chain","10796","Size - 20""","2","76","0","33"
"OBX","14896","Oxydized Rounded Box Chain","10797","Size - 22""","0","76","0","0"
"OBX","14896","Oxydized Rounded Box Chain","10798","Size - 24""","1","84","0","36"
"OBX","14896","Oxydized Rounded Box Chain","10799","Size - 30""","0","84","0","0"
"OBX","14896","Oxydized Rounded Box Chain","10800","Size - 16""","2","67","0","28.9"
"STC","14897","Satellite Chain","10801","Size - 18""","1","29","0","12.37"
"STC","14897","Satellite Chain","10802","Size - 20""","0","0","0","0"
"STC","14897","Satellite Chain","10803","Size - 22""","0","0","0","0"
"STC","14897","Satellite Chain","10804","Size - 24""","0","0","0","0"
"STC","14897","Satellite Chain","10805","Size - 30""","0","0","0","0"
"STC","14897","Satellite Chain","10806","Size - 16""","0","26","0","11"
"SUN","14898","Sun Disk Curb Chain","10813","Size - 7""","0","25","0","10.31"
"SUN","14898","Sun Disk Curb Chain","10814","Size - 9""","0","30","0","13.22"
"SUN","14898","Sun Disk Curb Chain","10815","Size - 16""","1","51","0","21.99"
"SUN","14898","Sun Disk Curb Chain","10816","Size - 18""","0","56","0","24"
"SUN","14898","Sun Disk Curb Chain","10817","Size - 20""","0","55","0","0"
"SUN","14898","Sun Disk Curb Chain","10818","Size - 22""","0","59","0","0"
"SUN","14898","Sun Disk Curb Chain","10819","Size - 24""","0","63","0","0"
"SUN","14898","Sun Disk Curb Chain","10820","Size - 30""","0","69","0","0"
"THR72","14933","Stones - Worry Big","","Stones - Worry Big","9","7.5","3.2","0"
"ESLB","14934","Stones - Earth Labradorite","","Stones - Earth Labradorite","11","7.5","3.2","0"
"CBDF","14935","Stones - Canadian Rocks package","","Stones - Canadian Rocks package","8","8.949999999999999","3.9","0"
"UAC6401NC1IA","14946","Lou Pouch ""Quintessence""","","Lou Pouch ""Quintessence""","3","29","10.5","0"
"WSM12","14953","Stones - Magnets with one word","","Stones - Magnets with one word","10","7.5","3.2","0"
"FIS40R","14954","Stones - Quote Inspiration","","Stones - Quote Inspiration","3","7.5","3.2","0"
"FWP60R","14955","Stones - Wishstones with one word","","Stones - Wishstones with one word","11","6.5","2.8","0"
"BBSS1-P","14990","Sterling Silver Necklace","","Sterling Silver Necklace","0","34.95","15","0"
"BBSS10-P","14992","BBSS10 Pendant ""Birch Bark""","","BBSS10 Pendant ""Birch Bark""","0","38.95","16.5","0"
"BBSS11-P","14993","Sterling Silver Necklace","","Sterling Silver Necklace","1","38.95","16.5","0"
"BBSS12-P","14994","Sterling Silver Necklace","","Sterling Silver Necklace","2","38.95","16.5","0"
"BBSS1","14995","Sterling Silver Earrings","","Sterling Silver Earrings","3","46.95","20","0"
"BBSS10","14997","Sterling Silver Earrings","","Sterling Silver Earrings","1","55.95","24","0"
"BBSS11","14998","Sterling Silver Earrings","","Sterling Silver Earrings","2","55.95","24","0"
"BBSS12","14999","Sterling Silver Earrings","","Sterling Silver Earrings","2","55.95","24","0"
"SCA0201NCODA","15020","Aspen Scarf ""Early Evening Flowing Into Fall""","","Aspen Scarf ""Early Evening Flowing Into Fall""","2","79","19.55","0"
"DSTICK","15055","Drum Stick","","Drum Stick","0","45","22.5","0"
"DRUMS","15076","Drums","10856","Drums - 8"" - Deer","3","115","0","63.25"
"DRUMS","15076","Drums","10857","Drums - 8"" - Moose","0","0","0","0"
"DRUMS","15076","Drums","10858","Drums - 9"" - Deer","0","0","0","0"
"DRUMS","15076","Drums","10859","Drums - 9"" - Moose","0","0","0","0"
"DRUMS","15076","Drums","10860","Drums - 10"" - Deer","0","0","0","0"
"DRUMS","15076","Drums","10861","Drums - 10"" - Moose","0","0","0","0"
"DRUMS","15076","Drums","10862","Drums - 11"" - Deer","4","145","0","79.75"
"DRUMS","15076","Drums","10863","Drums - 11"" - Moose","0","0","0","0"
"DRUMS","15076","Drums","10864","Drums - 12"" - Deer","1","185","0","101.75"
"DRUMS","15076","Drums","10865","Drums - 12"" - Moose","2","270","0","148.5"
"DRUMS","15076","Drums","10866","Drums - 13"" - Deer","0","0","0","0"
"DRUMS","15076","Drums","10867","Drums - 13"" - Moose","0","0","0","0"
"DRUMS","15076","Drums","10868","Drums - 14"" - Deer","1","245","0","134.75"
"DRUMS","15076","Drums","10869","Drums - 14"" - Moose","0","0","0","0"
"DRUMS","15076","Drums","10870","Drums - 15"" - Deer","0","0","0","0"
"DRUMS","15076","Drums","10871","Drums - 15"" - Moose","0","0","0","0"
"DRUMS","15076","Drums","10872","Drums - 16"" - Deer","2","260","0","143"
"DRUMS","15076","Drums","10873","Drums - 16"" - Moose","0","0","0","0"
"DRUMS","15076","Drums","10874","Drums - 17"" - Deer","0","0","0","0"
"DRUMS","15076","Drums","10875","Drums - 17"" - Moose","0","0","0","0"
"DRUMS","15076","Drums","10876","Drums - 18"" - Deer","0","0","0","0"
"DRUMS","15076","Drums","10877","Drums - 18"" - Moose","0","0","0","0"
"DRUMS","15076","Drums","10878","Drums - 19"" - Deer","0","0","0","0"
"DRUMS","15076","Drums","10879","Drums - 19"" - Moose","0","0","0","0"
"DRUMS","15076","Drums","10880","Drums - 20"" - Deer","0","0","0","0"
"DRUMS","15076","Drums","10881","Drums - 20"" - Moose","0","0","0","0"
"DRUMS","15076","Drums","10882","Drums - 22"" - Deer","0","0","0","0"
"DRUMS","15076","Drums","10883","Drums - 22"" - Moose","0","0","0","0"
"DRUMS","15076","Drums","10884","Drums - 12"" - Bear","1","280","0","154"
"99 Baby Wrap","15125","Suede Moccasins for Babies","10895","Colors - Black","3","65","36","0"
"99 Baby Wrap","15125","Suede Moccasins for Babies","10896","Colors - Saddle","0","65","36","0"
"99 Baby Wrap","15125","Suede Moccasins for Babies","10897","Colors - Dark Brown","2","65","36","0"
"ELITE-230WHFUREPE","15127","Deerskin Mitts with Fox","10906","Size - XS","0","170","99.75","0"
"ELITE-230WHFUREPE","15127","Deerskin Mitts with Fox","10907","Size - S","0","170","99.75","0"
"ELITE-230WHFUREPE","15127","Deerskin Mitts with Fox","10908","Size - M","0","170","99.75","0"
"ELITE-230WHFUREPE","15127","Deerskin Mitts with Fox","10909","Size - L","0","170","99.75","0"
"ELITE-230WHFUREPE","15127","Deerskin Mitts with Fox","10910","Size - XL","0","170","99.75","0"
"BP3","15128","Leather Knap Sack","","Leather Knap Sack","1","275","148","0"
"HBS","15129","Leather Fringe Purse","","Leather Fringe Purse","0","160","70","0"
"HBANITA-FR","15130","Leather Fringe Purse","10921","Colors - Black","0","355","191.5","0"
"HBANITA-FR","15130","Leather Fringe Purse","10922","Colors - Red","0","355","191.5","0"
"HBANITA-FR","15130","Leather Fringe Purse","10923","Colors - Dark Brown","0","355","191.5","0"
"HBANITA-FR","15130","Leather Fringe Purse","10924","Colors - Saddle","0","355","191.5","0"
"ECLA600OS-03","15148","Shawl ""Eclair""","","Shawl ""Eclair""","2","134","80","0"
"MWCOASTER","15149","Medicine Wheel Coaster","10925","Size - Individual","30","16","13","0"
"MWCOASTER","15149","Medicine Wheel Coaster","10926","Size - Set of two","9","30","13","0"
"MWCOASTER","15149","Medicine Wheel Coaster","10927","Size - Set of 4","5","60","13","0"
"CS-Individual","15155","Ancestral Seeds (Sachet)","","Ancestral Seeds (Sachet)","27","3.99","2.4","0"
"BLU400O-06","15156","Poncho ""Blush""","10932","Size - 4yrs - 8yrs","0","89","0","53"
"BLU400O-06","15156","Poncho ""Blush""","10933","Size - 18mth - 3yrs","0","85","0","51"
"Orange Shirt","15158","Pin - ""Orange Shirt""","","Pin - ""Orange Shirt""","5","30","15","0"
"KC-Heart","15159","Key Chain ""Heart""","","Key Chain ""Heart""","6","25","12.5","0"
"ELITE-230BNCEPE","15163","Deerskin Mitts","10939","Size - XS","2","155","83.25","0"
"ELITE-230BNCEPE","15163","Deerskin Mitts","10940","Size - S","2","155","83.25","0"
"ELITE-230BNCEPE","15163","Deerskin Mitts","10941","Size - M","2","155","83.25","0"
"ELITE-230BNCEPE","15163","Deerskin Mitts","10942","Size - L","1","155","83.25","0"
"ELITE-230BNCEPE","15163","Deerskin Mitts","10943","Size - XL","0","155","83.25","0"
"ELITE-260GEPE","15165","Moosehide Mitts","10949","Size - XS","2","155","83.25","0"
"ELITE-260GEPE","15165","Moosehide Mitts","10950","Size - S","2","155","83.25","0"
"ELITE-260GEPE","15165","Moosehide Mitts","10951","Size - M","1","155","83.25","0"
"ELITE-260GEPE","15165","Moosehide Mitts","10952","Size - L","2","155","83.25","0"
"ELITE-260GEPE","15165","Moosehide Mitts","10953","Size - XL","0","155","83.25","0"
"W12001-7","15166","Card - Dialogue","","Card - Dialogue","0","5.5","2.5","0"
"A08013-2","15167","Ltd Edition - New Day","10954","Frame Options - Black rustic frame 1""","0","335","0","0"
"A08013-2","15167","Ltd Edition - New Day","10955","Frame Options - Brown rustic frame 1""","0","335","0","0"
"A08013-2","15167","Ltd Edition - New Day","10956","Frame Options - Grey rustic frame 1""","0","335","0","0"
"A08013-2","15167","Ltd Edition - New Day","10957","Frame Options - Without frame ","3","170","0","74"
"A10004-2","15168","Ltd Edition - Merging Earth and Sky","10958","Frame Options - Black rustic frame 1""","0","335","0","0"
"A10004-2","15168","Ltd Edition - Merging Earth and Sky","10959","Frame Options - Brown rustic frame 1""","0","335","0","0"
"A10004-2","15168","Ltd Edition - Merging Earth and Sky","10960","Frame Options - Grey rustic frame 1""","0","335","0","0"
"A10004-2","15168","Ltd Edition - Merging Earth and Sky","10961","Frame Options - Without frame ","1","170","0","74"
"A10012-2","15169","Ltd Edition - Sky Sisters","10962","Frame Options - Black rustic frame 1""","0","335","0","0"
"A10012-2","15169","Ltd Edition - Sky Sisters","10963","Frame Options - Brown rustic frame 1""","0","335","0","0"
"A10012-2","15169","Ltd Edition - Sky Sisters","10964","Frame Options - Grey rustic frame 1""","0","335","0","0"
"A10012-2","15169","Ltd Edition - Sky Sisters","10965","Frame Options - Without frame ","1","170","0","74"
"A08011-2","15170","Ltd Edition - Whisper","10966","Frame Options - Black rustic frame 1""","0","295","0","0"
"A08011-2","15170","Ltd Edition - Whisper","10967","Frame Options - Brown rustic frame 1""","0","295","0","0"
"A08011-2","15170","Ltd Edition - Whisper","10968","Frame Options - Grey rustic frame 1""","0","295","0","0"
"A08011-2","15170","Ltd Edition - Whisper","10969","Frame Options - Without frame ","3","130","0","65"
"W13047-6","15171","Small Print - Inner Memories","","Small Print - Inner Memories","0","25","0","0"
"A16052-6","15172","Small Print - Zenith","","Small Print - Zenith","0","25","0","0"
"W13025-POD2569","15173","Matted Print - Passage","","Matted Print - Passage","0","20","7.5","0"
"A07020-20080","15174","Card - Journey to the Spirit World","","Card - Journey to the Spirit World","12","6.35","2.75","0"
"W12018-POD2551","15175","Matted Print - Early Evening Flowing Into Fall","","Matted Print - Early Evening Flowing Into Fall","0","20","7.5","0"
"W13047-POD2560","15176","Matted Print - Inner Memories","","Matted Print - Inner Memories","3","20","7.5","0"
"W18053-POD2883","15177","Matted Print - Northern Masters","","Matted Print - Northern Masters","1","20","7.5","0"
"SCA0201NC0IA","15178","Aspen Scarf ""Wisdom Keepers""","","Aspen Scarf ""Wisdom Keepers""","4","79","19.55","0"
"A10046-POD2553","15179","Matted Print - Geese Spirit","","Matted Print - Geese Spirit","3","20","7.5","0"
"MSW0201NC02A","15180","James Sweater ""Depth""","10970","Size - S","0","149","63.5","0"
"MSW0201NC02A","15180","James Sweater ""Depth""","10971","Size - M","0","149","63.5","0"
"MSW0201NC02A","15180","James Sweater ""Depth""","10972","Size - L","0","149","63.5","0"
"MSW0201NC02A","15180","James Sweater ""Depth""","10973","Size - XL","0","149","63.5","0"
"MSW0201NC02A","15180","James Sweater ""Depth""","10974","Size - XS","0","149","63.5","0"
"A16058-UAC6201NC04A","15181","Arthur Pillow ""Silent Seekers""","","Arthur Pillow ""Silent Seekers""","5","59","21","0"
"UAC6101NC07A","15182","Gustave Pillow ""Winter Wolves""","","Gustave Pillow ""Winter Wolves""","0","59","23","0"
"RES0201NC13A","15183","Océanne Beach ""Unity""","","Océanne Beach ""Unity""","0","99","40.5","0"
"RES0201NC0FA","15185","Océanne Beach ""New Day""","","Océanne Beach ""New Day""","0","99","40.5","0"
"A08019-RES0101NC3A2","15186","Marina Beach ""Unity""","","Marina Beach ""Unity""","0","109","46","0"
"A08013-RES0101NC0FA","15187","Marina Beach ""New Day""","","Marina Beach ""New Day""","0","109","46","0"
"UAC6101NC01A","15188","Gustave Pillow ""Merging Earth and Sky""","","Gustave Pillow ""Merging Earth and Sky""","3","59","23","0"
"UAC6101NC04A","15189","Gustave Pillow ""Silent Seekers""","","Gustave Pillow ""Silent Seekers""","0","59","23","0"
"A16059-POD2582C","15190","Canvas - Wisdom Keepers","10978","Frame Options - Without frame 20"" x 10""","0","65","17","0"
"A16059-POD2582C","15190","Canvas - Wisdom Keepers","10979","Frame Options - Without frame 10"" x 8"" ","1","40","17","17"
"A10012-POD2565C","15191","Canvas - Sky Sisters","","Canvas - Sky Sisters","3","40","17","0"
"A13025-POD2569C","15192","Canvas - Passage","","Canvas - Passage","0","40","17","0"
"A08013-POD2584C","15193","Canvas - New Day","","Canvas - New Day","1","40","17","0"
"A17064-POD2563C","15194","Canvas - Motter Love","","Canvas - Motter Love","1","55","17","0"
"A01028-POD2555C","15195","Canvas - Giving Thanks","","Canvas - Giving Thanks","1","40","17","0"
"A00048-6","15196","Canvas - Protector","10980","Frame Options - Wood floater frame black","0","395","0","0"
"A00048-6","15196","Canvas - Protector","10981","Frame Options - Wood floater frame brown","0","395","0","0"
"A00048-6","15196","Canvas - Protector","10982","Frame Options - Wood floater frame pewter","0","395","0","0"
"A00048-6","15196","Canvas - Protector","10983","Frame Options - Without frame ","0","295","0","0"
"A01036-WBL0301NC0ZA","15197","Frida Cardigan ""Teachings""","10984","Size - S","0","129","52.5","0"
"A01036-WBL0301NC0ZA","15197","Frida Cardigan ""Teachings""","10985","Size - M","0","129","52.5","0"
"A01036-WBL0301NC0ZA","15197","Frida Cardigan ""Teachings""","10986","Size - L","0","129","52.5","0"
"A01036-WBL0301NC0ZA","15197","Frida Cardigan ""Teachings""","10987","Size - XL","0","129","52.5","0"
"A01036-WBL0301NC0ZA","15197","Frida Cardigan ""Teachings""","10988","Size - XS","0","129","52.5","0"
"A08007-UAC6701NC1AA","15198","Angèle Apron ""A Moose and a Goose""","","Angèle Apron ""A Moose and a Goose""","2","69","29.5","0"
"WAC0801NC0DB","15199","Ava Poncho ""Early Evening Flowing into Fall""","","Ava Poncho ""Early Evening Flowing into Fall""","1","109","38","0"
"WAC0801NC17A","15200","Ava Poncho ""Inner Memories""","","Ava Poncho ""Inner Memories""","4","109","38","0"
"W12005-WAC0601NC0IA","15201","Claudia Shawl ""Wisdom Keepers""","","Claudia Shawl ""Wisdom Keepers""","0","109","35","0"
"W13023-WNS0701NC11A","15202","Coco Tank ""Water and Spirit Buffalo at Sunset""","10989","Size - S","0","79","34.35","0"
"W13023-WNS0701NC11A","15202","Coco Tank ""Water and Spirit Buffalo at Sunset""","10990","Size - M","0","79","34.35","0"
"W13023-WNS0701NC11A","15202","Coco Tank ""Water and Spirit Buffalo at Sunset""","10991","Size - L","0","79","34.35","0"
"W13023-WNS0701NC11A","15202","Coco Tank ""Water and Spirit Buffalo at Sunset""","10992","Size - XL","0","79","34.35","0"
"W13023-WNS0701NC11A","15202","Coco Tank ""Water and Spirit Buffalo at Sunset""","10993","Size - XS","0","79","34.35","0"
"WSS1801NC14A","15203","Julie Drape ""Rebirth""","10994","Size - S","0","79","35.5","0"
"WSS1801NC14A","15203","Julie Drape ""Rebirth""","10995","Size - M","0","79","35.5","0"
"WSS1801NC14A","15203","Julie Drape ""Rebirth""","10996","Size - L","0","79","35.5","0"
"WSS1801NC14A","15203","Julie Drape ""Rebirth""","10997","Size - XL","0","79","35.5","0"
"WSS1801NC14A","15203","Julie Drape ""Rebirth""","10998","Size - XS","0","79","35.5","0"
"WLS0701NC12A","15204","Marlene Top ""Water and Spirit Buffalo at Moonrise""","10999","Size - S","0","139","79.5","0"
"WLS0701NC12A","15204","Marlene Top ""Water and Spirit Buffalo at Moonrise""","11000","Size - M","0","139","79.5","0"
"WLS0701NC12A","15204","Marlene Top ""Water and Spirit Buffalo at Moonrise""","11001","Size - L","0","139","79.5","0"
"WLS0701NC12A","15204","Marlene Top ""Water and Spirit Buffalo at Moonrise""","11002","Size - XL","0","139","79.5","0"
"WLS0701NC12A","15204","Marlene Top ""Water and Spirit Buffalo at Moonrise""","11003","Size - XS","0","139","79.5","0"
"A18019-UAC0301NC13A","15205","Reuben Tote Bag ""Unity""","","Reuben Tote Bag ""Unity""","0","49","21","0"
"A04015-WDR2601NC14A","15206","Kate Dress ""Unity""","11004","Size - S","1","169","64.5","0"
"A04015-WDR2601NC14A","15206","Kate Dress ""Unity""","11005","Size - M","1","169","64.5","0"
"A04015-WDR2601NC14A","15206","Kate Dress ""Unity""","11006","Size - L","0","169","64.5","0"
"A04015-WDR2601NC14A","15206","Kate Dress ""Unity""","11007","Size - XL","0","169","64.5","0"
"A04015-WDR2601NC14A","15206","Kate Dress ""Unity""","11008","Size - XS","0","169","64.5","0"
"A17065-UAC0301NC0CB","15207","Pablo Pillow ""Forest Temple II""","","Pablo Pillow ""Forest Temple II""","0","59","21","0"
"A16051-UAC1101NC05A","15208","Alice Neck Warmer ""Northern Keepers""","","Alice Neck Warmer ""Northern Keepers""","2","59","16.58","0"
"A14051-WNS0801NC0TA","15209","Kaplan Tank ""Gezaluwejit""","11009","Size - S","0","129","60","0"
"A14051-WNS0801NC0TA","15209","Kaplan Tank ""Gezaluwejit""","11010","Size - M","0","129","60","0"
"A14051-WNS0801NC0TA","15209","Kaplan Tank ""Gezaluwejit""","11011","Size - L","0","129","60","0"
"A14051-WNS0801NC0TA","15209","Kaplan Tank ""Gezaluwejit""","11012","Size - XL","0","129","60","0"
"A14051-WNS0801NC0TA","15209","Kaplan Tank ""Gezaluwejit""","11013","Size - XS","0","129","60","0"
"A16051-MSS0701NC05A","15210","Salvadore Tee for Men ""The River Keeper""","11014","Size - S","0","89","36","0"
"A16051-MSS0701NC05A","15210","Salvadore Tee for Men ""The River Keeper""","11015","Size - M","0","89","36","0"
"A16051-MSS0701NC05A","15210","Salvadore Tee for Men ""The River Keeper""","11016","Size - L","0","89","36","0"
"A16051-MSS0701NC05A","15210","Salvadore Tee for Men ""The River Keeper""","11017","Size - XL","0","89","36","0"
"A16051-MSS0701NC05A","15210","Salvadore Tee for Men ""The River Keeper""","11018","Size - XS","0","89","36","0"
"A17065-WDR3201NC0CA","15211","Michelle Dress ""Forest Temple""","11019","Size - S","0","159","67.5","0"
"A17065-WDR3201NC0CA","15211","Michelle Dress ""Forest Temple""","11020","Size - M","0","159","67.5","0"
"A17065-WDR3201NC0CA","15211","Michelle Dress ""Forest Temple""","11021","Size - L","0","159","67.5","0"
"A17065-WDR3201NC0CA","15211","Michelle Dress ""Forest Temple""","11022","Size - XL","0","159","67.5","0"
"A17065-WDR3201NC0CA","15211","Michelle Dress ""Forest Temple""","11023","Size - XS","0","159","67.5","0"
"WLS0701NC05A","15212","Marlene ""Northern Keepers""","11024","Size - S","0","139","79.5","0"
"WLS0701NC05A","15212","Marlene ""Northern Keepers""","11025","Size - M","0","139","79.5","0"
"WLS0701NC05A","15212","Marlene ""Northern Keepers""","11026","Size - L","0","139","79.5","0"
"WLS0701NC05A","15212","Marlene ""Northern Keepers""","11027","Size - XL","0","139","79.5","0"
"WLS0701NC05A","15212","Marlene ""Northern Keepers""","11028","Size - XS","0","139","79.5","0"
"A17064-UAC0301NC03D","15213","Reuben Tote Bag ""M'Otter Love""","","Reuben Tote Bag ""M'Otter Love""","0","49","21","0"
"A16058-WPA0701NC04A","15214","Parma Capri ""Silent Seekers""","11029","Size - S","0","129","55.5","0"
"A16058-WPA0701NC04A","15214","Parma Capri ""Silent Seekers""","11030","Size - M","0","129","55.5","0"
"A16058-WPA0701NC04A","15214","Parma Capri ""Silent Seekers""","11031","Size - L","0","129","55.5","0"
"A16058-WPA0701NC04A","15214","Parma Capri ""Silent Seekers""","11032","Size - XL","0","129","55.5","0"
"A16058-WPA0701NC04A","15214","Parma Capri ""Silent Seekers""","11033","Size - XS","0","129","55.5","0"
"A14051-WPA0701NCOTA","15215","Parma Capri ""Gezaluwejit""","11034","Size - S","0","129","55.5","0"
"A14051-WPA0701NCOTA","15215","Parma Capri ""Gezaluwejit""","11035","Size - M","0","129","55.5","0"
"A14051-WPA0701NCOTA","15215","Parma Capri ""Gezaluwejit""","11036","Size - L","0","129","55.5","0"
"A14051-WPA0701NCOTA","15215","Parma Capri ""Gezaluwejit""","11037","Size - XL","0","129","55.5","0"
"A14051-WPA0701NCOTA","15215","Parma Capri ""Gezaluwejit""","11038","Size - XS","0","129","55.5","0"
"W12018-UAC1201NC0DA","15216","Arthur Pillow ""Early Evening Flowing into Fall""","","Arthur Pillow ""Early Evening Flowing into Fall""","6","59","21","0"
"W12018-WSS1401NC0DA","15217","Kiki T-Shirt ""Early Evening Flowing into Fall"" Plus Size","11039","Size - 2X","0","89","32","0"
"W12018-WSS1401NC0DA","15217","Kiki T-Shirt ""Early Evening Flowing into Fall"" Plus Size","11040","Size - 3X","0","89","32","0"
"W12018-WSS1401NC0DA","15217","Kiki T-Shirt ""Early Evening Flowing into Fall"" Plus Size","11041","Size - 1X","0","89","32","0"
"A91063-1","15219","Canvas - Kouragimut","11042","Frame Options - Wood floater frame black","0","395","0","0"
"A91063-1","15219","Canvas - Kouragimut","11043","Frame Options - Wood floater frame brown","0","395","0","0"
"A91063-1","15219","Canvas - Kouragimut","11044","Frame Options - Wood floater frame pewter","0","395","0","0"
"A91063-1","15219","Canvas - Kouragimut","11045","Frame Options - Without frame ","0","295","0","0"
"A91063-2","15220","Ltd Edition - Kouragimut","11046","Frame Options - Black rustic frame 1""","0","335","0","0"
"A91063-2","15220","Ltd Edition - Kouragimut","11047","Frame Options - Brown rustic frame 1""","0","335","0","0"
"A91063-2","15220","Ltd Edition - Kouragimut","11048","Frame Options - Grey rustic frame 1""","0","335","0","0"
"A91063-2","15220","Ltd Edition - Kouragimut","11049","Frame Options - Without frame ","0","170","0","74"
"A91063-7","15221","Card - Kouragimut","","Card - Kouragimut","0","5.5","2.5","0"
"A18066-POD2885","15222","Card - Under the Same Sky","","Card - Under the Same Sky","19","6.35","2.75","0"
"A18062-1","15223","Canvas - Humility","11050","Frame Options - Wood floater frame black","0","290","0","0"
"A18062-1","15223","Canvas - Humility","11051","Frame Options - Wood floater frame brown","0","290","0","0"
"A18062-1","15223","Canvas - Humility","11052","Frame Options - Wood floater frame pewter","0","290","0","0"
"A18062-1","15223","Canvas - Humility","11053","Frame Options - Without frame ","0","190","0","0"
"A19054-1","15224","Canvas - Footprint","11054","Frame Options - Wood floater frame black","0","395","0","0"
"A19054-1","15224","Canvas - Footprint","11055","Frame Options - Wood floater frame brown","0","395","0","0"
"A19054-1","15224","Canvas - Footprint","11056","Frame Options - Wood floater frame pewter","0","395","0","0"
"A19054-1","15224","Canvas - Footprint","11057","Frame Options - Without frame ","0","295","0","0"
"A16059-WDR3201NC0IB","15225","Michelle Dress ""Wisdom Keepers""","11058","Size - S","0","159","67.5","0"
"A16059-WDR3201NC0IB","15225","Michelle Dress ""Wisdom Keepers""","11059","Size - M","0","159","67.5","0"
"A16059-WDR3201NC0IB","15225","Michelle Dress ""Wisdom Keepers""","11060","Size - L","0","159","67.5","0"
"A16059-WDR3201NC0IB","15225","Michelle Dress ""Wisdom Keepers""","11061","Size - XL","0","159","67.5","0"
"A16059-WDR3201NC0IB","15225","Michelle Dress ""Wisdom Keepers""","11062","Size - XS","0","159","67.5","0"
"W17062-WAC0201NC0GC","15226","Duncan Shawl ""Horizon""","","Duncan Shawl ""Horizon""","0","69","27","0"
"WDR1601NC08A","15227","Patti Tunic ""Giving Thanks""","11063","Size - S","0","129","50.5","0"
"WDR1601NC08A","15227","Patti Tunic ""Giving Thanks""","11064","Size - M","0","129","50.5","0"
"WDR1601NC08A","15227","Patti Tunic ""Giving Thanks""","11065","Size - L","0","129","50.5","0"
"WDR1601NC08A","15227","Patti Tunic ""Giving Thanks""","11066","Size - XL","0","129","50.5","0"
"WDR1601NC08A","15227","Patti Tunic ""Giving Thanks""","11067","Size - XS","0","129","50.5","0"
"A16058-WBL0701NC04A","15228","Cassatt Vest ""Silent Seekers""","11068","Size - S","0","119","55","0"
"A16058-WBL0701NC04A","15228","Cassatt Vest ""Silent Seekers""","11069","Size - M","0","119","55","0"
"A16058-WBL0701NC04A","15228","Cassatt Vest ""Silent Seekers""","11070","Size - L","0","119","55","0"
"A16058-WBL0701NC04A","15228","Cassatt Vest ""Silent Seekers""","11071","Size - XL","0","119","55","0"
"A16058-WBL0701NC04A","15228","Cassatt Vest ""Silent Seekers""","11072","Size - XS","0","119","55","0"
"A17063-WBL0701NC02A","15229","Cassatt Vest ""Depth""","11073","Size - S","0","119","55","0"
"A17063-WBL0701NC02A","15229","Cassatt Vest ""Depth""","11074","Size - M","0","119","55","0"
"A17063-WBL0701NC02A","15229","Cassatt Vest ""Depth""","11075","Size - L","0","119","55","0"
"A17063-WBL0701NC02A","15229","Cassatt Vest ""Depth""","11076","Size - XL","0","119","55","0"
"A17063-WBL0701NC02A","15229","Cassatt Vest ""Depth""","11077","Size - XS","0","119","55","0"
"A16059-WDR1001NC0FC","15230","Jeanne Dress ""New Day""","11078","Size - S","0","159","67","0"
"A16059-WDR1001NC0FC","15230","Jeanne Dress ""New Day""","11079","Size - M","0","159","67","0"
"A16059-WDR1001NC0FC","15230","Jeanne Dress ""New Day""","11080","Size - L","0","159","67","0"
"A16059-WDR1001NC0FC","15230","Jeanne Dress ""New Day""","11081","Size - XL","0","159","67","0"
"A16059-WDR1001NC0FC","15230","Jeanne Dress ""New Day""","11082","Size - XS","0","159","67","0"
"W17062-UAC0301NCOGB","15231","Reuben Tote Bag ""Horizon""","","Reuben Tote Bag ""Horizon""","0","49","21","0"
"A01028-WDR3101NC08A","15232","Marianne Flare Dress ""Giving Thanks""","11083","Size - L","0","139","64.5","0"
"A08013-WPA0301NC0FA","15233","Carla Palazzo ""New Day""","11084","Size - S","0","189","74","0"
"A08013-WPA0301NC0FA","15233","Carla Palazzo ""New Day""","11085","Size - M","0","189","74","0"
"A08013-WPA0301NC0FA","15233","Carla Palazzo ""New Day""","11086","Size - L","0","189","74","0"
"A08013-WPA0301NC0FA","15233","Carla Palazzo ""New Day""","11087","Size - XL","0","189","74","0"
"A08013-WPA0301NC0FA","15233","Carla Palazzo ""New Day""","11088","Size - XS","0","189","74","0"
"A08011-WSK040NCOHA","15234","Alex Skirt ""Whisper""","11089","Size - S","0","149","64","0"
"A08011-WSK040NCOHA","15234","Alex Skirt ""Whisper""","11090","Size - M","0","149","64","0"
"A08011-WSK040NCOHA","15234","Alex Skirt ""Whisper""","11091","Size - L","0","149","64","0"
"A08011-WSK040NCOHA","15234","Alex Skirt ""Whisper""","11092","Size - XL","0","149","64","0"
"A08011-WSK040NCOHA","15234","Alex Skirt ""Whisper""","11093","Size - XS","0","149","64","0"
"A16058-WSK040NCO4A","15235","Alex Skirt ""Silent Seekers""","11094","Size - S","0","149","64","0"
"A16058-WSK040NCO4A","15235","Alex Skirt ""Silent Seekers""","11095","Size - M","0","149","64","0"
"A16058-WSK040NCO4A","15235","Alex Skirt ""Silent Seekers""","11096","Size - L","0","149","64","0"
"A16058-WSK040NCO4A","15235","Alex Skirt ""Silent Seekers""","11097","Size - XL","0","149","64","0"
"A16058-WSK040NCO4A","15235","Alex Skirt ""Silent Seekers""","11098","Size - XS","0","149","64","0"
"W12018-WSK040NCODA","15236","Alex Skirt ""Early Evening Flowing into Fall""","11099","Size - S","0","149","64","0"
"W12018-WSK040NCODA","15236","Alex Skirt ""Early Evening Flowing into Fall""","11100","Size - M","0","149","64","0"
"W12018-WSK040NCODA","15236","Alex Skirt ""Early Evening Flowing into Fall""","11101","Size - L","0","149","64","0"
"W12018-WSK040NCODA","15236","Alex Skirt ""Early Evening Flowing into Fall""","11102","Size - XL","0","149","64","0"
"W12018-WSK040NCODA","15236","Alex Skirt ""Early Evening Flowing into Fall""","11103","Size - XS","0","149","64","0"
"A17065-WBL0601NCOCA","15237","Kimono ""Forest Temple""","11104","Size - TU/OS","3","129","49.5","0"
"A08013-WDR2901NC0FA","15238","Joni Dress ""New Day""","11105","Size - S","0","139","59.1","0"
"A08013-WDR2901NC0FA","15238","Joni Dress ""New Day""","11106","Size - M","0","139","59.1","0"
"A08013-WDR2901NC0FA","15238","Joni Dress ""New Day""","11107","Size - L","0","139","59.1","0"
"A08013-WDR2901NC0FA","15238","Joni Dress ""New Day""","11108","Size - XL","0","139","59.1","0"
"A08013-WDR2901NC0FA","15238","Joni Dress ""New Day""","11109","Size - XS","0","139","59.1","0"
"A08013-WDR2601NC0FD","15239","Kate Dress ""New Day""","11110","Size - S","0","169","64.5","0"
"A08013-WDR2601NC0FD","15239","Kate Dress ""New Day""","11111","Size - M","0","169","64.5","0"
"A08013-WDR2601NC0FD","15239","Kate Dress ""New Day""","11112","Size - L","0","169","64.5","0"
"A08013-WDR2601NC0FD","15239","Kate Dress ""New Day""","11113","Size - XL","0","169","64.5","0"
"A08013-WDR2601NC0FD","15239","Kate Dress ""New Day""","11114","Size - XS","0","169","64.5","0"
"A08013-WSS0901NC0FB","15240","K Smith T-Shirt ""New Day""","11115","Size - S","0","89","35","0"
"A08013-WSS0901NC0FB","15240","K Smith T-Shirt ""New Day""","11116","Size - M","0","89","35","0"
"A08013-WSS0901NC0FB","15240","K Smith T-Shirt ""New Day""","11117","Size - L","0","89","35","0"
"A08013-WSS0901NC0FB","15240","K Smith T-Shirt ""New Day""","11118","Size - XL","0","89","35","0"
"A08013-WSS0901NC0FB","15240","K Smith T-Shirt ""New Day""","11119","Size - XS","0","89","35","0"
"A10004-MSS0701NC01A","15241","Salvadore Tee for Men ""Merging Earth and Sky""","11120","Size - S","0","89","36","0"
"A10004-MSS0701NC01A","15241","Salvadore Tee for Men ""Merging Earth and Sky""","11121","Size - M","0","89","36","0"
"A10004-MSS0701NC01A","15241","Salvadore Tee for Men ""Merging Earth and Sky""","11122","Size - L","0","89","36","0"
"A10004-MSS0701NC01A","15241","Salvadore Tee for Men ""Merging Earth and Sky""","11123","Size - XL","0","89","36","0"
"A10004-MSS0701NC01A","15241","Salvadore Tee for Men ""Merging Earth and Sky""","11124","Size - XS","0","89","36","0"
"A08013-UAC1801NC0FB","15242","Pablo Pillow ""New Day""","","Pablo Pillow ""New Day""","0","59","21","0"
"W18053-UAC1801NC0JB","15243","Pablo Pillow ""Northern Masters""","","Pablo Pillow ""Northern Masters""","0","59","21","0"
"A13041-WNS0801NC0EC","15244","Kaplan Tank ""Lapinx""","11125","Size - S","0","129","60","0"
"A13041-WNS0801NC0EC","15244","Kaplan Tank ""Lapinx""","11126","Size - M","0","129","60","0"
"A13041-WNS0801NC0EC","15244","Kaplan Tank ""Lapinx""","11127","Size - L","0","129","60","0"
"A13041-WNS0801NC0EC","15244","Kaplan Tank ""Lapinx""","11128","Size - XL","0","129","60","0"
"A13041-WNS0801NC0EC","15244","Kaplan Tank ""Lapinx""","11129","Size - XS","0","129","60","0"
"A08011-WNS0801NC0HB","15245","Kaplan Tank ""Whisper""","11130","Size - S","0","129","60","0"
"A08011-WNS0801NC0HB","15245","Kaplan Tank ""Whisper""","11131","Size - M","0","129","60","0"
"A08011-WNS0801NC0HB","15245","Kaplan Tank ""Whisper""","11132","Size - L","0","129","60","0"
"A08011-WNS0801NC0HB","15245","Kaplan Tank ""Whisper""","11133","Size - XL","0","129","60","0"
"A08011-WNS0801NC0HB","15245","Kaplan Tank ""Whisper""","11134","Size - XS","0","129","60","0"
"WDR1601NC0DA","15246","Patti Tunic ""Early Evening Flowing Into Fall""","11135","Size - S","0","129","50.5","0"
"WDR1601NC0DA","15246","Patti Tunic ""Early Evening Flowing Into Fall""","11136","Size - M","0","129","50.5","0"
"WDR1601NC0DA","15246","Patti Tunic ""Early Evening Flowing Into Fall""","11137","Size - L","0","129","50.5","0"
"WDR1601NC0DA","15246","Patti Tunic ""Early Evening Flowing Into Fall""","11138","Size - XL","0","129","50.5","0"
"WDR1601NC0DA","15246","Patti Tunic ""Early Evening Flowing Into Fall""","11139","Size - XS","0","129","50.5","0"
"WDR1601NC0FB","15247","Patti Tunic ""New Day""","11140","Size - S","0","129","50.5","0"
"WDR1601NC0FB","15247","Patti Tunic ""New Day""","11141","Size - M","0","129","50.5","0"
"WDR1601NC0FB","15247","Patti Tunic ""New Day""","11142","Size - L","0","129","50.5","0"
"WDR1601NC0FB","15247","Patti Tunic ""New Day""","11143","Size - XL","0","129","50.5","0"
"WDR1601NC0FB","15247","Patti Tunic ""New Day""","11144","Size - XS","0","129","50.5","0"
"A13041-WDR4101NC0EB","15248","Michelle II Dress ""Lapinx""","11145","Size - S","0","159","67.5","0"
"A13041-WDR4101NC0EB","15248","Michelle II Dress ""Lapinx""","11146","Size - M","0","159","67.5","0"
"A13041-WDR4101NC0EB","15248","Michelle II Dress ""Lapinx""","11147","Size - L","0","159","67.5","0"
"A13041-WDR4101NC0EB","15248","Michelle II Dress ""Lapinx""","11148","Size - XL","0","159","67.5","0"
"A13041-WDR4101NC0EB","15248","Michelle II Dress ""Lapinx""","11149","Size - XS","0","159","67.5","0"
"A16052-WBL0301NC0BA","15249","Frida Cardigan ""Zenith""","11150","Size - S","0","129","52.5","0"
"A16052-WBL0301NC0BA","15249","Frida Cardigan ""Zenith""","11151","Size - M","0","129","52.5","0"
"A16052-WBL0301NC0BA","15249","Frida Cardigan ""Zenith""","11152","Size - L","0","129","52.5","0"
"A16052-WBL0301NC0BA","15249","Frida Cardigan ""Zenith""","11153","Size - XL","0","129","52.5","0"
"A16052-WBL0301NC0BA","15249","Frida Cardigan ""Zenith""","11154","Size - XS","0","129","52.5","0"
"W12018-WSS0901NC0DA","15250","K Smith T-Shirt ""Early Evening Flowing into Fall""","11155","Size - S","0","89","35","0"
"W12018-WSS0901NC0DA","15250","K Smith T-Shirt ""Early Evening Flowing into Fall""","11156","Size - M","0","89","35","0"
"W12018-WSS0901NC0DA","15250","K Smith T-Shirt ""Early Evening Flowing into Fall""","11157","Size - L","0","89","35","0"
"W12018-WSS0901NC0DA","15250","K Smith T-Shirt ""Early Evening Flowing into Fall""","11158","Size - XL","0","89","35","0"
"W12018-WSS0901NC0DA","15250","K Smith T-Shirt ""Early Evening Flowing into Fall""","11159","Size - XS","0","89","35","0"
"A16059-UAC1801NC0IB","15251","Pablo Pillow ""Wisdom Keepers""","","Pablo Pillow ""Wisdom Keepers""","0","59","21","0"
"W12018-WDR2901NC0DA","15252","Joni Dress ""Early Evening Flowing into Fall""","11160","Size - S","0","139","59.1","0"
"W12018-WDR2901NC0DA","15252","Joni Dress ""Early Evening Flowing into Fall""","11161","Size - M","0","139","59.1","0"
"W12018-WDR2901NC0DA","15252","Joni Dress ""Early Evening Flowing into Fall""","11162","Size - L","0","139","59.1","0"
"W12018-WDR2901NC0DA","15252","Joni Dress ""Early Evening Flowing into Fall""","11163","Size - XL","0","139","59.1","0"
"W12018-WDR2901NC0DA","15252","Joni Dress ""Early Evening Flowing into Fall""","11164","Size - XS","0","139","59.1","0"
"A17065-WDR2901NC0CB","15253","Joni Dress ""Forest Temple""","11165","Size - S","0","139","59.1","0"
"A17065-WDR2901NC0CB","15253","Joni Dress ""Forest Temple""","11166","Size - M","0","139","59.1","0"
"A17065-WDR2901NC0CB","15253","Joni Dress ""Forest Temple""","11167","Size - L","0","139","59.1","0"
"A17065-WDR2901NC0CB","15253","Joni Dress ""Forest Temple""","11168","Size - XL","0","139","59.1","0"
"A17065-WDR2901NC0CB","15253","Joni Dress ""Forest Temple""","11169","Size - XS","0","139","59.1","0"
"A08011-UAC0301NC0HA","15254","Pablo Pillow ""Whisper""","","Pablo Pillow ""Whisper""","0","59","21","0"
"WDR1601NC04A","15255","Patti Tunic ""Silent Seekers""","11170","Size - S","0","129","50.5","0"
"WDR1601NC04A","15255","Patti Tunic ""Silent Seekers""","11171","Size - M","0","129","50.5","0"
"WDR1601NC04A","15255","Patti Tunic ""Silent Seekers""","11172","Size - L","0","129","50.5","0"
"WDR1601NC04A","15255","Patti Tunic ""Silent Seekers""","11173","Size - XL","0","129","50.5","0"
"WDR1601NC04A","15255","Patti Tunic ""Silent Seekers""","11174","Size - XS","0","129","50.5","0"
"WDR1601NC02A","15256","Patti Tunic ""Depth""","11175","Size - S","0","129","50.5","0"
"WDR1601NC02A","15256","Patti Tunic ""Depth""","11176","Size - M","0","129","50.5","0"
"WDR1601NC02A","15256","Patti Tunic ""Depth""","11177","Size - L","0","129","50.5","0"
"WDR1601NC02A","15256","Patti Tunic ""Depth""","11178","Size - XL","0","129","50.5","0"
"WDR1601NC02A","15256","Patti Tunic ""Depth""","11179","Size - XS","0","129","50.5","0"
"A16051-UAC1801NC05A","15257","Pablo Pillow ""Northern Keepers""","","Pablo Pillow ""Northern Keepers""","0","59","21","0"
"A17064-UAC1801NC03F","15258","Pablo Pillow ""Motter Love""","","Pablo Pillow ""Motter Love""","0","59","21","0"
"A16058-WPA0401NC04A","15259","Jackie Legging ""Silent Seekers""","11180","Size - S","0","109","44.01","0"
"A16058-WPA0401NC04A","15259","Jackie Legging ""Silent Seekers""","11181","Size - M","0","109","44.01","0"
"A16058-WPA0401NC04A","15259","Jackie Legging ""Silent Seekers""","11182","Size - L","0","109","44.01","0"
"A16058-WPA0401NC04A","15259","Jackie Legging ""Silent Seekers""","11183","Size - XL","0","109","44.01","0"
"A16058-WPA0401NC04A","15259","Jackie Legging ""Silent Seekers""","11184","Size - XS","0","109","44.01","0"
"A16051-WPA0301NC05A","15260","Carla Palazzo ""Northern Keepers""","11185","Size - S","0","189","74","0"
"A16051-WPA0301NC05A","15260","Carla Palazzo ""Northern Keepers""","11186","Size - M","0","189","74","0"
"A16051-WPA0301NC05A","15260","Carla Palazzo ""Northern Keepers""","11187","Size - L","0","189","74","0"
"A16051-WPA0301NC05A","15260","Carla Palazzo ""Northern Keepers""","11188","Size - XL","0","189","74","0"
"A16051-WPA0301NC05A","15260","Carla Palazzo ""Northern Keepers""","11189","Size - XS","0","189","74","0"
"W18053-1","15261","Canvas - Northern Masters","11190","Frame Options - Wood floater frame black","0","395","0","0"
"W18053-1","15261","Canvas - Northern Masters","11191","Frame Options - Wood floater frame brown","0","395","0","0"
"W18053-1","15261","Canvas - Northern Masters","11192","Frame Options - Wood floater frame pewter","0","395","0","0"
"W18053-1","15261","Canvas - Northern Masters","11193","Frame Options - Without frame ","0","295","0","0"
"W17062-1","15262","Canvas - Horizon","11194","Frame Options - Wood floater frame black","0","395","0","0"
"W17062-1","15262","Canvas - Horizon","11195","Frame Options - Wood floater frame brown","0","395","0","0"
"W17062-1","15262","Canvas - Horizon","11196","Frame Options - Wood floater frame pewter","0","395","0","0"
"W17062-1","15262","Canvas - Horizon","11197","Frame Options - Without frame ","0","295","0","0"
"W13023-1","15263","Canvas - Water and Spirit Buffalo","11198","Frame Options - Wood floater frame black","0","395","0","0"
"W13023-1","15263","Canvas - Water and Spirit Buffalo","11199","Frame Options - Wood floater frame brown","0","395","0","0"
"W13023-1","15263","Canvas - Water and Spirit Buffalo","11200","Frame Options - Wood floater frame pewter","0","395","0","0"
"W13023-1","15263","Canvas - Water and Spirit Buffalo","11201","Frame Options - Without frame ","0","295","0","0"
"A13053-1","15264","Canvas - Roots Of Another World","11202","Frame Options - Wood floater frame black","0","395","0","0"
"A13053-1","15264","Canvas - Roots Of Another World","11203","Frame Options - Wood floater frame brown","0","395","0","0"
"A13053-1","15264","Canvas - Roots Of Another World","11204","Frame Options - Wood floater frame pewter","0","395","0","0"
"A13053-1","15264","Canvas - Roots Of Another World","11205","Frame Options - Without frame ","0","295","0","0"
"W13027-1","15265","Canvas - Playing With Shadows","11206","Frame Options - Wood floater frame black","0","395","0","0"
"W13027-1","15265","Canvas - Playing With Shadows","11207","Frame Options - Wood floater frame brown","0","395","0","0"
"W13027-1","15265","Canvas - Playing With Shadows","11208","Frame Options - Wood floater frame pewter","0","395","0","0"
"W13027-1","15265","Canvas - Playing With Shadows","11209","Frame Options - Without frame ","0","295","0","0"
"W13026-1","15266","Canvas - In Her World","11210","Frame Options - Wood floater frame black","0","395","0","0"
"W13026-1","15266","Canvas - In Her World","11211","Frame Options - Wood floater frame brown","0","395","0","0"
"W13026-1","15266","Canvas - In Her World","11212","Frame Options - Wood floater frame pewter","0","395","0","0"
"W13026-1","15266","Canvas - In Her World","11213","Frame Options - Without frame ","0","295","0","0"
"A95053-1","15267","Canvas - Messenger","11214","Frame Options - Wood floater frame black","0","395","0","0"
"A95053-1","15267","Canvas - Messenger","11215","Frame Options - Wood floater frame brown","0","395","0","0"
"A95053-1","15267","Canvas - Messenger","11216","Frame Options - Wood floater frame pewter","0","395","0","0"
"A95053-1","15267","Canvas - Messenger","11217","Frame Options - Without frame ","0","295","0","0"
"A16051-1","15268","Canvas - Northern Keepers","11218","Frame Options - Wood floater frame black","0","495","0","0"
"A16051-1","15268","Canvas - Northern Keepers","11219","Frame Options - Wood floater frame brown","0","495","0","0"
"A16051-1","15268","Canvas - Northern Keepers","11220","Frame Options - Wood floater frame pewter","0","495","0","0"
"A16051-1","15268","Canvas - Northern Keepers","11221","Frame Options - Without frame 16"" x 20""","0","295","0","0"
"A16051-1","15268","Canvas - Northern Keepers","11222","Frame Options - Without frame 33"" x 44""","0","695","0","0"
"A16051-1","15268","Canvas - Northern Keepers","11223","Frame Options - Without frame 18"" x 24""","0","395","0","0"
"A13057-1","15269","Canvas - Origins","11224","Frame Options - Wood floater frame black","0","290","0","0"
"A13057-1","15269","Canvas - Origins","11225","Frame Options - Wood floater frame brown","0","290","0","0"
"A13057-1","15269","Canvas - Origins","11226","Frame Options - Wood floater frame pewter","0","290","0","0"
"A13057-1","15269","Canvas - Origins","11227","Frame Options - Without frame ","0","190","0","0"
"A13056-1","15270","Canvas - Otherness","11228","Frame Options - Wood floater frame black","0","325","0","0"
"A13056-1","15270","Canvas - Otherness","11229","Frame Options - Wood floater frame brown","0","325","0","0"
"A13056-1","15270","Canvas - Otherness","11230","Frame Options - Wood floater frame pewter","0","325","0","0"
"A13056-1","15270","Canvas - Otherness","11231","Frame Options - Without frame ","0","225","0","0"
"A10044-1","15271","Canvas - The Return","11232","Frame Options - Wood floater frame black","0","395","0","0"
"A10044-1","15271","Canvas - The Return","11233","Frame Options - Wood floater frame brown","0","395","0","0"
"A10044-1","15271","Canvas - The Return","11234","Frame Options - Wood floater frame pewter","0","395","0","0"
"A10044-1","15271","Canvas - The Return","11235","Frame Options - Without frame ","0","295","0","0"
"A16055-1","15272","Canvas - Abundance","11236","Frame Options - Wood floater frame black","0","395","0","0"
"A16055-1","15272","Canvas - Abundance","11237","Frame Options - Wood floater frame brown","0","395","0","0"
"A16055-1","15272","Canvas - Abundance","11238","Frame Options - Wood floater frame pewter","0","395","0","0"
"A16055-1","15272","Canvas - Abundance","11239","Frame Options - Without frame ","0","295","0","0"
"A09054-1","15273","Canvas - Tranquility","11240","Frame Options - Wood floater frame black","0","395","0","0"
"A09054-1","15273","Canvas - Tranquility","11241","Frame Options - Wood floater frame brown","0","395","0","0"
"A09054-1","15273","Canvas - Tranquility","11242","Frame Options - Wood floater frame pewter","0","395","0","0"
"A09054-1","15273","Canvas - Tranquility","11243","Frame Options - Without frame ","0","295","0","0"
"A04060-1","15274","Canvas - Passing Through","11244","Frame Options - Wood floater frame black","0","290","0","0"
"A04060-1","15274","Canvas - Passing Through","11245","Frame Options - Wood floater frame brown","0","290","0","0"
"A04060-1","15274","Canvas - Passing Through","11246","Frame Options - Wood floater frame pewter","0","290","0","0"
"A04060-1","15274","Canvas - Passing Through","11247","Frame Options - Without frame ","0","190","0","0"
"A01003-1","15275","Canvas - Sky Girl","11248","Frame Options - Wood floater frame brown","0","395","0","0"
"A01003-1","15275","Canvas - Sky Girl","11249","Frame Options - Wood floater frame black","0","395","0","0"
"A01003-1","15275","Canvas - Sky Girl","11250","Frame Options - Wood floater frame pewter","0","395","0","0"
"A01003-1","15275","Canvas - Sky Girl","11251","Frame Options - Without frame ","0","295","0","0"
"W12018-1","15276","Canvas - Early evening flowing into fall","11252","Frame Options - Wood floater frame black","0","395","0","0"
"W12018-1","15276","Canvas - Early evening flowing into fall","11253","Frame Options - Wood floater frame brown","0","395","0","0"
"W12018-1","15276","Canvas - Early evening flowing into fall","11254","Frame Options - Wood floater frame pewter","0","395","0","0"
"W12018-1","15276","Canvas - Early evening flowing into fall","11255","Frame Options - Without frame ","0","295","0","0"
"W12016-1","15277","Canvas - Going Home","11256","Frame Options - Wood floater frame black","0","395","0","0"
"W12016-1","15277","Canvas - Going Home","11257","Frame Options - Wood floater frame brown","0","395","0","0"
"W12016-1","15277","Canvas - Going Home","11258","Frame Options - Wood floater frame pewter","0","395","0","0"
"W12016-1","15277","Canvas - Going Home","11259","Frame Options - Without frame ","0","295","0","0"
"W12005-1","15278","Canvas - Earth keeper","11260","Frame Options - Wood floater frame black","0","395","0","0"
"W12005-1","15278","Canvas - Earth keeper","11261","Frame Options - Wood floater frame brown","0","395","0","0"
"W12005-1","15278","Canvas - Earth keeper","11262","Frame Options - Wood floater frame pewter","0","395","0","0"
"W12005-1","15278","Canvas - Earth keeper","11263","Frame Options - Without frame ","0","295","0","0"
"W12014-1","15279","Canvas - Gate of Silk","11264","Frame Options - Wood floater frame black","0","395","0","0"
"W12014-1","15279","Canvas - Gate of Silk","11265","Frame Options - Wood floater frame brown","0","395","0","0"
"W12014-1","15279","Canvas - Gate of Silk","11266","Frame Options - Wood floater frame pewter","0","395","0","0"
"W12014-1","15279","Canvas - Gate of Silk","11267","Frame Options - Without frame ","0","295","0","0"
"W12008-1","15280","Canvas - Winter Wolves","11268","Frame Options - Wood floater frame black","0","395","0","0"
"W12008-1","15280","Canvas - Winter Wolves","11269","Frame Options - Wood floater frame brown","0","395","0","0"
"W12008-1","15280","Canvas - Winter Wolves","11270","Frame Options - Wood floater frame pewter","0","395","0","0"
"W12008-1","15280","Canvas - Winter Wolves","11271","Frame Options - Without frame ","0","295","0","0"
"W12017-1","15281","Canvas - Synchronicity","11272","Frame Options - Wood floater frame black","0","395","0","0"
"W12017-1","15281","Canvas - Synchronicity","11273","Frame Options - Wood floater frame brown","0","395","0","0"
"W12017-1","15281","Canvas - Synchronicity","11274","Frame Options - Wood floater frame pewter","0","395","0","0"
"W12017-1","15281","Canvas - Synchronicity","11275","Frame Options - Without frame ","0","295","0","0"
"W13025-1","15282","Canvas - Passage","11276","Frame Options - Wood floater frame black","0","395","0","0"
"W13025-1","15282","Canvas - Passage","11277","Frame Options - Wood floater frame brown","0","395","0","0"
"W13025-1","15282","Canvas - Passage","11278","Frame Options - Wood floater frame pewter","0","395","0","0"
"W13025-1","15282","Canvas - Passage","11279","Frame Options - Without frame ","1","295","0","0"
"A04039-1","15283","Canvas - Nostalgia","11280","Frame Options - Wood floater frame black","0","290","0","0"
"A04039-1","15283","Canvas - Nostalgia","11281","Frame Options - Wood floater frame brown","0","290","0","0"
"A04039-1","15283","Canvas - Nostalgia","11282","Frame Options - Wood floater frame pewter","0","290","0","0"
"A04039-1","15283","Canvas - Nostalgia","11283","Frame Options - Without frame ","0","190","0","0"
"A04015-1","15284","Canvas - Rebirth","11284","Frame Options - Wood floater frame black","0","290","0","0"
"A04015-1","15284","Canvas - Rebirth","11285","Frame Options - Wood floater frame brown","0","290","0","0"
"A04015-1","15284","Canvas - Rebirth","11286","Frame Options - Wood floater frame pewter","0","290","0","0"
"A04015-1","15284","Canvas - Rebirth","11287","Frame Options - Without frame ","0","190","0","0"
"A10004-1","15285","Canvas - Merging Earth and Sky","11288","Frame Options - Wood floater frame black","0","395","0","0"
"A10004-1","15285","Canvas - Merging Earth and Sky","11289","Frame Options - Wood floater frame brown","0","395","0","0"
"A10004-1","15285","Canvas - Merging Earth and Sky","11290","Frame Options - Wood floater frame pewter","0","395","0","0"
"A10004-1","15285","Canvas - Merging Earth and Sky","11291","Frame Options - Without frame ","0","295","0","0"
"A10012-1","15286","Canvas - Sky Sisters","11292","Frame Options - Wood floater frame black","0","395","0","0"
"A10012-1","15286","Canvas - Sky Sisters","11293","Frame Options - Wood floater frame brown","0","395","0","0"
"A10012-1","15286","Canvas - Sky Sisters","11294","Frame Options - Wood floater frame pewter","0","395","0","0"
"A10012-1","15286","Canvas - Sky Sisters","11295","Frame Options - Without frame ","0","295","0","0"
"A01034-1","15287","Canvas - Reaching Out","11296","Frame Options - Wood floater frame black","0","395","0","0"
"A01034-1","15287","Canvas - Reaching Out","11297","Frame Options - Wood floater frame brown","0","395","0","0"
"A01034-1","15287","Canvas - Reaching Out","11298","Frame Options - Wood floater frame pewter","0","395","0","0"
"A01034-1","15287","Canvas - Reaching Out","11299","Frame Options - Without frame ","0","295","0","0"
"A01036-1","15288","Canvas - Teachings","11300","Frame Options - Wood floater frame black","0","395","0","0"
"A01036-1","15288","Canvas - Teachings","11301","Frame Options - Wood floater frame brown","0","395","0","0"
"A01036-1","15288","Canvas - Teachings","11302","Frame Options - Wood floater frame pewter","0","395","0","0"
"A01036-1","15288","Canvas - Teachings","11303","Frame Options - Without frame ","0","295","0","0"
"A01033-1","15289","Canvas - New Fire","11304","Frame Options - Wood floater frame black","0","395","0","0"
"A01033-1","15289","Canvas - New Fire","11305","Frame Options - Wood floater frame brown","0","395","0","0"
"A01033-1","15289","Canvas - New Fire","11306","Frame Options - Wood floater frame pewter","0","395","0","0"
"A01033-1","15289","Canvas - New Fire","11307","Frame Options - Without frame ","0","295","0","0"
"A01032-1","15290","Canvas - Moon Wisdom","11308","Frame Options - Wood floater frame black","0","395","0","0"
"A01032-1","15290","Canvas - Moon Wisdom","11309","Frame Options - Wood floater frame brown","0","395","0","0"
"A01032-1","15290","Canvas - Moon Wisdom","11310","Frame Options - Wood floater frame pewter","0","395","0","0"
"A01032-1","15290","Canvas - Moon Wisdom","11311","Frame Options - Without frame ","0","295","0","0"
"A01028-1","15291","Canvas - Giving Thanks","11312","Frame Options - Wood floater frame black","0","395","0","0"
"A01028-1","15291","Canvas - Giving Thanks","11313","Frame Options - Wood floater frame brown","0","395","0","0"
"A01028-1","15291","Canvas - Giving Thanks","11314","Frame Options - Wood floater frame pewter","0","395","0","0"
"A01028-1","15291","Canvas - Giving Thanks","11315","Frame Options - Without frame ","0","295","0","0"
"A01030-1","15292","Canvas - Eagle Moon","11316","Frame Options - Wood floater frame black","0","395","0","0"
"A01030-1","15292","Canvas - Eagle Moon","11317","Frame Options - Wood floater frame brown","0","395","0","0"
"A01030-1","15292","Canvas - Eagle Moon","11318","Frame Options - Wood floater frame pewter","0","395","0","0"
"A01030-1","15292","Canvas - Eagle Moon","11319","Frame Options - Without frame ","0","295","0","0"
"W13027-2","15293","Ltd Edition - Playing With Shadows","11320","Frame Options - Black rustic frame 1""","0","335","0","0"
"W13027-2","15293","Ltd Edition - Playing With Shadows","11321","Frame Options - Brown rustic frame 1""","0","335","0","0"
"W13027-2","15293","Ltd Edition - Playing With Shadows","11322","Frame Options - Grey rustic frame 1""","0","335","0","0"
"W13027-2","15293","Ltd Edition - Playing With Shadows","11323","Frame Options - Without frame ","0","170","0","74"
"W13026-2","15294","Ltd Edition - In Her World","11324","Frame Options - Black rustic frame 1""","0","335","0","0"
"W13026-2","15294","Ltd Edition - In Her World","11325","Frame Options - Brown rustic frame 1""","0","335","0","0"
"W13026-2","15294","Ltd Edition - In Her World","11326","Frame Options - Grey rustic frame 1""","0","335","0","0"
"W13026-2","15294","Ltd Edition - In Her World","11327","Frame Options - Without frame ","0","170","0","70.73"
"A16052-2","15295","Ltd Edition - Zenith","11328","Frame Options - Black rustic frame 1""","0","305","0","0"
"A16052-2","15295","Ltd Edition - Zenith","11329","Frame Options - Brown rustic frame 1""","0","305","0","0"
"A16052-2","15295","Ltd Edition - Zenith","11330","Frame Options - Grey rustic frame 1""","0","305","0","0"
"A16052-2","15295","Ltd Edition - Zenith","11351","Frame Options - Without frame 2.25"" x 13.25""","0","120","0","48.45"
"A16052-2","15295","Ltd Edition - Zenith","11352","Frame Options - Without frame 3"" x 18""","0","140","0","66.65000000000001"
"A16052-2","15295","Ltd Edition - Zenith","11353","Frame Options - Without frame 4.5"" x 13.25""","0","155","0","0"
"A10044-2","15296","Ltd Edition - The Return","11332","Frame Options - Black rustic frame 1""","0","335","0","0"
"A10044-2","15296","Ltd Edition - The Return","11333","Frame Options - Brown rustic frame 1""","0","335","0","0"
"A10044-2","15296","Ltd Edition - The Return","11334","Frame Options - Grey rustic frame 1""","0","335","0","0"
"A10044-2","15296","Ltd Edition - The Return","11335","Frame Options - Without frame ","2","170","0","70.73"
"A07020-2","15297","Ltd Edition - Journey to the Spirit World","11336","Frame Options - Black rustic frame 1""","0","320","0","0"
"A07020-2","15297","Ltd Edition - Journey to the Spirit World","11337","Frame Options - Brown rustic frame 1""","0","320","0","0"
"A07020-2","15297","Ltd Edition - Journey to the Spirit World","11338","Frame Options - Grey rustic frame 1""","0","320","0","0"
"A07020-2","15297","Ltd Edition - Journey to the Spirit World","11339","Frame Options - Without frame ","3","170","0","74"
"A01028-2","15298","Ltd Edition - Giving Thanks","11340","Frame Options - Black rustic frame 1""","0","335","0","0"
"A01028-2","15298","Ltd Edition - Giving Thanks","11341","Frame Options - Brown rustic frame 1""","0","335","0","0"
"A01028-2","15298","Ltd Edition - Giving Thanks","11342","Frame Options - Grey rustic frame 1""","0","335","0","0"
"A01028-2","15298","Ltd Edition - Giving Thanks","11343","Frame Options - Without frame ","3","170","0","70.73"
"A13042-6","15299","Small Print - Carried Away","","Small Print - Carried Away","0","25","0","0"
"A09010-6","15300","Small Print - Mahigan","","Small Print - Mahigan","0","25","0","0"
"A10046-6","15301","Small Print - Geese Spirit","","Small Print - Geese Spirit","0","25","0","0"
"A01035-6","15302","Small Print - Strength Within","","Small Print - Strength Within","0","25","0","0"
"A09010-7","15303","Card - Mahigan","","Card - Mahigan","0","5.5","2.5","0"
"BBSS1-P","15305","BBSS1 Pendant ''Birch Bark''","","BBSS1 Pendant ''Birch Bark''","1","34.95","15","0"
"5100-0000-27-3112WS","15373","Leather Moccasins for Men","11364","Shoe Size - 6","0","117","50.8","0"
"5100-0000-27-3112WS","15373","Leather Moccasins for Men","11365","Shoe Size - 7","0","117","50.8","0"
"5100-0000-27-3112WS","15373","Leather Moccasins for Men","11366","Shoe Size - 8","0","117","50.8","0"
"5100-0000-27-3112WS","15373","Leather Moccasins for Men","11367","Shoe Size - 9","1","117","50.8","0"
"5100-0000-27-3112WS","15373","Leather Moccasins for Men","11368","Shoe Size - 10","1","117","50.8","0"
"5100-0000-27-3112WS","15373","Leather Moccasins for Men","11369","Shoe Size - 11","1","117","50.8","0"
"5100-0000-27-3112WS","15373","Leather Moccasins for Men","11370","Shoe Size - 12","0","117","50.8","0"
"5100-0000-27-3112WS","15373","Leather Moccasins for Men","11371","Shoe Size - 13","0","117","50.8","0"
"5100-0000-27-3112WS","15373","Leather Moccasins for Men","11372","Shoe Size - 14","1","117","50.8","0"
"5100-0000-27-3112WS","15373","Leather Moccasins for Men","11373","Shoe Size - 15","1","117","50.8","0"
"5100-0000-41MADKT-3113MA","15374","Leather Moccasins for Men","11374","Shoe Size - 7","0","106","45.8","0"
"5100-0000-41MADKT-3113MA","15374","Leather Moccasins for Men","11375","Shoe Size - 8","0","106","45.8","0"
"5100-0000-41MADKT-3113MA","15374","Leather Moccasins for Men","11376","Shoe Size - 9","0","106","45.8","0"
"5100-0000-41MADKT-3113MA","15374","Leather Moccasins for Men","11377","Shoe Size - 10","0","106","45.8","0"
"5100-0000-41MADKT-3113MA","15374","Leather Moccasins for Men","11378","Shoe Size - 11","0","106","45.8","0"
"5100-0000-41MADKT-3113MA","15374","Leather Moccasins for Men","11379","Shoe Size - 12","0","106","45.8","0"
"5100-0000-41MADKT-3113MA","15374","Leather Moccasins for Men","11380","Shoe Size - 13","0","106","45.8","0"
"5100-0000-41MADKT-3113MA","15374","Leather Moccasins for Men","11381","Shoe Size - 14","0","106","45.8","0"
"5100-0000-41MADKT-3113MA","15374","Leather Moccasins for Men","11382","Shoe Size - 15","0","106","45.8","0"
"5100-0000-41MADKT-3113MA","15374","Leather Moccasins for Men","11383","Shoe Size - 6","0","106","45.8","0"
"4172-0500-40-41474EMA","15389","Leather Moccasins for Men","11396","Shoe Size - 7","0","202","87.40000000000001","0"
"4172-0500-40-41474EMA","15389","Leather Moccasins for Men","11397","Shoe Size - 8","0","202","87.40000000000001","0"
"4172-0500-40-41474EMA","15389","Leather Moccasins for Men","11398","Shoe Size - 9","0","202","87.40000000000001","0"
"4172-0500-40-41474EMA","15389","Leather Moccasins for Men","11399","Shoe Size - 10","2","202","87.40000000000001","0"
"4172-0500-40-41474EMA","15389","Leather Moccasins for Men","11400","Shoe Size - 11","0","202","87.40000000000001","0"
"4172-0500-40-41474EMA","15389","Leather Moccasins for Men","11401","Shoe Size - 12","1","202","87.40000000000001","0"
"4172-0500-40-41474EMA","15389","Leather Moccasins for Men","11402","Shoe Size - 13","0","202","87.40000000000001","0"
"4172-0500-40-41474EMA","15389","Leather Moccasins for Men","11403","Shoe Size - 14","0","202","87.40000000000001","0"
"4172-0500-40-41474EMA","15389","Leather Moccasins for Men","11404","Shoe Size - 15","0","202","87.40000000000001","0"
"5000-0000-27-78GRBL","15404","Suede Moccasins for Men","11415","Shoe Size - 6","0","98","42.6","0"
"5000-0000-27-78GRBL","15404","Suede Moccasins for Men","11416","Shoe Size - 7","1","98","42.6","0"
"5000-0000-27-78GRBL","15404","Suede Moccasins for Men","11417","Shoe Size - 8","0","98","42.6","0"
"5000-0000-27-78GRBL","15404","Suede Moccasins for Men","11418","Shoe Size - 9","0","98","42.6","0"
"5000-0000-27-78GRBL","15404","Suede Moccasins for Men","11419","Shoe Size - 10","0","98","42.6","0"
"5000-0000-27-78GRBL","15404","Suede Moccasins for Men","11420","Shoe Size - 11","0","98","42.6","0"
"5000-0000-27-78GRBL","15404","Suede Moccasins for Men","11421","Shoe Size - 12","0","98","42.6","0"
"5000-0000-27-78GRBL","15404","Suede Moccasins for Men","11422","Shoe Size - 13","0","98","42.6","0"
"5000-0000-27-78GRBL","15404","Suede Moccasins for Men","11423","Shoe Size - 14","2","98","42.6","0"
"5000-0000-27-78GRBL","15404","Suede Moccasins for Men","11424","Shoe Size - 15","0","98","42.6","0"
"5000-0000-27-78MODKT","15405","Suede Moccasins for Men","11425","Shoe Size - 7","0","98","42.6","0"
"5000-0000-27-78MODKT","15405","Suede Moccasins for Men","11426","Shoe Size - 8","0","98","42.6","0"
"5000-0000-27-78MODKT","15405","Suede Moccasins for Men","11427","Shoe Size - 9","0","98","42.6","0"
"5000-0000-27-78MODKT","15405","Suede Moccasins for Men","11428","Shoe Size - 10","0","98","42.6","0"
"5000-0000-27-78MODKT","15405","Suede Moccasins for Men","11429","Shoe Size - 11","0","98","42.6","0"
"5000-0000-27-78MODKT","15405","Suede Moccasins for Men","11430","Shoe Size - 12","0","98","42.6","0"
"5000-0000-27-78MODKT","15405","Suede Moccasins for Men","11431","Shoe Size - 13","0","98","42.6","0"
"5000-0000-27-78MODKT","15405","Suede Moccasins for Men","11432","Shoe Size - 14","0","98","42.6","0"
"5000-0000-27-78MODKT","15405","Suede Moccasins for Men","11433","Shoe Size - 15","0","98","42.6","0"
"5000-0000-27-78MODKT","15405","Suede Moccasins for Men","11434","Shoe Size - 6","0","98","42.6","0"
"5000-0000-27-78WS","15406","Leather Moccasins for Men","11435","Shoe Size - 7","0","98","42.6","0"
"5000-0000-27-78WS","15406","Leather Moccasins for Men","11436","Shoe Size - 8","0","98","42.6","0"
"5000-0000-27-78WS","15406","Leather Moccasins for Men","11437","Shoe Size - 9","0","98","42.6","0"
"5000-0000-27-78WS","15406","Leather Moccasins for Men","11438","Shoe Size - 10","0","98","42.6","0"
"5000-0000-27-78WS","15406","Leather Moccasins for Men","11439","Shoe Size - 11","0","98","42.6","0"
"5000-0000-27-78WS","15406","Leather Moccasins for Men","11440","Shoe Size - 12","0","98","42.6","0"
"5000-0000-27-78WS","15406","Leather Moccasins for Men","11441","Shoe Size - 13","0","98","42.6","0"
"5000-0000-27-78WS","15406","Leather Moccasins for Men","11442","Shoe Size - 14","0","98","42.6","0"
"5000-0000-27-78WS","15406","Leather Moccasins for Men","11443","Shoe Size - 15","0","98","42.6","0"
"5000-0000-27-78WS","15406","Leather Moccasins for Men","11444","Shoe Size - 6","0","98","42.6","0"
"5000-0000-27BL2-78BL2","15407","Leather Moccasins for Men","11457","Shoe Size - 6","0","98","42.6","0"
"5000-0000-27BL2-78BL2","15407","Leather Moccasins for Men","11458","Shoe Size - 7","0","98","42.6","0"
"5000-0000-27BL2-78BL2","15407","Leather Moccasins for Men","11459","Shoe Size - 8","0","98","42.6","0"
"5000-0000-27BL2-78BL2","15407","Leather Moccasins for Men","11460","Shoe Size - 9","0","98","42.6","0"
"5000-0000-27BL2-78BL2","15407","Leather Moccasins for Men","11461","Shoe Size - 10","0","98","42.6","0"
"5000-0000-27BL2-78BL2","15407","Leather Moccasins for Men","11462","Shoe Size - 11","0","98","42.6","0"
"5000-0000-27BL2-78BL2","15407","Leather Moccasins for Men","11463","Shoe Size - 12","0","98","42.6","0"
"5000-0000-27BL2-78BL2","15407","Leather Moccasins for Men","11464","Shoe Size - 13","0","98","42.6","0"
"5000-0000-27BL2-78BL2","15407","Leather Moccasins for Men","11465","Shoe Size - 14","0","98","42.6","0"
"5000-0000-27BL2-78BL2","15407","Leather Moccasins for Men","11466","Shoe Size - 15","0","98","42.6","0"
"5000-0000-27-78BL","15408","Suede Moccasins for Men","11479","Shoe Size - 6","1","98","42.6","0"
"5000-0000-27-78BL","15408","Suede Moccasins for Men","11480","Shoe Size - 7","0","98","42.6","0"
"5000-0000-27-78BL","15408","Suede Moccasins for Men","11481","Shoe Size - 8","0","98","42.6","0"
"5000-0000-27-78BL","15408","Suede Moccasins for Men","11482","Shoe Size - 9","0","98","42.6","0"
"5000-0000-27-78BL","15408","Suede Moccasins for Men","11483","Shoe Size - 10","0","98","42.6","0"
"5000-0000-27-78BL","15408","Suede Moccasins for Men","11484","Shoe Size - 11","0","98","42.6","0"
"5000-0000-27-78BL","15408","Suede Moccasins for Men","11485","Shoe Size - 12","0","98","42.6","0"
"5000-0000-27-78BL","15408","Suede Moccasins for Men","11486","Shoe Size - 13","0","98","42.6","0"
"5000-0000-27-78BL","15408","Suede Moccasins for Men","11487","Shoe Size - 14","0","98","42.6","0"
"5000-0000-27-78BL","15408","Suede Moccasins for Men","11488","Shoe Size - 15","0","98","42.6","0"
"00-04-085","15416","Killerwhale Box","","Killerwhale Box","0","56","24","0"
"BHFEATHERS","15421","Feather Earrings","11489","Totems - Bear","0","50","25","0"
"BHFEATHERS","15421","Feather Earrings","11490","Totems - Buffalo","0","50","25","0"
"BHFEATHERS","15421","Feather Earrings","11491","Totems - Eagle","0","50","25","0"
"BHFEATHERS","15421","Feather Earrings","11492","Totems - Hummingbird","0","50","25","0"
"BHFEATHERS","15421","Feather Earrings","11493","Totems - Strawberry","0","50","25","0"
"BHFEATHERS","15421","Feather Earrings","11494","Totems - Turtle","1","50","25","0"
"BHFEATHERS","15421","Feather Earrings","11495","Totems - Wolf","1","50","25","0"
"BHFEATHERS","15421","Feather Earrings","11496","Totems - Medicine Wheel","0","50","25","0"
"5076-1100-35-KB705MA","15422","Leather Moccasins for Men","11516","Shoe Size - 6","0","177","76.90000000000001","0"
"5076-1100-35-KB705MA","15422","Leather Moccasins for Men","11517","Shoe Size - 7","1","177","76.90000000000001","0"
"5076-1100-35-KB705MA","15422","Leather Moccasins for Men","11518","Shoe Size - 8","0","177","76.90000000000001","0"
"5076-1100-35-KB705MA","15422","Leather Moccasins for Men","11519","Shoe Size - 9","1","177","76.90000000000001","0"
"5076-1100-35-KB705MA","15422","Leather Moccasins for Men","11520","Shoe Size - 10","0","177","76.90000000000001","0"
"5076-1100-35-KB705MA","15422","Leather Moccasins for Men","11521","Shoe Size - 11","0","177","76.90000000000001","0"
"5076-1100-35-KB705MA","15422","Leather Moccasins for Men","11522","Shoe Size - 12","0","177","76.90000000000001","0"
"5076-1100-35-KB705MA","15422","Leather Moccasins for Men","11523","Shoe Size - 13","0","177","76.90000000000001","0"
"5076-1100-35-KB705MA","15422","Leather Moccasins for Men","11524","Shoe Size - 14","0","177","76.90000000000001","0"
"5076-1100-35-KB705MA","15422","Leather Moccasins for Men","11525","Shoe Size - 15","0","177","76.90000000000001","0"
"4172-0500-40-41474ECHO","15424","Leather Moccasins for Men","11529","Shoe Size - 6","0","202","87.40000000000001","0"
"4172-0500-40-41474ECHO","15424","Leather Moccasins for Men","11530","Shoe Size - 7","0","202","87.40000000000001","0"
"4172-0500-40-41474ECHO","15424","Leather Moccasins for Men","11531","Shoe Size - 8","0","202","87.40000000000001","0"
"4172-0500-40-41474ECHO","15424","Leather Moccasins for Men","11532","Shoe Size - 9","0","202","87.40000000000001","0"
"4172-0500-40-41474ECHO","15424","Leather Moccasins for Men","11533","Shoe Size - 10","0","202","87.40000000000001","0"
"4172-0500-40-41474ECHO","15424","Leather Moccasins for Men","11534","Shoe Size - 11","0","202","87.40000000000001","0"
"4172-0500-40-41474ECHO","15424","Leather Moccasins for Men","11535","Shoe Size - 12","1","202","87.40000000000001","0"
"4172-0500-40-41474ECHO","15424","Leather Moccasins for Men","11536","Shoe Size - 13","0","202","87.40000000000001","0"
"BHROUNDMEDMS","15425","Fringed Earrings Multiple Strands","11546","Totems - Buffalo - Brown","0","140","70","0"
"BHROUNDMEDMS","15425","Fringed Earrings Multiple Strands","11547","Totems - Eagle - Tan","1","140","70","0"
"BHROUNDMEDMS","15425","Fringed Earrings Multiple Strands","11548","Totems - Eagle - Purple","1","140","70","0"
"BHROUNDMEDMS","15425","Fringed Earrings Multiple Strands","11549","Totems - Eagle - Turquoise","1","140","70","0"
"BHROUNDMEDMS","15425","Fringed Earrings Multiple Strands","11550","Totems - Loon - Turquoise","1","140","70","0"
"BHROUNDMEDMS","15425","Fringed Earrings Multiple Strands","11551","Totems - Turtle - Dark Green","1","140","70","0"
"BHROUNDMEDS","15426","Fringed Earrings Single Strand","11558","Totems - Bear - Tan","1","120","60","0"
"BHROUNDMEDS","15426","Fringed Earrings Single Strand","11559","Totems - Eagle - Tan","0","120","60","0"
"BHROUNDMEDS","15426","Fringed Earrings Single Strand","11560","Totems - Turtle - Black","0","120","60","0"
"BHTEARCONESTRAND","15427","Tear Drop Earrings With Strands","11564","Totems - Bear - Black","0","90","45","0"
"BHTEARCONESTRAND","15427","Tear Drop Earrings With Strands","11565","Totems - Eagle - Tan","1","90","45","0"
"BHTEARCONESTRAND","15427","Tear Drop Earrings With Strands","11566","Totems - Hummingbird - Dark Green","0","90","45","0"
"BHTEARCONESTRAND","15427","Tear Drop Earrings With Strands","11567","Totems - Turtle - Black","0","90","45","0"
"BHTEARSTRAND","15428","Tear Drop Earrings Single Strand","","Tear Drop Earrings Single Strand","0","60","30","0"
"BHXSSTRAND","15429","Fringed Earrings Single Strand","","Fringed Earrings Single Strand","0","60","30","0"
"BHHOOP","15430","Feather Earrings With Hoop","","Feather Earrings With Hoop","0","60","30","0"
"BHMEDROUND","15431","Round Earrings","11575","Totems - Buffalo","1","70","35","0"
"BHMEDROUND","15431","Round Earrings","11576","Totems - Eagle","1","70","35","0"
"BHMEDROUND","15431","Round Earrings","11577","Totems - Hummingbird","1","70","35","0"
"BHMEDROUND","15431","Round Earrings","11578","Totems - Turtle","1","70","35","0"
"BHMEDROUND","15431","Round Earrings","11579","Totems - Wolf","1","70","35","0"
"BHTRIANGLE","15432","Triangular Earrings","11580","Totems - Bear","1","70","35","0"
"BHTRIANGLE","15432","Triangular Earrings","11581","Totems - Buffalo","1","70","35","0"
"BHTRIANGLE","15432","Triangular Earrings","11582","Totems - Eagle","1","70","35","0"
"BHTRIANGLE","15432","Triangular Earrings","11583","Totems - Hummingbird","0","70","35","0"
"BHTRIANGLE","15432","Triangular Earrings","11584","Totems - Turtle","1","70","35","0"
"BHTRIANGLE","15432","Triangular Earrings","11585","Totems - Wolf","1","70","35","0"
"5076-1100-26-KB757FD","15438","Leather Moccasins for Men","11595","Shoe Size - 6","0","175","75.8","0"
"5076-1100-26-KB757FD","15438","Leather Moccasins for Men","11596","Shoe Size - 7","0","175","75.8","0"
"5076-1100-26-KB757FD","15438","Leather Moccasins for Men","11597","Shoe Size - 8","0","175","75.8","0"
"5076-1100-26-KB757FD","15438","Leather Moccasins for Men","11598","Shoe Size - 9","0","175","75.8","0"
"5076-1100-26-KB757FD","15438","Leather Moccasins for Men","11599","Shoe Size - 10","0","175","75.8","0"
"5076-1100-26-KB757FD","15438","Leather Moccasins for Men","11600","Shoe Size - 11","0","175","75.8","0"
"5076-1100-26-KB757FD","15438","Leather Moccasins for Men","11601","Shoe Size - 12","0","175","75.8","0"
"5076-1100-26-KB757FD","15438","Leather Moccasins for Men","11602","Shoe Size - 13","2","175","75.8","0"
"5076-1100-26-KB757FD","15438","Leather Moccasins for Men","11603","Shoe Size - 14","0","175","75.8","0"
"5076-1100-26-KB757FD","15438","Leather Moccasins for Men","11604","Shoe Size - 15","1","175","75.8","0"
"5076-0500-35-KB762FD","15444","Leather Moccasins for Men","11615","Shoe Size - 6","0","142","61.4","0"
"5076-0500-35-KB762FD","15444","Leather Moccasins for Men","11616","Shoe Size - 7","0","142","61.4","0"
"5076-0500-35-KB762FD","15444","Leather Moccasins for Men","11617","Shoe Size - 8","0","142","61.4","0"
"5076-0500-35-KB762FD","15444","Leather Moccasins for Men","11618","Shoe Size - 9","0","142","61.4","0"
"5076-0500-35-KB762FD","15444","Leather Moccasins for Men","11619","Shoe Size - 10","0","142","61.4","0"
"5076-0500-35-KB762FD","15444","Leather Moccasins for Men","11620","Shoe Size - 11","0","142","61.4","0"
"5076-0500-35-KB762FD","15444","Leather Moccasins for Men","11621","Shoe Size - 12","0","142","61.4","0"
"5076-0500-35-KB762FD","15444","Leather Moccasins for Men","11622","Shoe Size - 13","0","142","61.4","0"
"5076-0500-35-KB762FD","15444","Leather Moccasins for Men","11623","Shoe Size - 14","0","142","61.4","0"
"5076-0500-35-KB762FD","15444","Leather Moccasins for Men","11624","Shoe Size - 15","0","142","61.4","0"
"UAC6101NC08A","15446","Gustave Pillow ""Giving Thanks""","","Gustave Pillow ""Giving Thanks""","3","59","23","0"
"UAC6101NC0DA","15447","Gustave Pillow ""Early Evening Flowing Into Fall""","","Gustave Pillow ""Early Evening Flowing Into Fall""","4","59","23","0"
"UAC6101NC0JA","15448","Gustave Pillow ""Northern Masters""","","Gustave Pillow ""Northern Masters""","0","59","23","0"
"UAC6101NC0UA","15449","Gustave Pillow ""Under the Same Sky""","","Gustave Pillow ""Under the Same Sky""","1","59","23","0"
"UAC6101NC0CA","15450","Gustave Pillow ""The Forest Temple""","","Gustave Pillow ""The Forest Temple""","3","59","23","0"
"UAC6101NC05A","15451","Gustave Pillow ""Northern Keepers""","","Gustave Pillow ""Northern Keepers""","5","59","23","0"
"UAC6101NC0AA","15452","Gustave Pillow ""Journey to the Spirit World""","","Gustave Pillow ""Journey to the Spirit World""","1","59","23","0"
"UAC6101NC0WA","15453","Gustave Pillow ""Earth Keeper""","","Gustave Pillow ""Earth Keeper""","2","59","23","0"
"WLS1801NC0IA","15454","Patti Tunic II ""Wisdom Keepers"" Plus Size","11628","Size - 1X","0","129","60.5","0"
"WLS1801NC0IA","15454","Patti Tunic II ""Wisdom Keepers"" Plus Size","11629","Size - 2X","0","129","60.5","0"
"WLS1801NC0IA","15454","Patti Tunic II ""Wisdom Keepers"" Plus Size","11630","Size - 3X","1","129","60.5","0"
"WSS0701NC0DA","15455","Yoko Cape Tunic ""Early Evening Flowing into Fall""","11636","Size - XS","1","139","65","0"
"WSS0701NC0DA","15455","Yoko Cape Tunic ""Early Evening Flowing into Fall""","11637","Size - S","1","139","65","0"
"WSS0701NC0DA","15455","Yoko Cape Tunic ""Early Evening Flowing into Fall""","11638","Size - M","0","139","65","0"
"WSS0701NC0DA","15455","Yoko Cape Tunic ""Early Evening Flowing into Fall""","11639","Size - L","0","139","65","0"
"WSS0701NC0DA","15455","Yoko Cape Tunic ""Early Evening Flowing into Fall""","11640","Size - XL","0","139","65","0"
"134MEP1E","15482","Men Leather Moccasins","11650","Shoe Size - 6","0","179","94","0"
"134MEP1E","15482","Men Leather Moccasins","11651","Shoe Size - 7","0","179","94","0"
"134MEP1E","15482","Men Leather Moccasins","11652","Shoe Size - 8","0","179","94","0"
"134MEP1E","15482","Men Leather Moccasins","11653","Shoe Size - 9","0","179","94","0"
"134MEP1E","15482","Men Leather Moccasins","11654","Shoe Size - 10","0","179","94","0"
"134MEP1E","15482","Men Leather Moccasins","11655","Shoe Size - 11","0","179","94","0"
"134MEP1E","15482","Men Leather Moccasins","11656","Shoe Size - 12","0","179","94","0"
"134MEP1E","15482","Men Leather Moccasins","11657","Shoe Size - 13","0","179","94","0"
"POD2582magnets","15484","Wisdom Keepers","","Wisdom Keepers","6","6.5","2.75","0"
"POD2579magnets","15485","River Keeper","","River Keeper","18","6.5","2.75","0"
"POD2574magnets","15486","Silent Seekers","","Silent Seekers","6","6.5","2.75","0"
"POD2569magnets","15487","Passage","","Passage","7","6.5","2.75","0"
"POD2566magnets","15488","Northern Keepers","","Northern Keepers","6","6.5","2.75","0"
"POD2556magnets","15489","Going Home","","Going Home","4","6.5","2.75","0"
"POD2554magnets","15490","Gezaluwejit","","Gezaluwejit","24","6.5","2.75","0"
"POD2550magnets","15491","Depth","","Depth","7","6.5","2.75","0"
"POD2555magnets","15492","Giving Thanks","","Giving Thanks","8","6.5","2.75","0"
"POD2558magnets","15493","Honoring the Giver of Life","","Honoring the Giver of Life","8","6.5","2.75","0"
"9013-0020-13-1950980BL","15499","Ladies Mukluks","11661","Shoe Size - 6","0","192","83.29000000000001","0"
"9013-0020-13-1950980BL","15499","Ladies Mukluks","11662","Shoe Size - 7","0","192","83.29000000000001","0"
"9013-0020-13-1950980BL","15499","Ladies Mukluks","11663","Shoe Size - 8","0","192","83.29000000000001","0"
"9013-0020-13-1950980BL","15499","Ladies Mukluks","11664","Shoe Size - 9","0","192","83.29000000000001","0"
"9013-0020-13-1950980BL","15499","Ladies Mukluks","11665","Shoe Size - 10","1","192","83.29000000000001","0"
"9013-0020-13-1950980BL","15499","Ladies Mukluks","11666","Shoe Size - 11","0","192","83.29000000000001","0"
"9013-0020-13-1950980BL","15499","Ladies Mukluks","11667","Shoe Size - 12","0","192","83.29000000000001","0"
"DC830","15523","Dream Catcher ""Energy""","","Dream Catcher ""Energy""","1","110.95","48","0"
"DC849","15543","Dream Catcher ""Energy""","","Dream Catcher ""Energy""","2","47.95","21","0"
"Fab-5a","15544","5A Bracelet 1 Strand","11675","Size - XS","3","6","2.5","0"
"Fab-5a","15544","5A Bracelet 1 Strand","11676","Size - S","4","6","2.5","0"
"Fab-5a","15544","5A Bracelet 1 Strand","11677","Size - M","10","8","2.5","0"
"Fab-5a","15544","5A Bracelet 1 Strand","11678","Size - L","1","10","2.5","0"
"Fab-5a","15544","5A Bracelet 1 Strand","11679","Size - XL","0","10","2.5","0"
"Fab-5b","15545","5B Bracelet 3 Strands","","5B Bracelet 3 Strands","0","18","7.5","0"
"Fab-5c","15547","5C Bracelet 4 Strands","","5C Bracelet 4 Strands","0","24","9","0"
"MM13","15549","Key Chain - Dream Catcher","11690","Colors - Black","4","8.949999999999999","4","0"
"MM13","15549","Key Chain - Dream Catcher","11691","Colors - Purple","4","8.949999999999999","4","0"
"MM13","15549","Key Chain - Dream Catcher","11692","Colors - Royal Blue","3","8.949999999999999","4","0"
"MM13","15549","Key Chain - Dream Catcher","11693","Colors - Red","5","8.949999999999999","4","0"
"MM13","15549","Key Chain - Dream Catcher","11694","Colors - Tan","6","8.949999999999999","4","0"
"MM13","15549","Key Chain - Dream Catcher","11695","Colors - Turquoise","4","8.949999999999999","4","0"
"S1","15561","Seal Keychain","","Seal Keychain","3","13.95","6.5","0"
"CEL-05","15562","Seal Cardholder","","Seal Cardholder","6","29","13.5","0"
"PML","15572","Seal Skin Coin Purse","11698","Colors - Black","3","54.95","25.5","25.25"
"PML","15572","Seal Skin Coin Purse","11699","Colors - Natural","1","54.95","25.5","25.75"
"ES100","15605","Room Sprays","11708","Wellness - Cedar","3","29.95","12.99","0"
"ES100","15605","Room Sprays","11709","Wellness - Sage","2","29.95","12.99","0"
"ES100","15605","Room Sprays","11710","Wellness - Sweetgrass","2","29.95","12.99","0"
"ES100","15605","Room Sprays","11711","Wellness - Sandalwood","3","29.95","12.99","0"
"ES100","15605","Room Sprays","11712","Wellness - Vanilla Sweetgrass","3","29.95","12.99","0"
"ES100","15605","Room Sprays","11713","Wellness - Lavender Wildflowers","3","29.95","12.99","0"
"ES100","15605","Room Sprays","11714","Wellness - Sandalwood Cedar","3","29.95","12.99","0"
"ES100","15605","Room Sprays","11715","Wellness - Honeysuckle Rose","3","29.95","12.99","0"
"ES100","15605","Room Sprays","11716","Wellness - Power Blend","3","29.95","12.99","0"
"WDR5801NC1BA","15609","Lena Dress ""Geese Spirit""","11717","Size - XS","0","179","74","0"
"WDR5801NC1BA","15609","Lena Dress ""Geese Spirit""","11718","Size - S","1","179","74","0"
"WDR5801NC1BA","15609","Lena Dress ""Geese Spirit""","11719","Size - M","0","179","74","0"
"WDR5801NC1BA","15609","Lena Dress ""Geese Spirit""","11720","Size - L","1","179","74","0"
"WDR5801NC1BA","15609","Lena Dress ""Geese Spirit""","11721","Size - XL","1","179","74","0"
"WDR5801NC1KA","15611","Lena Dress ""All My Relations""","11722","Size - XS","1","179","74","0"
"WDR5801NC1KA","15611","Lena Dress ""All My Relations""","11723","Size - S","1","179","74","0"
"WDR5801NC1KA","15611","Lena Dress ""All My Relations""","11724","Size - M","0","179","74","0"
"WDR5801NC1KA","15611","Lena Dress ""All My Relations""","11725","Size - L","1","179","74","0"
"WDR5801NC1KA","15611","Lena Dress ""All My Relations""","11726","Size - XL","0","179","74","0"
"WDR5801NC1JA","15612","Lena Dress ""Carried Away Under the Blue Moon""","11727","Size - XS","1","179","74","0"
"WDR5801NC1JA","15612","Lena Dress ""Carried Away Under the Blue Moon""","11728","Size - S","1","179","74","0"
"WDR5801NC1JA","15612","Lena Dress ""Carried Away Under the Blue Moon""","11729","Size - M","0","179","74","0"
"WDR5801NC1JA","15612","Lena Dress ""Carried Away Under the Blue Moon""","11730","Size - L","0","179","74","0"
"WDR5801NC1JA","15612","Lena Dress ""Carried Away Under the Blue Moon""","11731","Size - XL","1","179","74","0"
"WDR5801NC08A","15613","Lena Dress ""Giving Thanks""","11732","Size - XS","1","179","74","0"
"WDR5801NC08A","15613","Lena Dress ""Giving Thanks""","11733","Size - S","1","179","74","0"
"WDR5801NC08A","15613","Lena Dress ""Giving Thanks""","11734","Size - M","1","179","74","0"
"WDR5801NC08A","15613","Lena Dress ""Giving Thanks""","11735","Size - L","1","179","74","0"
"WDR5801NC08A","15613","Lena Dress ""Giving Thanks""","11736","Size - XL","1","179","74","0"
"WDR5801NC17A","15614","Lena Dress ""Inner Memories""","11737","Size - XS","1","179","74","0"
"WDR5801NC17A","15614","Lena Dress ""Inner Memories""","11738","Size - S","1","179","74","0"
"WDR5801NC17A","15614","Lena Dress ""Inner Memories""","11739","Size - M","0","179","74","0"
"WDR5801NC17A","15614","Lena Dress ""Inner Memories""","11740","Size - L","0","179","74","0"
"WDR5801NC17A","15614","Lena Dress ""Inner Memories""","11741","Size - XL","1","179","74","0"
"WDR5801NC04A","15615","Lena Dress ""Silent Seekers""","11742","Size - XS","1","179","74","0"
"WDR5801NC04A","15615","Lena Dress ""Silent Seekers""","11743","Size - S","1","179","74","0"
"WDR5801NC04A","15615","Lena Dress ""Silent Seekers""","11744","Size - M","1","179","74","0"
"WDR5801NC04A","15615","Lena Dress ""Silent Seekers""","11745","Size - L","1","179","74","0"
"WDR5801NC04A","15615","Lena Dress ""Silent Seekers""","11746","Size - XL","1","179","74","0"
"WDR5801NC11A","15616","Lena Dress ""Water and Spirit Buffalo at Sunset""","11747","Size - XS","0","179","74","0"
"WDR5801NC11A","15616","Lena Dress ""Water and Spirit Buffalo at Sunset""","11748","Size - S","0","179","74","0"
"WDR5801NC11A","15616","Lena Dress ""Water and Spirit Buffalo at Sunset""","11749","Size - M","1","179","74","0"
"WDR5801NC11A","15616","Lena Dress ""Water and Spirit Buffalo at Sunset""","11750","Size - L","0","179","74","0"
"WDR5801NC11A","15616","Lena Dress ""Water and Spirit Buffalo at Sunset""","11751","Size - XL","1","179","74","0"
"WDR5801NC09A","15617","Lena Dress ""Water and Spirit Buffalo""","11752","Size - XS","1","179","74","0"
"WDR5801NC09A","15617","Lena Dress ""Water and Spirit Buffalo""","11753","Size - S","1","179","74","0"
"WDR5801NC09A","15617","Lena Dress ""Water and Spirit Buffalo""","11754","Size - M","2","179","74","0"
"WDR5801NC09A","15617","Lena Dress ""Water and Spirit Buffalo""","11755","Size - L","0","179","74","0"
"WDR5801NC09A","15617","Lena Dress ""Water and Spirit Buffalo""","11756","Size - XL","1","179","74","0"
"WDR5801NC1DA","15618","Lena Dress ""In Her World""","11757","Size - XS","0","179","74","0"
"WDR5801NC1DA","15618","Lena Dress ""In Her World""","11758","Size - S","0","179","74","0"
"WDR5801NC1DA","15618","Lena Dress ""In Her World""","11759","Size - M","1","179","74","0"
"WDR5801NC1DA","15618","Lena Dress ""In Her World""","11760","Size - L","0","179","74","0"
"WDR5801NC1DA","15618","Lena Dress ""In Her World""","11761","Size - XL","0","179","74","0"
"WDR5701NC1JA","15619","Anais Dress ""Carried Away Under The Blue Moon""","11762","Size - XS","1","119","47","0"
"WDR5701NC1JA","15619","Anais Dress ""Carried Away Under The Blue Moon""","11763","Size - S","1","119","47","0"
"WDR5701NC1JA","15619","Anais Dress ""Carried Away Under The Blue Moon""","11764","Size - M","1","119","47","0"
"WDR5701NC1JA","15619","Anais Dress ""Carried Away Under The Blue Moon""","11765","Size - L","1","119","47","0"
"WDR5701NC1JA","15619","Anais Dress ""Carried Away Under The Blue Moon""","11766","Size - XL","1","119","47","0"
"WDR5701NC1BA","15621","Anais Dress ""Geese Spirit""","11772","Size - XS","2","119","47","0"
"WDR5701NC1BA","15621","Anais Dress ""Geese Spirit""","11773","Size - S","2","119","47","0"
"WDR5701NC1BA","15621","Anais Dress ""Geese Spirit""","11774","Size - M","1","119","47","0"
"WDR5701NC1BA","15621","Anais Dress ""Geese Spirit""","11775","Size - L","1","119","47","0"
"WDR5701NC1BA","15621","Anais Dress ""Geese Spirit""","11776","Size - XL","1","119","47","0"
"DC811","15633","Dream Catcher ""Ombre""","","Dream Catcher ""Ombre""","2","67.95","29.25","0"
"DC812","15634","Dream Catcher ""Ombre""","","Dream Catcher ""Ombre""","2","67.95","29.25","0"
"DCV45","15640","Dream Catcher ""Energy""","","Dream Catcher ""Energy""","1","66.95","29.1","0"
"PMSS100","15644","Steorra Birthstone Collection","11777","Jewelry - January","0","42.95","18.5","0"
"PMSS100","15644","Steorra Birthstone Collection","11778","Jewelry - February","3","42.95","18.5","0"
"PMSS100","15644","Steorra Birthstone Collection","11779","Jewelry - March","0","42.95","18.5","0"
"PMSS100","15644","Steorra Birthstone Collection","11780","Jewelry - April","0","42.95","18.5","0"
"PMSS100","15644","Steorra Birthstone Collection","11781","Jewelry - May","0","42.95","18.5","0"
"PMSS100","15644","Steorra Birthstone Collection","11782","Jewelry - June","4","42.95","18.5","0"
"PMSS100","15644","Steorra Birthstone Collection","11783","Jewelry - July","0","42.95","18.5","0"
"PMSS100","15644","Steorra Birthstone Collection","11784","Jewelry - August","0","42.95","18.5","0"
"PMSS100","15644","Steorra Birthstone Collection","11785","Jewelry - September","0","42.95","18.5","0"
"PMSS100","15644","Steorra Birthstone Collection","11786","Jewelry - October","0","42.95","18.5","0"
"PMSS100","15644","Steorra Birthstone Collection","11787","Jewelry - November","0","42.95","18.5","0"
"PMSS100","15644","Steorra Birthstone Collection","11788","Jewelry - December","1","42.95","18.5","0"
"PMSS100-P","15645","Steorra Birthstone Collection","11789","Jewelry - January","0","42.95","18.5","0"
"PMSS100-P","15645","Steorra Birthstone Collection","11790","Jewelry - February","0","42.95","18.5","0"
"PMSS100-P","15645","Steorra Birthstone Collection","11791","Jewelry - March","0","42.95","18.5","0"
"PMSS100-P","15645","Steorra Birthstone Collection","11792","Jewelry - April","0","42.95","18.5","0"
"PMSS100-P","15645","Steorra Birthstone Collection","11793","Jewelry - May","3","42.95","18.5","0"
"PMSS100-P","15645","Steorra Birthstone Collection","11794","Jewelry - June","0","42.95","18.5","0"
"PMSS100-P","15645","Steorra Birthstone Collection","11795","Jewelry - July","0","42.95","18.5","0"
"PMSS100-P","15645","Steorra Birthstone Collection","11796","Jewelry - August","0","42.95","18.5","0"
"PMSS100-P","15645","Steorra Birthstone Collection","11797","Jewelry - September","0","42.95","18.5","0"
"PMSS100-P","15645","Steorra Birthstone Collection","11798","Jewelry - October","0","42.95","18.5","0"
"PMSS100-P","15645","Steorra Birthstone Collection","11799","Jewelry - November","0","42.95","18.5","0"
"PMSS100-P","15645","Steorra Birthstone Collection","11800","Jewelry - December","0","42.95","18.5","0"
"SF32","15646","Smudging Feather","","Smudging Feather","2","8.949999999999999","3.5","0"
"DC802","15649","Dream Catcher ""Ombre""","","Dream Catcher ""Ombre""","2","29.95","12.75","0"
"Fab-19A","15662","19A Ceramic Mobile","11823","Style - Turtle","2","18","6","0"
"Fab-19A","15662","19A Ceramic Mobile","11824","Style - Heart","1","18","6","0"
"Fab-19A","15662","19A Ceramic Mobile","11825","Style - Bird","1","18","6","0"
"Fab-19B","15663","19B Ceramic Mobile - Bird","","19B Ceramic Mobile - Bird","7","36","12.5","0"
"Fab-19C","15664","19C Ceramic Mobile - Small Fish","","19C Ceramic Mobile - Small Fish","0","15","5","0"
"Fab-19D","15665","19D Ceramic Mobile - Multiple Small Fish","","19D Ceramic Mobile - Multiple Small Fish","6","30","11","0"
"Fab-19E","15666","19E Ceramic Mobile - Sectional Small Fish","","19E Ceramic Mobile - Sectional Small Fish","1","35","12","0"
"Fab-19F","15667","19F Ceramic Mobile - Sectional Medium Fish","","19F Ceramic Mobile - Sectional Medium Fish","0","45","18","0"
"Fab-19G","15668","19G Ceramic Mobile - Sectional Big Fish","","19G Ceramic Mobile - Sectional Big Fish","0","55","22","0"
"Fab-2A","15669","2A Animal Totem Month","","2A Animal Totem Month","93","5.5","1","0"
"Fab-12A","15670","12A Bowl Multiusage Mini","","12A Bowl Multiusage Mini","0","15","5","0"
"Fab-12B","15671","12B Bowl Multiusage Medium","","12B Bowl Multiusage Medium","0","28","10","0"
"Fab-12C","15672","12C Bowl Multiusage Medium Pillar","","12C Bowl Multiusage Medium Pillar","0","28","12","0"
"15A","15673","15A Mural Small","","15A Mural Small","5","35","10","0"
"15B","15674","15B Mural Big","","15B Mural Big","33","45","15","0"
"15C","15675","15C Mural Dream Catcher","","15C Mural Dream Catcher","6","55","20","0"
"16A","15676","16A Wooden Dream Catcher","","16A Wooden Dream Catcher","8","15","5","0"
"16B","15677","16B Mural Dream Catcher Goose","","16B Mural Dream Catcher Goose","3","36","12.5","0"
"16C","15678","16C Mural Dream Catcher Turtle","","16C Mural Dream Catcher Turtle","2","38","15","0"
"16D","15679","16D Mural Dream Catcher Wolf","","16D Mural Dream Catcher Wolf","0","38","15","0"
"16E","15680","16E Mural Dream Catcher Eagle","","16E Mural Dream Catcher Eagle","3","38","15","0"
"16F","15681","16F Mural Dream Catcher Owl","","16F Mural Dream Catcher Owl","0","38","15","0"
"W17062-WDR3501NC0GB","15688","Amanda Dress ""Horizon""","11818","Size - XS","0","119","0","0"
"W17062-WDR3501NC0GB","15688","Amanda Dress ""Horizon""","11819","Size - S","0","119","0","0"
"W17062-WDR3501NC0GB","15688","Amanda Dress ""Horizon""","11820","Size - M","0","119","0","0"
"W17062-WDR3501NC0GB","15688","Amanda Dress ""Horizon""","11821","Size - L","0","119","0","0"
"W17062-WDR3501NC0GB","15688","Amanda Dress ""Horizon""","11822","Size - XL","0","119","0","0"
"DCC20-P","15708","DCC20 Pendant","","DCC20 Pendant","5","26.95","9","0"
"DC16-P","15723","DC16 Pendant","","DC16 Pendant","2","15.95","6.75","0"
"DC16","15724","DC16 Earrings","","DC16 Earrings","0","24.95","10.5","0"
"DC14","15725","DC14 Earrings","","DC14 Earrings","2","24.95","10.5","0"
"DCC21","15727","DCC21 Earrings","","DCC21 Earrings","4","24.95","10.5","0"
"BB7-P","15730","BB7 Pendant ""Birch Bark""","","BB7 Pendant ""Birch Bark""","4","15.95","7.05","0"
"DCC21-P","15731","DCC21 Pendant","","DCC21 Pendant","6","15.95","6.75","0"
"BB7","15732","BB7 Earrings ""Birch Bark""","","BB7 Earrings ""Birch Bark""","2","23.95","10","0"
"DC4-P","15764","DC4 Pendant","","DC4 Pendant","4","10.95","4.5","0"
"SKIRTS","15774","Ribbon Skirts","","Ribbon Skirts","4","120","60","0"
"MF2","15775","MF2 Ornemental Feather","","MF2 Ornemental Feather","18","5.95","2.35","0"
"DC18","15789","DC18 Earrings","","DC18 Earrings","3","22.95","9.75","0"
"INC-H1","15839","INC-H1 Incense Burner","","INC-H1 Incense Burner","4","5.25","2.2","0"
"DC856","15844","DC856 Dream Catcher","11850","Colors - Tan","0","105.95","0","46"
"DC856","15844","DC856 Dream Catcher","11851","Colors - Saddle","1","105.95","0","46"
"DC854","15847","DC854 Dream Catcher","","DC854 Dream Catcher","1","138.95","58","0"
"WR9","15853","WR9 Lapis Lazuli Bracelet","","WR9 Lapis Lazuli Bracelet","1","13.95","5.75","0"
"MF21","15859","Smudging Feather (Small)","","Smudging Feather (Small)","3","6.95","2.72","0"
"SAMU","15862","Natural Soap - Lily of the Valley","","Natural Soap - Lily of the Valley","7","12","7.2","0"
"EPSALTS","15863","Epsom Salts","11860","Wellness - Wild Rose","1","30","18","0"
"EPSALTS","15863","Epsom Salts","11861","Wellness - 4 Herbs","2","30","18","0"
"EPSALTS","15863","Epsom Salts","11862","Wellness - Lilac","1","30","18","0"
"EPSALTS","15863","Epsom Salts","11863","Wellness - Wintergreen - Plantain","2","30","18","0"
"CALENDAR1302025","15869","Nathalie Coutou 2025 Calendar","","Nathalie Coutou 2025 Calendar","15","22","9.5","0"
"D","15884","1 Beaver Tooth (black round lace)","","1 Beaver Tooth (black round lace)","8","30","13","0"
"E","15885","3 Fox Claws","","3 Fox Claws","8","30","13","0"
"G","15886","1 Lynx Claw (deer lace)","","1 Lynx Claw (deer lace)","11","30","13","0"
"I","15887","1 Lynx Claw (natural round lace)","","1 Lynx Claw (natural round lace)","4","34","14","0"
"J","15888","1 Wolf Tooth","","1 Wolf Tooth","4","60","26","0"
"K","15889","1 Wolf Claw","","1 Wolf Claw","6","56","24","0"
"L","15890","1 Small Wolf Tooth","","1 Small Wolf Tooth","6","30","13","0"
"M","15891","1 Small Bear Claw (black lace)","","1 Small Bear Claw (black lace)","5","40","17","0"
"N","15892","1 Bear Claw (bone and metal)","","1 Bear Claw (bone and metal)","5","52","22","0"
"O","15893","1 Bear Claw (deer lace)","","1 Bear Claw (deer lace)","5","46","20","0"
"U","15894","3 Bear Claws","","3 Bear Claws","9","65","28","0"
"X","15895","1 Coyote Tooth (black lace)","","1 Coyote Tooth (black lace)","6","40","17","0"
"Z","15896","1 Bear Tooth (round natural lace)","","1 Bear Tooth (round natural lace)","8","60","26","0"
"LY","15897","1 Lynx Tooth and 2 Claws","","1 Lynx Tooth and 2 Claws","8","40","17","0"
"KCHAINS","15899","Beaded Leather Keychain","","Beaded Leather Keychain","12","21","9","0"
"A","15900","1 Pekan Tooth and 2 Claws","","1 Pekan Tooth and 2 Claws","4","30","13","0"
"B","15901","3 Small Bear Teeth","","3 Small Bear Teeth","1","30","13","0"
"C","15902","3 Fox Teeth","","3 Fox Teeth","3","30","13","0"
"F","15903","1 Beaver Tooth (deer lace)","","1 Beaver Tooth (deer lace)","2","30","12.5","0"
"Q","15904","5 Bear Claws (deluxe)","","5 Bear Claws (deluxe)","4","115","50","0"
"V","15905","1 Bear Tooth and 2 Claws","","1 Bear Tooth and 2 Claws","3","65","28","0"
"W","15906","1 Coyote Tooth and 2 Claws (Hematite)","","1 Coyote Tooth and 2 Claws (Hematite)","8","49","21","0"
"Y","15907","1 Bear Tooth (deer lace)","","1 Bear Tooth (deer lace)","2","58","25","0"
"LM","15908","2 Small Wolf Claws and Pendant","","2 Small Wolf Claws and Pendant","5","60","26","0"
"KL","15909","1 Wolf Claw (deer lace)","","1 Wolf Claw (deer lace)","4","52","22","0"
"CO","15910","1 Coyote Tooth and 2 Claws","","1 Coyote Tooth and 2 Claws","10","40","17","0"
"5000-0008-13-1493IND","15914","Ladies Suede Moccasins","11864","Shoe Size - 6","2","96","41.5","0"
"5000-0008-13-1493IND","15914","Ladies Suede Moccasins","11865","Shoe Size - 7","2","96","41.5","0"
"5000-0008-13-1493IND","15914","Ladies Suede Moccasins","11866","Shoe Size - 11","0","96","41.5","0"
"5000-0008-13-1493IND","15914","Ladies Suede Moccasins","11867","Shoe Size - 4","0","96","41.5","0"
"5000-0008-13-1493IND","15914","Ladies Suede Moccasins","11868","Shoe Size - 5","0","96","41.5","0"
"5000-0008-13-1493IND","15914","Ladies Suede Moccasins","11869","Shoe Size - 8","1","96","41.5","0"
"5000-0008-13-1493IND","15914","Ladies Suede Moccasins","11870","Shoe Size - 9","2","96","41.5","0"
"5000-0008-13-1493IND","15914","Ladies Suede Moccasins","11871","Shoe Size - 10","0","96","41.5","0"
"5000-0008-13-1493IND","15914","Ladies Suede Moccasins","11872","Shoe Size - 12","0","96","41.5","0"
"5000-0008-13-1493FG","15915","Ladies Suede Moccasins","11873","Shoe Size - 6","1","96","41.5","0"
"5000-0008-13-1493FG","15915","Ladies Suede Moccasins","11874","Shoe Size - 7","0","96","41.5","0"
"5000-0008-13-1493FG","15915","Ladies Suede Moccasins","11875","Shoe Size - 11","0","96","41.5","0"
"5000-0008-13-1493FG","15915","Ladies Suede Moccasins","11876","Shoe Size - 4","0","96","41.5","0"
"5000-0008-13-1493FG","15915","Ladies Suede Moccasins","11877","Shoe Size - 5","0","96","41.5","0"
"5000-0008-13-1493FG","15915","Ladies Suede Moccasins","11878","Shoe Size - 8","1","96","41.5","0"
"5000-0008-13-1493FG","15915","Ladies Suede Moccasins","11879","Shoe Size - 9","1","96","41.5","0"
"5000-0008-13-1493FG","15915","Ladies Suede Moccasins","11880","Shoe Size - 10","0","96","41.5","0"
"5000-0008-13-1493FG","15915","Ladies Suede Moccasins","11881","Shoe Size - 12","0","96","41.5","0"
"3709-0000-13-2920227DKDKP","15916","Ladies Concho","11882","Shoe Size - 4","0","126","54.7","0"
"3709-0000-13-2920227DKDKP","15916","Ladies Concho","11883","Shoe Size - 5","0","126","54.7","0"
"3709-0000-13-2920227DKDKP","15916","Ladies Concho","11884","Shoe Size - 6","0","126","54.7","0"
"3709-0000-13-2920227DKDKP","15916","Ladies Concho","11885","Shoe Size - 8","1","126","54.7","0"
"3709-0000-13-2920227DKDKP","15916","Ladies Concho","11886","Shoe Size - 9","1","126","54.7","0"
"3709-0000-13-2920227DKDKP","15916","Ladies Concho","11887","Shoe Size - 10","0","126","54.7","0"
"3709-0000-13-2920227DKDKP","15916","Ladies Concho","11888","Shoe Size - 11","0","126","54.7","0"
"3709-0000-13-2920227DKDKP","15916","Ladies Concho","11889","Shoe Size - 12","0","126","54.7","0"
"3709-0000-13-2920227DKDKP","15916","Ladies Concho","11890","Shoe Size - 7","0","126","54.7","0"
"5100-0800-13-13107CK","15917","Leather Moccasins for Men","11891","Shoe Size - 7","0","132","57.1","0"
"5100-0800-13-13107CK","15917","Leather Moccasins for Men","11892","Shoe Size - 8","0","132","57.1","0"
"5100-0800-13-13107CK","15917","Leather Moccasins for Men","11893","Shoe Size - 9","1","132","57.1","0"
"5100-0800-13-13107CK","15917","Leather Moccasins for Men","11894","Shoe Size - 10","0","132","57.1","0"
"5100-0800-13-13107CK","15917","Leather Moccasins for Men","11895","Shoe Size - 11","1","132","57.1","0"
"5100-0800-13-13107CK","15917","Leather Moccasins for Men","11896","Shoe Size - 12","0","132","57.1","0"
"5100-0800-13-13107CK","15917","Leather Moccasins for Men","11897","Shoe Size - 13","0","132","57.1","0"
"5100-0800-13-13107CK","15917","Leather Moccasins for Men","11898","Shoe Size - 14","0","132","57.1","0"
"5100-0800-13-13107CK","15917","Leather Moccasins for Men","11899","Shoe Size - 15","0","132","57.1","0"
"5000-0870-12-511813CHOBR","15918","Leather Moccasins for Men","11900","Shoe Size - 9","1","152","65.40000000000001","62"
"5000-0870-12-511813CHOBR","15918","Leather Moccasins for Men","11901","Shoe Size - 10","1","152","65.40000000000001","62"
"5000-0870-12-511813CHOBR","15918","Leather Moccasins for Men","11902","Shoe Size - 12","1","152","65.40000000000001","62"
"5000-0870-12-511813CHOBR","15918","Leather Moccasins for Men","11903","Shoe Size - 6","0","152","65.40000000000001","62"
"5000-0870-12-511813CHOBR","15918","Leather Moccasins for Men","11904","Shoe Size - 7","0","152","65.40000000000001","62"
"5000-0870-12-511813CHOBR","15918","Leather Moccasins for Men","11905","Shoe Size - 8","0","152","65.40000000000001","62"
"5000-0870-12-511813CHOBR","15918","Leather Moccasins for Men","11906","Shoe Size - 11","0","152","65.40000000000001","62"
"5000-0870-12-511813CHOBR","15918","Leather Moccasins for Men","11907","Shoe Size - 13","0","152","65.40000000000001","62"
"5000-0870-12-511813CHOBR","15918","Leather Moccasins for Men","11908","Shoe Size - 14","0","152","65.40000000000001","62"
"5000-0870-12-511813CHOBR","15918","Leather Moccasins for Men","11909","Shoe Size - 15","0","152","65.40000000000001","62"
"BEADEAR","15965","Beaded Earrings","11912","Jewelry - Beaded 1","0","40","0","20"
"BEADEAR","15965","Beaded Earrings","11913","Jewelry - Beaded 2","0","40","0","20"
"BEADEAR","15965","Beaded Earrings","11914","Jewelry - Beaded 3","0","40","0","20"
"BEADEAR","15965","Beaded Earrings","11915","Jewelry - Beaded 4","1","40","0","20"
"BEADEAR","15965","Beaded Earrings","11916","Jewelry - Beaded 5","1","40","0","20"
"BEADEAR","15965","Beaded Earrings","11917","Jewelry - Beaded 6","1","50","0","25"
"BEADEAR","15965","Beaded Earrings","11918","Jewelry - Beaded 7","1","50","0","25"
"BEADEAR","15965","Beaded Earrings","11919","Jewelry - Beaded 8","0","60","0","30"
"BEADEAR","15965","Beaded Earrings","11920","Jewelry - Beaded 9","0","80","0","40"
"BEADEAR","15965","Beaded Earrings","11921","Jewelry - Beaded 10","0","80","0","40"
"BEADEAR","15965","Beaded Earrings","11922","Jewelry - Beaded 11","1","80","0","40"
"BEADEAR","15965","Beaded Earrings","11923","Jewelry - Beaded 12","1","80","0","40"
"BEADEAR","15965","Beaded Earrings","11924","Jewelry - Beaded 13","1","80","0","40"
"BEADEAR","15965","Beaded Earrings","11925","Jewelry - Beaded 14","1","80","0","40"
"BEADEAR","15965","Beaded Earrings","11926","Jewelry - Beaded 15","1","80","0","40"
"BEADEAR","15965","Beaded Earrings","11927","Jewelry - Beaded 16","1","100","0","50"
"3691","15971","Feather Pendant","","Feather Pendant","1","515","220","0"
"Loup","15985","Vase Totem Wolf","","Vase Totem Wolf","1","46","20","0"
"Protection","15986","Vase Protection","","Vase Protection","1","85","35","0"
"ROUNDW","15987","Vase Round Winter","","Vase Round Winter","1","85","35","0"
"ROUNDF","15988","Vase Round Fall","","Vase Round Fall","1","85","35","0"
"Fall","15989","Vase Fall","","Vase Fall","1","105","45","0"
"Tradition","15990","Vase Tradition","","Vase Tradition","1","175","75","0"
"Fall17.5","15991","Vase Fall 17.5","","Vase Fall 17.5","1","95","40","0"
"Winter17.5","15992","Vase Winter 17.5","","Vase Winter 17.5","1","95","40","0"
"82572","16009","Oxidized Wave Spin Ring","11940","Rings - 6","1","117","50.69","0"
"82572","16009","Oxidized Wave Spin Ring","11941","Rings - 7","1","117","50.69","0"
"82572","16009","Oxidized Wave Spin Ring","11942","Rings - 8","0","117","50.69","0"
"82572","16009","Oxidized Wave Spin Ring","11943","Rings - 9","1","117","50.69","0"
"82572","16009","Oxidized Wave Spin Ring","11944","Rings - 10","1","117","50.69","0"
"82572","16009","Oxidized Wave Spin Ring","11945","Rings - 11","0","117","50.69","0"
"82572","16009","Oxidized Wave Spin Ring","11946","Rings - 12","1","117","50.69","0"
"82572","16009","Oxidized Wave Spin Ring","11947","Rings - 13","1","117","50.69","0"
"82218","16010","Hammered Band","11948","Rings - 6","0","52","22.44","0"
"82218","16010","Hammered Band","11949","Rings - 7","0","52","22.44","0"
"82218","16010","Hammered Band","11950","Rings - 8","1","52","22.44","0"
"82218","16010","Hammered Band","11951","Rings - 9","2","52","22.44","0"
"82218","16010","Hammered Band","11952","Rings - 10","0","52","22.44","0"
"66230","16024","Opalite Studs earrings","","Opalite Studs earrings","0","25","8.33","0"
"6407","16028","Sterling Silver Earrings","","Sterling Silver Earrings","1","36","15.4","0"
"64304","16030","Turtle Earrings","","Turtle Earrings","0","90","38.23","0"
"62349","16032","Sterling Silver Earrings","","Sterling Silver Earrings","1","75","31.44","0"
"64409","16033","Starfish Studs","","Starfish Studs","0","14","5.11","0"
"66466","16034","Charoite Earrings","","Charoite Earrings","0","95","39.13","0"
"64848","16035","Sterling Silver Earrings","","Sterling Silver Earrings","0","45","18.6","0"
"65009","16036","Sterling Silver Earrings","","Sterling Silver Earrings","0","84","35.29","0"
"65159","16037","Owl Studs","","Owl Studs","1","15","6.4","0"
"65204","16038","Owl Studs","","Owl Studs","1","32","12.37","0"
"65267","16039","Sterling Silver Earrings","","Sterling Silver Earrings","0","75","31.43","0"
"65292","16040","Sterling Silver Earrings","","Sterling Silver Earrings","0","68","28.88","0"
"65408","16041","Sterling Silver Earrings","","Sterling Silver Earrings","0","18","7.7","0"
"65633","16042","Sterling Silver Earrings","","Sterling Silver Earrings","1","60","25","0"
"65654","16043","Sterling Silver Earrings","","Sterling Silver Earrings","1","24","9.6","0"
"65785","16044","Sterling Silver Earrings","","Sterling Silver Earrings","1","24","9.6","0"
"66029","16045","Sterling Silver Earrings","","Sterling Silver Earrings","1","82","25.3","0"
"66306","16046","Sterling Silver Earrings","","Sterling Silver Earrings","0","75","31.44","0"
"66317","16047","Sterling Silver Earrings","","Sterling Silver Earrings","0","32","13.5","0"
"66322","16048","Sterling Silver Earrings","","Sterling Silver Earrings","0","27","11.55","0"
"66384","16050","Sterling Silver Earrings","","Sterling Silver Earrings","0","27","11.55","0"
"66706","16051","Sterling Silver Earrings","","Sterling Silver Earrings","1","24","9.619999999999999","0"
"66707","16052","Sterling Silver Earrings","","Sterling Silver Earrings","1","28","11.55","0"
"66709","16054","Sterling Silver Earrings","","Sterling Silver Earrings","0","28","11.55","0"
"66711","16055","Sterling Silver Earrings","","Sterling Silver Earrings","2","30","12.8","0"
"66712","16056","Sterling Silver Earrings","","Sterling Silver Earrings","1","30","12.8","0"
"66734","16057","Sterling Silver Earrings","","Sterling Silver Earrings","1","60","25","0"
"66772","16058","Sterling Silver Earrings","","Sterling Silver Earrings","0","30","12.8","0"
"66908","16059","Sterling Silver Earrings","","Sterling Silver Earrings","1","30","12.8","0"
"66909","16060","Sterling Silver Earrings","","Sterling Silver Earrings","0","30","12.8","0"
"66910","16061","Sterling Silver Earrings","","Sterling Silver Earrings","0","30","12.8","0"
"65569","16062","Sterling Silver Earrings","","Sterling Silver Earrings","0","60","25","0"
"66704","16063","Sterling Silver Earrings","","Sterling Silver Earrings","0","155","66.37","0"
"66705","16064","Sterling Silver Earrings","","Sterling Silver Earrings","2","115","48.69","0"
"82409","16065","Rainbow Moonstone Ring","11961","Rings - 5","0","96","41.7","0"
"82409","16065","Rainbow Moonstone Ring","11962","Rings - 6","0","96","41.7","0"
"82409","16065","Rainbow Moonstone Ring","11963","Rings - 7","1","96","41.7","0"
"82409","16065","Rainbow Moonstone Ring","11964","Rings - 8","0","96","41.7","0"
"82409","16065","Rainbow Moonstone Ring","11965","Rings - 9","0","96","41.7","0"
"82409","16065","Rainbow Moonstone Ring","11966","Rings - 10","1","96","41.7","0"
"82409","16065","Rainbow Moonstone Ring","11967","Rings - 11","1","96","41.7","0"
"82668","16066","Turquoise Flower Ring","11968","Rings - 5","0","58","25","0"
"82668","16066","Turquoise Flower Ring","11969","Rings - 6","0","58","25","0"
"82668","16066","Turquoise Flower Ring","11970","Rings - 7","1","58","25","0"
"82668","16066","Turquoise Flower Ring","11971","Rings - 8","0","58","25","0"
"82668","16066","Turquoise Flower Ring","11972","Rings - 9","0","58","25","0"
"83147","16067","Freshwater Pearl and Turquoise Ring","11976","Rings - 6","0","0","0","0"
"83147","16067","Freshwater Pearl and Turquoise Ring","11977","Rings - 7","0","0","0","0"
"83147","16067","Freshwater Pearl and Turquoise Ring","11978","Rings - 8","0","0","0","0"
"83147","16067","Freshwater Pearl and Turquoise Ring","11979","Rings - 9","0","0","0","0"
"83156","16068","Turquoise Floral Ring","11982","Rings - 6","0","82","35.3","0"
"83156","16068","Turquoise Floral Ring","11983","Rings - 7","0","82","35.3","0"
"83156","16068","Turquoise Floral Ring","11984","Rings - 8","1","82","35.3","0"
"83156","16068","Turquoise Floral Ring","11985","Rings - 9","0","82","35.3","0"
"83156","16068","Turquoise Floral Ring","11986","Rings - 10","0","82","35.3","0"
"83215","16069","Faceted Moonstone Ring","11987","Rings - 6","0","34","14.11","0"
"83215","16069","Faceted Moonstone Ring","11988","Rings - 7","0","34","14.11","0"
"83215","16069","Faceted Moonstone Ring","11989","Rings - 8","0","34","14.11","0"
"83215","16069","Faceted Moonstone Ring","11990","Rings - 9","0","34","14.11","0"
"83215","16069","Faceted Moonstone Ring","11991","Rings - 10","0","34","14.11","0"
"83254","16070","Round Synthetic Opal Ring","11992","Rings - 6","0","40","17.3","0"
"83254","16070","Round Synthetic Opal Ring","11993","Rings - 7","0","40","17.3","0"
"83254","16070","Round Synthetic Opal Ring","11994","Rings - 8","0","40","17.3","0"
"83254","16070","Round Synthetic Opal Ring","11995","Rings - 9","0","40","17.3","0"
"83254","16070","Round Synthetic Opal Ring","11996","Rings - 10","0","40","17.3","0"
"83263","16071","Oxidized Curb Chain Ring","11997","Rings - 6","0","45","18.6","0"
"83263","16071","Oxidized Curb Chain Ring","11998","Rings - 7","0","45","18.6","0"
"83263","16071","Oxidized Curb Chain Ring","11999","Rings - 8","0","45","18.6","0"
"83263","16071","Oxidized Curb Chain Ring","12000","Rings - 9","1","45","18.6","0"
"83263","16071","Oxidized Curb Chain Ring","12001","Rings - 10","1","45","18.6","0"
"83263","16071","Oxidized Curb Chain Ring","12212","Rings - 11","1","45","18.6","0"
"83263","16071","Oxidized Curb Chain Ring","12213","Rings - 12","1","45","18.6","0"
"83271","16072","Turquoise and Coral Sunburst Ring","12002","Rings - 5","0","0","0","0"
"83271","16072","Turquoise and Coral Sunburst Ring","12003","Rings - 6","0","0","0","0"
"83271","16072","Turquoise and Coral Sunburst Ring","12004","Rings - 7","0","0","0","0"
"83271","16072","Turquoise and Coral Sunburst Ring","12005","Rings - 8","0","0","0","0"
"83271","16072","Turquoise and Coral Sunburst Ring","12006","Rings - 9","0","0","0","0"
"82315","16073","Hammered Band","12007","Rings - 6","0","74","31.44","0"
"82315","16073","Hammered Band","12008","Rings - 7","0","74","31.44","0"
"82315","16073","Hammered Band","12009","Rings - 8","0","74","31.44","0"
"82315","16073","Hammered Band","12010","Rings - 9","1","74","31.44","0"
"82315","16073","Hammered Band","12011","Rings - 10","1","74","31.44","0"
"82315","16073","Hammered Band","12012","Rings - 11","1","74","31.44","0"
"82315","16073","Hammered Band","12013","Rings - 12","1","74","31.44","0"
"82315","16073","Hammered Band","12014","Rings - 13","2","74","31.44","0"
"83307","16074","Multi-shape Larimar Ring","12015","Rings - 5","0","145","63.54","0"
"83307","16074","Multi-shape Larimar Ring","12016","Rings - 6","0","145","63.54","0"
"83307","16074","Multi-shape Larimar Ring","12017","Rings - 7","0","145","63.54","0"
"83307","16074","Multi-shape Larimar Ring","12018","Rings - 8","1","145","63.54","0"
"83307","16074","Multi-shape Larimar Ring","12019","Rings - 9","0","145","63.54","0"
"83310","16075","Turquoise Ring","12020","Rings - 6","0","210","91.09999999999999","0"
"83310","16075","Turquoise Ring","12021","Rings - 7","1","210","91.09999999999999","0"
"83310","16075","Turquoise Ring","12022","Rings - 8","0","210","91.09999999999999","0"
"83310","16075","Turquoise Ring","12023","Rings - 9","0","210","91.09999999999999","0"
"83310","16075","Turquoise Ring","12024","Rings - 10","0","210","91.09999999999999","0"
"83331","16076","Beaded Ring","12025","Rings - 6","0","30","12.18","0"
"83331","16076","Beaded Ring","12026","Rings - 7","0","30","12.18","0"
"83331","16076","Beaded Ring","12027","Rings - 8","0","30","12.18","0"
"83331","16076","Beaded Ring","12028","Rings - 9","0","30","12.18","0"
"83331","16076","Beaded Ring","12029","Rings - 10","0","30","12.18","0"
"83335","16077","Hammered Band","12030","Rings - 6","0","22","9.619999999999999","0"
"83335","16077","Hammered Band","12031","Rings - 7","1","22","9.619999999999999","0"
"83335","16077","Hammered Band","12032","Rings - 8","1","22","9.619999999999999","0"
"83335","16077","Hammered Band","12033","Rings - 9","1","22","9.619999999999999","0"
"83335","16077","Hammered Band","12034","Rings - 10","1","22","9.619999999999999","0"
"83335","16077","Hammered Band","12035","Rings - 11","0","22","9.619999999999999","0"
"83335","16077","Hammered Band","12036","Rings - 12","0","22","9.619999999999999","0"
"83335","16077","Hammered Band","12037","Rings - 13","0","22","9.619999999999999","0"
"83335","16077","Hammered Band","12293","Rings - 5","1","22","9.619999999999999","0"
"83493","16078","Oxidized Rainbow Moonstone Ring","12115","Rings - 6","0","52","22.44","0"
"83493","16078","Oxidized Rainbow Moonstone Ring","12116","Rings - 7","0","52","22.44","0"
"83493","16078","Oxidized Rainbow Moonstone Ring","12117","Rings - 8","0","52","22.44","0"
"83493","16078","Oxidized Rainbow Moonstone Ring","12118","Rings - 9","0","52","22.44","0"
"83493","16078","Oxidized Rainbow Moonstone Ring","12119","Rings - 10","0","52","22.44","0"
"83535","16079","Oxidized Owl Ring","12294","Rings - 5","1","30","12.18","0"
"83535","16079","Oxidized Owl Ring","12295","Rings - 6","0","30","12.18","0"
"83535","16079","Oxidized Owl Ring","12296","Rings - 7","1","30","12.18","0"
"83535","16079","Oxidized Owl Ring","12297","Rings - 8","0","30","12.18","0"
"83535","16079","Oxidized Owl Ring","12298","Rings - 9","0","30","12.18","0"
"83535","16079","Oxidized Owl Ring","12299","Rings - 10","0","30","12.18","0"
"83535","16079","Oxidized Owl Ring","12300","Rings - 11","0","30","12.18","0"
"83535","16079","Oxidized Owl Ring","12301","Rings - 12","0","30","12.18","0"
"83538","16080","Hammered ""V"" Ring","12120","Rings - 6","0","40","17.32","0"
"83538","16080","Hammered ""V"" Ring","12121","Rings - 7","0","40","17.32","0"
"83538","16080","Hammered ""V"" Ring","12122","Rings - 8","0","40","17.32","0"
"83538","16080","Hammered ""V"" Ring","12123","Rings - 9","0","40","17.32","0"
"83538","16080","Hammered ""V"" Ring","12124","Rings - 10","0","40","17.32","0"
"83692","16081","Oxidized Feather Wrap Ring","12125","Rings - 5","0","40","17.32","0"
"83692","16081","Oxidized Feather Wrap Ring","12126","Rings - 6","1","40","17.32","0"
"83692","16081","Oxidized Feather Wrap Ring","12127","Rings - 7","1","40","17.32","0"
"83692","16081","Oxidized Feather Wrap Ring","12128","Rings - 8","0","40","17.32","0"
"83692","16081","Oxidized Feather Wrap Ring","12129","Rings - 9","0","40","17.32","0"
"83692","16081","Oxidized Feather Wrap Ring","12130","Rings - 10","0","40","17.32","0"
"83704","16082","Rhodium Plated Turquoise Ring","12131","Rings - 5","0","75","31.43","0"
"83704","16082","Rhodium Plated Turquoise Ring","12132","Rings - 6","0","75","31.43","0"
"83704","16082","Rhodium Plated Turquoise Ring","12133","Rings - 7","0","75","31.43","0"
"83704","16082","Rhodium Plated Turquoise Ring","12134","Rings - 8","0","75","31.43","0"
"83704","16082","Rhodium Plated Turquoise Ring","12135","Rings - 9","0","75","31.43","0"
"83705","16083","Ornate Oxidized Lapis Ring","12136","Rings - 6","0","0","0","0"
"83705","16083","Ornate Oxidized Lapis Ring","12137","Rings - 7","0","0","0","0"
"83705","16083","Ornate Oxidized Lapis Ring","12138","Rings - 8","0","0","0","0"
"83705","16083","Ornate Oxidized Lapis Ring","12139","Rings - 9","0","0","0","0"
"83705","16083","Ornate Oxidized Lapis Ring","12140","Rings - 10","0","0","0","0"
"83765","16084","Turquoise Ring","12141","Rings - 6","1","115","34.7","0"
"83765","16084","Turquoise Ring","12142","Rings - 7","1","115","34.7","0"
"83765","16084","Turquoise Ring","12143","Rings - 8","0","115","34.7","0"
"83765","16084","Turquoise Ring","12144","Rings - 9","1","115","34.7","0"
"83765","16084","Turquoise Ring","12145","Rings - 10","1","115","34.7","0"
"83765","16085","Larimar Ring","12146","Rings - 6","0","0","0","0"
"83765","16085","Larimar Ring","12147","Rings - 7","0","0","0","0"
"83765","16085","Larimar Ring","12148","Rings - 8","0","0","0","0"
"83765","16085","Larimar Ring","12149","Rings - 9","0","0","0","0"
"83765","16085","Larimar Ring","12150","Rings - 10","0","0","0","0"
"83775","16086","Moonstone Ring","12151","Rings - 5","0","50","21.17","0"
"83775","16086","Moonstone Ring","12152","Rings - 6","0","50","21.17","0"
"83775","16086","Moonstone Ring","12153","Rings - 7","0","50","21.17","0"
"83775","16086","Moonstone Ring","12154","Rings - 8","0","50","21.17","0"
"83775","16086","Moonstone Ring","12155","Rings - 9","0","50","21.17","0"
"82782","16087","Oxidized Lapis Lazuli Ring","12156","Rings - 6","0","0","0","0"
"82782","16087","Oxidized Lapis Lazuli Ring","12157","Rings - 7","0","0","0","0"
"82782","16087","Oxidized Lapis Lazuli Ring","12158","Rings - 8","0","0","0","0"
"82782","16087","Oxidized Lapis Lazuli Ring","12159","Rings - 9","0","0","0","0"
"83813","16088","Rhodium Plated Band","12106","Rings - 4","0","38","16","0"
"83813","16088","Rhodium Plated Band","12107","Rings - 5","1","38","16","0"
"83813","16088","Rhodium Plated Band","12108","Rings - 6","1","38","16","0"
"83813","16088","Rhodium Plated Band","12109","Rings - 7","1","38","16","0"
"83813","16088","Rhodium Plated Band","12110","Rings - 8","1","38","16","0"
"83813","16088","Rhodium Plated Band","12111","Rings - 9","0","38","16","0"
"83813","16088","Rhodium Plated Band","12112","Rings - 10","1","38","16","0"
"83813","16088","Rhodium Plated Band","12113","Rings - 11","0","38","16","0"
"83846","16089","Black Onyx Ring","12165","Rings - 6","0","110","45.65","0"
"83846","16089","Black Onyx Ring","12166","Rings - 7","0","110","45.65","0"
"83846","16089","Black Onyx Ring","12167","Rings - 8","0","110","45.65","0"
"83846","16089","Black Onyx Ring","12168","Rings - 9","1","110","45.65","0"
"83846","16089","Black Onyx Ring","12169","Rings - 10","0","110","45.65","0"
"83848","16090","Amethyst Ring","12172","Rings - 6","0","0","0","0"
"83848","16090","Amethyst Ring","12173","Rings - 7","0","0","0","0"
"83848","16090","Amethyst Ring","12174","Rings - 8","0","0","0","0"
"83848","16090","Amethyst Ring","12175","Rings - 9","0","0","0","0"
"83848","16090","Amethyst Ring","12177","Rings - 5","0","0","0","0"
"83912","16091","Opal Ring","12178","Rings - 6","0","0","0","0"
"83912","16091","Opal Ring","12179","Rings - 7","0","0","0","0"
"83912","16091","Opal Ring","12180","Rings - 8","0","0","0","0"
"83912","16091","Opal Ring","12181","Rings - 9","0","0","0","0"
"83912","16091","Opal Ring","12182","Rings - 10","0","0","0","0"
"83921","16092","Baltic Amber Ring","12183","Rings - 6","0","0","0","0"
"83921","16092","Baltic Amber Ring","12184","Rings - 7","0","0","0","0"
"83921","16092","Baltic Amber Ring","12185","Rings - 8","0","0","0","0"
"83921","16092","Baltic Amber Ring","12186","Rings - 9","0","0","0","0"
"83921","16092","Baltic Amber Ring","12187","Rings - 10","0","0","0","0"
"83937","16093","Hammered Baltic Amber Ring","12188","Rings - 6","0","0","0","0"
"83937","16093","Hammered Baltic Amber Ring","12189","Rings - 7","0","0","0","0"
"83937","16093","Hammered Baltic Amber Ring","12190","Rings - 8","0","0","0","0"
"83937","16093","Hammered Baltic Amber Ring","12191","Rings - 9","0","0","0","0"
"83937","16093","Hammered Baltic Amber Ring","12192","Rings - 10","0","0","0","0"
"83937","16093","Hammered Baltic Amber Ring","12193","Rings - 5","0","0","0","0"
"83851","16094","Floral Coral Ring","12199","Rings - 6","0","125","35.64","0"
"83851","16094","Floral Coral Ring","12200","Rings - 7","0","125","35.64","0"
"83851","16094","Floral Coral Ring","12201","Rings - 8","0","125","35.64","0"
"83851","16094","Floral Coral Ring","12202","Rings - 9","1","125","35.64","0"
"83900","16095","Turquoise Ring","12208","Rings - 7","0","425","184.45","0"
"83900","16095","Turquoise Ring","12209","Rings - 8","1","425","184.45","0"
"83900","16095","Turquoise Ring","12210","Rings - 9","0","425","184.45","0"
"83900","16095","Turquoise Ring","12211","Rings - 10","0","425","184.45","0"
"66307","16098","Sterling Silver Earrings","","Sterling Silver Earrings","1","75","31.44","0"
"66380","16099","Bee Stud Earrings","","Bee Stud Earrings","0","25","10.6","0"
"66713","16100","Butterfly Stud Earrings","","Butterfly Stud Earrings","0","30","11.72","0"
"66714","16101","Dragonfly Stud Earrings","","Dragonfly Stud Earrings","0","30","11.72","0"
"66771","16103","Heart Stud Earrings","","Heart Stud Earrings","0","30","12.8","0"
"66778","16104","Heart Stud Earrings","","Heart Stud Earrings","0","30.00","12.80","0.00"
"83831","16106","Turquoise Ring","12218","Rings - 9","1","350.00","152.17","0.00"
"83831","16106","Turquoise Ring","12219","Rings - 10","0","350.00","152.17","0.00"
"83831","16106","Turquoise Ring","12220","Rings - 11","1","350.00","152.17","0.00"
"83831","16106","Turquoise Ring","12221","Rings - 12","1","350.00","152.17","0.00"
"83831","16106","Turquoise Ring","12222","Rings - 13","1","350.00","152.17","0.00"
"74189","16107","Dragonfly Pendant","","Dragonfly Pendant","0","115.00","48.20","0.00"
"F220","16110","Figaro Chain","12223","Size - 18""","0","0.00","0.00","0.00"
"F220","16110","Figaro Chain","12224","Size - 20""","1","255.00","0.00","110.00"
"F220","16110","Figaro Chain","12225","Size - 22""","0","0.00","0.00","0.00"
"F220","16110","Figaro Chain","12226","Size - 24""","1","300.00","0.00","130.00"
"F220","16110","Figaro Chain","12227","Size - 30""","1","385.00","0.00","167.00"
"F220","16110","Figaro Chain","12228","Size - 16""","0","0.00","0.00","0.00"
"OXRP","16111","Oxidized Rope Chain","12229","Size - 18""","0","0.00","0.00","0.00"
"OXRP","16111","Oxidized Rope Chain","12230","Size - 20""","3","220.00","0.00","95.65"
"OXRP","16111","Oxidized Rope Chain","12231","Size - 22""","1","240.00","0.00","104.38"
"OXRP","16111","Oxidized Rope Chain","12232","Size - 24""","2","260.00","0.00","113.04"
"OXRP","16111","Oxidized Rope Chain","12233","Size - 30""","0","315.00","0.00","137.00"
"OXRP","16111","Oxidized Rope Chain","12234","Size - 16""","0","0.00","0.00","0.00"
"6080-0408-41SKNB-66158","16126","Ladies Suede Slippers","12244","Shoe Size - 4","0","108.00","46.90","0.00"
"6080-0408-41SKNB-66158","16126","Ladies Suede Slippers","12245","Shoe Size - 5","0","108.00","46.90","0.00"
"6080-0408-41SKNB-66158","16126","Ladies Suede Slippers","12246","Shoe Size - 6","1","108.00","46.90","0.00"
"6080-0408-41SKNB-66158","16126","Ladies Suede Slippers","12247","Shoe Size - 7","1","108.00","46.90","0.00"
"6080-0408-41SKNB-66158","16126","Ladies Suede Slippers","12248","Shoe Size - 8","1","108.00","46.90","0.00"
"6080-0408-41SKNB-66158","16126","Ladies Suede Slippers","12249","Shoe Size - 9","1","108.00","46.90","0.00"
"6080-0408-41SKNB-66158","16126","Ladies Suede Slippers","12250","Shoe Size - 10","0","108.00","46.90","0.00"
"6080-0408-41SKNB-66158","16126","Ladies Suede Slippers","12251","Shoe Size - 11","0","108.00","46.90","0.00"
"6080-0408-41SKNB-66158","16126","Ladies Suede Slippers","12252","Shoe Size - 12","0","108.00","46.90","0.00"
"502115BDBK","16127","Suede Moccasins for Men","12263","Shoe Size - 6","0","155.00","67.30","0.00"
"502115BDBK","16127","Suede Moccasins for Men","12264","Shoe Size - 7","0","155.00","67.30","0.00"
"502115BDBK","16127","Suede Moccasins for Men","12265","Shoe Size - 8","0","155.00","67.30","0.00"
"502115BDBK","16127","Suede Moccasins for Men","12266","Shoe Size - 9","1","155.00","67.30","0.00"
"502115BDBK","16127","Suede Moccasins for Men","12267","Shoe Size - 10","1","155.00","67.30","0.00"
"502115BDBK","16127","Suede Moccasins for Men","12268","Shoe Size - 11","1","155.00","67.30","0.00"
"502115BDBK","16127","Suede Moccasins for Men","12269","Shoe Size - 12","0","155.00","67.30","0.00"
"502115BDBK","16127","Suede Moccasins for Men","12270","Shoe Size - 13","0","155.00","67.30","0.00"
"502115BDBK","16127","Suede Moccasins for Men","12271","Shoe Size - 14","0","155.00","67.30","0.00"
"502115BDBK","16127","Suede Moccasins for Men","12272","Shoe Size - 15","0","155.00","67.30","0.00"
"502113DNMA","16128","Suede Moccasins for Men","12273","Shoe Size - 6","0","155.00","67.30","0.00"
"502113DNMA","16128","Suede Moccasins for Men","12274","Shoe Size - 7","0","155.00","67.30","0.00"
"502113DNMA","16128","Suede Moccasins for Men","12275","Shoe Size - 8","0","155.00","67.30","0.00"
"502113DNMA","16128","Suede Moccasins for Men","12276","Shoe Size - 9","1","155.00","67.30","0.00"
"502113DNMA","16128","Suede Moccasins for Men","12277","Shoe Size - 10","1","155.00","67.30","0.00"
"502113DNMA","16128","Suede Moccasins for Men","12278","Shoe Size - 11","0","155.00","67.30","0.00"
"502113DNMA","16128","Suede Moccasins for Men","12279","Shoe Size - 12","0","155.00","67.30","0.00"
"502113DNMA","16128","Suede Moccasins for Men","12280","Shoe Size - 13","0","155.00","67.30","0.00"
"502113DNMA","16128","Suede Moccasins for Men","12281","Shoe Size - 14","0","155.00","67.30","0.00"
"502113DNMA","16128","Suede Moccasins for Men","12282","Shoe Size - 15","0","155.00","67.30","0.00"
"502114CF","16129","Suede Moccasins for Men","12283","Shoe Size - 6","0","155.00","67.30","0.00"
"502114CF","16129","Suede Moccasins for Men","12284","Shoe Size - 7","0","155.00","67.30","0.00"
"502114CF","16129","Suede Moccasins for Men","12285","Shoe Size - 8","0","155.00","67.30","0.00"
"502114CF","16129","Suede Moccasins for Men","12286","Shoe Size - 9","0","155.00","67.30","0.00"
"502114CF","16129","Suede Moccasins for Men","12287","Shoe Size - 10","0","155.00","67.30","0.00"
"502114CF","16129","Suede Moccasins for Men","12288","Shoe Size - 11","0","155.00","67.30","0.00"
"502114CF","16129","Suede Moccasins for Men","12289","Shoe Size - 12","0","155.00","67.30","0.00"
"502114CF","16129","Suede Moccasins for Men","12290","Shoe Size - 13","0","155.00","67.30","0.00"
"502114CF","16129","Suede Moccasins for Men","12291","Shoe Size - 14","0","155.00","67.30","0.00"
"502114CF","16129","Suede Moccasins for Men","12292","Shoe Size - 15","0","155.00","67.30","0.00"
"RS LS","16149","Rabbit Skins","12302","Colors - Black","3","15.95","6.75","6.75"
"RS LS","16149","Rabbit Skins","12303","Colors - Natural","6","15.95","6.75","6.75"
"RS LS","16149","Rabbit Skins","12304","Colors - White","14","15.95","6.75","6.75"
"RTKC","16150","Raccoon Tail Key Chain","12308","Size - L","1","10.95","0.00","4.50"
"RTKC","16150","Raccoon Tail Key Chain","12309","Size - XL","1","12.95","0.00","5.50"
"MTKC","16151","Mink Tail Key Chain","","Mink Tail Key Chain","0","10.95","5.00","0.00"
"BCTKC","16152","Bobcat Tail Key Chain","","Bobcat Tail Key Chain","0","11.95","5.00","0.00"
"LTKC","16153","Lynx Tail Key Chain","","Lynx Tail Key Chain","1","15.95","6.75","0.00"
"BFKC","16154","Beaver Tail Key Chain","","Beaver Tail Key Chain","2","9.95","4.50","0.00"
"FTKC","16155","Fox Tail Key Chain","12312","Size - S","0","9.95","0.00","4.50"
"FTKC","16155","Fox Tail Key Chain","12313","Size - M","2","12.95","0.00","5.50"
"FTKC","16155","Fox Tail Key Chain","12314","Size - L","1","18.95","0.00","8.50"
"FTKC","16155","Fox Tail Key Chain","12315","Size - XL","0","23.95","0.00","10.50"
"FTKC","16155","Fox Tail Key Chain","12316","Size - XXL","0","34.95","0.00","15.50"
"RTKC","16156","Coyote Tail Key Chain","12317","Size - L","0","12.95","6.00","5.50"
"RTKC","16156","Coyote Tail Key Chain","12318","Size - XL","0","18.95","6.00","8.00"
"RAKC 6","16157","Antler Whistle Key Chain","","Antler Whistle Key Chain","3","23.00","10.00","0.00"
"RA P26","16158","Antler Whistle Pendant","","Antler Whistle Pendant","2","28.95","12.50","0.00"
"66346","16162","Sterling Silver Earrings","","Sterling Silver Earrings","1","15.00","6.40","0.00"
"66901","16163","Three Bead Drop Earrings","","Three Bead Drop Earrings","1","148.00","64.35","0.00"
"83843","16164","Black Onyx Ring","12324","Rings - 6","0","90.00","34.63","0.00"
"83843","16164","Black Onyx Ring","12325","Rings - 7","1","90.00","34.63","0.00"
"83843","16164","Black Onyx Ring","12326","Rings - 8","0","90.00","34.63","0.00"
"83843","16164","Black Onyx Ring","12327","Rings - 9","1","90.00","34.63","0.00"
"33050","16166","Sterling Silver Necklace","","Sterling Silver Necklace","2","140.00","60.87","0.00"
"NIB700-06","16167","Poncho ""Nibi""","12328","Size - 18mth - 3yrs","0","85.00","0.00","51.00"
"NIB700-06","16167","Poncho ""Nibi""","12329","Size - 4yrs - 8yrs","2","89.00","0.00","53.00"
"BGTH700-06","16168","Poncho ""Grey Thunderbird""","12330","Size - 4yrs - 8yrs","2","89.00","0.00","53.00"
"BGTH700-06","16168","Poncho ""Grey Thunderbird""","12331","Size - 18mth - 3yrs","1","85.00","0.00","51.00"
"INTH700-06","16169","Poncho ""Brown Thunderbird""","12332","Size - 4yrs - 8yrs","2","89.00","0.00","53.00"
"INTH700-06","16169","Poncho ""Brown Thunderbird""","12333","Size - 18mth - 3yrs","0","85.00","0.00","51.00"
"33720-16","16188","Opal Necklace","","Opal Necklace","0","129.00","56.00","0.00"
"33720-46","16189","Opal Necklace","","Opal Necklace","1","259.00","112.12","0.00"
"33737-21","16190","Turquoise Necklace","","Turquoise Necklace","1","85.00","35.30","0.00"
"34229","16191","Snake Chain","","Snake Chain","1","90.00","38.63","0.00"
"72874","16196","Horse Pendant","","Horse Pendant","1","45.00","19.45","0.00"
"72147","16197","Owl Charm","","Owl Charm","0","45.00","19.45","0.00"
"73103","16198","Lobster Charm","","Lobster Charm","1","30.00","12.91","0.00"
"73221","16199","Starfish Slide","","Starfish Slide","0","34.00","14.11","0.00"
"73347","16200","Arrowhead Pendant","","Arrowhead Pendant","0","55.00","22.91","0.00"
"73362","16201","Eagle Charm","","Eagle Charm","1","20.00","8.17","0.00"
"73614","16202","Oak Leaf Slide","","Oak Leaf Slide","0","28.00","11.19","0.00"
"73615","16203","Kokopelli Charm","","Kokopelli Charm","0","40.00","15.90","0.00"
"73811","16204","Hummingbird Charm","","Hummingbird Charm","1","25.00","10.56","0.00"
"74034","16205","Sea Turtle Charm","","Sea Turtle Charm","1","30.00","12.95","0.00"
"73939","16206","Moonstone Pendent","","Moonstone Pendent","0","50.00","20.58","0.00"
"74054","16208","Wolf Charm","","Wolf Charm","0","28.00","11.73","0.00"
"74232","16209","Feather Charm","","Feather Charm","0","18.00","7.06","0.00"
"74270","16210","Turquoise Pendent","","Turquoise Pendent","0","134.00","58.26","0.00"
"74276","16211","Round Larimar Pendant","","Round Larimar Pendant","1","75.00","31.43","0.00"
"74322","16212","Dragonfly Charm","","Dragonfly Charm","1","15.00","6.40","0.00"
"74435","16214","Dolphin and Calf Charm","","Dolphin and Calf Charm","1","13.00","5.32","0.00"
"74488","16215","Owl Charm","","Owl Charm","0","45.00","18.59","0.00"
"74690","16216","Amber Feather Slide","","Amber Feather Slide","1","38.00","16.00","0.00"
"74734","16217","Dragonfly Charm","","Dragonfly Charm","0","23.00","9.91","0.00"
"74735","16218","Thunderbird Charm","","Thunderbird Charm","1","34.00","14.13","0.00"
"LE1438","16219","Gemstone Pendent","12342","Jewelry - Turquoise","0","45.00","19.00","0.00"
"LE1438","16219","Gemstone Pendent","12343","Jewelry - Black Onyx","1","45.00","19.00","0.00"
"LE1438","16219","Gemstone Pendent","12344","Jewelry - Lapis Lazuli","1","45.00","19.00","0.00"
"DC801","16227","Dream Catcher ""Ombre""","","Dream Catcher ""Ombre""","1","29.95","12.75","0.00"
"DCK44","16230","Dream Catchers Kit for Kids","","Dream Catchers Kit for Kids","2","13.95","5.75","0.00"
"RED4","16231","Beaded Earrings","","Beaded Earrings","4","22.00","9.50","0.00"
"RED4-P","16232","Beaded Necklace","","Beaded Necklace","2","14.00","5.50","0.00"
"WR","16233","Birthstone Coil Bracelet","12359","Jewelry - January","0","13.95","5.75","0.00"
"WR","16233","Birthstone Coil Bracelet","12360","Jewelry - February","0","13.95","5.75","0.00"
"WR","16233","Birthstone Coil Bracelet","12361","Jewelry - March","0","13.95","5.75","0.00"
"WR","16233","Birthstone Coil Bracelet","12362","Jewelry - April","0","13.95","5.75","0.00"
"WR","16233","Birthstone Coil Bracelet","12363","Jewelry - May","0","13.95","5.75","0.00"
"WR","16233","Birthstone Coil Bracelet","12364","Jewelry - June","0","13.95","5.75","0.00"
"WR","16233","Birthstone Coil Bracelet","12365","Jewelry - July","3","13.95","5.75","0.00"
"WR","16233","Birthstone Coil Bracelet","12366","Jewelry - August","0","13.95","5.75","0.00"
"WR","16233","Birthstone Coil Bracelet","12367","Jewelry - September","2","13.95","5.75","0.00"
"WR","16233","Birthstone Coil Bracelet","12368","Jewelry - October","1","13.95","5.75","0.00"
"WR","16233","Birthstone Coil Bracelet","12369","Jewelry - November","0","13.95","5.75","0.00"
"WR","16233","Birthstone Coil Bracelet","12370","Jewelry - December","0","13.95","5.75","0.00"
"BBSS2","16235","Sterling Silver Earrings","","Sterling Silver Earrings","1","46.95","20.00","0.00"
"BBSS2-P","16237","BBSS2 Pendant ''Birch Bark''","","BBSS2 Pendant ''Birch Bark''","0","34.95","15.00","0.00"
"BBSS6-P","16239","BBSS6 Pendant ''Birch Bark''","","BBSS6 Pendant ''Birch Bark''","1","38.95","16.50","0.00"
"BBSS6","16240","BBSS6 Earrings ''Birch Bark''","","BBSS6 Earrings ''Birch Bark''","1","49.95","22.00","0.00"
"BBSS9-P","16241","BBSS9 Pendant ''Birch Bark''","","BBSS9 Pendant ''Birch Bark''","1","38.95","16.50","0.00"
"BBSS9","16242","BBSS9 Earrings ''Birch Bark''","","BBSS9 Earrings ''Birch Bark''","2","49.95","22.00","0.00"
"RED20","16243","Inukshuk Pendant","","Inukshuk Pendant","3","14.00","5.75","0.00"
"WDR5901NC1JA","16244","Katia Dress ""Carried Away under the Blue Moon""","12524","Size - XS","1","119.00","54.00","0.00"
"WDR5901NC1JA","16244","Katia Dress ""Carried Away under the Blue Moon""","12525","Size - S","1","119.00","54.00","0.00"
"WDR5901NC1JA","16244","Katia Dress ""Carried Away under the Blue Moon""","12526","Size - M","1","119.00","54.00","0.00"
"WDR5901NC1JA","16244","Katia Dress ""Carried Away under the Blue Moon""","12527","Size - L","0","119.00","54.00","0.00"
"WDR5901NC1JA","16244","Katia Dress ""Carried Away under the Blue Moon""","12528","Size - XL","0","119.00","54.00","0.00"
"WDR2601NC1BA","16245","Kate Dress ""Geese Spirit""","12376","Size - XS","1","169.00","64.50","0.00"
"WDR2601NC1BA","16245","Kate Dress ""Geese Spirit""","12377","Size - S","0","169.00","64.50","0.00"
"WDR2601NC1BA","16245","Kate Dress ""Geese Spirit""","12378","Size - M","1","169.00","64.50","0.00"
"WDR2601NC1BA","16245","Kate Dress ""Geese Spirit""","12379","Size - L","1","169.00","64.50","0.00"
"WDR2601NC1BA","16245","Kate Dress ""Geese Spirit""","12380","Size - XL","1","169.00","64.50","0.00"
"WPA0901NC04A","16246","Sandrine ""Silent Seekers""","12386","Size - XS","0","149.00","61.00","0.00"
"WPA0901NC04A","16246","Sandrine ""Silent Seekers""","12387","Size - S","0","149.00","61.00","0.00"
"WPA0901NC04A","16246","Sandrine ""Silent Seekers""","12388","Size - M","0","149.00","61.00","0.00"
"WPA0901NC04A","16246","Sandrine ""Silent Seekers""","12389","Size - L","0","149.00","61.00","0.00"
"WPA0901NC04A","16246","Sandrine ""Silent Seekers""","12390","Size - XL","0","149.00","61.00","0.00"
"WPA0701NC1JA","16247","Parma Capri ""Carried Away Under The Blue Moon""","12396","Size - XS","0","129.00","55.50","0.00"
"WPA0701NC1JA","16247","Parma Capri ""Carried Away Under The Blue Moon""","12397","Size - S","1","129.00","55.50","0.00"
"WPA0701NC1JA","16247","Parma Capri ""Carried Away Under The Blue Moon""","12398","Size - M","1","129.00","55.50","0.00"
"WPA0701NC1JA","16247","Parma Capri ""Carried Away Under The Blue Moon""","12399","Size - L","0","129.00","55.50","0.00"
"WPA0701NC1JA","16247","Parma Capri ""Carried Away Under The Blue Moon""","12400","Size - XL","0","129.00","55.50","0.00"
"WPA0701NC1BA","16248","Parma Capri ""Geese Spirit""","12407","Size - XS","0","129.00","55.50","0.00"
"WPA0701NC1BA","16248","Parma Capri ""Geese Spirit""","12408","Size - S","0","129.00","55.50","0.00"
"WPA0701NC1BA","16248","Parma Capri ""Geese Spirit""","12409","Size - M","1","129.00","55.50","0.00"
"WPA0701NC1BA","16248","Parma Capri ""Geese Spirit""","12410","Size - L","0","129.00","55.50","0.00"
"WPA0701NC1BA","16248","Parma Capri ""Geese Spirit""","12411","Size - XL","0","129.00","55.50","0.00"
"WPA0901NC0IA","16249","Sandrine ""Wisdom Keepers""","12420","Size - XS","0","149.00","61.00","0.00"
"WPA0901NC0IA","16249","Sandrine ""Wisdom Keepers""","12421","Size - S","0","149.00","61.00","0.00"
"WPA0901NC0IA","16249","Sandrine ""Wisdom Keepers""","12422","Size - M","0","149.00","61.00","0.00"
"WPA0901NC0IA","16249","Sandrine ""Wisdom Keepers""","12423","Size - L","1","149.00","61.00","0.00"
"WPA0901NC0IA","16249","Sandrine ""Wisdom Keepers""","12424","Size - XL","0","149.00","61.00","0.00"
"WPA0301NC1BA","16250","Carla Palazzo ""Geese Spirit""","12432","Size - XS","0","189.00","74.00","0.00"
"WPA0301NC1BA","16250","Carla Palazzo ""Geese Spirit""","12433","Size - S","1","189.00","74.00","0.00"
"WPA0301NC1BA","16250","Carla Palazzo ""Geese Spirit""","12434","Size - M","1","189.00","74.00","0.00"
"WPA0301NC1BA","16250","Carla Palazzo ""Geese Spirit""","12435","Size - L","1","189.00","74.00","0.00"
"WPA0301NC1BA","16250","Carla Palazzo ""Geese Spirit""","12436","Size - XL","0","189.00","74.00","0.00"
"WLS1001NC1BA","16253","Patti Tunic II ""Geese Spirit""","12453","Size - XS","1","129.00","50.50","0.00"
"WLS1001NC1BA","16253","Patti Tunic II ""Geese Spirit""","12454","Size - S","1","129.00","50.50","0.00"
"WLS1001NC1BA","16253","Patti Tunic II ""Geese Spirit""","12455","Size - M","1","129.00","50.50","0.00"
"WLS1001NC1BA","16253","Patti Tunic II ""Geese Spirit""","12456","Size - L","0","129.00","50.50","0.00"
"WLS1001NC1BA","16253","Patti Tunic II ""Geese Spirit""","12457","Size - XL","0","129.00","50.50","0.00"
"WLS1801NC1BA","16254","Patti Tunic II ""Geese Spirit"" Plus Size","12463","Size - 1X","1","129.00","60.50","0.00"
"WLS1801NC1BA","16254","Patti Tunic II ""Geese Spirit"" Plus Size","12464","Size - 2X","1","129.00","60.50","0.00"
"WLS1801NC1BA","16254","Patti Tunic II ""Geese Spirit"" Plus Size","12465","Size - 3X","1","129.00","60.50","0.00"
"WSS1801NC1BA","16255","Julie Drape ""Geese Spirit""","12471","Size - XS","1","79.00","35.50","0.00"
"WSS1801NC1BA","16255","Julie Drape ""Geese Spirit""","12472","Size - S","1","79.00","35.50","0.00"
"WSS1801NC1BA","16255","Julie Drape ""Geese Spirit""","12473","Size - M","1","79.00","35.50","0.00"
"WSS1801NC1BA","16255","Julie Drape ""Geese Spirit""","12474","Size - L","0","79.00","35.50","0.00"
"WSS1801NC1BA","16255","Julie Drape ""Geese Spirit""","12475","Size - XL","0","79.00","35.50","0.00"
"WLS1001NC0BA","16256","Patti Tunic II ""Zenith""","12481","Size - XS","0","129.00","50.50","0.00"
"WLS1001NC0BA","16256","Patti Tunic II ""Zenith""","12482","Size - S","0","129.00","50.50","0.00"
"WLS1001NC0BA","16256","Patti Tunic II ""Zenith""","12483","Size - M","0","129.00","50.50","0.00"
"WLS1001NC0BA","16256","Patti Tunic II ""Zenith""","12484","Size - L","0","129.00","50.50","0.00"
"WLS1001NC0BA","16256","Patti Tunic II ""Zenith""","12485","Size - XL","0","129.00","50.50","0.00"
"UAC6501NC0CA","16259","Maxime Bag ""The Forest Temple""","","Maxime Bag ""The Forest Temple""","3","65.00","27.50","0.00"
"UAC6501NC03A","16260","Maxime Bag ""Motter Love""","","Maxime Bag ""Motter Love""","2","65.00","27.50","0.00"
"UAC6501NC05A","16261","Maxime Bag ""Northern Keepers""","","Maxime Bag ""Northern Keepers""","3","65.00","27.50","0.00"
"UAC6501NC13A","16262","Maxime Bag ""Unity""","","Maxime Bag ""Unity""","3","65.00","27.50","0.00"
"UAC6501NC0FA","16263","Maxime Bag ""New Day""","","Maxime Bag ""New Day""","3","65.00","27.50","0.00"
"WLS350101NC04B","16264","Autumn Half-Zip Top - ""Silent Seekers""","12491","Size - XS","0","149.00","59.50","0.00"
"WLS350101NC04B","16264","Autumn Half-Zip Top - ""Silent Seekers""","12492","Size - S","0","149.00","59.50","0.00"
"WLS350101NC04B","16264","Autumn Half-Zip Top - ""Silent Seekers""","12493","Size - M","0","149.00","59.50","0.00"
"WLS350101NC04B","16264","Autumn Half-Zip Top - ""Silent Seekers""","12494","Size - L","0","149.00","59.50","0.00"
"WLS350101NC04B","16264","Autumn Half-Zip Top - ""Silent Seekers""","12495","Size - XL","0","149.00","59.50","0.00"
"WLS350101NC1DA","16265","Autumn Half-Zip Top - ""In her World""","12496","Size - XS","0","149.00","59.50","0.00"
"WLS350101NC1DA","16265","Autumn Half-Zip Top - ""In her World""","12497","Size - S","0","149.00","59.50","0.00"
"WLS350101NC1DA","16265","Autumn Half-Zip Top - ""In her World""","12498","Size - M","1","149.00","59.50","0.00"
"WLS350101NC1DA","16265","Autumn Half-Zip Top - ""In her World""","12499","Size - L","1","149.00","59.50","0.00"
"WLS350101NC1DA","16265","Autumn Half-Zip Top - ""In her World""","12500","Size - XL","1","149.00","59.50","0.00"
"WLS350101NC0IA","16266","Autumn Half-Zip Top - ""Wisdom Keepers""","12501","Size - XS","0","149.00","59.50","0.00"
"WLS350101NC0IA","16266","Autumn Half-Zip Top - ""Wisdom Keepers""","12502","Size - S","1","149.00","59.50","0.00"
"WLS350101NC0IA","16266","Autumn Half-Zip Top - ""Wisdom Keepers""","12503","Size - M","1","149.00","59.50","0.00"
"WLS350101NC0IA","16266","Autumn Half-Zip Top - ""Wisdom Keepers""","12504","Size - L","0","149.00","59.50","0.00"
"WLS350101NC0IA","16266","Autumn Half-Zip Top - ""Wisdom Keepers""","12505","Size - XL","0","149.00","59.50","0.00"
"WAC0501NC1BA","16267","Vivienne Scarf ""Geese Spirit""","","Vivienne Scarf ""Geese Spirit""","3","59.00","20.00","0.00"
"WNS1001NC0TA","16268","Venus Active Support Top ""Gezaluwejit""","12511","Size - XS","0","109.00","49.00","0.00"
"WNS1001NC0TA","16268","Venus Active Support Top ""Gezaluwejit""","12512","Size - S","0","109.00","49.00","0.00"
"WNS1001NC0TA","16268","Venus Active Support Top ""Gezaluwejit""","12513","Size - M","1","109.00","49.00","0.00"
"WNS1001NC0TA","16268","Venus Active Support Top ""Gezaluwejit""","12514","Size - L","0","109.00","49.00","0.00"
"WNS1001NC0TA","16268","Venus Active Support Top ""Gezaluwejit""","12515","Size - XL","0","109.00","49.00","0.00"
"HPA120","16269","Multipurpose Anti-Odor Mist","","Multipurpose Anti-Odor Mist","10","16.00","8.00","0.00"
"W12005-WDR2601NC0WA","16278","Kate Dress ""Earth Keeper""","12519","Size - XS","0","169.00","64.50","0.00"
"W12005-WDR2601NC0WA","16278","Kate Dress ""Earth Keeper""","12520","Size - S","0","169.00","64.50","0.00"
"W12005-WDR2601NC0WA","16278","Kate Dress ""Earth Keeper""","12521","Size - M","0","169.00","64.50","0.00"
"W12005-WDR2601NC0WA","16278","Kate Dress ""Earth Keeper""","12522","Size - L","0","169.00","64.50","0.00"
"W12005-WDR2601NC0WA","16278","Kate Dress ""Earth Keeper""","12523","Size - XL","0","169.00","64.50","0.00"
"VOUCHER","16284","Voucher","12531","Price - $15","999","15.00","0.00","0.00"
"VOUCHER","16284","Voucher","12533","Price - $50","999","50.00","0.00","0.00"
"VOUCHER","16284","Voucher","12535","Price - $25","999","25.00","0.00","0.00"
"6080-0408-41MT-695","16293","Ladies Suede Slippers","12536","Shoe Size - 5","0","108.00","0.00","0.00"
"6080-0408-41MT-695","16293","Ladies Suede Slippers","12537","Shoe Size - 6","0","108.00","0.00","0.00"
"6080-0408-41MT-695","16293","Ladies Suede Slippers","12538","Shoe Size - 7","0","108.00","0.00","0.00"
"6080-0408-41MT-695","16293","Ladies Suede Slippers","12539","Shoe Size - 8","0","108.00","0.00","0.00"
"6080-0408-41MT-695","16293","Ladies Suede Slippers","12540","Shoe Size - 9","0","108.00","0.00","0.00"
"6080-0408-41MT-695","16293","Ladies Suede Slippers","12541","Shoe Size - 10","0","108.00","0.00","0.00"
"6080-0408-41MT-695","16293","Ladies Suede Slippers","12542","Shoe Size - 11","0","108.00","0.00","0.00"
"6080-0408-41MT-695","16293","Ladies Suede Slippers","12543","Shoe Size - 12","0","108.00","0.00","0.00"
"6080-0408-41MT-695","16293","Ladies Suede Slippers","12544","Shoe Size - 4","0","108.00","0.00","0.00"
"CAPCANVAS","16297","CAP Canvas","","CAP Canvas","5","40.00","17.00","0.00"
"L201L","16305","Ladies Snowmobile Boots","12563","Shoe Size - 4","0","520.00","242.00","0.00"
"L201L","16305","Ladies Snowmobile Boots","12564","Shoe Size - 5","0","520.00","242.00","0.00"
"L201L","16305","Ladies Snowmobile Boots","12565","Shoe Size - 6","0","520.00","242.00","0.00"
"L201L","16305","Ladies Snowmobile Boots","12566","Shoe Size - 7","0","520.00","242.00","0.00"
"L201L","16305","Ladies Snowmobile Boots","12567","Shoe Size - 8","0","520.00","242.00","0.00"
"L201L","16305","Ladies Snowmobile Boots","12568","Shoe Size - 9","0","520.00","242.00","0.00"
"L201L","16305","Ladies Snowmobile Boots","12569","Shoe Size - 10","1","520.00","242.00","0.00"
"L201L","16305","Ladies Snowmobile Boots","12570","Shoe Size - 11","0","520.00","242.00","0.00"
"KL-01T","16306","Ladies Urban Boots","12571","Shoe Size - 4","0","695.00","325.00","0.00"
"KL-01T","16306","Ladies Urban Boots","12572","Shoe Size - 5","0","695.00","325.00","0.00"
"KL-01T","16306","Ladies Urban Boots","12573","Shoe Size - 6","0","695.00","325.00","0.00"
"KL-01T","16306","Ladies Urban Boots","12574","Shoe Size - 7","1","695.00","325.00","0.00"
"KL-01T","16306","Ladies Urban Boots","12575","Shoe Size - 8","0","695.00","325.00","0.00"
"KL-01T","16306","Ladies Urban Boots","12576","Shoe Size - 9","0","695.00","325.00","0.00"
"KL-01T","16306","Ladies Urban Boots","12577","Shoe Size - 10","0","695.00","325.00","0.00"
"KL-01T","16306","Ladies Urban Boots","12578","Shoe Size - 11","0","695.00","325.00","0.00"
"DL-05T","16307","Men Urban Boots","12579","Shoe Size - 4","0","750.00","350.00","0.00"
"DL-05T","16307","Men Urban Boots","12580","Shoe Size - 5","0","750.00","350.00","0.00"
"DL-05T","16307","Men Urban Boots","12581","Shoe Size - 6","0","750.00","350.00","0.00"
"DL-05T","16307","Men Urban Boots","12582","Shoe Size - 7","1","750.00","350.00","0.00"
"DL-05T","16307","Men Urban Boots","12583","Shoe Size - 8","0","750.00","350.00","0.00"
"DL-05T","16307","Men Urban Boots","12584","Shoe Size - 9","0","750.00","350.00","0.00"
"DL-05T","16307","Men Urban Boots","12585","Shoe Size - 10","0","750.00","350.00","0.00"
"DL-05T","16307","Men Urban Boots","12586","Shoe Size - 11","0","750.00","350.00","0.00"
"DL-05T","16307","Men Urban Boots","12587","Shoe Size - 12","1","750.00","350.00","0.00"
"DL-05T","16307","Men Urban Boots","12588","Shoe Size - 13","0","750.00","350.00","0.00"
"BV-05","16308","Bracelet - Mink","12589","Size - S","2","24.00","0.00","11.00"
"BV-05","16308","Bracelet - Mink","12590","Size - M","2","25.00","0.00","11.00"
"BV-05","16308","Bracelet - Mink","12591","Size - L","2","27.00","0.00","12.00"
"BRAL-05","16309","Bracelet - Seal","12592","Size - M","2","24.00","0.00","11.00"
"BRAL-05","16309","Bracelet - Seal","12593","Size - L","2","26.00","0.00","12.00"
"BRAL-05","16309","Bracelet - Seal","12594","Size - S","2","22.00","0.00","10.00"
"BIRC600OS-07","16311","Sherpa Baby Blanket ""Birch Bark"" Blanket","","Sherpa Baby Blanket ""Birch Bark"" Blanket","0","85.00","51.00","0.00"
"CORR-05","16312","Earmuffs with Red Fox","","Earmuffs with Red Fox","1","140.00","61.00","0.00"
"1700-0008-43-565CHO","16313","Suede Papoose for Ladies","12595","Shoe Size - 6","1","119.00","38.50","0.00"
"1700-0008-43-565CHO","16313","Suede Papoose for Ladies","12596","Shoe Size - 10","1","119.00","38.50","0.00"
"CONN600OS-07","16314","Sherpa Baby Blanket ""Connections""","","Sherpa Baby Blanket ""Connections""","0","85.00","51.00","0.00"
"LCPHFRWHEP1F","16325","Cell Phone Holder","","Cell Phone Holder","1","122.00","69.00","0.00"
"C-05C","16327","RCMP Beaver Hat","12597","Size - XS","0","258.00","113.00","0.00"
"C-05C","16327","RCMP Beaver Hat","12598","Size - S","0","258.00","113.00","0.00"
"C-05C","16327","RCMP Beaver Hat","12599","Size - M","0","258.00","113.00","0.00"
"C-05C","16327","RCMP Beaver Hat","12600","Size - L","1","258.00","113.00","0.00"
"C-05C","16327","RCMP Beaver Hat","12601","Size - XL","1","258.00","113.00","0.00"
"C-05C","16327","RCMP Beaver Hat","12602","Size - XXL","0","258.00","113.00","0.00"
"RA-05AC","16328","Silver Fox Aviator Hat","12603","Size - XS","0","595.00","285.00","0.00"
"RA-05AC","16328","Silver Fox Aviator Hat","12604","Size - S","0","595.00","285.00","0.00"
"RA-05AC","16328","Silver Fox Aviator Hat","12605","Size - M","0","595.00","285.00","0.00"
"RA-05AC","16328","Silver Fox Aviator Hat","12606","Size - L","0","595.00","285.00","0.00"
"RA-05AC","16328","Silver Fox Aviator Hat","12607","Size - XL","0","595.00","285.00","0.00"
"RA-05AC","16328","Silver Fox Aviator Hat","12608","Size - XXL","2","595.00","285.00","0.00"
"LM-05AC","16329","Seal Skin  Hat","12609","Size - XS","0","225.00","95.00","0.00"
"LM-05AC","16329","Seal Skin  Hat","12610","Size - S","0","225.00","95.00","0.00"
"LM-05AC","16329","Seal Skin  Hat","12611","Size - M","1","225.00","95.00","0.00"
"LM-05AC","16329","Seal Skin  Hat","12612","Size - L","0","225.00","95.00","0.00"
"LM-05AC","16329","Seal Skin  Hat","12613","Size - XL","0","225.00","95.00","0.00"
"LM-05AC","16329","Seal Skin  Hat","12614","Size - XXL","0","225.00","95.00","0.00"
"C-05AC","16330","Beaver Aviator Hat","12615","Size - XS","0","299.00","140.00","0.00"
"C-05AC","16330","Beaver Aviator Hat","12616","Size - S","0","299.00","140.00","0.00"
"C-05AC","16330","Beaver Aviator Hat","12617","Size - M","1","299.00","140.00","0.00"
"C-05AC","16330","Beaver Aviator Hat","12618","Size - L","0","299.00","140.00","0.00"
"C-05AC","16330","Beaver Aviator Hat","12619","Size - XL","0","299.00","140.00","0.00"
"C-05AC","16330","Beaver Aviator Hat","12620","Size - XXL","0","299.00","140.00","0.00"
"C-01C","16331","RCMP Beaver Hat","12621","Size - XS","0","320.00","130.00","0.00"
"C-01C","16331","RCMP Beaver Hat","12622","Size - S","0","320.00","130.00","0.00"
"C-01C","16331","RCMP Beaver Hat","12623","Size - M","0","320.00","130.00","0.00"
"C-01C","16331","RCMP Beaver Hat","12624","Size - L","1","320.00","130.00","0.00"
"C-01C","16331","RCMP Beaver Hat","12625","Size - XL","0","320.00","130.00","0.00"
"C-01C","16331","RCMP Beaver Hat","12626","Size - XXL","0","320.00","130.00","0.00"
"RAF-05AC","16332","Forest Silver Fox Aviator Hat","12627","Size - XS","0","420.00","195.00","0.00"
"RAF-05AC","16332","Forest Silver Fox Aviator Hat","12628","Size - S","0","420.00","195.00","0.00"
"RAF-05AC","16332","Forest Silver Fox Aviator Hat","12629","Size - M","0","420.00","195.00","0.00"
"RAF-05AC","16332","Forest Silver Fox Aviator Hat","12630","Size - L","0","420.00","195.00","0.00"
"RAF-05AC","16332","Forest Silver Fox Aviator Hat","12631","Size - XL","0","420.00","195.00","0.00"
"RAF-05AC","16332","Forest Silver Fox Aviator Hat","12632","Size - XXL","1","420.00","195.00","0.00"
"C-CHAP","16334","Beaver Hat","12644","Size - XS","0","435.00","190.00","0.00"
"C-CHAP","16334","Beaver Hat","12645","Size - S","0","435.00","190.00","0.00"
"C-CHAP","16334","Beaver Hat","12646","Size - M","0","435.00","190.00","0.00"
"C-CHAP","16334","Beaver Hat","12647","Size - L","1","435.00","190.00","0.00"
"C-CHAP","16334","Beaver Hat","12648","Size - XL","0","435.00","190.00","0.00"
"C-CHAP","16334","Beaver Hat","12649","Size - XXL","0","435.00","190.00","0.00"
"PAYSANE","16337","Purse ""Paysane""","","Purse ""Paysane""","1","252.00","117.00","0.00"
"FEF-05","16338","Purse ""Felicia"" in Finn Raccoon","","Purse ""Felicia"" in Finn Raccoon","1","460.00","213.00","0.00"
"TAL-05","16339","Tablet Bag","","Tablet Bag","1","85.00","40.00","0.00"
"COCO-01","16340","Earmuffs with Black Coyote","","Earmuffs with Black Coyote","1","120.00","56.00","0.00"
"DPC-05","16341","Purse with Coyote","","Purse with Coyote","1","265.00","120.00","0.00"
"C-05AC","16342","Raccoon Hat","12657","Size - XS","0","345.00","160.00","0.00"
"C-05AC","16342","Raccoon Hat","12658","Size - S","0","345.00","160.00","0.00"
"C-05AC","16342","Raccoon Hat","12659","Size - M","0","345.00","160.00","0.00"
"C-05AC","16342","Raccoon Hat","12660","Size - L","1","345.00","160.00","0.00"
"C-05AC","16342","Raccoon Hat","12661","Size - XL","0","345.00","160.00","0.00"
"C-05AC","16342","Raccoon Hat","12662","Size - XXL","0","345.00","160.00","0.00"
"RCRY-05MA","16343","Masai Coyote Hat","12665","Size - XS","0","420.00","195.00","0.00"
"RCRY-05MA","16343","Masai Coyote Hat","12666","Size - S","0","420.00","195.00","0.00"
"RCRY-05MA","16343","Masai Coyote Hat","12667","Size - M","0","420.00","195.00","0.00"
"RCRY-05MA","16343","Masai Coyote Hat","12668","Size - L","1","420.00","195.00","0.00"
"RCRY-05MA","16343","Masai Coyote Hat","12669","Size - XL","0","420.00","195.00","0.00"
"RCRY-05MA","16343","Masai Coyote Hat","12670","Size - XXL","0","420.00","195.00","0.00"
"MOUTON","16344","Sheep Skin Hat","12677","Size - L","1","130.00","60.00","0.00"
"C05-PN1","16345","Camouflaged Aviator Hat","12679","Size - M","1","140.00","65.00","0.00"
"CPR05","16346","Purse with Fox","","Purse with Fox","1","185.00","85.00","0.00"
"C_CN18X18","16347","Beaver Cushion","","Beaver Cushion","1","195.00","90.00","0.00"
"BP6","16348","Leather Knap Sack","","Leather Knap Sack","1","275.00","148.00","0.00"
"DRUMBAG","16351","Drum Bag","12687","Size - 14""","0","295.00","0.00","145.00"
"DRUMBAG","16351","Drum Bag","12689","Size - 10""","1","220.00","0.00","110.00"
"JC1-1218","16353","Leather Fringe Purse","","Leather Fringe Purse","1","460.00","230.00","0.00"
"JC3-1012","16354","Leather Fringe Purse","","Leather Fringe Purse","1","345.00","170.00","0.00"
"JC2-1217","16355","Leather Fringe Purse","","Leather Fringe Purse","1","460.00","230.00","0.00"
"TAL-01","16356","Tablet Bag","","Tablet Bag","1","85.00","40.00","0.00"
"W12018-UAC0301NC0DA","16359","Maxime Tote Bag ""Early Evening Flowing into Fall""","","Maxime Tote Bag ""Early Evening Flowing into Fall""","3","65.00","21.00","0.00"
"FP-COYOTE","16360","Coyote Scarf","","Coyote Scarf","1","215.00","98.00","0.00"
"FP-CRYSTAL","16361","Crystal Fox Scarf","","Crystal Fox Scarf","1","329.00","158.00","0.00"
"KL-05T","16367","copy of Ladies Urban Boots","12715","Shoe Size - 4","0","745.00","348.00","0.00"
"KL-05T","16367","copy of Ladies Urban Boots","12716","Shoe Size - 5","0","745.00","348.00","0.00"
"KL-05T","16367","copy of Ladies Urban Boots","12717","Shoe Size - 6","0","745.00","348.00","0.00"
"KL-05T","16367","copy of Ladies Urban Boots","12718","Shoe Size - 7","0","745.00","348.00","0.00"
"KL-05T","16367","copy of Ladies Urban Boots","12719","Shoe Size - 8","1","745.00","348.00","0.00"
"KL-05T","16367","copy of Ladies Urban Boots","12720","Shoe Size - 9","0","745.00","348.00","0.00"
"KL-05T","16367","copy of Ladies Urban Boots","12721","Shoe Size - 10","0","745.00","348.00","0.00"
"KL-05T","16367","copy of Ladies Urban Boots","12722","Shoe Size - 11","0","745.00","348.00","0.00"
"KL-05M","16368","Ladies Urban Boots","12723","Shoe Size - 4","0","695.00","326.00","0.00"
"KL-05M","16368","Ladies Urban Boots","12724","Shoe Size - 5","0","695.00","326.00","0.00"
"KL-05M","16368","Ladies Urban Boots","12725","Shoe Size - 6","0","695.00","326.00","0.00"
"KL-05M","16368","Ladies Urban Boots","12726","Shoe Size - 7","0","695.00","326.00","0.00"
"KL-05M","16368","Ladies Urban Boots","12727","Shoe Size - 8","1","695.00","326.00","0.00"
"KL-05M","16368","Ladies Urban Boots","12728","Shoe Size - 9","0","695.00","326.00","0.00"
"KL-05M","16368","Ladies Urban Boots","12729","Shoe Size - 10","0","695.00","326.00","0.00"
"KL-05M","16368","Ladies Urban Boots","12730","Shoe Size - 11","0","695.00","326.00","0.00"
"POMPOMS","16370","Pompoms","12731","Totems - Coyote","1","18.00","0.00","8.00"
"POMPOMS","16370","Pompoms","12732","Totems - Fox","3","26.00","0.00","12.00"
"POMPOMS","16370","Pompoms","12733","Totems - Raccoon","1","26.00","0.00","12.00"
"134LEP1E","16376","copy of Ladies Leather Moccasins","12734","Shoe Size - 10","0","179.00","94.00","0.00"
"134LEP1E","16376","copy of Ladies Leather Moccasins","12735","Shoe Size - 6","0","179.00","94.00","0.00"
"134LEP1E","16376","copy of Ladies Leather Moccasins","12736","Shoe Size - 7","0","179.00","94.00","0.00"
"134LEP1E","16376","copy of Ladies Leather Moccasins","12737","Shoe Size - 8","0","179.00","94.00","0.00"
"134LEP1E","16376","copy of Ladies Leather Moccasins","12738","Shoe Size - 9","0","179.00","94.00","0.00"
"134LEP1E","16376","copy of Ladies Leather Moccasins","12739","Shoe Size - 5","0","179.00","94.00","0.00"
"134LEP1E","16376","copy of Ladies Leather Moccasins","12740","Shoe Size - 11","0","179.00","94.00","0.00"
"MBBELT","16381","Leather Belt","","Leather Belt","1","805.00","402.50","0.00"
"MBVEST","16382","Leather Vest","","Leather Vest","1","950.00","475.00","0.00"
"MBTOP","16383","Leather Top","","Leather Top","1","495.00","247.50","0.00"
"CHILDVEST","16386","Leather Vest for Children","","Leather Vest for Children","1","60.00","30.00","0.00"
"BEADEDGLOVES","16387","Gloves with Natural Coyote","12741","Size - M","0","650.00","325.00","0.00"
"BEADEDGLOVES","16387","Gloves with Natural Coyote","12742","Size - L","0","650.00","325.00","0.00"
"BEADEDGLOVES","16387","Gloves with Natural Coyote","12743","Size - XL","0","650.00","325.00","0.00"
"BEADEDGLOVES","16387","Gloves with Natural Coyote","12744","Size - S","0","650.00","325.00","0.00"
"74813","16394","Turtle Pendant Slide","","Turtle Pendant Slide","1","80.00","34.69","0.00"
"74814","16395","Honey Bee Pendant","","Honey Bee Pendant","0","38.00","15.86","0.00"
"74815","16396","Hummingbird Pendant","","Hummingbird Pendant","0","58.00","24.78","0.00"
"7776","16397","Horse Charm","","Horse Charm","1","34.00","14.69","0.00"
"82642","16398","3mm Copper Ring","12745","Size - 5","0","15.00","6.49","0.00"
"82642","16398","3mm Copper Ring","12746","Size - 6","2","15.00","6.49","0.00"
"82642","16398","3mm Copper Ring","12747","Size - 7","0","15.00","6.49","0.00"
"82642","16398","3mm Copper Ring","12748","Size - 8","0","15.00","6.49","0.00"
"82642","16398","3mm Copper Ring","12749","Size - 9","1","15.00","6.49","0.00"
"82644","16399","6mm Copper Ring","12751","Size - 6","2","18.00","6.95","0.00"
"82644","16399","6mm Copper Ring","12752","Size - 7","3","18.00","6.95","0.00"
"82644","16399","6mm Copper Ring","12753","Size - 8","1","18.00","6.95","0.00"
"82644","16399","6mm Copper Ring","12754","Size - 9","1","18.00","6.95","0.00"
"82644","16399","6mm Copper Ring","12755","Size - 10","0","18.00","6.95","0.00"
"82644","16399","6mm Copper Ring","12756","Size - 11","0","18.00","6.95","0.00"
"82644","16399","6mm Copper Ring","12757","Size - 12","1","18.00","6.95","0.00"
"82646","16400","8mm Hammered Copper Ring","12758","Size - 6","2","20.00","7.79","0.00"
"82646","16400","8mm Hammered Copper Ring","12759","Size - 7","1","20.00","7.79","0.00"
"82646","16400","8mm Hammered Copper Ring","12760","Size - 8","0","20.00","7.79","0.00"
"82646","16400","8mm Hammered Copper Ring","12761","Size - 9","2","20.00","7.79","0.00"
"82646","16400","8mm Hammered Copper Ring","12762","Size - 10","0","20.00","7.79","0.00"
"82646","16400","8mm Hammered Copper Ring","12763","Size - 11","1","20.00","7.79","0.00"
"82646","16400","8mm Hammered Copper Ring","12764","Size - 12","0","20.00","7.79","0.00"
"22841","16401","9.9mm Copper Bracelet","","9.9mm Copper Bracelet","0","18.00","6.79","0.00"
"22842","16402","19mm Copper Bracelet","","19mm Copper Bracelet","1","20.00","8.13","0.00"
"22843","16403","12.5mm Copper Bracelet","","12.5mm Copper Bracelet","1","18.00","6.79","0.00"
"2940","16404","Sterling Silver Bracelet","","Sterling Silver Bracelet","1","148.00","64.19","0.00"
"23308","16405","Sterling Silver Bracelet","","Sterling Silver Bracelet","1","205.00","88.90","0.00"
"82219","16406","3mm Sterling Silver Ring","12773","Size - 5","1","15.00","6.49","0.00"
"82219","16406","3mm Sterling Silver Ring","12774","Size - 6","1","15.00","6.49","0.00"
"82219","16406","3mm Sterling Silver Ring","12775","Size - 7","1","15.00","6.49","0.00"
"82219","16406","3mm Sterling Silver Ring","12776","Size - 8","0","15.00","6.49","0.00"
"82219","16406","3mm Sterling Silver Ring","12777","Size - 9","1","15.00","6.49","0.00"
"82219","16406","3mm Sterling Silver Ring","12778","Size - 10","1","15.00","6.49","0.00"
"15-2-C","16407","Copper Pendant","","Copper Pendant","1","30.00","13.03","0.00"
"22475","16408","Sterling Silver Bracelet","","Sterling Silver Bracelet","1","115.00","49.78","0.00"
"34475","16409","Turquoise Necklace","","Turquoise Necklace","1","105.00","44.19","0.00"
"DANCINGSEAL","16412","Dancing Seal - Alariaq","","Dancing Seal - Alariaq","1","400.00","200.00","0.00"
"FLIPPER","16413","Flipper","","Flipper","1","440.00","220.00","0.00"
"SEALKELLY","16414","Seal - Simanik Kelly","","Seal - Simanik Kelly","1","260.00","130.00","0.00"
"HUNTER","16415","Hunter with Spear","","Hunter with Spear","1","600.00","300.00","0.00"
"INUKSHUK ALARIAQ","16416","Inukshuk Alariaq","","Inukshuk Alariaq","1","400.00","200.00","0.00"
"UPRIGHTSEAL ALARIAQ","16417","Upright Dancing Seal Alariaq","","Upright Dancing Seal Alariaq","1","600.00","300.00","0.00"
"WALRUS SIMIGAK","16418","Walrus Simigak","","Walrus Simigak","1","465.00","230.00","0.00"
"SEAL ADLA","16419","Seal Adla","","Seal Adla","1","115.00","55.00","0.00"
"BEAR SAMAYUALIE","16420","Bear Samayualie","","Bear Samayualie","1","795.00","400.00","0.00"
"MARK HENRY","16421","Mask Henry","","Mask Henry","1","125.00","60.00","0.00"
"INUKSHUK ALARIAQ","16422","Inukshuk Shaa","","Inukshuk Shaa","1","350.00","175.00","0.00"
"EAGLE IOWHAN","16423","Eagle Iowhan","","Eagle Iowhan","1","1300.00","650.00","0.00"
"SEAL-62391","16424","Seal Kopalie","","Seal Kopalie","1","140.00","70.00","0.00"
"BEAR ETIDLOIE","16425","Bear Etidloie","","Bear Etidloie","1","1190.00","595.00","0.00"
"WHALE VERTEBRAE","16426","Whale Vertebrae Akpaliapik","","Whale Vertebrae Akpaliapik","1","350.00","175.00","0.00"
"1513","16427","Man Kelly","","Man Kelly","1","315.00","155.00","0.00"
"1246651","16429","Musk Pootoogoo","","Musk Pootoogoo","1","525.00","260.00","0.00"
"1246651","16430","Seal on Walrus","","Seal on Walrus","1","400.00","200.00","0.00"
"607612","16431","Inukshuk Shaa","","Inukshuk Shaa","1","375.00","185.00","0.00"
"EAGLE MARACLE","16432","Eagle Maracle","","Eagle Maracle","1","2500.00","2500.00","0.00"
"VASE1","16439","Vase with Horse Hair","","Vase with Horse Hair","0","55.00","25.00","0.00"
"VASE2","16440","Vase with Horse Hair","","Vase with Horse Hair","0","65.00","30.00","0.00"
"HORSE","16441","Marble Horse","","Marble Horse","0","160.00","80.00","0.00"
"TORTUE1","16442","Alabaster Turtle","","Alabaster Turtle","0","110.00","55.00","0.00"
"TORTUE2","16445","Alabaster Turtle","","Alabaster Turtle","0","95.00","45.00","0.00"
"OWL","16447","Owl","","Owl","0","115.00","55.00","0.00"
"RABBIT","16448","Rabbit","","Rabbit","1","115.00","55.00","0.00"
"BROOCH","16449","Brooch Arnaktauyok","","Brooch Arnaktauyok","8","80.00","40.00","0.00"
"A12050-POD2559","16450","Matted Print - Ice Dream","","Matted Print - Ice Dream","4","20.00","7.50","0.00"
"A01003-POD2565","16451","Matted Print - Sky Girl","","Matted Print - Sky Girl","0","20.00","7.50","0.00"
"A10044-POD2572","16452","Matted Print - Returning","","Matted Print - Returning","0","20.00","7.50","0.00"
"PLN127","16453","Planner 2025","","Planner 2025","1","46.00","20.00","0.00"
"W12018-POD2551C","16454","Canvas - Early evening flowing into fall","","Canvas - Early evening flowing into fall","3","40.00","17.00","0.00"
"A01033-POD2581C","16457","Canvas - New Fire","","Canvas - New Fire","2","40.00","17.00","0.00"
"A10044-POD2572C","16458","Canvas - The Return","","Canvas - The Return","2","40.00","17.00","0.00"
"W12008-POD2581C","16460","Canvas - Winter Wolves","","Canvas - Winter Wolves","2","40.00","17.00","0.00"
"A01003-POD2565","16462","Matted Print - Sky Girl","","Matted Print - Sky Girl","0","20.00","7.50","0.00"
"A10012-POD2565","16463","Matted Print - Sky Sisters","","Matted Print - Sky Sisters","3","20.00","7.50","0.00"
"FAMILY","16467","Family Love","","Family Love","1","500.00","250.00","0.00"
"KNOWN","16468","Known","","Known","1","320.00","160.00","0.00"
"JOURNEY","16469","Journey","","Journey","1","500.00","250.00","0.00"
"ENCOMPASSES","16470","Encompasses","","Encompasses","1","1260.00","630.00","0.00"
