"Reference code","Product ID","Product name","Product Combinations ID","Combinations (Attribute - value pair)","Quantity","Final price (pre-tax)"
"A16058-WPA0301NC04A","805","Carla Palazzo ""Silent Seekers""","1325","Palazzo Carla ""En Quête de Silence"" : Taille - XP","1","189.00"
"A16058-WPA0301NC04A","805","Carla Palazzo ""Silent Seekers""","1326","Palazzo Carla ""En Quête de Silence"" : Taille - P","1","189.00"
"A16058-WPA0301NC04A","805","Carla Palazzo ""Silent Seekers""","1327","Palazzo Carla ""En Quête de Silence"" : Taille - M","1","189.00"
"A16058-WPA0301NC04A","805","Carla Palazzo ""Silent Seekers""","1328","Palazzo Carla ""En Quête de Silence"" : Taille - L","2","189.00"
"A16058-WPA0301NC04A","805","Carla Palazzo ""Silent Seekers""","1329","Palazzo Carla ""En Quête de Silence"" : Taille - XL","1","189.00"
"A16058-WNS0701NC04A","807","Coco Tank ""Silent Seekers""","1435","Débardeur Coco ""En Quête de Silence"" : Taille - XP","1","79.00"
"A16058-WNS0701NC04A","807","Coco Tank ""Silent Seekers""","1436","Débardeur Coco ""En Quête de Silence"" : Taille - P","1","79.00"
"A16058-WNS0701NC04A","807","Coco Tank ""Silent Seekers""","1437","Débardeur Coco ""En Quête de Silence"" : Taille - M","2","79.00"
"A16058-WNS0701NC04A","807","Coco Tank ""Silent Seekers""","1438","Débardeur Coco ""En Quête de Silence"" : Taille - L","1","79.00"
"A16058-WNS0701NC04A","807","Coco Tank ""Silent Seekers""","1439","Débardeur Coco ""En Quête de Silence"" : Taille - XL","1","79.00"
"A16051-WNS0701NC05A","808","Coco Tank ""Northern Keepers""","1430","Débardeur Coco ""Gardiens du Nord"" : Taille - XP","0","79.00"
"A16051-WNS0701NC05A","808","Coco Tank ""Northern Keepers""","1431","Débardeur Coco ""Gardiens du Nord"" : Taille - P","1","79.00"
"A16051-WNS0701NC05A","808","Coco Tank ""Northern Keepers""","1432","Débardeur Coco ""Gardiens du Nord"" : Taille - M","0","79.00"
"A16051-WNS0701NC05A","808","Coco Tank ""Northern Keepers""","1433","Débardeur Coco ""Gardiens du Nord"" : Taille - L","1","79.00"
"A16051-WNS0701NC05A","808","Coco Tank ""Northern Keepers""","1434","Débardeur Coco ""Gardiens du Nord"" : Taille - XL","0","79.00"
"A01028-WNS0701NC08A","809","Coco Tank ""Giving Thanks""","1425","Débardeur Coco ""Rendre Grâce"" : Taille - XP","2","79.00"
"A01028-WNS0701NC08A","809","Coco Tank ""Giving Thanks""","1426","Débardeur Coco ""Rendre Grâce"" : Taille - P","1","79.00"
"A01028-WNS0701NC08A","809","Coco Tank ""Giving Thanks""","1427","Débardeur Coco ""Rendre Grâce"" : Taille - M","1","79.00"
"A01028-WNS0701NC08A","809","Coco Tank ""Giving Thanks""","1428","Débardeur Coco ""Rendre Grâce"" : Taille - L","1","79.00"
"A01028-WNS0701NC08A","809","Coco Tank ""Giving Thanks""","1429","Débardeur Coco ""Rendre Grâce"" : Taille - XL","0","79.00"
"A16058-WSS0901NC04A","820","K Smith T-Shirt ""Silent Seekers""","1405","K Smith T-Shirt ""En Quête de Silence"" : Taille - XP","2","89.00"
"A16058-WSS0901NC04A","820","K Smith T-Shirt ""Silent Seekers""","1406","K Smith T-Shirt ""En Quête de Silence"" : Taille - P","1","89.00"
"A16058-WSS0901NC04A","820","K Smith T-Shirt ""Silent Seekers""","1407","K Smith T-Shirt ""En Quête de Silence"" : Taille - M","1","89.00"
"A16058-WSS0901NC04A","820","K Smith T-Shirt ""Silent Seekers""","1408","K Smith T-Shirt ""En Quête de Silence"" : Taille - L","3","89.00"
"A16058-WSS0901NC04A","820","K Smith T-Shirt ""Silent Seekers""","1409","K Smith T-Shirt ""En Quête de Silence"" : Taille - XL","1","89.00"
"A17063-WSS0901NC02A","821","K Smith T-Shirt ""Depth""","2313","K Smith T-Shirt ""Profondeur"" : Taille - XP","1","89.00"
"A17063-WSS0901NC02A","821","K Smith T-Shirt ""Depth""","2314","K Smith T-Shirt ""Profondeur"" : Taille - P","0","89.00"
"A17063-WSS0901NC02A","821","K Smith T-Shirt ""Depth""","2315","K Smith T-Shirt ""Profondeur"" : Taille - M","0","89.00"
"A17063-WSS0901NC02A","821","K Smith T-Shirt ""Depth""","2316","K Smith T-Shirt ""Profondeur"" : Taille - L","1","89.00"
"A17063-WSS0901NC02A","821","K Smith T-Shirt ""Depth""","2317","K Smith T-Shirt ""Profondeur"" : Taille - XL","0","89.00"
"A17064-WNS0801NC03A","822","Kaplan Tank ""M'Otter Love""","1420","Débardeur Kaplan ""L'Outre Mère"" : Taille - XP","1","129.00"
"A17064-WNS0801NC03A","822","Kaplan Tank ""M'Otter Love""","1421","Débardeur Kaplan ""L'Outre Mère"" : Taille - P","1","129.00"
"A17064-WNS0801NC03A","822","Kaplan Tank ""M'Otter Love""","1422","Débardeur Kaplan ""L'Outre Mère"" : Taille - M","1","129.00"
"A17064-WNS0801NC03A","822","Kaplan Tank ""M'Otter Love""","1423","Débardeur Kaplan ""L'Outre Mère"" : Taille - L","1","129.00"
"A17064-WNS0801NC03A","822","Kaplan Tank ""M'Otter Love""","1424","Débardeur Kaplan ""L'Outre Mère"" : Taille - XL","1","129.00"
"A16058-WNS0801NC04B","823","Kaplan Tank ""Silent Seekers""","1415","Débardeur Kaplan ""En Quête de Silence"" : Taille - XP","1","129.00"
"A16058-WNS0801NC04B","823","Kaplan Tank ""Silent Seekers""","1416","Débardeur Kaplan ""En Quête de Silence"" : Taille - P","1","129.00"
"A16058-WNS0801NC04B","823","Kaplan Tank ""Silent Seekers""","1417","Débardeur Kaplan ""En Quête de Silence"" : Taille - M","0","129.00"
"A16058-WNS0801NC04B","823","Kaplan Tank ""Silent Seekers""","1418","Débardeur Kaplan ""En Quête de Silence"" : Taille - L","1","129.00"
"A16058-WNS0801NC04B","823","Kaplan Tank ""Silent Seekers""","1419","Débardeur Kaplan ""En Quête de Silence"" : Taille - XL","2","129.00"
"A17063-WDR2601NC02A","825","Kate Dress ""Depth""","1395","Robe Kate ""Profondeur"" : Taille - XP","0","169.00"
"A17063-WDR2601NC02A","825","Kate Dress ""Depth""","1396","Robe Kate ""Profondeur"" : Taille - P","1","169.00"
"A17063-WDR2601NC02A","825","Kate Dress ""Depth""","1397","Robe Kate ""Profondeur"" : Taille - M","1","169.00"
"A17063-WDR2601NC02A","825","Kate Dress ""Depth""","1398","Robe Kate ""Profondeur"" : Taille - L","1","169.00"
"A17063-WDR2601NC02A","825","Kate Dress ""Depth""","1399","Robe Kate ""Profondeur"" : Taille - XL","1","169.00"
"A17064-WDR2601NC03D","826","Kate Dress ""M'Otter Love""","1390","Robe Kate ""L'Outre Mère"" : Taille - XP","1","169.00"
"A17064-WDR2601NC03D","826","Kate Dress ""M'Otter Love""","1391","Robe Kate ""L'Outre Mère"" : Taille - P","2","169.00"
"A17064-WDR2601NC03D","826","Kate Dress ""M'Otter Love""","1392","Robe Kate ""L'Outre Mère"" : Taille - M","1","169.00"
"A17064-WDR2601NC03D","826","Kate Dress ""M'Otter Love""","1393","Robe Kate ""L'Outre Mère"" : Taille - L","0","169.00"
"A17064-WDR2601NC03D","826","Kate Dress ""M'Otter Love""","1394","Robe Kate ""L'Outre Mère"" : Taille - XL","1","169.00"
"A16058-WDR2601NC04A","827","Kate Dress ""Silent Seekers""","1385","Robe Kate ""En Quête de Silence"" : Taille - XP","1","169.00"
"A16058-WDR2601NC04A","827","Kate Dress ""Silent Seekers""","1386","Robe Kate ""En Quête de Silence"" : Taille - P","1","169.00"
"A16058-WDR2601NC04A","827","Kate Dress ""Silent Seekers""","1387","Robe Kate ""En Quête de Silence"" : Taille - M","2","169.00"
"A16058-WDR2601NC04A","827","Kate Dress ""Silent Seekers""","1388","Robe Kate ""En Quête de Silence"" : Taille - L","1","169.00"
"A16058-WDR2601NC04A","827","Kate Dress ""Silent Seekers""","1389","Robe Kate ""En Quête de Silence"" : Taille - XL","1","169.00"
"A16051-WDR2601NC05A","828","Kate Dress ""Northern Keepers""","1380","Robe Kate ""Gardiens du Nord"" : Taille - XP","2","169.00"
"A16051-WDR2601NC05A","828","Kate Dress ""Northern Keepers""","1381","Robe Kate ""Gardiens du Nord"" : Taille - P","0","169.00"
"A16051-WDR2601NC05A","828","Kate Dress ""Northern Keepers""","1382","Robe Kate ""Gardiens du Nord"" : Taille - M","2","169.00"
"A16051-WDR2601NC05A","828","Kate Dress ""Northern Keepers""","1383","Robe Kate ""Gardiens du Nord"" : Taille - L","0","169.00"
"A16051-WDR2601NC05A","828","Kate Dress ""Northern Keepers""","1384","Robe Kate ""Gardiens du Nord"" : Taille - XL","2","169.00"
"A01028-WDR2601NC08A","830","Kate Dress ""Giving Thanks""","3042","Robe Kate ""Rendre Grâce"" : Taille - XP","1","169.00"
"A01028-WDR2601NC08A","830","Kate Dress ""Giving Thanks""","3043","Robe Kate ""Rendre Grâce"" : Taille - P","1","169.00"
"A01028-WDR2601NC08A","830","Kate Dress ""Giving Thanks""","3044","Robe Kate ""Rendre Grâce"" : Taille - M","1","169.00"
"A01028-WDR2601NC08A","830","Kate Dress ""Giving Thanks""","3045","Robe Kate ""Rendre Grâce"" : Taille - L","1","169.00"
"A01028-WDR2601NC08A","830","Kate Dress ""Giving Thanks""","3046","Robe Kate ""Rendre Grâce"" : Taille - XL","0","169.00"
"W13023-WDR2601NC09A","831","Kate Dress ""Water and Spirit Buffalo""","1365","Robe Kate ""Eau et Esprit du Bison"" : Taille - XP","2","169.00"
"W13023-WDR2601NC09A","831","Kate Dress ""Water and Spirit Buffalo""","1366","Robe Kate ""Eau et Esprit du Bison"" : Taille - P","1","169.00"
"W13023-WDR2601NC09A","831","Kate Dress ""Water and Spirit Buffalo""","1367","Robe Kate ""Eau et Esprit du Bison"" : Taille - M","0","169.00"
"W13023-WDR2601NC09A","831","Kate Dress ""Water and Spirit Buffalo""","1368","Robe Kate ""Eau et Esprit du Bison"" : Taille - L","0","169.00"
"W13023-WDR2601NC09A","831","Kate Dress ""Water and Spirit Buffalo""","1369","Robe Kate ""Eau et Esprit du Bison"" : Taille - XL","2","169.00"
"A07020-WDR2601NC0AB","832","Kate Dress ""Journey to the Spirit World""","1360","Robe Kate ""Voyage vers le Monde du Songe"" : Taille - XP","0","169.00"
"A07020-WDR2601NC0AB","832","Kate Dress ""Journey to the Spirit World""","1361","Robe Kate ""Voyage vers le Monde du Songe"" : Taille - P","1","169.00"
"A07020-WDR2601NC0AB","832","Kate Dress ""Journey to the Spirit World""","1362","Robe Kate ""Voyage vers le Monde du Songe"" : Taille - M","0","169.00"
"A07020-WDR2601NC0AB","832","Kate Dress ""Journey to the Spirit World""","1363","Robe Kate ""Voyage vers le Monde du Songe"" : Taille - L","0","169.00"
"A07020-WDR2601NC0AB","832","Kate Dress ""Journey to the Spirit World""","1364","Robe Kate ""Voyage vers le Monde du Songe"" : Taille - XL","1","169.00"
"A17063-WAC0201NC02A","845","Vivienne Scarf ""Depth""","","Foulard Vivienne ""Profondeur""","5","59.00"
"A17064-WAC0201NC03A","846","Vivienne Scarf ""M'Otter Love""","","Foulard Vivienne ""L'Outre Mère""","5","59.00"
"A16058-WAC0201NC04A","847","Vivienne Scarf ""Silent Seekers""","","Foulard Vivienne ""En Quête du Silence""","2","59.00"
"A16051-WAC0201NC05A","848","Vivienne Scarf ""Northern Keepers""","","Foulard Vivienne ""Gardiens du Nord""","2","59.00"
"A09006-WAC0201NC06A","849","Vivienne Scarf ""The River Keeper""","","Foulard Vivienne ""La Gardienne de l'Eau""","5","59.00"
"A01028-WAC0201NC08A","851","Vivienne Scarf ""Giving Thanks""","","Foulard Vivienne ""Rendre Grâce""","4","59.00"
"W13023-WAC0201NC09A","852","Vivienne Scarf ""Water and Spirit Buffalo""","","Foulard Vivienne ""Eau et Esprit du Bison""","2","59.00"
"A07020-WAC0201NC0AA","853","Vivienne Scarf ""Journey to the Spirit World""","","Foulard Vivienne ""Voyage Vers le Monde du Songe""","12","59.00"
"A16052-WAC0201NC0BA","854","Vivienne Scarf ""Zenith""","","Foulard Vivienne ""Zenith""","4","59.00"
"A17065-WAC0201NC0CA","855","Vivienne Scarf ""Forest Temple""","","Foulard Vivienne ""Temple de la Forêt""","5","59.00"
"A17063-WSS0701NC02A","856","Yoko Cape Tunic ""Depth""","3177","Yoko Tunique ""Profondeur"" : Taille - XP","1","139.00"
"A17063-WSS0701NC02A","856","Yoko Cape Tunic ""Depth""","3178","Yoko Tunique ""Profondeur"" : Taille - P","1","139.00"
"A17063-WSS0701NC02A","856","Yoko Cape Tunic ""Depth""","3179","Yoko Tunique ""Profondeur"" : Taille - M","1","139.00"
"A17063-WSS0701NC02A","856","Yoko Cape Tunic ""Depth""","3180","Yoko Tunique ""Profondeur"" : Taille - L","1","139.00"
"A17063-WSS0701NC02A","856","Yoko Cape Tunic ""Depth""","3181","Yoko Tunique ""Profondeur"" : Taille - XL","1","139.00"
"A17064-WSS0701NC03C","858","Yoko Cape Tunic ""M'Otter Love""","1465","Yoko Tunique ""L'Outre Mère"" : Taille - XP","1","139.00"
"A17064-WSS0701NC03C","858","Yoko Cape Tunic ""M'Otter Love""","2070","Yoko Tunique ""L'Outre Mère"" : Taille - P","1","139.00"
"A17064-WSS0701NC03C","858","Yoko Cape Tunic ""M'Otter Love""","2071","Yoko Tunique ""L'Outre Mère"" : Taille - M","1","139.00"
"A17064-WSS0701NC03C","858","Yoko Cape Tunic ""M'Otter Love""","2072","Yoko Tunique ""L'Outre Mère"" : Taille - L","1","139.00"
"A17064-WSS0701NC03C","858","Yoko Cape Tunic ""M'Otter Love""","2073","Yoko Tunique ""L'Outre Mère"" : Taille - XL","1","139.00"
"A16058-WSS0701NC04A","859","Yoko Cape Tunic ""Silent Seekers""","1460","Yoko Tunique ""En Quête de silence"" : Taille - XP","2","139.00"
"A16058-WSS0701NC04A","859","Yoko Cape Tunic ""Silent Seekers""","1461","Yoko Tunique ""En Quête de silence"" : Taille - P","0","139.00"
"A16058-WSS0701NC04A","859","Yoko Cape Tunic ""Silent Seekers""","1462","Yoko Tunique ""En Quête de silence"" : Taille - M","1","139.00"
"A16058-WSS0701NC04A","859","Yoko Cape Tunic ""Silent Seekers""","1463","Yoko Tunique ""En Quête de silence"" : Taille - L","2","139.00"
"A16058-WSS0701NC04A","859","Yoko Cape Tunic ""Silent Seekers""","1464","Yoko Tunique ""En Quête de silence"" : Taille - XL","3","139.00"
"W13023-WSS0701NC09A","862","Yoko Cape Tunic ""Water & Spirit Buffalo""","3187","Yoko Tunique ""Eau et Esprit du Bison"" : Taille - XP","1","139.00"
"W13023-WSS0701NC09A","862","Yoko Cape Tunic ""Water & Spirit Buffalo""","3188","Yoko Tunique ""Eau et Esprit du Bison"" : Taille - P","1","139.00"
"W13023-WSS0701NC09A","862","Yoko Cape Tunic ""Water & Spirit Buffalo""","3189","Yoko Tunique ""Eau et Esprit du Bison"" : Taille - M","0","139.00"
"W13023-WSS0701NC09A","862","Yoko Cape Tunic ""Water & Spirit Buffalo""","3190","Yoko Tunique ""Eau et Esprit du Bison"" : Taille - L","1","139.00"
"W13023-WSS0701NC09A","862","Yoko Cape Tunic ""Water & Spirit Buffalo""","3191","Yoko Tunique ""Eau et Esprit du Bison"" : Taille - XL","0","139.00"
"A16059-WSS0701NC0IA","864","Yoko Cape Tunic ""Wisdom Keepers""","1440","Yoko Tunique ""Gardiens de la Sagesse"" : Taille - XP","0","139.00"
"A16059-WSS0701NC0IA","864","Yoko Cape Tunic ""Wisdom Keepers""","1441","Yoko Tunique ""Gardiens de la Sagesse"" : Taille - P","1","139.00"
"A16059-WSS0701NC0IA","864","Yoko Cape Tunic ""Wisdom Keepers""","1442","Yoko Tunique ""Gardiens de la Sagesse"" : Taille - M","0","139.00"
"A16059-WSS0701NC0IA","864","Yoko Cape Tunic ""Wisdom Keepers""","1443","Yoko Tunique ""Gardiens de la Sagesse"" : Taille - L","0","139.00"
"A16059-WSS0701NC0IA","864","Yoko Cape Tunic ""Wisdom Keepers""","1444","Yoko Tunique ""Gardiens de la Sagesse"" : Taille - XL","1","139.00"
"A17064-WSS0901NC03B","865","K Smith T-Shirt ""M'Otter Love""","3312","K Smith T-Shirt ""L'Outre Mère"" : Taille - XP","1","89.00"
"A17064-WSS0901NC03B","865","K Smith T-Shirt ""M'Otter Love""","3313","K Smith T-Shirt ""L'Outre Mère"" : Taille - P","1","89.00"
"A17064-WSS0901NC03B","865","K Smith T-Shirt ""M'Otter Love""","3314","K Smith T-Shirt ""L'Outre Mère"" : Taille - M","1","89.00"
"A17064-WSS0901NC03B","865","K Smith T-Shirt ""M'Otter Love""","3315","K Smith T-Shirt ""L'Outre Mère"" : Taille - L","1","89.00"
"A17064-WSS0901NC03B","865","K Smith T-Shirt ""M'Otter Love""","3316","K Smith T-Shirt ""L'Outre Mère"" : Taille - XL","0","89.00"
"A08011-MSS0701NC0HA","898","Salvadore Tee for Men ""Whisper""","3332","Salvador Tee pour Homme ""Murmure"" : Taille - XP","1","89.00"
"A08011-MSS0701NC0HA","898","Salvadore Tee for Men ""Whisper""","3333","Salvador Tee pour Homme ""Murmure"" : Taille - P","1","89.00"
"A08011-MSS0701NC0HA","898","Salvadore Tee for Men ""Whisper""","3334","Salvador Tee pour Homme ""Murmure"" : Taille - M","1","89.00"
"A08011-MSS0701NC0HA","898","Salvadore Tee for Men ""Whisper""","3335","Salvador Tee pour Homme ""Murmure"" : Taille - L","1","89.00"
"A08011-MSS0701NC0HA","898","Salvadore Tee for Men ""Whisper""","3336","Salvador Tee pour Homme ""Murmure"" : Taille - XL","0","89.00"
"W12018-WDR2601NC0DB","911","Kate Dress ""Early Evening Flowing into Fall""","3037","Robe Kate ""Soirée Glissant vers l'Automne"" : Taille - XP","1","169.00"
"W12018-WDR2601NC0DB","911","Kate Dress ""Early Evening Flowing into Fall""","3038","Robe Kate ""Soirée Glissant vers l'Automne"" : Taille - P","2","169.00"
"W12018-WDR2601NC0DB","911","Kate Dress ""Early Evening Flowing into Fall""","3039","Robe Kate ""Soirée Glissant vers l'Automne"" : Taille - M","0","169.00"
"W12018-WDR2601NC0DB","911","Kate Dress ""Early Evening Flowing into Fall""","3040","Robe Kate ""Soirée Glissant vers l'Automne"" : Taille - L","1","169.00"
"W12018-WDR2601NC0DB","911","Kate Dress ""Early Evening Flowing into Fall""","3041","Robe Kate ""Soirée Glissant vers l'Automne"" : Taille - XL","1","169.00"
"A17065-WDR1001NC0CB","912","Jeanne Dress ""Forest Temple""","3107","Robe Jeanne ""Temple de la Forêt"" : Taille - XP","1","149.00"
"A17065-WDR1001NC0CB","912","Jeanne Dress ""Forest Temple""","3108","Robe Jeanne ""Temple de la Forêt"" : Taille - P","0","149.00"
"A17065-WDR1001NC0CB","912","Jeanne Dress ""Forest Temple""","3109","Robe Jeanne ""Temple de la Forêt"" : Taille - M","1","149.00"
"A17065-WDR1001NC0CB","912","Jeanne Dress ""Forest Temple""","3110","Robe Jeanne ""Temple de la Forêt"" : Taille - L","1","149.00"
"A17065-WDR1001NC0CB","912","Jeanne Dress ""Forest Temple""","3111","Robe Jeanne ""Temple de la Forêt"" : Taille - XL","1","149.00"
"A16059-WBL0301NC0IA","916","Frida Cardigan ""Wisdom Keepers""","2927","Cardigan Frida ""Gardiens de la Sagesse"" : Taille - XP","1","129.00"
"A16059-WBL0301NC0IA","916","Frida Cardigan ""Wisdom Keepers""","2928","Cardigan Frida ""Gardiens de la Sagesse"" : Taille - P","1","129.00"
"A16059-WBL0301NC0IA","916","Frida Cardigan ""Wisdom Keepers""","2929","Cardigan Frida ""Gardiens de la Sagesse"" : Taille - M","1","129.00"
"A16059-WBL0301NC0IA","916","Frida Cardigan ""Wisdom Keepers""","2930","Cardigan Frida ""Gardiens de la Sagesse"" : Taille - L","1","129.00"
"A16059-WBL0301NC0IA","916","Frida Cardigan ""Wisdom Keepers""","2931","Cardigan Frida ""Gardiens de la Sagesse"" : Taille - XL","1","129.00"
"A08011-WBL0301NC0HB","917","Frida Cardigan ""Whisper""","2942","Cardigan Frida ""Murmure"" : Taille - XP","1","129.00"
"A08011-WBL0301NC0HB","917","Frida Cardigan ""Whisper""","2943","Cardigan Frida ""Murmure"" : Taille - P","0","129.00"
"A08011-WBL0301NC0HB","917","Frida Cardigan ""Whisper""","2944","Cardigan Frida ""Murmure"" : Taille - M","1","129.00"
"A08011-WBL0301NC0HB","917","Frida Cardigan ""Whisper""","2945","Cardigan Frida ""Murmure"" : Taille - L","1","129.00"
"A08011-WBL0301NC0HB","917","Frida Cardigan ""Whisper""","2946","Cardigan Frida ""Murmure"" : Taille - XL","0","129.00"
"A17065-WBL0301NC0CB","918","Frida Cardigan ""The Forest Temple""","2937","Cardigan Frida ""Temple de la Forêt"" : Taille - XP","1","129.00"
"A17065-WBL0301NC0CB","918","Frida Cardigan ""The Forest Temple""","2938","Cardigan Frida ""Temple de la Forêt"" : Taille - P","1","129.00"
"A17065-WBL0301NC0CB","918","Frida Cardigan ""The Forest Temple""","2939","Cardigan Frida ""Temple de la Forêt"" : Taille - M","1","129.00"
"A17065-WBL0301NC0CB","918","Frida Cardigan ""The Forest Temple""","2940","Cardigan Frida ""Temple de la Forêt"" : Taille - L","0","129.00"
"A17065-WBL0301NC0CB","918","Frida Cardigan ""The Forest Temple""","2941","Cardigan Frida ""Temple de la Forêt"" : Taille - XL","0","129.00"
"A07020-WBL0301NC0AA","920","Frida Cardigan ""Journey to the Spirit World""","2922","Cardigan Frida ""Voyage vers le Monde du Songe"" : Taille - XP","0","129.00"
"A07020-WBL0301NC0AA","920","Frida Cardigan ""Journey to the Spirit World""","2923","Cardigan Frida ""Voyage vers le Monde du Songe"" : Taille - P","1","129.00"
"A07020-WBL0301NC0AA","920","Frida Cardigan ""Journey to the Spirit World""","2924","Cardigan Frida ""Voyage vers le Monde du Songe"" : Taille - M","1","129.00"
"A07020-WBL0301NC0AA","920","Frida Cardigan ""Journey to the Spirit World""","2925","Cardigan Frida ""Voyage vers le Monde du Songe"" : Taille - L","1","129.00"
"A07020-WBL0301NC0AA","920","Frida Cardigan ""Journey to the Spirit World""","2926","Cardigan Frida ""Voyage vers le Monde du Songe"" : Taille - XL","1","129.00"
"A08013-WNS0801NC0FC","944","Kaplan Tank ""New Day""","3277","Débardeur Kaplan ""Nouveau Jour"" : Taille - XP","1","129.00"
"A08013-WNS0801NC0FC","944","Kaplan Tank ""New Day""","3278","Débardeur Kaplan ""Nouveau Jour"" : Taille - P","2","129.00"
"A08013-WNS0801NC0FC","944","Kaplan Tank ""New Day""","3279","Débardeur Kaplan ""Nouveau Jour"" : Taille - M","0","129.00"
"A08013-WNS0801NC0FC","944","Kaplan Tank ""New Day""","3280","Débardeur Kaplan ""Nouveau Jour"" : Taille - L","0","129.00"
"A08013-WNS0801NC0FC","944","Kaplan Tank ""New Day""","3281","Débardeur Kaplan ""Nouveau Jour"" : Taille - XL","0","129.00"
"A16059-MSS0701NC0DA","952","Salvadore Tee for Men ""Early Evening Flowing Into Fall""","3342","Salvador Tee pour Homme ""Soirée Glissant Vers l'Automne"" : Taille - XP","0","89.00"
"A16059-MSS0701NC0DA","952","Salvadore Tee for Men ""Early Evening Flowing Into Fall""","3343","Salvador Tee pour Homme ""Soirée Glissant Vers l'Automne"" : Taille - P","0","89.00"
"A16059-MSS0701NC0DA","952","Salvadore Tee for Men ""Early Evening Flowing Into Fall""","3344","Salvador Tee pour Homme ""Soirée Glissant Vers l'Automne"" : Taille - M","1","89.00"
"A16059-MSS0701NC0DA","952","Salvadore Tee for Men ""Early Evening Flowing Into Fall""","3345","Salvador Tee pour Homme ""Soirée Glissant Vers l'Automne"" : Taille - L","1","89.00"
"A16059-MSS0701NC0DA","952","Salvadore Tee for Men ""Early Evening Flowing Into Fall""","3346","Salvador Tee pour Homme ""Soirée Glissant Vers l'Automne"" : Taille - XL","1","89.00"
"A10004-WBL0301NC01C","954","Frida Cardigan ""Merging Earth and Sky""","2947","Cardigan  Frida ""Fusion entre Terre et Ciel"" : Taille - XP","1","129.00"
"A10004-WBL0301NC01C","954","Frida Cardigan ""Merging Earth and Sky""","2948","Cardigan  Frida ""Fusion entre Terre et Ciel"" : Taille - P","0","129.00"
"A10004-WBL0301NC01C","954","Frida Cardigan ""Merging Earth and Sky""","2949","Cardigan  Frida ""Fusion entre Terre et Ciel"" : Taille - M","1","129.00"
"A10004-WBL0301NC01C","954","Frida Cardigan ""Merging Earth and Sky""","2950","Cardigan  Frida ""Fusion entre Terre et Ciel"" : Taille - L","1","129.00"
"A10004-WBL0301NC01C","954","Frida Cardigan ""Merging Earth and Sky""","2951","Cardigan  Frida ""Fusion entre Terre et Ciel"" : Taille - XL","0","129.00"
"A17064-WBL0301NC03A","955","Frida Cardigan ""M'Otter Love""","2952","Cardigan Frida ""L'Outre Mère"" : Taille - XP","1","129.00"
"A17064-WBL0301NC03A","955","Frida Cardigan ""M'Otter Love""","2953","Cardigan Frida ""L'Outre Mère"" : Taille - P","1","129.00"
"A17064-WBL0301NC03A","955","Frida Cardigan ""M'Otter Love""","2954","Cardigan Frida ""L'Outre Mère"" : Taille - M","1","129.00"
"A17064-WBL0301NC03A","955","Frida Cardigan ""M'Otter Love""","2955","Cardigan Frida ""L'Outre Mère"" : Taille - L","1","129.00"
"A17064-WBL0301NC03A","955","Frida Cardigan ""M'Otter Love""","2956","Cardigan Frida ""L'Outre Mère"" : Taille - XL","1","129.00"
"A16058-WBL0301NC04A","956","Frida Cardigan ""Silent Seekers""","2957","Cardigan Frida ""En Quête de Silence"" : Taille - XP","1","129.00"
"A16058-WBL0301NC04A","956","Frida Cardigan ""Silent Seekers""","2958","Cardigan Frida ""En Quête de Silence"" : Taille - P","1","129.00"
"A16058-WBL0301NC04A","956","Frida Cardigan ""Silent Seekers""","2959","Cardigan Frida ""En Quête de Silence"" : Taille - M","1","129.00"
"A16058-WBL0301NC04A","956","Frida Cardigan ""Silent Seekers""","2960","Cardigan Frida ""En Quête de Silence"" : Taille - L","2","129.00"
"A16058-WBL0301NC04A","956","Frida Cardigan ""Silent Seekers""","2961","Cardigan Frida ""En Quête de Silence"" : Taille - XL","1","129.00"
"A10004-WAC0201NC01A","961","Vivienne Scarf ""Merging Earth and Sky""","","Foulard Vivienne ""Fusion entre Terre et Ciel""","3","59.00"
"W12018-WAC0201NC0DB","962","Vivienne Scarf ""Early Evening Flowing into Fall""","","Foulard Vivienne ""Soirée Glissant vers l'Automne""","3","59.00"
"A17063-WNS0701NC02A","964","Coco Tank ""Depth""","3297","Débardeur Coco ""Profondeur"" : Taille - XP","1","79.00"
"A17063-WNS0701NC02A","964","Coco Tank ""Depth""","3298","Débardeur Coco ""Profondeur"" : Taille - P","1","79.00"
"A17063-WNS0701NC02A","964","Coco Tank ""Depth""","3299","Débardeur Coco ""Profondeur"" : Taille - M","1","79.00"
"A17063-WNS0701NC02A","964","Coco Tank ""Depth""","3300","Débardeur Coco ""Profondeur"" : Taille - L","1","79.00"
"A17063-WNS0701NC02A","964","Coco Tank ""Depth""","3301","Débardeur Coco ""Profondeur"" : Taille - XL","1","79.00"
"A08013-WNS0701NC0FA","965","Coco Tank ""New Day""","3302","Débardeur Coco ""Nouveau Jour"" : Taille - XP","0","79.00"
"A08013-WNS0701NC0FA","965","Coco Tank ""New Day""","3303","Débardeur Coco ""Nouveau Jour"" : Taille - P","2","79.00"
"A08013-WNS0701NC0FA","965","Coco Tank ""New Day""","3304","Débardeur Coco ""Nouveau Jour"" : Taille - M","1","79.00"
"A08013-WNS0701NC0FA","965","Coco Tank ""New Day""","3305","Débardeur Coco ""Nouveau Jour"" : Taille - L","1","79.00"
"A08013-WNS0701NC0FA","965","Coco Tank ""New Day""","3306","Débardeur Coco ""Nouveau Jour"" : Taille - XL","1","79.00"
"A17064-WNS0701NC03A","966","Coco Tank ""M'Otter Love""","3307","Débardeur Coco ""L'Outre Mère"" : Taille - XP","1","79.00"
"A17064-WNS0701NC03A","966","Coco Tank ""M'Otter Love""","3308","Débardeur Coco ""L'Outre Mère"" : Taille - P","1","79.00"
"A17064-WNS0701NC03A","966","Coco Tank ""M'Otter Love""","3309","Débardeur Coco ""L'Outre Mère"" : Taille - M","1","79.00"
"A17064-WNS0701NC03A","966","Coco Tank ""M'Otter Love""","3310","Débardeur Coco ""L'Outre Mère"" : Taille - L","1","79.00"
"A17064-WNS0701NC03A","966","Coco Tank ""M'Otter Love""","3311","Débardeur Coco ""L'Outre Mère"" : Taille - XL","1","79.00"
"A17064-WBL0601NCO3A","977","Kimono ""M'Otter Love""","2368","Kimono ""L'Outre Mère"" : Taille - TU/OS","3","129.00"
"W12018-WBL0601NCODA","978","Kimono ""Early Evening Flowing into Fall""","2369","Kimono ""Soirée Glissant vers l'Automne"" : Taille - TU/OS","5","129.00"
"A08013-WBL0301NC0FB","986","Frida Cardigan ""New Day""","2962","Cardigan Frida ""Nouveau Jour"" : Taille - XP","1","129.00"
"A08013-WBL0301NC0FB","986","Frida Cardigan ""New Day""","2963","Cardigan Frida ""Nouveau Jour"" : Taille - P","1","129.00"
"A08013-WBL0301NC0FB","986","Frida Cardigan ""New Day""","2964","Cardigan Frida ""Nouveau Jour"" : Taille - M","0","129.00"
"A08013-WBL0301NC0FB","986","Frida Cardigan ""New Day""","2965","Cardigan Frida ""Nouveau Jour"" : Taille - L","0","129.00"
"A08013-WBL0301NC0FB","986","Frida Cardigan ""New Day""","2966","Cardigan Frida ""Nouveau Jour"" : Taille - XL","0","129.00"
"A17063-WBL0301NC02A","987","Frida Cardigan ""Depth""","2967","Cardigan Frida ""Profondeur"" : Taille - XP","1","129.00"
"A17063-WBL0301NC02A","987","Frida Cardigan ""Depth""","2968","Cardigan Frida ""Profondeur"" : Taille - P","1","129.00"
"A17063-WBL0301NC02A","987","Frida Cardigan ""Depth""","2969","Cardigan Frida ""Profondeur"" : Taille - M","1","129.00"
"A17063-WBL0301NC02A","987","Frida Cardigan ""Depth""","2970","Cardigan Frida ""Profondeur"" : Taille - L","1","129.00"
"A17063-WBL0301NC02A","987","Frida Cardigan ""Depth""","2971","Cardigan Frida ""Profondeur"" : Taille - XL","1","129.00"
"W12018-WBL0301NC0DA","988","Frida Cardigan ""Early Evening Flowing into Fall""","2972","Cardigan Frida ""Soirée Glissant vers l'Automne"" : Taille - XP","0","129.00"
"W12018-WBL0301NC0DA","988","Frida Cardigan ""Early Evening Flowing into Fall""","2973","Cardigan Frida ""Soirée Glissant vers l'Automne"" : Taille - P","0","129.00"
"W12018-WBL0301NC0DA","988","Frida Cardigan ""Early Evening Flowing into Fall""","2974","Cardigan Frida ""Soirée Glissant vers l'Automne"" : Taille - M","1","129.00"
"W12018-WBL0301NC0DA","988","Frida Cardigan ""Early Evening Flowing into Fall""","2975","Cardigan Frida ""Soirée Glissant vers l'Automne"" : Taille - L","1","129.00"
"W12018-WBL0301NC0DA","988","Frida Cardigan ""Early Evening Flowing into Fall""","2976","Cardigan Frida ""Soirée Glissant vers l'Automne"" : Taille - XL","1","129.00"
"A08013-WPA0401NC0FB","990","Jackie Legging ""New Day""","3017","Legging Jackie ""Nouveau Jour"" : Taille - XP","1","109.00"
"A08013-WPA0401NC0FB","990","Jackie Legging ""New Day""","3018","Legging Jackie ""Nouveau Jour"" : Taille - P","0","109.00"
"A08013-WPA0401NC0FB","990","Jackie Legging ""New Day""","3019","Legging Jackie ""Nouveau Jour"" : Taille - M","0","109.00"
"A08013-WPA0401NC0FB","990","Jackie Legging ""New Day""","3020","Legging Jackie ""Nouveau Jour"" : Taille - L","1","109.00"
"A08013-WPA0401NC0FB","990","Jackie Legging ""New Day""","3021","Legging Jackie ""Nouveau Jour"" : Taille - XL","0","109.00"
"A13041-WAC0201NC0EA","994","Vivienne Scarf ""Lapinx""","","Foulard Vivienne ""Lapinx""","4","59.00"
"W17062-WAC0201NC0GC","996","Vivienne Scarf ""Horizon""","","Foulard Vivienne ""Horizon""","3","59.00"
"A08013-WAC0201NC0FC","997","Vivienne Scarf ""New Day""","","Foulard Vivienne ""Nouveau Jour""","2","59.00"
"A08011-WAC0201NC0HB","998","Vivienne Scarf ""Whisper""","","Foulard Vivienne ""Murmure""","3","59.00"
"A16059-WAC0201NC0IA","999","Vivienne Scarf ""Wisdom Keepers""","","Foulard Vivienne ""Gardiens de la Sagesse""","5","59.00"
"A16059-WDR2601NC01B","1006","Kate Dress ""Wisdom Keepers""","3067","Robe Kate ""Gardiens de la Sagesse"" : Taille - XP","1","169.00"
"A16059-WDR2601NC01B","1006","Kate Dress ""Wisdom Keepers""","3068","Robe Kate ""Gardiens de la Sagesse"" : Taille - P","1","169.00"
"A16059-WDR2601NC01B","1006","Kate Dress ""Wisdom Keepers""","3069","Robe Kate ""Gardiens de la Sagesse"" : Taille - M","2","169.00"
"A16059-WDR2601NC01B","1006","Kate Dress ""Wisdom Keepers""","3070","Robe Kate ""Gardiens de la Sagesse"" : Taille - L","1","169.00"
"A16059-WDR2601NC01B","1006","Kate Dress ""Wisdom Keepers""","3071","Robe Kate ""Gardiens de la Sagesse"" : Taille - XL","3","169.00"
"A01028-WBL0301NC08A","1010","Frida Cardigan ""Giving Thanks""","2977","Cardigan Frida ""Rendre Grâce"" : Taille - XP","2","129.00"
"A01028-WBL0301NC08A","1010","Frida Cardigan ""Giving Thanks""","2978","Cardigan Frida ""Rendre Grâce"" : Taille - P","0","129.00"
"A01028-WBL0301NC08A","1010","Frida Cardigan ""Giving Thanks""","2979","Cardigan Frida ""Rendre Grâce"" : Taille - M","2","129.00"
"A01028-WBL0301NC08A","1010","Frida Cardigan ""Giving Thanks""","2980","Cardigan Frida ""Rendre Grâce"" : Taille - L","2","129.00"
"A01028-WBL0301NC08A","1010","Frida Cardigan ""Giving Thanks""","2981","Cardigan Frida ""Rendre Grâce"" : Taille - XL","0","129.00"
"W18053-WDR2601NC0JB","1014","Kate Dress ""Northern Masters""","3077","Robe Kate ""Maîtres du Nord"" : Taille - XP","1","169.00"
"W18053-WDR2601NC0JB","1014","Kate Dress ""Northern Masters""","3078","Robe Kate ""Maîtres du Nord"" : Taille - P","1","169.00"
"W18053-WDR2601NC0JB","1014","Kate Dress ""Northern Masters""","3079","Robe Kate ""Maîtres du Nord"" : Taille - M","0","169.00"
"W18053-WDR2601NC0JB","1014","Kate Dress ""Northern Masters""","3080","Robe Kate ""Maîtres du Nord"" : Taille - L","0","169.00"
"W18053-WDR2601NC0JB","1014","Kate Dress ""Northern Masters""","3081","Robe Kate ""Maîtres du Nord"" : Taille - XL","0","169.00"
"A17063-WSK040NCO2A","1016","Alex Skirt ""Depth""","3002","Jupe Alex ""Profondeur"" : Taille - XP","0","139.00"
"A17063-WSK040NCO2A","1016","Alex Skirt ""Depth""","3003","Jupe Alex ""Profondeur"" : Taille - P","0","139.00"
"A17063-WSK040NCO2A","1016","Alex Skirt ""Depth""","3004","Jupe Alex ""Profondeur"" : Taille - M","0","139.00"
"A17063-WSK040NCO2A","1016","Alex Skirt ""Depth""","3005","Jupe Alex ""Profondeur"" : Taille - L","1","139.00"
"A17063-WSK040NCO2A","1016","Alex Skirt ""Depth""","3006","Jupe Alex ""Profondeur"" : Taille - XL","1","139.00"
"A16058-WBL0601NCO4A","1059","Kimono ""Silent Seekers""","2867","Kimono ""En Quête de Silence"" : Taille - TU/OS","8","129.00"
"A16058-WLS1701NC04A","1065","Mia Turtleneck ""Silent Seekers""","3262","Col Roulé Mia ""En Quête de Silence"" : Taille - XP","0","149.00"
"A16058-WLS1701NC04A","1065","Mia Turtleneck ""Silent Seekers""","3263","Col Roulé Mia ""En Quête de Silence"" : Taille - P","1","149.00"
"A16058-WLS1701NC04A","1065","Mia Turtleneck ""Silent Seekers""","3264","Col Roulé Mia ""En Quête de Silence"" : Taille - M","0","149.00"
"A16058-WLS1701NC04A","1065","Mia Turtleneck ""Silent Seekers""","3265","Col Roulé Mia ""En Quête de Silence"" : Taille - L","1","149.00"
"A16058-WLS1701NC04A","1065","Mia Turtleneck ""Silent Seekers""","3266","Col Roulé Mia ""En Quête de Silence"" : Taille - XL","1","149.00"
"W13023-WNS0801NC0IB","2408","Kaplan Tank ""Wisdom Keepers""","6663","Débardeur Kaplan ""Gardiens de la Sagesse"" : Taille - P","1","129.00"
"W13023-WNS0801NC0IB","2408","Kaplan Tank ""Wisdom Keepers""","6664","Débardeur Kaplan ""Gardiens de la Sagesse"" : Taille - M","0","129.00"
"W13023-WNS0801NC0IB","2408","Kaplan Tank ""Wisdom Keepers""","6665","Débardeur Kaplan ""Gardiens de la Sagesse"" : Taille - L","1","129.00"
"W13023-WNS0801NC0IB","2408","Kaplan Tank ""Wisdom Keepers""","6666","Débardeur Kaplan ""Gardiens de la Sagesse"" : Taille - XL","0","129.00"
"W13023-WNS0801NC0IB","2408","Kaplan Tank ""Wisdom Keepers""","6667","Débardeur Kaplan ""Gardiens de la Sagesse"" : Taille - XP","1","129.00"
"A17064-WDR4101NC03A","2910","Michelle II Dress ""M'Otter Love""","6855","Robe Michelle II ""L'Outre Mère"" : Taille - P","1","149.00"
"A17064-WDR4101NC03A","2910","Michelle II Dress ""M'Otter Love""","6856","Robe Michelle II ""L'Outre Mère"" : Taille - M","1","149.00"
"A17064-WDR4101NC03A","2910","Michelle II Dress ""M'Otter Love""","6857","Robe Michelle II ""L'Outre Mère"" : Taille - L","1","149.00"
"A17064-WDR4101NC03A","2910","Michelle II Dress ""M'Otter Love""","6858","Robe Michelle II ""L'Outre Mère"" : Taille - XL","1","149.00"
"A17064-WDR4101NC03A","2910","Michelle II Dress ""M'Otter Love""","6859","Robe Michelle II ""L'Outre Mère"" : Taille - XP","1","149.00"
"A16058-MSS0701NC04A","4056","Salvadore Tee for Men ""Silent Seekers""","7535","Salvador Tee pour Homme ""Quête de Silence"" : Taille - P","1","89.00"
"A16058-MSS0701NC04A","4056","Salvadore Tee for Men ""Silent Seekers""","7536","Salvador Tee pour Homme ""Quête de Silence"" : Taille - M","1","89.00"
"A16058-MSS0701NC04A","4056","Salvadore Tee for Men ""Silent Seekers""","7537","Salvador Tee pour Homme ""Quête de Silence"" : Taille - L","0","89.00"
"A16058-MSS0701NC04A","4056","Salvadore Tee for Men ""Silent Seekers""","7538","Salvador Tee pour Homme ""Quête de Silence"" : Taille - XL","1","89.00"
"A16058-MSS0701NC04A","4056","Salvadore Tee for Men ""Silent Seekers""","7539","Salvador Tee pour Homme ""Quête de Silence"" : Taille - XP","0","89.00"
"A14051-WAC0201NC0TA","4864","Vivienne Scarf ""Under the Same Sky""","","Foulard Vivienne ""Sous le Même Ciel""","7","59.00"
"A14051-WAC0201NC0UA","4865","Vivienne Scarf ""Gezaluwejit""","","Foulard Vivienne ""Gezaluwejit""","2","59.00"
"A18066-WBL0601NCOUA","4867","Kimono ""Under the Same Sky""","7984","Kimono ""Sous le Même Ciel"" : Taille - TU/OS","2","129.00"
"A14051-WDR2601NC0TA","4871","Kate Dress ""Gezaluwejit""","7985","Robe Kate ""Gezaluwejit"" : Taille - P","1","169.00"
"A14051-WDR2601NC0TA","4871","Kate Dress ""Gezaluwejit""","7986","Robe Kate ""Gezaluwejit"" : Taille - M","0","169.00"
"A14051-WDR2601NC0TA","4871","Kate Dress ""Gezaluwejit""","7987","Robe Kate ""Gezaluwejit"" : Taille - L","0","169.00"
"A14051-WDR2601NC0TA","4871","Kate Dress ""Gezaluwejit""","7988","Robe Kate ""Gezaluwejit"" : Taille - XL","0","169.00"
"A14051-WDR2601NC0TA","4871","Kate Dress ""Gezaluwejit""","7989","Robe Kate ""Gezaluwejit"" : Taille - XP","1","169.00"
"A18066-WDR2601NC0UA","4872","Kate Dress ""Under the Same Sky""","7990","Robe Kate ""Sous le Même Ciel"" : Taille - P","1","169.00"
"A18066-WDR2601NC0UA","4872","Kate Dress ""Under the Same Sky""","7991","Robe Kate ""Sous le Même Ciel"" : Taille - M","1","169.00"
"A18066-WDR2601NC0UA","4872","Kate Dress ""Under the Same Sky""","7992","Robe Kate ""Sous le Même Ciel"" : Taille - L","1","169.00"
"A18066-WDR2601NC0UA","4872","Kate Dress ""Under the Same Sky""","7993","Robe Kate ""Sous le Même Ciel"" : Taille - XL","1","169.00"
"A18066-WDR2601NC0UA","4872","Kate Dress ""Under the Same Sky""","7994","Robe Kate ""Sous le Même Ciel"" : Taille - XP","1","169.00"
"A18066-WPA0301NC0UA","5121","Carla Palazzo ""Under the Same Sky""","8002","Palazzo Carla ""Sous le Même Ciel"" : Taille - P","2","189.00"
"A18066-WPA0301NC0UA","5121","Carla Palazzo ""Under the Same Sky""","8003","Palazzo Carla ""Sous le Même Ciel"" : Taille - M","1","189.00"
"A18066-WPA0301NC0UA","5121","Carla Palazzo ""Under the Same Sky""","8004","Palazzo Carla ""Sous le Même Ciel"" : Taille - L","1","189.00"
"A18066-WPA0301NC0UA","5121","Carla Palazzo ""Under the Same Sky""","8005","Palazzo Carla ""Sous le Même Ciel"" : Taille - XL","1","189.00"
"A18066-WPA0301NC0UA","5121","Carla Palazzo ""Under the Same Sky""","8006","Palazzo Carla ""Sous le Même Ciel"" : Taille - XP","0","189.00"
"A14051-WPA0301NC0TA","5122","Carla Palazzo ""Gezaluwejit""","8007","Palazzo Carla ""Gezaluwejit"" : Taille - P","1","189.00"
"A14051-WPA0301NC0TA","5122","Carla Palazzo ""Gezaluwejit""","8008","Palazzo Carla ""Gezaluwejit"" : Taille - M","0","189.00"
"A14051-WPA0301NC0TA","5122","Carla Palazzo ""Gezaluwejit""","8009","Palazzo Carla ""Gezaluwejit"" : Taille - L","0","189.00"
"A14051-WPA0301NC0TA","5122","Carla Palazzo ""Gezaluwejit""","8010","Palazzo Carla ""Gezaluwejit"" : Taille - XL","1","189.00"
"A14051-WPA0301NC0TA","5122","Carla Palazzo ""Gezaluwejit""","8011","Palazzo Carla ""Gezaluwejit"" : Taille - XP","1","189.00"
"A16058-WSS1401NC04A","5188","Kiki T-Shirt ""Silent Seekers"" Plus Size","8027","Kiki T-shirt ""En Quête de Silence"" Taille Plus : Taille - 1X","0","89.00"
"A16058-WSS1401NC04A","5188","Kiki T-Shirt ""Silent Seekers"" Plus Size","8028","Kiki T-shirt ""En Quête de Silence"" Taille Plus : Taille - 2X","3","89.00"
"A16058-WSS1401NC04A","5188","Kiki T-Shirt ""Silent Seekers"" Plus Size","8029","Kiki T-shirt ""En Quête de Silence"" Taille Plus : Taille - 3X","2","89.00"
"A18066-WNS0701NC0UA","5217","Coco Tank ""Under the Same Sky""","8041","Débardeur Coco ""Sous le Même Ciel"" : Taille - P","0","79.00"
"A18066-WNS0701NC0UA","5217","Coco Tank ""Under the Same Sky""","8042","Débardeur Coco ""Sous le Même Ciel"" : Taille - M","2","79.00"
"A18066-WNS0701NC0UA","5217","Coco Tank ""Under the Same Sky""","8043","Débardeur Coco ""Sous le Même Ciel"" : Taille - L","2","79.00"
"A18066-WNS0701NC0UA","5217","Coco Tank ""Under the Same Sky""","8044","Débardeur Coco ""Sous le Même Ciel"" : Taille - XL","0","79.00"
"A18066-WNS0701NC0UA","5217","Coco Tank ""Under the Same Sky""","8045","Débardeur Coco ""Sous le Même Ciel"" : Taille - XP","0","79.00"
"A18066-WLS01701NC0UA","5224","Mia Turtleneck ""Under the Same Sky""","8046","Col Roulé Mia ""Sous le Même Ciel"" : Taille - P","1","149.00"
"A18066-WLS01701NC0UA","5224","Mia Turtleneck ""Under the Same Sky""","8047","Col Roulé Mia ""Sous le Même Ciel"" : Taille - M","0","149.00"
"A18066-WLS01701NC0UA","5224","Mia Turtleneck ""Under the Same Sky""","8048","Col Roulé Mia ""Sous le Même Ciel"" : Taille - L","1","149.00"
"A18066-WLS01701NC0UA","5224","Mia Turtleneck ""Under the Same Sky""","8049","Col Roulé Mia ""Sous le Même Ciel"" : Taille - XL","0","149.00"
"A18066-WLS01701NC0UA","5224","Mia Turtleneck ""Under the Same Sky""","8050","Col Roulé Mia ""Sous le Même Ciel"" : Taille - XP","1","149.00"
"A14051-WAC0601NC0TA","5225","Claudia Shawl ""Gezaluwejit""","","Châle Claudia ""Gezaluwejit""","3","109.00"
"A14051-WLS1301NCOTA","5708","Jamie Top ""Gezaluwejit""","8069","Haut Jamie ""Gezaluwejit"" : Taille - XP","1","129.00"
"A14051-WLS1301NCOTA","5708","Jamie Top ""Gezaluwejit""","8070","Haut Jamie ""Gezaluwejit"" : Taille - P","1","129.00"
"A14051-WLS1301NCOTA","5708","Jamie Top ""Gezaluwejit""","8071","Haut Jamie ""Gezaluwejit"" : Taille - M","1","129.00"
"A14051-WLS1301NCOTA","5708","Jamie Top ""Gezaluwejit""","8072","Haut Jamie ""Gezaluwejit"" : Taille - L","1","129.00"
"A14051-WLS1301NCOTA","5708","Jamie Top ""Gezaluwejit""","8073","Haut Jamie ""Gezaluwejit"" : Taille - XL","0","129.00"
"W12018-WPA0701NC0DA","5721","Parma Capri ""Early Evening Flowing into Fall""","8079","Capri Parma ""Soirée Glissant vers l'Automne"" : Taille - XP","0","129.00"
"W12018-WPA0701NC0DA","5721","Parma Capri ""Early Evening Flowing into Fall""","8080","Capri Parma ""Soirée Glissant vers l'Automne"" : Taille - P","1","129.00"
"W12018-WPA0701NC0DA","5721","Parma Capri ""Early Evening Flowing into Fall""","8081","Capri Parma ""Soirée Glissant vers l'Automne"" : Taille - M","1","129.00"
"W12018-WPA0701NC0DA","5721","Parma Capri ""Early Evening Flowing into Fall""","8082","Capri Parma ""Soirée Glissant vers l'Automne"" : Taille - L","0","129.00"
"W12018-WPA0701NC0DA","5721","Parma Capri ""Early Evening Flowing into Fall""","8083","Capri Parma ""Soirée Glissant vers l'Automne"" : Taille - XL","0","129.00"
"A14051-WLS0701NC0TA","5724","Marlene Top ""Gezaluwejit""","8104","Taille - XP","0","139.00"
"A14051-WLS0701NC0TA","5724","Marlene Top ""Gezaluwejit""","8105","Taille - P","0","139.00"
"A14051-WLS0701NC0TA","5724","Marlene Top ""Gezaluwejit""","8106","Taille - M","1","139.00"
"A14051-WLS0701NC0TA","5724","Marlene Top ""Gezaluwejit""","8107","Taille - XL","1","139.00"
"A14051-WLS0701NC0TA","5724","Marlene Top ""Gezaluwejit""","8108","Taille - L","1","139.00"
"W13023-WNS0701NC09A","5725","Coco Tank ""Water and Spirit Buffalo""","8110","Débardeur Coco ""Eau et Esprit du Bison"" : Taille - XP","0","79.00"
"W13023-WNS0701NC09A","5725","Coco Tank ""Water and Spirit Buffalo""","8111","Débardeur Coco ""Eau et Esprit du Bison"" : Taille - P","1","79.00"
"W13023-WNS0701NC09A","5725","Coco Tank ""Water and Spirit Buffalo""","8112","Débardeur Coco ""Eau et Esprit du Bison"" : Taille - M","1","79.00"
"W13023-WNS0701NC09A","5725","Coco Tank ""Water and Spirit Buffalo""","8113","Débardeur Coco ""Eau et Esprit du Bison"" : Taille - L","1","79.00"
"W13023-WNS0701NC09A","5725","Coco Tank ""Water and Spirit Buffalo""","8114","Débardeur Coco ""Eau et Esprit du Bison"" : Taille - XL","0","79.00"
"A18066-WLS0701NC0UA","6565","Marlene Top ""Under the Same Sky""","8129","Marlene Top ""Sous le Même Ciel"" : Taille - P","0","139.00"
"A18066-WLS0701NC0UA","6565","Marlene Top ""Under the Same Sky""","8130","Marlene Top ""Sous le Même Ciel"" : Taille - M","0","139.00"
"A18066-WLS0701NC0UA","6565","Marlene Top ""Under the Same Sky""","8131","Marlene Top ""Sous le Même Ciel"" : Taille - XL","1","139.00"
"A18066-WLS0701NC0UA","6565","Marlene Top ""Under the Same Sky""","8132","Marlene Top ""Sous le Même Ciel"" : Taille - L","1","139.00"
"A18066-WLS0701NC0UA","6565","Marlene Top ""Under the Same Sky""","8133","Marlene Top ""Sous le Même Ciel"" : Taille - XP","1","139.00"
"A16051-WBL1101NC05A","8844","Nikki Cardigan ""Northern Keepers""","8289","Cardigan Nikki ""Gardiens du Nord"" : Taille - XP","1","159.00"
"A16051-WBL1101NC05A","8844","Nikki Cardigan ""Northern Keepers""","8290","Cardigan Nikki ""Gardiens du Nord"" : Taille - P","1","159.00"
"A16051-WBL1101NC05A","8844","Nikki Cardigan ""Northern Keepers""","8291","Cardigan Nikki ""Gardiens du Nord"" : Taille - M","0","159.00"
"A16051-WBL1101NC05A","8844","Nikki Cardigan ""Northern Keepers""","8292","Cardigan Nikki ""Gardiens du Nord"" : Taille - L","1","159.00"
"A16051-WBL1101NC05A","8844","Nikki Cardigan ""Northern Keepers""","8293","Cardigan Nikki ""Gardiens du Nord"" : Taille - XL","1","159.00"
"W12005-WLS1701NC0WA","8964","Mia Turtleneck ""Earth Keeper""","8309","Col Roulé Mia ""Gardienne de la Terre"" : Taille - P","1","149.00"
"W12005-WLS1701NC0WA","8964","Mia Turtleneck ""Earth Keeper""","8310","Col Roulé Mia ""Gardienne de la Terre"" : Taille - M","1","149.00"
"W12005-WLS1701NC0WA","8964","Mia Turtleneck ""Earth Keeper""","8311","Col Roulé Mia ""Gardienne de la Terre"" : Taille - L","1","149.00"
"W12005-WLS1701NC0WA","8964","Mia Turtleneck ""Earth Keeper""","8312","Col Roulé Mia ""Gardienne de la Terre"" : Taille - XL","1","149.00"
"W12005-WLS1701NC0WA","8964","Mia Turtleneck ""Earth Keeper""","8313","Col Roulé Mia ""Gardienne de la Terre"" : Taille - XP","1","149.00"
"A20055-WDR3801NC0YA","8968","Felicia ""Refuge""","8327","Taille - P","1","149.00"
"A20055-WDR3801NC0YA","8968","Felicia ""Refuge""","8328","Taille - M","1","149.00"
"A20055-WDR3801NC0YA","8968","Felicia ""Refuge""","8329","Taille - L","2","149.00"
"A20055-WDR3801NC0YA","8968","Felicia ""Refuge""","8330","Taille - XL","0","149.00"
"A20055-WDR3801NC0YA","8968","Felicia ""Refuge""","8331","Taille - XP","1","149.00"
"A12005-WDR3801NC0WA","8969","Felicia ""Earth Keeper""","8332","Felicia ""Gardienne de la Terre"" : Taille - P","1","149.00"
"A12005-WDR3801NC0WA","8969","Felicia ""Earth Keeper""","8333","Felicia ""Gardienne de la Terre"" : Taille - M","1","149.00"
"A12005-WDR3801NC0WA","8969","Felicia ""Earth Keeper""","8334","Felicia ""Gardienne de la Terre"" : Taille - L","1","149.00"
"A12005-WDR3801NC0WA","8969","Felicia ""Earth Keeper""","8335","Felicia ""Gardienne de la Terre"" : Taille - XL","1","149.00"
"A12005-WDR3801NC0WA","8969","Felicia ""Earth Keeper""","8336","Felicia ""Gardienne de la Terre"" : Taille - XP","1","149.00"
"A01031-WDR3801NC0XA","8970","Felicia ""Honoring the Giver of Life""","8337","Felicia ""Rendre Grâce"" : Taille - P","1","149.00"
"A01031-WDR3801NC0XA","8970","Felicia ""Honoring the Giver of Life""","8338","Felicia ""Rendre Grâce"" : Taille - M","1","149.00"
"A01031-WDR3801NC0XA","8970","Felicia ""Honoring the Giver of Life""","8339","Felicia ""Rendre Grâce"" : Taille - L","1","149.00"
"A01031-WDR3801NC0XA","8970","Felicia ""Honoring the Giver of Life""","8340","Felicia ""Rendre Grâce"" : Taille - XL","0","149.00"
"A01031-WDR3801NC0XA","8970","Felicia ""Honoring the Giver of Life""","8341","Felicia ""Rendre Grâce"" : Taille - XP","1","149.00"
"A17063-WDR3801NC02A","8971","Felicia ""Depth""","8342","Felicia ""Profondeur"" : Taille - P","0","149.00"
"A17063-WDR3801NC02A","8971","Felicia ""Depth""","8343","Felicia ""Profondeur"" : Taille - M","0","149.00"
"A17063-WDR3801NC02A","8971","Felicia ""Depth""","8344","Felicia ""Profondeur"" : Taille - L","1","149.00"
"A17063-WDR3801NC02A","8971","Felicia ""Depth""","8345","Felicia ""Profondeur"" : Taille - XL","1","149.00"
"A17063-WDR3801NC02A","8971","Felicia ""Depth""","8346","Felicia ""Profondeur"" : Taille - XP","0","149.00"
"W12005-WDR4001NC0WA","8973","Amanda II ""Earth Keeper""","8347","Amanda II ""Gardienne de la Terre"" : Taille - XP","0","119.00"
"W12005-WDR4001NC0WA","8973","Amanda II ""Earth Keeper""","8348","Amanda II ""Gardienne de la Terre"" : Taille - P","0","119.00"
"W12005-WDR4001NC0WA","8973","Amanda II ""Earth Keeper""","8349","Amanda II ""Gardienne de la Terre"" : Taille - M","1","119.00"
"W12005-WDR4001NC0WA","8973","Amanda II ""Earth Keeper""","8350","Amanda II ""Gardienne de la Terre"" : Taille - L","0","119.00"
"W12005-WDR4001NC0WA","8973","Amanda II ""Earth Keeper""","8351","Amanda II ""Gardienne de la Terre"" : Taille - XL","1","119.00"
"W20055-WDR4001NC0YA","8974","Amanda II ""Refuge""","8352","Taille - P","1","119.00"
"W20055-WDR4001NC0YA","8974","Amanda II ""Refuge""","8353","Taille - M","0","119.00"
"W20055-WDR4001NC0YA","8974","Amanda II ""Refuge""","8354","Taille - L","0","119.00"
"W20055-WDR4001NC0YA","8974","Amanda II ""Refuge""","8355","Taille - XL","1","119.00"
"W20055-WDR4001NC0YA","8974","Amanda II ""Refuge""","8356","Taille - XP","1","119.00"
"W01031-WDR4001NC0XA","8975","Amanda II ""Honoring the Giver of Life""","8357","Amanda II ""Hommage à la Source de Vie"" : Taille - P","1","119.00"
"W01031-WDR4001NC0XA","8975","Amanda II ""Honoring the Giver of Life""","8358","Amanda II ""Hommage à la Source de Vie"" : Taille - M","1","119.00"
"W01031-WDR4001NC0XA","8975","Amanda II ""Honoring the Giver of Life""","8359","Amanda II ""Hommage à la Source de Vie"" : Taille - L","1","119.00"
"W01031-WDR4001NC0XA","8975","Amanda II ""Honoring the Giver of Life""","8360","Amanda II ""Hommage à la Source de Vie"" : Taille - XL","0","119.00"
"W01031-WDR4001NC0XA","8975","Amanda II ""Honoring the Giver of Life""","8361","Amanda II ""Hommage à la Source de Vie"" : Taille - XP","1","119.00"
"A14051-WDR3801NC0TA","8976","Felicia ""Gezaluwejit""","8362","Taille - P","1","149.00"
"A14051-WDR3801NC0TA","8976","Felicia ""Gezaluwejit""","8363","Taille - M","0","149.00"
"A14051-WDR3801NC0TA","8976","Felicia ""Gezaluwejit""","8364","Taille - L","1","149.00"
"A14051-WDR3801NC0TA","8976","Felicia ""Gezaluwejit""","8365","Taille - XL","1","149.00"
"A14051-WDR3801NC0TA","8976","Felicia ""Gezaluwejit""","8366","Taille - XP","1","149.00"
"A14051-WDR4201NC0TA","8977","Daniela Maxi ""Gezaluwejit""","8367","Taille - XP","1","199.00"
"A14051-WDR4201NC0TA","8977","Daniela Maxi ""Gezaluwejit""","8368","Taille - P","1","199.00"
"A14051-WDR4201NC0TA","8977","Daniela Maxi ""Gezaluwejit""","8369","Taille - M","1","199.00"
"A14051-WDR4201NC0TA","8977","Daniela Maxi ""Gezaluwejit""","8370","Taille - L","1","199.00"
"A14051-WDR4201NC0TA","8977","Daniela Maxi ""Gezaluwejit""","8371","Taille - XL","1","199.00"
"A17063-WSK0501NC02A","8981","Elaine Skirt ""Depth""","8392","Jupe Elaine ""Profondeur"" : Taille - XP","0","149.00"
"A17063-WSK0501NC02A","8981","Elaine Skirt ""Depth""","8393","Jupe Elaine ""Profondeur"" : Taille - P","0","149.00"
"A17063-WSK0501NC02A","8981","Elaine Skirt ""Depth""","8394","Jupe Elaine ""Profondeur"" : Taille - M","1","149.00"
"A17063-WSK0501NC02A","8981","Elaine Skirt ""Depth""","8395","Jupe Elaine ""Profondeur"" : Taille - L","0","149.00"
"A17063-WSK0501NC02A","8981","Elaine Skirt ""Depth""","8396","Jupe Elaine ""Profondeur"" : Taille - XL","1","149.00"
"A07020-WSK0501NC0AA","8982","Elaine Skirt ""Journey to the Spirit World""","8397","Jupe Elaine ""Voyage Vers le Monde du Songe"" : Taille - XP","1","149.00"
"A07020-WSK0501NC0AA","8982","Elaine Skirt ""Journey to the Spirit World""","8398","Jupe Elaine ""Voyage Vers le Monde du Songe"" : Taille - P","2","149.00"
"A07020-WSK0501NC0AA","8982","Elaine Skirt ""Journey to the Spirit World""","8399","Jupe Elaine ""Voyage Vers le Monde du Songe"" : Taille - M","0","149.00"
"A07020-WSK0501NC0AA","8982","Elaine Skirt ""Journey to the Spirit World""","8400","Jupe Elaine ""Voyage Vers le Monde du Songe"" : Taille - L","2","149.00"
"A07020-WSK0501NC0AA","8982","Elaine Skirt ""Journey to the Spirit World""","8401","Jupe Elaine ""Voyage Vers le Monde du Songe"" : Taille - XL","0","149.00"
"A16051-MSS0701NC05A","8983","Salvadore Tee for Men ""Northern Keepers""","8382","Salvador Tee pour Homme ""Gardiens du Nord"" : Taille - P","1","89.00"
"A16051-MSS0701NC05A","8983","Salvadore Tee for Men ""Northern Keepers""","8383","Salvador Tee pour Homme ""Gardiens du Nord"" : Taille - M","0","89.00"
"A16051-MSS0701NC05A","8983","Salvadore Tee for Men ""Northern Keepers""","8384","Salvador Tee pour Homme ""Gardiens du Nord"" : Taille - L","0","89.00"
"A16051-MSS0701NC05A","8983","Salvadore Tee for Men ""Northern Keepers""","8385","Salvador Tee pour Homme ""Gardiens du Nord"" : Taille - XL","1","89.00"
"A16051-MSS0701NC05A","8983","Salvadore Tee for Men ""Northern Keepers""","8386","Salvador Tee pour Homme ""Gardiens du Nord"" : Taille - XP","0","89.00"
"A16051-WSS1201NC05A","8987","Sylvie Tunic ""Northern Keepers""","8412","Tunique Sylvie ""Gardiens du Nord"" : Taille - P","2","139.00"
"A16051-WSS1201NC05A","8987","Sylvie Tunic ""Northern Keepers""","8413","Tunique Sylvie ""Gardiens du Nord"" : Taille - M","1","139.00"
"A16051-WSS1201NC05A","8987","Sylvie Tunic ""Northern Keepers""","8414","Tunique Sylvie ""Gardiens du Nord"" : Taille - L","1","139.00"
"A16051-WSS1201NC05A","8987","Sylvie Tunic ""Northern Keepers""","8415","Tunique Sylvie ""Gardiens du Nord"" : Taille - XL","0","139.00"
"A16051-WSS1201NC05A","8987","Sylvie Tunic ""Northern Keepers""","8416","Tunique Sylvie ""Gardiens du Nord"" : Taille - XP","1","139.00"
"A18066-WLS1001NC0TA","8991","Patti Tunic II ""Under the Same Sky""","8427","Tunique Patti II ""Sous le Même Ciel"" : Taille - P","0","139.00"
"A18066-WLS1001NC0TA","8991","Patti Tunic II ""Under the Same Sky""","8428","Tunique Patti II ""Sous le Même Ciel"" : Taille - M","0","139.00"
"A18066-WLS1001NC0TA","8991","Patti Tunic II ""Under the Same Sky""","8429","Tunique Patti II ""Sous le Même Ciel"" : Taille - L","1","139.00"
"A18066-WLS1001NC0TA","8991","Patti Tunic II ""Under the Same Sky""","8430","Tunique Patti II ""Sous le Même Ciel"" : Taille - XL","1","139.00"
"A18066-WLS1001NC0TA","8991","Patti Tunic II ""Under the Same Sky""","8431","Tunique Patti II ""Sous le Même Ciel"" : Taille - XP","1","139.00"
"A18066-WNS0801NC0UA","9014","Kaplan Tank ""Under the Same Sky""","8437","Débardeur Kaplan ""Sous le Même Ciel"" : Taille - P","1","129.00"
"A18066-WNS0801NC0UA","9014","Kaplan Tank ""Under the Same Sky""","8438","Débardeur Kaplan ""Sous le Même Ciel"" : Taille - M","1","129.00"
"A18066-WNS0801NC0UA","9014","Kaplan Tank ""Under the Same Sky""","8439","Débardeur Kaplan ""Sous le Même Ciel"" : Taille - L","1","129.00"
"A18066-WNS0801NC0UA","9014","Kaplan Tank ""Under the Same Sky""","8440","Débardeur Kaplan ""Sous le Même Ciel"" : Taille - XL","1","129.00"
"A18066-WNS0801NC0UA","9014","Kaplan Tank ""Under the Same Sky""","8441","Débardeur Kaplan ""Sous le Même Ciel"" : Taille - XP","1","129.00"
"W13023-WSS0901NC09A","9017","K Smith T-Shirt ""Water and Spirit Buffalo""","8442","K Smith T-Shirt ""Eau et Esprit du Bison"" : Taille - P","1","89.00"
"W13023-WSS0901NC09A","9017","K Smith T-Shirt ""Water and Spirit Buffalo""","8443","K Smith T-Shirt ""Eau et Esprit du Bison"" : Taille - M","1","89.00"
"W13023-WSS0901NC09A","9017","K Smith T-Shirt ""Water and Spirit Buffalo""","8444","K Smith T-Shirt ""Eau et Esprit du Bison"" : Taille - L","1","89.00"
"W13023-WSS0901NC09A","9017","K Smith T-Shirt ""Water and Spirit Buffalo""","8445","K Smith T-Shirt ""Eau et Esprit du Bison"" : Taille - XL","1","89.00"
"W13023-WSS0901NC09A","9017","K Smith T-Shirt ""Water and Spirit Buffalo""","8446","K Smith T-Shirt ""Eau et Esprit du Bison"" : Taille - XP","1","89.00"
"A18066-WPA0801NC0UA","9020","Jackie II Leggings ""Under the Same Sky""","8457","Legging Jackie II ""Sous le Même Ciel"" : Taille - XP","0","109.00"
"A18066-WPA0801NC0UA","9020","Jackie II Leggings ""Under the Same Sky""","8458","Legging Jackie II ""Sous le Même Ciel"" : Taille - P","0","109.00"
"A18066-WPA0801NC0UA","9020","Jackie II Leggings ""Under the Same Sky""","8459","Legging Jackie II ""Sous le Même Ciel"" : Taille - M","1","109.00"
"A18066-WPA0801NC0UA","9020","Jackie II Leggings ""Under the Same Sky""","8460","Legging Jackie II ""Sous le Même Ciel"" : Taille - L","1","109.00"
"A18066-WPA0801NC0UA","9020","Jackie II Leggings ""Under the Same Sky""","8461","Legging Jackie II ""Sous le Même Ciel"" : Taille - XL","1","109.00"
"A16058-MSW0101NC04A","9026","Samo ""Silent Seekers""","8462","Samo ""En Quête de Silence"" : Taille - P","0","109.00"
"A16058-MSW0101NC04A","9026","Samo ""Silent Seekers""","8463","Samo ""En Quête de Silence"" : Taille - M","1","109.00"
"A16058-MSW0101NC04A","9026","Samo ""Silent Seekers""","8464","Samo ""En Quête de Silence"" : Taille - L","1","109.00"
"A16058-MSW0101NC04A","9026","Samo ""Silent Seekers""","8465","Samo ""En Quête de Silence"" : Taille - XL","1","109.00"
"WAC0801NC0WA","9027","Ava Poncho ""Earth Keeper""","","Poncho Ava ""Gardienne de la Terre""","5","109.00"
"A18066-WAC0201NC0UA","9038","Vivienne Scarf ""Refuge""","","Foulard Vivienne ""Refuge""","3","59.00"
"W20055-UAC1101NC0YA","9040","Melinda Western Scarf ""Refuge""","","Foulard Melinda ""Refuge""","2","59.00"
"A12005-WNS0901NC0WA","9050","Tilda Tank ""Earth Keeper""","8487","Camisole Tilda ""Gardienne de la Terre"" : Taille - XP","0","79.00"
"A12005-WNS0901NC0WA","9050","Tilda Tank ""Earth Keeper""","8488","Camisole Tilda ""Gardienne de la Terre"" : Taille - P","0","79.00"
"A12005-WNS0901NC0WA","9050","Tilda Tank ""Earth Keeper""","8489","Camisole Tilda ""Gardienne de la Terre"" : Taille - M","1","79.00"
"A12005-WNS0901NC0WA","9050","Tilda Tank ""Earth Keeper""","8490","Camisole Tilda ""Gardienne de la Terre"" : Taille - L","0","79.00"
"A12005-WNS0901NC0WA","9050","Tilda Tank ""Earth Keeper""","8491","Camisole Tilda ""Gardienne de la Terre"" : Taille - XL","1","79.00"
"W12005-WSK0501NC0WA","9061","Elaine Skirt ""Earth Keeper""","8502","Jupe Elaine ""Gardienne de la Terre"" : Taille - P","1","149.00"
"W12005-WSK0501NC0WA","9061","Elaine Skirt ""Earth Keeper""","8503","Jupe Elaine ""Gardienne de la Terre"" : Taille - M","0","149.00"
"W12005-WSK0501NC0WA","9061","Elaine Skirt ""Earth Keeper""","8504","Jupe Elaine ""Gardienne de la Terre"" : Taille - L","0","149.00"
"W12005-WSK0501NC0WA","9061","Elaine Skirt ""Earth Keeper""","8505","Jupe Elaine ""Gardienne de la Terre"" : Taille - XL","0","149.00"
"W12005-WSK0501NC0WA","9061","Elaine Skirt ""Earth Keeper""","8506","Jupe Elaine ""Gardienne de la Terre"" : Taille - XP","1","149.00"
"A16051-WBL0601NCO5A","9062","Kimono ""Northern Keepers""","8587","Kimono ""Gardiens du Nord"" : Taille - TU/OS","4","129.00"
"A07020-WLS1301NCOAA","9141","Jamie Top ""Journey to the Spirit World""","8518","Haut Jamie ""Voyage Vers le Monde du Songe"" : Taille - P","0","129.00"
"A07020-WLS1301NCOAA","9141","Jamie Top ""Journey to the Spirit World""","8519","Haut Jamie ""Voyage Vers le Monde du Songe"" : Taille - M","1","129.00"
"A07020-WLS1301NCOAA","9141","Jamie Top ""Journey to the Spirit World""","8520","Haut Jamie ""Voyage Vers le Monde du Songe"" : Taille - L","1","129.00"
"A07020-WLS1301NCOAA","9141","Jamie Top ""Journey to the Spirit World""","8521","Haut Jamie ""Voyage Vers le Monde du Songe"" : Taille - XL","0","129.00"
"A07020-WLS1301NCOAA","9141","Jamie Top ""Journey to the Spirit World""","8522","Haut Jamie ""Voyage Vers le Monde du Songe"" : Taille - XP","0","129.00"
"W13023-WNS0701NC01A","9767","Coco Tank ""Wisdom Keepers""","8588","Débardeur Coco ""Gardiens de la Sagesse"" : Taille - P","2","79.00"
"W13023-WNS0701NC01A","9767","Coco Tank ""Wisdom Keepers""","8589","Débardeur Coco ""Gardiens de la Sagesse"" : Taille - M","1","79.00"
"W13023-WNS0701NC01A","9767","Coco Tank ""Wisdom Keepers""","8590","Débardeur Coco ""Gardiens de la Sagesse"" : Taille - L","2","79.00"
"W13023-WNS0701NC01A","9767","Coco Tank ""Wisdom Keepers""","8591","Débardeur Coco ""Gardiens de la Sagesse"" : Taille - XL","2","79.00"
"W13023-WNS0701NC01A","9767","Coco Tank ""Wisdom Keepers""","8592","Débardeur Coco ""Gardiens de la Sagesse"" : Taille - XP","1","79.00"
"W13023-WAC0501NC11A","9854","Vivienne Scarf ""Water and Spirit Buffalo at Sunset""","","Foulard Vivienne ""Eau et Esprit du Bison au Soleil Couchant""","4","59.00"
"W13023-WAC0501NC12A","9856","Vivienne Scarf ""Water and Spirit Buffalo at Moonrise""","","Foulard Vivienne ""Eau et Esprit du Bison à l'Éveil de la Lune""","5","59.00"
"A04015-WAC0501NC14A","9857","Vivienne Scarf ""Rebirth""","","Foulard Vivienne ""Renaissance""","3","59.00"
"A08019-WAC0501NC13A","9858","Vivienne Scarf ""Unity""","","Foulard Vivienne ""Union""","2","59.00"
"W13023-WNS0701NC12A","9864","Coco Tank ""Water and Spirit Buffalo at Moonrise""","8623","Débardeur Coco ""Eau et Esprit du Bison à l'Éveil de la Lune"" : Taille - P","2","79.00"
"W13023-WNS0701NC12A","9864","Coco Tank ""Water and Spirit Buffalo at Moonrise""","8624","Débardeur Coco ""Eau et Esprit du Bison à l'Éveil de la Lune"" : Taille - M","0","79.00"
"W13023-WNS0701NC12A","9864","Coco Tank ""Water and Spirit Buffalo at Moonrise""","8625","Débardeur Coco ""Eau et Esprit du Bison à l'Éveil de la Lune"" : Taille - L","0","79.00"
"W13023-WNS0701NC12A","9864","Coco Tank ""Water and Spirit Buffalo at Moonrise""","8626","Débardeur Coco ""Eau et Esprit du Bison à l'Éveil de la Lune"" : Taille - XL","0","79.00"
"W13023-WNS0701NC12A","9864","Coco Tank ""Water and Spirit Buffalo at Moonrise""","8627","Débardeur Coco ""Eau et Esprit du Bison à l'Éveil de la Lune"" : Taille - XP","1","79.00"
"W08019-WNS0701NC13A","9865","Coco Tank ""Unity""","8628","Débardeur Coco ""Union"" : Taille - P","0","79.00"
"W08019-WNS0701NC13A","9865","Coco Tank ""Unity""","8629","Débardeur Coco ""Union"" : Taille - M","1","79.00"
"W08019-WNS0701NC13A","9865","Coco Tank ""Unity""","8630","Débardeur Coco ""Union"" : Taille - L","0","79.00"
"W08019-WNS0701NC13A","9865","Coco Tank ""Unity""","8631","Débardeur Coco ""Union"" : Taille - XL","1","79.00"
"W08019-WNS0701NC13A","9865","Coco Tank ""Unity""","8632","Débardeur Coco ""Union"" : Taille - XP","0","79.00"
"W13023-WSK0501NC09A","9866","Elaine Skirt ""Water and Spirit Buffalo""","8633","Jupe Elaine ""Eau et Esprit du Bison"" : Taille - P","2","149.00"
"W13023-WSK0501NC09A","9866","Elaine Skirt ""Water and Spirit Buffalo""","8634","Jupe Elaine ""Eau et Esprit du Bison"" : Taille - M","1","149.00"
"W13023-WSK0501NC09A","9866","Elaine Skirt ""Water and Spirit Buffalo""","8635","Jupe Elaine ""Eau et Esprit du Bison"" : Taille - L","0","149.00"
"W13023-WSK0501NC09A","9866","Elaine Skirt ""Water and Spirit Buffalo""","8636","Jupe Elaine ""Eau et Esprit du Bison"" : Taille - XL","1","149.00"
"W13023-WSK0501NC09A","9866","Elaine Skirt ""Water and Spirit Buffalo""","8637","Jupe Elaine ""Eau et Esprit du Bison"" : Taille - XP","1","149.00"
"W13023-WSK0501NC11A","9867","Elaine Skirt ""Water and Spirit Buffalo at Sunset""","8638","Jupe Elaine ""Eau et Esprit du Bison au Soleil Couchant"" : Taille - P","1","149.00"
"W13023-WSK0501NC11A","9867","Elaine Skirt ""Water and Spirit Buffalo at Sunset""","8639","Jupe Elaine ""Eau et Esprit du Bison au Soleil Couchant"" : Taille - M","1","149.00"
"W13023-WSK0501NC11A","9867","Elaine Skirt ""Water and Spirit Buffalo at Sunset""","8640","Jupe Elaine ""Eau et Esprit du Bison au Soleil Couchant"" : Taille - L","1","149.00"
"W13023-WSK0501NC11A","9867","Elaine Skirt ""Water and Spirit Buffalo at Sunset""","8641","Jupe Elaine ""Eau et Esprit du Bison au Soleil Couchant"" : Taille - XL","1","149.00"
"W13023-WSK0501NC11A","9867","Elaine Skirt ""Water and Spirit Buffalo at Sunset""","8642","Jupe Elaine ""Eau et Esprit du Bison au Soleil Couchant"" : Taille - XP","1","149.00"
"W13023-WSK0501NC12A","9868","Elaine Skirt ""Water and Spirit Buffalo at Moonrise""","8643","Jupe Elaine ""Eau et Esprit du Bison à l'Éveil de la Lune"" : Taille - P","0","149.00"
"W13023-WSK0501NC12A","9868","Elaine Skirt ""Water and Spirit Buffalo at Moonrise""","8644","Jupe Elaine ""Eau et Esprit du Bison à l'Éveil de la Lune"" : Taille - M","2","149.00"
"W13023-WSK0501NC12A","9868","Elaine Skirt ""Water and Spirit Buffalo at Moonrise""","8645","Jupe Elaine ""Eau et Esprit du Bison à l'Éveil de la Lune"" : Taille - L","1","149.00"
"W13023-WSK0501NC12A","9868","Elaine Skirt ""Water and Spirit Buffalo at Moonrise""","8646","Jupe Elaine ""Eau et Esprit du Bison à l'Éveil de la Lune"" : Taille - XL","0","149.00"
"W13023-WSK0501NC12A","9868","Elaine Skirt ""Water and Spirit Buffalo at Moonrise""","8647","Jupe Elaine ""Eau et Esprit du Bison à l'Éveil de la Lune"" : Taille - XP","1","149.00"
"A04015-WSK0501NC14A","9869","Elaine Skirt ""Rebirth""","8648","Jupe Elaine ""Renaissance"" : Taille - P","1","149.00"
"A04015-WSK0501NC14A","9869","Elaine Skirt ""Rebirth""","8649","Jupe Elaine ""Renaissance"" : Taille - M","1","149.00"
"A04015-WSK0501NC14A","9869","Elaine Skirt ""Rebirth""","8650","Jupe Elaine ""Renaissance"" : Taille - L","1","149.00"
"A04015-WSK0501NC14A","9869","Elaine Skirt ""Rebirth""","8651","Jupe Elaine ""Renaissance"" : Taille - XL","1","149.00"
"A04015-WSK0501NC14A","9869","Elaine Skirt ""Rebirth""","8652","Jupe Elaine ""Renaissance"" : Taille - XP","1","149.00"
"A20055-WSK0501NCOYA","9870","Elaine Skirt ""Refuge""","8653","Jupe Elaine ""Refuge"" : Taille - P","0","149.00"
"A20055-WSK0501NCOYA","9870","Elaine Skirt ""Refuge""","8654","Jupe Elaine ""Refuge"" : Taille - M","2","149.00"
"A20055-WSK0501NCOYA","9870","Elaine Skirt ""Refuge""","8655","Jupe Elaine ""Refuge"" : Taille - L","1","149.00"
"A20055-WSK0501NCOYA","9870","Elaine Skirt ""Refuge""","8656","Jupe Elaine ""Refuge"" : Taille - XL","1","149.00"
"A20055-WSK0501NCOYA","9870","Elaine Skirt ""Refuge""","8657","Jupe Elaine ""Refuge"" : Taille - XP","1","149.00"
"A04015-WSS1201NC14A","9893","Sylvie Tunic ""Rebirth""","8658","Tunique Sylvie ""Renaissance"" : Taille - P","1","139.00"
"A04015-WSS1201NC14A","9893","Sylvie Tunic ""Rebirth""","8659","Tunique Sylvie ""Renaissance"" : Taille - M","1","139.00"
"A04015-WSS1201NC14A","9893","Sylvie Tunic ""Rebirth""","8660","Tunique Sylvie ""Renaissance"" : Taille - L","0","139.00"
"A04015-WSS1201NC14A","9893","Sylvie Tunic ""Rebirth""","8661","Tunique Sylvie ""Renaissance"" : Taille - XL","1","139.00"
"A04015-WSS1201NC14A","9893","Sylvie Tunic ""Rebirth""","8662","Tunique Sylvie ""Renaissance"" : Taille - XP","1","139.00"
"A04015-WNS0901NC14A","9895","Tilda Tank ""Rebirth""","8668","Camisole Tilda ""Renaissance"" : Taille - P","1","79.00"
"A04015-WNS0901NC14A","9895","Tilda Tank ""Rebirth""","8669","Camisole Tilda ""Renaissance"" : Taille - M","0","79.00"
"A04015-WNS0901NC14A","9895","Tilda Tank ""Rebirth""","8670","Camisole Tilda ""Renaissance"" : Taille - L","0","79.00"
"A04015-WNS0901NC14A","9895","Tilda Tank ""Rebirth""","8671","Camisole Tilda ""Renaissance"" : Taille - XL","0","79.00"
"A04015-WNS0901NC14A","9895","Tilda Tank ""Rebirth""","8672","Camisole Tilda ""Renaissance"" : Taille - XP","1","79.00"
"A18019-WBL0301NC13A","9896","Frida Cardigan ""Unity""","8673","Cardigan Frida ""Union"" : Taille - P","0","129.00"
"A18019-WBL0301NC13A","9896","Frida Cardigan ""Unity""","8674","Cardigan Frida ""Union"" : Taille - M","1","129.00"
"A18019-WBL0301NC13A","9896","Frida Cardigan ""Unity""","8675","Cardigan Frida ""Union"" : Taille - L","1","129.00"
"A18019-WBL0301NC13A","9896","Frida Cardigan ""Unity""","8676","Cardigan Frida ""Union"" : Taille - XL","1","129.00"
"A18019-WBL0301NC13A","9896","Frida Cardigan ""Unity""","8677","Cardigan Frida ""Union"" : Taille - XP","0","129.00"
"A08019-WDR4501NC13A","9898","Olivia Dress ""Unity""","8678","Robe Olivia ""Union"" : Taille - P","2","159.00"
"A08019-WDR4501NC13A","9898","Olivia Dress ""Unity""","8679","Robe Olivia ""Union"" : Taille - M","0","159.00"
"A08019-WDR4501NC13A","9898","Olivia Dress ""Unity""","8680","Robe Olivia ""Union"" : Taille - L","0","159.00"
"A08019-WDR4501NC13A","9898","Olivia Dress ""Unity""","8681","Robe Olivia ""Union"" : Taille - XL","0","159.00"
"A08019-WDR4501NC13A","9898","Olivia Dress ""Unity""","8682","Robe Olivia ""Union"" : Taille - XP","1","159.00"
"W13023-WNS1201NC11A","9899","Tamara Top ""Spirit and Water Buffalo at Sunset""","8683","Tamara Top ""Eau et Esprit du Bison au Soleil Couchant"" : Taille - P","1","129.00"
"W13023-WNS1201NC11A","9899","Tamara Top ""Spirit and Water Buffalo at Sunset""","8684","Tamara Top ""Eau et Esprit du Bison au Soleil Couchant"" : Taille - M","0","129.00"
"W13023-WNS1201NC11A","9899","Tamara Top ""Spirit and Water Buffalo at Sunset""","8685","Tamara Top ""Eau et Esprit du Bison au Soleil Couchant"" : Taille - L","0","129.00"
"W13023-WNS1201NC11A","9899","Tamara Top ""Spirit and Water Buffalo at Sunset""","8686","Tamara Top ""Eau et Esprit du Bison au Soleil Couchant"" : Taille - XL","0","129.00"
"W13023-WNS1201NC11A","9899","Tamara Top ""Spirit and Water Buffalo at Sunset""","8687","Tamara Top ""Eau et Esprit du Bison au Soleil Couchant"" : Taille - XP","1","129.00"
"W13023-WNS1201NC12A","9900","Tamara Top ""Spirit and Water Buffalo at Moonrise""","8688","Tamara Top ""Eau et Esprit du Bison à l'Éveil de la Lune"" : Taille - P","0","129.00"
"W13023-WNS1201NC12A","9900","Tamara Top ""Spirit and Water Buffalo at Moonrise""","8689","Tamara Top ""Eau et Esprit du Bison à l'Éveil de la Lune"" : Taille - M","1","129.00"
"W13023-WNS1201NC12A","9900","Tamara Top ""Spirit and Water Buffalo at Moonrise""","8690","Tamara Top ""Eau et Esprit du Bison à l'Éveil de la Lune"" : Taille - L","0","129.00"
"W13023-WNS1201NC12A","9900","Tamara Top ""Spirit and Water Buffalo at Moonrise""","8691","Tamara Top ""Eau et Esprit du Bison à l'Éveil de la Lune"" : Taille - XL","0","129.00"
"W13023-WNS1201NC12A","9900","Tamara Top ""Spirit and Water Buffalo at Moonrise""","8692","Tamara Top ""Eau et Esprit du Bison à l'Éveil de la Lune"" : Taille - XP","1","129.00"
"A04015-WBL1401NC14A","9903","Elani Kimono ""Rebirth""","8700","Kimono Elanie ""Renaissance"" : Taille - TU/OS","2","149.00"
"W13023-WSS1801NC12A","9906","Julie Drape ""Spirit and Water Buffalo at Moonrise""","8708","Drapé Julie ""Eau et Esprit du Bison à l'Éveil de la Lune"" : Taille - P","1","79.00"
"W13023-WSS1801NC12A","9906","Julie Drape ""Spirit and Water Buffalo at Moonrise""","8709","Drapé Julie ""Eau et Esprit du Bison à l'Éveil de la Lune"" : Taille - M","1","79.00"
"W13023-WSS1801NC12A","9906","Julie Drape ""Spirit and Water Buffalo at Moonrise""","8710","Drapé Julie ""Eau et Esprit du Bison à l'Éveil de la Lune"" : Taille - L","0","79.00"
"W13023-WSS1801NC12A","9906","Julie Drape ""Spirit and Water Buffalo at Moonrise""","8711","Drapé Julie ""Eau et Esprit du Bison à l'Éveil de la Lune"" : Taille - XL","0","79.00"
"W13023-WSS1801NC12A","9906","Julie Drape ""Spirit and Water Buffalo at Moonrise""","8712","Drapé Julie ""Eau et Esprit du Bison à l'Éveil de la Lune"" : Taille - XP","0","79.00"
"A04015-WDR4701NC14A","9908","Lea Dress ""Rebirth""","8718","Robe Lea ""Renaissance"" : Taille - P","1","149.00"
"A04015-WDR4701NC14A","9908","Lea Dress ""Rebirth""","8719","Robe Lea ""Renaissance"" : Taille - M","1","149.00"
"A04015-WDR4701NC14A","9908","Lea Dress ""Rebirth""","8720","Robe Lea ""Renaissance"" : Taille - L","0","149.00"
"A04015-WDR4701NC14A","9908","Lea Dress ""Rebirth""","8721","Robe Lea ""Renaissance"" : Taille - XL","0","149.00"
"A04015-WDR4701NC14A","9908","Lea Dress ""Rebirth""","8722","Robe Lea ""Renaissance"" : Taille - XP","0","149.00"
"A04015-WDR4901NC14A","9909","Carrie Dress ""Rebirth""","8723","Robe Carrie ""Renaissance"" : Taille - P","0","149.00"
"A04015-WDR4901NC14A","9909","Carrie Dress ""Rebirth""","8724","Robe Carrie ""Renaissance"" : Taille - M","1","149.00"
"A04015-WDR4901NC14A","9909","Carrie Dress ""Rebirth""","8725","Robe Carrie ""Renaissance"" : Taille - L","1","149.00"
"A04015-WDR4901NC14A","9909","Carrie Dress ""Rebirth""","8726","Robe Carrie ""Renaissance"" : Taille - XL","0","149.00"
"A04015-WDR4901NC14A","9909","Carrie Dress ""Rebirth""","8727","Robe Carrie ""Renaissance"" : Taille - XP","0","149.00"
"A08019-WDR4901NC13A","9910","Carrie Dress ""Unity""","8728","Robe Carrie ""Union"" : Taille - P","1","149.00"
"A08019-WDR4901NC13A","9910","Carrie Dress ""Unity""","8729","Robe Carrie ""Union"" : Taille - M","0","149.00"
"A08019-WDR4901NC13A","9910","Carrie Dress ""Unity""","8730","Robe Carrie ""Union"" : Taille - L","1","149.00"
"A08019-WDR4901NC13A","9910","Carrie Dress ""Unity""","8731","Robe Carrie ""Union"" : Taille - XL","0","149.00"
"A08019-WDR4901NC13A","9910","Carrie Dress ""Unity""","8732","Robe Carrie ""Union"" : Taille - XP","0","149.00"
"A10004-WSK0501NC01A","9922","Elaine Skirt ""Merging Earth and Sky""","8743","Jupe Elaine ""Fusion Entre Terre et Ciel"" : Taille - P","2","149.00"
"A10004-WSK0501NC01A","9922","Elaine Skirt ""Merging Earth and Sky""","8744","Jupe Elaine ""Fusion Entre Terre et Ciel"" : Taille - M","2","149.00"
"A10004-WSK0501NC01A","9922","Elaine Skirt ""Merging Earth and Sky""","8745","Jupe Elaine ""Fusion Entre Terre et Ciel"" : Taille - L","1","149.00"
"A10004-WSK0501NC01A","9922","Elaine Skirt ""Merging Earth and Sky""","8746","Jupe Elaine ""Fusion Entre Terre et Ciel"" : Taille - XL","1","149.00"
"A10004-WSK0501NC01A","9922","Elaine Skirt ""Merging Earth and Sky""","8747","Jupe Elaine ""Fusion Entre Terre et Ciel"" : Taille - XP","1","149.00"
"A16058-WDR3801NC04A","10394","Felicia ""Silent Seekers""","9095","Felicia ""En Quête de Silence"" : Taille - P","1","149.00"
"A16058-WDR3801NC04A","10394","Felicia ""Silent Seekers""","9096","Felicia ""En Quête de Silence"" : Taille - M","1","149.00"
"A16058-WDR3801NC04A","10394","Felicia ""Silent Seekers""","9097","Felicia ""En Quête de Silence"" : Taille - L","1","149.00"
"A16058-WDR3801NC04A","10394","Felicia ""Silent Seekers""","9098","Felicia ""En Quête de Silence"" : Taille - XL","1","149.00"
"A16058-WDR3801NC04A","10394","Felicia ""Silent Seekers""","9099","Felicia ""En Quête de Silence"" : Taille - XP","1","149.00"
"A16058-WLS2001NC04A","11079","Mia Turtleneck ""Silent Seekers"" Plus Size","9140","Col Roulé Mia ""En Quête de Silence"" Taille Plus : Taille - 1X","1","149.00"
"A16058-WLS2001NC04A","11079","Mia Turtleneck ""Silent Seekers"" Plus Size","9141","Col Roulé Mia ""En Quête de Silence"" Taille Plus : Taille - 2X","1","149.00"
"A16058-WLS2001NC04A","11079","Mia Turtleneck ""Silent Seekers"" Plus Size","9142","Col Roulé Mia ""En Quête de Silence"" Taille Plus : Taille - 3X","0","149.00"
"W13023-WLS1701NC12A","11085","Mia Turtleneck ""Water and Spirit Buffalo at Moonrise""","9143","Col Roulé Mia ""Eau et Esprit du Bison à l'Éveil de la Lune"" : Taille - P","1","149.00"
"W13023-WLS1701NC12A","11085","Mia Turtleneck ""Water and Spirit Buffalo at Moonrise""","9144","Col Roulé Mia ""Eau et Esprit du Bison à l'Éveil de la Lune"" : Taille - M","0","149.00"
"W13023-WLS1701NC12A","11085","Mia Turtleneck ""Water and Spirit Buffalo at Moonrise""","9145","Col Roulé Mia ""Eau et Esprit du Bison à l'Éveil de la Lune"" : Taille - L","0","149.00"
"W13023-WLS1701NC12A","11085","Mia Turtleneck ""Water and Spirit Buffalo at Moonrise""","9146","Col Roulé Mia ""Eau et Esprit du Bison à l'Éveil de la Lune"" : Taille - XL","0","149.00"
"W13023-WLS1701NC12A","11085","Mia Turtleneck ""Water and Spirit Buffalo at Moonrise""","9147","Col Roulé Mia ""Eau et Esprit du Bison à l'Éveil de la Lune"" : Taille - XP","1","149.00"
"A17065-WPA0301NC0CA","11087","Carla Palazzo ""Forest Temple""","9153","Palazzo Carla ""Temple de la Forêt"" : Taille - P","1","189.00"
"A17065-WPA0301NC0CA","11087","Carla Palazzo ""Forest Temple""","9154","Palazzo Carla ""Temple de la Forêt"" : Taille - M","1","189.00"
"A17065-WPA0301NC0CA","11087","Carla Palazzo ""Forest Temple""","9155","Palazzo Carla ""Temple de la Forêt"" : Taille - L","1","189.00"
"A17065-WPA0301NC0CA","11087","Carla Palazzo ""Forest Temple""","9156","Palazzo Carla ""Temple de la Forêt"" : Taille - XL","1","189.00"
"A17065-WPA0301NC0CA","11087","Carla Palazzo ""Forest Temple""","9157","Palazzo Carla ""Temple de la Forêt"" : Taille - XP","1","189.00"
"A17065-WSK0501NC15A","11089","Elaine Skirt ""Forest Temple""","9163","Jupe Elaine ""Temple de la Forêt"" : Taille - P","2","149.00"
"A17065-WSK0501NC15A","11089","Elaine Skirt ""Forest Temple""","9164","Jupe Elaine ""Temple de la Forêt"" : Taille - M","1","149.00"
"A17065-WSK0501NC15A","11089","Elaine Skirt ""Forest Temple""","9165","Jupe Elaine ""Temple de la Forêt"" : Taille - L","1","149.00"
"A17065-WSK0501NC15A","11089","Elaine Skirt ""Forest Temple""","9166","Jupe Elaine ""Temple de la Forêt"" : Taille - XL","1","149.00"
"A17065-WSK0501NC15A","11089","Elaine Skirt ""Forest Temple""","9167","Jupe Elaine ""Temple de la Forêt"" : Taille - XP","1","149.00"
"A01036-WSK0501NC0ZA","11090","Elaine Skirt ""Teachings""","9168","Jupe Elaine ""Le Chant du Tambour"" : Taille - P","2","149.00"
"A01036-WSK0501NC0ZA","11090","Elaine Skirt ""Teachings""","9169","Jupe Elaine ""Le Chant du Tambour"" : Taille - M","1","149.00"
"A01036-WSK0501NC0ZA","11090","Elaine Skirt ""Teachings""","9170","Jupe Elaine ""Le Chant du Tambour"" : Taille - L","1","149.00"
"A01036-WSK0501NC0ZA","11090","Elaine Skirt ""Teachings""","9171","Jupe Elaine ""Le Chant du Tambour"" : Taille - XL","0","149.00"
"A01036-WSK0501NC0ZA","11090","Elaine Skirt ""Teachings""","9172","Jupe Elaine ""Le Chant du Tambour"" : Taille - XP","2","149.00"
"A17065-MSS0701NC15A","11091","Salvadore Tee for Men ""Forest Temple""","9173","Salvador Tee pour Homme ""Temple de la Forêt"" : Taille - P","2","89.00"
"A17065-MSS0701NC15A","11091","Salvadore Tee for Men ""Forest Temple""","9174","Salvador Tee pour Homme ""Temple de la Forêt"" : Taille - M","1","89.00"
"A17065-MSS0701NC15A","11091","Salvadore Tee for Men ""Forest Temple""","9175","Salvador Tee pour Homme ""Temple de la Forêt"" : Taille - L","1","89.00"
"A17065-MSS0701NC15A","11091","Salvadore Tee for Men ""Forest Temple""","9176","Salvador Tee pour Homme ""Temple de la Forêt"" : Taille - XL","1","89.00"
"A17065-MSS0701NC15A","11091","Salvadore Tee for Men ""Forest Temple""","9177","Salvador Tee pour Homme ""Temple de la Forêt"" : Taille - XP","2","89.00"
"A01036-MSS0701NC0ZA","11092","Salvadore Tee for Men ""Teachings""","9178","Salvador Tee pour Homme ""Le Chant du Tambour"" : Taille - P","1","89.00"
"A01036-MSS0701NC0ZA","11092","Salvadore Tee for Men ""Teachings""","9179","Salvador Tee pour Homme ""Le Chant du Tambour"" : Taille - M","0","89.00"
"A01036-MSS0701NC0ZA","11092","Salvadore Tee for Men ""Teachings""","9180","Salvador Tee pour Homme ""Le Chant du Tambour"" : Taille - L","0","89.00"
"A01036-MSS0701NC0ZA","11092","Salvadore Tee for Men ""Teachings""","9181","Salvador Tee pour Homme ""Le Chant du Tambour"" : Taille - XL","0","89.00"
"A01036-MSS0701NC0ZA","11092","Salvadore Tee for Men ""Teachings""","9182","Salvador Tee pour Homme ""Le Chant du Tambour"" : Taille - XP","1","89.00"
"W12001-WAC0801NC07A","12060","Ava Poncho ""Dialogue""","","Poncho Ava ""Dialogue""","4","109.00"
"WAC0801NC02A","12061","Ava Poncho ""Depth""","","Poncho Ava ""Profondeur""","4","109.00"
"A14051-WPA1201NC0TA","12067","Serena Legging ""Gezaluwejit""","9354","Legging Serena ""Gezaluwejit"" : Taille - XP","2","169.00"
"A14051-WPA1201NC0TA","12067","Serena Legging ""Gezaluwejit""","9355","Legging Serena ""Gezaluwejit"" : Taille - P","0","169.00"
"A14051-WPA1201NC0TA","12067","Serena Legging ""Gezaluwejit""","9356","Legging Serena ""Gezaluwejit"" : Taille - M","2","169.00"
"A14051-WPA1201NC0TA","12067","Serena Legging ""Gezaluwejit""","9357","Legging Serena ""Gezaluwejit"" : Taille - L","2","169.00"
"A14051-WPA1201NC0TA","12067","Serena Legging ""Gezaluwejit""","9358","Legging Serena ""Gezaluwejit"" : Taille - XL","2","169.00"
"A16058-WPA1201NC04A","12068","Serena Legging ""Silent Seekers""","9359","Legging Serena ""En Quête de Silence"" : Taille - XP","1","169.00"
"A16058-WPA1201NC04A","12068","Serena Legging ""Silent Seekers""","9360","Legging Serena ""En Quête de Silence"" : Taille - P","0","169.00"
"A16058-WPA1201NC04A","12068","Serena Legging ""Silent Seekers""","9361","Legging Serena ""En Quête de Silence"" : Taille - M","0","169.00"
"A16058-WPA1201NC04A","12068","Serena Legging ""Silent Seekers""","9362","Legging Serena ""En Quête de Silence"" : Taille - L","2","169.00"
"A16058-WPA1201NC04A","12068","Serena Legging ""Silent Seekers""","9363","Legging Serena ""En Quête de Silence"" : Taille - XL","2","169.00"
"A17063-WPA1201NC02B","12070","Serena Legging ""Depth""","9369","Legging Serena ""Profondeur"" : Taille - P","1","169.00"
"A17063-WPA1201NC02B","12070","Serena Legging ""Depth""","9370","Legging Serena ""Profondeur"" : Taille - M","1","169.00"
"A17063-WPA1201NC02B","12070","Serena Legging ""Depth""","9371","Legging Serena ""Profondeur"" : Taille - L","0","169.00"
"A17063-WPA1201NC02B","12070","Serena Legging ""Depth""","9372","Legging Serena ""Profondeur"" : Taille - XL","1","169.00"
"A17063-WPA1201NC02B","12070","Serena Legging ""Depth""","9373","Legging Serena ""Profondeur"" : Taille - XP","1","169.00"
"W13047-WPA1201NC17A","12071","Serena Legging ""Inner Memories""","9374","Legging Serena ""Mémoires Ancestrales"" : Taille - P","2","169.00"
"W13047-WPA1201NC17A","12071","Serena Legging ""Inner Memories""","9375","Legging Serena ""Mémoires Ancestrales"" : Taille - M","1","169.00"
"W13047-WPA1201NC17A","12071","Serena Legging ""Inner Memories""","9376","Legging Serena ""Mémoires Ancestrales"" : Taille - L","1","169.00"
"W13047-WPA1201NC17A","12071","Serena Legging ""Inner Memories""","9377","Legging Serena ""Mémoires Ancestrales"" : Taille - XL","1","169.00"
"W13047-WPA1201NC17A","12071","Serena Legging ""Inner Memories""","9378","Legging Serena ""Mémoires Ancestrales"" : Taille - XP","0","169.00"
"W12018-WPA1201NC0DA","12072","Serena Legging ""Early Evening Flowing into Fall""","9379","Legging Serena ""Soirée Glissant vers l'Automne"" : Taille - P","0","169.00"
"W12018-WPA1201NC0DA","12072","Serena Legging ""Early Evening Flowing into Fall""","9380","Legging Serena ""Soirée Glissant vers l'Automne"" : Taille - M","1","169.00"
"W12018-WPA1201NC0DA","12072","Serena Legging ""Early Evening Flowing into Fall""","9381","Legging Serena ""Soirée Glissant vers l'Automne"" : Taille - L","1","169.00"
"W12018-WPA1201NC0DA","12072","Serena Legging ""Early Evening Flowing into Fall""","9382","Legging Serena ""Soirée Glissant vers l'Automne"" : Taille - XL","0","169.00"
"W12018-WPA1201NC0DA","12072","Serena Legging ""Early Evening Flowing into Fall""","9383","Legging Serena ""Soirée Glissant vers l'Automne"" : Taille - XP","1","169.00"
"A17065-WNS1101NC0CB","12074","Florence Tank ""The Forest Temple""","9389","Camisole Florence ""Temple de la Forêt"" : Taille - XP","0","79.00"
"A17065-WNS1101NC0CB","12074","Florence Tank ""The Forest Temple""","9390","Camisole Florence ""Temple de la Forêt"" : Taille - P","0","79.00"
"A17065-WNS1101NC0CB","12074","Florence Tank ""The Forest Temple""","9391","Camisole Florence ""Temple de la Forêt"" : Taille - M","2","79.00"
"A17065-WNS1101NC0CB","12074","Florence Tank ""The Forest Temple""","9392","Camisole Florence ""Temple de la Forêt"" : Taille - L","0","79.00"
"A17065-WNS1101NC0CB","12074","Florence Tank ""The Forest Temple""","9393","Camisole Florence ""Temple de la Forêt"" : Taille - XL","0","79.00"
"W13047-WNS1101NC17A","12075","Florence Tank ""Inner Memories""","9394","Camisole Florence ""Mémoires Ancestrales"" : Taille - XP","1","79.00"
"W13047-WNS1101NC17A","12075","Florence Tank ""Inner Memories""","9395","Camisole Florence ""Mémoires Ancestrales"" : Taille - P","0","79.00"
"W13047-WNS1101NC17A","12075","Florence Tank ""Inner Memories""","9396","Camisole Florence ""Mémoires Ancestrales"" : Taille - M","0","79.00"
"W13047-WNS1101NC17A","12075","Florence Tank ""Inner Memories""","9397","Camisole Florence ""Mémoires Ancestrales"" : Taille - L","2","79.00"
"W13047-WNS1101NC17A","12075","Florence Tank ""Inner Memories""","9398","Camisole Florence ""Mémoires Ancestrales"" : Taille - XL","0","79.00"
"A16052-WNS1001NC0BA","12076","Venus Active Support Top ""Zenith""","9399","Haut Sport Venus ""Zenith"" : Taille - XP","0","109.00"
"A16052-WNS1001NC0BA","12076","Venus Active Support Top ""Zenith""","9400","Haut Sport Venus ""Zenith"" : Taille - P","1","109.00"
"A16052-WNS1001NC0BA","12076","Venus Active Support Top ""Zenith""","9401","Haut Sport Venus ""Zenith"" : Taille - M","0","109.00"
"A16052-WNS1001NC0BA","12076","Venus Active Support Top ""Zenith""","9402","Haut Sport Venus ""Zenith"" : Taille - L","1","109.00"
"A16052-WNS1001NC0BA","12076","Venus Active Support Top ""Zenith""","9403","Haut Sport Venus ""Zenith"" : Taille - XL","0","109.00"
"A16058-WNS1001NC04A","12077","Venus Active Support Top ""Silent Seekers""","9404","Haut Sport Venus ""En Quête de Silence"" : Taille - P","1","109.00"
"A16058-WNS1001NC04A","12077","Venus Active Support Top ""Silent Seekers""","9405","Haut Sport Venus ""En Quête de Silence"" : Taille - M","0","109.00"
"A16058-WNS1001NC04A","12077","Venus Active Support Top ""Silent Seekers""","9406","Haut Sport Venus ""En Quête de Silence"" : Taille - L","1","109.00"
"A16058-WNS1001NC04A","12077","Venus Active Support Top ""Silent Seekers""","9407","Haut Sport Venus ""En Quête de Silence"" : Taille - XL","1","109.00"
"A16058-WNS1001NC04A","12077","Venus Active Support Top ""Silent Seekers""","9408","Haut Sport Venus ""En Quête de Silence"" : Taille - XP","1","109.00"
"W13047-WPA0901NC17A","12081","Sandrine ""Inner Memories""","9409","Sandrine ""Mémoires Ancestrales"" : Taille - XP","1","149.00"
"W13047-WPA0901NC17A","12081","Sandrine ""Inner Memories""","9410","Sandrine ""Mémoires Ancestrales"" : Taille - P","1","149.00"
"W13047-WPA0901NC17A","12081","Sandrine ""Inner Memories""","9411","Sandrine ""Mémoires Ancestrales"" : Taille - M","1","149.00"
"W13047-WPA0901NC17A","12081","Sandrine ""Inner Memories""","9412","Sandrine ""Mémoires Ancestrales"" : Taille - L","0","149.00"
"W13047-WPA0901NC17A","12081","Sandrine ""Inner Memories""","9413","Sandrine ""Mémoires Ancestrales"" : Taille - XL","0","149.00"
"W16052-WPA0901NC0BA","12082","Sandrine ""Zenith""","9414","Taille - P","2","149.00"
"W16052-WPA0901NC0BA","12082","Sandrine ""Zenith""","9415","Taille - M","1","149.00"
"W16052-WPA0901NC0BA","12082","Sandrine ""Zenith""","9416","Taille - L","1","149.00"
"W16052-WPA0901NC0BA","12082","Sandrine ""Zenith""","9417","Taille - XL","1","149.00"
"W16052-WPA0901NC0BA","12082","Sandrine ""Zenith""","9418","Taille - XP","1","149.00"
"W12018-WDR4301NC0DA","12087","Sophia ""Early Evening Flowing into Fall""","9429","Sophia ""Soirée Glissant vers l'Automne"" : Taille - XP","0","179.00"
"W12018-WDR4301NC0DA","12087","Sophia ""Early Evening Flowing into Fall""","9430","Sophia ""Soirée Glissant vers l'Automne"" : Taille - P","0","179.00"
"W12018-WDR4301NC0DA","12087","Sophia ""Early Evening Flowing into Fall""","9431","Sophia ""Soirée Glissant vers l'Automne"" : Taille - M","0","179.00"
"W12018-WDR4301NC0DA","12087","Sophia ""Early Evening Flowing into Fall""","9432","Sophia ""Soirée Glissant vers l'Automne"" : Taille - L","1","179.00"
"W12018-WDR4301NC0DA","12087","Sophia ""Early Evening Flowing into Fall""","9433","Sophia ""Soirée Glissant vers l'Automne"" : Taille - XL","1","179.00"
"W11065-WDR4301NC0CA","12088","Sophia ""The Forest Temple""","9434","Sophia ""Temple de la Forêt"" : Taille - P","1","179.00"
"W11065-WDR4301NC0CA","12088","Sophia ""The Forest Temple""","9435","Sophia ""Temple de la Forêt"" : Taille - M","1","179.00"
"W11065-WDR4301NC0CA","12088","Sophia ""The Forest Temple""","9436","Sophia ""Temple de la Forêt"" : Taille - L","0","179.00"
"W11065-WDR4301NC0CA","12088","Sophia ""The Forest Temple""","9437","Sophia ""Temple de la Forêt"" : Taille - XL","0","179.00"
"W11065-WDR4301NC0CA","12088","Sophia ""The Forest Temple""","9438","Sophia ""Temple de la Forêt"" : Taille - XP","0","179.00"
"W12005-WDR4301NC0WA","12090","Sophia ""Earth Keeper""","9444","Sophia ""Gardienne de la Terre"" : Taille - P","1","179.00"
"W12005-WDR4301NC0WA","12090","Sophia ""Earth Keeper""","9445","Sophia ""Gardienne de la Terre"" : Taille - M","0","179.00"
"W12005-WDR4301NC0WA","12090","Sophia ""Earth Keeper""","9446","Sophia ""Gardienne de la Terre"" : Taille - L","0","179.00"
"W12005-WDR4301NC0WA","12090","Sophia ""Earth Keeper""","9447","Sophia ""Gardienne de la Terre"" : Taille - XL","0","179.00"
"W12005-WDR4301NC0WA","12090","Sophia ""Earth Keeper""","9448","Sophia ""Gardienne de la Terre"" : Taille - XP","1","179.00"
"W13047-WDR5301NC17B","12098","Victoire ""Inner Memories""","9449","Victoire ""Mémoires Ancestrales"" : Taille - XP","1","159.00"
"W13047-WDR5301NC17B","12098","Victoire ""Inner Memories""","9450","Victoire ""Mémoires Ancestrales"" : Taille - P","1","159.00"
"W13047-WDR5301NC17B","12098","Victoire ""Inner Memories""","9451","Victoire ""Mémoires Ancestrales"" : Taille - M","1","159.00"
"W13047-WDR5301NC17B","12098","Victoire ""Inner Memories""","9452","Victoire ""Mémoires Ancestrales"" : Taille - L","0","159.00"
"W13047-WDR5301NC17B","12098","Victoire ""Inner Memories""","9453","Victoire ""Mémoires Ancestrales"" : Taille - XL","0","159.00"
"W13041-WDR5301NC0EB","12101","Victoire ""Lapinx""","9454","Taille - P","0","159.00"
"W13041-WDR5301NC0EB","12101","Victoire ""Lapinx""","9455","Taille - M","1","159.00"
"W13041-WDR5301NC0EB","12101","Victoire ""Lapinx""","9456","Taille - L","0","159.00"
"W13041-WDR5301NC0EB","12101","Victoire ""Lapinx""","9457","Taille - XL","1","159.00"
"W13041-WDR5301NC0EB","12101","Victoire ""Lapinx""","9458","Taille - XP","0","159.00"
"W17063-WDR5301NC02A","12102","Victoire ""Depth""","9459","Victoire ""Profondeur"" : Taille - P","0","159.00"
"W17063-WDR5301NC02A","12102","Victoire ""Depth""","9460","Victoire ""Profondeur"" : Taille - M","1","159.00"
"W17063-WDR5301NC02A","12102","Victoire ""Depth""","9461","Victoire ""Profondeur"" : Taille - L","0","159.00"
"W17063-WDR5301NC02A","12102","Victoire ""Depth""","9462","Victoire ""Profondeur"" : Taille - XL","0","159.00"
"W17063-WDR5301NC02A","12102","Victoire ""Depth""","9463","Victoire ""Profondeur"" : Taille - XP","1","159.00"
"W16052-WDR5301NC0BA","12103","Victoire ""Zenith""","9464","Taille - P","0","159.00"
"W16052-WDR5301NC0BA","12103","Victoire ""Zenith""","9465","Taille - M","1","159.00"
"W16052-WDR5301NC0BA","12103","Victoire ""Zenith""","9466","Taille - L","0","159.00"
"W16052-WDR5301NC0BA","12103","Victoire ""Zenith""","9467","Taille - XL","1","159.00"
"W16052-WDR5301NC0BA","12103","Victoire ""Zenith""","9468","Taille - XP","0","159.00"
"W10004-WDR5301NC01A","12104","Victoire ""Merging Earth and Sky""","9469","Victoire ""Fusion entre Terre et Ciel"" : Taille - P","1","159.00"
"W10004-WDR5301NC01A","12104","Victoire ""Merging Earth and Sky""","9470","Victoire ""Fusion entre Terre et Ciel"" : Taille - M","1","159.00"
"W10004-WDR5301NC01A","12104","Victoire ""Merging Earth and Sky""","9471","Victoire ""Fusion entre Terre et Ciel"" : Taille - L","0","159.00"
"W10004-WDR5301NC01A","12104","Victoire ""Merging Earth and Sky""","9472","Victoire ""Fusion entre Terre et Ciel"" : Taille - XL","0","159.00"
"W10004-WDR5301NC01A","12104","Victoire ""Merging Earth and Sky""","9473","Victoire ""Fusion entre Terre et Ciel"" : Taille - XP","0","159.00"
"A17063-WBL1101NC02A","12106","Nikki Cardigan ""Depth""","9474","Cardigan Nikki ""Profondeur"" : Taille - P","1","159.00"
"A17063-WBL1101NC02A","12106","Nikki Cardigan ""Depth""","9475","Cardigan Nikki ""Profondeur"" : Taille - M","1","159.00"
"A17063-WBL1101NC02A","12106","Nikki Cardigan ""Depth""","9476","Cardigan Nikki ""Profondeur"" : Taille - L","0","159.00"
"A17063-WBL1101NC02A","12106","Nikki Cardigan ""Depth""","9477","Cardigan Nikki ""Profondeur"" : Taille - XL","0","159.00"
"A17063-WBL1101NC02A","12106","Nikki Cardigan ""Depth""","9478","Cardigan Nikki ""Profondeur"" : Taille - XP","1","159.00"
"A16058-WSK0501NC04A","12139","Elaine Skirt ""Silent Seekers""","9492","Jupe Elaine ""En Quête de Silence"" : Taille - P","1","149.00"
"A16058-WSK0501NC04A","12139","Elaine Skirt ""Silent Seekers""","9493","Jupe Elaine ""En Quête de Silence"" : Taille - M","1","149.00"
"A16058-WSK0501NC04A","12139","Elaine Skirt ""Silent Seekers""","9494","Jupe Elaine ""En Quête de Silence"" : Taille - L","1","149.00"
"A16058-WSK0501NC04A","12139","Elaine Skirt ""Silent Seekers""","9495","Jupe Elaine ""En Quête de Silence"" : Taille - XL","1","149.00"
"A16058-WSK0501NC04A","12139","Elaine Skirt ""Silent Seekers""","9496","Jupe Elaine ""En Quête de Silence"" : Taille - XP","1","149.00"
"W12005-WDR4401NC0WA","12188","Sophia ""Earth Keeper"" Plus Size","9517","Sophia ""Gardienne de la Terre"" Taille Plus : Taille - 1X","1","179.00"
"W12005-WDR4401NC0WA","12188","Sophia ""Earth Keeper"" Plus Size","9518","Sophia ""Gardienne de la Terre"" Taille Plus : Taille - 2X","1","179.00"
"W12005-WDR4401NC0WA","12188","Sophia ""Earth Keeper"" Plus Size","9519","Sophia ""Gardienne de la Terre"" Taille Plus : Taille - 3X","1","179.00"
"A16058-WLS1801NC04A","12194","Patti Tunic II ""Silent Seekers"" Plus Size","9525","Tunique Patti II ""En Quête de Silence"" Taille Plus : Taille - 1X","1","119.00"
"A16058-WLS1801NC04A","12194","Patti Tunic II ""Silent Seekers"" Plus Size","9526","Tunique Patti II ""En Quête de Silence"" Taille Plus : Taille - 2X","1","119.00"
"A16058-WLS1801NC04A","12194","Patti Tunic II ""Silent Seekers"" Plus Size","9527","Tunique Patti II ""En Quête de Silence"" Taille Plus : Taille - 3X","1","119.00"
"W12005-WLS1801NC0WA","13026","Patti Tunic II ""Earth Keeper"" Plus Size","9793","Tunique Patti II ""Gardienne de la Terre"" Taille Plus : Taille - 2X","1","119.00"
"W12005-WLS1801NC0WA","13026","Patti Tunic II ""Earth Keeper"" Plus Size","9794","Tunique Patti II ""Gardienne de la Terre"" Taille Plus : Taille - 3X","1","119.00"
"W12005-WLS1801NC0WA","13026","Patti Tunic II ""Earth Keeper"" Plus Size","9795","Tunique Patti II ""Gardienne de la Terre"" Taille Plus : Taille - 1X","1","119.00"
"A16058-UAC1501NC04A","13028","Simone Headband ""Silent Seekers""","","Bandeau Simone ""En Quête de Silence""","9","49.00"
"A16059-WLS340101NC01A","13621","Catherine Zip Top - ""Wisdom Keepers""","10257","Haut Zippé Catherine  - ""Gardiens de la Sagesse"" : Taille - XP","1","159.00"
"A16059-WLS340101NC01A","13621","Catherine Zip Top - ""Wisdom Keepers""","10258","Haut Zippé Catherine  - ""Gardiens de la Sagesse"" : Taille - P","2","159.00"
"A16059-WLS340101NC01A","13621","Catherine Zip Top - ""Wisdom Keepers""","10259","Haut Zippé Catherine  - ""Gardiens de la Sagesse"" : Taille - M","1","159.00"
"A16059-WLS340101NC01A","13621","Catherine Zip Top - ""Wisdom Keepers""","10260","Haut Zippé Catherine  - ""Gardiens de la Sagesse"" : Taille - L","0","159.00"
"A16059-WLS340101NC01A","13621","Catherine Zip Top - ""Wisdom Keepers""","10261","Haut Zippé Catherine  - ""Gardiens de la Sagesse"" : Taille - XL","1","159.00"
"A16058-WAC0601NC04A","13876","Claudia Shawl ""Silent Seekers""","","Châle Claudia ""En Quête de Silence""","4","109.00"
"A08019-WLS340101NC13A","13884","Catherine Zip Top - ""Unity""","10306","Haut Zippé Catherine  - ""Union"" : Taille - P","0","159.00"
"A08019-WLS340101NC13A","13884","Catherine Zip Top - ""Unity""","10307","Haut Zippé Catherine  - ""Union"" : Taille - M","1","159.00"
"A08019-WLS340101NC13A","13884","Catherine Zip Top - ""Unity""","10308","Haut Zippé Catherine  - ""Union"" : Taille - L","0","159.00"
"A08019-WLS340101NC13A","13884","Catherine Zip Top - ""Unity""","10309","Haut Zippé Catherine  - ""Union"" : Taille - XL","0","159.00"
"A08019-WLS340101NC13A","13884","Catherine Zip Top - ""Unity""","10310","Haut Zippé Catherine  - ""Union"" : Taille - XP","1","159.00"
"W13026-WBL1701NC1DA","14000","Terry-Ann Kimono ""In her World""","10323","Kimono Terry-Ann ""Dans son Monde"" : Taille - TU/OS","7","119.00"
"W13023-WBL1701NC16A","14009","Terry-Ann Kimono ""Water and Spirit Buffalo""","10324","Kimono Terry-Ann ""Eau et Esprit du Bison"" : Taille - TU/OS","5","119.00"
"A01028-WBL1701NC08A","14010","Terry-Ann Kimono ""Giving Thanks""","10325","Kimono Terry-Ann ""Rendre Grâce"" : Taille - TU/OS","6","119.00"
"WBL1701NC1BA","14011","Terry-Ann Kimono ""Geese Spirit""","10326","Kimono Terry-Ann ""L'Esprit de l'Outarde"" : Taille - TU/OS","6","119.00"
"W13025-WBL1701NC1EA","14012","Terry-Ann Kimono ""Passage""","10327","Kimono Terry-Ann ""Passage"" : Taille - TU/OS","5","119.00"
"A07020-WNS1301NC0AA","14091","Kaplan Plus ""Journey to the Spirit World""","10333","Kaplan Plus""Voyage vers le Monde du Songe"" : Taille - 1X","0","129.00"
"A07020-WNS1301NC0AA","14091","Kaplan Plus ""Journey to the Spirit World""","10334","Kaplan Plus""Voyage vers le Monde du Songe"" : Taille - 2X","1","129.00"
"A07020-WNS1301NC0AA","14091","Kaplan Plus ""Journey to the Spirit World""","10335","Kaplan Plus""Voyage vers le Monde du Songe"" : Taille - 3X","1","129.00"
"A17063-WNS1301NC02A","14092","Kaplan Plus ""Depth""","10336","Kaplan Plus ""Profondeur"" : Taille - 2X","1","129.00"
"A17063-WNS1301NC02A","14092","Kaplan Plus ""Depth""","10337","Kaplan Plus ""Profondeur"" : Taille - 3X","1","129.00"
"A17063-WNS1301NC02A","14092","Kaplan Plus ""Depth""","10338","Kaplan Plus ""Profondeur"" : Taille - 1X","0","129.00"
"A10046-WNS1301NC1BA","14094","Kaplan Plus ""Geese Spirit""","10342","Kaplan Plus ""L'Esprit de l'Outarde"" : Taille - 2X","1","129.00"
"A10046-WNS1301NC1BA","14094","Kaplan Plus ""Geese Spirit""","10343","Kaplan Plus ""L'Esprit de l'Outarde"" : Taille - 3X","1","129.00"
"A10046-WNS1301NC1BA","14094","Kaplan Plus ""Geese Spirit""","10344","Kaplan Plus ""L'Esprit de l'Outarde"" : Taille - 1X","1","129.00"
"W12005-WDR5401NC0WA","14095","Kate Plus Dress ""Earth Keeper""","10350","Robe Kate Plus ""Gardienne de la Terre"" : Taille - 1X","1","169.00"
"W12005-WDR5401NC0WA","14095","Kate Plus Dress ""Earth Keeper""","10351","Robe Kate Plus ""Gardienne de la Terre"" : Taille - 2X","1","169.00"
"W12005-WDR5401NC0WA","14095","Kate Plus Dress ""Earth Keeper""","10352","Robe Kate Plus ""Gardienne de la Terre"" : Taille - 3X","1","169.00"
"A16058-WDR5401NC04A","14096","Kate Plus Dress ""Silent Seekers""","10353","Robe Kate Plus ""En Quête de Silence"" : Taille - 2X","1","169.00"
"A16058-WDR5401NC04A","14096","Kate Plus Dress ""Silent Seekers""","10354","Robe Kate Plus ""En Quête de Silence"" : Taille - 3X","1","169.00"
"A16058-WDR5401NC04A","14096","Kate Plus Dress ""Silent Seekers""","10355","Robe Kate Plus ""En Quête de Silence"" : Taille - 1X","0","169.00"
"A07020-WSS0901NC0AA","14175","K Smith T-Shirt ""Journey to the Spirit World""","10379","K Smith T-Shirt ""Voyage Vers le Monde du Songe"" : Taille - P","1","89.00"
"A07020-WSS0901NC0AA","14175","K Smith T-Shirt ""Journey to the Spirit World""","10380","K Smith T-Shirt ""Voyage Vers le Monde du Songe"" : Taille - M","1","89.00"
"A07020-WSS0901NC0AA","14175","K Smith T-Shirt ""Journey to the Spirit World""","10381","K Smith T-Shirt ""Voyage Vers le Monde du Songe"" : Taille - L","1","89.00"
"A07020-WSS0901NC0AA","14175","K Smith T-Shirt ""Journey to the Spirit World""","10382","K Smith T-Shirt ""Voyage Vers le Monde du Songe"" : Taille - XL","1","89.00"
"A07020-WSS0901NC0AA","14175","K Smith T-Shirt ""Journey to the Spirit World""","10383","K Smith T-Shirt ""Voyage Vers le Monde du Songe"" : Taille - XP","1","89.00"
"W12005-WBL1201NC0WA","14183","Nikki Cardigan ""Earth Keeper"" Plus Size","10394","Cardigan Nikki ""Gardienne de la Terre"" Taille Plus : Taille - 2X","1","159.00"
"W12005-WBL1201NC0WA","14183","Nikki Cardigan ""Earth Keeper"" Plus Size","10395","Cardigan Nikki ""Gardienne de la Terre"" Taille Plus : Taille - 3X","0","159.00"
"W12005-WBL1201NC0WA","14183","Nikki Cardigan ""Earth Keeper"" Plus Size","10396","Cardigan Nikki ""Gardienne de la Terre"" Taille Plus : Taille - 1X","1","159.00"
"A16058-WLS340101NC04A","14184","Catherine Zip Top - ""Silent Seekers""","10402","Haut Zippé Catherine  - ""En Quête de Silence"" : Taille - XP","1","159.00"
"A16058-WLS340101NC04A","14184","Catherine Zip Top - ""Silent Seekers""","10403","Haut Zippé Catherine  - ""En Quête de Silence"" : Taille - P","1","159.00"
"A16058-WLS340101NC04A","14184","Catherine Zip Top - ""Silent Seekers""","10404","Haut Zippé Catherine  - ""En Quête de Silence"" : Taille - M","0","159.00"
"A16058-WLS340101NC04A","14184","Catherine Zip Top - ""Silent Seekers""","10405","Haut Zippé Catherine  - ""En Quête de Silence"" : Taille - L","1","159.00"
"A16058-WLS340101NC04A","14184","Catherine Zip Top - ""Silent Seekers""","10406","Haut Zippé Catherine  - ""En Quête de Silence"" : Taille - XL","1","159.00"
"W12018-WLS340101NC0DA","14185","Catherine Zip Top - ""Early Evening Flowing into Fall""","10412","Haut Zippé Catherine  - ""Soirée Glissant Vers l'Automne"" : Taille - XP","1","159.00"
"W12018-WLS340101NC0DA","14185","Catherine Zip Top - ""Early Evening Flowing into Fall""","10413","Haut Zippé Catherine  - ""Soirée Glissant Vers l'Automne"" : Taille - P","1","159.00"
"W12018-WLS340101NC0DA","14185","Catherine Zip Top - ""Early Evening Flowing into Fall""","10414","Haut Zippé Catherine  - ""Soirée Glissant Vers l'Automne"" : Taille - M","1","159.00"
"W12018-WLS340101NC0DA","14185","Catherine Zip Top - ""Early Evening Flowing into Fall""","10415","Haut Zippé Catherine  - ""Soirée Glissant Vers l'Automne"" : Taille - L","0","159.00"
"W12018-WLS340101NC0DA","14185","Catherine Zip Top - ""Early Evening Flowing into Fall""","10416","Haut Zippé Catherine  - ""Soirée Glissant Vers l'Automne"" : Taille - XL","0","159.00"
"A10046-WNS0801NC1BA","14186","Kaplan Tank ""Geese Spirit""","10422","Débardeur Kaplan ""L'Esprit de l'Outarde"" : Taille - XP","1","129.00"
"A10046-WNS0801NC1BA","14186","Kaplan Tank ""Geese Spirit""","10423","Débardeur Kaplan ""L'Esprit de l'Outarde"" : Taille - P","0","129.00"
"A10046-WNS0801NC1BA","14186","Kaplan Tank ""Geese Spirit""","10424","Débardeur Kaplan ""L'Esprit de l'Outarde"" : Taille - M","0","129.00"
"A10046-WNS0801NC1BA","14186","Kaplan Tank ""Geese Spirit""","10425","Débardeur Kaplan ""L'Esprit de l'Outarde"" : Taille - L","1","129.00"
"A10046-WNS0801NC1BA","14186","Kaplan Tank ""Geese Spirit""","10426","Débardeur Kaplan ""L'Esprit de l'Outarde"" : Taille - XL","0","129.00"
"A16058-WPA1301NC04A","14601","Brooke Jogger ""Silent Seekers""","10562","Jogger Brooke ""En Quête de Silence"" : Taille - XP","1","159.00"
"A16058-WPA1301NC04A","14601","Brooke Jogger ""Silent Seekers""","10563","Jogger Brooke ""En Quête de Silence"" : Taille - P","1","159.00"
"A16058-WPA1301NC04A","14601","Brooke Jogger ""Silent Seekers""","10564","Jogger Brooke ""En Quête de Silence"" : Taille - M","1","159.00"
"A16058-WPA1301NC04A","14601","Brooke Jogger ""Silent Seekers""","10565","Jogger Brooke ""En Quête de Silence"" : Taille - L","0","159.00"
"A16058-WPA1301NC04A","14601","Brooke Jogger ""Silent Seekers""","10566","Jogger Brooke ""En Quête de Silence"" : Taille - XL","0","159.00"
"4DIR700-10","14661","Hoodie Poncho ""Four Directions""","10583","Taille - P","1","209.00"
"4DIR700-10","14661","Hoodie Poncho ""Four Directions""","10584","Taille - M","0","209.00"
"4DIR700-10","14661","Hoodie Poncho ""Four Directions""","10585","Taille - L","1","209.00"
"4DIR700-10","14661","Hoodie Poncho ""Four Directions""","10586","Taille - XL","0","209.00"
"WSK0501NC1JA","14758","Elaine Skirt ""Carried Away Under The Blue Moon""","10620","Jupe Elaine ""Emportée Sous La Lune Bleu"" : Taille - P","1","149.00"
"WSK0501NC1JA","14758","Elaine Skirt ""Carried Away Under The Blue Moon""","10621","Jupe Elaine ""Emportée Sous La Lune Bleu"" : Taille - M","1","149.00"
"WSK0501NC1JA","14758","Elaine Skirt ""Carried Away Under The Blue Moon""","10622","Jupe Elaine ""Emportée Sous La Lune Bleu"" : Taille - L","0","149.00"
"WSK0501NC1JA","14758","Elaine Skirt ""Carried Away Under The Blue Moon""","10623","Jupe Elaine ""Emportée Sous La Lune Bleu"" : Taille - XL","0","149.00"
"WSK0501NC1JA","14758","Elaine Skirt ""Carried Away Under The Blue Moon""","10624","Jupe Elaine ""Emportée Sous La Lune Bleu"" : Taille - XP","0","149.00"
"WAC0901NC1JA","14760","Nora Scarf ""Carried Away Under The Blue Moon""","","Foulard Nora ""Emportée Sous La Lune Bleu""","2","69.00"
"MSS0701NC05A","14761","Salvadore Tee for Men ""Carried Away Under The Blue Moon""","10630","Salvador Tee pour Homme ""Emportée Sous La Lune Bleu"" : Taille - XP","1","89.00"
"MSS0701NC05A","14761","Salvadore Tee for Men ""Carried Away Under The Blue Moon""","10631","Salvador Tee pour Homme ""Emportée Sous La Lune Bleu"" : Taille - P","1","89.00"
"MSS0701NC05A","14761","Salvadore Tee for Men ""Carried Away Under The Blue Moon""","10632","Salvador Tee pour Homme ""Emportée Sous La Lune Bleu"" : Taille - M","1","89.00"
"MSS0701NC05A","14761","Salvadore Tee for Men ""Carried Away Under The Blue Moon""","10633","Salvador Tee pour Homme ""Emportée Sous La Lune Bleu"" : Taille - L","1","89.00"
"MSS0701NC05A","14761","Salvadore Tee for Men ""Carried Away Under The Blue Moon""","10634","Salvador Tee pour Homme ""Emportée Sous La Lune Bleu"" : Taille - XL","1","89.00"
"WLS1701NC0BB","14769","Mia Turtleneck ""Zenith II""","10641","Col Roulé Mia ""Zenith II"" : Taille - XP","0","149.00"
"WLS1701NC0BB","14769","Mia Turtleneck ""Zenith II""","10642","Col Roulé Mia ""Zenith II"" : Taille - P","1","149.00"
"WLS1701NC0BB","14769","Mia Turtleneck ""Zenith II""","10643","Col Roulé Mia ""Zenith II"" : Taille - M","1","149.00"
"WLS1701NC0BB","14769","Mia Turtleneck ""Zenith II""","10644","Col Roulé Mia ""Zenith II"" : Taille - L","1","149.00"
"WLS1701NC0BB","14769","Mia Turtleneck ""Zenith II""","10645","Col Roulé Mia ""Zenith II"" : Taille - XL","0","149.00"
"WLS1701NC0BA","14770","Mia Turtleneck ""Zenith""","10646","Col Roulé Mia ""Zenith"" : Taille - XP","1","149.00"
"WLS1701NC0BA","14770","Mia Turtleneck ""Zenith""","10647","Col Roulé Mia ""Zenith"" : Taille - P","0","149.00"
"WLS1701NC0BA","14770","Mia Turtleneck ""Zenith""","10648","Col Roulé Mia ""Zenith"" : Taille - M","0","149.00"
"WLS1701NC0BA","14770","Mia Turtleneck ""Zenith""","10649","Col Roulé Mia ""Zenith"" : Taille - L","0","149.00"
"WLS1701NC0BA","14770","Mia Turtleneck ""Zenith""","10650","Col Roulé Mia ""Zenith"" : Taille - XL","1","149.00"
"CURRMITT","14802","""Current"" Mittens","10665","Mitaines ""Currant"" : Taille - P","0","58.00"
"CURRMITT","14802","""Current"" Mittens","10666","Mitaines ""Currant"" : Taille - M","2","58.00"
"CURRMITT","14802","""Current"" Mittens","10667","Mitaines ""Currant"" : Taille - L","0","58.00"
"SANDMITT","14807","""Sand"" Mittens","10671","Mitaines ""Sand"" : Taille - M","2","58.00"
"SANDMITT","14807","""Sand"" Mittens","10672","Mitaines ""Sand"" : Taille - L","0","58.00"
"SANDMITT","14807","""Sand"" Mittens","10673","Mitaines ""Sand"" : Taille - P","0","58.00"
"NIBIMITT","14808","""Nibi"" Mittens","10674","Mitaines ""Nibi"" : Taille - M","2","58.00"
"NIBIMITT","14808","""Nibi"" Mittens","10675","Mitaines ""Nibi"" : Taille - L","0","58.00"
"NIBIMITT","14808","""Nibi"" Mittens","10676","Mitaines ""Nibi"" : Taille - P","0","58.00"
"FLEUMITT","14810","""Fleurs"" Mittens","10680","Mitaines ""Fleurs"" : Taille - M","2","58.00"
"FLEUMITT","14810","""Fleurs"" Mittens","10681","Mitaines ""Fleurs"" : Taille - L","0","58.00"
"FLEUMITT","14810","""Fleurs"" Mittens","10682","Mitaines ""Fleurs"" : Taille - P","0","58.00"
"SCA0201NC0YA","14828","Aspen Scarf ""Refuge""","","Foulard Aspen ""Refuge""","6","79.00"
"SCA0201NC1JA","14829","Aspen Scarf ""Carried Away Under The Blue Moon""","","Foulard Aspen ""Emportée Sous La Lune Bleu""","4","79.00"
"SCA0201NC0BA","14830","Aspen Scarf ""Zenith""","","Foulard Aspen ""Zenith""","6","79.00"
"SCA0201NC04A","14832","Aspen Scarf ""Silent Seekers""","","Foulard Aspen ""En Quête de Silence""","2","79.00"
"SCA0201NCIBA","14833","Aspen Scarf ""Geese Spirit""","","Foulard Aspen ""L'Esprit de l'Outarde""","5","79.00"
"SCA0201NC05A","14834","Aspen Scarf ""Northern Keepers""","","Foulard Aspen ""Gardiens du Nord""","6","79.00"
"SCA0201NCODA","15020","Aspen Scarf ""Early Evening Flowing Into Fall""","","Foulard Aspen ""Soirée Glissant Vers l'Automne""","4","79.00"
"SCA0201NC0IA","15178","Aspen Scarf ""Wisdom Keepers""","","Foulard Aspen ""Gardiens de la Sagesse""","4","79.00"
"WAC0801NC0DB","15199","Ava Poncho ""Early Evening Flowing into Fall""","","Poncho Ava ""Soirée Glissant vers l'Automne""","4","109.00"
"WAC0801NC17A","15200","Ava Poncho ""Inner Memories""","","Poncho Ava ""Mémoires Ancestrales""","5","109.00"
"WLS1801NC0IA","15454","Patti Tunic II ""Wisdom Keepers"" Plus Size","11628","Tunique Patti II ""Gardiens de la Sagesse"" Taille Plus : Taille - 1X","1","119.00"
"WLS1801NC0IA","15454","Patti Tunic II ""Wisdom Keepers"" Plus Size","11629","Tunique Patti II ""Gardiens de la Sagesse"" Taille Plus : Taille - 2X","1","119.00"
"WLS1801NC0IA","15454","Patti Tunic II ""Wisdom Keepers"" Plus Size","11630","Tunique Patti II ""Gardiens de la Sagesse"" Taille Plus : Taille - 3X","1","119.00"
