"Reference code","Product ID","Product name","10_FEATURE_Image size","9_FEATURE_Mat size","12_FEATURE_Number of copies","8_FEATURE_Card size","Product Combinations ID","Quantity","Final price (pre-tax)","Pre-tax wholesale price"
"A01030-7","14","Card - Eagle Moon","","","","5"" x 7""","","121","5.5","2.5"
"A01028-POD2555","17","Card - Giving Thanks","","","","6"" x 9""","","3","6.35","2.75"
"A01031","20","Card - Honoring the Giver of Life","","","","5"" x 7""","","184","5.5","2.5"
"A01032-7","23","Card - Moon Wisdom","","","","5"" x 7""","","63","5.5","2.5"
"A01036-7","30","Card - Teachings","","","","5"" x 7""","","28","5.5","2.5"
"A01035-7","34","Card - Strength Within","","","","5"" x 7""","","353","5.5","2.5"
"A01034-POD2570","35","Card - Reaching Out","","","","6"" x 9""","","5","6.35","2.75"
"A01037-7","40","Card - Trust","","","","5"" x 7""","","124","5.5","2.5"
"A08011-7","44","Card - Whisper","","","","5"" x 7""","","98","5.5","2.5"
"A08007-POD2548","47","Card - A Moose and Goose","","","","6"" x 9""","","13","6.35","2.75"
"A10012-POD2565","51","Card - Sky Sisters","","","","9"" x 6""","","15","6.35","2.75"
"A10004-7","54","Card - Merging Earth and Sky","","","","7"" x 5""","","209","5.5","2.5"
"A08013-POD2584","61","Card - New Day","","","","6"" x 9""","","9","6.35","2.75"
"A08045-20084","64","Card - Patience","","","","6"" x 9""","","10","6.35","2.75"
"A01029-POD2882","67","Card - Birth of Eagle Shadow","","","","6"" x 9""","","12","6.35","2.75"
"A08019-POD2886","70","Card - Unity","","","","6"" x 9""","","14","6.35","2.75"
"A09006-POD2579","73","Card - River Keeper","","","","6"" x 9""","","15","6.35","2.75"
"A04015-20085","76","Card - Rebirth","","","","6"" x 9""","","23","6.35","2.75"
"W13025-POD2569","85","Card - Passage","","","","6"" x 9""","","7","6.35","2.75"
"W12008-POD2581","95","Card - Winter Wolves","","","","9"" x 6""","","11","6.35","2.75"
"W12005-POD2552","104","Card - Earth Keeper","","","","6"" x 9""","","10","6.35","2.75"
"W12016-POD2556","107","Card - Going Home","","","","6"" x 9""","","10","6.35","2.75"
"W12018-POD2551","113","Card - Early Evening Flowing Into Fall","","","","9"" x 6""","","9","6.35","2.75"
"SKU: 53-53-620","127","Bill Helin Killer Whale Pot Holder","","","","","","2","15.95","5.75"
"SKU: 53-53-582","132","Bill Helin Chilkat Oven Mitt","","","","","1081","0","19.95","7.5"
"SKU: 53-53-582","132","Bill Helin Chilkat Oven Mitt","","","","","1082","2","19.95","7.5"
"SKU: 53-53-672","135","Bill Helin Eagle Oven Mitt","","","","","","2","19.95","8"
"SKU: 53-53-553","151","Bill Helin Hummingbird Oven Mitt","","","","","","2","19.95","8"
"SKU: 53-53-552","152","Bill Helin Hummingbird Pot Holder","","","","","","2","15.95","5.75"
"SKU: 53-53-007","171","Bill Helin Raven Oven Mitt","","","","","","2","19.95","8"
"SKU: 52-52-792","179","Andrew Williams Hummingbird Oven Mitt","","","","","","2","19.95","8"
"SKU: 52-52-791","181","Andrew Williams Hummingbird Pot Holder","","","","","","2","15.95","6.5"
"SKU: 00-04-531","240","Corrine Hunt Sea to Sky Cheese Knife","","","","","","2","56","22"
"A00048-7-POD2884","251","Card - The Protector","","","","6"" x 9""","","14","6.35","2.75"
"A01003-POD2575","257","Card - Sky Girl","","","","6"" x 9""","","18","6.35","2.75"
"SKU: 52-52-627","259","Jim Charlie Raven Oven Mitt","","","","","","2","19.95","8"
"A04060-20083","262","Card - Passing Through","","","","6"" x 9""","","8","6.35","2.75"
"A09054-20087","268","Card - Tranquility","","","","6"" x 9""","","12","6.35","2.75"
"A10044-POD2572","285","Card - The Return","","","","6"" x 9""","","19","6.35","2.75"
"A13056-POD2568","290","Card - Otherness","","","","9"" x 6""","","7","6.35","2.75"
"A13057-POD2567","294","Card - Origins","","","","6"" x 9""","","7","6.35","2.75"
"A16051-POD2566","299","Card - Northern Keepers","","","","6"" x 9""","","3","6.35","2.75"
"A16052-POD2586","304","Card - Zenith","","","","6"" x 9""","","20","6.35","2.75"
"A16058-POD2574","309","Card - Silent Seekers","","","","9"" x 6""","","8","6.35","2.75"
"A16059-POD2582","313","Card - Wisdom Keepers","","","","9"" x 6""","","0","6.35","2.75"
"A95053-20081","315","Card - Messenger","","","","6"" x 9""","","16","6.35","2.75"
"A14051-POD2554","318","Card - Gezaluwejit","","","","6"" x 9""","","11","6.35","2.75"
"W13026-7","321","Card - In Her World","","","","7"" x 5""","","7","5.5","2.5"
"W13047-POD2560","324","Card - Inner Memories","","","","9"" x 6""","","11","6.35","2.75"
"A12050-POD2559","332","Card - Ice Dream","","","","9"" x 6""","","7","6.35","2.75"
"W13053-20086","338","Card - Roots Of Another World","","","","9"" x 6""","","12","6.35","2.75"
"A01038-7","341","Card - Harmony","","","","7"" x 5""","","99","5.5","2.5"
"A01040-7","344","Card - Sharing","","","","5"" x 7""","","230","5.5","2.5"
"W13023-POD2887","350","Card - Water and Spirit Buffalo","","","","9"" x 6""","","6","6.35","2.75"
"SKU: 52-52-411","358","Connie Dickens Raven Passport Bag","","","","","","2","40","16.75"
"SKU: 52-52-410","359","Connie Dickens Raven Zip Pouch","","","","","","3","20","8.25"
"SKU: 52-52-851","368","Kelly Robinson Eagle Passport Purse","","","","","","3","40","16.75"
"SKU: 52-52-860","371","Kelly Robinson Eagle Zip Pouch","","","","","","3","20","8.25"
"SKU: 00-07-730x3","373","Corrine Hunt Silk Inspiration Bangle","","","","","1038","0","54","23.5"
"SKU: 00-07-730x3","373","Corrine Hunt Silk Inspiration Bangle","","","","","1039","1","54","23.5"
"SKU: 00-07-730x3","373","Corrine Hunt Silk Inspiration Bangle","","","","","1040","1","54","23.5"
"SKU: 00-07-733x3","374","Corrine Hunt Silk Inspiration Bangle","","","","","1035","2","54","23.5"
"SKU: 00-07-733x3","374","Corrine Hunt Silk Inspiration Bangle","","","","","1036","0","54","23.5"
"SKU: 00-07-733x3","374","Corrine Hunt Silk Inspiration Bangle","","","","","1037","1","54","23.5"
"SKU: 00-07-739x3","395","Kelly Robinson Silk Inspiration Bangle","","","","","1028","0","54","23.5"
"SKU: 00-07-739x3","395","Kelly Robinson Silk Inspiration Bangle","","","","","1029","0","54","23.5"
"SKU: 00-07-739x3","395","Kelly Robinson Silk Inspiration Bangle","","","","","1030","2","54","23.5"
"SKU: 00-07-668","401","Kelly Robinson Silk Inspiration Oval Earrings","","","","","","2","50","21.5"
"SKU: 00-07-671","404","Kelly Robinson Silk Inspiration Trapezoid Earrings","","","","","","2","50","21.5"
"SKU: 00-07-656","410","Kelly Robinson Silk Inspiration Round Pendant","","","","","","2","46","16.5"
"SKU: 00-07-504","428","Corrine Hunt Wolf Pendant","","","","","","2","82","35.5"
"SKU: 00-02-826","477","Potlatch Bear Dish","","","","","","2","116","50.5"
"SKU: 00-02-822","480","Potlatch Frog Bowl","","","","","","2","116","50.5"
"SKU: 54-54-116","485","Moccasins Bear Box","","","","","1087","0","92","40"
"SKU: 54-54-116","485","Moccasins Bear Box","","","","","1088","0","92","40"
"SKU: 54-54-116","485","Moccasins Bear Box","","","","","1089","0","92","40"
"SKU: 54-54-395","502","Mini Coin Purse Bear Box","","","","","102","0","32.95","14.5"
"SKU: 54-54-395","502","Mini Coin Purse Bear Box","","","","","103","2","32.95","14.5"
"SKU: 54-54-395","502","Mini Coin Purse Bear Box","","","","","104","2","32.95","14.5"
"SKU: 54-54-395","502","Mini Coin Purse Bear Box","","","","","105","2","32.95","14.5"
"SKU: 54-54-395","502","Mini Coin Purse Bear Box","","","","","2069","0","32.95","14.5"
"SKU: 54-54-395","502","Mini Coin Purse Bear Box","","","","","3952","3","32.95","14.5"
"SKU: 54-54-208","509","Passport Pouch Bear Box","","","","","4097","0","72","31"
"SKU: 54-54-208","509","Passport Pouch Bear Box","","","","","4098","1","72","31"
"SKU: 54-54-208","509","Passport Pouch Bear Box","","","","","4099","0","72","31"
"SKU: 54-54-208","509","Passport Pouch Bear Box","","","","","4100","0","72","31"
"SKU: 54-54-208","509","Passport Pouch Bear Box","","","","","4102","1","72","31"
"SKU: 54-54-208","509","Passport Pouch Bear Box","","","","","4121","0","72","31"
"SKU: 54-54-208","509","Passport Pouch Bear Box","","","","","7834","1","72","31"
"SKU: 54-54-208","509","Passport Pouch Bear Box","","","","","9129","1","72","31"
"SKU: 54-54-203","518","Embossed Solo Bag Bear Box","","","","","8523","0","120","52"
"SKU: 54-54-203","518","Embossed Solo Bag Bear Box","","","","","8524","0","120","52"
"SKU: 54-54-203","518","Embossed Solo Bag Bear Box","","","","","8525","0","120","52"
"SKU: 54-54-203","518","Embossed Solo Bag Bear Box","","","","","8526","1","120","52"
"SKU: 54-54-203","518","Embossed Solo Bag Bear Box","","","","","8527","0","120","52"
"SKU: 54-54-203","518","Embossed Solo Bag Bear Box","","","","","8528","0","120","52"
"SKU: 54-54-203","518","Embossed Solo Bag Bear Box","","","","","8529","1","120","52"
"SKU: 54-54-203","518","Embossed Solo Bag Bear Box","","","","","8530","1","120","52"
"SKU: 54-54-203","518","Embossed Solo Bag Bear Box","","","","","8531","0","120","52"
"6080-0408-41BU-600BU","537","Ladies Suede Slippers","","","","","534","1","108","46.9"
"6080-0408-41BU-600BU","537","Ladies Suede Slippers","","","","","535","1","108","46.9"
"6080-0408-41BU-600BU","537","Ladies Suede Slippers","","","","","536","0","108","46.9"
"6080-0408-41BU-600BU","537","Ladies Suede Slippers","","","","","537","0","108","46.9"
"6080-0408-41BU-600BU","537","Ladies Suede Slippers","","","","","538","0","108","46.9"
"6080-0408-41BU-600BU","537","Ladies Suede Slippers","","","","","539","0","108","46.9"
"6080-0408-41BU-600BU","537","Ladies Suede Slippers","","","","","540","0","108","46.9"
"6080-0408-41BU-600BU","537","Ladies Suede Slippers","","","","","541","0","108","46.9"
"6080-0408-41BU-600BU","537","Ladies Suede Slippers","","","","","542","0","108","46.9"
"6080-0408-41PU-600PU","542","Ladies Suede Slippers","","","","","584","0","108","46.9"
"6080-0408-41PU-600PU","542","Ladies Suede Slippers","","","","","7082","0","108","46.9"
"6080-0408-41PU-600PU","542","Ladies Suede Slippers","","","","","7083","0","108","46.9"
"6080-0408-41PU-600PU","542","Ladies Suede Slippers","","","","","7084","1","108","46.9"
"6080-0408-41PU-600PU","542","Ladies Suede Slippers","","","","","7085","0","108","46.9"
"6080-0408-41PU-600PU","542","Ladies Suede Slippers","","","","","7086","0","108","46.9"
"6080-0408-41PU-600PU","542","Ladies Suede Slippers","","","","","7087","0","108","46.9"
"6080-0408-41PU-600PU","542","Ladies Suede Slippers","","","","","7088","0","108","46.9"
"6080-0408-41PU-600PU","542","Ladies Suede Slippers","","","","","7089","0","108","46.9"
"6080-0408-41RB-600RB","544","Ladies Suede Slippers","","","","","597","0","108","46.9"
"6080-0408-41RB-600RB","544","Ladies Suede Slippers","","","","","598","0","108","46.9"
"6080-0408-41RB-600RB","544","Ladies Suede Slippers","","","","","599","0","108","46.9"
"6080-0408-41RB-600RB","544","Ladies Suede Slippers","","","","","600","0","108","46.9"
"6080-0408-41RB-600RB","544","Ladies Suede Slippers","","","","","601","0","108","46.9"
"6080-0408-41RB-600RB","544","Ladies Suede Slippers","","","","","602","0","108","46.9"
"6080-0408-41RB-600RB","544","Ladies Suede Slippers","","","","","603","0","108","46.9"
"6080-0408-41RB-600RB","544","Ladies Suede Slippers","","","","","604","0","108","46.9"
"6080-0408-41RB-600RB","544","Ladies Suede Slippers","","","","","605","0","108","46.9"
"6080-0408-41BL-653","554","Ladies Suede Slippers","","","","","692","0","108","46.9"
"6080-0408-41BL-653","554","Ladies Suede Slippers","","","","","7098","1","108","46.9"
"6080-0408-41BL-653","554","Ladies Suede Slippers","","","","","7099","0","108","46.9"
"6080-0408-41BL-653","554","Ladies Suede Slippers","","","","","7100","0","108","46.9"
"6080-0408-41BL-653","554","Ladies Suede Slippers","","","","","7101","0","108","46.9"
"6080-0408-41BL-653","554","Ladies Suede Slippers","","","","","7102","0","108","46.9"
"6080-0408-41BL-653","554","Ladies Suede Slippers","","","","","7103","0","108","46.9"
"6080-0408-41BL-653","554","Ladies Suede Slippers","","","","","7104","1","108","46.9"
"6080-0408-41BL-653","554","Ladies Suede Slippers","","","","","7105","1","108","46.9"
"6080-0408-41NB-658","555","Ladies Suede Slippers","","","","","696","0","108","46.9"
"6080-0408-41NB-658","555","Ladies Suede Slippers","","","","","697","0","108","46.9"
"6080-0408-41NB-658","555","Ladies Suede Slippers","","","","","698","0","108","46.9"
"6080-0408-41NB-658","555","Ladies Suede Slippers","","","","","699","0","108","46.9"
"6080-0408-41NB-658","555","Ladies Suede Slippers","","","","","700","1","108","46.9"
"6080-0408-41NB-658","555","Ladies Suede Slippers","","","","","701","1","108","46.9"
"6080-0408-41NB-658","555","Ladies Suede Slippers","","","","","702","0","108","46.9"
"6080-0408-41NB-658","555","Ladies Suede Slippers","","","","","703","1","108","46.9"
"6080-0408-41NB-658","555","Ladies Suede Slippers","","","","","704","0","108","46.9"
"6080-0408-41SBL-661","558","Ladies Suede Slippers","","","","","723","0","108","46.9"
"6080-0408-41SBL-661","558","Ladies Suede Slippers","","","","","724","0","108","46.9"
"6080-0408-41SBL-661","558","Ladies Suede Slippers","","","","","725","0","108","46.9"
"6080-0408-41SBL-661","558","Ladies Suede Slippers","","","","","726","0","108","46.9"
"6080-0408-41SBL-661","558","Ladies Suede Slippers","","","","","727","0","108","46.9"
"6080-0408-41SBL-661","558","Ladies Suede Slippers","","","","","728","0","108","46.9"
"6080-0408-41SBL-661","558","Ladies Suede Slippers","","","","","729","1","108","46.9"
"6080-0408-41SBL-661","558","Ladies Suede Slippers","","","","","730","1","108","46.9"
"6080-0408-41SBL-661","558","Ladies Suede Slippers","","","","","731","0","108","46.9"
"6080-0408-41FG-669","561","Ladies Suede Slippers","","","","","751","0","108","46.9"
"6080-0408-41FG-669","561","Ladies Suede Slippers","","","","","756","0","108","46.9"
"6080-0408-41FG-669","561","Ladies Suede Slippers","","","","","7114","0","108","46.9"
"6080-0408-41FG-669","561","Ladies Suede Slippers","","","","","7115","1","108","46.9"
"6080-0408-41FG-669","561","Ladies Suede Slippers","","","","","7116","0","108","46.9"
"6080-0408-41FG-669","561","Ladies Suede Slippers","","","","","7117","0","108","46.9"
"6080-0408-41FG-669","561","Ladies Suede Slippers","","","","","7118","0","108","46.9"
"6080-0408-41FG-669","561","Ladies Suede Slippers","","","","","7119","1","108","46.9"
"6080-0408-41FG-669","561","Ladies Suede Slippers","","","","","7120","1","108","46.9"
"6080-0408-41BLPL-6531","572","Ladies Suede Slippers","","","","","854","0","108","46.9"
"6080-0408-41BLPL-6531","572","Ladies Suede Slippers","","","","","7129","0","108","46.9"
"6080-0408-41BLPL-6531","572","Ladies Suede Slippers","","","","","7130","0","108","46.9"
"6080-0408-41BLPL-6531","572","Ladies Suede Slippers","","","","","7131","0","108","46.9"
"6080-0408-41BLPL-6531","572","Ladies Suede Slippers","","","","","7132","0","108","46.9"
"6080-0408-41BLPL-6531","572","Ladies Suede Slippers","","","","","7133","0","108","46.9"
"6080-0408-41BLPL-6531","572","Ladies Suede Slippers","","","","","7134","0","108","46.9"
"6080-0408-41BLPL-6531","572","Ladies Suede Slippers","","","","","7135","1","108","46.9"
"6080-0408-41BLPL-6531","572","Ladies Suede Slippers","","","","","7136","0","108","46.9"
"6080-0408-41CHOBL-6733","576","Ladies Suede Slippers","","","","","885","0","108","46.9"
"6080-0408-41CHOBL-6733","576","Ladies Suede Slippers","","","","","886","0","108","46.9"
"6080-0408-41CHOBL-6733","576","Ladies Suede Slippers","","","","","887","0","108","46.9"
"6080-0408-41CHOBL-6733","576","Ladies Suede Slippers","","","","","888","0","108","46.9"
"6080-0408-41CHOBL-6733","576","Ladies Suede Slippers","","","","","889","1","108","46.9"
"6080-0408-41CHOBL-6733","576","Ladies Suede Slippers","","","","","890","0","108","46.9"
"6080-0408-41CHOBL-6733","576","Ladies Suede Slippers","","","","","891","0","108","46.9"
"6080-0408-41CHOBL-6733","576","Ladies Suede Slippers","","","","","892","0","108","46.9"
"6080-0408-41CHOBL-6733","576","Ladies Suede Slippers","","","","","893","0","108","46.9"
"6080-0408-12NB-12658","583","Suede Slippers with sole","","","","","949","0","132","57.3"
"6080-0408-12NB-12658","583","Suede Slippers with sole","","","","","954","0","132","57.3"
"6080-0408-12NB-12658","583","Suede Slippers with sole","","","","","7162","0","132","57.3"
"6080-0408-12NB-12658","583","Suede Slippers with sole","","","","","7163","0","132","57.3"
"6080-0408-12NB-12658","583","Suede Slippers with sole","","","","","7164","0","132","57.3"
"6080-0408-12NB-12658","583","Suede Slippers with sole","","","","","7165","0","132","57.3"
"6080-0408-12NB-12658","583","Suede Slippers with sole","","","","","7166","0","132","57.3"
"6080-0408-12NB-12658","583","Suede Slippers with sole","","","","","7167","0","132","57.3"
"6080-0408-12NB-12658","583","Suede Slippers with sole","","","","","7168","0","132","57.3"
"6080-0408-13CHO-13673","585","Suede Slippers with sole","","","","","966","0","132","57.3"
"6080-0408-13CHO-13673","585","Suede Slippers with sole","","","","","967","0","132","57.3"
"6080-0408-13CHO-13673","585","Suede Slippers with sole","","","","","968","0","132","57.3"
"6080-0408-13CHO-13673","585","Suede Slippers with sole","","","","","969","0","132","57.3"
"6080-0408-13CHO-13673","585","Suede Slippers with sole","","","","","970","1","132","57.3"
"6080-0408-13CHO-13673","585","Suede Slippers with sole","","","","","971","0","132","57.3"
"6080-0408-13CHO-13673","585","Suede Slippers with sole","","","","","972","0","132","57.3"
"6080-0408-13CHO-13673","585","Suede Slippers with sole","","","","","973","0","132","57.3"
"6080-0408-13CHO-13673","585","Suede Slippers with sole","","","","","974","0","132","57.3"
"A01031-6","609","Small Print - Honoring the Giver of Life","","8"" x 10""","","","","19","25","10.87"
"A01032-6","610","Small Print - Moon Wisdom","","8"" x 10""","","","","73","25","10.87"
"A01033-6","611","Small Print - New Fire","","8"" x 10""","","","","87","25","10.87"
"A01036-6","612","Small Print - Teachings","","8"" x 10""","","","","94","25","10.87"
"A01037-6","615","Small Print - Trust","","8"" x 10""","","","","2","25","10.87"
"A01029-6","623","Small Print - Birth of an Eagle Shadow","","8"" x 10""","","","","4","25","10.87"
"A09006-6","625","Small Print - River Keeper","","8"" x 10""","","","","38","25","10.87"
"A04039-6","627","Small Print - Nostalgia","","8"" x 10""","","","","13","25","10.87"
"A07020-6","628","Small Print - Journey to the Spirit World","","10"" x 8""","","","","6","25","10.87"
"W12024-6","630","Small Print - Breath of Life","","10"" x 8""","","","","71","25","10.87"
"W12017-6","631","Small Print - Synchronicity","","8"" x 10""","","","","66","25","10.87"
"W12008-6","632","Small Print - Winter Wolves","","10"" x 8""","","","","24","25","10.87"
"W12001-6","633","Small Print - Dialogue","","10"" x 8""","","","","9","25","10.87"
"W12014-6","634","Small Print - Gate of Silk","","10"" x 8""","","","","6","25","10.87"
"W12005-6","635","Small Print - Earth Keeper","","8"" x 10""","","","","42","25","10.87"
"W12016-6","636","Small Print - Going Home","","8"" x 10""","","","","9","25","10.87"
"W12018-6","638","Small Print - Early Evening Flowing Into Fall","","10"" x 8""","","","","11","25","10.87"
"A00048-6","640","Small Print - The Protector","","8"" x 10""","","","","3","25","10.87"
"A01003-6","641","Small Print - Sky Girl","","8"" x 10""","","","","7","25","10.87"
"A09054-6","643","Small print - Tranquility","","8"" x 10""","","","","5","25","10.87"
"A16055-6","644","Small Print - Abundance","","8"" x 10""","","","","12","25","10.87"
"A13041-6","645","Small Print - Lapinx","","8"" x 10""","","","","14","25","10.87"
"A10044-6","646","Small Print - Returning","","10"" x 8""","","","","4","25","10.87"
"A13056-6","647","Small print - Otherness","","10"" x 8""","","","","12","25","10.87"
"A13057-6","648","Small Print - Origins","","8"" x 10""","","","","10","25","10.87"
"A16058-6","651","Small Print - Silent Seekers","","10"" x 8""","","","","9","25","10.87"
"A95053-6","653","Small Print - Messenger","","8"" x 10""","","","","3","25","10.87"
"A14051-POD2554","654","Matted Print - Gezaluwejit","","11"" x 14""","","","","3","20","7.5"
"W13026-6","655","Small Print - In Her World","","10"" x 8""","","","","15","25","10.87"
"W13027-6","659","Small Print - Playing With Shadows","","10"" x 8""","","","","15","25","10.87"
"A13053-6","660","Small Print - Roots Of Another World","","10"" x 8""","","","","8","25","10.87"
"A01038-6","661","Small Print - Harmony","","10"" x 8""","","","","50","25","10.87"
"W13023-6","664","Small Print - Water and Spirit Buffalo","","10"" x 8""","","","","11","25","10.87"
"A01030-2","665","Ltd Edition - Eagle Moon","10.25"" x 13.25""","16"" x 20""","","","1593","2","170","0"
"A01030-2","665","Ltd Edition - Eagle Moon","10.25"" x 13.25""","16"" x 20""","","","1594","0","335","0"
"A01030-2","665","Ltd Edition - Eagle Moon","10.25"" x 13.25""","16"" x 20""","","","1595","0","335","0"
"A01030-2","665","Ltd Edition - Eagle Moon","10.25"" x 13.25""","16"" x 20""","","","1596","0","335","0"
"A01031-2","667","Ltd Edition - Honoring the Giver of Life","10.25"" x 13.25""","16"" x 20""","99","","1601","2","170","0"
"A01031-2","667","Ltd Edition - Honoring the Giver of Life","10.25"" x 13.25""","16"" x 20""","99","","1602","0","335","0"
"A01031-2","667","Ltd Edition - Honoring the Giver of Life","10.25"" x 13.25""","16"" x 20""","99","","1603","0","335","0"
"A01031-2","667","Ltd Edition - Honoring the Giver of Life","10.25"" x 13.25""","16"" x 20""","99","","1604","0","335","0"
"A01032-2","668","Ltd Edition - Moon Wisdom","10.25"" x 13.25""","16"" x 20""","99","","1605","2","170","0"
"A01032-2","668","Ltd Edition - Moon Wisdom","10.25"" x 13.25""","16"" x 20""","99","","1606","0","335","0"
"A01032-2","668","Ltd Edition - Moon Wisdom","10.25"" x 13.25""","16"" x 20""","99","","1607","0","335","0"
"A01032-2","668","Ltd Edition - Moon Wisdom","10.25"" x 13.25""","16"" x 20""","99","","1608","0","335","0"
"A01036-2","670","Ltd Edition - Teachings","10.25"" x 13.25""","16"" x 20""","99","","1613","3","170","0"
"A01036-2","670","Ltd Edition - Teachings","10.25"" x 13.25""","16"" x 20""","99","","1614","0","335","0"
"A01036-2","670","Ltd Edition - Teachings","10.25"" x 13.25""","16"" x 20""","99","","1615","0","335","0"
"A01036-2","670","Ltd Edition - Teachings","10.25"" x 13.25""","16"" x 20""","99","","1616","0","335","0"
"A08045-2","680","Ltd Edition - Patience","6.75” x 13.5”","12.5” x 19.375”","99","","1889","4","140","0"
"A08045-2","680","Ltd Edition - Patience","6.75” x 13.5”","12.5” x 19.375”","99","","1890","0","305","0"
"A08045-2","680","Ltd Edition - Patience","6.75” x 13.5”","12.5” x 19.375”","99","","1891","0","305","0"
"A08045-2","680","Ltd Edition - Patience","6.75” x 13.5”","12.5” x 19.375”","99","","1892","0","305","0"
"A08019-2","682","Ltd Edition - Unity","12” x 12”","17.75” 17.875”","99","","1805","2","170","0"
"A08019-2","682","Ltd Edition - Unity","12” x 12”","17.75” 17.875”","99","","1806","0","335","0"
"A08019-2","682","Ltd Edition - Unity","12” x 12”","17.75” 17.875”","99","","1807","0","335","0"
"A08019-2","682","Ltd Edition - Unity","12” x 12”","17.75” 17.875”","99","","1808","0","335","0"
"A09006-2","683","Ltd Edition - River Keeper","8” x 13.5”","13.75” x 19.375”","99","","1909","2","155","0"
"A09006-2","683","Ltd Edition - River Keeper","8” x 13.5”","13.75” x 19.375”","99","","1910","0","320","0"
"A09006-2","683","Ltd Edition - River Keeper","8” x 13.5”","13.75” x 19.375”","99","","1911","0","320","0"
"A09006-2","683","Ltd Edition - River Keeper","8” x 13.5”","13.75” x 19.375”","99","","1912","0","320","0"
"A04015-2","684","Ltd Edition - Rebirth","12” x 12”","17.75” 17.875”","99","","1809","2","170","0"
"A04015-2","684","Ltd Edition - Rebirth","12” x 12”","17.75” 17.875”","99","","1810","0","335","0"
"A04015-2","684","Ltd Edition - Rebirth","12” x 12”","17.75” 17.875”","99","","1811","0","335","0"
"A04015-2","684","Ltd Edition - Rebirth","12” x 12”","17.75” 17.875”","99","","1812","0","335","0"
"A04039-2","685","Ltd Edition - Nostalgia","12"" x 12""","17.75"" x 17.875""","99","","1813","3","170","0"
"A04039-2","685","Ltd Edition - Nostalgia","12"" x 12""","17.75"" x 17.875""","99","","1814","0","335","0"
"A04039-2","685","Ltd Edition - Nostalgia","12"" x 12""","17.75"" x 17.875""","99","","1815","0","335","0"
"A04039-2","685","Ltd Edition - Nostalgia","12"" x 12""","17.75"" x 17.875""","99","","1816","0","335","0"
"W12017-2","689","Ltd Edition - Synchronicity","10.25"" x 13.25""","16"" x 20""","99","","1629","3","170","0"
"W12017-2","689","Ltd Edition - Synchronicity","10.25"" x 13.25""","16"" x 20""","99","","1630","0","335","0"
"W12017-2","689","Ltd Edition - Synchronicity","10.25"" x 13.25""","16"" x 20""","99","","1631","0","335","0"
"W12017-2","689","Ltd Edition - Synchronicity","10.25"" x 13.25""","16"" x 20""","99","","1632","0","335","0"
"W12014-2","692","Ltd Edition - Gate of Silk","13.25"" x 10.25""","20"" x 16""","99","","1737","4","170","0"
"W12014-2","692","Ltd Edition - Gate of Silk","13.25"" x 10.25""","20"" x 16""","99","","1738","0","335","0"
"W12014-2","692","Ltd Edition - Gate of Silk","13.25"" x 10.25""","20"" x 16""","99","","1739","0","335","0"
"W12014-2","692","Ltd Edition - Gate of Silk","13.25"" x 10.25""","20"" x 16""","99","","1740","0","335","0"
"W12018-2","696","Ltd Edition - Early Evening Flowing into Fall","13.25"" x 10.25""","20"" x 16""","99","","1741","2","170","0"
"W12018-2","696","Ltd Edition - Early Evening Flowing into Fall","13.25"" x 10.25""","20"" x 16""","99","","1742","0","335","0"
"W12018-2","696","Ltd Edition - Early Evening Flowing into Fall","13.25"" x 10.25""","20"" x 16""","99","","1743","0","335","0"
"W12018-2","696","Ltd Edition - Early Evening Flowing into Fall","13.25"" x 10.25""","20"" x 16""","99","","1744","0","335","0"
"A00048-2","698","Ltd Edition - The Protector","10.25"" x 13.25""","16"" x 20""","99","","1653","2","170","0"
"A00048-2","698","Ltd Edition - The Protector","10.25"" x 13.25""","16"" x 20""","99","","1654","0","335","0"
"A00048-2","698","Ltd Edition - The Protector","10.25"" x 13.25""","16"" x 20""","99","","1655","0","335","0"
"A00048-2","698","Ltd Edition - The Protector","10.25"" x 13.25""","16"" x 20""","99","","1656","0","335","0"
"A01003-2","699","Ltd Edition - Sky Girl","10.25"" x 13.25""","16"" x 20""","99","","1641","3","170","0"
"A01003-2","699","Ltd Edition - Sky Girl","10.25"" x 13.25""","16"" x 20""","99","","1642","0","335","0"
"A01003-2","699","Ltd Edition - Sky Girl","10.25"" x 13.25""","16"" x 20""","99","","1643","0","335","0"
"A01003-2","699","Ltd Edition - Sky Girl","10.25"" x 13.25""","16"" x 20""","99","","1644","0","335","0"
"A09054-2","701","Ltd Edition - Tranquility","10.25"" x 13.25""","16"" x 20""","99","","1645","2","170","0"
"A09054-2","701","Ltd Edition - Tranquility","10.25"" x 13.25""","16"" x 20""","99","","1646","0","335","0"
"A09054-2","701","Ltd Edition - Tranquility","10.25"" x 13.25""","16"" x 20""","99","","1647","0","335","0"
"A09054-2","701","Ltd Edition - Tranquility","10.25"" x 13.25""","16"" x 20""","99","","1648","0","335","0"
"A16055-2","702","Ltd Edition - Abundance","10.25"" x 13.25""","16"" x 20""","99","","1649","2","170","0"
"A16055-2","702","Ltd Edition - Abundance","10.25"" x 13.25""","16"" x 20""","99","","1650","0","335","0"
"A16055-2","702","Ltd Edition - Abundance","10.25"" x 13.25""","16"" x 20""","99","","1651","0","335","0"
"A16055-2","702","Ltd Edition - Abundance","10.25"" x 13.25""","16"" x 20""","99","","1652","0","335","0"
"A13041-2","703","Ltd Edition - Lapinx","6"" x 18""","11.75"" x 23.875""","99","","1918","0","320","0"
"A13041-2","703","Ltd Edition - Lapinx","6"" x 18""","11.75"" x 23.875""","99","","1919","0","320","0"
"A13041-2","703","Ltd Edition - Lapinx","6"" x 18""","11.75"" x 23.875""","99","","1920","0","320","0"
"A13041-2","703","Ltd Edition - Lapinx","6"" x 18""","11.75"" x 23.875""","99","","11347","2","155","0"
"A13041-2","703","Ltd Edition - Lapinx","6"" x 18""","11.75"" x 23.875""","99","","11348","3","170","0"
"A13056-2","705","Ltd Edition - Otherness","13.5” x 6.75”","19.25” x 12.625”","99","","1877","2","140","0"
"A13056-2","705","Ltd Edition - Otherness","13.5” x 6.75”","19.25” x 12.625”","99","","1878","0","305","0"
"A13056-2","705","Ltd Edition - Otherness","13.5” x 6.75”","19.25” x 12.625”","99","","1879","0","305","0"
"A13056-2","705","Ltd Edition - Otherness","13.5” x 6.75”","19.25” x 12.625”","99","","1880","0","305","0"
"A16058-2","709","Ltd Edition - Silent Seekers","13.5” x 6.75”","19.25” x 12.625”","99","","1881","2","145","0"
"A16058-2","709","Ltd Edition - Silent Seekers","13.5” x 6.75”","19.25” x 12.625”","99","","1882","0","305","0"
"A16058-2","709","Ltd Edition - Silent Seekers","13.5” x 6.75”","19.25” x 12.625”","99","","1883","0","305","0"
"A16058-2","709","Ltd Edition - Silent Seekers","13.5” x 6.75”","19.25” x 12.625”","99","","1884","0","305","0"
"A95053-2","711","Ltd Edition - Messenger","6.75” x 13.5”","12.5” x 19.375”","99","","1893","3","140","0"
"A95053-2","711","Ltd Edition - Messenger","6.75” x 13.5”","12.5” x 19.375”","99","","1894","0","305","0"
"A95053-2","711","Ltd Edition - Messenger","6.75” x 13.5”","12.5” x 19.375”","99","","1895","0","305","0"
"A95053-2","711","Ltd Edition - Messenger","6.75” x 13.5”","12.5” x 19.375”","99","","1896","0","305","0"
"A14051-2","712","Ltd Edition - Gezaluwejit","10.25"" x 13.25""","16"" x 20""","99","","1529","2","170","0"
"A14051-2","712","Ltd Edition - Gezaluwejit","10.25"" x 13.25""","16"" x 20""","99","","1530","0","335","0"
"A14051-2","712","Ltd Edition - Gezaluwejit","10.25"" x 13.25""","16"" x 20""","99","","1531","0","335","0"
"A14051-2","712","Ltd Edition - Gezaluwejit","10.25"" x 13.25""","16"" x 20""","99","","1532","0","335","0"
"W13047-2","714","Ltd Edition - Inner Memories","13.25"" x 10.25""","20"" x 16""","99","","1753","4","170","0"
"W13047-2","714","Ltd Edition - Inner Memories","13.25"" x 10.25""","20"" x 16""","99","","1754","0","335","0"
"W13047-2","714","Ltd Edition - Inner Memories","13.25"" x 10.25""","20"" x 16""","99","","1755","0","335","0"
"W13047-2","714","Ltd Edition - Inner Memories","13.25"" x 10.25""","20"" x 16""","99","","1756","0","335","0"
"A12050-2","716","Ltd Edition - Ice Dream","13.25"" x 10.25""","20"" x 16""","99","","1757","3","170","0"
"A12050-2","716","Ltd Edition - Ice Dream","13.25"" x 10.25""","20"" x 16""","99","","1758","0","335","0"
"A12050-2","716","Ltd Edition - Ice Dream","13.25"" x 10.25""","20"" x 16""","99","","1759","0","335","0"
"A12050-2","716","Ltd Edition - Ice Dream","13.25"" x 10.25""","20"" x 16""","99","","1760","0","335","0"
"A01038-2","719","Ltd Edition - Harmony","13.25"" x 10.25""","20"" x 16""","99","","1930","2","170","0"
"A01038-2","719","Ltd Edition - Harmony","13.25"" x 10.25""","20"" x 16""","99","","1931","0","335","0"
"A01038-2","719","Ltd Edition - Harmony","13.25"" x 10.25""","20"" x 16""","99","","1932","0","335","0"
"A01038-2","719","Ltd Edition - Harmony","13.25"" x 10.25""","20"" x 16""","99","","1933","0","335","0"
"A13042-2","721","Ltd Edition - Carried Away","6.75” x 13.5”","12.5” x 19.375”","99","","1897","2","140","0"
"A13042-2","721","Ltd Edition - Carried Away","6.75” x 13.5”","12.5” x 19.375”","99","","1898","0","305","0"
"A13042-2","721","Ltd Edition - Carried Away","6.75” x 13.5”","12.5” x 19.375”","99","","1899","0","305","0"
"A13042-2","721","Ltd Edition - Carried Away","6.75” x 13.5”","12.5” x 19.375”","99","","1900","0","305","0"
"A09006-1","741","Canvas - River Keeper","15"" x 24""","","","","1854","0","495","0"
"A09006-1","741","Canvas - River Keeper","15"" x 24""","","","","1855","0","495","0"
"A09006-1","741","Canvas - River Keeper","15"" x 24""","","","","1856","0","495","0"
"A09006-1","741","Canvas - River Keeper","15"" x 24""","","","","8134","1","315","0"
"A09006-1","741","Canvas - River Keeper","15"" x 24""","","","","8135","0","695","0"
"A09006-1","741","Canvas - River Keeper","15"" x 24""","","","","9712","1","695","0"
"A16052-1","766","Canvas - Zenith","6"" x 36""","","","","1866","0","345","0"
"A16052-1","766","Canvas - Zenith","6"" x 36""","","","","1867","0","345","0"
"A16052-1","766","Canvas - Zenith","6"" x 36""","","","","1868","0","345","0"
"A16052-1","766","Canvas - Zenith","6"" x 36""","","","","9715","0","245","0"
"A17065-POD2578","781","Card - The Forest Temple","","","","6"" x 9""","","5","6.35","2.75"
"A17063-POD2550","782","Card - Depth","","","","6"" x 9""","","8","6.35","2.75"
"A17064-POD2563","784","Card - M'Otter love","","","","6"" x 9""","","3","6.35","2.75"
"A17063-POD2550","785","Matted Print - Depth","","11"" x 14""","","","","2","20","7.5"
"W17062-6","786","Small Print - Horizon","","8"" x 10""","","","","11","25","10.87"
"A17064-2","790","Ltd Edition - M'Otter Love","6” x 24”","11.75” x 29.875”","99","","1926","0","335","0"
"A17064-2","790","Ltd Edition - M'Otter Love","6” x 24”","11.75” x 29.875”","99","","1927","0","335","0"
"A17064-2","790","Ltd Edition - M'Otter Love","6” x 24”","11.75” x 29.875”","99","","1928","0","335","0"
"A17064-2","790","Ltd Edition - M'Otter Love","6” x 24”","11.75” x 29.875”","99","","11349","0","135","0"
"A17064-2","790","Ltd Edition - M'Otter Love","6” x 24”","11.75” x 29.875”","99","","11350","2","190","0"
"A17063-2","791","Ltd Edition - Depth","10.25” x 13.25”","16"" x 20""","99","","1513","2","170","0"
"A17063-2","791","Ltd Edition - Depth","10.25” x 13.25”","16"" x 20""","99","","1514","0","335","0"
"A17063-2","791","Ltd Edition - Depth","10.25” x 13.25”","16"" x 20""","99","","1515","0","335","0"
"A17063-2","791","Ltd Edition - Depth","10.25” x 13.25”","16"" x 20""","99","","1516","0","335","0"
"W17062-2","792","Ltd Edition - Horizon","13.25"" x 10.25""","20” x 16”","99","","1773","2","170","0"
"W17062-2","792","Ltd Edition - Horizon","13.25"" x 10.25""","20” x 16”","99","","1774","0","335","0"
"W17062-2","792","Ltd Edition - Horizon","13.25"" x 10.25""","20” x 16”","99","","1775","0","335","0"
"W17062-2","792","Ltd Edition - Horizon","13.25"" x 10.25""","20” x 16”","99","","1776","0","335","0"
"A17064-1","794","Canvas - Motter Love","6"" x 24""","","","","1869","2","235","0"
"A17064-1","794","Canvas - Motter Love","6"" x 24""","","","","1870","0","315","0"
"A17064-1","794","Canvas - Motter Love","6"" x 24""","","","","1871","0","315","0"
"A17064-1","794","Canvas - Motter Love","6"" x 24""","","","","1872","0","315","0"
"A09055-7","798","Card - Abundance","","","","5"" x 7""","","7","5.5","2.5"
"W18053-7-POD2883","799","Card - Northern Masters","","","","6"" x 9""","","7","6.35","2.75"
"A16058-WNS0701NC04A","807","Coco Tank ""Silent Seekers""","","","","","1435","1","79","34.35"
"A16058-WNS0701NC04A","807","Coco Tank ""Silent Seekers""","","","","","1436","1","79","34.35"
"A16058-WNS0701NC04A","807","Coco Tank ""Silent Seekers""","","","","","1437","2","79","34.35"
"A16058-WNS0701NC04A","807","Coco Tank ""Silent Seekers""","","","","","1438","0","79","34.35"
"A16058-WNS0701NC04A","807","Coco Tank ""Silent Seekers""","","","","","1439","1","79","34.35"
"A16051-WNS0701NC05A","808","Coco Tank ""Northern Keepers""","","","","","1430","1","79","34.35"
"A16051-WNS0701NC05A","808","Coco Tank ""Northern Keepers""","","","","","1431","0","79","34.35"
"A16051-WNS0701NC05A","808","Coco Tank ""Northern Keepers""","","","","","1432","0","79","34.35"
"A16051-WNS0701NC05A","808","Coco Tank ""Northern Keepers""","","","","","1433","0","79","34.35"
"A16051-WNS0701NC05A","808","Coco Tank ""Northern Keepers""","","","","","1434","0","79","34.35"
"A16058-WSS0901NC04A","820","K Smith T-Shirt ""Silent Seekers""","","","","","1405","1","89","35"
"A16058-WSS0901NC04A","820","K Smith T-Shirt ""Silent Seekers""","","","","","1406","2","89","35"
"A16058-WSS0901NC04A","820","K Smith T-Shirt ""Silent Seekers""","","","","","1407","1","89","35"
"A16058-WSS0901NC04A","820","K Smith T-Shirt ""Silent Seekers""","","","","","1408","0","89","35"
"A16058-WSS0901NC04A","820","K Smith T-Shirt ""Silent Seekers""","","","","","1409","2","89","35"
"A17064-WNS0801NC03A","822","Kaplan Tank ""M'Otter Love""","","","","","1420","2","129","60"
"A17064-WNS0801NC03A","822","Kaplan Tank ""M'Otter Love""","","","","","1421","1","129","60"
"A17064-WNS0801NC03A","822","Kaplan Tank ""M'Otter Love""","","","","","1422","1","129","60"
"A17064-WNS0801NC03A","822","Kaplan Tank ""M'Otter Love""","","","","","1423","1","129","60"
"A17064-WNS0801NC03A","822","Kaplan Tank ""M'Otter Love""","","","","","1424","2","129","60"
"A16058-WNS0801NC04B","823","Kaplan Tank ""Silent Seekers""","","","","","1415","1","129","60"
"A16058-WNS0801NC04B","823","Kaplan Tank ""Silent Seekers""","","","","","1416","0","129","60"
"A16058-WNS0801NC04B","823","Kaplan Tank ""Silent Seekers""","","","","","1417","0","129","60"
"A16058-WNS0801NC04B","823","Kaplan Tank ""Silent Seekers""","","","","","1418","0","129","60"
"A16058-WNS0801NC04B","823","Kaplan Tank ""Silent Seekers""","","","","","1419","1","129","60"
"A17063-WDR2601NC02A","825","Kate Dress ""Depth""","","","","","1395","1","169","64.5"
"A17063-WDR2601NC02A","825","Kate Dress ""Depth""","","","","","1396","0","169","64.5"
"A17063-WDR2601NC02A","825","Kate Dress ""Depth""","","","","","1397","0","169","64.5"
"A17063-WDR2601NC02A","825","Kate Dress ""Depth""","","","","","1398","0","169","64.5"
"A17063-WDR2601NC02A","825","Kate Dress ""Depth""","","","","","1399","1","169","64.5"
"A17064-WDR2601NC03D","826","Kate Dress ""M'Otter Love""","","","","","1390","1","169","64.5"
"A17064-WDR2601NC03D","826","Kate Dress ""M'Otter Love""","","","","","1391","1","169","64.5"
"A17064-WDR2601NC03D","826","Kate Dress ""M'Otter Love""","","","","","1392","1","169","64.5"
"A17064-WDR2601NC03D","826","Kate Dress ""M'Otter Love""","","","","","1393","0","169","64.5"
"A17064-WDR2601NC03D","826","Kate Dress ""M'Otter Love""","","","","","1394","0","169","64.5"
"A16058-WDR2601NC04A","827","Kate Dress ""Silent Seekers""","","","","","1385","1","169","64.5"
"A16058-WDR2601NC04A","827","Kate Dress ""Silent Seekers""","","","","","1386","1","169","64.5"
"A16058-WDR2601NC04A","827","Kate Dress ""Silent Seekers""","","","","","1387","1","169","64.5"
"A16058-WDR2601NC04A","827","Kate Dress ""Silent Seekers""","","","","","1388","0","169","64.5"
"A16058-WDR2601NC04A","827","Kate Dress ""Silent Seekers""","","","","","1389","0","169","64.5"
"A16051-WDR2601NC05A","828","Kate Dress ""Northern Keepers""","","","","","1380","1","169","64.5"
"A16051-WDR2601NC05A","828","Kate Dress ""Northern Keepers""","","","","","1381","0","169","64.5"
"A16051-WDR2601NC05A","828","Kate Dress ""Northern Keepers""","","","","","1382","1","169","64.5"
"A16051-WDR2601NC05A","828","Kate Dress ""Northern Keepers""","","","","","1383","0","169","64.5"
"A16051-WDR2601NC05A","828","Kate Dress ""Northern Keepers""","","","","","1384","1","169","64.5"
"A01028-WDR2601NC08A","830","Kate Dress ""Giving Thanks""","","","","","3042","1","169","64.5"
"A01028-WDR2601NC08A","830","Kate Dress ""Giving Thanks""","","","","","3043","1","169","64.5"
"A01028-WDR2601NC08A","830","Kate Dress ""Giving Thanks""","","","","","3044","1","169","64.5"
"A01028-WDR2601NC08A","830","Kate Dress ""Giving Thanks""","","","","","3045","0","169","64.5"
"A01028-WDR2601NC08A","830","Kate Dress ""Giving Thanks""","","","","","3046","0","169","64.5"
"W13023-WDR2601NC09A","831","Kate Dress ""Water and Spirit Buffalo""","","","","","1365","1","169","64.5"
"W13023-WDR2601NC09A","831","Kate Dress ""Water and Spirit Buffalo""","","","","","1366","0","169","64.5"
"W13023-WDR2601NC09A","831","Kate Dress ""Water and Spirit Buffalo""","","","","","1367","0","169","64.5"
"W13023-WDR2601NC09A","831","Kate Dress ""Water and Spirit Buffalo""","","","","","1368","0","169","64.5"
"W13023-WDR2601NC09A","831","Kate Dress ""Water and Spirit Buffalo""","","","","","1369","1","169","64.5"
"A07020-WDR2601NC0AB","832","Kate Dress ""Journey to the Spirit World""","","","","","1360","0","169","64.5"
"A07020-WDR2601NC0AB","832","Kate Dress ""Journey to the Spirit World""","","","","","1361","1","169","64.5"
"A07020-WDR2601NC0AB","832","Kate Dress ""Journey to the Spirit World""","","","","","1362","0","169","64.5"
"A07020-WDR2601NC0AB","832","Kate Dress ""Journey to the Spirit World""","","","","","1363","0","169","64.5"
"A07020-WDR2601NC0AB","832","Kate Dress ""Journey to the Spirit World""","","","","","1364","1","169","64.5"
"A16058-UAC1801NC04A","835","Pablo Pillow ""Silent Seekers""","","","","","","4","59","21"
"W13023-UAC1801NC09A","837","Pablo Pillow ""Water and Spirit Buffalo""","","","","","","4","59","21"
"A07020-UAC1801NC0AB","838","Pablo Pillow ""Journey to the Spirit World""","","","","","","2","59","21"
"A17063-WAC0201NC02A","845","Vivienne Scarf ""Depth""","","","","","","3","59","23"
"A16058-WAC0201NC04A","847","Vivienne Scarf ""Silent Seekers""","","","","","","8","59","23"
"A16051-WAC0201NC05A","848","Vivienne Scarf ""Northern Keepers""","","","","","","4","59","23"
"A09006-WAC0201NC06A","849","Vivienne Scarf ""The River Keeper""","","","","","","5","59","23"
"W12001-WAC0201NC07B","850","Vivienne Scarf ""Dialogue""","","","","","","2","59","23"
"A01028-WAC0201NC08A","851","Vivienne Scarf ""Giving Thanks""","","","","","","3","59","23"
"A07020-WAC0201NC0AA","853","Vivienne Scarf ""Journey to the Spirit World""","","","","","","3","59","23"
"A16052-WAC0201NC0BA","854","Vivienne Scarf ""Zenith""","","","","","","3","59","23"
"A17065-WAC0201NC0CA","855","Vivienne Scarf ""Forest Temple""","","","","","","4","59","23"
"A17064-WSS0701NC03C","858","Yoko Cape Tunic ""M'Otter Love""","","","","","1465","1","139","65"
"A17064-WSS0701NC03C","858","Yoko Cape Tunic ""M'Otter Love""","","","","","2070","0","139","65"
"A17064-WSS0701NC03C","858","Yoko Cape Tunic ""M'Otter Love""","","","","","2071","2","139","65"
"A17064-WSS0701NC03C","858","Yoko Cape Tunic ""M'Otter Love""","","","","","2072","0","139","65"
"A17064-WSS0701NC03C","858","Yoko Cape Tunic ""M'Otter Love""","","","","","2073","0","139","65"
"A16058-WSS0701NC04A","859","Yoko Cape Tunic ""Silent Seekers""","","","","","1460","1","139","65"
"A16058-WSS0701NC04A","859","Yoko Cape Tunic ""Silent Seekers""","","","","","1461","1","139","65"
"A16058-WSS0701NC04A","859","Yoko Cape Tunic ""Silent Seekers""","","","","","1462","1","139","65"
"A16058-WSS0701NC04A","859","Yoko Cape Tunic ""Silent Seekers""","","","","","1463","0","139","65"
"A16058-WSS0701NC04A","859","Yoko Cape Tunic ""Silent Seekers""","","","","","1464","0","139","65"
"A17064-WSS0901NC03B","865","K Smith T-Shirt ""M'Otter Love""","","","","","3312","1","89","35"
"A17064-WSS0901NC03B","865","K Smith T-Shirt ""M'Otter Love""","","","","","3313","1","89","35"
"A17064-WSS0901NC03B","865","K Smith T-Shirt ""M'Otter Love""","","","","","3314","1","89","35"
"A17064-WSS0901NC03B","865","K Smith T-Shirt ""M'Otter Love""","","","","","3315","0","89","35"
"A17064-WSS0901NC03B","865","K Smith T-Shirt ""M'Otter Love""","","","","","3316","0","89","35"
"A13041-UAC1801NC0EB","869","Pablo Pillow ""Lapinx""","","","","","","2","59","21"
"A17065-UAC0301NC0CC","870","Pablo Pillow ""Forest Temple""","","","","","","2","59","21"
"A08011-MSS0701NC0HA","898","Salvadore Tee for Men ""Whisper""","","","","","3332","0","89","36"
"A08011-MSS0701NC0HA","898","Salvadore Tee for Men ""Whisper""","","","","","3333","1","89","36"
"A08011-MSS0701NC0HA","898","Salvadore Tee for Men ""Whisper""","","","","","3334","1","89","36"
"A08011-MSS0701NC0HA","898","Salvadore Tee for Men ""Whisper""","","","","","3335","0","89","36"
"A08011-MSS0701NC0HA","898","Salvadore Tee for Men ""Whisper""","","","","","3336","1","89","36"
"W12018-WDR2601NC0DB","911","Kate Dress ""Early Evening Flowing into Fall""","","","","","3037","0","169","64.5"
"W12018-WDR2601NC0DB","911","Kate Dress ""Early Evening Flowing into Fall""","","","","","3038","2","169","64.5"
"W12018-WDR2601NC0DB","911","Kate Dress ""Early Evening Flowing into Fall""","","","","","3039","1","169","64.5"
"W12018-WDR2601NC0DB","911","Kate Dress ""Early Evening Flowing into Fall""","","","","","3040","0","169","64.5"
"W12018-WDR2601NC0DB","911","Kate Dress ""Early Evening Flowing into Fall""","","","","","3041","0","169","64.5"
"A16059-WBL0301NC0IA","916","Frida Cardigan ""Wisdom Keepers""","","","","","2927","1","129","52.5"
"A16059-WBL0301NC0IA","916","Frida Cardigan ""Wisdom Keepers""","","","","","2928","1","129","52.5"
"A16059-WBL0301NC0IA","916","Frida Cardigan ""Wisdom Keepers""","","","","","2929","1","129","52.5"
"A16059-WBL0301NC0IA","916","Frida Cardigan ""Wisdom Keepers""","","","","","2930","0","129","52.5"
"A16059-WBL0301NC0IA","916","Frida Cardigan ""Wisdom Keepers""","","","","","2931","0","129","52.5"
"A07020-WBL0301NC0AA","920","Frida Cardigan ""Journey to the Spirit World""","","","","","2922","0","129","52.5"
"A07020-WBL0301NC0AA","920","Frida Cardigan ""Journey to the Spirit World""","","","","","2923","1","129","52.5"
"A07020-WBL0301NC0AA","920","Frida Cardigan ""Journey to the Spirit World""","","","","","2924","1","129","52.5"
"A07020-WBL0301NC0AA","920","Frida Cardigan ""Journey to the Spirit World""","","","","","2925","1","129","52.5"
"A07020-WBL0301NC0AA","920","Frida Cardigan ""Journey to the Spirit World""","","","","","2926","1","129","52.5"
"189","927","Leather Moccasins for Men","","","","","2127","0","127","55"
"189","927","Leather Moccasins for Men","","","","","2128","2","127","55"
"189","927","Leather Moccasins for Men","","","","","2129","0","127","55"
"189","927","Leather Moccasins for Men","","","","","2566","0","133","55"
"189","927","Leather Moccasins for Men","","","","","2567","1","133","55"
"189","927","Leather Moccasins for Men","","","","","7177","1","127","55"
"189","927","Leather Moccasins for Men","","","","","7178","1","127","55"
"189","927","Leather Moccasins for Men","","","","","7179","0","127","55"
"189","927","Leather Moccasins for Men","","","","","7180","0","127","55"
"189","927","Leather Moccasins for Men","","","","","7181","1","127","55"
"A17063-UAC1801NC02A","933","Pablo Pillow ""Depth""","","","","","","7","59","23"
"A08013-WNS0801NC0FC","944","Kaplan Tank ""New Day""","","","","","3277","1","129","60"
"A08013-WNS0801NC0FC","944","Kaplan Tank ""New Day""","","","","","3278","1","129","60"
"A08013-WNS0801NC0FC","944","Kaplan Tank ""New Day""","","","","","3279","0","129","60"
"A08013-WNS0801NC0FC","944","Kaplan Tank ""New Day""","","","","","3280","0","129","60"
"A08013-WNS0801NC0FC","944","Kaplan Tank ""New Day""","","","","","3281","0","129","60"
"A10004-WBL0301NC01C","954","Frida Cardigan ""Merging Earth and Sky""","","","","","2947","1","129","52.5"
"A10004-WBL0301NC01C","954","Frida Cardigan ""Merging Earth and Sky""","","","","","2948","0","129","52.5"
"A10004-WBL0301NC01C","954","Frida Cardigan ""Merging Earth and Sky""","","","","","2949","1","129","52.5"
"A10004-WBL0301NC01C","954","Frida Cardigan ""Merging Earth and Sky""","","","","","2950","0","129","52.5"
"A10004-WBL0301NC01C","954","Frida Cardigan ""Merging Earth and Sky""","","","","","2951","0","129","52.5"
"A17064-WBL0301NC03A","955","Frida Cardigan ""M'Otter Love""","","","","","2952","2","129","52.5"
"A17064-WBL0301NC03A","955","Frida Cardigan ""M'Otter Love""","","","","","2953","2","129","52.5"
"A17064-WBL0301NC03A","955","Frida Cardigan ""M'Otter Love""","","","","","2954","1","129","52.5"
"A17064-WBL0301NC03A","955","Frida Cardigan ""M'Otter Love""","","","","","2955","1","129","52.5"
"A17064-WBL0301NC03A","955","Frida Cardigan ""M'Otter Love""","","","","","2956","1","129","52.5"
"A16058-WBL0301NC04A","956","Frida Cardigan ""Silent Seekers""","","","","","2957","1","129","52.5"
"A16058-WBL0301NC04A","956","Frida Cardigan ""Silent Seekers""","","","","","2958","0","129","52.5"
"A16058-WBL0301NC04A","956","Frida Cardigan ""Silent Seekers""","","","","","2959","1","129","52.5"
"A16058-WBL0301NC04A","956","Frida Cardigan ""Silent Seekers""","","","","","2960","1","129","52.5"
"A16058-WBL0301NC04A","956","Frida Cardigan ""Silent Seekers""","","","","","2961","1","129","52.5"
"A10004-WAC0201NC01A","961","Vivienne Scarf ""Merging Earth and Sky""","","","","","","4","59","23"
"W12018-WAC0201NC0DB","962","Vivienne Scarf ""Early Evening Flowing into Fall""","","","","","","2","59","23"
"A17063-WNS0701NC02A","964","Coco Tank ""Depth""","","","","","3297","1","79","34.35"
"A17063-WNS0701NC02A","964","Coco Tank ""Depth""","","","","","3298","0","79","34.35"
"A17063-WNS0701NC02A","964","Coco Tank ""Depth""","","","","","3299","1","79","34.35"
"A17063-WNS0701NC02A","964","Coco Tank ""Depth""","","","","","3300","0","79","34.35"
"A17063-WNS0701NC02A","964","Coco Tank ""Depth""","","","","","3301","0","79","34.35"
"A08013-WNS0701NC0FA","965","Coco Tank ""New Day""","","","","","3302","0","79","34.35"
"A08013-WNS0701NC0FA","965","Coco Tank ""New Day""","","","","","3303","1","79","34.35"
"A08013-WNS0701NC0FA","965","Coco Tank ""New Day""","","","","","3304","1","79","34.35"
"A08013-WNS0701NC0FA","965","Coco Tank ""New Day""","","","","","3305","0","79","34.35"
"A08013-WNS0701NC0FA","965","Coco Tank ""New Day""","","","","","3306","1","79","34.35"
"A17064-WNS0701NC03A","966","Coco Tank ""M'Otter Love""","","","","","3307","1","79","34.35"
"A17064-WNS0701NC03A","966","Coco Tank ""M'Otter Love""","","","","","3308","1","79","34.35"
"A17064-WNS0701NC03A","966","Coco Tank ""M'Otter Love""","","","","","3309","1","79","34.35"
"A17064-WNS0701NC03A","966","Coco Tank ""M'Otter Love""","","","","","3310","1","79","34.35"
"A17064-WNS0701NC03A","966","Coco Tank ""M'Otter Love""","","","","","3311","1","79","34.35"
"A17065-WDR2601NC0CC","969","Kate Dress ""Forest Temple""","","","","","3052","1","169","64.5"
"A17065-WDR2601NC0CC","969","Kate Dress ""Forest Temple""","","","","","3053","1","169","64.5"
"A17065-WDR2601NC0CC","969","Kate Dress ""Forest Temple""","","","","","3054","0","169","64.5"
"A17065-WDR2601NC0CC","969","Kate Dress ""Forest Temple""","","","","","3055","0","169","64.5"
"A17065-WDR2601NC0CC","969","Kate Dress ""Forest Temple""","","","","","3056","0","169","64.5"
"A17064-WBL0601NCO3A","977","Kimono ""M'Otter Love""","","","","","2368","3","129","49.5"
"A08013-WBL0301NC0FB","986","Frida Cardigan ""New Day""","","","","","2962","1","129","52.5"
"A08013-WBL0301NC0FB","986","Frida Cardigan ""New Day""","","","","","2963","1","129","52.5"
"A08013-WBL0301NC0FB","986","Frida Cardigan ""New Day""","","","","","2964","0","129","52.5"
"A08013-WBL0301NC0FB","986","Frida Cardigan ""New Day""","","","","","2965","0","129","52.5"
"A08013-WBL0301NC0FB","986","Frida Cardigan ""New Day""","","","","","2966","0","129","52.5"
"A17063-WBL0301NC02A","987","Frida Cardigan ""Depth""","","","","","2967","1","129","52.5"
"A17063-WBL0301NC02A","987","Frida Cardigan ""Depth""","","","","","2968","1","129","52.5"
"A17063-WBL0301NC02A","987","Frida Cardigan ""Depth""","","","","","2969","1","129","52.5"
"A17063-WBL0301NC02A","987","Frida Cardigan ""Depth""","","","","","2970","1","129","52.5"
"A17063-WBL0301NC02A","987","Frida Cardigan ""Depth""","","","","","2971","1","129","52.5"
"W12018-WBL0301NC0DA","988","Frida Cardigan ""Early Evening Flowing into Fall""","","","","","2972","0","129","52.5"
"W12018-WBL0301NC0DA","988","Frida Cardigan ""Early Evening Flowing into Fall""","","","","","2973","0","129","52.5"
"W12018-WBL0301NC0DA","988","Frida Cardigan ""Early Evening Flowing into Fall""","","","","","2974","1","129","52.5"
"W12018-WBL0301NC0DA","988","Frida Cardigan ""Early Evening Flowing into Fall""","","","","","2975","0","129","52.5"
"W12018-WBL0301NC0DA","988","Frida Cardigan ""Early Evening Flowing into Fall""","","","","","2976","1","129","52.5"
"A13041-WAC0201NC0EA","994","Vivienne Scarf ""Lapinx""","","","","","","3","59","23"
"W18053-WAC0201NC0JB","995","Vivienne Scarf ""Northern Masters""","","","","","","2","59","23"
"W17062-WAC0201NC0GC","996","Vivienne Scarf ""Horizon""","","","","","","3","59","23"
"A16059-WAC0201NC0IA","999","Vivienne Scarf ""Wisdom Keepers""","","","","","","5","59","23"
"A16059-WDR2601NC01B","1006","Kate Dress ""Wisdom Keepers""","","","","","3067","0","169","64.5"
"A16059-WDR2601NC01B","1006","Kate Dress ""Wisdom Keepers""","","","","","3068","1","169","64.5"
"A16059-WDR2601NC01B","1006","Kate Dress ""Wisdom Keepers""","","","","","3069","0","169","64.5"
"A16059-WDR2601NC01B","1006","Kate Dress ""Wisdom Keepers""","","","","","3070","0","169","64.5"
"A16059-WDR2601NC01B","1006","Kate Dress ""Wisdom Keepers""","","","","","3071","1","169","64.5"
"A01028-WBL0301NC08A","1010","Frida Cardigan ""Giving Thanks""","","","","","2977","1","129","52.5"
"A01028-WBL0301NC08A","1010","Frida Cardigan ""Giving Thanks""","","","","","2978","0","129","52.5"
"A01028-WBL0301NC08A","1010","Frida Cardigan ""Giving Thanks""","","","","","2979","1","129","52.5"
"A01028-WBL0301NC08A","1010","Frida Cardigan ""Giving Thanks""","","","","","2980","0","129","52.5"
"A01028-WBL0301NC08A","1010","Frida Cardigan ""Giving Thanks""","","","","","2981","1","129","52.5"
"A16051-WBL0301NC05A","1012","Frida Cardigan ""Northern Keepers""","","","","","2982","1","129","52.5"
"A16051-WBL0301NC05A","1012","Frida Cardigan ""Northern Keepers""","","","","","2983","1","129","52.5"
"A16051-WBL0301NC05A","1012","Frida Cardigan ""Northern Keepers""","","","","","2984","1","129","52.5"
"A16051-WBL0301NC05A","1012","Frida Cardigan ""Northern Keepers""","","","","","2985","1","129","52.5"
"A16051-WBL0301NC05A","1012","Frida Cardigan ""Northern Keepers""","","","","","2986","1","129","52.5"
"W18053-WDR2601NC0JB","1014","Kate Dress ""Northern Masters""","","","","","3077","1","169","64.5"
"W18053-WDR2601NC0JB","1014","Kate Dress ""Northern Masters""","","","","","3078","1","169","64.5"
"W18053-WDR2601NC0JB","1014","Kate Dress ""Northern Masters""","","","","","3079","0","169","64.5"
"W18053-WDR2601NC0JB","1014","Kate Dress ""Northern Masters""","","","","","3080","0","169","64.5"
"W18053-WDR2601NC0JB","1014","Kate Dress ""Northern Masters""","","","","","3081","0","169","64.5"
"142","1020","Suede Moccasins for Men","","","","","2508","2","76","33"
"142","1020","Suede Moccasins for Men","","","","","2512","0","76","33"
"142","1020","Suede Moccasins for Men","","","","","7186","0","76","33"
"142","1020","Suede Moccasins for Men","","","","","7187","0","76","33"
"142","1020","Suede Moccasins for Men","","","","","7188","0","76","33"
"142","1020","Suede Moccasins for Men","","","","","7189","0","76","33"
"142","1020","Suede Moccasins for Men","","","","","7190","0","76","33"
"142","1020","Suede Moccasins for Men","","","","","7191","0","76","33"
"142","1020","Suede Moccasins for Men","","","","","7192","0","76","33"
"142","1020","Suede Moccasins for Men","","","","","7193","0","76","33"
"258","1029","Mousecassins for Babies","","","","","2618","2","42","18.25"
"258","1029","Mousecassins for Babies","","","","","2619","4","42","18.25"
"258","1029","Mousecassins for Babies","","","","","2620","1","42","18.25"
"258","1029","Mousecassins for Babies","","","","","2621","3","42","18.25"
"258","1029","Mousecassins for Babies","","","","","2622","5","42","18.25"
"258","1030","Mousecassins for Children","","","","","2628","1","44.5","19"
"258","1030","Mousecassins for Children","","","","","2629","4","44.5","19"
"258","1030","Mousecassins for Children","","","","","2630","2","44.5","19"
"258","1030","Mousecassins for Children","","","","","2631","3","44.5","19"
"404","1031","Suede Moccasins for Women","","","","","2633","3","135","61.5"
"404","1031","Suede Moccasins for Women","","","","","2635","1","135","61.5"
"404","1031","Suede Moccasins for Women","","","","","2637","1","135","61.5"
"404","1031","Suede Moccasins for Women","","","","","2638","0","135","61.5"
"404","1031","Suede Moccasins for Women","","","","","7196","2","135","61.5"
"404","1031","Suede Moccasins for Women","","","","","7197","1","135","61.5"
"404","1031","Suede Moccasins for Women","","","","","7198","0","135","61.5"
"402","1034","Suede Moccasins for Women","","","","","7041","0","84","36.5"
"402","1034","Suede Moccasins for Women","","","","","7042","1","84","36.5"
"402","1034","Suede Moccasins for Women","","","","","7043","0","84","36.5"
"402","1034","Suede Moccasins for Women","","","","","7044","0","84","36.5"
"402","1034","Suede Moccasins for Women","","","","","7045","1","84","36.5"
"402","1034","Suede Moccasins for Women","","","","","7199","0","84","36.5"
"402","1034","Suede Moccasins for Women","","","","","7200","0","84","36.5"
"402","1035","Suede Moccasins for Junior","","","","","2667","2","63","27"
"402","1035","Suede Moccasins for Junior","","","","","2668","0","63","27"
"402","1035","Suede Moccasins for Junior","","","","","2669","2","63","27"
"402","1035","Suede Moccasins for Junior","","","","","2670","2","63","27"
"402","1035","Suede Moccasins for Junior","","","","","2671","3","63","27"
"402","1035","Suede Moccasins for Junior","","","","","2672","2","63","27"
"402","1036","Suede Moccasins for Children","","","","","2679","2","64.95","25"
"402","1036","Suede Moccasins for Children","","","","","2680","1","64.95","25"
"402","1036","Suede Moccasins for Children","","","","","2681","2","64.95","25"
"402","1036","Suede Moccasins for Children","","","","","2682","2","64.95","25"
"402","1037","Suede Moccasins for Babies","","","","","2689","2","54.95","22.5"
"402","1037","Suede Moccasins for Babies","","","","","2690","2","54.95","22.5"
"402","1037","Suede Moccasins for Babies","","","","","2691","2","54.95","22.5"
"402","1037","Suede Moccasins for Babies","","","","","2692","2","54.95","22.5"
"402","1037","Suede Moccasins for Babies","","","","","2693","1","54.95","22.5"
"842","1038","Suede Moccasins for Women","","","","","2694","0","140","63.5"
"842","1038","Suede Moccasins for Women","","","","","2695","1","140","63.5"
"842","1038","Suede Moccasins for Women","","","","","2696","0","140","63.5"
"842","1038","Suede Moccasins for Women","","","","","2697","0","140","63.5"
"842","1038","Suede Moccasins for Women","","","","","2698","0","140","63.5"
"842","1038","Suede Moccasins for Women","","","","","2699","1","140","63.5"
"842","1038","Suede Moccasins for Women","","","","","2700","0","140","63.5"
"4890","1042","Leather Moccasins for Women","","","","","2722","0","135","52"
"4890","1042","Leather Moccasins for Women","","","","","2723","5","135","52"
"4890","1042","Leather Moccasins for Women","","","","","2724","1","135","52"
"4890","1042","Leather Moccasins for Women","","","","","2725","9","135","52"
"4890","1042","Leather Moccasins for Women","","","","","2726","7","135","52"
"4890","1042","Leather Moccasins for Women","","","","","2728","8","135","52"
"4890","1042","Leather Moccasins for Women","","","","","7210","7","135","52"
"B489","1044","Leather Moccasins for Men","","","","","2744","3","135","58.5"
"B489","1044","Leather Moccasins for Men","","","","","2745","2","135","58.5"
"B489","1044","Leather Moccasins for Men","","","","","2746","2","135","58.5"
"B489","1044","Leather Moccasins for Men","","","","","2748","6","135","58.5"
"B489","1044","Leather Moccasins for Men","","","","","2749","4","135","58.5"
"B489","1044","Leather Moccasins for Men","","","","","5997","2","135","58.5"
"B489","1044","Leather Moccasins for Men","","","","","7216","0","135","58.5"
"B489","1044","Leather Moccasins for Men","","","","","7217","6","135","58.5"
"B489","1044","Leather Moccasins for Men","","","","","7218","0","135","58.5"
"B489","1044","Leather Moccasins for Men","","","","","7219","0","135","58.5"
"B489","1045","Leather Moccasins for Women","","","","","2761","2","129","46"
"B489","1045","Leather Moccasins for Women","","","","","2763","1","129","46"
"B489","1045","Leather Moccasins for Women","","","","","2764","5","129","46"
"B489","1045","Leather Moccasins for Women","","","","","2765","3","129","46"
"B489","1045","Leather Moccasins for Women","","","","","2766","7","129","46"
"B489","1045","Leather Moccasins for Women","","","","","2767","5","129","46"
"B489","1045","Leather Moccasins for Women","","","","","7220","5","129","46"
"220","1046","Suede Moccasins for Juniors","","","","","2775","5","94.95","44"
"220","1046","Suede Moccasins for Juniors","","","","","2776","3","94.95","44"
"220","1046","Suede Moccasins for Juniors","","","","","2777","1","94.95","44"
"220","1046","Suede Moccasins for Juniors","","","","","2779","5","94.95","44"
"220","1046","Suede Moccasins for Juniors","","","","","2780","5","94.95","44"
"220","1046","Suede Moccasins for Juniors","","","","","7221","3","94.95","44"
"220","1047","Suede Moccasins for Children","","","","","2787","6","84.95","38.5"
"220","1047","Suede Moccasins for Children","","","","","2790","3","84.95","38.5"
"220","1047","Suede Moccasins for Children","","","","","7222","2","84.95","38.5"
"220","1047","Suede Moccasins for Children","","","","","7223","4","84.95","38.5"
"220","1048","Suede Moccasins for Babies","","","","","8148","2","74.95","33.25"
"220","1048","Suede Moccasins for Babies","","","","","8149","1","74.95","33.25"
"220","1048","Suede Moccasins for Babies","","","","","8150","4","74.95","33.25"
"220","1048","Suede Moccasins for Babies","","","","","8151","3","74.95","33.25"
"220","1048","Suede Moccasins for Babies","","","","","8152","0","74.95","33.25"
"204","1056","Suede Moccasins for Men","","","","","2837","0","129","56"
"204","1056","Suede Moccasins for Men","","","","","2838","0","129","56"
"204","1056","Suede Moccasins for Men","","","","","2839","2","129","56"
"204","1056","Suede Moccasins for Men","","","","","2840","2","129","56"
"204","1056","Suede Moccasins for Men","","","","","2841","0","129","56"
"204","1056","Suede Moccasins for Men","","","","","2842","0","129","56"
"204","1056","Suede Moccasins for Men","","","","","2843","0","129","56"
"204","1056","Suede Moccasins for Men","","","","","2844","2","129","56"
"204","1056","Suede Moccasins for Men","","","","","2845","2","129","56"
"204","1056","Suede Moccasins for Men","","","","","2846","0","129","56"
"A16058-WBL0601NCO4A","1059","Kimono ""Silent Seekers""","","","","","2867","3","129","49.5"
"A17063-UAC0401NC02A","1062","Nino Place Mats ""Depth""","","","","","","9","15","6.5"
"A16058-UAC0401NC04A","1063","Nino Place Mats ""Silent Seekers""","","","","","","13","15","6.5"
"A16058-WLS1701NC04A","1065","Mia Turtleneck ""Silent Seekers""","","","","","3262","1","149","59.5"
"A16058-WLS1701NC04A","1065","Mia Turtleneck ""Silent Seekers""","","","","","3263","1","149","59.5"
"A16058-WLS1701NC04A","1065","Mia Turtleneck ""Silent Seekers""","","","","","3264","1","149","59.5"
"A16058-WLS1701NC04A","1065","Mia Turtleneck ""Silent Seekers""","","","","","3265","1","149","59.5"
"A16058-WLS1701NC04A","1065","Mia Turtleneck ""Silent Seekers""","","","","","3266","1","149","59.5"
"150CR","1076","Ballerina Slippers","","","","","3378","1","115","57.75"
"150CR","1076","Ballerina Slippers","","","","","3382","3","115","57.75"
"150CR","1076","Ballerina Slippers","","","","","3383","3","115","57.75"
"150CR","1076","Ballerina Slippers","","","","","7224","0","115","57.75"
"150CR","1076","Ballerina Slippers","","","","","7225","0","115","57.75"
"150CR","1076","Ballerina Slippers","","","","","7226","1","115","57.75"
"150CR","1076","Ballerina Slippers","","","","","9579","0","115","57.75"
"150CR","1076","Ballerina Slippers","","","","","9580","0","115","57.75"
"150BL","1078","Ballerina Slippers","","","","","3396","3","115","57.75"
"150BL","1078","Ballerina Slippers","","","","","3401","0","115","57.75"
"150BL","1078","Ballerina Slippers","","","","","7227","0","115","57.75"
"150BL","1078","Ballerina Slippers","","","","","7228","0","115","57.75"
"150BL","1078","Ballerina Slippers","","","","","7229","0","115","57.75"
"150BL","1078","Ballerina Slippers","","","","","7230","1","115","57.75"
"150BL","1078","Ballerina Slippers","","","","","9271","1","115","57.75"
"150BL","1078","Ballerina Slippers","","","","","9272","0","115","57.75"
"150BR","1079","Ballerina Slippers","","","","","3408","1","115","57.75"
"150BR","1079","Ballerina Slippers","","","","","3413","1","115","57.75"
"150BR","1079","Ballerina Slippers","","","","","7231","0","115","57.75"
"150BR","1079","Ballerina Slippers","","","","","7232","0","115","57.75"
"150BR","1079","Ballerina Slippers","","","","","7233","0","115","57.75"
"150BR","1079","Ballerina Slippers","","","","","7234","0","115","57.75"
"150BR","1079","Ballerina Slippers","","","","","9581","0","115","57.75"
"150BR","1079","Ballerina Slippers","","","","","9582","0","115","57.75"
"150RD","1082","Ballerina Slippers","","","","","3444","0","115","57.75"
"150RD","1082","Ballerina Slippers","","","","","3445","0","115","57.75"
"150RD","1082","Ballerina Slippers","","","","","3448","2","115","57.75"
"150RD","1082","Ballerina Slippers","","","","","3449","1","115","57.75"
"150RD","1082","Ballerina Slippers","","","","","7242","0","115","57.75"
"150RD","1082","Ballerina Slippers","","","","","7243","0","115","57.75"
"150RD","1082","Ballerina Slippers","","","","","9587","0","115","57.75"
"150RD","1082","Ballerina Slippers","","","","","9588","0","115","57.75"
"150ST","1083","Ballerina Slippers","","","","","3456","1","115","57.75"
"150ST","1083","Ballerina Slippers","","","","","3461","2","115","57.75"
"150ST","1083","Ballerina Slippers","","","","","7244","0","115","57.75"
"150ST","1083","Ballerina Slippers","","","","","7245","0","115","57.75"
"150ST","1083","Ballerina Slippers","","","","","7246","0","115","57.75"
"150ST","1083","Ballerina Slippers","","","","","7247","0","115","57.75"
"150ST","1083","Ballerina Slippers","","","","","9314","0","115","57.75"
"150ST","1083","Ballerina Slippers","","","","","9589","1","115","57.75"
"150TQ","1084","Ballerina Slippers","","","","","3468","1","115","57.75"
"150TQ","1084","Ballerina Slippers","","","","","3469","2","115","57.75"
"150TQ","1084","Ballerina Slippers","","","","","3470","0","115","57.75"
"150TQ","1084","Ballerina Slippers","","","","","3471","4","115","57.75"
"150TQ","1084","Ballerina Slippers","","","","","3473","3","115","57.75"
"150TQ","1084","Ballerina Slippers","","","","","7248","3","115","57.75"
"150TQ","1084","Ballerina Slippers","","","","","9590","0","115","57.75"
"150TQ","1084","Ballerina Slippers","","","","","9591","0","115","57.75"
"3700-0008-13-37500CHO","1096","Ladies Concho","","","","","3591","0","142","61.4"
"3700-0008-13-37500CHO","1096","Ladies Concho","","","","","3592","0","142","61.4"
"3700-0008-13-37500CHO","1096","Ladies Concho","","","","","3593","0","142","61.4"
"3700-0008-13-37500CHO","1096","Ladies Concho","","","","","3594","0","142","61.4"
"3700-0008-13-37500CHO","1096","Ladies Concho","","","","","3595","0","142","61.4"
"3700-0008-13-37500CHO","1096","Ladies Concho","","","","","3596","0","142","61.4"
"3700-0008-13-37500CHO","1096","Ladies Concho","","","","","3597","0","142","61.4"
"3700-0008-13-37500CHO","1096","Ladies Concho","","","","","3598","0","142","61.4"
"3700-0008-13-37500CHO","1096","Ladies Concho","","","","","3599","0","142","61.4"
"5109-0048-13-13136DKDKP","1098","Ladies Moccasins","","","","","3624","1","102","44"
"5109-0048-13-13136DKDKP","1098","Ladies Moccasins","","","","","7273","0","102","44"
"5109-0048-13-13136DKDKP","1098","Ladies Moccasins","","","","","7274","0","102","44"
"5109-0048-13-13136DKDKP","1098","Ladies Moccasins","","","","","7275","0","102","44"
"5109-0048-13-13136DKDKP","1098","Ladies Moccasins","","","","","7276","1","102","44"
"5109-0048-13-13136DKDKP","1098","Ladies Moccasins","","","","","7277","1","102","44"
"5109-0048-13-13136DKDKP","1098","Ladies Moccasins","","","","","7278","0","102","44"
"5000-0008-12-1493CHO","1100","Ladies Suede Moccasins","","","","","3656","2","96","41.5"
"5000-0008-12-1493CHO","1100","Ladies Suede Moccasins","","","","","3657","0","96","41.5"
"5000-0008-12-1493CHO","1100","Ladies Suede Moccasins","","","","","3661","1","96","41.5"
"5000-0008-12-1493CHO","1100","Ladies Suede Moccasins","","","","","7280","0","96","41.5"
"5000-0008-12-1493CHO","1100","Ladies Suede Moccasins","","","","","7281","0","96","41.5"
"5000-0008-12-1493CHO","1100","Ladies Suede Moccasins","","","","","7282","0","96","41.5"
"5000-0008-12-1493CHO","1100","Ladies Suede Moccasins","","","","","7283","1","96","41.5"
"5000-0008-12-1493CHO","1100","Ladies Suede Moccasins","","","","","7284","0","96","41.5"
"5000-0008-12-1493CHO","1100","Ladies Suede Moccasins","","","","","7285","0","96","41.5"
"6019-0300-41BR-9133BR","1101","Leather Moccasins for Men","","","","","3663","0","174","0"
"6019-0300-41BR-9133BR","1101","Leather Moccasins for Men","","","","","3664","2","174","0"
"6019-0300-41BR-9133BR","1101","Leather Moccasins for Men","","","","","3665","0","174","0"
"6019-0300-41BR-9133BR","1101","Leather Moccasins for Men","","","","","3668","1","174","0"
"6019-0300-41BR-9133BR","1101","Leather Moccasins for Men","","","","","3670","0","174","0"
"6019-0300-41BR-9133BR","1101","Leather Moccasins for Men","","","","","6905","0","174","0"
"6019-0300-41BR-9133BR","1101","Leather Moccasins for Men","","","","","7286","0","174","0"
"6019-0300-41BR-9133BR","1101","Leather Moccasins for Men","","","","","7287","1","174","0"
"6019-0300-41BR-9133BR","1101","Leather Moccasins for Men","","","","","7288","1","174","0"
"6019-0300-41BR-9133BR","1101","Leather Moccasins for Men","","","","","7289","0","174","0"
"6019-0300-41BR-9113MODKT-9113MO","1102","Suede Moccasins for Men","","","","","3683","0","170","73.7"
"6019-0300-41BR-9113MODKT-9113MO","1102","Suede Moccasins for Men","","","","","3685","2","170","73.7"
"6019-0300-41BR-9113MODKT-9113MO","1102","Suede Moccasins for Men","","","","","3686","2","170","73.7"
"6019-0300-41BR-9113MODKT-9113MO","1102","Suede Moccasins for Men","","","","","3689","1","170","73.7"
"6019-0300-41BR-9113MODKT-9113MO","1102","Suede Moccasins for Men","","","","","3690","0","170","73.7"
"6019-0300-41BR-9113MODKT-9113MO","1102","Suede Moccasins for Men","","","","","7290","0","170","73.7"
"6019-0300-41BR-9113MODKT-9113MO","1102","Suede Moccasins for Men","","","","","7291","1","170","73.7"
"6019-0300-41BR-9113MODKT-9113MO","1102","Suede Moccasins for Men","","","","","7292","0","170","73.7"
"6019-0300-41BR-9113MODKT-9113MO","1102","Suede Moccasins for Men","","","","","7293","0","170","73.7"
"6019-0300-41BR-9113MODKT-9113MO","1102","Suede Moccasins for Men","","","","","7294","0","170","73.7"
"5000-0008-12BL-1493BL","1103","Ladies Suede Moccasins","","","","","3702","1","96","41.5"
"5000-0008-12BL-1493BL","1103","Ladies Suede Moccasins","","","","","3707","0","96","41.5"
"5000-0008-12BL-1493BL","1103","Ladies Suede Moccasins","","","","","7295","0","96","41.5"
"5000-0008-12BL-1493BL","1103","Ladies Suede Moccasins","","","","","7296","1","96","41.5"
"5000-0008-12BL-1493BL","1103","Ladies Suede Moccasins","","","","","7297","0","96","41.5"
"5000-0008-12BL-1493BL","1103","Ladies Suede Moccasins","","","","","7298","1","96","41.5"
"5000-0008-12BL-1493BL","1103","Ladies Suede Moccasins","","","","","7299","1","96","41.5"
"5000-0008-12BL-1493BL","1103","Ladies Suede Moccasins","","","","","7300","0","96","41.5"
"5000-0008-12BL-1493BL","1103","Ladies Suede Moccasins","","","","","7301","0","96","41.5"
"6080-0408-41BL-653","1105","Suede Slippers for Men","","","","","3718","0","125","0"
"6080-0408-41BL-653","1105","Suede Slippers for Men","","","","","3719","1","125","0"
"6080-0408-41BL-653","1105","Suede Slippers for Men","","","","","3720","0","125","0"
"6080-0408-41BL-653","1105","Suede Slippers for Men","","","","","3721","0","125","0"
"6080-0408-41BL-653","1105","Suede Slippers for Men","","","","","3722","1","125","0"
"6080-0408-41BL-653","1105","Suede Slippers for Men","","","","","3723","1","125","0"
"6080-0408-41BL-653","1105","Suede Slippers for Men","","","","","3724","1","125","0"
"6080-0408-41BL-653","1105","Suede Slippers for Men","","","","","6907","0","125","0"
"6080-0408-41BL-653","1105","Suede Slippers for Men","","","","","7302","0","125","0"
"6080-0408-41BL-653","1105","Suede Slippers for Men","","","","","7303","1","125","0"
"5000-0000-27-78CHORK","1106","Suede Moccasins for Men","","","","","3735","0","98","42.6"
"5000-0000-27-78CHORK","1106","Suede Moccasins for Men","","","","","3736","1","98","42.6"
"5000-0000-27-78CHORK","1106","Suede Moccasins for Men","","","","","3737","0","98","42.6"
"5000-0000-27-78CHORK","1106","Suede Moccasins for Men","","","","","3738","0","98","42.6"
"5000-0000-27-78CHORK","1106","Suede Moccasins for Men","","","","","3739","0","98","42.6"
"5000-0000-27-78CHORK","1106","Suede Moccasins for Men","","","","","3740","0","98","42.6"
"5000-0000-27-78CHORK","1106","Suede Moccasins for Men","","","","","3741","0","98","42.6"
"5000-0000-27-78CHORK","1106","Suede Moccasins for Men","","","","","3742","0","98","42.6"
"5000-0000-27-78CHORK","1106","Suede Moccasins for Men","","","","","7304","0","98","42.6"
"5000-0000-27-78CHORK","1106","Suede Moccasins for Men","","","","","7305","0","98","42.6"
"9816-0408-47-980447MO","1111","Ladies Mukluks","","","","","3975","1","422","198"
"9816-0408-47-980447MO","1111","Ladies Mukluks","","","","","7577","0","422","198"
"9816-0408-47-980447MO","1111","Ladies Mukluks","","","","","7578","0","422","198"
"9816-0408-47-980447MO","1111","Ladies Mukluks","","","","","7579","0","422","198"
"9816-0408-47-980447MO","1111","Ladies Mukluks","","","","","7580","0","422","198"
"9816-0408-47-980447MO","1111","Ladies Mukluks","","","","","7581","1","422","198"
"9816-0408-47-980447MO","1111","Ladies Mukluks","","","","","7582","0","422","198"
"9816-0408-47-980447MO","1111","Ladies Mukluks","","","","","7583","0","422","198"
"9816-0408-47-980447MO","1111","Ladies Mukluks","","","","","7584","0","422","198"
"SKU-54-54-541","1132","Crossbody City Bag, Bear Box","","","","","4020","0","185","80"
"SKU-54-54-541","1132","Crossbody City Bag, Bear Box","","","","","4021","1","185","80"
"SKU-54-54-541","1132","Crossbody City Bag, Bear Box","","","","","4022","2","185","80"
"SKU: 54-54-350","1142","Wristlet, Raven","","","","","4058","0","56","24"
"SKU: 54-54-350","1142","Wristlet, Raven","","","","","4059","0","56","24"
"SKU: 54-54-350","1142","Wristlet, Raven","","","","","4060","0","56","24"
"SKU: 54-54-350","1142","Wristlet, Raven","","","","","4061","2","56","24"
"SKU: 54-54-350","1142","Wristlet, Raven","","","","","4067","0","56","24"
"SKU: 54-54-350","1142","Wristlet, Raven","","","","","4068","0","56","24"
"SKU: 12-12-403","1144","Polar Bear Oven Mitt","","","","","","2","19.95","8"
"SKU: 00-04-330","1188","Princess Grinder Salt/Pepper/Herbs","","","","","5600","1","105.95","46"
"SKU: 00-04-330","1188","Princess Grinder Salt/Pepper/Herbs","","","","","5601","1","105.95","46"
"SKU: 00-04-330","1188","Princess Grinder Salt/Pepper/Herbs","","","","","5602","0","105.95","46"
"5000-0000-27-11563BL","1406","Leather Moccasins for Men","","","","","6143","0","140","54.9"
"5000-0000-27-11563BL","1406","Leather Moccasins for Men","","","","","6144","0","140","54.9"
"5000-0000-27-11563BL","1406","Leather Moccasins for Men","","","","","6145","0","140","54.9"
"5000-0000-27-11563BL","1406","Leather Moccasins for Men","","","","","6146","0","140","54.9"
"5000-0000-27-11563BL","1406","Leather Moccasins for Men","","","","","6147","1","140","54.9"
"5000-0000-27-11563BL","1406","Leather Moccasins for Men","","","","","6148","0","140","54.9"
"5000-0000-27-11563BL","1406","Leather Moccasins for Men","","","","","6149","0","140","54.9"
"5000-0000-27-11563BL","1406","Leather Moccasins for Men","","","","","6150","0","140","54.9"
"5000-0000-27-11563BL","1406","Leather Moccasins for Men","","","","","6151","0","140","54.9"
"5000-0000-27-11563BL","1406","Leather Moccasins for Men","","","","","6152","0","140","54.9"
"5000-0800-17-7055RK","1408","Leather Moccasins for Men","","","","","6166","1","143","0"
"5000-0800-17-7055RK","1408","Leather Moccasins for Men","","","","","6167","1","143","0"
"5000-0800-17-7055RK","1408","Leather Moccasins for Men","","","","","6169","1","143","0"
"5000-0800-17-7055RK","1408","Leather Moccasins for Men","","","","","7315","0","143","0"
"5000-0800-17-7055RK","1408","Leather Moccasins for Men","","","","","7316","0","143","0"
"5000-0800-17-7055RK","1408","Leather Moccasins for Men","","","","","7317","0","143","0"
"5000-0800-17-7055RK","1408","Leather Moccasins for Men","","","","","7318","1","143","0"
"5000-0800-17-7055RK","1408","Leather Moccasins for Men","","","","","7319","0","143","0"
"5000-0800-17-7055RK","1408","Leather Moccasins for Men","","","","","7320","0","143","0"
"5000-0800-17-7055RK","1408","Leather Moccasins for Men","","","","","7321","0","143","0"
"5000-0800-17-7055BL","1410","Leather Moccasins for Men","","","","","6181","0","143","62"
"5000-0800-17-7055BL","1410","Leather Moccasins for Men","","","","","6182","0","143","62"
"5000-0800-17-7055BL","1410","Leather Moccasins for Men","","","","","6183","0","143","62"
"5000-0800-17-7055BL","1410","Leather Moccasins for Men","","","","","6184","0","143","62"
"5000-0800-17-7055BL","1410","Leather Moccasins for Men","","","","","6185","1","143","62"
"5000-0800-17-7055BL","1410","Leather Moccasins for Men","","","","","6186","1","143","62"
"5000-0800-17-7055BL","1410","Leather Moccasins for Men","","","","","6187","1","143","62"
"5000-0800-17-7055BL","1410","Leather Moccasins for Men","","","","","6188","0","143","62"
"5000-0800-17-7055BL","1410","Leather Moccasins for Men","","","","","7322","0","143","62"
"5000-0800-17-7055BL","1410","Leather Moccasins for Men","","","","","7323","0","143","62"
"6080-0400-41IND-648","1414","Suede Slippers for Men","","","","","6190","0","125","54.3"
"6080-0400-41IND-648","1414","Suede Slippers for Men","","","","","6191","2","125","54.3"
"6080-0400-41IND-648","1414","Suede Slippers for Men","","","","","6193","1","125","54.3"
"6080-0400-41IND-648","1414","Suede Slippers for Men","","","","","6196","2","125","54.3"
"6080-0400-41IND-648","1414","Suede Slippers for Men","","","","","7339","0","125","54.3"
"6080-0400-41IND-648","1414","Suede Slippers for Men","","","","","7340","2","125","54.3"
"6080-0400-41IND-648","1414","Suede Slippers for Men","","","","","7341","2","125","54.3"
"6080-0400-41IND-648","1414","Suede Slippers for Men","","","","","7342","2","125","54.3"
"6080-0400-41IND-648","1414","Suede Slippers for Men","","","","","7343","0","125","54.3"
"6080-0400-41IND-648","1414","Suede Slippers for Men","","","","","7344","0","125","54.3"
"5000-0400-00-748IND","1417","Ladies Suede Moccasins","","","","","6228","0","75","32.4"
"5000-0400-00-748IND","1417","Ladies Suede Moccasins","","","","","6229","1","75","32.4"
"5000-0400-00-748IND","1417","Ladies Suede Moccasins","","","","","6230","0","75","32.4"
"5000-0400-00-748IND","1417","Ladies Suede Moccasins","","","","","6233","0","75","32.4"
"5000-0400-00-748IND","1417","Ladies Suede Moccasins","","","","","6236","0","75","32.4"
"5000-0400-00-748IND","1417","Ladies Suede Moccasins","","","","","7345","1","75","32.4"
"5000-0400-00-748IND","1417","Ladies Suede Moccasins","","","","","7346","0","75","32.4"
"5000-0400-00-748IND","1417","Ladies Suede Moccasins","","","","","7347","0","75","32.4"
"5000-0400-00-748IND","1417","Ladies Suede Moccasins","","","","","7348","0","75","32.4"
"989","1426","Suede Moccasins for Men","","","","","6379","3","144","62.5"
"989","1426","Suede Moccasins for Men","","","","","6380","0","144","62.5"
"989","1426","Suede Moccasins for Men","","","","","7371","0","144","62.5"
"989","1426","Suede Moccasins for Men","","","","","7372","0","144","62.5"
"989","1426","Suede Moccasins for Men","","","","","7373","0","144","62.5"
"989","1426","Suede Moccasins for Men","","","","","7374","0","144","62.5"
"989","1426","Suede Moccasins for Men","","","","","7375","0","144","62.5"
"989","1426","Suede Moccasins for Men","","","","","7532","0","144","62.5"
"989","1426","Suede Moccasins for Men","","","","","7533","0","144","62.5"
"989","1426","Suede Moccasins for Men","","","","","7534","0","144","62.5"
"3332","1530","Loop Bail for Pendant","","","","","","2","40","15"
"9816-0408-86-981486BL","1663","Ladies Mukluks","","","","","6579","0","467","203.04"
"9816-0408-86-981486BL","1663","Ladies Mukluks","","","","","6581","0","467","203.04"
"9816-0408-86-981486BL","1663","Ladies Mukluks","","","","","6582","0","467","203.04"
"9816-0408-86-981486BL","1663","Ladies Mukluks","","","","","7637","0","467","203.04"
"9816-0408-86-981486BL","1663","Ladies Mukluks","","","","","7638","0","467","203.04"
"9816-0408-86-981486BL","1663","Ladies Mukluks","","","","","7639","2","467","203.04"
"9816-0408-86-981486BL","1663","Ladies Mukluks","","","","","7640","0","467","203.04"
"9816-0408-86-981486BL","1663","Ladies Mukluks","","","","","7641","0","467","203.04"
"9816-0408-86-981486BL","1663","Ladies Mukluks","","","","","7642","0","467","203.04"
"3487-66233","1745","Stud Earrings","","","","","","3","28","10.14"
"3543-66230","1775","Stud Earrings","","","","","","7","25","8.33"
"5000-0000-27-78DKTCK","2284","Ladies Suede Moccasins","","","","","6614","0","92","39.7"
"5000-0000-27-78DKTCK","2284","Ladies Suede Moccasins","","","","","6615","0","92","39.7"
"5000-0000-27-78DKTCK","2284","Ladies Suede Moccasins","","","","","6616","0","92","39.7"
"5000-0000-27-78DKTCK","2284","Ladies Suede Moccasins","","","","","6617","1","92","39.7"
"5000-0000-27-78DKTCK","2284","Ladies Suede Moccasins","","","","","6618","0","92","39.7"
"5000-0000-27-78DKTCK","2284","Ladies Suede Moccasins","","","","","7385","0","92","39.7"
"5000-0000-27-78DKTCK","2284","Ladies Suede Moccasins","","","","","7386","1","92","39.7"
"5000-0000-27-78DKTCK","2284","Ladies Suede Moccasins","","","","","7387","0","92","39.7"
"5000-0000-27-78DKTCK","2284","Ladies Suede Moccasins","","","","","7388","0","92","39.7"
"W13023-WNS0801NC0IB","2408","Kaplan Tank ""Wisdom Keepers""","","","","","6663","1","129","60"
"W13023-WNS0801NC0IB","2408","Kaplan Tank ""Wisdom Keepers""","","","","","6664","1","129","60"
"W13023-WNS0801NC0IB","2408","Kaplan Tank ""Wisdom Keepers""","","","","","6665","0","129","60"
"W13023-WNS0801NC0IB","2408","Kaplan Tank ""Wisdom Keepers""","","","","","6666","0","129","60"
"W13023-WNS0801NC0IB","2408","Kaplan Tank ""Wisdom Keepers""","","","","","6667","1","129","60"
"6019-0308-41MODKT-9113MO","2686","Ladies Suede Moccasins","","","","","6692","1","157","68.3"
"6019-0308-41MODKT-9113MO","2686","Ladies Suede Moccasins","","","","","6694","0","157","68.3"
"6019-0308-41MODKT-9113MO","2686","Ladies Suede Moccasins","","","","","6697","0","157","68.3"
"6019-0308-41MODKT-9113MO","2686","Ladies Suede Moccasins","","","","","7427","1","157","68.3"
"6019-0308-41MODKT-9113MO","2686","Ladies Suede Moccasins","","","","","7428","1","157","68.3"
"6019-0308-41MODKT-9113MO","2686","Ladies Suede Moccasins","","","","","7429","1","157","68.3"
"6019-0308-41MODKT-9113MO","2686","Ladies Suede Moccasins","","","","","7430","1","157","68.3"
"6019-0308-41MODKT-9113MO","2686","Ladies Suede Moccasins","","","","","7431","2","157","68.3"
"6019-0308-41MODKT-9113MO","2686","Ladies Suede Moccasins","","","","","7432","0","157","68.3"
"A10004-UAC0701NC01","2773","""Merging Earth and Sky"" Mask","","","","","6743","1","18","15.94"
"A10004-UAC0701NC01","2773","""Merging Earth and Sky"" Mask","","","","","6744","5","18","15.94"
"A10004-UAC0701NC01","2773","""Merging Earth and Sky"" Mask","","","","","6745","9","18","15.94"
"A10004-UAC0701NC01","2773","""Merging Earth and Sky"" Mask","","","","","6746","14","18","15.94"
"A10004-UAC0701NC01","2773","""Merging Earth and Sky"" Mask","","","","","6747","9","18","15.94"
"A17063-UAC0701NC02","2791","""Depth"" Mask","","","","","6748","1","18","15.14"
"A17063-UAC0701NC02","2791","""Depth"" Mask","","","","","6749","2","18","15.14"
"A17063-UAC0701NC02","2791","""Depth"" Mask","","","","","6750","1","18","15.14"
"A17063-UAC0701NC02","2791","""Depth"" Mask","","","","","6751","11","18","15.14"
"A17063-UAC0701NC02","2791","""Depth"" Mask","","","","","6752","9","18","15.14"
"A17064-UAC0701NC03","2792","""Motter Love"" Mask","","","","","6753","2","18","15.94"
"A17064-UAC0701NC03","2792","""Motter Love"" Mask","","","","","6754","0","18","15.94"
"A17064-UAC0701NC03","2792","""Motter Love"" Mask","","","","","6755","15","18","15.94"
"A17064-UAC0701NC03","2792","""Motter Love"" Mask","","","","","6756","12","18","15.94"
"A17064-UAC0701NC03","2792","""Motter Love"" Mask","","","","","6757","7","18","15.94"
"A16058-UAC0701NC04","2793","""Silent Seekers"" Mask","","","","","6758","0","18","15.94"
"A16058-UAC0701NC04","2793","""Silent Seekers"" Mask","","","","","6759","2","18","15.94"
"A16058-UAC0701NC04","2793","""Silent Seekers"" Mask","","","","","6760","12","18","15.94"
"A16058-UAC0701NC04","2793","""Silent Seekers"" Mask","","","","","6761","7","18","15.94"
"A16058-UAC0701NC04","2793","""Silent Seekers"" Mask","","","","","6762","23","18","15.94"
"A16051-UAC0701NC05","2794","""Northern Keepers"" Mask","","","","","6763","0","18","15.94"
"A16051-UAC0701NC05","2794","""Northern Keepers"" Mask","","","","","6764","1","18","15.94"
"A16051-UAC0701NC05","2794","""Northern Keepers"" Mask","","","","","6765","3","18","15.94"
"A16051-UAC0701NC05","2794","""Northern Keepers"" Mask","","","","","6766","3","18","15.94"
"A16051-UAC0701NC05","2794","""Northern Keepers"" Mask","","","","","6767","6","18","15.94"
"A10044-UAC0701NC07","2795","""Going Home"" Mask","","","","","6768","2","18","15.94"
"A10044-UAC0701NC07","2795","""Going Home"" Mask","","","","","6769","4","18","15.94"
"A10044-UAC0701NC07","2795","""Going Home"" Mask","","","","","6770","0","18","15.94"
"A10044-UAC0701NC07","2795","""Going Home"" Mask","","","","","6771","16","18","15.94"
"A10044-UAC0701NC07","2795","""Going Home"" Mask","","","","","6772","16","18","15.94"
"A01028-UAC0701NC08","2796","""Giving Thanks"" Mask","","","","","6773","0","18","15.94"
"A01028-UAC0701NC08","2796","""Giving Thanks"" Mask","","","","","6774","0","18","15.94"
"A01028-UAC0701NC08","2796","""Giving Thanks"" Mask","","","","","6775","0","18","15.94"
"A01028-UAC0701NC08","2796","""Giving Thanks"" Mask","","","","","6776","26","18","15.94"
"A01028-UAC0701NC08","2796","""Giving Thanks"" Mask","","","","","6777","9","18","15.94"
"W13023-UAC0701NC09","2798","""Water and Spirit Buffalo"" Mask","","","","","6778","2","18","15.94"
"W13023-UAC0701NC09","2798","""Water and Spirit Buffalo"" Mask","","","","","6779","0","18","15.94"
"W13023-UAC0701NC09","2798","""Water and Spirit Buffalo"" Mask","","","","","6780","5","18","15.94"
"W13023-UAC0701NC09","2798","""Water and Spirit Buffalo"" Mask","","","","","6781","22","18","15.94"
"W13023-UAC0701NC09","2798","""Water and Spirit Buffalo"" Mask","","","","","6782","24","18","15.94"
"A17065-UAC0701NC0C","2799","""Forest Temple"" Mask","","","","","6783","0","18","15.94"
"A17065-UAC0701NC0C","2799","""Forest Temple"" Mask","","","","","6784","4","18","15.94"
"A17065-UAC0701NC0C","2799","""Forest Temple"" Mask","","","","","6785","9","18","15.94"
"A17065-UAC0701NC0C","2799","""Forest Temple"" Mask","","","","","6786","5","18","15.94"
"A17065-UAC0701NC0C","2799","""Forest Temple"" Mask","","","","","6787","11","18","15.94"
"W12018-UAC0701NC0D","2800","""Early Evening Flowing into Fall"" Mask","","","","","6788","0","18","15.94"
"W12018-UAC0701NC0D","2800","""Early Evening Flowing into Fall"" Mask","","","","","6789","4","18","15.94"
"W12018-UAC0701NC0D","2800","""Early Evening Flowing into Fall"" Mask","","","","","6790","0","18","15.94"
"W12018-UAC0701NC0D","2800","""Early Evening Flowing into Fall"" Mask","","","","","6791","8","18","15.94"
"W12018-UAC0701NC0D","2800","""Early Evening Flowing into Fall"" Mask","","","","","6792","6","18","15.94"
"A08013-UAC0701NC0F","2801","""New Day"" Mask","","","","","6793","4","18","15.94"
"A08013-UAC0701NC0F","2801","""New Day"" Mask","","","","","6794","3","18","15.94"
"A08013-UAC0701NC0F","2801","""New Day"" Mask","","","","","6795","8","18","15.94"
"A08013-UAC0701NC0F","2801","""New Day"" Mask","","","","","6796","11","18","15.94"
"A08013-UAC0701NC0F","2801","""New Day"" Mask","","","","","6797","4","18","15.94"
"A16059-UAC0701NC0I","2802","""Wisdom Keepers"" Mask","","","","","6798","0","18","15.94"
"A16059-UAC0701NC0I","2802","""Wisdom Keepers"" Mask","","","","","6799","3","18","15.94"
"A16059-UAC0701NC0I","2802","""Wisdom Keepers"" Mask","","","","","6800","8","18","15.94"
"A16059-UAC0701NC0I","2802","""Wisdom Keepers"" Mask","","","","","6801","13","18","15.94"
"A16059-UAC0701NC0I","2802","""Wisdom Keepers"" Mask","","","","","6802","12","18","15.94"
"A13041-UAC0701NC0EA","2904","""Lapinx"" Mask","","","","","6830","0","18","15.94"
"A13041-UAC0701NC0EA","2904","""Lapinx"" Mask","","","","","6831","2","18","15.94"
"A13041-UAC0701NC0EA","2904","""Lapinx"" Mask","","","","","6832","11","18","15.94"
"A13041-UAC0701NC0EA","2904","""Lapinx"" Mask","","","","","6833","6","18","15.94"
"A13041-UAC0701NC0EA","2904","""Lapinx"" Mask","","","","","6834","10","18","15.94"
"A07020-UAC0701NC0AA","2905","""Journey to the Spirit World"" Mask","","","","","6835","0","18","15.94"
"A07020-UAC0701NC0AA","2905","""Journey to the Spirit World"" Mask","","","","","6836","0","18","15.94"
"A07020-UAC0701NC0AA","2905","""Journey to the Spirit World"" Mask","","","","","6837","5","18","15.94"
"A07020-UAC0701NC0AA","2905","""Journey to the Spirit World"" Mask","","","","","6838","5","18","15.94"
"A07020-UAC0701NC0AA","2905","""Journey to the Spirit World"" Mask","","","","","6839","1","18","15.94"
"W17062-UAC0701NC0GA","2907","""Horizon"" Mask","","","","","6840","0","18","15.94"
"W17062-UAC0701NC0GA","2907","""Horizon"" Mask","","","","","6841","0","18","15.94"
"W17062-UAC0701NC0GA","2907","""Horizon"" Mask","","","","","6842","0","18","15.94"
"W17062-UAC0701NC0GA","2907","""Horizon"" Mask","","","","","6843","6","18","15.94"
"W17062-UAC0701NC0GA","2907","""Horizon"" Mask","","","","","6844","7","18","15.94"
"A08011-UAC0701NC0HA","2908","""Whisper"" Mask","","","","","6845","0","18","15.94"
"A08011-UAC0701NC0HA","2908","""Whisper"" Mask","","","","","6846","4","18","15.94"
"A08011-UAC0701NC0HA","2908","""Whisper"" Mask","","","","","6847","2","18","15.94"
"A08011-UAC0701NC0HA","2908","""Whisper"" Mask","","","","","6848","26","18","15.94"
"A08011-UAC0701NC0HA","2908","""Whisper"" Mask","","","","","6849","2","18","15.94"
"A17064-WDR4101NC03A","2910","Michelle II Dress ""M'Otter Love""","","","","","6855","0","159","67.5"
"A17064-WDR4101NC03A","2910","Michelle II Dress ""M'Otter Love""","","","","","6856","1","159","67.5"
"A17064-WDR4101NC03A","2910","Michelle II Dress ""M'Otter Love""","","","","","6857","1","159","67.5"
"A17064-WDR4101NC03A","2910","Michelle II Dress ""M'Otter Love""","","","","","6858","0","159","67.5"
"A17064-WDR4101NC03A","2910","Michelle II Dress ""M'Otter Love""","","","","","6859","2","159","67.5"
"SKU: 54-54-336","2986","Moccasins Raven","","","","","6860","1","92","40"
"SKU: 54-54-336","2986","Moccasins Raven","","","","","6861","1","92","40"
"SKU: 54-54-336","2986","Moccasins Raven","","","","","6862","0","92","40"
"186/8","3162","Leather Moccasins for Men","","","","","6870","0","127","55"
"186/8","3162","Leather Moccasins for Men","","","","","6872","0","127","55"
"186/8","3162","Leather Moccasins for Men","","","","","7445","0","127","55"
"186/8","3162","Leather Moccasins for Men","","","","","7446","0","127","55"
"186/8","3162","Leather Moccasins for Men","","","","","7447","1","127","55"
"186/8","3162","Leather Moccasins for Men","","","","","7448","0","127","55"
"186/8","3162","Leather Moccasins for Men","","","","","7449","2","127","55"
"186/8","3162","Leather Moccasins for Men","","","","","7450","1","127","55"
"186/8","3162","Leather Moccasins for Men","","","","","7451","1","127","55"
"186/8","3162","Leather Moccasins for Men","","","","","7452","0","127","55"
"1300-0000-13-137372GR","3276","Ladies Concho","","","","","6917","0","128","55.5"
"1300-0000-13-137372GR","3276","Ladies Concho","","","","","6918","0","128","55.5"
"1300-0000-13-137372GR","3276","Ladies Concho","","","","","6919","0","128","55.5"
"1300-0000-13-137372GR","3276","Ladies Concho","","","","","6920","1","128","55.5"
"1300-0000-13-137372GR","3276","Ladies Concho","","","","","6921","0","128","55.5"
"1300-0000-13-137372GR","3276","Ladies Concho","","","","","6922","0","128","55.5"
"1300-0000-13-137372GR","3276","Ladies Concho","","","","","6923","0","128","55.5"
"1300-0000-13-137372GR","3276","Ladies Concho","","","","","6924","0","128","55.5"
"1300-0000-13-137372GR","3276","Ladies Concho","","","","","6925","0","128","55.5"
"SF3","3378","Smudging Feather","","","","","","1","13.95","5.75"
"SF4","3381","Smudging Feather ""Nee Chee""","","","","","","0","16.95","7.25"
"6006-1008-26-KB26118MU","3437","Ladies Suede Slippers","","","","","6996","0","166","69"
"6006-1008-26-KB26118MU","3437","Ladies Suede Slippers","","","","","7478","1","166","69"
"6006-1008-26-KB26118MU","3437","Ladies Suede Slippers","","","","","7479","0","166","69"
"6006-1008-26-KB26118MU","3437","Ladies Suede Slippers","","","","","7480","0","166","69"
"6006-1008-26-KB26118MU","3437","Ladies Suede Slippers","","","","","7481","0","166","69"
"6006-1008-26-KB26118MU","3437","Ladies Suede Slippers","","","","","7482","0","166","69"
"6006-1008-26-KB26118MU","3437","Ladies Suede Slippers","","","","","7483","0","166","69"
"6006-1008-26-KB26118MU","3437","Ladies Suede Slippers","","","","","7484","0","166","69"
"6006-1008-26-KB26118MU","3437","Ladies Suede Slippers","","","","","7485","0","166","69"
"B442","3554","Leather Moccasins for Men","","","","","7008","2","118","40"
"B442","3554","Leather Moccasins for Men","","","","","7009","0","118","40"
"B442","3554","Leather Moccasins for Men","","","","","7010","0","118","40"
"B442","3554","Leather Moccasins for Men","","","","","7011","1","118","40"
"B442","3554","Leather Moccasins for Men","","","","","7014","0","118","40"
"B442","3554","Leather Moccasins for Men","","","","","7486","0","118","40"
"B442","3554","Leather Moccasins for Men","","","","","7487","0","118","40"
"B442","3554","Leather Moccasins for Men","","","","","7488","0","118","40"
"B442","3554","Leather Moccasins for Men","","","","","7489","0","118","40"
"B442","3554","Leather Moccasins for Men","","","","","7490","0","118","40"
"698","3756","Suede Moccasins for Children","","","","","7493","2","74","32.15"
"698","3756","Suede Moccasins for Children","","","","","7494","2","74","32.15"
"698","3756","Suede Moccasins for Children","","","","","7495","2","74","32.15"
"698","3756","Suede Moccasins for Children","","","","","7496","2","74","32.15"
"698","3756","Suede Moccasins for Children","","","","","7497","0","0","32.15"
"698","3756","Suede Moccasins for Children","","","","","7498","0","0","32.15"
"698","3756","Suede Moccasins for Children","","","","","7499","0","0","32.15"
"698","3756","Suede Moccasins for Children","","","","","7500","0","0","32.15"
"150GRY","3840","Ballerina Slippers","","","","","7501","2","115","57.75"
"150GRY","3840","Ballerina Slippers","","","","","7502","0","115","57.75"
"150GRY","3840","Ballerina Slippers","","","","","7503","1","115","57.75"
"150GRY","3840","Ballerina Slippers","","","","","7504","1","115","57.75"
"150GRY","3840","Ballerina Slippers","","","","","7505","2","115","57.75"
"150GRY","3840","Ballerina Slippers","","","","","7506","2","115","57.75"
"150GRY","3840","Ballerina Slippers","","","","","9592","0","115","57.75"
"150GRY","3840","Ballerina Slippers","","","","","9593","0","115","57.75"
"A16058-MSS0701NC04A","4056","Salvadore Tee for Men ""Silent Seekers""","","","","","7535","0","89","36"
"A16058-MSS0701NC04A","4056","Salvadore Tee for Men ""Silent Seekers""","","","","","7536","1","89","36"
"A16058-MSS0701NC04A","4056","Salvadore Tee for Men ""Silent Seekers""","","","","","7537","0","89","36"
"A16058-MSS0701NC04A","4056","Salvadore Tee for Men ""Silent Seekers""","","","","","7538","1","89","36"
"A16058-MSS0701NC04A","4056","Salvadore Tee for Men ""Silent Seekers""","","","","","7539","1","89","36"
"90","4061","Sheepskin Insoles","","","","","9704","4","21","9.300000000000001"
"90","4061","Sheepskin Insoles","","","","","9705","0","21","9.300000000000001"
"90","4061","Sheepskin Insoles","","","","","9706","0","21","9.300000000000001"
"90","4061","Sheepskin Insoles","","","","","9707","17","21","9.300000000000001"
"90","4061","Sheepskin Insoles","","","","","9708","2","21","9.300000000000001"
"90","4061","Sheepskin Insoles","","","","","9709","9","21","9.300000000000001"
"A20067-2","4079","Ltd Edition - All my Relations","13.25"" x 10.25""","20"" x 16""","99","","7699","2","170","0"
"A20067-2","4079","Ltd Edition - All my Relations","13.25"" x 10.25""","20"" x 16""","99","","7700","0","335","0"
"A20067-2","4079","Ltd Edition - All my Relations","13.25"" x 10.25""","20"" x 16""","99","","7701","0","335","0"
"A20067-2","4079","Ltd Edition - All my Relations","13.25"" x 10.25""","20"" x 16""","99","","7702","0","335","0"
"A20067-POD2580","4080","Card - All my Relations","","","","9"" x 6""","","7","6.35","2.75"
"A20067-6","4081","Small Print - All my Relations","","10"" x 8""","","","","4","25","10.87"
"A19054-2","4082","Ltd Edition - Footprint","13.25"" x 10.25""","20"" x 16""","99","","7703","0","335","0"
"A19054-2","4082","Ltd Edition - Footprint","13.25"" x 10.25""","20"" x 16""","99","","7704","0","335","0"
"A19054-2","4082","Ltd Edition - Footprint","13.25"" x 10.25""","20"" x 16""","99","","7705","0","335","0"
"A19054-2","4082","Ltd Edition - Footprint","13.25"" x 10.25""","20"" x 16""","99","","7706","2","170","0"
"A19054-6","4088","Small Print - Footprint","","10"" x 8""","","","","12","25","10.87"
"A18062-6","4127","Small Print - Humility","","8"" x 10""","","","","4","25","10.87"
"8193TAN","4139","Leather Mukluks for Men","","","","","7737","0","340","153"
"8193TAN","4139","Leather Mukluks for Men","","","","","7738","1","340","153"
"8193TAN","4139","Leather Mukluks for Men","","","","","7739","0","350","153"
"8193TAN","4139","Leather Mukluks for Men","","","","","7740","0","350","153"
"8193TAN","4139","Leather Mukluks for Men","","","","","7741","0","340","153"
"8193TAN","4139","Leather Mukluks for Men","","","","","7742","0","340","153"
"8193TAN","4139","Leather Mukluks for Men","","","","","7743","0","340","153"
"8193TAN","4139","Leather Mukluks for Men","","","","","7744","1","340","153"
"8193TAN","4139","Leather Mukluks for Men","","","","","7745","0","340","153"
"8193TAN","4139","Leather Mukluks for Men","","","","","7746","0","340","153"
"A20055-2","4148","Ltd Edition - Refuge","13.25"" x 10.25""","20"" x 16""","99","","7809","0","335","0"
"A20055-2","4148","Ltd Edition - Refuge","13.25"" x 10.25""","20"" x 16""","99","","7810","0","335","0"
"A20055-2","4148","Ltd Edition - Refuge","13.25"" x 10.25""","20"" x 16""","99","","7811","0","335","0"
"A20055-2","4148","Ltd Edition - Refuge","13.25"" x 10.25""","20"" x 16""","99","","7812","4","155","0"
"A18066-2","4150","Ltd Edition - Under the Same Sky","13.25"" x 10.25""","20"" x 16""","99","","7817","0","335","0"
"A18066-2","4150","Ltd Edition - Under the Same Sky","13.25"" x 10.25""","20"" x 16""","99","","7818","0","335","0"
"A18066-2","4150","Ltd Edition - Under the Same Sky","13.25"" x 10.25""","20"" x 16""","99","","7819","0","335","0"
"A18066-2","4150","Ltd Edition - Under the Same Sky","13.25"" x 10.25""","20"" x 16""","99","","7820","2","170","0"
"A20055-POD2571","4156","Card - Refuge","","","","9"" x 6""","","13","6.35","2.75"
"A18061-POD2573","4157","Card - Seed of Life","","","","6"" x 9""","","7","6.35","2.75"
"","4523","The gift card","","","","","8586","9","20","0"
"","4523","The gift card","","","","","9094","9","50","0"
"","4523","The gift card","","","","","9134","9","100","0"
"","4523","The gift card","","","","","9220","0","55","0"
"","4523","The gift card","","","","","9221","8","20","0"
"","4523","The gift card","","","","","9222","9","25","0"
"","4523","The gift card","","","","","9273","9","60","0"
"","4523","The gift card","","","","","9274","9","250","0"
"","4523","The gift card","","","","","9289","10","200","0"
"","4523","The gift card","","","","","9509","10","20","0"
"","4523","The gift card","","","","","9510","10","20","0"
"","4523","The gift card","","","","","9511","9","40","0"
"","4523","The gift card","","","","","9577","9","75","0"
"","4523","The gift card","","","","","9578","9","30","0"
"","4523","The gift card","","","","","9636","0","500","0"
"","4523","The gift card","","","","","9717","0","150","0"
"","4523","The gift card","","","","","9718","0","120","0"
"","4523","The gift card","","","","","9719","0","270","0"
"","4523","The gift card","","","","","10305","0","35","0"
"","4523","The gift card","","","","","12345","9","80","0"
"","4523","The gift card","","","","","13019","10","175","0"
"","4523","The gift card","","","","","13021","10","125","0"
"","4523","The gift card","","","","","13159","9","400","0"
"A16059-UAC0401NC0IA","4551","Nino Place Mats ""Wisdom Keepers""","","","","","","6","15","6.5"
"A17064-UAC0401NC03A","4553","Nino Place Mats ""M'Otter Love""","","","","","","11","15","6.5"
"9013-0020-13-1950980CHO","4569","Ladies Mukluks","","","","","7915","0","192","83.29000000000001"
"9013-0020-13-1950980CHO","4569","Ladies Mukluks","","","","","7916","2","192","83.29000000000001"
"9013-0020-13-1950980CHO","4569","Ladies Mukluks","","","","","7917","1","192","83.29000000000001"
"9013-0020-13-1950980CHO","4569","Ladies Mukluks","","","","","11668","0","192","83.29000000000001"
"9013-0020-13-1950980CHO","4569","Ladies Mukluks","","","","","11669","0","192","83.29000000000001"
"9013-0020-13-1950980CHO","4569","Ladies Mukluks","","","","","11670","0","192","83.29000000000001"
"9013-0020-13-1950980CHO","4569","Ladies Mukluks","","","","","11671","0","192","83.29000000000001"
"A18066-UAC0701NC0UA","4850","""Under the Same Sky"" Mask","","","","","7973","0","18","15.94"
"A18066-UAC0701NC0UA","4850","""Under the Same Sky"" Mask","","","","","7974","0","18","15.94"
"A18066-UAC0701NC0UA","4850","""Under the Same Sky"" Mask","","","","","7975","2","18","15.94"
"A18066-UAC0701NC0UA","4850","""Under the Same Sky"" Mask","","","","","7976","3","18","15.94"
"A18066-UAC0701NC0UA","4850","""Under the Same Sky"" Mask","","","","","7977","0","18","15.94"
"A14051-UAC0701NC0TA","4851","""Gezaluwegit"" Mask","","","","","7978","0","18","15.94"
"A14051-UAC0701NC0TA","4851","""Gezaluwegit"" Mask","","","","","7979","0","18","15.94"
"A14051-UAC0701NC0TA","4851","""Gezaluwegit"" Mask","","","","","7980","1","18","15.94"
"A14051-UAC0701NC0TA","4851","""Gezaluwegit"" Mask","","","","","7981","3","18","15.94"
"A14051-UAC0701NC0TA","4851","""Gezaluwegit"" Mask","","","","","7982","10","18","15.94"
"A14051-WAC0201NC0TA","4864","Vivienne Scarf ""Under the Same Sky""","","","","","","8","59","23"
"1135","4919","Leather Moccasins for Women","","","","","7995","1","113","49"
"1135","4919","Leather Moccasins for Women","","","","","7996","1","113","49"
"1135","4919","Leather Moccasins for Women","","","","","7997","0","113","49"
"1135","4919","Leather Moccasins for Women","","","","","7998","0","113","49"
"1135","4919","Leather Moccasins for Women","","","","","7999","0","113","49"
"1135","4919","Leather Moccasins for Women","","","","","8000","0","113","49"
"1135","4919","Leather Moccasins for Women","","","","","8001","0","113","49"
"A18066-WPA0301NC0UA","5121","Carla Palazzo ""Under the Same Sky""","","","","","8002","0","189","74"
"A18066-WPA0301NC0UA","5121","Carla Palazzo ""Under the Same Sky""","","","","","8003","2","189","74"
"A18066-WPA0301NC0UA","5121","Carla Palazzo ""Under the Same Sky""","","","","","8004","0","189","74"
"A18066-WPA0301NC0UA","5121","Carla Palazzo ""Under the Same Sky""","","","","","8005","0","189","74"
"A18066-WPA0301NC0UA","5121","Carla Palazzo ""Under the Same Sky""","","","","","8006","0","189","74"
"A14051-UAC1201NC0TA","5183","Arthur Pillow ""Gezaluwejit""","","","","","","2","59","21"
"A16058-WSS1401NC04A","5188","Kiki T-Shirt ""Silent Seekers"" Plus Size","","","","","8027","0","89","43.9"
"A16058-WSS1401NC04A","5188","Kiki T-Shirt ""Silent Seekers"" Plus Size","","","","","8028","3","89","43.9"
"A16058-WSS1401NC04A","5188","Kiki T-Shirt ""Silent Seekers"" Plus Size","","","","","8029","1","89","43.9"
"A18066-WLS01701NC0UA","5224","Mia Turtleneck ""Under the Same Sky""","","","","","8046","1","149","59.5"
"A18066-WLS01701NC0UA","5224","Mia Turtleneck ""Under the Same Sky""","","","","","8047","0","149","59.5"
"A18066-WLS01701NC0UA","5224","Mia Turtleneck ""Under the Same Sky""","","","","","8048","1","149","59.5"
"A18066-WLS01701NC0UA","5224","Mia Turtleneck ""Under the Same Sky""","","","","","8049","0","149","59.5"
"A18066-WLS01701NC0UA","5224","Mia Turtleneck ""Under the Same Sky""","","","","","8050","0","149","59.5"
"A01033-7","5389","Card - New Fire","","","","5"" x 7""","","162","5.5","2.5"
"150OG","5563","Ballerina Slippers","","","","","8057","1","115","57.75"
"150OG","5563","Ballerina Slippers","","","","","8058","1","115","57.75"
"150OG","5563","Ballerina Slippers","","","","","8059","0","115","57.75"
"150OG","5563","Ballerina Slippers","","","","","8060","0","115","57.75"
"150OG","5563","Ballerina Slippers","","","","","8061","0","115","57.75"
"150OG","5563","Ballerina Slippers","","","","","8062","0","115","57.75"
"150OG","5563","Ballerina Slippers","","","","","9594","0","115","57.75"
"150OG","5563","Ballerina Slippers","","","","","9595","0","115","57.75"
"A14051-WLS1301NCOTA","5708","Jamie Top ""Gezaluwejit""","","","","","8069","1","129","49.5"
"A14051-WLS1301NCOTA","5708","Jamie Top ""Gezaluwejit""","","","","","8070","1","129","49.5"
"A14051-WLS1301NCOTA","5708","Jamie Top ""Gezaluwejit""","","","","","8071","0","129","49.5"
"A14051-WLS1301NCOTA","5708","Jamie Top ""Gezaluwejit""","","","","","8072","0","129","49.5"
"A14051-WLS1301NCOTA","5708","Jamie Top ""Gezaluwejit""","","","","","8073","0","129","49.5"
"A14051-WLS0701NC0TA","5724","Marlene Top ""Gezaluwejit""","","","","","8104","0","139","79.5"
"A14051-WLS0701NC0TA","5724","Marlene Top ""Gezaluwejit""","","","","","8105","0","139","79.5"
"A14051-WLS0701NC0TA","5724","Marlene Top ""Gezaluwejit""","","","","","8106","0","139","79.5"
"A14051-WLS0701NC0TA","5724","Marlene Top ""Gezaluwejit""","","","","","8107","1","139","79.5"
"A14051-WLS0701NC0TA","5724","Marlene Top ""Gezaluwejit""","","","","","8108","1","139","79.5"
"A18066-WLS0701NC0UA","6565","Marlene Top ""Under the Same Sky""","","","","","8129","0","139","79.5"
"A18066-WLS0701NC0UA","6565","Marlene Top ""Under the Same Sky""","","","","","8130","0","139","79.5"
"A18066-WLS0701NC0UA","6565","Marlene Top ""Under the Same Sky""","","","","","8131","1","139","79.5"
"A18066-WLS0701NC0UA","6565","Marlene Top ""Under the Same Sky""","","","","","8132","0","139","79.5"
"A18066-WLS0701NC0UA","6565","Marlene Top ""Under the Same Sky""","","","","","8133","2","139","79.5"
"SKU: 12-12-102","6785","Inuksuk Oven Mitt","","","","","","2","19.95","7.5"
"SKU: 54-54-565","7029","Moccasins Raven","","","","","8158","1","92","40"
"SKU: 54-54-565","7029","Moccasins Raven","","","","","8159","1","92","40"
"SKU: 54-54-565","7029","Moccasins Raven","","","","","8160","0","92","40"
"EO","7898","Essential Oils","","","","","10170","0","14.95","6.5"
"EO","7898","Essential Oils","","","","","10171","12","14.95","6.5"
"EO","7898","Essential Oils","","","","","10172","7","14.95","6.5"
"EO","7898","Essential Oils","","","","","10173","2","14.95","6.5"
"EO","7898","Essential Oils","","","","","10174","7","14.95","6.5"
"EO","7898","Essential Oils","","","","","10175","3","14.95","6.5"
"EO","7898","Essential Oils","","","","","10176","2","14.95","6.5"
"EO","7898","Essential Oils","","","","","10177","0","14.95","6.5"
"EO","7898","Essential Oils","","","","","10178","1","14.95","6.5"
"EO","7898","Essential Oils","","","","","10179","8","14.95","6.5"
"B442","8206","Leather Moccasins for Women","","","","","8207","0","98","42.5"
"B442","8206","Leather Moccasins for Women","","","","","8208","0","98","42.5"
"B442","8206","Leather Moccasins for Women","","","","","8209","0","98","42.5"
"B442","8206","Leather Moccasins for Women","","","","","8210","0","98","42.5"
"B442","8206","Leather Moccasins for Women","","","","","8211","1","98","42.5"
"B442","8206","Leather Moccasins for Women","","","","","8212","0","98","42.5"
"B442","8206","Leather Moccasins for Women","","","","","8213","0","98","42.5"
"A16051-WBL1101NC05A","8844","Nikki Cardigan ""Northern Keepers""","","","","","8289","1","159","50"
"A16051-WBL1101NC05A","8844","Nikki Cardigan ""Northern Keepers""","","","","","8290","0","159","50"
"A16051-WBL1101NC05A","8844","Nikki Cardigan ""Northern Keepers""","","","","","8291","0","159","50"
"A16051-WBL1101NC05A","8844","Nikki Cardigan ""Northern Keepers""","","","","","8292","0","159","50"
"A16051-WBL1101NC05A","8844","Nikki Cardigan ""Northern Keepers""","","","","","8293","1","159","50"
"A18066-WBL1101NC0UA","8845","Nikki Cardigan ""Under the Same Sky""","","","","","8294","1","159","50"
"A18066-WBL1101NC0UA","8845","Nikki Cardigan ""Under the Same Sky""","","","","","8295","0","159","50"
"A18066-WBL1101NC0UA","8845","Nikki Cardigan ""Under the Same Sky""","","","","","8296","1","159","50"
"A18066-WBL1101NC0UA","8845","Nikki Cardigan ""Under the Same Sky""","","","","","8297","0","159","50"
"A18066-WBL1101NC0UA","8845","Nikki Cardigan ""Under the Same Sky""","","","","","8298","0","159","50"
"A16051-WLS1701NC05A","8961","Mia Turtleneck ""Northern Keepers""","","","","","8304","1","149","59.5"
"A16051-WLS1701NC05A","8961","Mia Turtleneck ""Northern Keepers""","","","","","8305","0","149","59.5"
"A16051-WLS1701NC05A","8961","Mia Turtleneck ""Northern Keepers""","","","","","8306","0","149","59.5"
"A16051-WLS1701NC05A","8961","Mia Turtleneck ""Northern Keepers""","","","","","8307","1","149","59.5"
"A16051-WLS1701NC05A","8961","Mia Turtleneck ""Northern Keepers""","","","","","8308","1","149","59.5"
"W12005-WLS1701NC0WA","8964","Mia Turtleneck ""Earth Keeper""","","","","","8309","1","149","59.5"
"W12005-WLS1701NC0WA","8964","Mia Turtleneck ""Earth Keeper""","","","","","8310","0","149","59.5"
"W12005-WLS1701NC0WA","8964","Mia Turtleneck ""Earth Keeper""","","","","","8311","1","149","59.5"
"W12005-WLS1701NC0WA","8964","Mia Turtleneck ""Earth Keeper""","","","","","8312","0","149","59.5"
"W12005-WLS1701NC0WA","8964","Mia Turtleneck ""Earth Keeper""","","","","","8313","1","149","59.5"
"A20055-WLS1701NC0YA","8965","Mia Turtleneck ""Refuge""","","","","","8314","1","149","59.5"
"A20055-WLS1701NC0YA","8965","Mia Turtleneck ""Refuge""","","","","","8315","1","149","59.5"
"A20055-WLS1701NC0YA","8965","Mia Turtleneck ""Refuge""","","","","","8316","1","149","59.5"
"A20055-WLS1701NC0YA","8965","Mia Turtleneck ""Refuge""","","","","","8317","1","149","59.5"
"A20055-WLS1701NC0YA","8965","Mia Turtleneck ""Refuge""","","","","","8318","1","149","59.5"
"A09006-WDR3801NC0VA","8967","Felicia ""The River Keeper""","","","","","8322","1","149","62"
"A09006-WDR3801NC0VA","8967","Felicia ""The River Keeper""","","","","","8323","1","149","62"
"A09006-WDR3801NC0VA","8967","Felicia ""The River Keeper""","","","","","8324","1","149","62"
"A09006-WDR3801NC0VA","8967","Felicia ""The River Keeper""","","","","","8325","0","149","62"
"A09006-WDR3801NC0VA","8967","Felicia ""The River Keeper""","","","","","8326","0","149","62"
"A12005-WDR3801NC0WA","8969","Felicia ""Earth Keeper""","","","","","8332","1","149","62"
"A12005-WDR3801NC0WA","8969","Felicia ""Earth Keeper""","","","","","8333","0","149","62"
"A12005-WDR3801NC0WA","8969","Felicia ""Earth Keeper""","","","","","8334","1","149","62"
"A12005-WDR3801NC0WA","8969","Felicia ""Earth Keeper""","","","","","8335","1","149","62"
"A12005-WDR3801NC0WA","8969","Felicia ""Earth Keeper""","","","","","8336","1","149","62"
"A01031-WDR3801NC0XA","8970","Felicia ""Honoring the Giver of Life""","","","","","8337","1","149","62"
"A01031-WDR3801NC0XA","8970","Felicia ""Honoring the Giver of Life""","","","","","8338","1","149","62"
"A01031-WDR3801NC0XA","8970","Felicia ""Honoring the Giver of Life""","","","","","8339","0","149","62"
"A01031-WDR3801NC0XA","8970","Felicia ""Honoring the Giver of Life""","","","","","8340","0","149","62"
"A01031-WDR3801NC0XA","8970","Felicia ""Honoring the Giver of Life""","","","","","8341","1","149","62"
"A14051-WDR3801NC0TA","8976","Felicia ""Gezaluwejit""","","","","","8362","0","149","62"
"A14051-WDR3801NC0TA","8976","Felicia ""Gezaluwejit""","","","","","8363","0","149","62"
"A14051-WDR3801NC0TA","8976","Felicia ""Gezaluwejit""","","","","","8364","1","149","62"
"A14051-WDR3801NC0TA","8976","Felicia ""Gezaluwejit""","","","","","8365","1","149","62"
"A14051-WDR3801NC0TA","8976","Felicia ""Gezaluwejit""","","","","","8366","0","149","62"
"A14051-WDR4201NC0TA","8977","Daniela Maxi ""Gezaluwejit""","","","","","8367","1","199","89"
"A14051-WDR4201NC0TA","8977","Daniela Maxi ""Gezaluwejit""","","","","","8368","1","199","89"
"A14051-WDR4201NC0TA","8977","Daniela Maxi ""Gezaluwejit""","","","","","8369","0","199","89"
"A14051-WDR4201NC0TA","8977","Daniela Maxi ""Gezaluwejit""","","","","","8370","0","199","89"
"A14051-WDR4201NC0TA","8977","Daniela Maxi ""Gezaluwejit""","","","","","8371","0","199","89"
"A07020-WSK0501NC0AA","8982","Elaine Skirt ""Journey to the Spirit World""","","","","","8397","0","149","63.5"
"A07020-WSK0501NC0AA","8982","Elaine Skirt ""Journey to the Spirit World""","","","","","8398","2","149","63.5"
"A07020-WSK0501NC0AA","8982","Elaine Skirt ""Journey to the Spirit World""","","","","","8399","0","149","63.5"
"A07020-WSK0501NC0AA","8982","Elaine Skirt ""Journey to the Spirit World""","","","","","8400","0","149","63.5"
"A07020-WSK0501NC0AA","8982","Elaine Skirt ""Journey to the Spirit World""","","","","","8401","0","149","63.5"
"A16051-WSS1201NC05A","8987","Sylvie Tunic ""Northern Keepers""","","","","","8412","1","139","69"
"A16051-WSS1201NC05A","8987","Sylvie Tunic ""Northern Keepers""","","","","","8413","1","139","69"
"A16051-WSS1201NC05A","8987","Sylvie Tunic ""Northern Keepers""","","","","","8414","0","139","69"
"A16051-WSS1201NC05A","8987","Sylvie Tunic ""Northern Keepers""","","","","","8415","0","139","69"
"A16051-WSS1201NC05A","8987","Sylvie Tunic ""Northern Keepers""","","","","","8416","1","139","69"
"A18066-WNS0801NC0UA","9014","Kaplan Tank ""Under the Same Sky""","","","","","8437","1","129","60"
"A18066-WNS0801NC0UA","9014","Kaplan Tank ""Under the Same Sky""","","","","","8438","1","129","60"
"A18066-WNS0801NC0UA","9014","Kaplan Tank ""Under the Same Sky""","","","","","8439","1","129","60"
"A18066-WNS0801NC0UA","9014","Kaplan Tank ""Under the Same Sky""","","","","","8440","1","129","60"
"A18066-WNS0801NC0UA","9014","Kaplan Tank ""Under the Same Sky""","","","","","8441","1","129","60"
"W13023-WSS0901NC09A","9017","K Smith T-Shirt ""Water and Spirit Buffalo""","","","","","8442","1","89","35"
"W13023-WSS0901NC09A","9017","K Smith T-Shirt ""Water and Spirit Buffalo""","","","","","8443","0","89","35"
"W13023-WSS0901NC09A","9017","K Smith T-Shirt ""Water and Spirit Buffalo""","","","","","8444","1","89","35"
"W13023-WSS0901NC09A","9017","K Smith T-Shirt ""Water and Spirit Buffalo""","","","","","8445","0","89","35"
"W13023-WSS0901NC09A","9017","K Smith T-Shirt ""Water and Spirit Buffalo""","","","","","8446","1","89","35"
"A20055-UAC0701NC0YA","9031","""Refuge"" Mask","","","","","8471","0","18","15.94"
"A20055-UAC0701NC0YA","9031","""Refuge"" Mask","","","","","8472","0","18","15.94"
"A20055-UAC0701NC0YA","9031","""Refuge"" Mask","","","","","8473","5","18","15.94"
"A20055-UAC0701NC0YA","9031","""Refuge"" Mask","","","","","8474","0","18","15.94"
"A20055-UAC0701NC0YA","9031","""Refuge"" Mask","","","","","8475","0","18","15.94"
"A01036-UAC0701NC0ZA","9033","""Teachings"" Mask","","","","","8476","0","18","15.94"
"A01036-UAC0701NC0ZA","9033","""Teachings"" Mask","","","","","8477","0","18","15.94"
"A01036-UAC0701NC0ZA","9033","""Teachings"" Mask","","","","","8478","5","18","15.94"
"A01036-UAC0701NC0ZA","9033","""Teachings"" Mask","","","","","8479","0","18","15.94"
"A01036-UAC0701NC0ZA","9033","""Teachings"" Mask","","","","","8480","0","18","15.94"
"46050","9058","Leather Wallet","","","","","11672","8","24","9.25"
"46050","9058","Leather Wallet","","","","","11673","5","24","9.25"
"46050","9058","Leather Wallet","","","","","11674","4","24","9.25"
"W12005-WSK0501NC0WA","9061","Elaine Skirt ""Earth Keeper""","","","","","8502","1","149","63.5"
"W12005-WSK0501NC0WA","9061","Elaine Skirt ""Earth Keeper""","","","","","8503","0","149","63.5"
"W12005-WSK0501NC0WA","9061","Elaine Skirt ""Earth Keeper""","","","","","8504","0","149","63.5"
"W12005-WSK0501NC0WA","9061","Elaine Skirt ""Earth Keeper""","","","","","8505","0","149","63.5"
"W12005-WSK0501NC0WA","9061","Elaine Skirt ""Earth Keeper""","","","","","8506","1","149","63.5"
"A16051-WBL0601NCO5A","9062","Kimono ""Northern Keepers""","","","","","8587","2","129","49.5"
"A07020-WLS1301NCOAA","9141","Jamie Top ""Journey to the Spirit World""","","","","","8518","0","129","49.5"
"A07020-WLS1301NCOAA","9141","Jamie Top ""Journey to the Spirit World""","","","","","8519","1","129","49.5"
"A07020-WLS1301NCOAA","9141","Jamie Top ""Journey to the Spirit World""","","","","","8520","0","129","49.5"
"A07020-WLS1301NCOAA","9141","Jamie Top ""Journey to the Spirit World""","","","","","8521","1","129","49.5"
"A07020-WLS1301NCOAA","9141","Jamie Top ""Journey to the Spirit World""","","","","","8522","0","129","49.5"
"UAC6301NC0AA","9142","Celeste Place Mats ""Journey to the Spirit World""","","","","","10358","0","0","6.5"
"UAC6301NC0AA","9142","Celeste Place Mats ""Journey to the Spirit World""","","","","","10359","0","0","6.5"
"SKU: 00-06-101","9331","Raven Horn Serving Set - (sold separately)","","","","","8537","0","120","19.55"
"SKU: 00-06-101","9331","Raven Horn Serving Set - (sold separately)","","","","","8538","1","120","19.55"
"SKU: 00-06-101","9331","Raven Horn Serving Set - (sold separately)","","","","","8539","1","120","19.55"
"SKU: 00-06-101","9331","Raven Horn Serving Set - (sold separately)","","","","","8540","1","120","19.55"
"SKU: 00-03-642","9339","Otter","","","","","8552","2","32","0"
"SKU: 00-03-642","9339","Otter","","","","","8553","0","19.95","0"
"SKU: 00-03-628","9347","Loon","","","","","8566","2","23","0"
"SKU: 00-03-628","9347","Loon","","","","","8567","2","36","0"
"SKU: 00-03-628","9347","Loon","","","","","8568","1","72","0"
"SKU: 00-04-287","9348","Inuksuk","","","","","8569","2","53","0"
"SKU: 00-04-287","9348","Inuksuk","","","","","8570","2","57","0"
"SKU: 00-04-287","9348","Inuksuk","","","","","8571","0","47","0"
"SKU: Colouring027","9382","Colouring Book ""Northern Keepers""","","","","","","6","9.25","4"
"3822","9494","Bear Bracelet","","","","","","2","295","125"
"3850","9509","Bear Paw Bracelet","","","","","","2","175","76"
"3922","9685","Bear Paw Bracelet","","","","","","4","175","16.5"
"3923","9686","Bear Paw Bracelet","","","","","","2","175","16.5"
"W13023-WNS0701NC01A","9767","Coco Tank ""Wisdom Keepers""","","","","","8588","1","79","34.35"
"W13023-WNS0701NC01A","9767","Coco Tank ""Wisdom Keepers""","","","","","8589","1","79","34.35"
"W13023-WNS0701NC01A","9767","Coco Tank ""Wisdom Keepers""","","","","","8590","1","79","34.35"
"W13023-WNS0701NC01A","9767","Coco Tank ""Wisdom Keepers""","","","","","8591","1","79","34.35"
"W13023-WNS0701NC01A","9767","Coco Tank ""Wisdom Keepers""","","","","","8592","1","79","34.35"
"W13023-WAC0501NC11A","9854","Vivienne Scarf ""Water and Spirit Buffalo at Sunset""","","","","","","3","59","20"
"W13023-WAC0501NC12A","9856","Vivienne Scarf ""Water and Spirit Buffalo at Moonrise""","","","","","","3","59","20"
"W13023-WNS0701NC12A","9864","Coco Tank ""Water and Spirit Buffalo at Moonrise""","","","","","8623","1","79","34.35"
"W13023-WNS0701NC12A","9864","Coco Tank ""Water and Spirit Buffalo at Moonrise""","","","","","8624","0","79","34.35"
"W13023-WNS0701NC12A","9864","Coco Tank ""Water and Spirit Buffalo at Moonrise""","","","","","8625","0","79","34.35"
"W13023-WNS0701NC12A","9864","Coco Tank ""Water and Spirit Buffalo at Moonrise""","","","","","8626","0","79","34.35"
"W13023-WNS0701NC12A","9864","Coco Tank ""Water and Spirit Buffalo at Moonrise""","","","","","8627","1","79","34.35"
"W13023-WSK0501NC09A","9866","Elaine Skirt ""Water and Spirit Buffalo""","","","","","8633","1","149","63.5"
"W13023-WSK0501NC09A","9866","Elaine Skirt ""Water and Spirit Buffalo""","","","","","8634","0","149","63.5"
"W13023-WSK0501NC09A","9866","Elaine Skirt ""Water and Spirit Buffalo""","","","","","8635","0","149","63.5"
"W13023-WSK0501NC09A","9866","Elaine Skirt ""Water and Spirit Buffalo""","","","","","8636","1","149","63.5"
"W13023-WSK0501NC09A","9866","Elaine Skirt ""Water and Spirit Buffalo""","","","","","8637","1","149","63.5"
"W13023-WSK0501NC11A","9867","Elaine Skirt ""Water and Spirit Buffalo at Sunset""","","","","","8638","0","149","63.5"
"W13023-WSK0501NC11A","9867","Elaine Skirt ""Water and Spirit Buffalo at Sunset""","","","","","8639","1","149","63.5"
"W13023-WSK0501NC11A","9867","Elaine Skirt ""Water and Spirit Buffalo at Sunset""","","","","","8640","1","149","63.5"
"W13023-WSK0501NC11A","9867","Elaine Skirt ""Water and Spirit Buffalo at Sunset""","","","","","8641","1","149","63.5"
"W13023-WSK0501NC11A","9867","Elaine Skirt ""Water and Spirit Buffalo at Sunset""","","","","","8642","1","149","63.5"
"W13023-WSK0501NC12A","9868","Elaine Skirt ""Water and Spirit Buffalo at Moonrise""","","","","","8643","0","149","63.5"
"W13023-WSK0501NC12A","9868","Elaine Skirt ""Water and Spirit Buffalo at Moonrise""","","","","","8644","2","149","63.5"
"W13023-WSK0501NC12A","9868","Elaine Skirt ""Water and Spirit Buffalo at Moonrise""","","","","","8645","1","149","63.5"
"W13023-WSK0501NC12A","9868","Elaine Skirt ""Water and Spirit Buffalo at Moonrise""","","","","","8646","0","149","63.5"
"W13023-WSK0501NC12A","9868","Elaine Skirt ""Water and Spirit Buffalo at Moonrise""","","","","","8647","1","149","63.5"
"A04015-WSK0501NC14A","9869","Elaine Skirt ""Rebirth""","","","","","8648","1","149","63.5"
"A04015-WSK0501NC14A","9869","Elaine Skirt ""Rebirth""","","","","","8649","1","149","63.5"
"A04015-WSK0501NC14A","9869","Elaine Skirt ""Rebirth""","","","","","8650","0","149","63.5"
"A04015-WSK0501NC14A","9869","Elaine Skirt ""Rebirth""","","","","","8651","0","149","63.5"
"A04015-WSK0501NC14A","9869","Elaine Skirt ""Rebirth""","","","","","8652","0","149","63.5"
"A20055-WSK0501NCOYA","9870","Elaine Skirt ""Refuge""","","","","","8653","0","149","63.5"
"A20055-WSK0501NCOYA","9870","Elaine Skirt ""Refuge""","","","","","8654","2","149","63.5"
"A20055-WSK0501NCOYA","9870","Elaine Skirt ""Refuge""","","","","","8655","0","149","63.5"
"A20055-WSK0501NCOYA","9870","Elaine Skirt ""Refuge""","","","","","8656","0","149","63.5"
"A20055-WSK0501NCOYA","9870","Elaine Skirt ""Refuge""","","","","","8657","0","149","63.5"
"A04015-WSS1201NC14A","9893","Sylvie Tunic ""Rebirth""","","","","","8658","1","139","69"
"A04015-WSS1201NC14A","9893","Sylvie Tunic ""Rebirth""","","","","","8659","0","139","69"
"A04015-WSS1201NC14A","9893","Sylvie Tunic ""Rebirth""","","","","","8660","0","139","69"
"A04015-WSS1201NC14A","9893","Sylvie Tunic ""Rebirth""","","","","","8661","0","139","69"
"A04015-WSS1201NC14A","9893","Sylvie Tunic ""Rebirth""","","","","","8662","1","139","69"
"A04015-WNS0901NC14A","9895","Tilda Tank ""Rebirth""","","","","","8668","1","79","27"
"A04015-WNS0901NC14A","9895","Tilda Tank ""Rebirth""","","","","","8669","0","79","27"
"A04015-WNS0901NC14A","9895","Tilda Tank ""Rebirth""","","","","","8670","0","79","27"
"A04015-WNS0901NC14A","9895","Tilda Tank ""Rebirth""","","","","","8671","0","79","27"
"A04015-WNS0901NC14A","9895","Tilda Tank ""Rebirth""","","","","","8672","1","79","27"
"W13023-WNS1201NC11A","9899","Tamara Top ""Spirit and Water Buffalo at Sunset""","","","","","8683","1","129","60.5"
"W13023-WNS1201NC11A","9899","Tamara Top ""Spirit and Water Buffalo at Sunset""","","","","","8684","0","129","60.5"
"W13023-WNS1201NC11A","9899","Tamara Top ""Spirit and Water Buffalo at Sunset""","","","","","8685","0","129","60.5"
"W13023-WNS1201NC11A","9899","Tamara Top ""Spirit and Water Buffalo at Sunset""","","","","","8686","0","129","60.5"
"W13023-WNS1201NC11A","9899","Tamara Top ""Spirit and Water Buffalo at Sunset""","","","","","8687","1","129","60.5"
"A04015-WLS2801NC14A","9911","Eden Tunic ""Rebirth""","","","","","8733","0","139","61.89"
"A04015-WLS2801NC14A","9911","Eden Tunic ""Rebirth""","","","","","8734","1","139","61.89"
"A04015-WLS2801NC14A","9911","Eden Tunic ""Rebirth""","","","","","8735","1","139","61.89"
"A04015-WLS2801NC14A","9911","Eden Tunic ""Rebirth""","","","","","8736","0","139","61.89"
"A04015-WLS2801NC14A","9911","Eden Tunic ""Rebirth""","","","","","8737","0","139","61.89"
"A10004-WSK0501NC01A","9922","Elaine Skirt ""Merging Earth and Sky""","","","","","8743","1","149","63.5"
"A10004-WSK0501NC01A","9922","Elaine Skirt ""Merging Earth and Sky""","","","","","8744","1","149","63.5"
"A10004-WSK0501NC01A","9922","Elaine Skirt ""Merging Earth and Sky""","","","","","8745","0","149","63.5"
"A10004-WSK0501NC01A","9922","Elaine Skirt ""Merging Earth and Sky""","","","","","8746","0","149","63.5"
"A10004-WSK0501NC01A","9922","Elaine Skirt ""Merging Earth and Sky""","","","","","8747","1","149","63.5"
"ER","9996","Essential Oils Roll On","","","","","10180","4","29.95","12.99"
"ER","9996","Essential Oils Roll On","","","","","10181","4","29.95","12.99"
"ER","9996","Essential Oils Roll On","","","","","10182","2","29.95","12.99"
"ER","9996","Essential Oils Roll On","","","","","10183","2","29.95","12.99"
"ER","9996","Essential Oils Roll On","","","","","10184","2","29.95","12.99"
"ER","9996","Essential Oils Roll On","","","","","10185","4","29.95","12.99"
"ER","9996","Essential Oils Roll On","","","","","10263","5","29.95","12.99"
"ER","9996","Essential Oils Roll On","","","","","10264","5","29.95","12.99"
"ER","9996","Essential Oils Roll On","","","","","10265","2","29.95","12.99"
"ER","9996","Essential Oils Roll On","","","","","10266","4","29.95","12.99"
"ES","9997","Essential Oils Spray","","","","","10186","3","29.95","12.99"
"ES","9997","Essential Oils Spray","","","","","10187","3","29.95","12.99"
"ES","9997","Essential Oils Spray","","","","","10188","2","29.95","12.99"
"ES","9997","Essential Oils Spray","","","","","10189","3","29.95","12.99"
"ES","9997","Essential Oils Spray","","","","","10190","0","29.95","12.99"
"ES","9997","Essential Oils Spray","","","","","10191","2","29.95","12.99"
"ES","9997","Essential Oils Spray","","","","","10192","1","29.95","12.99"
"ES","9997","Essential Oils Spray","","","","","10193","2","29.95","12.99"
"ES","9997","Essential Oils Spray","","","","","10194","3","29.95","12.99"
"ES","9997","Essential Oils Spray","","","","","10195","3","29.95","12.99"
"DC171","10217","Dream Catcher ""Generations""","","","","","8876","2","59.95","26.25"
"DC171","10217","Dream Catcher ""Generations""","","","","","8877","2","59.95","26.25"
"DC171","10217","Dream Catcher ""Generations""","","","","","8878","0","59.95","26.25"
"DC191","10219","Dream Catcher ""Generations""","","","","","8879","2","132.95","58"
"DC191","10219","Dream Catcher ""Generations""","","","","","8880","2","132.95","58"
"DC191","10219","Dream Catcher ""Generations""","","","","","8881","3","132.95","58"
"DC30","10220","Dream Catcher","","","","","8884","5","10.95","4.5"
"DC30","10220","Dream Catcher","","","","","8885","10","10.95","4.5"
"DC30","10220","Dream Catcher","","","","","8886","5","10.95","4.5"
"DC30","10220","Dream Catcher","","","","","8887","7","10.95","4.5"
"DC30","10220","Dream Catcher","","","","","9224","0","10.95","4.5"
"DC341","10230","Dream Catcher","","","","","8894","2","12.95","5.35"
"DC341","10230","Dream Catcher","","","","","8895","3","12.95","5.35"
"DC341","10230","Dream Catcher","","","","","8896","2","12.95","5.35"
"DC341","10230","Dream Catcher","","","","","8897","3","12.95","5.35"
"DC341","10230","Dream Catcher","","","","","9003","0","12.95","5.35"
"DC341","10230","Dream Catcher","","","","","9004","0","12.95","5.35"
"DC341","10230","Dream Catcher","","","","","9345","9","12.95","5.35"
"DC342","10231","Dream Catcher","","","","","8902","3","12.95","5.25"
"DC342","10231","Dream Catcher","","","","","8903","3","12.95","5.25"
"DC342","10231","Dream Catcher","","","","","8904","4","12.95","5.25"
"DC342","10231","Dream Catcher","","","","","8905","0","12.95","5.25"
"DC342","10231","Dream Catcher","","","","","9010","0","12.95","5.25"
"DC342","10231","Dream Catcher","","","","","9011","0","12.95","5.25"
"DC342","10231","Dream Catcher","","","","","10262","1","12.95","5.25"
"DC410","10236","Dream Catcher","","","","","8910","2","11.95","4.75"
"DC410","10236","Dream Catcher","","","","","8911","4","11.95","4.75"
"DC410","10236","Dream Catcher","","","","","8912","3","11.95","4.75"
"DC410","10236","Dream Catcher","","","","","8913","1","11.95","4.75"
"DC410","10236","Dream Catcher","","","","","10289","6","11.95","4.75"
"DC410","10236","Dream Catcher","","","","","11816","7","11.95","4.75"
"DC472","10237","Dream Catcher","","","","","8916","2","15.95","6"
"DC472","10237","Dream Catcher","","","","","8917","4","15.95","6"
"DC472","10237","Dream Catcher","","","","","10607","9","15.95","6"
"DC472","10237","Dream Catcher","","","","","12814","8","15.95","6"
"DC473","10238","Dream Catcher","","","","","8920","2","22.95","10"
"DC473","10238","Dream Catcher","","","","","8921","4","22.95","10"
"DC476","10239","Dream Catcher","","","","","8924","2","40.25","17.5"
"DC476","10239","Dream Catcher","","","","","8925","3","40.25","17.5"
"DC479","10240","Dream Catcher","","","","","8928","4","59.95","26"
"DC479","10240","Dream Catcher","","","","","8929","4","59.95","26"
"DC483","10241","Dream Catcher","","","","","8933","4","22.95","10"
"DC483","10241","Dream Catcher","","","","","8934","6","22.95","10"
"DC483","10241","Dream Catcher","","","","","8936","5","22.95","10"
"DC486","10242","Dream Catcher","","","","","8941","3","40.25","17.5"
"DC486","10242","Dream Catcher","","","","","8942","1","40.25","17.5"
"DC486","10242","Dream Catcher","","","","","12358","4","40.25","17.5"
"DC618","10243","""Magical"" Dream Catcher","","","","","8947","0","13.95","5.75"
"DC618","10243","""Magical"" Dream Catcher","","","","","8948","9","13.95","5.75"
"DC618","10243","""Magical"" Dream Catcher","","","","","8949","7","13.95","5.75"
"DC618","10243","""Magical"" Dream Catcher","","","","","8950","10","13.95","5.75"
"DC618","10243","""Magical"" Dream Catcher","","","","","8951","8","13.95","5.75"
"DC618","10243","""Magical"" Dream Catcher","","","","","9063","0","13.95","5.75"
"DC620","10246","""Magical"" Dream Catcher","","","","","8957","0","18.95","8.25"
"DC620","10246","""Magical"" Dream Catcher","","","","","8958","6","18.95","8.25"
"DC620","10246","""Magical"" Dream Catcher","","","","","8959","7","18.95","8.25"
"DC620","10246","""Magical"" Dream Catcher","","","","","8960","5","18.95","8.25"
"DC620","10246","""Magical"" Dream Catcher","","","","","8961","4","18.95","8.25"
"DC620","10246","""Magical"" Dream Catcher","","","","","11802","5","18.95","8.25"
"DC630","10247","""Magical"" Dream Catcher","","","","","","7","18.95","7.75"
"DC1701X12","10248","Birthstone Earrings","","","","","8967","7","18.95","8"
"DC1701X12","10248","Birthstone Earrings","","","","","8968","9","18.95","8"
"DC1701X12","10248","Birthstone Earrings","","","","","8969","7","18.95","8"
"DC1701X12","10248","Birthstone Earrings","","","","","8970","11","18.95","8"
"DC1701X12","10248","Birthstone Earrings","","","","","8971","4","18.95","8"
"DC1701X12","10248","Birthstone Earrings","","","","","8972","4","18.95","8"
"DC1701X12","10248","Birthstone Earrings","","","","","8973","15","18.95","8"
"DC1701X12","10248","Birthstone Earrings","","","","","8974","9","18.95","8"
"DC1701X12","10248","Birthstone Earrings","","","","","8975","10","18.95","8"
"DC1701X12","10248","Birthstone Earrings","","","","","8976","9","18.95","8"
"DC1701X12","10248","Birthstone Earrings","","","","","8977","10","18.95","8"
"DC1701X12","10248","Birthstone Earrings","","","","","8978","11","18.95","8"
"DC656","10249","""Magical"" Dream Catcher","","","","","8984","1","68.95","28"
"DC656","10249","""Magical"" Dream Catcher","","","","","8985","1","68.95","28"
"DC656","10249","""Magical"" Dream Catcher","","","","","8986","0","68.95","28"
"DC656","10249","""Magical"" Dream Catcher","","","","","8987","1","68.95","28"
"DC656","10249","""Magical"" Dream Catcher","","","","","9336","5","68.95","28"
"DC732","10250","Dream Catcher","","","","","8990","2","105.95","46"
"DC732","10250","Dream Catcher","","","","","8991","5","105.95","46"
"DC95","10252","Dream Catcher","","","","","","1","112.95","49.25"
"DC842","10256","Dream Catcher ""Energy""","","","","","","1","47.95","21"
"DC845","10257","Dream Catcher ""Energy""","","","","","","3","47.95","21"
"DC871","10259","Dream Catcher","","","","","","2","29.95","13.5"
"DCF1","10261","""Seasons"" Dream Catcher","","","","","9000","1","17.95","7.75"
"DCF1","10261","""Seasons"" Dream Catcher","","","","","9001","3","17.95","7.75"
"DCF1","10261","""Seasons"" Dream Catcher","","","","","9002","2","17.95","7.75"
"DCF2","10262","""Seasons"" Dream Catcher","","","","","9005","1","42.95","18.5"
"DCF2","10262","""Seasons"" Dream Catcher","","","","","9006","0","42.95","18.5"
"DCF2","10262","""Seasons"" Dream Catcher","","","","","9007","1","42.95","18.5"
"DCK19","10263","Dream Catchers Kit ""Nurture""","","","","","","4","12.95","4.5"
"DCK20","10264","Dream Catchers Kit ""Healing""","","","","","","4","12.95","5.5"
"DCW1","10266","""Seasons"" Dream Catcher","","","","","","12","17.95","7"
"MW150","10268","""Medicine Wheel"" Dream Catcher","","","","","","23","16.95","7"
"MW400","10269","""Medicine Wheel"" Dream Catcher","","","","","","28","27.95","11.75"
"VS10","10270","""Vision Seeker"" Dream Catcher","","","","","9025","1","13.95","6"
"VS10","10270","""Vision Seeker"" Dream Catcher","","","","","9026","0","13.95","6"
"VS10","10270","""Vision Seeker"" Dream Catcher","","","","","12812","0","13.95","6"
"VS10","10270","""Vision Seeker"" Dream Catcher","","","","","12813","0","13.95","6"
"VS11","10271","""Vision Seeker"" Dream Catcher","","","","","9029","0","18.95","8.25"
"VS11","10271","""Vision Seeker"" Dream Catcher","","","","","9030","6","18.95","8.25"
"VS11","10271","""Vision Seeker"" Dream Catcher","","","","","9031","6","18.95","8.25"
"VS11","10271","""Vision Seeker"" Dream Catcher","","","","","9032","0","18.95","8.25"
"VS11","10271","""Vision Seeker"" Dream Catcher","","","","","9033","6","18.95","8.25"
"VS11","10271","""Vision Seeker"" Dream Catcher","","","","","9034","6","18.95","8.25"
"VS12","10273","""Vision Seeker"" Dream Catcher","","","","","9047","0","20.95","9"
"VS12","10273","""Vision Seeker"" Dream Catcher","","","","","9048","4","20.95","9"
"VS12","10273","""Vision Seeker"" Dream Catcher","","","","","9049","2","20.95","9"
"VS12","10273","""Vision Seeker"" Dream Catcher","","","","","9050","4","20.95","9"
"VS13","10274","""Vision Seeker"" Dream Catcher","","","","","9057","1","27.95","12"
"VS13","10274","""Vision Seeker"" Dream Catcher","","","","","9058","0","27.95","12"
"VS13","10274","""Vision Seeker"" Dream Catcher","","","","","9059","4","27.95","12"
"VS13","10274","""Vision Seeker"" Dream Catcher","","","","","9060","3","27.95","12"
"VS50","10275","""Vision Seeker"" Dream Catcher","","","","","","2","103.95","46"
"DC1701-PX12","10285","Birthstone Pendant","","","","","9076","6","12.95","5.5"
"DC1701-PX12","10285","Birthstone Pendant","","","","","9077","11","12.95","5.5"
"DC1701-PX12","10285","Birthstone Pendant","","","","","9078","11","12.95","5.5"
"DC1701-PX12","10285","Birthstone Pendant","","","","","9079","14","12.95","5.5"
"DC1701-PX12","10285","Birthstone Pendant","","","","","9080","10","12.95","5.5"
"DC1701-PX12","10285","Birthstone Pendant","","","","","9081","11","12.95","5.5"
"DC1701-PX12","10285","Birthstone Pendant","","","","","9082","6","12.95","5.5"
"DC1701-PX12","10285","Birthstone Pendant","","","","","9083","6","12.95","5.5"
"DC1701-PX12","10285","Birthstone Pendant","","","","","9084","11","12.95","5.5"
"DC1701-PX12","10285","Birthstone Pendant","","","","","9085","4","12.95","5.5"
"DC1701-PX12","10285","Birthstone Pendant","","","","","9086","14","12.95","5.5"
"DC1701-PX12","10285","Birthstone Pendant","","","","","9087","10","12.95","5.5"
"DC841","10293","Dream Catcher ""Energy""","","","","","","2","47.95","21"
"PMSS23-P","10338","Sterling Silver Necklace","","","","","","3","52.95","23"
"PMSS20-P","10343","Sterling Silver Necklace","","","","","","5","49.95","21.5"
"PMSS21-P","10344","Sterling Silver Necklace","","","","","","5","50.95","25"
"PMSS22-P","10345","Sterling Silver Necklace","","","","","","3","57.95","25"
"PMSS20","10346","Sterling Silver Earrings","","","","","","5","60.95","26.5"
"PMSS21","10347","Sterling Silver Earrings","","","","","","4","74","36"
"PMSS22","10349","Sterling Silver Earrings","","","","","","4","83","36"
"PMSS23","10350","Sterling Silver Earrings","","","","","","4","72.95","31.5"
"PMSS24","10351","Sterling Silver Earrings","","","","","","4","96","42"
"PMSS25","10352","Sterling Silver Earrings","","","","","","5","96","42"
"PMSS25-P","10354","Sterling Silver Necklace","","","","","","3","64.95","28"
"A16058-WDR3801NC04A","10394","Felicia ""Silent Seekers""","","","","","9095","0","149","62"
"A16058-WDR3801NC04A","10394","Felicia ""Silent Seekers""","","","","","9096","1","149","62"
"A16058-WDR3801NC04A","10394","Felicia ""Silent Seekers""","","","","","9097","0","149","62"
"A16058-WDR3801NC04A","10394","Felicia ""Silent Seekers""","","","","","9098","1","149","62"
"A16058-WDR3801NC04A","10394","Felicia ""Silent Seekers""","","","","","9099","0","149","62"
"4030","10830","Fetish Necklace","","","","","","5","240","100"
"3584","10839","Diamond Shaped Earrings","","","","","","3","85","35"
"A16058-WLS2001NC04A","11079","Mia Turtleneck ""Silent Seekers"" Plus Size","","","","","9140","1","149","68"
"A16058-WLS2001NC04A","11079","Mia Turtleneck ""Silent Seekers"" Plus Size","","","","","9141","1","149","68"
"A16058-WLS2001NC04A","11079","Mia Turtleneck ""Silent Seekers"" Plus Size","","","","","9142","1","149","68"
"W13023-WLS1701NC12A","11085","Mia Turtleneck ""Water and Spirit Buffalo at Moonrise""","","","","","9143","1","149","59.5"
"W13023-WLS1701NC12A","11085","Mia Turtleneck ""Water and Spirit Buffalo at Moonrise""","","","","","9144","0","149","59.5"
"W13023-WLS1701NC12A","11085","Mia Turtleneck ""Water and Spirit Buffalo at Moonrise""","","","","","9145","0","149","59.5"
"W13023-WLS1701NC12A","11085","Mia Turtleneck ""Water and Spirit Buffalo at Moonrise""","","","","","9146","0","149","59.5"
"W13023-WLS1701NC12A","11085","Mia Turtleneck ""Water and Spirit Buffalo at Moonrise""","","","","","9147","1","149","59.5"
"A17065-WPA0301NC0CA","11087","Carla Palazzo ""Forest Temple""","","","","","9153","1","189","74"
"A17065-WPA0301NC0CA","11087","Carla Palazzo ""Forest Temple""","","","","","9154","0","189","74"
"A17065-WPA0301NC0CA","11087","Carla Palazzo ""Forest Temple""","","","","","9155","0","189","74"
"A17065-WPA0301NC0CA","11087","Carla Palazzo ""Forest Temple""","","","","","9156","0","189","74"
"A17065-WPA0301NC0CA","11087","Carla Palazzo ""Forest Temple""","","","","","9157","1","189","74"
"A17065-WSK0501NC15A","11089","Elaine Skirt ""Forest Temple""","","","","","9163","2","149","63.5"
"A17065-WSK0501NC15A","11089","Elaine Skirt ""Forest Temple""","","","","","9164","1","149","63.5"
"A17065-WSK0501NC15A","11089","Elaine Skirt ""Forest Temple""","","","","","9165","1","149","63.5"
"A17065-WSK0501NC15A","11089","Elaine Skirt ""Forest Temple""","","","","","9166","0","149","63.5"
"A17065-WSK0501NC15A","11089","Elaine Skirt ""Forest Temple""","","","","","9167","1","149","63.5"
"A01036-WSK0501NC0ZA","11090","Elaine Skirt ""Teachings""","","","","","9168","1","149","63.5"
"A01036-WSK0501NC0ZA","11090","Elaine Skirt ""Teachings""","","","","","9169","0","149","63.5"
"A01036-WSK0501NC0ZA","11090","Elaine Skirt ""Teachings""","","","","","9170","0","149","63.5"
"A01036-WSK0501NC0ZA","11090","Elaine Skirt ""Teachings""","","","","","9171","0","149","63.5"
"A01036-WSK0501NC0ZA","11090","Elaine Skirt ""Teachings""","","","","","9172","1","149","63.5"
"A17065-MSS0701NC15A","11091","Salvadore Tee for Men ""Forest Temple""","","","","","9173","1","89","36"
"A17065-MSS0701NC15A","11091","Salvadore Tee for Men ""Forest Temple""","","","","","9174","1","89","36"
"A17065-MSS0701NC15A","11091","Salvadore Tee for Men ""Forest Temple""","","","","","9175","1","89","36"
"A17065-MSS0701NC15A","11091","Salvadore Tee for Men ""Forest Temple""","","","","","9176","1","89","36"
"A17065-MSS0701NC15A","11091","Salvadore Tee for Men ""Forest Temple""","","","","","9177","0","89","36"
"A01036-MSS0701NC0ZA","11092","Salvadore Tee for Men ""Teachings""","","","","","9178","0","89","36"
"A01036-MSS0701NC0ZA","11092","Salvadore Tee for Men ""Teachings""","","","","","9179","1","89","36"
"A01036-MSS0701NC0ZA","11092","Salvadore Tee for Men ""Teachings""","","","","","9180","0","89","36"
"A01036-MSS0701NC0ZA","11092","Salvadore Tee for Men ""Teachings""","","","","","9181","0","89","36"
"A01036-MSS0701NC0ZA","11092","Salvadore Tee for Men ""Teachings""","","","","","9182","1","89","36"
"A16059-UAC1801NC0IC","11096","Pablo Pillow ""Wisdom Keepers""","","","","","","6","59","21"
"SKU: 54-54-557","11174","Moccasins Bear Box","","","","","9189","0","92","40"
"SKU: 54-54-557","11174","Moccasins Bear Box","","","","","9190","1","92","40"
"SKU: 54-54-557","11174","Moccasins Bear Box","","","","","9191","0","92","40"
"B4890","11186","Leather Moccasins for Women","","","","","9195","0","135","55"
"B4890","11186","Leather Moccasins for Women","","","","","9196","0","135","55"
"B4890","11186","Leather Moccasins for Women","","","","","9197","0","135","55"
"B4890","11186","Leather Moccasins for Women","","","","","9198","1","135","55"
"B4890","11186","Leather Moccasins for Women","","","","","9199","1","135","55"
"B4890","11186","Leather Moccasins for Women","","","","","9200","2","135","55"
"B4890","11186","Leather Moccasins for Women","","","","","9201","0","135","55"
"DC628","11463","""Magical"" Dream Catcher","","","","","","2","13.95","5.99"
"SKU: Box285","11536","Colouring Cards ""Northern Residents""","","","","","","11","21.95","7.25"
"DCW2","11724","""Seasons"" Dream Catcher","","","","","","3","42.95","18.5"
"DC844","11725","Dream Catcher ""Energy""","","","","","","2","47.95","21"
"DC633","11727","""Magical"" Dream Catcher","","","","","9334","2","25.95","10.75"
"DC633","11727","""Magical"" Dream Catcher","","","","","9335","11","25.95","10.75"
"DCK21","11738","Dream Catchers Kit ""Spirit Seeker""","","","","","","3","12.95","5.5"
"DCV1","11746","Dream Catcher","","","","","","1","17.95","7.5"
"DC700","11755","Birthstone Dream Catcher","","","","","9235","2","7.95","3.5"
"DC700","11755","Birthstone Dream Catcher","","","","","9236","4","7.95","3.5"
"DC700","11755","Birthstone Dream Catcher","","","","","9237","5","7.95","3.5"
"DC700","11755","Birthstone Dream Catcher","","","","","9238","4","7.95","3.5"
"DC700","11755","Birthstone Dream Catcher","","","","","9239","1","7.95","3.5"
"DC700","11755","Birthstone Dream Catcher","","","","","9240","4","7.95","3.5"
"DC700","11755","Birthstone Dream Catcher","","","","","9241","3","7.95","3.5"
"DC700","11755","Birthstone Dream Catcher","","","","","9242","0","7.95","3.5"
"DC700","11755","Birthstone Dream Catcher","","","","","9243","1","7.95","3.5"
"DC700","11755","Birthstone Dream Catcher","","","","","9244","3","7.95","3.5"
"DC700","11755","Birthstone Dream Catcher","","","","","9245","2","7.95","3.5"
"DC700","11755","Birthstone Dream Catcher","","","","","9246","5","7.95","3.5"
"PDC","11759","Pocket Dream Catcher","","","","","9259","9","7.45","3.25"
"PDC","11759","Pocket Dream Catcher","","","","","9260","4","7.45","3.25"
"PDC","11759","Pocket Dream Catcher","","","","","9261","7","7.45","3.25"
"PDC","11759","Pocket Dream Catcher","","","","","9262","0","7.45","3.25"
"PDC","11759","Pocket Dream Catcher","","","","","9263","6","7.45","3.25"
"PDC","11759","Pocket Dream Catcher","","","","","9264","6","7.45","3.25"
"PDC","11759","Pocket Dream Catcher","","","","","9265","5","7.45","3.25"
"PDC","11759","Pocket Dream Catcher","","","","","9266","5","7.45","3.25"
"PDC","11759","Pocket Dream Catcher","","","","","9267","3","7.45","3.25"
"PDC","11759","Pocket Dream Catcher","","","","","9268","3","7.45","3.25"
"PDC","11759","Pocket Dream Catcher","","","","","9269","5","7.45","3.25"
"PDC","11759","Pocket Dream Catcher","","","","","9270","5","7.45","3.25"
"A18061-POD2573","11972","Matted Print - Seed of Life","","11"" x 14""","","","","3","20","7.5"
"A13042-POD2549","11973","Matted Print - Carried Away","","11"" x 14""","","","","2","20","7.5"
"150BLSSAB","12007","Ballerina Slippers","","","","","9290","3","179","92"
"150BLSSAB","12007","Ballerina Slippers","","","","","9291","1","179","92"
"150BLSSAB","12007","Ballerina Slippers","","","","","9292","1","179","92"
"150BLSSAB","12007","Ballerina Slippers","","","","","9293","1","179","92"
"150BLSSAB","12007","Ballerina Slippers","","","","","9294","1","179","92"
"150BLSSAB","12007","Ballerina Slippers","","","","","9295","2","179","92"
"150BLSSAB","12007","Ballerina Slippers","","","","","9598","0","179","92"
"150BLSSAB","12007","Ballerina Slippers","","","","","9599","0","179","92"
"150GRYSSAB","12008","Ballerina Slippers","","","","","9296","0","179","92"
"150GRYSSAB","12008","Ballerina Slippers","","","","","9297","0","179","92"
"150GRYSSAB","12008","Ballerina Slippers","","","","","9298","1","179","92"
"150GRYSSAB","12008","Ballerina Slippers","","","","","9299","0","179","92"
"150GRYSSAB","12008","Ballerina Slippers","","","","","9300","1","179","92"
"150GRYSSAB","12008","Ballerina Slippers","","","","","9301","0","179","92"
"150GRYSSAB","12008","Ballerina Slippers","","","","","9600","0","179","92"
"150GRYSSAB","12008","Ballerina Slippers","","","","","9601","0","179","92"
"150GRYSAB","12009","Ballerina Slippers","","","","","9302","2","159","80"
"150GRYSAB","12009","Ballerina Slippers","","","","","9303","0","159","80"
"150GRYSAB","12009","Ballerina Slippers","","","","","9304","0","159","80"
"150GRYSAB","12009","Ballerina Slippers","","","","","9305","0","159","80"
"150GRYSAB","12009","Ballerina Slippers","","","","","9306","0","159","80"
"150GRYSAB","12009","Ballerina Slippers","","","","","9307","0","159","80"
"150GRYSAB","12009","Ballerina Slippers","","","","","9602","0","159","80"
"150GRYSAB","12009","Ballerina Slippers","","","","","9603","0","159","80"
"150RDEP1F","12012","Ballerina Slippers","","","","","9308","2","159","80"
"150RDEP1F","12012","Ballerina Slippers","","","","","9309","1","159","80"
"150RDEP1F","12012","Ballerina Slippers","","","","","9310","3","159","80"
"150RDEP1F","12012","Ballerina Slippers","","","","","9311","1","159","80"
"150RDEP1F","12012","Ballerina Slippers","","","","","9312","3","159","80"
"150RDEP1F","12012","Ballerina Slippers","","","","","9313","2","159","80"
"150RDEP1F","12012","Ballerina Slippers","","","","","9604","0","159","80"
"150RDEP1F","12012","Ballerina Slippers","","","","","9605","0","159","80"
"150STEP1F","12016","Ballerina Slippers","","","","","9322","2","159","80"
"150STEP1F","12016","Ballerina Slippers","","","","","9323","0","159","80"
"150STEP1F","12016","Ballerina Slippers","","","","","9324","0","159","80"
"150STEP1F","12016","Ballerina Slippers","","","","","9325","0","159","80"
"150STEP1F","12016","Ballerina Slippers","","","","","9326","2","159","80"
"150STEP1F","12016","Ballerina Slippers","","","","","9327","0","159","80"
"150STEP1F","12016","Ballerina Slippers","","","","","9606","0","159","80"
"150STEP1F","12016","Ballerina Slippers","","","","","9607","0","159","80"
"150CRMEP1F","12017","Ballerina Slippers","","","","","9328","1","159","80"
"150CRMEP1F","12017","Ballerina Slippers","","","","","9329","1","159","80"
"150CRMEP1F","12017","Ballerina Slippers","","","","","9330","1","159","80"
"150CRMEP1F","12017","Ballerina Slippers","","","","","9331","0","159","80"
"150CRMEP1F","12017","Ballerina Slippers","","","","","9332","0","159","80"
"150CRMEP1F","12017","Ballerina Slippers","","","","","9333","0","159","80"
"150CRMEP1F","12017","Ballerina Slippers","","","","","9608","0","159","80"
"150CRMEP1F","12017","Ballerina Slippers","","","","","9609","0","159","80"
"A14051-WPA1201NC0TA","12067","Serena Legging ""Gezaluwejit""","","","","","9354","2","169","64"
"A14051-WPA1201NC0TA","12067","Serena Legging ""Gezaluwejit""","","","","","9355","0","169","64"
"A14051-WPA1201NC0TA","12067","Serena Legging ""Gezaluwejit""","","","","","9356","1","169","64"
"A14051-WPA1201NC0TA","12067","Serena Legging ""Gezaluwejit""","","","","","9357","1","169","64"
"A14051-WPA1201NC0TA","12067","Serena Legging ""Gezaluwejit""","","","","","9358","2","169","64"
"A16058-WPA1201NC04A","12068","Serena Legging ""Silent Seekers""","","","","","9359","1","169","64"
"A16058-WPA1201NC04A","12068","Serena Legging ""Silent Seekers""","","","","","9360","0","169","64"
"A16058-WPA1201NC04A","12068","Serena Legging ""Silent Seekers""","","","","","9361","0","169","64"
"A16058-WPA1201NC04A","12068","Serena Legging ""Silent Seekers""","","","","","9362","0","169","64"
"A16058-WPA1201NC04A","12068","Serena Legging ""Silent Seekers""","","","","","9363","2","169","64"
"WLS20001NC0UA","12069","Mia Turtleneck ""Under the Same Sky"" Plus Size","","","","","9541","1","149","68"
"WLS20001NC0UA","12069","Mia Turtleneck ""Under the Same Sky"" Plus Size","","","","","9542","0","149","68"
"WLS20001NC0UA","12069","Mia Turtleneck ""Under the Same Sky"" Plus Size","","","","","9543","1","149","68"
"W13047-WPA1201NC17A","12071","Serena Legging ""Inner Memories""","","","","","9374","3","169","64"
"W13047-WPA1201NC17A","12071","Serena Legging ""Inner Memories""","","","","","9375","1","169","64"
"W13047-WPA1201NC17A","12071","Serena Legging ""Inner Memories""","","","","","9376","2","169","64"
"W13047-WPA1201NC17A","12071","Serena Legging ""Inner Memories""","","","","","9377","1","169","64"
"W13047-WPA1201NC17A","12071","Serena Legging ""Inner Memories""","","","","","9378","0","169","64"
"W12018-WPA1201NC0DA","12072","Serena Legging ""Early Evening Flowing into Fall""","","","","","9379","0","169","64"
"W12018-WPA1201NC0DA","12072","Serena Legging ""Early Evening Flowing into Fall""","","","","","9380","0","169","64"
"W12018-WPA1201NC0DA","12072","Serena Legging ""Early Evening Flowing into Fall""","","","","","9381","1","169","64"
"W12018-WPA1201NC0DA","12072","Serena Legging ""Early Evening Flowing into Fall""","","","","","9382","0","169","64"
"W12018-WPA1201NC0DA","12072","Serena Legging ""Early Evening Flowing into Fall""","","","","","9383","1","169","64"
"W13047-WNS1101NC17A","12075","Florence Tank ""Inner Memories""","","","","","9394","1","79","35"
"W13047-WNS1101NC17A","12075","Florence Tank ""Inner Memories""","","","","","9395","0","79","35"
"W13047-WNS1101NC17A","12075","Florence Tank ""Inner Memories""","","","","","9396","0","79","35"
"W13047-WNS1101NC17A","12075","Florence Tank ""Inner Memories""","","","","","9397","1","79","35"
"W13047-WNS1101NC17A","12075","Florence Tank ""Inner Memories""","","","","","9398","0","79","35"
"W13047-WPA0901NC17A","12081","Sandrine ""Inner Memories""","","","","","9409","1","149","61"
"W13047-WPA0901NC17A","12081","Sandrine ""Inner Memories""","","","","","9410","0","149","61"
"W13047-WPA0901NC17A","12081","Sandrine ""Inner Memories""","","","","","9411","1","149","61"
"W13047-WPA0901NC17A","12081","Sandrine ""Inner Memories""","","","","","9412","0","149","61"
"W13047-WPA0901NC17A","12081","Sandrine ""Inner Memories""","","","","","9413","0","149","61"
"W16052-WPA0901NC0BA","12082","Sandrine ""Zenith""","","","","","9414","1","149","61"
"W16052-WPA0901NC0BA","12082","Sandrine ""Zenith""","","","","","9415","0","149","61"
"W16052-WPA0901NC0BA","12082","Sandrine ""Zenith""","","","","","9416","0","149","61"
"W16052-WPA0901NC0BA","12082","Sandrine ""Zenith""","","","","","9417","0","149","61"
"W16052-WPA0901NC0BA","12082","Sandrine ""Zenith""","","","","","9418","1","149","61"
"A20055-POD2571","12086","Matted Print - Refuge","","14"" x 11""","","","","5","20","7.5"
"W11065-WDR4301NC0CA","12088","Sophia ""The Forest Temple""","","","","","9434","1","179","69"
"W11065-WDR4301NC0CA","12088","Sophia ""The Forest Temple""","","","","","9435","1","179","69"
"W11065-WDR4301NC0CA","12088","Sophia ""The Forest Temple""","","","","","9436","0","179","69"
"W11065-WDR4301NC0CA","12088","Sophia ""The Forest Temple""","","","","","9437","0","179","69"
"W11065-WDR4301NC0CA","12088","Sophia ""The Forest Temple""","","","","","9438","0","179","69"
"W13047-WDR5301NC17B","12098","Victoire ""Inner Memories""","","","","","9449","1","159","61.5"
"W13047-WDR5301NC17B","12098","Victoire ""Inner Memories""","","","","","9450","1","159","61.5"
"W13047-WDR5301NC17B","12098","Victoire ""Inner Memories""","","","","","9451","0","159","61.5"
"W13047-WDR5301NC17B","12098","Victoire ""Inner Memories""","","","","","9452","0","159","61.5"
"W13047-WDR5301NC17B","12098","Victoire ""Inner Memories""","","","","","9453","0","159","61.5"
"W13041-WDR5301NC0EB","12101","Victoire ""Lapinx""","","","","","9454","0","159","61.5"
"W13041-WDR5301NC0EB","12101","Victoire ""Lapinx""","","","","","9455","1","159","61.5"
"W13041-WDR5301NC0EB","12101","Victoire ""Lapinx""","","","","","9456","0","159","61.5"
"W13041-WDR5301NC0EB","12101","Victoire ""Lapinx""","","","","","9457","1","159","61.5"
"W13041-WDR5301NC0EB","12101","Victoire ""Lapinx""","","","","","9458","0","159","61.5"
"W16052-WDR5301NC0BA","12103","Victoire ""Zenith""","","","","","9464","0","159","61.5"
"W16052-WDR5301NC0BA","12103","Victoire ""Zenith""","","","","","9465","1","159","61.5"
"W16052-WDR5301NC0BA","12103","Victoire ""Zenith""","","","","","9466","0","159","61.5"
"W16052-WDR5301NC0BA","12103","Victoire ""Zenith""","","","","","9467","1","159","61.5"
"W16052-WDR5301NC0BA","12103","Victoire ""Zenith""","","","","","9468","0","159","61.5"
"W10004-WDR5301NC01A","12104","Victoire ""Merging Earth and Sky""","","","","","9469","1","159","61.5"
"W10004-WDR5301NC01A","12104","Victoire ""Merging Earth and Sky""","","","","","9470","1","159","61.5"
"W10004-WDR5301NC01A","12104","Victoire ""Merging Earth and Sky""","","","","","9471","0","159","61.5"
"W10004-WDR5301NC01A","12104","Victoire ""Merging Earth and Sky""","","","","","9472","0","159","61.5"
"W10004-WDR5301NC01A","12104","Victoire ""Merging Earth and Sky""","","","","","9473","0","159","61.5"
"A17063-WBL1101NC02A","12106","Nikki Cardigan ""Depth""","","","","","9474","1","159","50"
"A17063-WBL1101NC02A","12106","Nikki Cardigan ""Depth""","","","","","9475","1","159","50"
"A17063-WBL1101NC02A","12106","Nikki Cardigan ""Depth""","","","","","9476","1","159","50"
"A17063-WBL1101NC02A","12106","Nikki Cardigan ""Depth""","","","","","9477","0","159","50"
"A17063-WBL1101NC02A","12106","Nikki Cardigan ""Depth""","","","","","9478","1","159","50"
"A16058-WBL1101NC04A","12107","Nikki Cardigan ""Silent Seekers""","","","","","9479","0","159","50"
"A16058-WBL1101NC04A","12107","Nikki Cardigan ""Silent Seekers""","","","","","9480","1","159","50"
"A16058-WBL1101NC04A","12107","Nikki Cardigan ""Silent Seekers""","","","","","9481","1","159","50"
"A16058-WBL1101NC04A","12107","Nikki Cardigan ""Silent Seekers""","","","","","9482","1","159","50"
"A16058-WBL1101NC04A","12107","Nikki Cardigan ""Silent Seekers""","","","","","9483","1","159","50"
"A16058-WSK0501NC04A","12139","Elaine Skirt ""Silent Seekers""","","","","","9492","0","149","63.5"
"A16058-WSK0501NC04A","12139","Elaine Skirt ""Silent Seekers""","","","","","9493","0","149","63.5"
"A16058-WSK0501NC04A","12139","Elaine Skirt ""Silent Seekers""","","","","","9494","0","149","63.5"
"A16058-WSK0501NC04A","12139","Elaine Skirt ""Silent Seekers""","","","","","9495","1","149","63.5"
"A16058-WSK0501NC04A","12139","Elaine Skirt ""Silent Seekers""","","","","","9496","1","149","63.5"
"W12005-WDR4401NC0WA","12188","Sophia ""Earth Keeper"" Plus Size","","","","","9517","1","179","73"
"W12005-WDR4401NC0WA","12188","Sophia ""Earth Keeper"" Plus Size","","","","","9518","1","179","73"
"W12005-WDR4401NC0WA","12188","Sophia ""Earth Keeper"" Plus Size","","","","","9519","1","179","73"
"A16058-WLS1801NC04A","12194","Patti Tunic II ""Silent Seekers"" Plus Size","","","","","9525","1","129","60.5"
"A16058-WLS1801NC04A","12194","Patti Tunic II ""Silent Seekers"" Plus Size","","","","","9526","0","129","60.5"
"A16058-WLS1801NC04A","12194","Patti Tunic II ""Silent Seekers"" Plus Size","","","","","9527","1","129","60.5"
"A17063-UAC6601NC02A","12200","Mimi Apron for children ""Depth""","","","","","","3","49","30"
"A16051-UAC6601NC05A","12201","Mimi Apron for children ""Northern Keepers""","","","","","","3","49","30"
"A08013-UAC6601NC0FA","12202","Mimi Apron for children ""New Day""","","","","","","5","49","30"
"A16058-UAC6601NC04A","12203","Mimi Apron for children ""Silent Seekers""","","","","","","4","49","30"
"A17063-UAC6701NC02A","12205","Angèle Apron ""Depth""","","","","","","2","69","29.5"
"A16058-UAC6701NC04A","12208","Angèle Apron ""Silent Seekers""","","","","","","2","69","29.5"
"A08007-UAC6101NC1AA","12440","Gustave Pillow ""A Moose and a Goose""","","","","","","3","59","23"
"A10046-POD2553C","12704","Canvas - Geese Spirit","10"" x 8""","","","","","3","40","17"
"A01031-POD2558C","12707","Canvas - Honoring the Giver of Life","8"" x 10""","","","","","2","40","17"
"A10004-POD2561C","12710","Canvas - Merging Earth and Sky","10"" x 8""","","","","","2","40","17"
"A00048-POD2884C","12714","Canvas - Protector","8"" x 10""","","","","","2","40","17"
"A20055-POD2571C","12716","Canvas - Refuge","10"" x 8""","","","","","3","40","17"
"A09006-POD2579C","12717","Canvas - River Keeper","8"" x 10""","","","","","3","40","17"
"A01003-POD2575C","12719","Canvas - Sky Girl","8"" x 10""","","","","","3","40","17"
"DC15-P","12776","DC15 Pendant","","","","","","15","8.949999999999999","3.75"
"DC15M-P","12777","DC15M Pendant","","","","","","4","11.95","5"
"DC2-P","12778","DC2 Pendant","","","","","","32","11.95","5"
"DC23-P","12779","DC23 Pendant","","","","","","2","11.95","5"
"DC24-P","12780","DC24 Pendant","","","","","","2","11.95","5"
"DC10-P","12781","DC10 Pendant","","","","","","10","8.949999999999999","3.75"
"DC2","12784","DC2 Earrings","","","","","","26","16.95","7.5"
"DC15","12785","DC15 Earrings","","","","","","6","12.95","4.75"
"DC10","12786","DC10 Earrings","","","","","","5","11.95","5"
"DC15M","12787","DC15M Earrings","","","","","","3","15.95","6.95"
"BB2-P","12798","BB2 Pendant ""Birch Bark""","","","","","","3","12.95","5.3"
"SKU: 53-53-612","12851","Bill Helin Killer Whale Oven Mitt","","","","","","2","19.95","8"
"DC13","12931","DC13 Earrings","","","","","","6","24.95","10.5"
"DC11","12932","DC11 Earrings","","","","","","2","24.95","10.5"
"DC19","12934","DC19 Earrings","","","","","","4","22.95","9.75"
"DC13-P","12940","DC13 Pendant","","","","","","3","15.95","6.75"
"DC20-P","12943","DC20 Pendant","","","","","","4","26.95","11.75"
"DC21-P","12945","DC21 Pendant","","","","","","2","26.95","11.5"
"DC19-P","12948","DC19 Pendant","","","","","","7","15.95","6.75"
"DC18-P","12949","DC18 Pendant","","","","","","6","15.95","6.75"
"DC14-P","12996","DC14 Pendant","","","","","","9","15.95","6.75"
"DC5-P","12998","DC5 Pendant","","","","","","9","10.95","4.25"
"BB4-P","12999","BB4 Pendant ""Birch Bark""","","","","","","3","12.95","5.5"
"BB6-P","13000","BB6 Pendant ""Birch Bark""","","","","","","4","15.95","7.05"
"BB8-P","13004","BB8 Pendant ""Birch Bark""","","","","","","4","10.95","4.5"
"BB1-P","13005","BB1 Pendant ""Birch Bark""","","","","","","3","14.95","6"
"DC1417-P","13007","DC1417 Pendant","","","","","","3","11.95","4.5"
"DC1420-P","13010","DC1420 Pendant","","","","","","3","14.95","6.25"
"DC23","13013","DC23 Earrings","","","","","","5","17.95","7.5"
"DC24","13017","DC24 Earrings","","","","","","3","17.95","7.5"
"W12005-WLS1801NC0WA","13026","Patti Tunic II ""Earth Keeper"" Plus Size","","","","","9793","1","129","60.5"
"W12005-WLS1801NC0WA","13026","Patti Tunic II ""Earth Keeper"" Plus Size","","","","","9794","1","129","60.5"
"W12005-WLS1801NC0WA","13026","Patti Tunic II ""Earth Keeper"" Plus Size","","","","","9795","0","129","60.5"
"A16058-UAC1501NC04A","13028","Simone Headband ""Silent Seekers""","","","","","","4","49","12.03"
"BA","13042","Moisturizing Lip Balm","","","","","9796","7","20","11.85"
"BA","13042","Moisturizing Lip Balm","","","","","9797","8","20","11.85"
"CB","13045","Body Balm","","","","","9800","4","35","21"
"CB","13045","Body Balm","","","","","9801","0","35","21"
"CB","13045","Body Balm","","","","","9802","1","35","21"
"HV","13046","Hydrolatherapy Mist","","","","","","7","29.99","18"
"EV","13047","Anti-Aging Elixir","","","","","","6","59.99","36"
"HQ","13052","Spiritual Mist","","","","","9803","21","18","0"
"HQ","13052","Spiritual Mist","","","","","9804","19","25","0"
"CS","13053","Ancestral Seed Boxes","","","","","11928","6","19.99","12"
"CS","13053","Ancestral Seed Boxes","","","","","11929","7","19.99","12"
"CS","13053","Ancestral Seed Boxes","","","","","11930","0","19.99","12"
"CS","13053","Ancestral Seed Boxes","","","","","11931","4","19.99","12"
"CV","13054","Face Cream","","","","","10212","1","65","0"
"CV","13054","Face Cream","","","","","10214","0","65","0"
"CV","13054","Face Cream","","","","","10216","4","65","0"
"CV","13054","Face Cream","","","","","10218","7","29.99","0"
"CV","13054","Face Cream","","","","","10220","0","29.99","0"
"CV","13054","Face Cream","","","","","10222","4","29.99","0"
"CC","13056","Body Cream","","","","","10230","2","45","0"
"CC","13056","Body Cream","","","","","10234","4","24.99","0"
"CC","13056","Body Cream","","","","","10238","5","45","0"
"CC","13056","Body Cream","","","","","10242","6","24.99","0"
"CC","13056","Body Cream","","","","","10246","4","45","0"
"CC","13056","Body Cream","","","","","10250","7","24.99","0"
"CC","13056","Body Cream","","","","","13345","2","45","0"
"CC","13056","Body Cream","","","","","13346","3","45","0"
"CC","13056","Body Cream","","","","","13347","3","45","0"
"CCD","13058","Pain Management Care Cream","","","","","9823","3","24.99","0"
"CCD","13058","Pain Management Care Cream","","","","","9824","5","55","0"
"DEO","13060","Deodorants","","","","","9826","3","16","9.57"
"DEO","13060","Deodorants","","","","","9827","4","16","9.57"
"DEO","13060","Deodorants","","","","","9828","2","16","9.57"
"TIS","13061","Herbal Teas","","","","","9829","2","19.95","11.97"
"TIS","13061","Herbal Teas","","","","","9830","3","19.95","11.97"
"TIS","13061","Herbal Teas","","","","","9831","4","19.95","11.97"
"TIS","13061","Herbal Teas","","","","","9832","4","19.95","11.97"
"MI","13062","Honey","","","","","9837","4","19.95","11.97"
"MI","13062","Honey","","","","","9838","4","19.95","11.97"
"MI","13062","Honey","","","","","9839","3","19.95","11.97"
"MI","13062","Honey","","","","","9840","4","19.95","11.97"
"THUN600OS-01","13082","""Thunderbird"" Blanket","","","","","","2","198","105"
"THUN600OS-03","13089","Shawl ""Thunderbird""","","","","","","2","134","80"
"BIRC600OS-03","13090","Shawl ""Birch Bark""","","","","","","2","134","80"
"A16058-UAC1101NC04A","13112","Alice Neck Warmer ""Silent Seekers""","","","","","","4","59","16.58"
"SEQcandles","13124","Scented Candles","","","","","9865","7","10","0"
"SEQcandles","13124","Scented Candles","","","","","9866","0","20","0"
"SEQcandles","13124","Scented Candles","","","","","9867","0","28","0"
"SEQcandles","13124","Scented Candles","","","","","9868","1","10","0"
"SEQcandles","13124","Scented Candles","","","","","9869","5","20","0"
"SEQcandles","13124","Scented Candles","","","","","9870","0","28","0"
"SEQcandles","13124","Scented Candles","","","","","9871","1","10","0"
"SEQcandles","13124","Scented Candles","","","","","9872","0","20","0"
"SEQcandles","13124","Scented Candles","","","","","9873","6","28","0"
"SEQcandles","13124","Scented Candles","","","","","9874","3","10","0"
"SEQcandles","13124","Scented Candles","","","","","9875","7","20","0"
"SEQcandles","13124","Scented Candles","","","","","9876","0","28","0"
"SEQcandles","13124","Scented Candles","","","","","9880","0","10","0"
"SEQcandles","13124","Scented Candles","","","","","9881","7","20","0"
"SEQcandles","13124","Scented Candles","","","","","9882","1","28","0"
"SEQcandles","13124","Scented Candles","","","","","9883","3","10","0"
"SEQcandles","13124","Scented Candles","","","","","9884","5","20","0"
"SEQcandles","13124","Scented Candles","","","","","9885","1","28","0"
"SEQmist","13128","Body Mists","","","","","9913","13","30","0"
"SEQmist","13128","Body Mists","","","","","9920","4","20","0"
"SEQmist","13128","Body Mists","","","","","9921","3","30","0"
"SEQmist","13128","Body Mists","","","","","9922","0","20","0"
"SEQmist","13128","Body Mists","","","","","9923","0","30","0"
"SEQmist","13128","Body Mists","","","","","9924","0","20","0"
"SEQmist","13128","Body Mists","","","","","9925","4","30","0"
"SEQmist","13128","Body Mists","","","","","9928","12","20","0"
"SEQmist","13128","Body Mists","","","","","9929","8","30","0"
"SEQmist","13128","Body Mists","","","","","13164","5","30","0"
"SEQmist","13128","Body Mists","","","","","13165","12","20","0"
"SEQmist","13128","Body Mists","","","","","13277","4","0","0"
"SEQlotion","13135","Body Lotions","","","","","9939","6","28","0"
"SEQlotion","13135","Body Lotions","","","","","9940","10","12","0"
"SEQlotion","13135","Body Lotions","","","","","9941","5","28","0"
"SEQlotion","13135","Body Lotions","","","","","9942","0","12","0"
"SEQlotion","13135","Body Lotions","","","","","9943","7","28","0"
"SEQlotion","13135","Body Lotions","","","","","9944","8","12","0"
"SEQlotion","13135","Body Lotions","","","","","9945","3","28","0"
"SEQlotion","13135","Body Lotions","","","","","9946","3","12","0"
"SEQlotion","13135","Body Lotions","","","","","9947","4","28","0"
"SEQlotion","13135","Body Lotions","","","","","12703","4","12","0"
"SEQbscrub","13144","Body Scrubs","","","","","9956","5","18","0"
"SEQbscrub","13144","Body Scrubs","","","","","9957","7","18","0"
"SEQbscrub","13144","Body Scrubs","","","","","9958","8","18","0"
"SEQbscrub","13144","Body Scrubs","","","","","12691","5","38","0"
"SEQbscrub","13144","Body Scrubs","","","","","12692","4","38","0"
"SEQbscrub","13144","Body Scrubs","","","","","12693","0","38","0"
"SEQbscrub","13144","Body Scrubs","","","","","12705","6","18","0"
"SEQbscrub","13144","Body Scrubs","","","","","12706","0","38","0"
"SEQbscrub","13144","Body Scrubs","","","","","13162","6","18","0"
"SEQbscrub","13144","Body Scrubs","","","","","13163","6","0","0"
"SEQfscrub","13145","Facial Scrubs","","","","","9962","12","25","0"
"SEQfscrub","13145","Facial Scrubs","","","","","9963","11","25","0"
"SEQfscrub","13145","Facial Scrubs","","","","","9964","0","40","0"
"SEQfscrub","13145","Facial Scrubs","","","","","9965","0","40","0"
"SEQmgift","13150","Soap Gift Set ""Medicine""","","","","","9966","0","18","0"
"SEQmgift","13150","Soap Gift Set ""Medicine""","","","","","9967","8","56","0"
"SEQlgift","13151","Soap Gift Set ""Legends""","","","","","9970","0","18","0"
"SEQlgift","13151","Soap Gift Set ""Legends""","","","","","9971","2","56","0"
"SEQnsgift","13154","Soap Gift Set ""Night Sky""","","","","","9972","8","56","0"
"SEQnsgift","13154","Soap Gift Set ""Night Sky""","","","","","9973","0","18","0"
"SEQtgift","13155","Soap Gift Set ""Traditions""","","","","","9974","2","56","0"
"SEQtgift","13155","Soap Gift Set ""Traditions""","","","","","9975","0","18","0"
"SEQsbgift","13156","Soap Gift Set ""Sweet Blends""","","","","","9976","4","56","0"
"SEQsbgift","13156","Soap Gift Set ""Sweet Blends""","","","","","9977","0","18","0"
"SEQbalm","13159","Soothing Lip Balms","","","","","9978","0","8","4"
"SEQbalm","13159","Soothing Lip Balms","","","","","9979","6","8","4"
"SEQbalm","13159","Soothing Lip Balms","","","","","9980","6","8","4"
"SEQbalm","13159","Soothing Lip Balms","","","","","9981","14","8","4"
"SEQbalm","13159","Soothing Lip Balms","","","","","9982","10","8","4"
"SEQbalm","13159","Soothing Lip Balms","","","","","9983","9","8","4"
"SEQbalm","13159","Soothing Lip Balms","","","","","12704","9","8","4"
"SEQsssoap","13165","Sweet Scented Soaps","","","","","10006","6","4","0"
"SEQsssoap","13165","Sweet Scented Soaps","","","","","10007","6","14","0"
"SEQsssoap","13165","Sweet Scented Soaps","","","","","10008","0","4","0"
"SEQsssoap","13165","Sweet Scented Soaps","","","","","10009","2","14","0"
"SEQsssoap","13165","Sweet Scented Soaps","","","","","10010","7","4","0"
"SEQsssoap","13165","Sweet Scented Soaps","","","","","10011","3","14","0"
"SEQsssoap","13165","Sweet Scented Soaps","","","","","10012","6","4","0"
"SEQsssoap","13165","Sweet Scented Soaps","","","","","10013","10","14","0"
"SEQsssoap","13165","Sweet Scented Soaps","","","","","10014","7","4","0"
"SEQsssoap","13165","Sweet Scented Soaps","","","","","10015","7","14","0"
"SEQsssoap","13165","Sweet Scented Soaps","","","","","10016","8","4","0"
"SEQsssoap","13165","Sweet Scented Soaps","","","","","10017","6","14","0"
"SEQsssoap","13165","Sweet Scented Soaps","","","","","10018","5","4","0"
"SEQsssoap","13165","Sweet Scented Soaps","","","","","10019","10","14","0"
"SEQsssoap","13165","Sweet Scented Soaps","","","","","10020","0","4","0"
"SEQsssoap","13165","Sweet Scented Soaps","","","","","10021","0","14","0"
"SEQsssoap","13165","Sweet Scented Soaps","","","","","10022","8","4","0"
"SEQsssoap","13165","Sweet Scented Soaps","","","","","10023","0","14","0"
"SEQsssoap","13165","Sweet Scented Soaps","","","","","10024","3","4","0"
"SEQsssoap","13165","Sweet Scented Soaps","","","","","10025","0","14","0"
"SEQsssoap","13165","Sweet Scented Soaps","","","","","10030","8","4","0"
"SEQsssoap","13165","Sweet Scented Soaps","","","","","10031","6","14","0"
"SEQsssoap","13165","Sweet Scented Soaps","","","","","10036","6","4","0"
"SEQsssoap","13165","Sweet Scented Soaps","","","","","10037","6","14","0"
"SEQsssoap","13165","Sweet Scented Soaps","","","","","10042","6","4","0"
"SEQsssoap","13165","Sweet Scented Soaps","","","","","10043","6","14","0"
"SEQsssoap","13165","Sweet Scented Soaps","","","","","12701","5","4","0"
"SEQsssoap","13165","Sweet Scented Soaps","","","","","12702","6","14","0"
"1700-0008-43CK-259CK","13166","Ladies Leather Slippers","","","","","9993","0","157","68.2"
"1700-0008-43CK-259CK","13166","Ladies Leather Slippers","","","","","9994","0","157","68.2"
"1700-0008-43CK-259CK","13166","Ladies Leather Slippers","","","","","9995","0","157","68.2"
"1700-0008-43CK-259CK","13166","Ladies Leather Slippers","","","","","9996","1","157","68.2"
"1700-0008-43CK-259CK","13166","Ladies Leather Slippers","","","","","9997","0","157","68.2"
"1700-0008-43CK-259CK","13166","Ladies Leather Slippers","","","","","9998","0","157","68.2"
"1700-0008-43CK-259CK","13166","Ladies Leather Slippers","","","","","9999","0","157","68.2"
"1700-0008-43CK-259CK","13166","Ladies Leather Slippers","","","","","10000","0","157","68.2"
"1700-0008-43CK-259CK","13166","Ladies Leather Slippers","","","","","10001","0","157","68.2"
"SEQnesoap","13171","Soaps with Natural Essences","","","","","10098","9","4","0"
"SEQnesoap","13171","Soaps with Natural Essences","","","","","10099","1","14","0"
"SEQnesoap","13171","Soaps with Natural Essences","","","","","10100","0","4","0"
"SEQnesoap","13171","Soaps with Natural Essences","","","","","10101","0","14","0"
"SEQnesoap","13171","Soaps with Natural Essences","","","","","10102","5","4","0"
"SEQnesoap","13171","Soaps with Natural Essences","","","","","10103","7","14","0"
"SEQnesoap","13171","Soaps with Natural Essences","","","","","10104","8","4","0"
"SEQnesoap","13171","Soaps with Natural Essences","","","","","10105","0","14","0"
"SEQnesoap","13171","Soaps with Natural Essences","","","","","10106","5","4","0"
"SEQnesoap","13171","Soaps with Natural Essences","","","","","10107","6","14","0"
"SEQnesoap","13171","Soaps with Natural Essences","","","","","10108","10","4","0"
"SEQnesoap","13171","Soaps with Natural Essences","","","","","10109","4","14","0"
"SEQnesoap","13171","Soaps with Natural Essences","","","","","10110","10","4","0"
"SEQnesoap","13171","Soaps with Natural Essences","","","","","10111","2","14","0"
"SEQnesoap","13171","Soaps with Natural Essences","","","","","10112","5","4","0"
"SEQnesoap","13171","Soaps with Natural Essences","","","","","10113","6","14","0"
"SEQnesoap","13171","Soaps with Natural Essences","","","","","10114","10","4","0"
"SEQnesoap","13171","Soaps with Natural Essences","","","","","10115","5","14","0"
"SEQnesoap","13171","Soaps with Natural Essences","","","","","10116","0","4","0"
"SEQnesoap","13171","Soaps with Natural Essences","","","","","10117","1","14","0"
"SEQnesoap","13171","Soaps with Natural Essences","","","","","10118","6","4","0"
"SEQnesoap","13171","Soaps with Natural Essences","","","","","10119","6","14","0"
"SEQnesoap","13171","Soaps with Natural Essences","","","","","10120","0","4","0"
"SEQnesoap","13171","Soaps with Natural Essences","","","","","10121","0","14","0"
"SEQnesoap","13171","Soaps with Natural Essences","","","","","10122","6","4","0"
"SEQnesoap","13171","Soaps with Natural Essences","","","","","10123","6","14","0"
"SEQnesoap","13171","Soaps with Natural Essences","","","","","10124","2","4","0"
"SEQnesoap","13171","Soaps with Natural Essences","","","","","10125","0","14","0"
"SEQfoils","13174","Fragrance Oils","","","","","10126","6","15","0"
"SEQfoils","13174","Fragrance Oils","","","","","10127","5","18","0"
"SEQfoils","13174","Fragrance Oils","","","","","10128","5","15","0"
"SEQfoils","13174","Fragrance Oils","","","","","10129","2","15","0"
"DC1421","13185","DC1421 Earrings","","","","","","1","16.95","7"
"BB8","13187","BB8 Earrings ""Birch Bark""","","","","","","4","12.95","5.5"
"BB6","13224","BB6 Earrings ""Birch Bark""","","","","","","3","19.95","8.5"
"KEEincense","13395","Indigenous Astrology Incense","","","","","10196","17","9.20","3.75"
"KEEincense","13395","Indigenous Astrology Incense","","","","","10197","22","9.20","3.75"
"KEEincense","13395","Indigenous Astrology Incense","","","","","10198","24","9.20","3.75"
"KEEincense","13395","Indigenous Astrology Incense","","","","","10199","15","9.20","3.75"
"KEEincense","13395","Indigenous Astrology Incense","","","","","10200","22","9.20","3.75"
"KEEincense","13395","Indigenous Astrology Incense","","","","","10201","27","9.20","3.75"
"KEEincense","13395","Indigenous Astrology Incense","","","","","10202","21","9.20","3.75"
"KEEincense","13395","Indigenous Astrology Incense","","","","","10203","17","9.20","3.75"
"KEEincense","13395","Indigenous Astrology Incense","","","","","10204","11","9.20","3.75"
"KEEincense","13395","Indigenous Astrology Incense","","","","","10205","29","9.20","3.75"
"KEEincense","13395","Indigenous Astrology Incense","","","","","10206","20","9.20","3.75"
"KEEincense","13395","Indigenous Astrology Incense","","","","","10207","25","9.20","3.75"
"KEEincense","13395","Indigenous Astrology Incense","","","","","10208","23","9.20","3.75"
"KEEincense","13395","Indigenous Astrology Incense","","","","","10209","27","9.20","3.75"
"W12017-POD2576","13550","Card - Synchronicity","","","","6"" x 9""","","12","6.35","2.75"
"A13041-POD2583","13551","Card - Lapinx","","","","6"" x 9""","","21","6.35","2.75"
"DCK22","13708","Dream Catchers Kit ""Family""","","","","","","3","12.95","5.50"
"DCK11","13715","Dream Catchers Kit ""Friendship""","","","","","","2","10.95","4.75"
"DCK13","13716","Dream Catchers Kit ""Friendship""","","","","","","4","13.95","6.00"
"A18061-POD2573C","13718","Canvas - Seed of Life","20"" x 20""","","","","","3","45.00","17.00"
"DCK12","13719","Dream Catchers Kit ""Friendship""","","","","","","3","15.95","6.50"
"DCK15","13721","Dream Catchers Kit ""Friendship""","","","","","","3","11.95","5.00"
"DCK16","13722","Dream Catchers Kit ""Friendship""","","","","","","2","15.95","6.50"
"DCK17","13723","Dream Catchers Kit ""Friendship""","","","","","","3","13.95","6.00"
"DCK18","13724","Dream Catchers Kit ""Friendship""","","","","","","2","18.95","7.50"
"DCK42","13727","Dream Catchers Kit for Kids","","","","","","7","10.95","5.00"
"DCK43","13728","Dream Catchers Kit for Kids","","","","","","5","10.95","5.00"
"DCK46","13729","Dream Catchers Kit for Kids","","","","","","3","13.95","6.00"
"DCK47","13730","Dream Catchers Kit for Kids","","","","","","2","13.95","6.00"
"DCK48","13731","Dream Catchers Kit for Kids","","","","","","2","13.95","6.00"
"VS22","13737","""Vision Seeker"" Dream Catcher","","","","","","1","15.95","6.75"
"DC21","13765","DC21 Earrings","","","","","","3","43.95","19.00"
"BB4","13766","BB4 Earrings ""Birch Bark""","","","","","","4","17.95","7.50"
"DC5","13767","DC5  Earrings","","","","","","2","15.95","6.00"
"BB3-P","13777","BB3 Pendant ""Birch Bark""","","","","","","4","10.95","4.00"
"DC350","13784","Dream Catcher","","","","","","6","17.95","7.65"
"DC412","13799","Dream Catcher","","","","","10300","2","15.95","6.50"
"DC412","13799","Dream Catcher","","","","","10301","0","15.95","6.50"
"DC412","13799","Dream Catcher","","","","","10302","2","15.95","6.50"
"DC412","13799","Dream Catcher","","","","","10303","0","15.95","6.50"
"DC412","13799","Dream Catcher","","","","","10304","0","15.95","6.50"
"DC412","13799","Dream Catcher","","","","","12357","4","15.95","6.50"
"DC821","13867","Dream Catcher","","","","","","2","36.95","16.10"
"SKU: 00-08-624","13900","Wildflower Oven Mitt","","","","","","2","19.95","8.00"
"SKU: 00-07-532","13953","Corrine Hunt Hummingbird Earrings","","","","","","2","85.00","37.00"
"A07020-WNS1301NC0AA","14091","Kaplan Plus ""Journey to the Spirit World""","","","","","10333","0","129.00","64.00"
"A07020-WNS1301NC0AA","14091","Kaplan Plus ""Journey to the Spirit World""","","","","","10334","1","129.00","64.00"
"A07020-WNS1301NC0AA","14091","Kaplan Plus ""Journey to the Spirit World""","","","","","10335","1","129.00","64.00"
"A10046-WNS1301NC1BA","14094","Kaplan Plus ""Geese Spirit""","","","","","10342","0","129.00","64.00"
"A10046-WNS1301NC1BA","14094","Kaplan Plus ""Geese Spirit""","","","","","10343","1","129.00","64.00"
"A10046-WNS1301NC1BA","14094","Kaplan Plus ""Geese Spirit""","","","","","10344","1","129.00","64.00"
"A16058-WDR5401NC04A","14096","Kate Dress ""Silent Seekers"" Plus Size","","","","","10353","1","169.00","81.50"
"A16058-WDR5401NC04A","14096","Kate Dress ""Silent Seekers"" Plus Size","","","","","10354","1","169.00","81.50"
"A16058-WDR5401NC04A","14096","Kate Dress ""Silent Seekers"" Plus Size","","","","","10355","0","169.00","81.50"
"A08045-20084C","14177","Canvas - Patience","6"" x 12""","","","","","3","40.00","17.00"
"A07020-20080C","14178","Canvas - Journey to the Spirit World","10"" x 8""","","","","","2","45.00","17.00"
"W13047-POD2560C","14179","Canvas - Inner Memories","8"" x 10""","","","","","3","40.00","17.00"
"A12050-POD2559C","14180","Canvas - Ice Dream","10"" x 8""","","","","","2","40.00","17.00"
"A01038-POD2557C","14181","Canvas - Harmony","8"" x 10""","","","","","2","40.00","17.00"
"A16058-WLS340101NC04A","14184","Catherine Zip Top - ""Silent Seekers""","","","","","10402","1","159.00","59.50"
"A16058-WLS340101NC04A","14184","Catherine Zip Top - ""Silent Seekers""","","","","","10403","1","159.00","59.50"
"A16058-WLS340101NC04A","14184","Catherine Zip Top - ""Silent Seekers""","","","","","10404","0","159.00","59.50"
"A16058-WLS340101NC04A","14184","Catherine Zip Top - ""Silent Seekers""","","","","","10405","0","159.00","59.50"
"A16058-WLS340101NC04A","14184","Catherine Zip Top - ""Silent Seekers""","","","","","10406","0","159.00","59.50"
"A10046-WNS0801NC1BA","14186","Kaplan Tank ""Geese Spirit""","","","","","10422","0","129.00","60.00"
"A10046-WNS0801NC1BA","14186","Kaplan Tank ""Geese Spirit""","","","","","10423","2","129.00","60.00"
"A10046-WNS0801NC1BA","14186","Kaplan Tank ""Geese Spirit""","","","","","10424","2","129.00","60.00"
"A10046-WNS0801NC1BA","14186","Kaplan Tank ""Geese Spirit""","","","","","10425","0","129.00","60.00"
"A10046-WNS0801NC1BA","14186","Kaplan Tank ""Geese Spirit""","","","","","10426","0","129.00","60.00"
"NIBI600OS-01","14224","""Nibi"" Blanket","","","","","","2","198.00","105.00"
"STAR600OS-01","14226","""Star"" Blanket","","","","","","2","198.00","105.00"
"TUND600OS-03","14231","Shawl ""Tundra""","","","","","","2","134.00","80.00"
"SAND600OS-03","14235","Shawl ""Sand""","","","","","","2","134.00","80.00"
"FLEU600OS-03","14236","Shawl ""Fleurs""","","","","","","2","134.00","80.00"
"658","14294","Suede Moccasins for Children","","","","","10435","0","0.00","32.15"
"658","14294","Suede Moccasins for Children","","","","","10436","0","0.00","32.15"
"658","14294","Suede Moccasins for Children","","","","","10437","0","0.00","32.15"
"658","14294","Suede Moccasins for Children","","","","","10438","0","0.00","32.15"
"658","14294","Suede Moccasins for Children","","","","","10439","2","74.00","32.15"
"658","14294","Suede Moccasins for Children","","","","","10440","2","74.00","32.15"
"658","14294","Suede Moccasins for Children","","","","","10441","2","74.00","32.15"
"658","14294","Suede Moccasins for Children","","","","","10442","2","74.00","32.15"
"9422CK","14296","Leather Mukluks for Men","","","","","10461","2","443.00","192.60"
"9422CK","14296","Leather Mukluks for Men","","","","","10462","2","443.00","192.60"
"9422CK","14296","Leather Mukluks for Men","","","","","10463","2","443.00","192.60"
"9422CK","14296","Leather Mukluks for Men","","","","","10464","2","443.00","192.60"
"9422CK","14296","Leather Mukluks for Men","","","","","10465","2","443.00","192.60"
"9422CK","14296","Leather Mukluks for Men","","","","","10466","2","443.00","192.60"
"941427CK","14297","Ladies Leather Mukluks","","","","","10473","1","430.00","185.00"
"941427CK","14297","Ladies Leather Mukluks","","","","","10474","1","430.00","185.00"
"941427CK","14297","Ladies Leather Mukluks","","","","","10475","2","430.00","185.00"
"941427CK","14297","Ladies Leather Mukluks","","","","","10476","2","430.00","185.00"
"THUN600OS-07","14438","Sherpa Baby Blanket ""Thunderbird"" Blanket","","","","","","2","85.00","51.00"
"SKU: 54-54-339","14444","Moccasins Raven","","","","","10496","0","92.00","40.00"
"SKU: 54-54-339","14444","Moccasins Raven","","","","","10497","0","92.00","40.00"
"SKU: 54-54-339","14444","Moccasins Raven","","","","","10498","1","92.00","40.00"
"Inukshuk","14458","Inukshuk","","","","","10499","0","27.00","0.00"
"Inukshuk","14458","Inukshuk","","","","","10500","0","36.00","0.00"
"Inukshuk","14458","Inukshuk","","","","","10501","1","54.00","0.00"
"Inukshuk","14458","Inukshuk","","","","","10502","1","71.00","0.00"
"Inukshuk","14458","Inukshuk","","","","","10503","0","94.00","0.00"
"Inukshuk","14458","Inukshuk","","","","","10504","0","130.00","0.00"
"Inukshuk","14458","Inukshuk","","","","","10505","1","220.00","0.00"
"Inukshuk","14458","Inukshuk","","","","","10506","1","275.00","0.00"
"403","14595","Suede Moccasins for Men","","","","","10537","0","92.00","38.50"
"403","14595","Suede Moccasins for Men","","","","","10538","1","92.00","38.50"
"403","14595","Suede Moccasins for Men","","","","","10539","1","92.00","38.50"
"403","14595","Suede Moccasins for Men","","","","","10540","0","92.00","38.50"
"403","14595","Suede Moccasins for Men","","","","","10541","0","92.00","38.50"
"403","14595","Suede Moccasins for Men","","","","","10542","1","92.00","38.50"
"403","14595","Suede Moccasins for Men","","","","","10543","1","92.00","38.50"
"403","14595","Suede Moccasins for Men","","","","","10544","0","92.00","38.50"
"403","14595","Suede Moccasins for Men","","","","","10545","0","97.00","38.50"
"403","14595","Suede Moccasins for Men","","","","","10546","0","97.00","38.50"
"21188","14597","Leather Bootie for Men","","","","","10547","0","155.00","70.00"
"21188","14597","Leather Bootie for Men","","","","","10548","0","155.00","70.00"
"21188","14597","Leather Bootie for Men","","","","","10549","1","155.00","70.00"
"21188","14597","Leather Bootie for Men","","","","","10550","1","155.00","70.00"
"21188","14597","Leather Bootie for Men","","","","","10551","0","155.00","70.00"
"21188","14597","Leather Bootie for Men","","","","","10552","0","155.00","70.00"
"21188","14597","Leather Bootie for Men","","","","","10553","0","155.00","70.00"
"21188","14597","Leather Bootie for Men","","","","","10554","0","155.00","70.00"
"W13026-UAC6301NC1DA","14603","Céleste Place Mat ""In Her World""","","","","","","3","15.00","6.50"
"4DIR700-10","14661","Hoodie Poncho ""Four Directions""","","","","","10583","1","209.00","120.00"
"4DIR700-10","14661","Hoodie Poncho ""Four Directions""","","","","","10584","2","209.00","120.00"
"4DIR700-10","14661","Hoodie Poncho ""Four Directions""","","","","","10585","1","209.00","120.00"
"4DIR700-10","14661","Hoodie Poncho ""Four Directions""","","","","","10586","2","209.00","120.00"
"THUN700-10","14662","Hoodie Poncho ""Thunderbird""","","","","","10587","1","209.00","120.00"
"THUN700-10","14662","Hoodie Poncho ""Thunderbird""","","","","","10588","1","209.00","120.00"
"THUN700-10","14662","Hoodie Poncho ""Thunderbird""","","","","","10589","1","209.00","120.00"
"THUN700-10","14662","Hoodie Poncho ""Thunderbird""","","","","","10590","1","209.00","120.00"
"CONN600OS-01","14667","""Connections"" Blanket","","","","","","2","198.00","105.00"
"CERE600OS-01","14668","""Ceremony"" Blanket","","","","","","3","198.00","105.00"
"9026-0308-85-1964185OBSM","14686","Ladies Mukluks","","","","","10600","0","321.00","139.70"
"9026-0308-85-1964185OBSM","14686","Ladies Mukluks","","","","","10601","0","321.00","139.70"
"9026-0308-85-1964185OBSM","14686","Ladies Mukluks","","","","","10602","1","321.00","139.70"
"9026-0308-85-1964185OBSM","14686","Ladies Mukluks","","","","","10603","2","321.00","139.70"
"9026-0308-85-1964185OBSM","14686","Ladies Mukluks","","","","","10604","0","321.00","139.70"
"9026-0308-85-1964185OBSM","14686","Ladies Mukluks","","","","","10605","0","321.00","139.70"
"9026-0308-85-1964185OBSM","14686","Ladies Mukluks","","","","","10606","0","321.00","139.70"
"A10004-POD2561","14715","Matted Print - Merging Earth and Sky","","14"" x 11""","","","","2","20.00","7.50"
"DC751","14735","""Birthstone and Feathers"" Dream Catcher","","","","","10608","0","10.95","4.75"
"DC751","14735","""Birthstone and Feathers"" Dream Catcher","","","","","10609","0","10.95","4.75"
"DC751","14735","""Birthstone and Feathers"" Dream Catcher","","","","","10610","0","10.95","4.75"
"DC751","14735","""Birthstone and Feathers"" Dream Catcher","","","","","10611","0","10.95","4.75"
"DC751","14735","""Birthstone and Feathers"" Dream Catcher","","","","","10612","0","10.95","4.75"
"DC751","14735","""Birthstone and Feathers"" Dream Catcher","","","","","10613","0","10.95","4.75"
"DC751","14735","""Birthstone and Feathers"" Dream Catcher","","","","","10614","0","10.95","4.75"
"DC751","14735","""Birthstone and Feathers"" Dream Catcher","","","","","10615","1","10.95","4.75"
"DC751","14735","""Birthstone and Feathers"" Dream Catcher","","","","","10616","0","10.95","4.75"
"DC751","14735","""Birthstone and Feathers"" Dream Catcher","","","","","10617","0","10.95","4.75"
"DC751","14735","""Birthstone and Feathers"" Dream Catcher","","","","","10618","3","10.95","4.75"
"DC751","14735","""Birthstone and Feathers"" Dream Catcher","","","","","10619","2","10.95","4.75"
"UAC6901NC01A","14742","Lou Pouch ""Merging Earth and Sky""","","","","","","3","29.00","10.50"
"UAC6901NC0YA","14743","Lou Pouch ""Refuge""","","","","","","3","29.00","10.50"
"UAC6901NC1HA","14748","Lou Pouch ""Reaching Out""","","","","","","4","29.00","10.50"
"UAC6901NCIJA","14751","Lou Pouch ""Carried Away Under The Blue Moon""","","","","","","2","29.00","10.50"
"UAC6501NCCHA","14757","Maxime Bag ""Quintessence""","","","","","","2","65.00","27.50"
"WLS1701NC0BB","14769","Mia Turtleneck ""Zenith II""","","","","","10641","0","149.00","59.50"
"WLS1701NC0BB","14769","Mia Turtleneck ""Zenith II""","","","","","10642","0","149.00","59.50"
"WLS1701NC0BB","14769","Mia Turtleneck ""Zenith II""","","","","","10643","0","149.00","59.50"
"WLS1701NC0BB","14769","Mia Turtleneck ""Zenith II""","","","","","10644","1","149.00","59.50"
"WLS1701NC0BB","14769","Mia Turtleneck ""Zenith II""","","","","","10645","1","149.00","59.50"
"STAR600OS-03","14817","Shawl ""Star""","","","","","","2","134.00","80.00"
"SCA0201NC0YA","14828","Aspen Scarf ""Refuge""","","","","","","5","79.00","19.55"
"SCA0201NC1JA","14829","Aspen Scarf ""Carried Away Under The Blue Moon""","","","","","","6","79.00","19.55"
"SCA0201NC0BA","14830","Aspen Scarf ""Zenith""","","","","","","7","79.00","19.55"
"SCA0201NC04A","14832","Aspen Scarf ""Silent Seekers""","","","","","","5","79.00","19.55"
"SCA0201NC05A","14834","Aspen Scarf ""Northern Keepers""","","","","","","4","79.00","19.55"
"SOC","14865","Elderberries Tincture","","","","","","4","30.00","13.00"
"UAC6401NC1IA","14946","Lou Pouch ""Quintessence""","","","","","","3","29.00","10.50"
"BBSS12-P","14994","BBSS12 Birch Bark Pendant","","","","","","0","38.95","16.50"
"BBSS1","14995","Sterling Silver Earrings","","","","","","3","46.95","20.00"
"SCA0201NCODA","15020","Aspen Scarf ""Early Evening Flowing Into Fall""","","","","","","2","79.00","19.55"
"ELITE-260GEPE","15165","Moosehide Mitts","","","","","10949","2","155.00","83.25"
"ELITE-260GEPE","15165","Moosehide Mitts","","","","","10950","2","155.00","83.25"
"ELITE-260GEPE","15165","Moosehide Mitts","","","","","10951","0","155.00","83.25"
"ELITE-260GEPE","15165","Moosehide Mitts","","","","","10952","1","155.00","83.25"
"ELITE-260GEPE","15165","Moosehide Mitts","","","","","10953","0","155.00","83.25"
"A08013-2","15167","Ltd Edition - New Day","10.25"" x 13.25""","16"" x 20""","99","","10954","0","335.00","0.00"
"A08013-2","15167","Ltd Edition - New Day","10.25"" x 13.25""","16"" x 20""","99","","10955","0","335.00","0.00"
"A08013-2","15167","Ltd Edition - New Day","10.25"" x 13.25""","16"" x 20""","99","","10956","0","335.00","0.00"
"A08013-2","15167","Ltd Edition - New Day","10.25"" x 13.25""","16"" x 20""","99","","10957","3","170.00","0.00"
"A10004-2","15168","Ltd Edition - Merging Earth and Sky","13.25"" x 10.25""","20"" x 16""","99","","10958","0","335.00","0.00"
"A10004-2","15168","Ltd Edition - Merging Earth and Sky","13.25"" x 10.25""","20"" x 16""","99","","10959","0","335.00","0.00"
"A10004-2","15168","Ltd Edition - Merging Earth and Sky","13.25"" x 10.25""","20"" x 16""","99","","10960","0","335.00","0.00"
"A10004-2","15168","Ltd Edition - Merging Earth and Sky","13.25"" x 10.25""","20"" x 16""","99","","10961","3","170.00","0.00"
"A10012-2","15169","Ltd Edition - Sky Sisters","13.25"" x 10.25""","20"" x 16""","99","","10962","0","335.00","0.00"
"A10012-2","15169","Ltd Edition - Sky Sisters","13.25"" x 10.25""","20"" x 16""","99","","10963","0","335.00","0.00"
"A10012-2","15169","Ltd Edition - Sky Sisters","13.25"" x 10.25""","20"" x 16""","99","","10964","0","335.00","0.00"
"A10012-2","15169","Ltd Edition - Sky Sisters","13.25"" x 10.25""","20"" x 16""","99","","10965","3","170.00","0.00"
"A08011-2","15170","Ltd Edition - Whisper","3.25” x 13.5”","9.125” x 19.375”","99","","10966","0","295.00","0.00"
"A08011-2","15170","Ltd Edition - Whisper","3.25” x 13.5”","9.125” x 19.375”","99","","10967","0","295.00","0.00"
"A08011-2","15170","Ltd Edition - Whisper","3.25” x 13.5”","9.125” x 19.375”","99","","10968","0","295.00","0.00"
"A08011-2","15170","Ltd Edition - Whisper","3.25” x 13.5”","9.125” x 19.375”","99","","10969","3","130.00","0.00"
"W13025-POD2569","15173","Matted Print - Passage","","11"" x 14""","","","","2","20.00","7.50"
"W12018-POD2551","15175","Matted Print - Early Evening Flowing Into Fall","","11"" x 14""","","","","2","20.00","7.50"
"W13047-POD2560","15176","Matted Print - Inner Memories","","14"" x 11""","","","","2","20.00","7.50"
"W18053-POD2883","15177","Matted Print - Northern Masters","","11"" x 14""","","","","2","20.00","7.50"
"SCA0201NC0IA","15178","Aspen Scarf ""Wisdom Keepers""","","","","","","3","79.00","19.55"
"A10046-POD2553","15179","Matted Print - Geese Spirit","","14"" x 11""","","","","2","20.00","7.50"
"A16058-UAC6201NC04A","15181","Arthur Pillow ""Silent Seekers""","","","","","","4","59.00","21.00"
"A16059-POD2582C","15190","Canvas - Wisdom Keepers","10"" x 8""","","","","10978","0","65.00","17.00"
"A16059-POD2582C","15190","Canvas - Wisdom Keepers","10"" x 8""","","","","10979","0","40.00","17.00"
"A16059-POD2582C","15190","Canvas - Wisdom Keepers","10"" x 8""","","","","13195","3","40.00","17.00"
"A10012-POD2565C","15191","Canvas - Sky Sisters","10"" x 8""","","","","","2","40.00","17.00"
"A01028-POD2555C","15195","Canvas - Giving Thanks","8"" x 10""","","","","","3","40.00","17.00"
"A08007-UAC6701NC1AA","15198","Angèle Apron ""A Moose and a Goose""","","","","","","2","69.00","29.50"
"A04015-WDR2601NC14A","15206","Kate Dress ""Unity""","","","","","11004","1","169.00","64.50"
"A04015-WDR2601NC14A","15206","Kate Dress ""Unity""","","","","","11005","1","169.00","64.50"
"A04015-WDR2601NC14A","15206","Kate Dress ""Unity""","","","","","11006","0","169.00","64.50"
"A04015-WDR2601NC14A","15206","Kate Dress ""Unity""","","","","","11007","0","169.00","64.50"
"A04015-WDR2601NC14A","15206","Kate Dress ""Unity""","","","","","11008","0","169.00","64.50"
"W12018-UAC1201NC0DA","15216","Arthur Pillow ""Early Evening Flowing into Fall""","","","","","","3","59.00","21.00"
"A16052-2","15295","Ltd Edition - Zenith","3” x 18”","8.75” x 23.875”","99","","11328","0","305.00","0.00"
"A16052-2","15295","Ltd Edition - Zenith","3” x 18”","8.75” x 23.875”","99","","11329","0","305.00","0.00"
"A16052-2","15295","Ltd Edition - Zenith","3” x 18”","8.75” x 23.875”","99","","11330","0","305.00","0.00"
"A16052-2","15295","Ltd Edition - Zenith","3” x 18”","8.75” x 23.875”","99","","11351","0","125.00","0.00"
"A16052-2","15295","Ltd Edition - Zenith","3” x 18”","8.75” x 23.875”","99","","11352","2","155.00","0.00"
"A16052-2","15295","Ltd Edition - Zenith","3” x 18”","8.75” x 23.875”","99","","11353","0","155.00","0.00"
"A10044-2","15296","Ltd Edition - The Return","13.25"" x 10.25""","20"" x 16""","99","","11332","0","335.00","0.00"
"A10044-2","15296","Ltd Edition - The Return","13.25"" x 10.25""","20"" x 16""","99","","11333","0","335.00","0.00"
"A10044-2","15296","Ltd Edition - The Return","13.25"" x 10.25""","20"" x 16""","99","","11334","0","335.00","0.00"
"A10044-2","15296","Ltd Edition - The Return","13.25"" x 10.25""","20"" x 16""","99","","11335","2","170.00","0.00"
"A07020-2","15297","Ltd Edition - Journey to the Spirit World","18” x 6”","23.75"" x 11.75""","99","","11336","0","320.00","0.00"
"A07020-2","15297","Ltd Edition - Journey to the Spirit World","18” x 6”","23.75"" x 11.75""","99","","11337","0","320.00","0.00"
"A07020-2","15297","Ltd Edition - Journey to the Spirit World","18” x 6”","23.75"" x 11.75""","99","","11338","0","320.00","0.00"
"A07020-2","15297","Ltd Edition - Journey to the Spirit World","18” x 6”","23.75"" x 11.75""","99","","11339","2","170.00","0.00"
"A01028-2","15298","Ltd Edition - Giving Thanks","10.25"" x 13.25""","16"" x 20""","99","","11340","0","335.00","0.00"
"A01028-2","15298","Ltd Edition - Giving Thanks","10.25"" x 13.25""","16"" x 20""","99","","11341","0","335.00","0.00"
"A01028-2","15298","Ltd Edition - Giving Thanks","10.25"" x 13.25""","16"" x 20""","99","","11342","0","335.00","0.00"
"A01028-2","15298","Ltd Edition - Giving Thanks","10.25"" x 13.25""","16"" x 20""","99","","11343","3","170.00","0.00"
"BBSS1-P","15305","BBSS1 Pendant ''Birch Bark''","","","","","","5","34.95","15.00"
"5100-0000-27-3112WS","15373","Leather Moccasins for Men","","","","","11364","0","117.00","50.80"
"5100-0000-27-3112WS","15373","Leather Moccasins for Men","","","","","11365","0","117.00","50.80"
"5100-0000-27-3112WS","15373","Leather Moccasins for Men","","","","","11366","1","117.00","50.80"
"5100-0000-27-3112WS","15373","Leather Moccasins for Men","","","","","11367","1","117.00","50.80"
"5100-0000-27-3112WS","15373","Leather Moccasins for Men","","","","","11368","0","117.00","50.80"
"5100-0000-27-3112WS","15373","Leather Moccasins for Men","","","","","11369","1","117.00","50.80"
"5100-0000-27-3112WS","15373","Leather Moccasins for Men","","","","","11370","0","117.00","50.80"
"5100-0000-27-3112WS","15373","Leather Moccasins for Men","","","","","11371","0","117.00","50.80"
"5100-0000-27-3112WS","15373","Leather Moccasins for Men","","","","","11372","1","117.00","50.80"
"5100-0000-27-3112WS","15373","Leather Moccasins for Men","","","","","11373","0","117.00","50.80"
"5100-0000-41MADKT-3113MA","15374","Leather Moccasins for Men","","","","","11374","0","106.00","45.80"
"5100-0000-41MADKT-3113MA","15374","Leather Moccasins for Men","","","","","11375","0","106.00","45.80"
"5100-0000-41MADKT-3113MA","15374","Leather Moccasins for Men","","","","","11376","0","106.00","45.80"
"5100-0000-41MADKT-3113MA","15374","Leather Moccasins for Men","","","","","11377","0","106.00","45.80"
"5100-0000-41MADKT-3113MA","15374","Leather Moccasins for Men","","","","","11378","0","106.00","45.80"
"5100-0000-41MADKT-3113MA","15374","Leather Moccasins for Men","","","","","11379","0","106.00","45.80"
"5100-0000-41MADKT-3113MA","15374","Leather Moccasins for Men","","","","","11380","0","106.00","45.80"
"5100-0000-41MADKT-3113MA","15374","Leather Moccasins for Men","","","","","11381","0","106.00","45.80"
"5100-0000-41MADKT-3113MA","15374","Leather Moccasins for Men","","","","","11382","0","106.00","45.80"
"5100-0000-41MADKT-3113MA","15374","Leather Moccasins for Men","","","","","11383","0","106.00","45.80"
"4172-0500-40-41474EMA","15389","Leather Moccasins for Men","","","","","11396","0","202.00","87.40"
"4172-0500-40-41474EMA","15389","Leather Moccasins for Men","","","","","11397","0","202.00","87.40"
"4172-0500-40-41474EMA","15389","Leather Moccasins for Men","","","","","11398","0","202.00","87.40"
"4172-0500-40-41474EMA","15389","Leather Moccasins for Men","","","","","11399","1","202.00","87.40"
"4172-0500-40-41474EMA","15389","Leather Moccasins for Men","","","","","11400","0","202.00","87.40"
"4172-0500-40-41474EMA","15389","Leather Moccasins for Men","","","","","11401","1","202.00","87.40"
"4172-0500-40-41474EMA","15389","Leather Moccasins for Men","","","","","11402","0","202.00","87.40"
"4172-0500-40-41474EMA","15389","Leather Moccasins for Men","","","","","11403","0","202.00","87.40"
"4172-0500-40-41474EMA","15389","Leather Moccasins for Men","","","","","11404","0","202.00","87.40"
"BHMEDROUND","15431","Round Earrings","","","","","11575","1","70.00","35.00"
"BHMEDROUND","15431","Round Earrings","","","","","11576","1","70.00","35.00"
"BHMEDROUND","15431","Round Earrings","","","","","11577","1","70.00","35.00"
"BHMEDROUND","15431","Round Earrings","","","","","11578","1","70.00","35.00"
"BHMEDROUND","15431","Round Earrings","","","","","11579","1","70.00","35.00"
"BHTRIANGLE","15432","Triangular Earrings","","","","","11580","1","70.00","35.00"
"BHTRIANGLE","15432","Triangular Earrings","","","","","11581","1","70.00","35.00"
"BHTRIANGLE","15432","Triangular Earrings","","","","","11582","0","70.00","35.00"
"BHTRIANGLE","15432","Triangular Earrings","","","","","11583","0","70.00","35.00"
"BHTRIANGLE","15432","Triangular Earrings","","","","","11584","1","70.00","35.00"
"BHTRIANGLE","15432","Triangular Earrings","","","","","11585","0","70.00","35.00"
"5076-1100-26-KB757FD","15438","Leather Moccasins for Men","","","","","11595","0","175.00","75.80"
"5076-1100-26-KB757FD","15438","Leather Moccasins for Men","","","","","11596","0","175.00","75.80"
"5076-1100-26-KB757FD","15438","Leather Moccasins for Men","","","","","11597","0","175.00","75.80"
"5076-1100-26-KB757FD","15438","Leather Moccasins for Men","","","","","11598","0","175.00","75.80"
"5076-1100-26-KB757FD","15438","Leather Moccasins for Men","","","","","11599","0","175.00","75.80"
"5076-1100-26-KB757FD","15438","Leather Moccasins for Men","","","","","11600","0","175.00","75.80"
"5076-1100-26-KB757FD","15438","Leather Moccasins for Men","","","","","11601","0","175.00","75.80"
"5076-1100-26-KB757FD","15438","Leather Moccasins for Men","","","","","11602","2","175.00","75.80"
"5076-1100-26-KB757FD","15438","Leather Moccasins for Men","","","","","11603","0","175.00","75.80"
"5076-1100-26-KB757FD","15438","Leather Moccasins for Men","","","","","11604","1","175.00","75.80"
"UAC6101NC08A","15446","Gustave Pillow ""Giving Thanks""","","","","","","1","59.00","23.00"
"UAC6101NC0DA","15447","Gustave Pillow ""Early Evening Flowing Into Fall""","","","","","","2","59.00","23.00"
"UAC6101NC0UA","15449","Gustave Pillow ""Under the Same Sky""","","","","","","3","59.00","23.00"
"UAC6101NC05A","15451","Gustave Pillow ""Northern Keepers""","","","","","","2","59.00","23.00"
"POD2579magnets","15485","River Keeper","","","","","","12","6.95","2.80"
"POD2574magnets","15486","Silent Seekers","","","","","","5","6.95","2.80"
"POD2569magnets","15487","Passage","","","","","","12","6.95","2.80"
"POD2566magnets","15488","Northern Keepers","","","","","","7","6.95","2.80"
"POD2556magnets","15489","Going Home","","","","","","5","6.95","2.80"
"POD2554magnets","15490","Gezaluwejit","","","","","","5","6.95","2.70"
"POD2550magnets","15491","Depth","","","","","","6","6.95","2.80"
"POD2555magnets","15492","Giving Thanks","","","","","","19","6.95","2.80"
"POD2558magnets","15493","Honoring the Giver of Life","","","","","","20","6.95","2.80"
"DC849","15543","Dream Catcher ""Energy""","","","","","","1","47.95","21.00"
"ES100","15605","Room Sprays","","","","","11708","3","29.95","12.99"
"ES100","15605","Room Sprays","","","","","11709","0","29.95","12.99"
"ES100","15605","Room Sprays","","","","","11710","2","29.95","12.99"
"ES100","15605","Room Sprays","","","","","11711","3","29.95","12.99"
"ES100","15605","Room Sprays","","","","","11712","2","29.95","12.99"
"ES100","15605","Room Sprays","","","","","11713","2","29.95","12.99"
"ES100","15605","Room Sprays","","","","","11714","2","29.95","12.99"
"ES100","15605","Room Sprays","","","","","11715","3","29.95","12.99"
"ES100","15605","Room Sprays","","","","","11716","1","29.95","12.99"
"WDR5801NC17A","15614","Lena Dress ""Inner Memories""","","","","","11737","1","179.00","74.00"
"WDR5801NC17A","15614","Lena Dress ""Inner Memories""","","","","","11738","0","179.00","74.00"
"WDR5801NC17A","15614","Lena Dress ""Inner Memories""","","","","","11739","0","179.00","74.00"
"WDR5801NC17A","15614","Lena Dress ""Inner Memories""","","","","","11740","0","179.00","74.00"
"WDR5801NC17A","15614","Lena Dress ""Inner Memories""","","","","","11741","1","179.00","74.00"
"WDR5801NC04A","15615","Lena Dress ""Silent Seekers""","","","","","11742","1","179.00","74.00"
"WDR5801NC04A","15615","Lena Dress ""Silent Seekers""","","","","","11743","1","179.00","74.00"
"WDR5801NC04A","15615","Lena Dress ""Silent Seekers""","","","","","11744","0","179.00","74.00"
"WDR5801NC04A","15615","Lena Dress ""Silent Seekers""","","","","","11745","0","179.00","74.00"
"WDR5801NC04A","15615","Lena Dress ""Silent Seekers""","","","","","11746","1","179.00","74.00"
"WDR5801NC11A","15616","Lena Dress ""Water and Spirit Buffalo at Sunset""","","","","","11747","0","179.00","74.00"
"WDR5801NC11A","15616","Lena Dress ""Water and Spirit Buffalo at Sunset""","","","","","11748","0","179.00","74.00"
"WDR5801NC11A","15616","Lena Dress ""Water and Spirit Buffalo at Sunset""","","","","","11749","1","179.00","74.00"
"WDR5801NC11A","15616","Lena Dress ""Water and Spirit Buffalo at Sunset""","","","","","11750","0","179.00","74.00"
"WDR5801NC11A","15616","Lena Dress ""Water and Spirit Buffalo at Sunset""","","","","","11751","1","179.00","74.00"
"WDR5801NC09A","15617","Lena Dress ""Water and Spirit Buffalo""","","","","","11752","0","179.00","74.00"
"WDR5801NC09A","15617","Lena Dress ""Water and Spirit Buffalo""","","","","","11753","0","179.00","74.00"
"WDR5801NC09A","15617","Lena Dress ""Water and Spirit Buffalo""","","","","","11754","1","179.00","74.00"
"WDR5801NC09A","15617","Lena Dress ""Water and Spirit Buffalo""","","","","","11755","1","179.00","74.00"
"WDR5801NC09A","15617","Lena Dress ""Water and Spirit Buffalo""","","","","","11756","0","179.00","74.00"
"WDR5801NC1DA","15618","Lena Dress ""In Her World""","","","","","11757","0","179.00","74.00"
"WDR5801NC1DA","15618","Lena Dress ""In Her World""","","","","","11758","1","179.00","74.00"
"WDR5801NC1DA","15618","Lena Dress ""In Her World""","","","","","11759","1","179.00","74.00"
"WDR5801NC1DA","15618","Lena Dress ""In Her World""","","","","","11760","0","179.00","74.00"
"WDR5801NC1DA","15618","Lena Dress ""In Her World""","","","","","11761","0","179.00","74.00"
"DC802","15649","Dream Catcher ""Ombre""","","","","","","2","29.95","12.75"
"DC16-P","15723","DC16 Pendant","","","","","","5","15.95","6.75"
"DC14","15725","DC14 Earrings","","","","","","4","24.95","10.50"
"DCC21","15727","DCC21 Earrings","","","","","","1","26.00","11.00"
"BB7-P","15730","BB7 Pendant ""Birch Bark""","","","","","","6","15.95","7.05"
"DCC21-P","15731","DCC21 Pendant","","","","","","5","15.95","6.75"
"BB7","15732","BB7 Earrings ""Birch Bark""","","","","","","4","23.95","10.50"
"","15768","Product test","","","","","","5","10.00","0.00"
"SKIRTS","15774","Ribbon Skirts","","","","","13120","0","120.00","60.00"
"SKIRTS","15774","Ribbon Skirts","","","","","13121","0","120.00","60.00"
"SKIRTS","15774","Ribbon Skirts","","","","","13122","1","120.00","60.00"
"SKIRTS","15774","Ribbon Skirts","","","","","13123","1","120.00","60.00"
"SKIRTS","15774","Ribbon Skirts","","","","","13124","2","120.00","60.00"
"EPSALTS","15863","Epsom Salts","","","","","11860","2","30.00","18.00"
"EPSALTS","15863","Epsom Salts","","","","","11861","2","30.00","18.00"
"EPSALTS","15863","Epsom Salts","","","","","11862","1","30.00","18.00"
"EPSALTS","15863","Epsom Salts","","","","","11863","2","30.00","18.00"
"5000-0008-13-1493IND","15914","Ladies Suede Moccasins","","","","","11864","0","96.00","41.50"
"5000-0008-13-1493IND","15914","Ladies Suede Moccasins","","","","","11865","2","96.00","41.50"
"5000-0008-13-1493IND","15914","Ladies Suede Moccasins","","","","","11866","0","96.00","41.50"
"5000-0008-13-1493IND","15914","Ladies Suede Moccasins","","","","","11867","0","96.00","41.50"
"5000-0008-13-1493IND","15914","Ladies Suede Moccasins","","","","","11868","0","96.00","41.50"
"5000-0008-13-1493IND","15914","Ladies Suede Moccasins","","","","","11869","0","96.00","41.50"
"5000-0008-13-1493IND","15914","Ladies Suede Moccasins","","","","","11870","1","96.00","41.50"
"5000-0008-13-1493IND","15914","Ladies Suede Moccasins","","","","","11871","0","96.00","41.50"
"5000-0008-13-1493IND","15914","Ladies Suede Moccasins","","","","","11872","0","96.00","41.50"
"5000-0008-13-1493FG","15915","Ladies Suede Moccasins","","","","","11873","0","96.00","41.50"
"5000-0008-13-1493FG","15915","Ladies Suede Moccasins","","","","","11874","0","96.00","41.50"
"5000-0008-13-1493FG","15915","Ladies Suede Moccasins","","","","","11875","0","96.00","41.50"
"5000-0008-13-1493FG","15915","Ladies Suede Moccasins","","","","","11876","0","96.00","41.50"
"5000-0008-13-1493FG","15915","Ladies Suede Moccasins","","","","","11877","0","96.00","41.50"
"5000-0008-13-1493FG","15915","Ladies Suede Moccasins","","","","","11878","0","96.00","41.50"
"5000-0008-13-1493FG","15915","Ladies Suede Moccasins","","","","","11879","0","96.00","41.50"
"5000-0008-13-1493FG","15915","Ladies Suede Moccasins","","","","","11880","1","96.00","41.50"
"5000-0008-13-1493FG","15915","Ladies Suede Moccasins","","","","","11881","0","96.00","41.50"
"66705","16064","Sterling Silver Earrings","","","","","","2","115.00","48.69"
"502115BDBK","16127","Suede Moccasins for Men","","","","","12263","0","155.00","67.30"
"502115BDBK","16127","Suede Moccasins for Men","","","","","12264","0","155.00","67.30"
"502115BDBK","16127","Suede Moccasins for Men","","","","","12265","1","155.00","67.30"
"502115BDBK","16127","Suede Moccasins for Men","","","","","12266","2","155.00","67.30"
"502115BDBK","16127","Suede Moccasins for Men","","","","","12267","0","155.00","67.30"
"502115BDBK","16127","Suede Moccasins for Men","","","","","12268","0","155.00","67.30"
"502115BDBK","16127","Suede Moccasins for Men","","","","","12269","0","155.00","67.30"
"502115BDBK","16127","Suede Moccasins for Men","","","","","12270","0","155.00","67.30"
"502115BDBK","16127","Suede Moccasins for Men","","","","","12271","0","155.00","67.30"
"502115BDBK","16127","Suede Moccasins for Men","","","","","12272","0","155.00","67.30"
"502113DNMA","16128","Suede Moccasins for Men","","","","","12273","0","155.00","67.30"
"502113DNMA","16128","Suede Moccasins for Men","","","","","12274","0","155.00","67.30"
"502113DNMA","16128","Suede Moccasins for Men","","","","","12275","1","155.00","67.30"
"502113DNMA","16128","Suede Moccasins for Men","","","","","12276","1","155.00","67.30"
"502113DNMA","16128","Suede Moccasins for Men","","","","","12277","0","155.00","67.30"
"502113DNMA","16128","Suede Moccasins for Men","","","","","12278","1","155.00","67.30"
"502113DNMA","16128","Suede Moccasins for Men","","","","","12279","0","155.00","67.30"
"502113DNMA","16128","Suede Moccasins for Men","","","","","12280","0","155.00","67.30"
"502113DNMA","16128","Suede Moccasins for Men","","","","","12281","0","155.00","67.30"
"502113DNMA","16128","Suede Moccasins for Men","","","","","12282","0","155.00","67.30"
"NIB700-06","16167","Poncho ""Nibi""","","","","","12328","1","85.00","0.00"
"NIB700-06","16167","Poncho ""Nibi""","","","","","12329","2","89.00","0.00"
"BGTH700-06","16168","Poncho ""Grey Thunderbird""","","","","","12330","1","89.00","0.00"
"BGTH700-06","16168","Poncho ""Grey Thunderbird""","","","","","12331","1","85.00","0.00"
"INTH700-06","16169","Poncho ""Brown Thunderbird""","","","","","12332","2","89.00","0.00"
"INTH700-06","16169","Poncho ""Brown Thunderbird""","","","","","12333","1","85.00","0.00"
"DCK44","16230","Dream Catchers Kit for Kids","","","","","","1","13.95","5.75"
"WDR2601NC1BA","16245","Kate Dress ""Geese Spirit""","","","","","12376","2","169.00","64.50"
"WDR2601NC1BA","16245","Kate Dress ""Geese Spirit""","","","","","12377","0","169.00","64.50"
"WDR2601NC1BA","16245","Kate Dress ""Geese Spirit""","","","","","12378","0","169.00","64.50"
"WDR2601NC1BA","16245","Kate Dress ""Geese Spirit""","","","","","12379","0","169.00","64.50"
"WDR2601NC1BA","16245","Kate Dress ""Geese Spirit""","","","","","12380","2","169.00","64.50"
"WPA0701NC1BA","16248","Parma Capri ""Geese Spirit""","","","","","12407","1","129.00","55.50"
"WPA0701NC1BA","16248","Parma Capri ""Geese Spirit""","","","","","12408","0","129.00","55.50"
"WPA0701NC1BA","16248","Parma Capri ""Geese Spirit""","","","","","12409","0","129.00","55.50"
"WPA0701NC1BA","16248","Parma Capri ""Geese Spirit""","","","","","12410","0","129.00","55.50"
"WPA0701NC1BA","16248","Parma Capri ""Geese Spirit""","","","","","12411","0","129.00","55.50"
"WLS1001NC1BA","16253","Patti Tunic II ""Geese Spirit""","","","","","12453","1","129.00","50.50"
"WLS1001NC1BA","16253","Patti Tunic II ""Geese Spirit""","","","","","12454","1","129.00","50.50"
"WLS1001NC1BA","16253","Patti Tunic II ""Geese Spirit""","","","","","12455","0","129.00","50.50"
"WLS1001NC1BA","16253","Patti Tunic II ""Geese Spirit""","","","","","12456","0","129.00","50.50"
"WLS1001NC1BA","16253","Patti Tunic II ""Geese Spirit""","","","","","12457","0","129.00","50.50"
"WLS1801NC1BA","16254","Patti Tunic II ""Geese Spirit"" Plus Size","","","","","12463","1","129.00","60.50"
"WLS1801NC1BA","16254","Patti Tunic II ""Geese Spirit"" Plus Size","","","","","12464","1","129.00","60.50"
"WLS1801NC1BA","16254","Patti Tunic II ""Geese Spirit"" Plus Size","","","","","12465","0","129.00","60.50"
"WLS1001NC0BA","16256","Patti Tunic II ""Zenith""","","","","","12481","0","129.00","50.50"
"WLS1001NC0BA","16256","Patti Tunic II ""Zenith""","","","","","12482","0","129.00","50.50"
"WLS1001NC0BA","16256","Patti Tunic II ""Zenith""","","","","","12483","1","129.00","50.50"
"WLS1001NC0BA","16256","Patti Tunic II ""Zenith""","","","","","12484","1","129.00","50.50"
"WLS1001NC0BA","16256","Patti Tunic II ""Zenith""","","","","","12485","0","129.00","50.50"
"UAC6501NC0FA","16263","Maxime Bag ""New Day""","","","","","","2","65.00","27.50"
"WLS350101NC04B","16264","Autumn Half-Zip Top - ""Silent Seekers""","","","","","12491","0","149.00","59.50"
"WLS350101NC04B","16264","Autumn Half-Zip Top - ""Silent Seekers""","","","","","12492","1","149.00","59.50"
"WLS350101NC04B","16264","Autumn Half-Zip Top - ""Silent Seekers""","","","","","12493","1","149.00","59.50"
"WLS350101NC04B","16264","Autumn Half-Zip Top - ""Silent Seekers""","","","","","12494","1","149.00","59.50"
"WLS350101NC04B","16264","Autumn Half-Zip Top - ""Silent Seekers""","","","","","12495","0","149.00","59.50"
"HPA120","16269","Multipurpose Anti-Odor Mist","","","","","","12","18.00","8.00"
"A12050-POD2559","16450","Matted Print - Ice Dream","","14"" x 11""","","","","2","20.00","7.50"
"A10044-POD2572","16452","Matted Print - Returning","","11"" x 14""","","","","2","20.00","7.50"
"W12018-POD2551C","16454","Canvas - Early evening flowing into fall","","","","","","4","40.00","17.00"
"A01033-POD2581C","16457","Canvas - New Fire","","","","","","3","40.00","17.00"
"A10044-POD2572C","16458","Canvas - The Return","","","","","","2","40.00","17.00"
"W12008-POD2581C","16460","Canvas - Winter Wolves","","","","","","4","40.00","17.00"
"A10012-POD2565","16463","Matted Print - Sky Sisters","","11"" x 14""","","","","2","20.00","7.50"
"W13026-20079C","16504","Canvas - In Her World","20"" x 15""","","","","","2","40.00","17.00"
"POD2884magnets","16530","The Protector","","","","","","15","6.95","2.80"
"POD2551magnets","16531","Early Evening Flowing into Fall","","","","","","23","6.95","2.80"
"POD2571magnets","16532","Refuge","","","","","","3","6.95","2.80"
"WDR1101NC0EA","16545","Joni Cape Dress ""Lapinx""","","","","","12820","1","139.00","59.50"
"WDR1101NC0EA","16545","Joni Cape Dress ""Lapinx""","","","","","12821","1","139.00","59.50"
"WDR1101NC0EA","16545","Joni Cape Dress ""Lapinx""","","","","","12822","1","139.00","59.50"
"WDR1101NC0EA","16545","Joni Cape Dress ""Lapinx""","","","","","12823","1","139.00","59.50"
"WDR1101NC0EA","16545","Joni Cape Dress ""Lapinx""","","","","","12824","0","139.00","59.50"
"UAC7001NCOTA","16569","Suede Tote Bag ""Gezaluwejit""","","","","","","2","69.00","29.00"
"UAC71001NC02A","16575","Suede Pouch ""Depth""","","","","","","3","29.00","11.00"
"UAC71001NC0TA","16576","Suede Pouch ""Gezaluwejit""","","","","","","2","29.00","11.00"
"560","16598","Leather Wallet","","","","","12855","5","22.00","8.75"
"560","16598","Leather Wallet","","","","","12856","6","22.00","8.75"
"7LX","16599","Leather Medicine Pouch","","","","","","15","18.00","7.75"
"WLS2001NC1BA","16613","Mia Turtleneck ""Geese Spirit"" Plus Size","","","","","12895","1","149.00","68.00"
"WLS2001NC1BA","16613","Mia Turtleneck ""Geese Spirit"" Plus Size","","","","","12896","1","149.00","68.00"
"WLS2001NC1BA","16613","Mia Turtleneck ""Geese Spirit"" Plus Size","","","","","12897","1","149.00","68.00"
"POD20079magnets","16682","In Her World","","","","","","15","6.95","2.80"
"POD105832magnets","16683","Carried Away","","","","","","1","6.95","2.80"
"POD2552C","16684","Canvas - Earth keeper","","","","","","3","40.00","17.00"
"POD2577C","16685","Canvas - Teachings","","","","","","2","40.00","17.00"
"3700-0008-13-37500MO","16689","Ladies Concho","","","","","12959","0","142.00","61.40"
"3700-0008-13-37500MO","16689","Ladies Concho","","","","","12960","0","142.00","61.40"
"3700-0008-13-37500MO","16689","Ladies Concho","","","","","12961","0","142.00","61.40"
"3700-0008-13-37500MO","16689","Ladies Concho","","","","","12962","0","142.00","61.40"
"3700-0008-13-37500MO","16689","Ladies Concho","","","","","12963","1","142.00","61.40"
"3700-0008-13-37500MO","16689","Ladies Concho","","","","","12964","0","142.00","61.40"
"3700-0008-13-37500MO","16689","Ladies Concho","","","","","12965","1","142.00","61.40"
"3700-0008-13-37500MO","16689","Ladies Concho","","","","","12966","0","142.00","61.40"
"3700-0008-13-37500MO","16689","Ladies Concho","","","","","12967","0","142.00","61.40"
"UAC6301NC05A","16693","Celeste Place Mats "" Northern Keepers ""","","","","","","6","15.00","6.50"
"UAC6301NC0UA","16694","Celeste Place Mats ""Under the Same Sky""","","","","","","4","15.00","6.50"
"WEAV600OS-03","16780","Shawl ""Weaver""","","","","","","2","134.00","80.00"
"WLS1001NC02A","16857","Patti Tunic II ""Depth""","","","","","13078","1","129.00","50.50"
"WLS1001NC02A","16857","Patti Tunic II ""Depth""","","","","","13079","0","129.00","50.50"
"WLS1001NC02A","16857","Patti Tunic II ""Depth""","","","","","13080","1","129.00","50.50"
"WLS1001NC02A","16857","Patti Tunic II ""Depth""","","","","","13081","0","129.00","50.50"
"WLS1001NC02A","16857","Patti Tunic II ""Depth""","","","","","13082","0","129.00","50.50"
"A16059-POD2582","16861","Matted Print - Wisdom Keepers","","14"" x 11""","","","","3","20.00","7.50"
"DC861","16910","Protect the Earth Dream Catcher","","","","","","3","14.95","6.25"
"DC862","16911","Protect the Earth Dream Catcher","","","","","","2","14.95","6.25"
"DC863","16912","Protect the Earth Dream Catcher","","","","","","2","14.95","6.25"
"DC617","16915","""Magical"" Dream Catcher","","","","","13113","0","15.95","6.75"
"DC617","16915","""Magical"" Dream Catcher","","","","","13114","6","15.95","6.75"
"DC617","16915","""Magical"" Dream Catcher","","","","","13115","3","15.95","6.75"
"DC617","16915","""Magical"" Dream Catcher","","","","","13116","6","15.95","6.75"
"DC617","16915","""Magical"" Dream Catcher","","","","","13117","10","15.95","6.75"
"DC1450","16916","Oyster Shell Dream Catcher","","","","","","6","22.95","9.50"
"MW100","16918","""Medicine Wheel"" Dream Catcher","","","","","13118","5","21.95","8.75"
"MW100","16918","""Medicine Wheel"" Dream Catcher","","","","","13119","6","21.95","8.75"
"MFE2","16924","Feathered Earrings","","","","","","4","5.95","2.50"
"MFE3","16925","Feathered Earrings","","","","","","3","5.95","2.50"
"MFE4","16926","Feathered Earrings","","","","","","4","5.95","2.50"
"MFE5","16927","Feathered Earrings","","","","","","2","5.95","2.50"
"MFE6","16928","Feathered Earrings","","","","","","3","5.95","2.50"
"DC6-P","16930","DC6 Pendant","","","","","","3","14.00","5.25"
"MN105","16946","Mother of Pearl Pendant","","","","","","2","8.95","3.25"
"MN107","16948","Abalone Shell Pendant","","","","","","3","10.95","4.25"
"DC1430","16949","DC1430 Earrings","","","","","","4","14.95","6.25"
"DC1430-P","16960","DC1430 Necklace","","","","","","7","10.95","4.25"
"DC1431-P","16961","DC1431 Necklace","","","","","","9","10.95","4.25"
"DC1432-P","16962","DC1432 Necklace","","","","","","3","17.95","7.50"
"Dreamweaver","16979","Dreamweaver CD","","","","","","14","15.00","10.00"
"BRPR0002","16983","Ceremonial Bundle Pouches","","","","","","4","13.75","11.00"
"A10046-POD2553","16990","Card - Geese Spirit","","","","9"" x 6""","","14","6.35","2.75"
"A10004-POD2561","16991","Card - Merging Earth and Sky","","","","9"" x 6""","","12","6.35","2.75"
"20086","16996","Canvas - Roots of Another World","8"" x 10""","","","","","3","40.00","17.00"
"5000-0870-12-511813BLBL2","17014","Leather Moccasins for Men","","","","","13149","0","152.00","65.40"
"5000-0870-12-511813BLBL2","17014","Leather Moccasins for Men","","","","","13150","0","152.00","65.40"
"5000-0870-12-511813BLBL2","17014","Leather Moccasins for Men","","","","","13151","0","152.00","65.40"
"5000-0870-12-511813BLBL2","17014","Leather Moccasins for Men","","","","","13152","2","152.00","65.40"
"5000-0870-12-511813BLBL2","17014","Leather Moccasins for Men","","","","","13153","2","152.00","65.40"
"5000-0870-12-511813BLBL2","17014","Leather Moccasins for Men","","","","","13154","0","152.00","65.40"
"5000-0870-12-511813BLBL2","17014","Leather Moccasins for Men","","","","","13155","0","152.00","65.40"
"5000-0870-12-511813BLBL2","17014","Leather Moccasins for Men","","","","","13156","0","152.00","65.40"
"5000-0870-12-511813BLBL2","17014","Leather Moccasins for Men","","","","","13157","0","152.00","65.40"
"5000-0870-12-511813BLBL2","17014","Leather Moccasins for Men","","","","","13158","0","152.00","65.40"
"A08007-POD2548","17040","Matted Print - A Moose and Goose","","11"" x 14""","","","","2","20.00","7.50"
"POD2558","17150","Card - Honoring the Giver of Life","","","","6"" x 9""","","9","6.35","2.75"
"A10012-7","17226","Card - Sky Sisters","","","","5"" x 7""","","219","5.50","2.50"
"NIBI600OS-07","17231","Sherpa Baby Blanket ""Nibi""","","","","","","2","85.00","51.00"
"658","17241","Suede Moccasins for Babies","","","","","13278","2","74.00","32.15"
"658","17241","Suede Moccasins for Babies","","","","","13279","2","74.00","32.15"
"658","17241","Suede Moccasins for Babies","","","","","13280","1","74.00","32.15"
"658","17241","Suede Moccasins for Babies","","","","","13281","2","74.00","32.15"
"658","17241","Suede Moccasins for Babies","","","","","13286","0","74.00","32.15"
"698","17242","Suede Moccasins for Babies","","","","","13291","1","74.00","32.15"
"698","17242","Suede Moccasins for Babies","","","","","13292","2","74.00","32.15"
"698","17242","Suede Moccasins for Babies","","","","","13293","2","74.00","32.15"
"698","17242","Suede Moccasins for Babies","","","","","13294","2","74.00","32.15"
"698","17242","Suede Moccasins for Babies","","","","","13295","0","74.00","32.15"
"CVEMT1","17316","Exfoliating Face Cream","","","","","","3","55.00","27.50"
"KWE600OS-01","17357","""Kwe"" Blanket","","","","","","2","198.00","105.00"
