"Reference code","Product ID","Product name","Product Combinations ID","Combinations (Attribute - value pair)","Quantity","Final price (pre-tax)","Pre-tax wholesale price","Combinations wholesale price"
"6017-0408-00VI-600VI","534","Ladies Suede Slippers","507","Shoe Size - 4","0","108","46.9","0"
"6017-0408-00VI-600VI","534","Ladies Suede Slippers","508","Shoe Size - 5","0","108","46.9","0"
"6017-0408-00VI-600VI","534","Ladies Suede Slippers","509","Shoe Size - 6","0","108","46.9","0"
"6017-0408-00VI-600VI","534","Ladies Suede Slippers","510","Shoe Size - 7","0","108","46.9","0"
"6017-0408-00VI-600VI","534","Ladies Suede Slippers","511","Shoe Size - 8","0","108","46.9","0"
"6017-0408-00VI-600VI","534","Ladies Suede Slippers","512","Shoe Size - 9","0","108","46.9","0"
"6017-0408-00VI-600VI","534","Ladies Suede Slippers","513","Shoe Size - 10","0","108","46.9","0"
"6017-0408-00VI-600VI","534","Ladies Suede Slippers","514","Shoe Size - 11","0","108","46.9","0"
"6017-0408-00VI-600VI","534","Ladies Suede Slippers","515","Shoe Size - 12","0","108","46.9","0"
"6080-0408-41AQ-600AQ","535","Ladies Suede Slippers","522","Shoe Size - 11","0","108","46.9","0"
"6080-0408-41AQ-600AQ","535","Ladies Suede Slippers","7058","Shoe Size - 4","0","108","46.9","0"
"6080-0408-41AQ-600AQ","535","Ladies Suede Slippers","7059","Shoe Size - 5","0","108","46.9","0"
"6080-0408-41AQ-600AQ","535","Ladies Suede Slippers","7060","Shoe Size - 6","0","108","46.9","0"
"6080-0408-41AQ-600AQ","535","Ladies Suede Slippers","7061","Shoe Size - 7","0","108","46.9","0"
"6080-0408-41AQ-600AQ","535","Ladies Suede Slippers","7062","Shoe Size - 8","0","108","46.9","0"
"6080-0408-41AQ-600AQ","535","Ladies Suede Slippers","7063","Shoe Size - 9","0","108","46.9","0"
"6080-0408-41AQ-600AQ","535","Ladies Suede Slippers","7064","Shoe Size - 10","0","108","46.9","0"
"6080-0408-41AQ-600AQ","535","Ladies Suede Slippers","7065","Shoe Size - 12","0","108","46.9","0"
"6080-0408-41BU-600BU","537","Ladies Suede Slippers","534","Shoe Size - 5","1","115","46.9","0"
"6080-0408-41BU-600BU","537","Ladies Suede Slippers","535","Shoe Size - 6","1","115","46.9","0"
"6080-0408-41BU-600BU","537","Ladies Suede Slippers","536","Shoe Size - 7","0","115","46.9","0"
"6080-0408-41BU-600BU","537","Ladies Suede Slippers","537","Shoe Size - 8","0","115","46.9","0"
"6080-0408-41BU-600BU","537","Ladies Suede Slippers","538","Shoe Size - 9","1","115","46.9","0"
"6080-0408-41BU-600BU","537","Ladies Suede Slippers","539","Shoe Size - 10","0","115","46.9","0"
"6080-0408-41BU-600BU","537","Ladies Suede Slippers","540","Shoe Size - 11","0","115","46.9","0"
"6080-0408-41BU-600BU","537","Ladies Suede Slippers","541","Shoe Size - 12","0","115","46.9","0"
"6080-0408-41BU-600BU","537","Ladies Suede Slippers","542","Shoe Size - 4","0","115","46.9","0"
"6080-0408-41CO-600CO","538","Ladies Suede Slippers","543","Shoe Size - 5","0","108","46.9","0"
"6080-0408-41CO-600CO","538","Ladies Suede Slippers","544","Shoe Size - 6","0","108","46.9","0"
"6080-0408-41CO-600CO","538","Ladies Suede Slippers","545","Shoe Size - 7","0","108","46.9","0"
"6080-0408-41CO-600CO","538","Ladies Suede Slippers","546","Shoe Size - 8","0","108","46.9","0"
"6080-0408-41CO-600CO","538","Ladies Suede Slippers","547","Shoe Size - 9","0","108","46.9","0"
"6080-0408-41CO-600CO","538","Ladies Suede Slippers","548","Shoe Size - 10","0","108","46.9","0"
"6080-0408-41CO-600CO","538","Ladies Suede Slippers","549","Shoe Size - 11","0","108","46.9","0"
"6080-0408-41CO-600CO","538","Ladies Suede Slippers","550","Shoe Size - 12","0","108","46.9","0"
"6080-0408-41CO-600CO","538","Ladies Suede Slippers","551","Shoe Size - 4","0","108","46.9","0"
"6080-0408-41COTO-600COTO","539","Ladies Suede Slippers","558","Shoe Size - 11","0","108","46.9","0"
"6080-0408-41COTO-600COTO","539","Ladies Suede Slippers","7066","Shoe Size - 4","0","108","46.9","0"
"6080-0408-41COTO-600COTO","539","Ladies Suede Slippers","7067","Shoe Size - 5","0","108","46.9","0"
"6080-0408-41COTO-600COTO","539","Ladies Suede Slippers","7068","Shoe Size - 6","0","108","46.9","0"
"6080-0408-41COTO-600COTO","539","Ladies Suede Slippers","7069","Shoe Size - 7","0","108","46.9","0"
"6080-0408-41COTO-600COTO","539","Ladies Suede Slippers","7070","Shoe Size - 8","0","108","46.9","0"
"6080-0408-41COTO-600COTO","539","Ladies Suede Slippers","7071","Shoe Size - 9","0","108","46.9","0"
"6080-0408-41COTO-600COTO","539","Ladies Suede Slippers","7072","Shoe Size - 10","0","108","46.9","0"
"6080-0408-41COTO-600COTO","539","Ladies Suede Slippers","7073","Shoe Size - 12","0","108","46.9","0"
"6080-0408-41DKTCK-600DKTCK","540","Ladies Suede/Leather Slippers","561","Shoe Size - 5","0","115","49.7","0"
"6080-0408-41DKTCK-600DKTCK","540","Ladies Suede/Leather Slippers","562","Shoe Size - 6","0","115","49.7","0"
"6080-0408-41DKTCK-600DKTCK","540","Ladies Suede/Leather Slippers","563","Shoe Size - 7","0","115","49.7","0"
"6080-0408-41DKTCK-600DKTCK","540","Ladies Suede/Leather Slippers","564","Shoe Size - 8","0","115","49.7","0"
"6080-0408-41DKTCK-600DKTCK","540","Ladies Suede/Leather Slippers","565","Shoe Size - 9","0","115","49.7","0"
"6080-0408-41DKTCK-600DKTCK","540","Ladies Suede/Leather Slippers","566","Shoe Size - 10","0","115","49.7","0"
"6080-0408-41DKTCK-600DKTCK","540","Ladies Suede/Leather Slippers","567","Shoe Size - 11","0","115","49.7","0"
"6080-0408-41DKTCK-600DKTCK","540","Ladies Suede/Leather Slippers","568","Shoe Size - 12","0","115","49.7","0"
"6080-0408-41DKTCK-600DKTCK","540","Ladies Suede/Leather Slippers","569","Shoe Size - 4","0","115","49.7","0"
"6080-0408-41NBCK-600NBCK","541","Ladies Suede/Leather Slippers","574","Shoe Size - 9","0","115","49.7","0"
"6080-0408-41NBCK-600NBCK","541","Ladies Suede/Leather Slippers","7074","Shoe Size - 4","0","115","49.7","0"
"6080-0408-41NBCK-600NBCK","541","Ladies Suede/Leather Slippers","7075","Shoe Size - 5","0","115","49.7","0"
"6080-0408-41NBCK-600NBCK","541","Ladies Suede/Leather Slippers","7076","Shoe Size - 6","0","115","49.7","0"
"6080-0408-41NBCK-600NBCK","541","Ladies Suede/Leather Slippers","7077","Shoe Size - 7","0","115","49.7","0"
"6080-0408-41NBCK-600NBCK","541","Ladies Suede/Leather Slippers","7078","Shoe Size - 8","0","115","49.7","0"
"6080-0408-41NBCK-600NBCK","541","Ladies Suede/Leather Slippers","7079","Shoe Size - 10","0","115","49.7","0"
"6080-0408-41NBCK-600NBCK","541","Ladies Suede/Leather Slippers","7080","Shoe Size - 11","0","115","49.7","0"
"6080-0408-41NBCK-600NBCK","541","Ladies Suede/Leather Slippers","7081","Shoe Size - 12","0","115","49.7","0"
"6080-0408-41PU-600PU","542","Ladies Suede Slippers","584","Shoe Size - 10","0","115","46.9","0"
"6080-0408-41PU-600PU","542","Ladies Suede Slippers","7082","Shoe Size - 4","0","115","46.9","0"
"6080-0408-41PU-600PU","542","Ladies Suede Slippers","7083","Shoe Size - 5","1","115","46.9","0"
"6080-0408-41PU-600PU","542","Ladies Suede Slippers","7084","Shoe Size - 6","0","115","46.9","0"
"6080-0408-41PU-600PU","542","Ladies Suede Slippers","7085","Shoe Size - 7","1","115","46.9","0"
"6080-0408-41PU-600PU","542","Ladies Suede Slippers","7086","Shoe Size - 8","1","115","46.9","0"
"6080-0408-41PU-600PU","542","Ladies Suede Slippers","7087","Shoe Size - 9","1","115","46.9","0"
"6080-0408-41PU-600PU","542","Ladies Suede Slippers","7088","Shoe Size - 11","1","115","46.9","0"
"6080-0408-41PU-600PU","542","Ladies Suede Slippers","7089","Shoe Size - 12","0","115","46.9","0"
"6080-0408-41RBBL-600RBBL","543","Ladies Suede Slippers","588","Shoe Size - 5","0","108","46.9","0"
"6080-0408-41RBBL-600RBBL","543","Ladies Suede Slippers","589","Shoe Size - 6","0","108","46.9","0"
"6080-0408-41RBBL-600RBBL","543","Ladies Suede Slippers","590","Shoe Size - 7","0","108","46.9","0"
"6080-0408-41RBBL-600RBBL","543","Ladies Suede Slippers","591","Shoe Size - 8","0","108","46.9","0"
"6080-0408-41RBBL-600RBBL","543","Ladies Suede Slippers","592","Shoe Size - 9","0","108","46.9","0"
"6080-0408-41RBBL-600RBBL","543","Ladies Suede Slippers","593","Shoe Size - 10","0","108","46.9","0"
"6080-0408-41RBBL-600RBBL","543","Ladies Suede Slippers","594","Shoe Size - 11","0","108","46.9","0"
"6080-0408-41RBBL-600RBBL","543","Ladies Suede Slippers","595","Shoe Size - 12","0","108","46.9","0"
"6080-0408-41RBBL-600RBBL","543","Ladies Suede Slippers","596","Shoe Size - 4","0","108","46.9","0"
"6080-0408-41RB-600RB","544","Ladies Suede Slippers","597","Shoe Size - 5","0","108","46.9","0"
"6080-0408-41RB-600RB","544","Ladies Suede Slippers","598","Shoe Size - 6","0","108","46.9","0"
"6080-0408-41RB-600RB","544","Ladies Suede Slippers","599","Shoe Size - 7","0","108","46.9","0"
"6080-0408-41RB-600RB","544","Ladies Suede Slippers","600","Shoe Size - 8","0","108","46.9","0"
"6080-0408-41RB-600RB","544","Ladies Suede Slippers","601","Shoe Size - 9","0","108","46.9","0"
"6080-0408-41RB-600RB","544","Ladies Suede Slippers","602","Shoe Size - 10","0","108","46.9","0"
"6080-0408-41RB-600RB","544","Ladies Suede Slippers","603","Shoe Size - 11","0","108","46.9","0"
"6080-0408-41RB-600RB","544","Ladies Suede Slippers","604","Shoe Size - 12","0","108","46.9","0"
"6080-0408-41RB-600RB","544","Ladies Suede Slippers","605","Shoe Size - 4","0","108","46.9","0"
"6080-0408-41SMFD-600SMFD","545","Ladies Suede/Leather Slippers","606","Shoe Size - 5","0","108","49.7","0"
"6080-0408-41SMFD-600SMFD","545","Ladies Suede/Leather Slippers","607","Shoe Size - 6","0","108","49.7","0"
"6080-0408-41SMFD-600SMFD","545","Ladies Suede/Leather Slippers","608","Shoe Size - 7","0","108","49.7","0"
"6080-0408-41SMFD-600SMFD","545","Ladies Suede/Leather Slippers","609","Shoe Size - 8","0","108","49.7","0"
"6080-0408-41SMFD-600SMFD","545","Ladies Suede/Leather Slippers","610","Shoe Size - 9","0","108","49.7","0"
"6080-0408-41SMFD-600SMFD","545","Ladies Suede/Leather Slippers","611","Shoe Size - 10","0","108","49.7","0"
"6080-0408-41SMFD-600SMFD","545","Ladies Suede/Leather Slippers","612","Shoe Size - 11","0","108","49.7","0"
"6080-0408-41SMFD-600SMFD","545","Ladies Suede/Leather Slippers","613","Shoe Size - 12","0","108","49.7","0"
"6080-0408-41SMFD-600SMFD","545","Ladies Suede/Leather Slippers","614","Shoe Size - 4","0","108","49.7","0"
"6080-0408-41STO-600STO","546","Ladies Suede Slippers","615","Shoe Size - 5","0","108","46.9","0"
"6080-0408-41STO-600STO","546","Ladies Suede Slippers","616","Shoe Size - 6","0","108","46.9","0"
"6080-0408-41STO-600STO","546","Ladies Suede Slippers","617","Shoe Size - 7","0","108","46.9","0"
"6080-0408-41STO-600STO","546","Ladies Suede Slippers","618","Shoe Size - 8","0","108","46.9","0"
"6080-0408-41STO-600STO","546","Ladies Suede Slippers","619","Shoe Size - 9","0","108","46.9","0"
"6080-0408-41STO-600STO","546","Ladies Suede Slippers","620","Shoe Size - 10","0","108","46.9","0"
"6080-0408-41STO-600STO","546","Ladies Suede Slippers","621","Shoe Size - 11","0","108","46.9","0"
"6080-0408-41STO-600STO","546","Ladies Suede Slippers","622","Shoe Size - 12","0","108","46.9","0"
"6080-0408-41STO-600STO","546","Ladies Suede Slippers","623","Shoe Size - 4","0","108","46.9","0"
"6080-0408-41VIGR-600VIGR","547","Ladies Suede Slippers","624","Shoe Size - 5","0","108","46.9","0"
"6080-0408-41VIGR-600VIGR","547","Ladies Suede Slippers","625","Shoe Size - 6","0","108","46.9","0"
"6080-0408-41VIGR-600VIGR","547","Ladies Suede Slippers","626","Shoe Size - 7","0","108","46.9","0"
"6080-0408-41VIGR-600VIGR","547","Ladies Suede Slippers","627","Shoe Size - 8","0","108","46.9","0"
"6080-0408-41VIGR-600VIGR","547","Ladies Suede Slippers","628","Shoe Size - 9","0","108","46.9","0"
"6080-0408-41VIGR-600VIGR","547","Ladies Suede Slippers","629","Shoe Size - 10","0","108","46.9","0"
"6080-0408-41VIGR-600VIGR","547","Ladies Suede Slippers","630","Shoe Size - 11","0","108","46.9","0"
"6080-0408-41VIGR-600VIGR","547","Ladies Suede Slippers","631","Shoe Size - 12","0","108","46.9","0"
"6080-0408-41VIGR-600VIGR","547","Ladies Suede Slippers","632","Shoe Size - 4","0","108","46.9","0"
"6080-0208-41BL-613BL","550","Ladies Suede Slippers","656","Shoe Size - 10","0","108","46.9","0"
"6080-0208-41BL-613BL","550","Ladies Suede Slippers","658","Shoe Size - 12","0","108","46.9","0"
"6080-0208-41BL-613BL","550","Ladies Suede Slippers","7053","Shoe Size - 9","0","108","46.9","0"
"6080-0208-41BL-613BL","550","Ladies Suede Slippers","7054","Shoe Size - 7","0","108","46.9","0"
"6080-0208-41BL-613BL","550","Ladies Suede Slippers","7055","Shoe Size - 8","0","108","46.9","0"
"6080-0208-41BL-613BL","550","Ladies Suede Slippers","7056","Shoe Size - 11","0","108","46.9","0"
"6080-0208-41BL-613BL","550","Ladies Suede Slippers","7057","Shoe Size - 6","0","108","46.9","0"
"6080-0426-41DKDKP-626DKDKP","551","Ladies Suede Slippers","660","Shoe Size - 5","0","108","46.9","0"
"6080-0426-41DKDKP-626DKDKP","551","Ladies Suede Slippers","661","Shoe Size - 6","0","108","46.9","0"
"6080-0426-41DKDKP-626DKDKP","551","Ladies Suede Slippers","662","Shoe Size - 7","0","108","46.9","0"
"6080-0426-41DKDKP-626DKDKP","551","Ladies Suede Slippers","663","Shoe Size - 8","0","108","46.9","0"
"6080-0426-41DKDKP-626DKDKP","551","Ladies Suede Slippers","664","Shoe Size - 9","0","108","46.9","0"
"6080-0426-41DKDKP-626DKDKP","551","Ladies Suede Slippers","665","Shoe Size - 10","0","108","46.9","0"
"6080-0426-41DKDKP-626DKDKP","551","Ladies Suede Slippers","666","Shoe Size - 11","0","108","46.9","0"
"6080-0426-41DKDKP-626DKDKP","551","Ladies Suede Slippers","667","Shoe Size - 12","0","108","46.9","0"
"6080-0426-41DKDKP-626DKDKP","551","Ladies Suede Slippers","668","Shoe Size - 4","0","108","46.9","0"
"6080-0408-41IND-648","552","Ladies Suede Slippers","669","Shoe Size - 5","0","108","46.9","0"
"6080-0408-41IND-648","552","Ladies Suede Slippers","670","Shoe Size - 6","0","108","46.9","0"
"6080-0408-41IND-648","552","Ladies Suede Slippers","671","Shoe Size - 7","0","108","46.9","0"
"6080-0408-41IND-648","552","Ladies Suede Slippers","672","Shoe Size - 8","0","108","46.9","0"
"6080-0408-41IND-648","552","Ladies Suede Slippers","673","Shoe Size - 9","0","108","46.9","0"
"6080-0408-41IND-648","552","Ladies Suede Slippers","674","Shoe Size - 10","0","108","46.9","0"
"6080-0408-41IND-648","552","Ladies Suede Slippers","675","Shoe Size - 11","0","108","46.9","0"
"6080-0408-41IND-648","552","Ladies Suede Slippers","676","Shoe Size - 12","0","108","46.9","0"
"6080-0408-41IND-648","552","Ladies Suede Slippers","677","Shoe Size - 4","0","108","46.9","0"
"6080-0408-41IC-652","553","Ladies Suede Slippers","682","Shoe Size - 9","1","108","46.9","0"
"6080-0408-41IC-652","553","Ladies Suede Slippers","7090","Shoe Size - 4","0","108","46.9","0"
"6080-0408-41IC-652","553","Ladies Suede Slippers","7091","Shoe Size - 5","0","108","46.9","0"
"6080-0408-41IC-652","553","Ladies Suede Slippers","7092","Shoe Size - 6","0","108","46.9","0"
"6080-0408-41IC-652","553","Ladies Suede Slippers","7093","Shoe Size - 7","0","108","46.9","0"
"6080-0408-41IC-652","553","Ladies Suede Slippers","7094","Shoe Size - 8","0","108","46.9","0"
"6080-0408-41IC-652","553","Ladies Suede Slippers","7095","Shoe Size - 10","0","108","46.9","0"
"6080-0408-41IC-652","553","Ladies Suede Slippers","7096","Shoe Size - 11","0","108","46.9","0"
"6080-0408-41IC-652","553","Ladies Suede Slippers","7097","Shoe Size - 12","0","108","46.9","0"
"6080-0408-41BL-653","554","Ladies Suede Slippers","692","Shoe Size - 10","1","108","46.9","0"
"6080-0408-41BL-653","554","Ladies Suede Slippers","7098","Shoe Size - 4","1","108","46.9","0"
"6080-0408-41BL-653","554","Ladies Suede Slippers","7099","Shoe Size - 5","0","108","46.9","0"
"6080-0408-41BL-653","554","Ladies Suede Slippers","7100","Shoe Size - 6","0","108","46.9","0"
"6080-0408-41BL-653","554","Ladies Suede Slippers","7101","Shoe Size - 7","0","108","46.9","0"
"6080-0408-41BL-653","554","Ladies Suede Slippers","7102","Shoe Size - 8","0","108","46.9","0"
"6080-0408-41BL-653","554","Ladies Suede Slippers","7103","Shoe Size - 9","0","108","46.9","0"
"6080-0408-41BL-653","554","Ladies Suede Slippers","7104","Shoe Size - 11","1","108","46.9","0"
"6080-0408-41BL-653","554","Ladies Suede Slippers","7105","Shoe Size - 12","1","108","46.9","0"
"6080-0408-41NB-658","555","Ladies Suede Slippers","696","Shoe Size - 5","0","108","46.9","0"
"6080-0408-41NB-658","555","Ladies Suede Slippers","697","Shoe Size - 6","0","108","46.9","0"
"6080-0408-41NB-658","555","Ladies Suede Slippers","698","Shoe Size - 7","0","108","46.9","0"
"6080-0408-41NB-658","555","Ladies Suede Slippers","699","Shoe Size - 8","0","108","46.9","0"
"6080-0408-41NB-658","555","Ladies Suede Slippers","700","Shoe Size - 9","0","108","46.9","0"
"6080-0408-41NB-658","555","Ladies Suede Slippers","701","Shoe Size - 10","0","108","46.9","0"
"6080-0408-41NB-658","555","Ladies Suede Slippers","702","Shoe Size - 11","0","108","46.9","0"
"6080-0408-41NB-658","555","Ladies Suede Slippers","703","Shoe Size - 12","1","108","46.9","0"
"6080-0408-41NB-658","555","Ladies Suede Slippers","704","Shoe Size - 4","0","108","46.9","0"
"6080-0408-41PL-659","556","Ladies Suede Slippers","711","Shoe Size - 11","0","108","46.9","0"
"6080-0408-41PL-659","556","Ladies Suede Slippers","7106","Shoe Size - 12","0","108","46.9","0"
"6080-0408-41PL-659","556","Ladies Suede Slippers","7107","Shoe Size - 4","0","108","46.9","0"
"6080-0408-41PL-659","556","Ladies Suede Slippers","7108","Shoe Size - 5","0","108","46.9","0"
"6080-0408-41PL-659","556","Ladies Suede Slippers","7109","Shoe Size - 6","0","108","46.9","0"
"6080-0408-41PL-659","556","Ladies Suede Slippers","7110","Shoe Size - 7","0","108","46.9","0"
"6080-0408-41PL-659","556","Ladies Suede Slippers","7111","Shoe Size - 8","0","108","46.9","0"
"6080-0408-41PL-659","556","Ladies Suede Slippers","7112","Shoe Size - 9","0","108","46.9","0"
"6080-0408-41PL-659","556","Ladies Suede Slippers","7113","Shoe Size - 10","0","108","46.9","0"
"6080-0408-41GR-660","557","Ladies Suede Slippers","714","Shoe Size - 5","0","108","46.9","0"
"6080-0408-41GR-660","557","Ladies Suede Slippers","715","Shoe Size - 6","0","108","46.9","0"
"6080-0408-41GR-660","557","Ladies Suede Slippers","716","Shoe Size - 7","0","108","46.9","0"
"6080-0408-41GR-660","557","Ladies Suede Slippers","717","Shoe Size - 8","0","108","46.9","0"
"6080-0408-41GR-660","557","Ladies Suede Slippers","718","Shoe Size - 9","0","108","46.9","0"
"6080-0408-41GR-660","557","Ladies Suede Slippers","719","Shoe Size - 10","0","108","46.9","0"
"6080-0408-41GR-660","557","Ladies Suede Slippers","720","Shoe Size - 11","0","108","46.9","0"
"6080-0408-41GR-660","557","Ladies Suede Slippers","721","Shoe Size - 12","0","108","46.9","0"
"6080-0408-41GR-660","557","Ladies Suede Slippers","722","Shoe Size - 4","0","108","46.9","0"
"6080-0408-41SBL-661","558","Ladies Suede Slippers","723","Shoe Size - 5","0","108","46.9","0"
"6080-0408-41SBL-661","558","Ladies Suede Slippers","724","Shoe Size - 6","0","108","46.9","0"
"6080-0408-41SBL-661","558","Ladies Suede Slippers","725","Shoe Size - 7","0","108","46.9","0"
"6080-0408-41SBL-661","558","Ladies Suede Slippers","726","Shoe Size - 8","1","108","46.9","0"
"6080-0408-41SBL-661","558","Ladies Suede Slippers","727","Shoe Size - 9","1","108","46.9","0"
"6080-0408-41SBL-661","558","Ladies Suede Slippers","728","Shoe Size - 10","0","108","46.9","0"
"6080-0408-41SBL-661","558","Ladies Suede Slippers","729","Shoe Size - 11","0","108","46.9","0"
"6080-0408-41SBL-661","558","Ladies Suede Slippers","730","Shoe Size - 12","1","108","46.9","45.5"
"6080-0408-41SBL-661","558","Ladies Suede Slippers","731","Shoe Size - 4","0","108","46.9","0"
"6080-0408-41FG-669","561","Ladies Suede Slippers","751","Shoe Size - 6","0","108","46.9","0"
"6080-0408-41FG-669","561","Ladies Suede Slippers","756","Shoe Size - 11","0","108","46.9","0"
"6080-0408-41FG-669","561","Ladies Suede Slippers","7114","Shoe Size - 4","0","108","46.9","0"
"6080-0408-41FG-669","561","Ladies Suede Slippers","7115","Shoe Size - 5","1","108","46.9","0"
"6080-0408-41FG-669","561","Ladies Suede Slippers","7116","Shoe Size - 7","1","108","46.9","0"
"6080-0408-41FG-669","561","Ladies Suede Slippers","7117","Shoe Size - 12","0","108","46.9","0"
"6080-0408-41FG-669","561","Ladies Suede Slippers","7118","Shoe Size - 8","1","108","46.9","0"
"6080-0408-41FG-669","561","Ladies Suede Slippers","7119","Shoe Size - 9","1","108","46.9","0"
"6080-0408-41FG-669","561","Ladies Suede Slippers","7120","Shoe Size - 10","0","108","46.9","0"
"6080-0408-41NA-671NA","562","Ladies Leather Slippers","762","Shoe Size - 8","0","157","68.2","0"
"6080-0408-41NA-671NA","562","Ladies Leather Slippers","7121","Shoe Size - 12","0","157","68.2","0"
"6080-0408-41NA-671NA","562","Ladies Leather Slippers","7122","Shoe Size - 4","0","157","68.2","0"
"6080-0408-41NA-671NA","562","Ladies Leather Slippers","7123","Shoe Size - 5","0","157","68.2","0"
"6080-0408-41NA-671NA","562","Ladies Leather Slippers","7124","Shoe Size - 6","0","157","68.2","0"
"6080-0408-41NA-671NA","562","Ladies Leather Slippers","7125","Shoe Size - 7","0","157","68.2","0"
"6080-0408-41NA-671NA","562","Ladies Leather Slippers","7126","Shoe Size - 9","0","157","68.2","0"
"6080-0408-41NA-671NA","562","Ladies Leather Slippers","7127","Shoe Size - 10","0","157","68.2","0"
"6080-0408-41NA-671NA","562","Ladies Leather Slippers","7128","Shoe Size - 11","0","157","68.2","0"
"6080-0408-41CK-671CK","563","Ladies Leather Slippers","768","Shoe Size - 5","0","157","68.2","0"
"6080-0408-41CK-671CK","563","Ladies Leather Slippers","769","Shoe Size - 6","0","157","68.2","0"
"6080-0408-41CK-671CK","563","Ladies Leather Slippers","770","Shoe Size - 7","0","157","68.2","0"
"6080-0408-41CK-671CK","563","Ladies Leather Slippers","771","Shoe Size - 8","0","157","68.2","0"
"6080-0408-41CK-671CK","563","Ladies Leather Slippers","772","Shoe Size - 9","0","157","68.2","0"
"6080-0408-41CK-671CK","563","Ladies Leather Slippers","773","Shoe Size - 10","0","157","68.2","0"
"6080-0408-41CK-671CK","563","Ladies Leather Slippers","774","Shoe Size - 11","0","157","68.2","0"
"6080-0408-41CK-671CK","563","Ladies Leather Slippers","775","Shoe Size - 12","0","157","68.2","0"
"6080-0408-41CK-671CK","563","Ladies Leather Slippers","776","Shoe Size - 4","0","157","68.2","0"
"6080-0408-41CHO-673","564","Ladies Suede Slippers","777","Shoe Size - 5","0","108","46.9","0"
"6080-0408-41CHO-673","564","Ladies Suede Slippers","778","Shoe Size - 6","0","108","46.9","0"
"6080-0408-41CHO-673","564","Ladies Suede Slippers","779","Shoe Size - 7","0","108","46.9","0"
"6080-0408-41CHO-673","564","Ladies Suede Slippers","780","Shoe Size - 8","0","108","46.9","0"
"6080-0408-41CHO-673","564","Ladies Suede Slippers","781","Shoe Size - 9","1","108","46.9","0"
"6080-0408-41CHO-673","564","Ladies Suede Slippers","782","Shoe Size - 10","0","108","46.9","0"
"6080-0408-41CHO-673","564","Ladies Suede Slippers","783","Shoe Size - 11","0","108","46.9","0"
"6080-0408-41CHO-673","564","Ladies Suede Slippers","784","Shoe Size - 12","0","108","46.9","0"
"6080-0408-41CHO-673","564","Ladies Suede Slippers","785","Shoe Size - 4","0","108","46.9","0"
"6080-0408-41MO-677","565","Ladies Suede Slippers","786","Shoe Size - 5","0","108","46.9","0"
"6080-0408-41MO-677","565","Ladies Suede Slippers","787","Shoe Size - 6","0","108","46.9","0"
"6080-0408-41MO-677","565","Ladies Suede Slippers","788","Shoe Size - 7","0","108","46.9","0"
"6080-0408-41MO-677","565","Ladies Suede Slippers","789","Shoe Size - 8","0","108","46.9","0"
"6080-0408-41MO-677","565","Ladies Suede Slippers","790","Shoe Size - 9","0","108","46.9","0"
"6080-0408-41MO-677","565","Ladies Suede Slippers","791","Shoe Size - 10","0","108","46.9","0"
"6080-0408-41MO-677","565","Ladies Suede Slippers","792","Shoe Size - 11","0","108","46.9","0"
"6080-0408-41MO-677","565","Ladies Suede Slippers","793","Shoe Size - 12","0","108","46.9","0"
"6080-0408-41MO-677","565","Ladies Suede Slippers","794","Shoe Size - 4","0","108","46.9","0"
"6080-0408-41FU-698","569","Ladies Suede Slippers","822","Shoe Size - 5","0","108","46.9","0"
"6080-0408-41FU-698","569","Ladies Suede Slippers","823","Shoe Size - 6","0","108","46.9","0"
"6080-0408-41FU-698","569","Ladies Suede Slippers","824","Shoe Size - 7","0","108","46.9","0"
"6080-0408-41FU-698","569","Ladies Suede Slippers","825","Shoe Size - 8","0","108","46.9","0"
"6080-0408-41FU-698","569","Ladies Suede Slippers","826","Shoe Size - 9","0","108","46.9","0"
"6080-0408-41FU-698","569","Ladies Suede Slippers","827","Shoe Size - 10","0","108","46.9","0"
"6080-0408-41FU-698","569","Ladies Suede Slippers","828","Shoe Size - 11","0","108","46.9","0"
"6080-0408-41FU-698","569","Ladies Suede Slippers","829","Shoe Size - 12","0","108","46.9","0"
"6080-0408-41FU-698","569","Ladies Suede Slippers","830","Shoe Size - 4","1","108","46.9","0"
"6080-0408-41TO-755TO","571","Ladies Suede Slippers","840","Shoe Size - 5","0","108","46.9","0"
"6080-0408-41TO-755TO","571","Ladies Suede Slippers","841","Shoe Size - 6","0","108","46.9","0"
"6080-0408-41TO-755TO","571","Ladies Suede Slippers","842","Shoe Size - 7","0","108","46.9","0"
"6080-0408-41TO-755TO","571","Ladies Suede Slippers","843","Shoe Size - 8","0","108","46.9","0"
"6080-0408-41TO-755TO","571","Ladies Suede Slippers","844","Shoe Size - 9","0","108","46.9","0"
"6080-0408-41TO-755TO","571","Ladies Suede Slippers","845","Shoe Size - 10","0","108","46.9","0"
"6080-0408-41TO-755TO","571","Ladies Suede Slippers","846","Shoe Size - 11","0","108","46.9","0"
"6080-0408-41TO-755TO","571","Ladies Suede Slippers","847","Shoe Size - 12","0","108","46.9","0"
"6080-0408-41TO-755TO","571","Ladies Suede Slippers","848","Shoe Size - 4","0","108","46.9","0"
"6080-0408-41BLPL-6531","572","Ladies Suede Slippers","854","Shoe Size - 10","1","108","46.9","0"
"6080-0408-41BLPL-6531","572","Ladies Suede Slippers","7129","Shoe Size - 12","0","108","46.9","0"
"6080-0408-41BLPL-6531","572","Ladies Suede Slippers","7130","Shoe Size - 4","0","108","46.9","0"
"6080-0408-41BLPL-6531","572","Ladies Suede Slippers","7131","Shoe Size - 5","0","108","46.9","0"
"6080-0408-41BLPL-6531","572","Ladies Suede Slippers","7132","Shoe Size - 6","1","108","46.9","0"
"6080-0408-41BLPL-6531","572","Ladies Suede Slippers","7133","Shoe Size - 7","1","108","46.9","0"
"6080-0408-41BLPL-6531","572","Ladies Suede Slippers","7134","Shoe Size - 8","1","108","46.9","0"
"6080-0408-41BLPL-6531","572","Ladies Suede Slippers","7135","Shoe Size - 9","1","108","46.9","0"
"6080-0408-41BLPL-6531","572","Ladies Suede Slippers","7136","Shoe Size - 11","0","108","46.9","0"
"6080-0408-REBL-6541","573","Ladies Suede Slippers","864","Shoe Size - 11","0","108","46.9","0"
"6080-0408-REBL-6541","573","Ladies Suede Slippers","7146","Shoe Size - 12","0","108","46.9","0"
"6080-0408-REBL-6541","573","Ladies Suede Slippers","7147","Shoe Size - 4","0","108","46.9","0"
"6080-0408-REBL-6541","573","Ladies Suede Slippers","7148","Shoe Size - 5","0","108","46.9","0"
"6080-0408-REBL-6541","573","Ladies Suede Slippers","7149","Shoe Size - 6","1","108","46.9","0"
"6080-0408-REBL-6541","573","Ladies Suede Slippers","7150","Shoe Size - 7","1","108","46.9","0"
"6080-0408-REBL-6541","573","Ladies Suede Slippers","7151","Shoe Size - 8","1","108","46.9","0"
"6080-0408-REBL-6541","573","Ladies Suede Slippers","7152","Shoe Size - 9","1","108","46.9","0"
"6080-0408-REBL-6541","573","Ladies Suede Slippers","7153","Shoe Size - 10","0","108","46.9","0"
"6080-0408-41GRBL-6601","575","Ladies Suede Slippers","878","Shoe Size - 7","1","108","46.9","0"
"6080-0408-41GRBL-6601","575","Ladies Suede Slippers","7154","Shoe Size - 12","0","108","46.9","0"
"6080-0408-41GRBL-6601","575","Ladies Suede Slippers","7155","Shoe Size - 4","0","108","46.9","0"
"6080-0408-41GRBL-6601","575","Ladies Suede Slippers","7156","Shoe Size - 5","0","108","46.9","0"
"6080-0408-41GRBL-6601","575","Ladies Suede Slippers","7157","Shoe Size - 6","1","108","46.9","0"
"6080-0408-41GRBL-6601","575","Ladies Suede Slippers","7158","Shoe Size - 8","1","108","46.9","0"
"6080-0408-41GRBL-6601","575","Ladies Suede Slippers","7159","Shoe Size - 9","1","108","46.9","0"
"6080-0408-41GRBL-6601","575","Ladies Suede Slippers","7160","Shoe Size - 10","0","108","46.9","0"
"6080-0408-41GRBL-6601","575","Ladies Suede Slippers","7161","Shoe Size - 11","1","108","46.9","0"
"6080-0408-41CHOBL-6733","576","Ladies Suede Slippers","885","Shoe Size - 5","0","108","46.9","0"
"6080-0408-41CHOBL-6733","576","Ladies Suede Slippers","886","Shoe Size - 6","1","108","46.9","0"
"6080-0408-41CHOBL-6733","576","Ladies Suede Slippers","887","Shoe Size - 7","1","108","46.9","0"
"6080-0408-41CHOBL-6733","576","Ladies Suede Slippers","888","Shoe Size - 8","1","108","46.9","0"
"6080-0408-41CHOBL-6733","576","Ladies Suede Slippers","889","Shoe Size - 9","1","108","46.9","0"
"6080-0408-41CHOBL-6733","576","Ladies Suede Slippers","890","Shoe Size - 10","0","108","46.9","0"
"6080-0408-41CHOBL-6733","576","Ladies Suede Slippers","891","Shoe Size - 11","0","108","46.9","0"
"6080-0408-41CHOBL-6733","576","Ladies Suede Slippers","892","Shoe Size - 12","0","108","46.9","0"
"6080-0408-41CHOBL-6733","576","Ladies Suede Slippers","893","Shoe Size - 4","0","108","46.9","0"
"6080-0408-41MOCHO-6773","577","Ladies Suede Slippers","894","Shoe Size - 5","0","108","46.9","0"
"6080-0408-41MOCHO-6773","577","Ladies Suede Slippers","895","Shoe Size - 6","1","108","46.9","0"
"6080-0408-41MOCHO-6773","577","Ladies Suede Slippers","896","Shoe Size - 7","1","108","46.9","0"
"6080-0408-41MOCHO-6773","577","Ladies Suede Slippers","897","Shoe Size - 8","1","108","46.9","0"
"6080-0408-41MOCHO-6773","577","Ladies Suede Slippers","898","Shoe Size - 9","1","108","46.9","0"
"6080-0408-41MOCHO-6773","577","Ladies Suede Slippers","899","Shoe Size - 10","0","108","46.9","0"
"6080-0408-41MOCHO-6773","577","Ladies Suede Slippers","900","Shoe Size - 11","0","108","46.9","0"
"6080-0408-41MOCHO-6773","577","Ladies Suede Slippers","901","Shoe Size - 12","0","108","46.9","0"
"6080-0408-41MOCHO-6773","577","Ladies Suede Slippers","902","Shoe Size - 4","0","108","46.9","0"
"6080-0408-41TUCHO-69773","579","Ladies Suede Slippers","912","Shoe Size - 5","0","108","46.9","0"
"6080-0408-41TUCHO-69773","579","Ladies Suede Slippers","913","Shoe Size - 6","0","108","46.9","0"
"6080-0408-41TUCHO-69773","579","Ladies Suede Slippers","914","Shoe Size - 7","0","108","46.9","0"
"6080-0408-41TUCHO-69773","579","Ladies Suede Slippers","915","Shoe Size - 8","0","108","46.9","0"
"6080-0408-41TUCHO-69773","579","Ladies Suede Slippers","916","Shoe Size - 9","0","108","46.9","0"
"6080-0408-41TUCHO-69773","579","Ladies Suede Slippers","917","Shoe Size - 10","0","108","46.9","0"
"6080-0408-41TUCHO-69773","579","Ladies Suede Slippers","918","Shoe Size - 11","0","108","46.9","0"
"6080-0408-41TUCHO-69773","579","Ladies Suede Slippers","919","Shoe Size - 12","0","108","46.9","0"
"6080-0408-41TUCHO-69773","579","Ladies Suede Slippers","920","Shoe Size - 4","0","108","46.9","0"
"6080-0408-12BU-12600BU","581","Suede slippers with sole","930","Shoe Size - 4","0","132","57.3","0"
"6080-0408-12BU-12600BU","581","Suede slippers with sole","931","Shoe Size - 5","0","132","57.3","0"
"6080-0408-12BU-12600BU","581","Suede slippers with sole","932","Shoe Size - 6","0","132","57.3","0"
"6080-0408-12BU-12600BU","581","Suede slippers with sole","933","Shoe Size - 7","0","132","57.3","0"
"6080-0408-12BU-12600BU","581","Suede slippers with sole","934","Shoe Size - 8","0","132","57.3","0"
"6080-0408-12BU-12600BU","581","Suede slippers with sole","935","Shoe Size - 9","1","132","57.3","0"
"6080-0408-12BU-12600BU","581","Suede slippers with sole","936","Shoe Size - 10","0","132","57.3","0"
"6080-0408-12BU-12600BU","581","Suede slippers with sole","937","Shoe Size - 11","0","132","57.3","0"
"6080-0408-12BU-12600BU","581","Suede slippers with sole","938","Shoe Size - 12","0","132","57.3","0"
"6080-0408-12BL-12653","582","Suede Slippers with sole","939","Shoe Size - 5","0","132","57.3","0"
"6080-0408-12BL-12653","582","Suede Slippers with sole","940","Shoe Size - 6","0","132","57.3","0"
"6080-0408-12BL-12653","582","Suede Slippers with sole","941","Shoe Size - 7","0","132","57.3","0"
"6080-0408-12BL-12653","582","Suede Slippers with sole","942","Shoe Size - 8","0","132","57.3","0"
"6080-0408-12BL-12653","582","Suede Slippers with sole","943","Shoe Size - 9","0","132","57.3","0"
"6080-0408-12BL-12653","582","Suede Slippers with sole","944","Shoe Size - 10","0","132","57.3","0"
"6080-0408-12BL-12653","582","Suede Slippers with sole","945","Shoe Size - 11","0","132","57.3","0"
"6080-0408-12BL-12653","582","Suede Slippers with sole","946","Shoe Size - 12","0","132","57.3","0"
"6080-0408-12BL-12653","582","Suede Slippers with sole","947","Shoe Size - 4","0","132","57.3","0"
"6080-0408-12NB-12658","583","Suede Slippers with sole","949","Shoe Size - 6","1","132","57.3","0"
"6080-0408-12NB-12658","583","Suede Slippers with sole","954","Shoe Size - 11","0","132","57.3","0"
"6080-0408-12NB-12658","583","Suede Slippers with sole","7162","Shoe Size - 12","0","132","57.3","0"
"6080-0408-12NB-12658","583","Suede Slippers with sole","7163","Shoe Size - 4","0","132","57.3","0"
"6080-0408-12NB-12658","583","Suede Slippers with sole","7164","Shoe Size - 5","0","132","57.3","0"
"6080-0408-12NB-12658","583","Suede Slippers with sole","7165","Shoe Size - 7","0","132","57.3","0"
"6080-0408-12NB-12658","583","Suede Slippers with sole","7166","Shoe Size - 8","1","132","57.3","0"
"6080-0408-12NB-12658","583","Suede Slippers with sole","7167","Shoe Size - 9","0","132","57.3","0"
"6080-0408-12NB-12658","583","Suede Slippers with sole","7168","Shoe Size - 10","0","132","57.3","0"
"6080-0408-13GR-13660","584","Suede Slippers with sole","964","Shoe Size - 12","0","132","57.3","0"
"6080-0408-13GR-13660","584","Suede Slippers with sole","7169","Shoe Size - 4","1","132","57.3","0"
"6080-0408-13GR-13660","584","Suede Slippers with sole","7170","Shoe Size - 5","0","132","57.3","0"
"6080-0408-13GR-13660","584","Suede Slippers with sole","7171","Shoe Size - 8","0","132","57.3","0"
"6080-0408-13GR-13660","584","Suede Slippers with sole","7172","Shoe Size - 7","0","132","57.3","0"
"6080-0408-13GR-13660","584","Suede Slippers with sole","7173","Shoe Size - 6","0","132","57.3","0"
"6080-0408-13GR-13660","584","Suede Slippers with sole","7174","Shoe Size - 10","0","132","57.3","0"
"6080-0408-13GR-13660","584","Suede Slippers with sole","7175","Shoe Size - 9","0","132","57.3","0"
"6080-0408-13GR-13660","584","Suede Slippers with sole","7176","Shoe Size - 11","0","132","57.3","0"
"6080-0408-13CHO-13673","585","Suede Slippers with sole","966","Shoe Size - 5","0","132","57.3","57"
"6080-0408-13CHO-13673","585","Suede Slippers with sole","967","Shoe Size - 6","1","132","57.3","57"
"6080-0408-13CHO-13673","585","Suede Slippers with sole","968","Shoe Size - 7","1","132","57.3","57"
"6080-0408-13CHO-13673","585","Suede Slippers with sole","969","Shoe Size - 8","2","132","57.3","57"
"6080-0408-13CHO-13673","585","Suede Slippers with sole","970","Shoe Size - 9","0","132","57.3","57"
"6080-0408-13CHO-13673","585","Suede Slippers with sole","971","Shoe Size - 10","1","132","57.3","57"
"6080-0408-13CHO-13673","585","Suede Slippers with sole","972","Shoe Size - 11","0","132","57.3","57"
"6080-0408-13CHO-13673","585","Suede Slippers with sole","973","Shoe Size - 12","0","132","57.3","57"
"6080-0408-13CHO-13673","585","Suede Slippers with sole","974","Shoe Size - 4","0","132","57.3","57"
"6080-0408-13MO-13677","586","Suede Slippers with sole","975","Shoe Size - 5","0","132","57.3","0"
"6080-0408-13MO-13677","586","Suede Slippers with sole","976","Shoe Size - 6","0","132","57.3","0"
"6080-0408-13MO-13677","586","Suede Slippers with sole","977","Shoe Size - 7","0","132","57.3","0"
"6080-0408-13MO-13677","586","Suede Slippers with sole","978","Shoe Size - 8","0","132","57.3","0"
"6080-0408-13MO-13677","586","Suede Slippers with sole","979","Shoe Size - 9","0","132","57.3","0"
"6080-0408-13MO-13677","586","Suede Slippers with sole","980","Shoe Size - 10","0","132","57.3","0"
"6080-0408-13MO-13677","586","Suede Slippers with sole","981","Shoe Size - 11","0","132","57.3","0"
"6080-0408-13MO-13677","586","Suede Slippers with sole","982","Shoe Size - 12","0","132","57.3","0"
"6080-0408-13MO-13677","586","Suede Slippers with sole","983","Shoe Size - 4","0","132","57.3","0"
"6080-0408-13MT-13695","587","Suede Slippers with sole","984","Shoe Size - 5","0","132","57.3","0"
"6080-0408-13MT-13695","587","Suede Slippers with sole","985","Shoe Size - 6","0","132","57.3","0"
"6080-0408-13MT-13695","587","Suede Slippers with sole","986","Shoe Size - 7","0","132","57.3","0"
"6080-0408-13MT-13695","587","Suede Slippers with sole","987","Shoe Size - 8","0","132","57.3","0"
"6080-0408-13MT-13695","587","Suede Slippers with sole","988","Shoe Size - 9","0","132","57.3","0"
"6080-0408-13MT-13695","587","Suede Slippers with sole","989","Shoe Size - 10","0","132","57.3","0"
"6080-0408-13MT-13695","587","Suede Slippers with sole","990","Shoe Size - 11","0","132","57.3","0"
"6080-0408-13MT-13695","587","Suede Slippers with sole","991","Shoe Size - 12","0","132","57.3","0"
"6080-0408-13MT-13695","587","Suede Slippers with sole","992","Shoe Size - 4","0","132","57.3","0"
"142","1021","Suede Moccasins for Women","2520","Shoe Size - 10","0","87","37.5","0"
"142","1021","Suede Moccasins for Women","2521","Shoe Size - 9","0","87","37.5","0"
"142","1021","Suede Moccasins for Women","2522","Shoe Size - 8","0","87","37.5","0"
"142","1021","Suede Moccasins for Women","2523","Shoe Size - 7","0","87","37.5","0"
"142","1021","Suede Moccasins for Women","2524","Shoe Size - 6","0","87","37.5","0"
"142","1021","Suede Moccasins for Women","2538","Shoe Size - 4","0","87","37.5","0"
"142","1021","Suede Moccasins for Women","2539","Shoe Size - 5","0","87","37.5","0"
"188","1024","Leather Moccasins for Women","2556","Shoe Size - 10","0","89","0","0"
"188","1024","Leather Moccasins for Women","2557","Shoe Size - 6","0","89","0","0"
"188","1024","Leather Moccasins for Women","2558","Shoe Size - 7","0","89","0","0"
"188","1024","Leather Moccasins for Women","2559","Shoe Size - 8","0","89","0","0"
"188","1024","Leather Moccasins for Women","2560","Shoe Size - 9","0","89","0","0"
"188","1024","Leather Moccasins for Women","2564","Shoe Size - 4","0","89","0","0"
"188","1024","Leather Moccasins for Women","2565","Shoe Size - 5","0","89","0","0"
"193","1025","Leather Moccasins for Women","2572","Shoe Size - 10","0","106","46","0"
"193","1025","Leather Moccasins for Women","2573","Shoe Size - 6","0","106","46","0"
"193","1025","Leather Moccasins for Women","2574","Shoe Size - 7","0","106","46","0"
"193","1025","Leather Moccasins for Women","2575","Shoe Size - 8","0","106","46","0"
"193","1025","Leather Moccasins for Women","2576","Shoe Size - 9","0","106","46","0"
"193","1025","Leather Moccasins for Women","7194","Shoe Size - 4","0","106","46","0"
"193","1025","Leather Moccasins for Women","7195","Shoe Size - 5","0","106","46","0"
"189","1026","Leather Moccasins for Women","2585","Shoe Size - 6","0","114","49","0"
"189","1026","Leather Moccasins for Women","2586","Shoe Size - 7","0","114","49","0"
"189","1026","Leather Moccasins for Women","2587","Shoe Size - 8","0","114","49","0"
"189","1026","Leather Moccasins for Women","2588","Shoe Size - 9","0","114","49","0"
"189","1026","Leather Moccasins for Women","2592","Shoe Size - 4","0","114","49","0"
"189","1026","Leather Moccasins for Women","2593","Shoe Size - 5","0","114","49","0"
"189","1026","Leather Moccasins for Women","7900","Shoe Size - 10","0","114","49","0"
"186","1027","Leather Moccasins for Women","2596","Shoe Size - 10","0","89","0","0"
"186","1027","Leather Moccasins for Women","2597","Shoe Size - 6","0","89","0","0"
"186","1027","Leather Moccasins for Women","2598","Shoe Size - 7","0","89","0","0"
"186","1027","Leather Moccasins for Women","2599","Shoe Size - 8","0","89","0","0"
"186","1027","Leather Moccasins for Women","2600","Shoe Size - 9","0","89","0","0"
"186","1027","Leather Moccasins for Women","2604","Shoe Size - 4","0","89","0","0"
"186","1027","Leather Moccasins for Women","2605","Shoe Size - 5","0","89","0","0"
"197","1028","Suede Moccasins for Women","2609","Shoe Size - 7","0","97","42","0"
"197","1028","Suede Moccasins for Women","2610","Shoe Size - 6","0","97","42","0"
"197","1028","Suede Moccasins for Women","2611","Shoe Size - 8","0","97","42","0"
"197","1028","Suede Moccasins for Women","2612","Shoe Size - 9","0","97","42","0"
"197","1028","Suede Moccasins for Women","2615","Shoe Size - 10","0","97","42","0"
"197","1028","Suede Moccasins for Women","2616","Shoe Size - 4","0","97","42","0"
"197","1028","Suede Moccasins for Women","2617","Shoe Size - 5","0","97","42","0"
"404","1031","Suede Moccasins for Women","2633","Shoe Size - 5","3","135","61.5","0"
"404","1031","Suede Moccasins for Women","2635","Shoe Size - 7","2","135","61.5","0"
"404","1031","Suede Moccasins for Women","2637","Shoe Size - 9","2","135","61.5","0"
"404","1031","Suede Moccasins for Women","2638","Shoe Size - 10","1","135","61.5","0"
"404","1031","Suede Moccasins for Women","7196","Shoe Size - 4","2","135","61.5","0"
"404","1031","Suede Moccasins for Women","7197","Shoe Size - 6","2","135","61.5","0"
"404","1031","Suede Moccasins for Women","7198","Shoe Size - 8","2","135","61.5","0"
"240","1032","Suede Moccasins for Women","2639","Shoe Size - 5","0","146","63.5","0"
"240","1032","Suede Moccasins for Women","2640","Shoe Size - 6","0","146","63.5","0"
"240","1032","Suede Moccasins for Women","2641","Shoe Size - 7","0","146","63.5","0"
"240","1032","Suede Moccasins for Women","2642","Shoe Size - 8","0","146","63.5","0"
"240","1032","Suede Moccasins for Women","2643","Shoe Size - 9","0","146","63.5","0"
"240","1032","Suede Moccasins for Women","2644","Shoe Size - 10","0","146","63.5","0"
"240","1032","Suede Moccasins for Women","2645","Shoe Size - 4","1","146","63.5","0"
"X242","1033","Suede Moccasins for Women","2646","Shoe Size - 5","0","146","63.5","0"
"X242","1033","Suede Moccasins for Women","2647","Shoe Size - 6","0","146","63.5","0"
"X242","1033","Suede Moccasins for Women","2648","Shoe Size - 7","0","146","63.5","0"
"X242","1033","Suede Moccasins for Women","2649","Shoe Size - 8","0","146","63.5","0"
"X242","1033","Suede Moccasins for Women","2650","Shoe Size - 9","0","146","63.5","0"
"X242","1033","Suede Moccasins for Women","2651","Shoe Size - 10","0","146","63.5","0"
"X242","1033","Suede Moccasins for Women","2652","Shoe Size - 4","0","146","63.5","0"
"402","1034","Suede Moccasins for Women","7041","Shoe Size - 6","0","61","36.5","0"
"402","1034","Suede Moccasins for Women","7042","Shoe Size - 7","1","61","36.5","0"
"402","1034","Suede Moccasins for Women","7043","Shoe Size - 8","0","61","36.5","0"
"402","1034","Suede Moccasins for Women","7044","Shoe Size - 9","0","61","36.5","0"
"402","1034","Suede Moccasins for Women","7045","Shoe Size - 10","0","61","36.5","0"
"402","1034","Suede Moccasins for Women","7199","Shoe Size - 4","0","61","36.5","0"
"402","1034","Suede Moccasins for Women","7200","Shoe Size - 5","1","61","36.5","0"
"842","1038","Suede Moccasins for Women","2694","Shoe Size - 5","0","114","63.5","0"
"842","1038","Suede Moccasins for Women","2695","Shoe Size - 6","1","114","63.5","0"
"842","1038","Suede Moccasins for Women","2696","Shoe Size - 7","0","114","63.5","0"
"842","1038","Suede Moccasins for Women","2697","Shoe Size - 8","0","114","63.5","0"
"842","1038","Suede Moccasins for Women","2698","Shoe Size - 9","0","114","63.5","0"
"842","1038","Suede Moccasins for Women","2699","Shoe Size - 10","1","114","63.5","0"
"842","1038","Suede Moccasins for Women","2700","Shoe Size - 4","0","114","63.5","0"
"542","1039","Suede Moccasins for Women","2705","Shoe Size - 9","0","146","63.5","0"
"542","1039","Suede Moccasins for Women","2706","Shoe Size - 10","0","146","63.5","0"
"542","1039","Suede Moccasins for Women","7201","Shoe Size - 4","0","146","63.5","0"
"542","1039","Suede Moccasins for Women","7202","Shoe Size - 5","0","146","63.5","0"
"542","1039","Suede Moccasins for Women","7203","Shoe Size - 6","0","146","63.5","0"
"542","1039","Suede Moccasins for Women","7204","Shoe Size - 7","0","146","63.5","0"
"542","1039","Suede Moccasins for Women","7205","Shoe Size - 8","0","146","63.5","0"
"642","1040","Suede Moccasins for Women","2708","Shoe Size - 5","0","146","63.5","0"
"642","1040","Suede Moccasins for Women","2711","Shoe Size - 8","0","146","63.5","0"
"642","1040","Suede Moccasins for Women","2712","Shoe Size - 9","0","146","63.5","0"
"642","1040","Suede Moccasins for Women","7206","Shoe Size - 4","0","146","63.5","0"
"642","1040","Suede Moccasins for Women","7207","Shoe Size - 6","0","146","63.5","0"
"642","1040","Suede Moccasins for Women","7208","Shoe Size - 7","0","146","63.5","0"
"642","1040","Suede Moccasins for Women","7209","Shoe Size - 10","0","146","63.5","0"
"B468","1041","Leather Moccasins for Women","2715","Shoe Size - 6","0","145","63","0"
"B468","1041","Leather Moccasins for Women","2716","Shoe Size - 7","0","145","63","0"
"B468","1041","Leather Moccasins for Women","2717","Shoe Size - 8","0","145","63","0"
"B468","1041","Leather Moccasins for Women","2718","Shoe Size - 9","0","145","63","0"
"B468","1041","Leather Moccasins for Women","2719","Shoe Size - 4","0","145","63","0"
"B468","1041","Leather Moccasins for Women","2720","Shoe Size - 5","0","145","63","0"
"B468","1041","Leather Moccasins for Women","2721","Shoe Size - 10","0","145","63","0"
"4890","1042","Leather Moccasins for Women","2722","Shoe Size - 6","2","120","60","0"
"4890","1042","Leather Moccasins for Women","2723","Shoe Size - 7","8","120","60","0"
"4890","1042","Leather Moccasins for Women","2724","Shoe Size - 8","7","120","60","0"
"4890","1042","Leather Moccasins for Women","2725","Shoe Size - 9","11","120","60","0"
"4890","1042","Leather Moccasins for Women","2726","Shoe Size - 4","7","120","60","0"
"4890","1042","Leather Moccasins for Women","2728","Shoe Size - 10","9","120","60","0"
"4890","1042","Leather Moccasins for Women","7210","Shoe Size - 5","8","120","60","0"
"B489","1045","Leather Moccasins for Women","2761","Shoe Size - 4","3","98","53","0"
"B489","1045","Leather Moccasins for Women","2763","Shoe Size - 6","0","98","53","0"
"B489","1045","Leather Moccasins for Women","2764","Shoe Size - 7","8","98","53","0"
"B489","1045","Leather Moccasins for Women","2765","Shoe Size - 8","4","98","53","0"
"B489","1045","Leather Moccasins for Women","2766","Shoe Size - 9","5","98","53","0"
"B489","1045","Leather Moccasins for Women","2767","Shoe Size - 10","4","98","53","0"
"B489","1045","Leather Moccasins for Women","7220","Shoe Size - 5","6","98","53","0"
"204","1053","Suede Moccasins for Women","2809","Shoe Size - 5","0","150","65","0"
"204","1053","Suede Moccasins for Women","2810","Shoe Size - 6","0","150","65","0"
"204","1053","Suede Moccasins for Women","2811","Shoe Size - 7","0","150","65","0"
"204","1053","Suede Moccasins for Women","2812","Shoe Size - 8","0","150","65","0"
"204","1053","Suede Moccasins for Women","2813","Shoe Size - 9","0","150","65","0"
"204","1053","Suede Moccasins for Women","2814","Shoe Size - 10","0","150","65","0"
"204","1053","Suede Moccasins for Women","2815","Shoe Size - 4","0","150","65","0"
"304","1054","Suede Moccasins for Women","2816","Shoe Size - 5","0","150","65","0"
"304","1054","Suede Moccasins for Women","2817","Shoe Size - 6","0","150","65","0"
"304","1054","Suede Moccasins for Women","2818","Shoe Size - 7","0","150","65","0"
"304","1054","Suede Moccasins for Women","2819","Shoe Size - 8","0","150","65","0"
"304","1054","Suede Moccasins for Women","2820","Shoe Size - 9","0","150","65","0"
"304","1054","Suede Moccasins for Women","2821","Shoe Size - 10","0","150","65","0"
"304","1054","Suede Moccasins for Women","2822","Shoe Size - 4","0","150","65","0"
"804","1055","Suede Moccasins for Women","2823","Shoe Size - 5","0","150","65","0"
"804","1055","Suede Moccasins for Women","2824","Shoe Size - 6","0","150","65","0"
"804","1055","Suede Moccasins for Women","2825","Shoe Size - 7","0","150","65","0"
"804","1055","Suede Moccasins for Women","2826","Shoe Size - 8","0","150","65","0"
"804","1055","Suede Moccasins for Women","2827","Shoe Size - 9","0","150","65","0"
"804","1055","Suede Moccasins for Women","2828","Shoe Size - 10","0","150","65","0"
"804","1055","Suede Moccasins for Women","2829","Shoe Size - 4","0","150","65","0"
"150CR","1076","Ballerina Slippers","3378","Shoe Size - 5","3","115","57.75","0"
"150CR","1076","Ballerina Slippers","3382","Shoe Size - 9","4","115","57.75","0"
"150CR","1076","Ballerina Slippers","3383","Shoe Size - 10","4","115","57.75","0"
"150CR","1076","Ballerina Slippers","7224","Shoe Size - 6","2","115","57.75","0"
"150CR","1076","Ballerina Slippers","7225","Shoe Size - 7","0","115","57.75","0"
"150CR","1076","Ballerina Slippers","7226","Shoe Size - 8","2","115","57.75","0"
"150CR","1076","Ballerina Slippers","9579","Shoe Size - 11","0","115","57.75","0"
"150CR","1076","Ballerina Slippers","9580","Shoe Size - 12","0","115","57.75","0"
"150BL","1078","Ballerina Slippers","3396","Shoe Size - 5","4","115","57.75","0"
"150BL","1078","Ballerina Slippers","3401","Shoe Size - 10","1","115","57.75","0"
"150BL","1078","Ballerina Slippers","7227","Shoe Size - 6","1","115","57.75","0"
"150BL","1078","Ballerina Slippers","7228","Shoe Size - 7","3","115","57.75","0"
"150BL","1078","Ballerina Slippers","7229","Shoe Size - 8","0","115","57.75","0"
"150BL","1078","Ballerina Slippers","7230","Shoe Size - 9","2","115","57.75","0"
"150BL","1078","Ballerina Slippers","9271","Shoe Size - 11","1","115","57.75","0"
"150BL","1078","Ballerina Slippers","9272","Shoe Size - 12","2","115","57.75","0"
"150BR","1079","Ballerina Slippers","3408","Shoe Size - 5","2","115","57.75","0"
"150BR","1079","Ballerina Slippers","3413","Shoe Size - 10","2","115","57.75","0"
"150BR","1079","Ballerina Slippers","7231","Shoe Size - 6","2","115","57.75","0"
"150BR","1079","Ballerina Slippers","7232","Shoe Size - 7","0","115","57.75","0"
"150BR","1079","Ballerina Slippers","7233","Shoe Size - 8","0","115","57.75","0"
"150BR","1079","Ballerina Slippers","7234","Shoe Size - 9","2","115","57.75","0"
"150BR","1079","Ballerina Slippers","9581","Shoe Size - 11","0","115","57.75","0"
"150BR","1079","Ballerina Slippers","9582","Shoe Size - 12","0","115","57.75","0"
"150P","1080","Ballerina Slippers","3421","Shoe Size - 6","1","115","57.75","0"
"150P","1080","Ballerina Slippers","7235","Shoe Size - 5","0","115","57.75","0"
"150P","1080","Ballerina Slippers","7236","Shoe Size - 7","0","115","57.75","0"
"150P","1080","Ballerina Slippers","7237","Shoe Size - 8","0","115","57.75","0"
"150P","1080","Ballerina Slippers","7238","Shoe Size - 9","0","115","57.75","0"
"150P","1080","Ballerina Slippers","7239","Shoe Size - 10","0","115","57.75","0"
"150P","1080","Ballerina Slippers","9583","Shoe Size - 11","0","115","57.75","0"
"150P","1080","Ballerina Slippers","9584","Shoe Size - 12","0","115","57.75","0"
"150PR","1081","Ballerina Slippers","3432","Shoe Size - 5","2","115","57.75","0"
"150PR","1081","Ballerina Slippers","3433","Shoe Size - 6","0","115","57.75","0"
"150PR","1081","Ballerina Slippers","3436","Shoe Size - 9","1","115","57.75","0"
"150PR","1081","Ballerina Slippers","3437","Shoe Size - 10","0","115","57.75","0"
"150PR","1081","Ballerina Slippers","7240","Shoe Size - 7","0","115","57.75","0"
"150PR","1081","Ballerina Slippers","7241","Shoe Size - 8","0","115","57.75","0"
"150PR","1081","Ballerina Slippers","9585","Shoe Size - 11","0","115","57.75","0"
"150PR","1081","Ballerina Slippers","9586","Shoe Size - 12","0","115","57.75","0"
"150RD","1082","Ballerina Slippers","3444","Shoe Size - 5","2","115","57.75","0"
"150RD","1082","Ballerina Slippers","3445","Shoe Size - 6","1","115","57.75","0"
"150RD","1082","Ballerina Slippers","3448","Shoe Size - 9","2","115","57.75","0"
"150RD","1082","Ballerina Slippers","3449","Shoe Size - 10","1","115","57.75","0"
"150RD","1082","Ballerina Slippers","7242","Shoe Size - 7","2","115","57.75","0"
"150RD","1082","Ballerina Slippers","7243","Shoe Size - 8","0","115","57.75","0"
"150RD","1082","Ballerina Slippers","9587","Shoe Size - 11","0","115","57.75","0"
"150RD","1082","Ballerina Slippers","9588","Shoe Size - 12","0","115","57.75","0"
"150ST","1083","Ballerina Slippers","3456","Shoe Size - 5","1","115","57.75","0"
"150ST","1083","Ballerina Slippers","3461","Shoe Size - 10","2","115","57.75","0"
"150ST","1083","Ballerina Slippers","7244","Shoe Size - 6","0","115","57.75","0"
"150ST","1083","Ballerina Slippers","7245","Shoe Size - 7","0","115","57.75","0"
"150ST","1083","Ballerina Slippers","7246","Shoe Size - 8","3","115","57.75","0"
"150ST","1083","Ballerina Slippers","7247","Shoe Size - 9","1","115","57.75","0"
"150ST","1083","Ballerina Slippers","9314","Shoe Size - 11","2","115","57.75","0"
"150ST","1083","Ballerina Slippers","9589","Shoe Size - 12","1","115","57.75","0"
"150TQ","1084","Ballerina Slippers","3468","Shoe Size - 5","1","115","57.75","0"
"150TQ","1084","Ballerina Slippers","3469","Shoe Size - 6","2","115","57.75","0"
"150TQ","1084","Ballerina Slippers","3470","Shoe Size - 7","0","115","57.75","0"
"150TQ","1084","Ballerina Slippers","3471","Shoe Size - 8","0","115","57.75","0"
"150TQ","1084","Ballerina Slippers","3473","Shoe Size - 10","1","115","57.75","0"
"150TQ","1084","Ballerina Slippers","7248","Shoe Size - 9","2","115","57.75","0"
"150TQ","1084","Ballerina Slippers","9590","Shoe Size - 11","0","115","57.75","0"
"150TQ","1084","Ballerina Slippers","9591","Shoe Size - 12","0","115","57.75","0"
"3700-0408-13DKT-37504DKT","1092","Ladies Concho","3565","Shoe Size - 5","0","160","69.59999999999999","0"
"3700-0408-13DKT-37504DKT","1092","Ladies Concho","3566","Shoe Size - 6","0","160","69.59999999999999","0"
"3700-0408-13DKT-37504DKT","1092","Ladies Concho","7249","Shoe Size - 4","0","160","69.59999999999999","0"
"3700-0408-13DKT-37504DKT","1092","Ladies Concho","7250","Shoe Size - 7","0","160","69.59999999999999","0"
"3700-0408-13DKT-37504DKT","1092","Ladies Concho","7251","Shoe Size - 8","0","160","69.59999999999999","0"
"3700-0408-13DKT-37504DKT","1092","Ladies Concho","7252","Shoe Size - 9","0","160","69.59999999999999","0"
"3700-0408-13DKT-37504DKT","1092","Ladies Concho","7253","Shoe Size - 10","0","160","69.59999999999999","0"
"3700-0408-13DKT-37504DKT","1092","Ladies Concho","7254","Shoe Size - 11","0","160","69.59999999999999","0"
"3700-0408-13DKT-37504DKT","1092","Ladies Concho","7255","Shoe Size - 12","0","160","69.59999999999999","0"
"3700-0000-13CK-137597CK","1093","Ladies Concho","3574","Shoe Size - 5","0","175","75.7","0"
"3700-0000-13CK-137597CK","1093","Ladies Concho","7256","Shoe Size - 4","0","175","75.7","0"
"3700-0000-13CK-137597CK","1093","Ladies Concho","7257","Shoe Size - 6","0","175","75.7","0"
"3700-0000-13CK-137597CK","1093","Ladies Concho","7258","Shoe Size - 7","0","175","75.7","0"
"3700-0000-13CK-137597CK","1093","Ladies Concho","7259","Shoe Size - 8","0","175","75.7","0"
"3700-0000-13CK-137597CK","1093","Ladies Concho","7260","Shoe Size - 9","0","175","75.7","0"
"3700-0000-13CK-137597CK","1093","Ladies Concho","7261","Shoe Size - 10","0","175","75.7","0"
"3700-0000-13CK-137597CK","1093","Ladies Concho","7262","Shoe Size - 11","0","175","75.7","0"
"3700-0000-13CK-137597CK","1093","Ladies Concho","7263","Shoe Size - 12","0","175","75.7","0"
"2719-0408-13MO-377717NA","1095","Ladies Concho","3555","Shoe Size - 4","0","162","70","0"
"2719-0408-13MO-377717NA","1095","Ladies Concho","3556","Shoe Size - 5","0","162","70","0"
"2719-0408-13MO-377717NA","1095","Ladies Concho","3557","Shoe Size - 6","0","162","70","0"
"2719-0408-13MO-377717NA","1095","Ladies Concho","3558","Shoe Size - 7","0","162","70","0"
"2719-0408-13MO-377717NA","1095","Ladies Concho","3559","Shoe Size - 8","0","162","70","0"
"2719-0408-13MO-377717NA","1095","Ladies Concho","3560","Shoe Size - 9","0","162","70","0"
"2719-0408-13MO-377717NA","1095","Ladies Concho","3561","Shoe Size - 10","1","162","70","0"
"2719-0408-13MO-377717NA","1095","Ladies Concho","3562","Shoe Size - 11","0","162","70","0"
"2719-0408-13MO-377717NA","1095","Ladies Concho","3563","Shoe Size - 12","0","162","70","0"
"3700-0008-13CHO-37500CHO","1096","Ladies Concho","3591","Shoe Size - 4","0","142","61.4","0"
"3700-0008-13CHO-37500CHO","1096","Ladies Concho","3592","Shoe Size - 5","0","142","61.4","0"
"3700-0008-13CHO-37500CHO","1096","Ladies Concho","3593","Shoe Size - 6","0","142","61.4","0"
"3700-0008-13CHO-37500CHO","1096","Ladies Concho","3594","Shoe Size - 7","0","142","61.4","0"
"3700-0008-13CHO-37500CHO","1096","Ladies Concho","3595","Shoe Size - 8","0","142","61.4","0"
"3700-0008-13CHO-37500CHO","1096","Ladies Concho","3596","Shoe Size - 9","1","142","61.4","0"
"3700-0008-13CHO-37500CHO","1096","Ladies Concho","3597","Shoe Size - 10","0","142","61.4","0"
"3700-0008-13CHO-37500CHO","1096","Ladies Concho","3598","Shoe Size - 11","0","142","61.4","0"
"3700-0008-13CHO-37500CHO","1096","Ladies Concho","3599","Shoe Size - 12","0","142","61.4","0"
"2895-1600-53CHO-3870109CHO","1097","Ladies Concho","3612","Shoe Size - 7","0","146","63.3","0"
"2895-1600-53CHO-3870109CHO","1097","Ladies Concho","7264","Shoe Size - 4","0","146","63.3","0"
"2895-1600-53CHO-3870109CHO","1097","Ladies Concho","7265","Shoe Size - 5","0","146","63.3","0"
"2895-1600-53CHO-3870109CHO","1097","Ladies Concho","7266","Shoe Size - 6","0","146","63.3","0"
"2895-1600-53CHO-3870109CHO","1097","Ladies Concho","7267","Shoe Size - 8","0","146","63.3","0"
"2895-1600-53CHO-3870109CHO","1097","Ladies Concho","7268","Shoe Size - 9","0","146","63.3","0"
"2895-1600-53CHO-3870109CHO","1097","Ladies Concho","7269","Shoe Size - 10","0","146","63.3","0"
"2895-1600-53CHO-3870109CHO","1097","Ladies Concho","7270","Shoe Size - 11","0","146","63.3","0"
"2895-1600-53CHO-3870109CHO","1097","Ladies Concho","7271","Shoe Size - 12","0","146","63.3","0"
"5109-0048-13-13136DKDKP","1098","Ladies Moccasins","3624","Shoe Size - 10","1","102","44","0"
"5109-0048-13-13136DKDKP","1098","Ladies Moccasins","7273","Shoe Size - 4","0","102","44","0"
"5109-0048-13-13136DKDKP","1098","Ladies Moccasins","7274","Shoe Size - 5","0","102","44","0"
"5109-0048-13-13136DKDKP","1098","Ladies Moccasins","7275","Shoe Size - 6","0","102","44","0"
"5109-0048-13-13136DKDKP","1098","Ladies Moccasins","7276","Shoe Size - 7","2","102","44","0"
"5109-0048-13-13136DKDKP","1098","Ladies Moccasins","7277","Shoe Size - 8","2","102","44","0"
"5109-0048-13-13136DKDKP","1098","Ladies Moccasins","7278","Shoe Size - 9","1","102","44","0"
"5000-0008-12-1493CHO","1100","Ladies Suede Moccasins","3656","Shoe Size - 6","2","96","41.5","0"
"5000-0008-12-1493CHO","1100","Ladies Suede Moccasins","3657","Shoe Size - 7","0","96","41.5","0"
"5000-0008-12-1493CHO","1100","Ladies Suede Moccasins","3661","Shoe Size - 11","1","96","41.5","0"
"5000-0008-12-1493CHO","1100","Ladies Suede Moccasins","7280","Shoe Size - 4","0","96","41.5","0"
"5000-0008-12-1493CHO","1100","Ladies Suede Moccasins","7281","Shoe Size - 5","0","96","41.5","0"
"5000-0008-12-1493CHO","1100","Ladies Suede Moccasins","7282","Shoe Size - 8","1","96","41.5","0"
"5000-0008-12-1493CHO","1100","Ladies Suede Moccasins","7283","Shoe Size - 9","1","96","41.5","0"
"5000-0008-12-1493CHO","1100","Ladies Suede Moccasins","7284","Shoe Size - 10","0","96","41.5","0"
"5000-0008-12-1493CHO","1100","Ladies Suede Moccasins","7285","Shoe Size - 12","0","96","41.5","0"
"5000-0008-12BL-1493BL","1103","Ladies Suede Moccasins","3702","Shoe Size - 6","1","96","41.5","0"
"5000-0008-12BL-1493BL","1103","Ladies Suede Moccasins","3707","Shoe Size - 11","0","96","41.5","0"
"5000-0008-12BL-1493BL","1103","Ladies Suede Moccasins","7295","Shoe Size - 4","0","96","41.5","0"
"5000-0008-12BL-1493BL","1103","Ladies Suede Moccasins","7296","Shoe Size - 5","0","96","41.5","0"
"5000-0008-12BL-1493BL","1103","Ladies Suede Moccasins","7297","Shoe Size - 7","1","96","41.5","0"
"5000-0008-12BL-1493BL","1103","Ladies Suede Moccasins","7298","Shoe Size - 8","1","96","41.5","0"
"5000-0008-12BL-1493BL","1103","Ladies Suede Moccasins","7299","Shoe Size - 9","1","96","41.5","0"
"5000-0008-12BL-1493BL","1103","Ladies Suede Moccasins","7300","Shoe Size - 10","0","96","41.5","0"
"5000-0008-12BL-1493BL","1103","Ladies Suede Moccasins","7301","Shoe Size - 12","0","96","41.5","0"
"5125-0800-00-160GR","1416","Ladies Suede Moccasins","6207","Shoe Size - 4","0","68","29.4","0"
"5125-0800-00-160GR","1416","Ladies Suede Moccasins","6208","Shoe Size - 5","0","68","29.4","0"
"5125-0800-00-160GR","1416","Ladies Suede Moccasins","6209","Shoe Size - 6","0","68","29.4","0"
"5125-0800-00-160GR","1416","Ladies Suede Moccasins","6210","Shoe Size - 7","0","68","29.4","0"
"5125-0800-00-160GR","1416","Ladies Suede Moccasins","6211","Shoe Size - 8","0","68","29.4","0"
"5125-0800-00-160GR","1416","Ladies Suede Moccasins","6212","Shoe Size - 9","0","68","29.4","0"
"5125-0800-00-160GR","1416","Ladies Suede Moccasins","6213","Shoe Size - 10","0","68","29.4","0"
"5000-0400-00-748IND","1417","Ladies Suede Moccasins","6228","Shoe Size - 4","0","75","32.4","0"
"5000-0400-00-748IND","1417","Ladies Suede Moccasins","6229","Shoe Size - 5","1","75","32.4","0"
"5000-0400-00-748IND","1417","Ladies Suede Moccasins","6230","Shoe Size - 6","0","75","32.4","0"
"5000-0400-00-748IND","1417","Ladies Suede Moccasins","6233","Shoe Size - 9","0","75","32.4","0"
"5000-0400-00-748IND","1417","Ladies Suede Moccasins","6236","Shoe Size - 12","0","75","32.4","0"
"5000-0400-00-748IND","1417","Ladies Suede Moccasins","7345","Shoe Size - 7","0","75","32.4","0"
"5000-0400-00-748IND","1417","Ladies Suede Moccasins","7346","Shoe Size - 8","0","75","32.4","0"
"5000-0400-00-748IND","1417","Ladies Suede Moccasins","7347","Shoe Size - 10","0","75","32.4","0"
"5000-0400-00-748IND","1417","Ladies Suede Moccasins","7348","Shoe Size - 11","0","75","32.4","0"
"5000-0408-00-2479NA","1418","Ladies Leather Moccasins","6249","Shoe Size - 7","0","98","42.5","0"
"5000-0408-00-2479NA","1418","Ladies Leather Moccasins","6320","Shoe Size - 11","0","98","42.5","0"
"5000-0408-00-2479NA","1418","Ladies Leather Moccasins","7349","Shoe Size - 4","0","98","42.5","0"
"5000-0408-00-2479NA","1418","Ladies Leather Moccasins","7350","Shoe Size - 5","0","98","42.5","0"
"5000-0408-00-2479NA","1418","Ladies Leather Moccasins","7351","Shoe Size - 6","0","98","42.5","0"
"5000-0408-00-2479NA","1418","Ladies Leather Moccasins","7352","Shoe Size - 8","0","98","42.5","0"
"5000-0408-00-2479NA","1418","Ladies Leather Moccasins","7353","Shoe Size - 9","0","98","42.5","0"
"5000-0408-00-2479NA","1418","Ladies Leather Moccasins","7354","Shoe Size - 10","0","98","42.5","0"
"5000-0408-00-2479NA","1418","Ladies Leather Moccasins","7355","Shoe Size - 12","0","98","42.5","0"
"5000-0008-27-7463NA","1419","Ladies Leather Moccasins","6260","Shoe Size - 4","0","136","59.1","0"
"5000-0008-27-7463NA","1419","Ladies Leather Moccasins","6261","Shoe Size - 5","0","136","59.1","0"
"5000-0008-27-7463NA","1419","Ladies Leather Moccasins","6262","Shoe Size - 6","0","136","59.1","0"
"5000-0008-27-7463NA","1419","Ladies Leather Moccasins","6263","Shoe Size - 7","0","136","59.1","0"
"5000-0008-27-7463NA","1419","Ladies Leather Moccasins","6264","Shoe Size - 8","0","136","59.1","0"
"5000-0008-27-7463NA","1419","Ladies Leather Moccasins","6265","Shoe Size - 9","0","136","59.1","0"
"5000-0008-27-7463NA","1419","Ladies Leather Moccasins","6266","Shoe Size - 10","0","136","59.1","0"
"5000-0008-16-7456NA","1420","Ladies Leather Moccasins","6279","Shoe Size - 9","0","129","55.9","0"
"5000-0008-16-7456NA","1420","Ladies Leather Moccasins","7356","Shoe Size - 4","0","129","55.9","0"
"5000-0008-16-7456NA","1420","Ladies Leather Moccasins","7357","Shoe Size - 5","0","129","55.9","0"
"5000-0008-16-7456NA","1420","Ladies Leather Moccasins","7358","Shoe Size - 6","0","129","55.9","0"
"5000-0008-16-7456NA","1420","Ladies Leather Moccasins","7359","Shoe Size - 7","0","129","55.9","0"
"5000-0008-16-7456NA","1420","Ladies Leather Moccasins","7360","Shoe Size - 8","0","129","55.9","0"
"5000-0008-16-7456NA","1420","Ladies Leather Moccasins","7361","Shoe Size - 10","0","129","55.9","0"
"5000-0008-16-7456NA","1420","Ladies Leather Moccasins","7362","Shoe Size - 11","0","129","55.9","0"
"5000-0008-16-7456NA","1420","Ladies Leather Moccasins","7363","Shoe Size - 12","0","129","55.9","0"
"5000-0008-1-8536MO","1421","Ladies Suede Moccasins","6295","Shoe Size - 11","1","94","40.6","0"
"5000-0008-1-8536MO","1421","Ladies Suede Moccasins","6296","Shoe Size - 12","0","94","40.6","0"
"5000-0008-1-8536MO","1421","Ladies Suede Moccasins","7364","Shoe Size - 4","0","94","40.6","0"
"5000-0008-1-8536MO","1421","Ladies Suede Moccasins","7365","Shoe Size - 5","0","94","40.6","0"
"5000-0008-1-8536MO","1421","Ladies Suede Moccasins","7366","Shoe Size - 6","0","94","40.6","0"
"5000-0008-1-8536MO","1421","Ladies Suede Moccasins","7367","Shoe Size - 7","0","94","40.6","0"
"5000-0008-1-8536MO","1421","Ladies Suede Moccasins","7368","Shoe Size - 8","0","94","40.6","0"
"5000-0008-1-8536MO","1421","Ladies Suede Moccasins","7369","Shoe Size - 9","0","94","40.6","0"
"5000-0008-1-8536MO","1421","Ladies Suede Moccasins","7370","Shoe Size - 10","0","94","40.6","0"
"5076-0500-36-KB841","1422","Ladies Leather Moccasins","6304","Shoe Size - 4","0","136","59","0"
"5076-0500-36-KB841","1422","Ladies Leather Moccasins","6305","Shoe Size - 5","0","136","59","0"
"5076-0500-36-KB841","1422","Ladies Leather Moccasins","6306","Shoe Size - 6","0","136","59","0"
"5076-0500-36-KB841","1422","Ladies Leather Moccasins","6307","Shoe Size - 7","0","136","59","0"
"5076-0500-36-KB841","1422","Ladies Leather Moccasins","6308","Shoe Size - 8","0","136","59","0"
"5076-0500-36-KB841","1422","Ladies Leather Moccasins","6309","Shoe Size - 9","0","136","59","0"
"5076-0500-36-KB841","1422","Ladies Leather Moccasins","6310","Shoe Size - 10","0","136","59","0"
"5000-0400-00-749BL","1428","Ladies Suede Moccasins","6417","Shoe Size - 4","0","85","36.7","0"
"5000-0400-00-749BL","1428","Ladies Suede Moccasins","6418","Shoe Size - 5","0","85","36.7","0"
"5000-0400-00-749BL","1428","Ladies Suede Moccasins","6419","Shoe Size - 6","0","85","36.7","0"
"5000-0400-00-749BL","1428","Ladies Suede Moccasins","6420","Shoe Size - 7","0","85","36.7","0"
"5000-0400-00-749BL","1428","Ladies Suede Moccasins","6421","Shoe Size - 8","0","85","36.7","0"
"5000-0400-00-749BL","1428","Ladies Suede Moccasins","6422","Shoe Size - 9","0","85","36.7","0"
"5000-0400-00-749BL","1428","Ladies Suede Moccasins","6423","Shoe Size - 10","0","85","36.7","0"
"5000-0400-00-749BL","1428","Ladies Suede Moccasins","6424","Shoe Size - 11","1","85","36.7","0"
"5000-0400-00-749BL","1428","Ladies Suede Moccasins","6425","Shoe Size - 12","0","85","36.7","0"
"5000-0000-27-78DKTCK","2284","Ladies Suede Moccasins","6614","Shoe Size - 7","0","92","39.7","0"
"5000-0000-27-78DKTCK","2284","Ladies Suede Moccasins","6615","Shoe Size - 8","0","92","39.7","0"
"5000-0000-27-78DKTCK","2284","Ladies Suede Moccasins","6616","Shoe Size - 9","1","92","39.7","0"
"5000-0000-27-78DKTCK","2284","Ladies Suede Moccasins","6617","Shoe Size - 10","1","92","39.7","0"
"5000-0000-27-78DKTCK","2284","Ladies Suede Moccasins","6618","Shoe Size - 11","1","92","39.7","0"
"5000-0000-27-78DKTCK","2284","Ladies Suede Moccasins","7385","Shoe Size - 4","0","92","39.7","0"
"5000-0000-27-78DKTCK","2284","Ladies Suede Moccasins","7386","Shoe Size - 5","1","92","39.7","0"
"5000-0000-27-78DKTCK","2284","Ladies Suede Moccasins","7387","Shoe Size - 6","1","92","39.7","0"
"5000-0000-27-78DKTCK","2284","Ladies Suede Moccasins","7388","Shoe Size - 12","0","92","39.7","38"
"5060-0008-00IND-148IND","2286","Ladies Suede Moccasins","6623","Shoe Size - 8","0","67","29.1","0"
"5060-0008-00IND-148IND","2286","Ladies Suede Moccasins","7389","Shoe Size - 4","0","67","29.1","0"
"5060-0008-00IND-148IND","2286","Ladies Suede Moccasins","7390","Shoe Size - 5","0","67","29.1","0"
"5060-0008-00IND-148IND","2286","Ladies Suede Moccasins","7391","Shoe Size - 6","0","67","29.1","0"
"5060-0008-00IND-148IND","2286","Ladies Suede Moccasins","7392","Shoe Size - 7","0","67","29.1","0"
"5060-0008-00IND-148IND","2286","Ladies Suede Moccasins","7393","Shoe Size - 9","0","67","29.1","0"
"5060-0008-00IND-148IND","2286","Ladies Suede Moccasins","7394","Shoe Size - 10","0","67","29.1","0"
"5060-0008-00IND-148IND","2286","Ladies Suede Moccasins","7395","Shoe Size - 11","0","67","29.1","0"
"5060-0008-00IND-148IND","2286","Ladies Suede Moccasins","7396","Shoe Size - 12","0","67","29.1","0"
"5061-0000-00-198IND","2288","Ladies Suede Moccasins","6631","Shoe Size - 7","0","75","32.4","0"
"5061-0000-00-198IND","2288","Ladies Suede Moccasins","7397","Shoe Size - 4","0","75","32.4","0"
"5061-0000-00-198IND","2288","Ladies Suede Moccasins","7398","Shoe Size - 5","0","75","32.4","0"
"5061-0000-00-198IND","2288","Ladies Suede Moccasins","7399","Shoe Size - 6","0","75","32.4","0"
"5061-0000-00-198IND","2288","Ladies Suede Moccasins","7400","Shoe Size - 8","0","75","32.4","0"
"5061-0000-00-198IND","2288","Ladies Suede Moccasins","7401","Shoe Size - 9","0","75","32.4","0"
"5061-0000-00-198IND","2288","Ladies Suede Moccasins","7402","Shoe Size - 10","0","75","32.4","0"
"5061-0000-00-198IND","2288","Ladies Suede Moccasins","7403","Shoe Size - 11","0","75","32.4","0"
"5061-0000-00-198IND","2288","Ladies Suede Moccasins","7404","Shoe Size - 12","0","75","32.4","0"
"5000-0008-00-84IND","2290","Ladies Suede Moccasins","6644","Shoe Size - 11","0","64","27.7","0"
"5000-0008-00-84IND","2290","Ladies Suede Moccasins","7405","Shoe Size - 4","0","64","27.7","0"
"5000-0008-00-84IND","2290","Ladies Suede Moccasins","7406","Shoe Size - 5","0","64","27.7","0"
"5000-0008-00-84IND","2290","Ladies Suede Moccasins","7407","Shoe Size - 6","0","64","27.7","0"
"5000-0008-00-84IND","2290","Ladies Suede Moccasins","7408","Shoe Size - 7","0","64","27.7","0"
"5000-0008-00-84IND","2290","Ladies Suede Moccasins","7409","Shoe Size - 8","0","64","27.7","0"
"5000-0008-00-84IND","2290","Ladies Suede Moccasins","7410","Shoe Size - 9","0","64","27.7","0"
"5000-0008-00-84IND","2290","Ladies Suede Moccasins","7411","Shoe Size - 10","0","64","27.7","0"
"5000-0008-00-84IND","2290","Ladies Suede Moccasins","7412","Shoe Size - 12","0","64","27.7","0"
"5000-0008-00-84MO","2291","Ladies Suede Moccasins","6653","Shoe Size - 11","0","64","27.7","0"
"5000-0008-00-84MO","2291","Ladies Suede Moccasins","7413","Shoe Size - 4","0","64","27.7","0"
"5000-0008-00-84MO","2291","Ladies Suede Moccasins","7414","Shoe Size - 5","0","64","27.7","0"
"5000-0008-00-84MO","2291","Ladies Suede Moccasins","7415","Shoe Size - 6","0","64","27.7","0"
"5000-0008-00-84MO","2291","Ladies Suede Moccasins","7416","Shoe Size - 7","0","64","27.7","0"
"5000-0008-00-84MO","2291","Ladies Suede Moccasins","7417","Shoe Size - 8","0","64","27.7","0"
"5000-0008-00-84MO","2291","Ladies Suede Moccasins","7418","Shoe Size - 9","0","64","27.7","0"
"5000-0008-00-84MO","2291","Ladies Suede Moccasins","7419","Shoe Size - 12","0","64","27.7","0"
"5000-0008-00-84MO","2291","Ladies Suede Moccasins","7420","Shoe Size - 10","0","64","27.7","0"
"6019-0308-41MODKT-9113MO","2686","Ladies Suede Moccasins","6692","Shoe Size - 9","1","157","68.3","0"
"6019-0308-41MODKT-9113MO","2686","Ladies Suede Moccasins","6694","Shoe Size - 11","0","157","68.3","0"
"6019-0308-41MODKT-9113MO","2686","Ladies Suede Moccasins","6697","Shoe Size - 6","0","157","68.3","0"
"6019-0308-41MODKT-9113MO","2686","Ladies Suede Moccasins","7427","Shoe Size - 4","1","157","68.3","0"
"6019-0308-41MODKT-9113MO","2686","Ladies Suede Moccasins","7428","Shoe Size - 5","1","157","68.3","0"
"6019-0308-41MODKT-9113MO","2686","Ladies Suede Moccasins","7429","Shoe Size - 7","0","157","68.3","0"
"6019-0308-41MODKT-9113MO","2686","Ladies Suede Moccasins","7430","Shoe Size - 8","3","157","68.3","0"
"6019-0308-41MODKT-9113MO","2686","Ladies Suede Moccasins","7431","Shoe Size - 10","2","157","68.3","0"
"6019-0308-41MODKT-9113MO","2686","Ladies Suede Moccasins","7432","Shoe Size - 12","0","157","68.3","0"
"6080-0408-41GR-600GR","2687","Ladies Suede Slippers","6698","Shoe Size - 5","0","115","46.9","0"
"6080-0408-41GR-600GR","2687","Ladies Suede Slippers","6699","Shoe Size - 6","0","115","46.9","0"
"6080-0408-41GR-600GR","2687","Ladies Suede Slippers","6700","Shoe Size - 7","0","115","46.9","0"
"6080-0408-41GR-600GR","2687","Ladies Suede Slippers","6701","Shoe Size - 8","0","115","46.9","0"
"6080-0408-41GR-600GR","2687","Ladies Suede Slippers","6702","Shoe Size - 9","0","115","46.9","0"
"6080-0408-41GR-600GR","2687","Ladies Suede Slippers","6703","Shoe Size - 10","0","115","46.9","0"
"6080-0408-41GR-600GR","2687","Ladies Suede Slippers","6704","Shoe Size - 11","0","115","46.9","0"
"6080-0408-41GR-600GR","2687","Ladies Suede Slippers","6705","Shoe Size - 12","0","115","46.9","0"
"6080-0408-41GR-600GR","2687","Ladies Suede Slippers","6706","Shoe Size - 4","0","115","46.9","0"
"7142","2753","Ladies Suede Mules","6822","Shoe Size - S","0","134","58","0"
"7142","2753","Ladies Suede Mules","6823","Shoe Size - M","0","134","58","0"
"7142","2753","Ladies Suede Mules","6824","Shoe Size - L","0","134","58","0"
"7142","2753","Ladies Suede Mules","7436","Shoe Size - XL","0","134","58","0"
"5100-0400-27-7709MO","2896","Ladies Suede Moccasins","6819","Shoe Size - 10","0","97","42","0"
"5100-0400-27-7709MO","2896","Ladies Suede Moccasins","7437","Shoe Size - 4","0","97","42","0"
"5100-0400-27-7709MO","2896","Ladies Suede Moccasins","7438","Shoe Size - 5","0","97","42","0"
"5100-0400-27-7709MO","2896","Ladies Suede Moccasins","7439","Shoe Size - 12","0","97","42","0"
"5100-0400-27-7709MO","2896","Ladies Suede Moccasins","7440","Shoe Size - 6","1","97","42","0"
"5100-0400-27-7709MO","2896","Ladies Suede Moccasins","7441","Shoe Size - 7","0","97","42","0"
"5100-0400-27-7709MO","2896","Ladies Suede Moccasins","7442","Shoe Size - 8","0","97","42","0"
"5100-0400-27-7709MO","2896","Ladies Suede Moccasins","7443","Shoe Size - 9","0","97","42","0"
"5100-0400-27-7709MO","2896","Ladies Suede Moccasins","7444","Shoe Size - 11","0","97","42","0"
"6080-0408-41-600AQRB","3275","Ladies Suede Slippers","6908","Shoe Size - 5","0","115","46.9","0"
"6080-0408-41-600AQRB","3275","Ladies Suede Slippers","7453","Shoe Size - 4","0","115","46.9","0"
"6080-0408-41-600AQRB","3275","Ladies Suede Slippers","7454","Shoe Size - 6","0","115","46.9","0"
"6080-0408-41-600AQRB","3275","Ladies Suede Slippers","7455","Shoe Size - 7","0","115","46.9","0"
"6080-0408-41-600AQRB","3275","Ladies Suede Slippers","7456","Shoe Size - 12","0","115","46.9","0"
"6080-0408-41-600AQRB","3275","Ladies Suede Slippers","7457","Shoe Size - 8","0","115","46.9","0"
"6080-0408-41-600AQRB","3275","Ladies Suede Slippers","7458","Shoe Size - 10","0","115","46.9","0"
"6080-0408-41-600AQRB","3275","Ladies Suede Slippers","7459","Shoe Size - 9","0","115","46.9","0"
"6080-0408-41-600AQRB","3275","Ladies Suede Slippers","7460","Shoe Size - 11","0","115","46.9","0"
"1300-0000-13-137372GR","3276","Ladies Concho","6917","Shoe Size - 4","1","128","55.5","0"
"1300-0000-13-137372GR","3276","Ladies Concho","6918","Shoe Size - 5","0","128","55.5","0"
"1300-0000-13-137372GR","3276","Ladies Concho","6919","Shoe Size - 6","1","128","55.5","0"
"1300-0000-13-137372GR","3276","Ladies Concho","6920","Shoe Size - 8","1","128","55.5","0"
"1300-0000-13-137372GR","3276","Ladies Concho","6921","Shoe Size - 9","0","128","55.5","0"
"1300-0000-13-137372GR","3276","Ladies Concho","6922","Shoe Size - 10","0","128","55.5","0"
"1300-0000-13-137372GR","3276","Ladies Concho","6923","Shoe Size - 11","0","128","55.5","0"
"1300-0000-13-137372GR","3276","Ladies Concho","6924","Shoe Size - 12","0","128","55.5","0"
"1300-0000-13-137372GR","3276","Ladies Concho","6925","Shoe Size - 7","0","128","55.5","0"
"3700-0000-41-137597NA","3277","Ladies Concho","6927","Shoe Size - 6","0","175","75.7","0"
"3700-0000-41-137597NA","3277","Ladies Concho","6930","Shoe Size - 9","0","175","75.7","0"
"3700-0000-41-137597NA","3277","Ladies Concho","7461","Shoe Size - 4","0","175","75.7","0"
"3700-0000-41-137597NA","3277","Ladies Concho","7462","Shoe Size - 5","0","175","75.7","0"
"3700-0000-41-137597NA","3277","Ladies Concho","7463","Shoe Size - 7","0","175","75.7","0"
"3700-0000-41-137597NA","3277","Ladies Concho","7464","Shoe Size - 8","0","175","75.7","0"
"3700-0000-41-137597NA","3277","Ladies Concho","7465","Shoe Size - 10","0","175","75.7","0"
"3700-0000-41-137597NA","3277","Ladies Concho","7466","Shoe Size - 11","0","175","75.7","0"
"3700-0000-41-137597NA","3277","Ladies Concho","7467","Shoe Size - 12","0","175","75.7","0"
"6080-0408-41CAP-600CAP","3332","Ladies Suede Slippers","6985","Shoe Size - 7","1","115","46.9","0"
"6080-0408-41CAP-600CAP","3332","Ladies Suede Slippers","7470","Shoe Size - 4","0","115","46.9","0"
"6080-0408-41CAP-600CAP","3332","Ladies Suede Slippers","7471","Shoe Size - 5","0","115","46.9","0"
"6080-0408-41CAP-600CAP","3332","Ladies Suede Slippers","7472","Shoe Size - 6","0","115","46.9","0"
"6080-0408-41CAP-600CAP","3332","Ladies Suede Slippers","7473","Shoe Size - 8","0","115","46.9","0"
"6080-0408-41CAP-600CAP","3332","Ladies Suede Slippers","7474","Shoe Size - 9","1","115","46.9","0"
"6080-0408-41CAP-600CAP","3332","Ladies Suede Slippers","7475","Shoe Size - 10","0","115","46.9","0"
"6080-0408-41CAP-600CAP","3332","Ladies Suede Slippers","7476","Shoe Size - 11","0","115","46.9","0"
"6080-0408-41CAP-600CAP","3332","Ladies Suede Slippers","7477","Shoe Size - 12","0","115","46.9","0"
"6006-1008-26-KB26118MU","3437","Ladies Suede Slippers","6996","Shoe Size - 9","0","166","69","0"
"6006-1008-26-KB26118MU","3437","Ladies Suede Slippers","7478","Shoe Size - 4","1","166","69","0"
"6006-1008-26-KB26118MU","3437","Ladies Suede Slippers","7479","Shoe Size - 5","1","166","69","0"
"6006-1008-26-KB26118MU","3437","Ladies Suede Slippers","7480","Shoe Size - 6","1","166","69","0"
"6006-1008-26-KB26118MU","3437","Ladies Suede Slippers","7481","Shoe Size - 7","1","166","69","0"
"6006-1008-26-KB26118MU","3437","Ladies Suede Slippers","7482","Shoe Size - 8","0","166","69","0"
"6006-1008-26-KB26118MU","3437","Ladies Suede Slippers","7483","Shoe Size - 10","0","166","69","0"
"6006-1008-26-KB26118MU","3437","Ladies Suede Slippers","7484","Shoe Size - 11","0","166","69","0"
"6006-1008-26-KB26118MU","3437","Ladies Suede Slippers","7485","Shoe Size - 12","0","166","69","0"
"771","3556","Ladies Suede Slippers","7016","Shoe Size - 6","1","200","87","0"
"771","3556","Ladies Suede Slippers","7017","Shoe Size - 7","0","200","87","0"
"771","3556","Ladies Suede Slippers","7018","Shoe Size - 8","0","200","87","0"
"771","3556","Ladies Suede Slippers","7019","Shoe Size - 9","0","200","87","0"
"771","3556","Ladies Suede Slippers","7020","Shoe Size - 10","0","200","87","0"
"771","3556","Ladies Suede Slippers","7491","Shoe Size - 4","1","200","87","0"
"771","3556","Ladies Suede Slippers","7492","Shoe Size - 5","0","200","87","0"
"150GRY","3840","Ballerina Slippers","7501","Shoe Size - 10","2","115","57.75","0"
"150GRY","3840","Ballerina Slippers","7502","Shoe Size - 6","1","115","57.75","0"
"150GRY","3840","Ballerina Slippers","7503","Shoe Size - 7","4","115","57.75","0"
"150GRY","3840","Ballerina Slippers","7504","Shoe Size - 8","1","115","57.75","0"
"150GRY","3840","Ballerina Slippers","7505","Shoe Size - 9","2","115","57.75","0"
"150GRY","3840","Ballerina Slippers","7506","Shoe Size - 5","2","115","57.75","0"
"150GRY","3840","Ballerina Slippers","9592","Shoe Size - 11","0","115","57.75","0"
"150GRY","3840","Ballerina Slippers","9593","Shoe Size - 12","0","115","57.75","0"
"6481727CHO","3879","Ladies Conchos","7514","Shoe Size - 5","0","104","44.9","0"
"6481727CHO","3879","Ladies Conchos","7515","Shoe Size - 6","0","104","44.9","0"
"6481727CHO","3879","Ladies Conchos","7516","Shoe Size - 4","0","104","44.9","0"
"6481727CHO","3879","Ladies Conchos","7517","Shoe Size - 7","0","104","44.9","0"
"6481727CHO","3879","Ladies Conchos","7518","Shoe Size - 8","0","104","44.9","0"
"6481727CHO","3879","Ladies Conchos","7519","Shoe Size - 9","0","104","44.9","0"
"6481727CHO","3879","Ladies Conchos","7520","Shoe Size - 11","0","104","44.9","0"
"6481727CHO","3879","Ladies Conchos","7521","Shoe Size - 10","0","104","44.9","0"
"6481727CHO","3879","Ladies Conchos","7522","Shoe Size - 12","0","104","44.9","0"
"4890/8","4562","Ladies Leather Moccasins","7901","Shoe Size - 4","0","138","60","0"
"4890/8","4562","Ladies Leather Moccasins","7902","Shoe Size - 5","0","138","60","0"
"4890/8","4562","Ladies Leather Moccasins","7903","Shoe Size - 6","0","138","60","0"
"4890/8","4562","Ladies Leather Moccasins","7904","Shoe Size - 7","0","138","60","0"
"4890/8","4562","Ladies Leather Moccasins","7905","Shoe Size - 8","0","138","60","0"
"4890/8","4562","Ladies Leather Moccasins","7906","Shoe Size - 9","0","138","60","0"
"4890/8","4562","Ladies Leather Moccasins","7907","Shoe Size - 10","0","138","60","0"
"2780-0408-85-377785MO","4572","Ladies Conchos","7927","Shoe Size - 4","0","209","90","0"
"2780-0408-85-377785MO","4572","Ladies Conchos","7928","Shoe Size - 5","0","209","90","0"
"2780-0408-85-377785MO","4572","Ladies Conchos","7929","Shoe Size - 6","0","209","90","0"
"2780-0408-85-377785MO","4572","Ladies Conchos","7930","Shoe Size - 7","0","209","90","0"
"2780-0408-85-377785MO","4572","Ladies Conchos","7931","Shoe Size - 8","0","209","90","0"
"2780-0408-85-377785MO","4572","Ladies Conchos","7932","Shoe Size - 9","0","209","90","0"
"2780-0408-85-377785MO","4572","Ladies Conchos","7933","Shoe Size - 10","0","209","90","0"
"2780-0408-85-377785MO","4572","Ladies Conchos","7934","Shoe Size - 11","0","209","90","0"
"2780-0408-85-377785IND","4573","Ladies Conchos","7943","Shoe Size - 4","0","209","90","0"
"2780-0408-85-377785IND","4573","Ladies Conchos","7944","Shoe Size - 5","0","209","90","0"
"2780-0408-85-377785IND","4573","Ladies Conchos","7945","Shoe Size - 6","0","209","90","0"
"2780-0408-85-377785IND","4573","Ladies Conchos","7946","Shoe Size - 7","0","209","90","0"
"2780-0408-85-377785IND","4573","Ladies Conchos","7947","Shoe Size - 8","0","209","90","0"
"2780-0408-85-377785IND","4573","Ladies Conchos","7948","Shoe Size - 9","0","209","90","0"
"2780-0408-85-377785IND","4573","Ladies Conchos","7949","Shoe Size - 10","1","209","90","0"
"2780-0408-85-377785IND","4573","Ladies Conchos","7950","Shoe Size - 11","0","209","90","0"
"2780-0408-85-377785CHO","4574","Ladies Conchos","7959","Shoe Size - 4","0","209","90","0"
"2780-0408-85-377785CHO","4574","Ladies Conchos","7960","Shoe Size - 5","0","209","90","0"
"2780-0408-85-377785CHO","4574","Ladies Conchos","7961","Shoe Size - 6","0","209","90","0"
"2780-0408-85-377785CHO","4574","Ladies Conchos","7962","Shoe Size - 7","0","209","90","0"
"2780-0408-85-377785CHO","4574","Ladies Conchos","7963","Shoe Size - 8","0","209","90","0"
"2780-0408-85-377785CHO","4574","Ladies Conchos","7964","Shoe Size - 9","0","209","90","0"
"2780-0408-85-377785CHO","4574","Ladies Conchos","7965","Shoe Size - 10","0","209","90","0"
"2780-0408-85-377785CHO","4574","Ladies Conchos","7966","Shoe Size - 11","0","209","90","0"
"1135","4919","Leather Moccasins for Women","7995","Shoe Size - 6","1","113","55","0"
"1135","4919","Leather Moccasins for Women","7996","Shoe Size - 7","2","113","55","0"
"1135","4919","Leather Moccasins for Women","7997","Shoe Size - 8","2","113","55","0"
"1135","4919","Leather Moccasins for Women","7998","Shoe Size - 9","2","113","55","0"
"1135","4919","Leather Moccasins for Women","7999","Shoe Size - 4","0","113","55","0"
"1135","4919","Leather Moccasins for Women","8000","Shoe Size - 5","0","113","55","0"
"1135","4919","Leather Moccasins for Women","8001","Shoe Size - 10","0","113","55","0"
"150OG","5563","Ballerina Slippers","8057","Shoe Size - 9","3","115","57.75","0"
"150OG","5563","Ballerina Slippers","8058","Shoe Size - 10","2","115","57.75","0"
"150OG","5563","Ballerina Slippers","8059","Shoe Size - 6","1","115","57.75","0"
"150OG","5563","Ballerina Slippers","8060","Shoe Size - 7","0","115","57.75","0"
"150OG","5563","Ballerina Slippers","8061","Shoe Size - 8","1","115","57.75","0"
"150OG","5563","Ballerina Slippers","8062","Shoe Size - 5","0","115","57.75","0"
"150OG","5563","Ballerina Slippers","9594","Shoe Size - 11","0","115","57.75","0"
"150OG","5563","Ballerina Slippers","9595","Shoe Size - 12","0","115","57.75","0"
"150CO","5564","Ballerina Slippers","8063","Shoe Size - 9","0","115","57.75","0"
"150CO","5564","Ballerina Slippers","8064","Shoe Size - 10","0","115","57.75","0"
"150CO","5564","Ballerina Slippers","8065","Shoe Size - 6","0","115","57.75","0"
"150CO","5564","Ballerina Slippers","8066","Shoe Size - 7","0","115","57.75","0"
"150CO","5564","Ballerina Slippers","8067","Shoe Size - 8","0","115","57.75","0"
"150CO","5564","Ballerina Slippers","8068","Shoe Size - 5","0","115","57.75","0"
"150CO","5564","Ballerina Slippers","9596","Shoe Size - 11","0","115","57.75","0"
"150CO","5564","Ballerina Slippers","9597","Shoe Size - 12","0","115","57.75","0"
"B442","8206","Leather Moccasins for Women","8207","Shoe Size - 4","0","75","42.5","0"
"B442","8206","Leather Moccasins for Women","8208","Shoe Size - 5","1","75","42.5","0"
"B442","8206","Leather Moccasins for Women","8209","Shoe Size - 6","0","75","42.5","0"
"B442","8206","Leather Moccasins for Women","8210","Shoe Size - 7","0","75","42.5","0"
"B442","8206","Leather Moccasins for Women","8211","Shoe Size - 8","0","75","42.5","0"
"B442","8206","Leather Moccasins for Women","8212","Shoe Size - 9","0","75","42.5","0"
"B442","8206","Leather Moccasins for Women","8213","Shoe Size - 10","1","75","42.5","0"
"6017-0408-41BO0-600BO","8244","Ladies Suede Slippers","8223","Shoe Size - 5","0","104.95","46.9","0"
"6017-0408-41BO0-600BO","8244","Ladies Suede Slippers","8224","Shoe Size - 6","0","104.95","46.9","0"
"6017-0408-41BO0-600BO","8244","Ladies Suede Slippers","8225","Shoe Size - 7","0","104.95","46.9","0"
"6017-0408-41BO0-600BO","8244","Ladies Suede Slippers","8226","Shoe Size - 8","0","104.95","46.9","0"
"6017-0408-41BO0-600BO","8244","Ladies Suede Slippers","8227","Shoe Size - 9","0","104.95","46.9","0"
"6017-0408-41BO0-600BO","8244","Ladies Suede Slippers","8228","Shoe Size - 10","0","104.95","46.9","0"
"6017-0408-41BO0-600BO","8244","Ladies Suede Slippers","8229","Shoe Size - 11","0","104.95","46.9","0"
"6017-0408-41BO0-600BO","8244","Ladies Suede Slippers","8230","Shoe Size - 12","0","104.95","46.9","0"
"6017-0408-41BO0-600BO","8244","Ladies Suede Slippers","8231","Shoe Size - 4","0","104.95","46.9","0"
"180SB","9068","Ladies Concho","8508","Shoe Size - 4","0","175","99","0"
"180SB","9068","Ladies Concho","8509","Shoe Size - 5","0","175","99","0"
"180SB","9068","Ladies Concho","8510","Shoe Size - 6","0","175","99","0"
"180SB","9068","Ladies Concho","8511","Shoe Size - 7","0","175","99","0"
"180SB","9068","Ladies Concho","8512","Shoe Size - 8","1","175","99","0"
"180SB","9068","Ladies Concho","8513","Shoe Size - 9","0","175","99","0"
"180SB","9068","Ladies Concho","8514","Shoe Size - 10","0","175","99","0"
"180SB","9068","Ladies Concho","8515","Shoe Size - 11","0","175","99","0"
"B4890","11186","Leather Moccasins for Women","9195","Shoe Size - 6","1","120","60","0"
"B4890","11186","Leather Moccasins for Women","9196","Shoe Size - 7","1","120","60","0"
"B4890","11186","Leather Moccasins for Women","9197","Shoe Size - 8","1","120","60","0"
"B4890","11186","Leather Moccasins for Women","9198","Shoe Size - 9","2","120","60","0"
"B4890","11186","Leather Moccasins for Women","9199","Shoe Size - 4","2","120","60","0"
"B4890","11186","Leather Moccasins for Women","9200","Shoe Size - 5","2","120","60","0"
"B4890","11186","Leather Moccasins for Women","9201","Shoe Size - 10","0","120","60","0"
"150BLSSAB","12007","Ballerina Slippers","9290","Shoe Size - 10","2","179","92","0"
"150BLSSAB","12007","Ballerina Slippers","9291","Shoe Size - 6","2","179","92","0"
"150BLSSAB","12007","Ballerina Slippers","9292","Shoe Size - 7","2","179","92","0"
"150BLSSAB","12007","Ballerina Slippers","9293","Shoe Size - 8","2","179","92","0"
"150BLSSAB","12007","Ballerina Slippers","9294","Shoe Size - 9","2","179","92","0"
"150BLSSAB","12007","Ballerina Slippers","9295","Shoe Size - 5","2","179","92","0"
"150BLSSAB","12007","Ballerina Slippers","9598","Shoe Size - 11","0","179","92","0"
"150BLSSAB","12007","Ballerina Slippers","9599","Shoe Size - 12","0","179","92","0"
"150GRYSSAB","12008","Ballerina Slippers","9296","Shoe Size - 10","0","179","92","0"
"150GRYSSAB","12008","Ballerina Slippers","9297","Shoe Size - 6","0","179","92","0"
"150GRYSSAB","12008","Ballerina Slippers","9298","Shoe Size - 7","1","179","92","0"
"150GRYSSAB","12008","Ballerina Slippers","9299","Shoe Size - 8","1","179","92","0"
"150GRYSSAB","12008","Ballerina Slippers","9300","Shoe Size - 9","1","179","92","0"
"150GRYSSAB","12008","Ballerina Slippers","9301","Shoe Size - 5","0","179","92","0"
"150GRYSSAB","12008","Ballerina Slippers","9600","Shoe Size - 11","0","179","92","0"
"150GRYSSAB","12008","Ballerina Slippers","9601","Shoe Size - 12","0","179","92","0"
"150GRYSAB","12009","Ballerina Slippers","9302","Shoe Size - 10","2","159","80","0"
"150GRYSAB","12009","Ballerina Slippers","9303","Shoe Size - 6","0","159","80","0"
"150GRYSAB","12009","Ballerina Slippers","9304","Shoe Size - 7","0","159","80","0"
"150GRYSAB","12009","Ballerina Slippers","9305","Shoe Size - 8","0","159","80","0"
"150GRYSAB","12009","Ballerina Slippers","9306","Shoe Size - 9","0","159","80","0"
"150GRYSAB","12009","Ballerina Slippers","9307","Shoe Size - 5","1","159","80","0"
"150GRYSAB","12009","Ballerina Slippers","9602","Shoe Size - 11","0","159","80","0"
"150GRYSAB","12009","Ballerina Slippers","9603","Shoe Size - 12","0","159","80","0"
"150RDEP1F","12012","Ballerina Slippers","9308","Shoe Size - 10","2","159","80","0"
"150RDEP1F","12012","Ballerina Slippers","9309","Shoe Size - 6","2","159","80","0"
"150RDEP1F","12012","Ballerina Slippers","9310","Shoe Size - 7","2","159","80","0"
"150RDEP1F","12012","Ballerina Slippers","9311","Shoe Size - 8","2","159","80","0"
"150RDEP1F","12012","Ballerina Slippers","9312","Shoe Size - 9","3","159","80","0"
"150RDEP1F","12012","Ballerina Slippers","9313","Shoe Size - 5","2","159","80","0"
"150RDEP1F","12012","Ballerina Slippers","9604","Shoe Size - 11","0","159","80","0"
"150RDEP1F","12012","Ballerina Slippers","9605","Shoe Size - 12","0","159","80","0"
"134LEP1E","12013","Ladies Leather Moccasins","9315","Shoe Size - 10","0","179","94","0"
"134LEP1E","12013","Ladies Leather Moccasins","9316","Shoe Size - 6","0","179","94","0"
"134LEP1E","12013","Ladies Leather Moccasins","9317","Shoe Size - 7","1","179","94","0"
"134LEP1E","12013","Ladies Leather Moccasins","9318","Shoe Size - 8","1","179","94","0"
"134LEP1E","12013","Ladies Leather Moccasins","9319","Shoe Size - 9","1","179","94","0"
"134LEP1E","12013","Ladies Leather Moccasins","9320","Shoe Size - 5","0","179","94","0"
"134LEP1E","12013","Ladies Leather Moccasins","9321","Shoe Size - 11","0","179","94","0"
"150STEP1F","12016","Ballerina Slippers","9322","Shoe Size - 10","3","159","80","0"
"150STEP1F","12016","Ballerina Slippers","9323","Shoe Size - 6","2","159","80","0"
"150STEP1F","12016","Ballerina Slippers","9324","Shoe Size - 7","2","159","80","0"
"150STEP1F","12016","Ballerina Slippers","9325","Shoe Size - 8","3","159","80","0"
"150STEP1F","12016","Ballerina Slippers","9326","Shoe Size - 9","1","159","80","0"
"150STEP1F","12016","Ballerina Slippers","9327","Shoe Size - 5","0","159","80","0"
"150STEP1F","12016","Ballerina Slippers","9606","Shoe Size - 11","0","159","80","0"
"150STEP1F","12016","Ballerina Slippers","9607","Shoe Size - 12","0","159","80","0"
"150CRMEP1F","12017","Ballerina Slippers","9328","Shoe Size - 10","1","159","80","0"
"150CRMEP1F","12017","Ballerina Slippers","9329","Shoe Size - 6","2","159","80","0"
"150CRMEP1F","12017","Ballerina Slippers","9330","Shoe Size - 7","2","159","80","0"
"150CRMEP1F","12017","Ballerina Slippers","9331","Shoe Size - 8","0","159","80","0"
"150CRMEP1F","12017","Ballerina Slippers","9332","Shoe Size - 9","1","159","80","0"
"150CRMEP1F","12017","Ballerina Slippers","9333","Shoe Size - 5","0","159","80","0"
"150CRMEP1F","12017","Ballerina Slippers","9608","Shoe Size - 11","0","159","80","0"
"150CRMEP1F","12017","Ballerina Slippers","9609","Shoe Size - 12","0","159","80","0"
"6080-0408-41TU-697","13125","Ladies Suede Slippers","9886","Shoe Size - 5","0","108","46.9","0"
"6080-0408-41TU-697","13125","Ladies Suede Slippers","9887","Shoe Size - 6","0","108","46.9","0"
"6080-0408-41TU-697","13125","Ladies Suede Slippers","9888","Shoe Size - 7","0","108","46.9","0"
"6080-0408-41TU-697","13125","Ladies Suede Slippers","9889","Shoe Size - 8","0","108","46.9","0"
"6080-0408-41TU-697","13125","Ladies Suede Slippers","9890","Shoe Size - 9","0","108","46.9","0"
"6080-0408-41TU-697","13125","Ladies Suede Slippers","9891","Shoe Size - 10","0","108","46.9","0"
"6080-0408-41TU-697","13125","Ladies Suede Slippers","9892","Shoe Size - 11","0","108.00","46.90","0.00"
"6080-0408-41TU-697","13125","Ladies Suede Slippers","9893","Shoe Size - 12","0","108.00","46.90","0.00"
"6080-0408-41TU-697","13125","Ladies Suede Slippers","9894","Shoe Size - 4","0","108.00","46.90","0.00"
"1700-0008-43CK-259CK","13166","Ladies Leather Slippers","9993","Shoe Size - 4","0","157.00","68.20","0.00"
"1700-0008-43CK-259CK","13166","Ladies Leather Slippers","9994","Shoe Size - 5","1","157.00","68.20","0.00"
"1700-0008-43CK-259CK","13166","Ladies Leather Slippers","9995","Shoe Size - 6","0","157.00","68.20","0.00"
"1700-0008-43CK-259CK","13166","Ladies Leather Slippers","9996","Shoe Size - 7","0","157.00","68.20","0.00"
"1700-0008-43CK-259CK","13166","Ladies Leather Slippers","9997","Shoe Size - 8","0","157.00","68.20","0.00"
"1700-0008-43CK-259CK","13166","Ladies Leather Slippers","9998","Shoe Size - 9","0","157.00","68.20","0.00"
"1700-0008-43CK-259CK","13166","Ladies Leather Slippers","9999","Shoe Size - 10","0","157.00","68.20","0.00"
"1700-0008-43CK-259CK","13166","Ladies Leather Slippers","10000","Shoe Size - 11","0","157.00","68.20","0.00"
"1700-0008-43CK-259CK","13166","Ladies Leather Slippers","10001","Shoe Size - 12","0","157.00","68.20","0.00"
"5408-0402-12-551137NB","14873","Ladies Concho","10704","Shoe Size - 4","0","159.00","68.80","0.00"
"5408-0402-12-551137NB","14873","Ladies Concho","10705","Shoe Size - 5","0","159.00","68.80","0.00"
"5408-0402-12-551137NB","14873","Ladies Concho","10706","Shoe Size - 6","0","159.00","68.80","0.00"
"5408-0402-12-551137NB","14873","Ladies Concho","10707","Shoe Size - 7","1","159.00","68.80","0.00"
"5408-0402-12-551137NB","14873","Ladies Concho","10708","Shoe Size - 8","1","159.00","68.80","0.00"
"5408-0402-12-551137NB","14873","Ladies Concho","10709","Shoe Size - 9","0","159.00","68.80","0.00"
"5408-0402-12-551137NB","14873","Ladies Concho","10710","Shoe Size - 10","0","159.00","68.80","0.00"
"5408-0402-12-551137NB","14873","Ladies Concho","10711","Shoe Size - 11","0","159.00","68.80","0.00"
"5408-0402-12-551137NB","14873","Ladies Concho","10712","Shoe Size - 12","0","159.00","68.80","0.00"
"1300-0000-13-137376MO","14874","Ladies Concho","10723","Shoe Size - 4","0","128.00","55.50","0.00"
"1300-0000-13-137376MO","14874","Ladies Concho","10724","Shoe Size - 5","0","128.00","55.50","0.00"
"1300-0000-13-137376MO","14874","Ladies Concho","10725","Shoe Size - 6","0","128.00","55.50","0.00"
"1300-0000-13-137376MO","14874","Ladies Concho","10726","Shoe Size - 7","0","128.00","55.50","0.00"
"1300-0000-13-137376MO","14874","Ladies Concho","10727","Shoe Size - 8","0","128.00","55.50","0.00"
"1300-0000-13-137376MO","14874","Ladies Concho","10728","Shoe Size - 9","2","128.00","55.50","0.00"
"1300-0000-13-137376MO","14874","Ladies Concho","10729","Shoe Size - 10","0","128.00","55.50","0.00"
"1300-0000-13-137376MO","14874","Ladies Concho","10730","Shoe Size - 11","0","128.00","55.50","0.00"
"1300-0000-13-137376MO","14874","Ladies Concho","10731","Shoe Size - 12","0","128.00","55.50","0.00"
"1300-0000-13-137376BL","14875","Ladies Concho","10741","Shoe Size - 4","0","128.00","55.50","0.00"
"1300-0000-13-137376BL","14875","Ladies Concho","10742","Shoe Size - 5","0","128.00","55.50","0.00"
"1300-0000-13-137376BL","14875","Ladies Concho","10743","Shoe Size - 6","0","128.00","55.50","0.00"
"1300-0000-13-137376BL","14875","Ladies Concho","10744","Shoe Size - 7","0","128.00","55.50","0.00"
"1300-0000-13-137376BL","14875","Ladies Concho","10745","Shoe Size - 8","1","128.00","55.50","0.00"
"1300-0000-13-137376BL","14875","Ladies Concho","10746","Shoe Size - 9","0","128.00","55.50","0.00"
"1300-0000-13-137376BL","14875","Ladies Concho","10747","Shoe Size - 10","1","128.00","55.50","0.00"
"1300-0000-13-137376BL","14875","Ladies Concho","10748","Shoe Size - 11","0","128.00","55.50","0.00"
"1300-0000-13-137376BL","14875","Ladies Concho","10749","Shoe Size - 12","0","128.00","55.50","0.00"
"5000-0008-13-1493IND","15914","Ladies Suede Moccasins","11864","Shoe Size - 6","2","96.00","41.50","0.00"
"5000-0008-13-1493IND","15914","Ladies Suede Moccasins","11865","Shoe Size - 7","2","96.00","41.50","0.00"
"5000-0008-13-1493IND","15914","Ladies Suede Moccasins","11866","Shoe Size - 11","0","96.00","41.50","0.00"
"5000-0008-13-1493IND","15914","Ladies Suede Moccasins","11867","Shoe Size - 4","0","96.00","41.50","0.00"
"5000-0008-13-1493IND","15914","Ladies Suede Moccasins","11868","Shoe Size - 5","0","96.00","41.50","0.00"
"5000-0008-13-1493IND","15914","Ladies Suede Moccasins","11869","Shoe Size - 8","1","96.00","41.50","0.00"
"5000-0008-13-1493IND","15914","Ladies Suede Moccasins","11870","Shoe Size - 9","2","96.00","41.50","0.00"
"5000-0008-13-1493IND","15914","Ladies Suede Moccasins","11871","Shoe Size - 10","0","96.00","41.50","0.00"
"5000-0008-13-1493IND","15914","Ladies Suede Moccasins","11872","Shoe Size - 12","0","96.00","41.50","0.00"
"5000-0008-13-1493FG","15915","Ladies Suede Moccasins","11873","Shoe Size - 6","1","96.00","41.50","0.00"
"5000-0008-13-1493FG","15915","Ladies Suede Moccasins","11874","Shoe Size - 7","0","96.00","41.50","0.00"
"5000-0008-13-1493FG","15915","Ladies Suede Moccasins","11875","Shoe Size - 11","0","96.00","41.50","0.00"
"5000-0008-13-1493FG","15915","Ladies Suede Moccasins","11876","Shoe Size - 4","0","96.00","41.50","0.00"
"5000-0008-13-1493FG","15915","Ladies Suede Moccasins","11877","Shoe Size - 5","0","96.00","41.50","0.00"
"5000-0008-13-1493FG","15915","Ladies Suede Moccasins","11878","Shoe Size - 8","1","96.00","41.50","0.00"
"5000-0008-13-1493FG","15915","Ladies Suede Moccasins","11879","Shoe Size - 9","1","96.00","41.50","0.00"
"5000-0008-13-1493FG","15915","Ladies Suede Moccasins","11880","Shoe Size - 10","0","96.00","41.50","0.00"
"5000-0008-13-1493FG","15915","Ladies Suede Moccasins","11881","Shoe Size - 12","0","96.00","41.50","0.00"
"3709-0000-13-2920227DKDKP","15916","Ladies Concho","11882","Shoe Size - 4","0","126.00","54.70","0.00"
"3709-0000-13-2920227DKDKP","15916","Ladies Concho","11883","Shoe Size - 5","0","126.00","54.70","0.00"
"3709-0000-13-2920227DKDKP","15916","Ladies Concho","11884","Shoe Size - 6","0","126.00","54.70","0.00"
"3709-0000-13-2920227DKDKP","15916","Ladies Concho","11885","Shoe Size - 8","1","126.00","54.70","0.00"
"3709-0000-13-2920227DKDKP","15916","Ladies Concho","11886","Shoe Size - 9","1","126.00","54.70","0.00"
"3709-0000-13-2920227DKDKP","15916","Ladies Concho","11887","Shoe Size - 10","0","126.00","54.70","0.00"
"3709-0000-13-2920227DKDKP","15916","Ladies Concho","11888","Shoe Size - 11","0","126.00","54.70","0.00"
"3709-0000-13-2920227DKDKP","15916","Ladies Concho","11889","Shoe Size - 12","0","126.00","54.70","0.00"
"3709-0000-13-2920227DKDKP","15916","Ladies Concho","11890","Shoe Size - 7","0","126.00","54.70","0.00"
"6080-0408-41SKNB-66158","16126","Ladies Suede Slippers","12244","Shoe Size - 4","0","108.00","46.90","0.00"
"6080-0408-41SKNB-66158","16126","Ladies Suede Slippers","12245","Shoe Size - 5","0","108.00","46.90","0.00"
"6080-0408-41SKNB-66158","16126","Ladies Suede Slippers","12246","Shoe Size - 6","1","108.00","46.90","0.00"
"6080-0408-41SKNB-66158","16126","Ladies Suede Slippers","12247","Shoe Size - 7","1","108.00","46.90","0.00"
"6080-0408-41SKNB-66158","16126","Ladies Suede Slippers","12248","Shoe Size - 8","1","108.00","46.90","0.00"
"6080-0408-41SKNB-66158","16126","Ladies Suede Slippers","12249","Shoe Size - 9","1","108.00","46.90","0.00"
"6080-0408-41SKNB-66158","16126","Ladies Suede Slippers","12250","Shoe Size - 10","0","108.00","46.90","0.00"
"6080-0408-41SKNB-66158","16126","Ladies Suede Slippers","12251","Shoe Size - 11","0","108.00","46.90","0.00"
"6080-0408-41SKNB-66158","16126","Ladies Suede Slippers","12252","Shoe Size - 12","0","108.00","46.90","0.00"
"1700-0008-43-565CHO","16313","Suede Papoose for Ladies","12595","Shoe Size - 6","1","119.00","38.50","0.00"
"1700-0008-43-565CHO","16313","Suede Papoose for Ladies","12596","Shoe Size - 10","1","119.00","38.50","0.00"
"134LEP1E","16376","copy of Ladies Leather Moccasins","12734","Shoe Size - 10","0","179.00","94.00","0.00"
"134LEP1E","16376","copy of Ladies Leather Moccasins","12735","Shoe Size - 6","0","179.00","94.00","0.00"
"134LEP1E","16376","copy of Ladies Leather Moccasins","12736","Shoe Size - 7","0","179.00","94.00","0.00"
"134LEP1E","16376","copy of Ladies Leather Moccasins","12737","Shoe Size - 8","0","179.00","94.00","0.00"
"134LEP1E","16376","copy of Ladies Leather Moccasins","12738","Shoe Size - 9","0","179.00","94.00","0.00"
"134LEP1E","16376","copy of Ladies Leather Moccasins","12739","Shoe Size - 5","0","179.00","94.00","0.00"
"134LEP1E","16376","copy of Ladies Leather Moccasins","12740","Shoe Size - 11","0","179.00","94.00","0.00"
