"Reference code","Product ID","Product name","Product Combinations ID","Combinations (Attribute - value pair)","Quantity","Final price (pre-tax)","Pre-tax wholesale price","Combinations wholesale price"
"A01036-7","30","Card - Teachings","","Card - Teachings","32","5.5","2.5","0"
"A01035-7","34","Card - Strength Within","","Card - Strength Within","52","5.5","2.5","0"
"A01034-POD2570","35","Card - Reaching Out","","Card - Reaching Out","10","6.35","2.75","0"
"A01037-7","40","Card - Trust","","Card - Trust","36","5.5","2.5","0"
"A08011-7","44","Card - Whisper","","Card - Whisper","107","5.5","2.5","0"
"A08007-POD2548","47","Card - A Moose and Goose","","Card - A Moose and Goose","15","6.35","2.75","0"
"A10012-POD2565","51","Card - Sky Sisters","","Card - Sky Sisters","11","6.35","2.75","0"
"A10004-7","54","Card - Merging Earth and Sky","","Card - Merging Earth and Sky","32","5.5","2.5","0"
"A10046-7","58","Card - Geese Spirit","","Card - Geese Spirit","25","5.5","2.5","0"
"A08013-POD2584","61","Card - New Day","","Card - New Day","9","6.35","2.75","0"
"A08045-20084","64","Card - Patience","","Card - Patience","12","6.35","2.75","0"
"A01029-POD2882","67","Card - Birth of Eagle Shadow","","Card - Birth of Eagle Shadow","10","6.35","2.75","0"
"A08019-POD2886","70","Card - Unity","","Card - Unity","5","6.35","2.75","0"
"A09006-POD2579","73","Card - River Keeper","","Card - River Keeper","7","6.35","2.75","0"
"A04015-20085","76","Card - Rebirth","","Card - Rebirth","4","6.35","2.75","0"
"A04039-7","79","Card - Nostalgia","","Card - Nostalgia","2","5.5","2.5","0"
"W13025-POD2569","85","Card - Passage","","Card - Passage","14","6.35","2.75","0"
"W12024-20076","88","Card - Breath of Life","","Card - Breath of Life","8","6.35","2.75","0"
"W12008-POD2581","95","Card - Winter Wolves","","Card - Winter Wolves","14","6.35","2.75","0"
"W12014-7","101","Card - Gate of Silk","","Card - Gate of Silk","1","5.5","2.5","0"
"W12005-POD2552","104","Card - Earth Keeper","","Card - Earth Keeper","12","6.35","2.75","0"
"W12016-POD2556","107","Card - Going Home","","Card - Going Home","13","6.35","2.75","0"
"W12018-POD2551","113","Card - Early Evening Flowing Into Fall","","Card - Early Evening Flowing Into Fall","14","6.35","2.75","0"
"SKU: 53-53-611","128","Bill Helin Killer Whale Pocket Pot Holder","","Bill Helin Killer Whale Pocket Pot Holder","0","27","11.7","0"
"SKU: 53-53-510","129","Bill Helin Chilkat Apron","","Bill Helin Chilkat Apron","0","36.95","16","0"
"SKU: 53-53-528","130","Bill Helin Chilkat Trivet or Coasters","","Bill Helin Chilkat Trivet or Coasters","0","14.95","6.3","0"
"SKU: 53-53-521","131","Bill Helin Chilkat Halo Mug","","Bill Helin Chilkat Halo Mug","0","11","4.75","0"
"SKU: 53-53-581","133","Bill Helin Chilkat Pot Holder","1079","Colors - Red/Black","0","14.95","6.5","0"
"SKU: 53-53-581","133","Bill Helin Chilkat Pot Holder","1080","Colors - Red/Black/White","0","14.95","6.5","0"
"SKU: 53-53-672","135","Bill Helin Eagle Oven Mitt","","Bill Helin Eagle Oven Mitt","0","18.95","8","0"
"SKU: 53-53-671","138","Bill Helin Eagle Pot Holder","","Bill Helin Eagle Pot Holder","0","14.95","6.5","0"
"SKU: 53-53-676x2","140","Bill Helin Eagle Trivet or Coasters","","Bill Helin Eagle Trivet or Coasters","0","14.95","6.3","0"
"SKU: 53-53-554","148","Bill Helin Hummingbird Apron","","Bill Helin Hummingbird Apron","0","36.95","16","0"
"SKU: 53-53-552","152","Bill Helin Hummingbird Pot Holder","","Bill Helin Hummingbird Pot Holder","3","14.95","5.75","0"
"SKU: 53-53-653","158","Bill Helin Killer Whale Pot Holder","","Bill Helin Killer Whale Pot Holder","3","14.95","5.75","0"
"SKU: 53-53-656x2","160","Bill Helin Killer Whale Trivet or Coasters","","Bill Helin Killer Whale Trivet or Coasters","0","14.95","6.3","0"
"SKU: 53-53-010","167","Bill Helin Raven Apron","","Bill Helin Raven Apron","1","36.95","16","0"
"SKU: 53-53-007","171","Bill Helin Raven Oven Mitt","","Bill Helin Raven Oven Mitt","0","18.95","8","0"
"SKU: 53-53-006","172","Bill Helin Raven Pot Holder","","Bill Helin Raven Pot Holder","2","14.95","6.5","0"
"SKU: 53-53-045","175","Bill Helin Raven Salad Servers","1063","Colors - Rosewood","0","67","29","0"
"SKU: 53-53-045","175","Bill Helin Raven Salad Servers","1064","Colors - Charcoal","2","67","29","0"
"SKU: 52-52-792","179","Andrew Williams Hummingbird Oven Mitt","","Andrew Williams Hummingbird Oven Mitt","0","18.95","8","0"
"SKU: 52-52-794","180","Andrew Williams Hummingbird Pocket Pot Holder","","Andrew Williams Hummingbird Pocket Pot Holder","0","27","11.75","0"
"SKU: 52-52-791","181","Andrew Williams Hummingbird Pot Holder","","Andrew Williams Hummingbird Pot Holder","0","14.95","6.5","0"
"SKU: 52-52-742","186","Andrew Williams Octopus Oven Mitt","","Andrew Williams Octopus Oven Mitt","0","18.95","8","0"
"SKU: 52-52-732","187","Andrew Williams Octopus Oven Mitt","","Andrew Williams Octopus Oven Mitt","0","18.95","8","0"
"SKU: 52-52-741","190","Andrew Williams Octopus Pot Holder","","Andrew Williams Octopus Pot Holder","0","14.95","6.5","0"
"SKU: 52-52-731","191","Andrew Williams Octopus Pot Holder","","Andrew Williams Octopus Pot Holder","0","14.95","6.5","0"
"SKU: 52-52-735x2","195","Andrew Williams Octopus Trivet or Coasters","","Andrew Williams Octopus Trivet or Coasters","0","14.95","6.3","0"
"SKU: 51-51-209","198","Anthony Joseph Salmon Apron","","Anthony Joseph Salmon Apron","0","36.95","16","0"
"SKU: 51-51-332","201","Anthony Joseph Salmon Oven Mitt","","Anthony Joseph Salmon Oven Mitt","0","18.95","8","0"
"SKU: 51-51-333","202","Anthony Joseph Salmon Pot Holder","","Anthony Joseph Salmon Pot Holder","0","14.95","6.5","0"
"SKU: 51-51-336x2","204","Anthony Joseph Salmon Trivet or Coasters","","Anthony Joseph Salmon Trivet or Coasters","0","14.95","6.3","0"
"SKU: 51-51-032","205","Bill Reid ""Children of the Raven"" Apron","","Bill Reid ""Children of the Raven"" Apron","0","36.95","16","0"
"SKU: 51-51-030","208","Bill Reid  ""Children of the Raven"" Oven Mitt","","Bill Reid  ""Children of the Raven"" Oven Mitt","0","18.95","6.95","0"
"SKU: 51-51-027","209","Bill Reid ""Children of the Raven"" Pot Holder","","Bill Reid ""Children of the Raven"" Pot Holder","0","14.95","4.75","0"
"SKU: 51-51-018x2","211","Bill Reil  ""Children of the Raven"" Trivet or Coasters","","Bill Reil  ""Children of the Raven"" Trivet or Coasters","0","14","6.3","0"
"SKU: 51-51-503","213","Clifton Fred ""Bear Box"" Oven Mitt","","Clifton Fred ""Bear Box"" Oven Mitt","0","17.25","6.95","0"
"SKU: 51-51-502","214","Clifton Fred ""Bear Box"" Pot Holder","","Clifton Fred ""Bear Box"" Pot Holder","0","12.95","4.75","0"
"SKU: 52-52-432","217","Connie Dickens Raven Oven Mitt","","Connie Dickens Raven Oven Mitt","0","18.95","8","0"
"SKU: 52-52-442","218","Connie Dickens Raven Oven Mitt","","Connie Dickens Raven Oven Mitt","0","18.95","8","0"
"SKU: 52-52-431","221","Connie Dickens Raven Pot Holder","","Connie Dickens Raven Pot Holder","0","14.95","6.5","0"
"SKU: 52-52-441","222","Connie Dickens Raven Pot Holder","","Connie Dickens Raven Pot Holder","0","14.95","6.5","0"
"SKU: 52-52-435x2","225","Connie Dickens Raven Trivet or Coasters","","Connie Dickens Raven Trivet or Coasters","0","14.95","6.3","0"
"SKU: 00-04-566","229","Corrine Hunt Namwayut Collection Large Bowl","","Corrine Hunt Namwayut Collection Large Bowl","2","80","34","0"
"SKU: 00-04-561","230","Corrine Hunt Namwayut Collection Large Bowl","","Corrine Hunt Namwayut Collection Large Bowl","0","80","34","0"
"SKU: 00-04-567","231","Corrine Hunt Namwayut Collection Large Bowl Set","","Corrine Hunt Namwayut Collection Large Bowl Set","0","144","62","0"
"SKU: 00-04-562","232","Corrine Hunt Namwayut Collection Large Bowl Set","","Corrine Hunt Namwayut Collection Large Bowl Set","0","144","62","0"
"SKU: 00-04-565","233","Corrine Hunt Namwayut Collection Small Bowl","","Corrine Hunt Namwayut Collection Small Bowl","0","65","28","0"
"SKU: 00-04-560","234","Corrine Hunt Namwayut Collection Small Bowl","","Corrine Hunt Namwayut Collection Small Bowl","0","65","28","0"
"SKU: 00-04-568","235","Corrine Hunt Collection Namwayut  Salad Servers","","Corrine Hunt Collection Namwayut  Salad Servers","0","67","29","0"
"SKU: 00-04-563","236","Corrine Hunt Collection Namwayut  Salad Servers","","Corrine Hunt Collection Namwayut  Salad Servers","1","67","29","0"
"SKU: 00-04-526","238","Corrine Hunt Sea to Sky Candle Holder","","Corrine Hunt Sea to Sky Candle Holder","0","50.95","22","0"
"SKU: 00-04-525","239","Corrine Hunt Sea to Sky Candle Holder","","Corrine Hunt Sea to Sky Candle Holder","0","48.45","21","0"
"SKU: 00-04-531","240","Corrine Hunt Sea to Sky Cheese Knife","","Corrine Hunt Sea to Sky Cheese Knife","2","56","22","0"
"SKU: 00-04-528","241","Corrine Hunt Sea to Sky Table Napkin Ring","","Corrine Hunt Sea to Sky Table Napkin Ring","1","14","6.05","0"
"SKU: 00-04-523","242","Corrine Hunt Sea to Sky Hostess Platter","","Corrine Hunt Sea to Sky Hostess Platter","0","42","18","0"
"SKU: 00-04-522","243","Corrine Hunt Sea to Sky Hostess Platter","","Corrine Hunt Sea to Sky Hostess Platter","0","78","34","0"
"SKU: 04-04-521","244","Corrine Hunt Sea to Sky Hostess Platter","","Corrine Hunt Sea to Sky Hostess Platter","0","70","30","0"
"SKU: 00-04-520","245","Corrine Hunt Sea to Sky Hostess Platter","","Corrine Hunt Sea to Sky Hostess Platter","0","63","27","0"
"SKU: 00-04-532","246","Corrine Hunt Sea to Sky Pâté Knife","","Corrine Hunt Sea to Sky Pâté Knife","0","46","20","0"
"SKU: 00-06-914","247","Corrine Hunt Sea to Sky Cheese Knife","","Corrine Hunt Sea to Sky Cheese Knife","0","74","32","0"
"SKU: 00-06-915","248","Corrine Hunt Sea to Sky Cheese Knife and Fork Set","","Corrine Hunt Sea to Sky Cheese Knife and Fork Set","1","88","38","0"
"SKU: 00-04-524","249","Corrine Hunt Collection Namwayut  Salad Servers","","Corrine Hunt Collection Namwayut  Salad Servers","0","67","29","0"
"A00048-7-POD2884","251","Card - The Protector","","Card - The Protector","6","6.35","2.75","0"
"SKU: 52-52-618","253","Jim Charlie Tablier Raven Apron","","Jim Charlie Tablier Raven Apron","1","36.95","16","0"
"SKU: 52-52-617","256","Jim Charlie Mitaine Raven Oven Mitt","","Jim Charlie Mitaine Raven Oven Mitt","0","18.95","8","0"
"A01003-POD2575","257","Card - Sky Girl","","Card - Sky Girl","12","6.35","2.75","0"
"SKU: 52-52-627","259","Jim Charlie Raven Oven Mitt","","Jim Charlie Raven Oven Mitt","1","18.95","8","0"
"SKU:52-52-616","261","Jim Charlie Raven Pocket Pot Holder","","Jim Charlie Raven Pocket Pot Holder","0","32","14","0"
"A04060-20083","262","Card - Passing Through","","Card - Passing Through","11","6.35","2.75","0"
"SKU:52-52-626","264","Jim Charlie Raven Pocket Pot Holder","","Jim Charlie Raven Pocket Pot Holder","0","32","14","0"
"SKU: 52-52-619","266","Jim Charlie Raven Pot Holder","","Jim Charlie Raven Pot Holder","1","14.95","5.75","0"
"SKU: 52-52-629","267","Jim Charlie Raven Pot Holder","","Jim Charlie Raven Pot Holder","0","14.95","6.5","0"
"A09054-20087","268","Card - Tranquility","","Card - Tranquility","9","6.35","2.75","0"
"SKU: 52-52-621x2","274","Jim Charlie Raven Trivet or Coasters","","Jim Charlie Raven Trivet or Coasters","0","14.95","5.25","0"
"SKU:52-52-644","281","Jim Charlie Salmon Pocket Pot Holder","","Jim Charlie Salmon Pocket Pot Holder","0","32","14","0"
"A10044-POD2572","285","Card - The Return","","Card - The Return","9","6.35","2.75","0"
"SKU: 52-52-646x2","286","Jim Charlie Salmon Trivet or Coasters","","Jim Charlie Salmon Trivet or Coasters","0","14.95","5.25","0"
"A13056-POD2568","290","Card - Otherness","","Card - Otherness","11","6.35","2.75","0"
"A13057-POD2567","294","Card - Origins","","Card - Origins","8","6.35","2.75","0"
"SKU: 51-51-805","296","Klatle-Bhi Killer Whale Apron","","Klatle-Bhi Killer Whale Apron","0","36.95","16","0"
"A16051-POD2566","299","Card - Northern Keepers","","Card - Northern Keepers","11","6.35","2.75","0"
"A16052-POD2586","304","Card - Zenith","","Card - Zenith","27","6.35","2.75","0"
"SKU: 51-51-710x2","306","Klatle-Bhi Moon Mask Trivet or Coasters","","Klatle-Bhi Moon Mask Trivet or Coasters","0","14.95","6.3","0"
"SKU: 51-51-702","308","Klatle-Bhi Moon Mask Oven Mitt","","Klatle-Bhi Moon Mask Oven Mitt","0","18.95","8","0"
"A16058-POD2574","309","Card - Silent Seekers","","Card - Silent Seekers","10","6.35","2.75","0"
"A16059-POD2582","313","Card - Wisdom Keepers","","Card - Wisdom Keepers","9","6.35","2.75","0"
"A95053-20081","315","Card - Messenger","","Card - Messenger","15","6.35","2.75","0"
"A14051-POD2554","318","Card - Gezaluwejit","","Card - Gezaluwejit","11","6.35","2.75","0"
"W13026-7","321","Card - In Her World","","Card - In Her World","9","5.5","2.5","0"
"W13047-POD2560","324","Card - Inner Memories","","Card - Inner Memories","11","6.35","2.75","0"
"SKU: 51-51-701","330","Klatle-Bhi Moon Mask Pot Holder","","Klatle-Bhi Moon Mask Pot Holder","0","14.95","6.5","0"
"A11052-7","331","Card - Curiously","","Card - Curiously","0","5.5","2.5","0"
"A12050-POD2559","332","Card - Ice Dream","","Card - Ice Dream","9","6.35","2.75","0"
"W13027-7","335","Card - Playing With Shadows","","Card - Playing With Shadows","2","5.5","2.5","0"
"W13053-20086","338","Card - Roots Of Another World","","Card - Roots Of Another World","9","6.35","2.75","0"
"A01038-7","341","Card - Harmony","","Card - Harmony","17","5.5","2.5","0"
"A01040-7","344","Card - Sharing","","Card - Sharing","42","5.5","2.5","0"
"A13042-POD2549","347","Card - Carried Away","","Card - Carried Away","7","6.35","2.75","0"
"W13023-POD2887","350","Card - Water and Spirit Buffalo","","Card - Water and Spirit Buffalo","11","6.35","2.75","0"
"SKU: 00-04-529","353","Corrine Hunt Sea to Sky Belt Buckle","","Corrine Hunt Sea to Sky Belt Buckle","0","34","14.5","0"
"SKU: 00-04-530","354","Corrine Hunt Sea to Sky Belt Buckle","","Corrine Hunt Sea to Sky Belt Buckle","0","34","14.5","0"
"SKU: 52-52-414","355","Connie Dickens Raven Bucket Tote Bag","","Connie Dickens Raven Bucket Tote Bag","0","56","24","0"
"SKU: 52-52-413","356","Connie Dickens Raven Zip Tote Bag","","Connie Dickens Raven Zip Tote Bag","0","52","22","0"
"SKU: 52-52-412","357","Connie Dickens Raven Town Bag","","Connie Dickens Raven Town Bag","2","56","24","0"
"SKU: 52-52-411","358","Connie Dickens Raven Passport Bag","","Connie Dickens Raven Passport Bag","3","40","16.75","0"
"SKU: 52-52-410","359","Connie Dickens Raven Zip Pouch","","Connie Dickens Raven Zip Pouch","2","20","8.25","0"
"SKU: 52-52-415","360","Connie Dickens Raven Coin Purse","","Connie Dickens Raven Coin Purse","0","15","6.5","0"
"SKU: 52-52-865","361","Kelly Robinson Eagle Bucket Tote Bag","","Kelly Robinson Eagle Bucket Tote Bag","0","56","24","0"
"SKU: 52-52-855","362","Kelly Robinson Eagle Bucket Tote Bag","","Kelly Robinson Eagle Bucket Tote Bag","0","56","24","0"
"SKU: 52-52-864","363","Kelly Robinson Eagle Zip Tote Bag","","Kelly Robinson Eagle Zip Tote Bag","0","52","22","0"
"SKU: 52-52-854","364","Kelly Robinson Eagle Zip Tote Bag","","Kelly Robinson Eagle Zip Tote Bag","0","52","22","0"
"SKU: 52-52-866","365","Kelly Robinson Eagle Coin Purse","","Kelly Robinson Eagle Coin Purse","0","15","6.5","0"
"SKU: 52-52-856","366","Kelly Robinson Eagle Coin Purse","","Kelly Robinson Eagle Coin Purse","1","15","6.5","0"
"SKU: 52-52-861","367","Kelly Robinson Eagle Passport Purse","","Kelly Robinson Eagle Passport Purse","1","40","16.75","0"
"SKU: 52-52-851","368","Kelly Robinson Eagle Passport Purse","","Kelly Robinson Eagle Passport Purse","2","40","16.75","0"
"SKU: 52-52-863","369","Kelly Robinson Eagle Town Bag","","Kelly Robinson Eagle Town Bag","2","56","24","0"
"SKU: 52-52-853","370","Kelly Robinson Eagle Town Bag","","Kelly Robinson Eagle Town Bag","3","56","21","0"
"SKU: 52-52-860","371","Kelly Robinson Eagle Zip Pouch","","Kelly Robinson Eagle Zip Pouch","2","20","8.25","0"
"SKU: 52-52-850","372","Kelly Robinson Eagle Zip Pouch","","Kelly Robinson Eagle Zip Pouch","1","20","8.25","0"
"SKU: 00-07-730x3","373","Corrine Hunt Silk Inspiration Bangle","1038","Size - S","0","54","23.5","0"
"SKU: 00-07-730x3","373","Corrine Hunt Silk Inspiration Bangle","1039","Size - M","1","54","23.5","0"
"SKU: 00-07-730x3","373","Corrine Hunt Silk Inspiration Bangle","1040","Size - L","0","54","23.5","0"
"SKU: 00-07-733x3","374","Corrine Hunt Silk Inspiration Bangle","1035","Size - S","0","54","23.5","0"
"SKU: 00-07-733x3","374","Corrine Hunt Silk Inspiration Bangle","1036","Size - M","1","54","23.5","0"
"SKU: 00-07-733x3","374","Corrine Hunt Silk Inspiration Bangle","1037","Size - L","1","54","23.5","0"
"SKU: 00-07-750x2","375","Corrine Hunt Silk Inspiration Cuff Bracelet","1033","Size - S","1","60","26","0"
"SKU: 00-07-750x2","375","Corrine Hunt Silk Inspiration Cuff Bracelet","1034","Size - M","1","60","26","0"
"SKU: 00-07-752x2","376","Corrine Hunt Silk Inspiration Cuff Bracelet","1031","Size - S","0","60","26","0"
"SKU: 00-07-752x2","376","Corrine Hunt Silk Inspiration Cuff Bracelet","1032","Size - M","0","60","26","0"
"SKU: 00-07-660","381","Corrine Hunt Silk Inspiration Oval Earrings","","Corrine Hunt Silk Inspiration Oval Earrings","1","50","21.5","0"
"SKU: 00-07-672","382","Corrine Hunt Silk Inspiration Oval Earrings","","Corrine Hunt Silk Inspiration Oval Earrings","1","50","21.5","0"
"SKU: 00-07-667","383","Corrine Hunt Silk Inspiration Trapezoid Earrings","","Corrine Hunt Silk Inspiration Trapezoid Earrings","2","50","21.5","0"
"SKU: 00-07-663","384","Corrine Hunt Silk Inspiration Trapezoid Earrings","","Corrine Hunt Silk Inspiration Trapezoid Earrings","2","50","21.5","0"
"SKU: 00-07-675","385","Corrine Hunt Silk Inspiration Trapezoid Earrings","","Corrine Hunt Silk Inspiration Trapezoid Earrings","1","50","21.5","0"
"SKU: 00-07-665","386","Corrine Hunt Silk Inspiration Triangle Earrings","","Corrine Hunt Silk Inspiration Triangle Earrings","1","50","21.5","0"
"SKU: 00-07-661","387","Corrine Hunt Silk Inspiration Triangle Earrings","","Corrine Hunt Silk Inspiration Triangle Earrings","1","50","21.5","0"
"SKU: 00-07-673","388","Corrine Hunt Silk Inspiration Triangle Earrings","","Corrine Hunt Silk Inspiration Triangle Earrings","2","50","21.5","0"
"SKU: 00-07-653","389","Corrine Hunt Silk Inspiration Oval Pendant","","Corrine Hunt Silk Inspiration Oval Pendant","0","46","20","0"
"SKU: 00-07-657","391","Corrine Hunt Silk Inspiration Oval Pendant","","Corrine Hunt Silk Inspiration Oval Pendant","2","46","20","0"
"SKU: 00-07-654","392","Corrine Hunt Silk Inspiration Round Pendant","","Corrine Hunt Silk Inspiration Round Pendant","1","46","20","0"
"SKU: 00-07-652","393","Corrine Hunt Silk Inspiration Round Pendant","","Corrine Hunt Silk Inspiration Round Pendant","1","46","20","0"
"SKU: 00-07-658","394","Corrine Hunt Silk Inspiration Round Pendant","","Corrine Hunt Silk Inspiration Round Pendant","1","46","20","0"
"SKU: 00-07-739x3","395","Kelly Robinson Silk Inspiration Bangle","1028","Size - S","2","54","23.5","0"
"SKU: 00-07-739x3","395","Kelly Robinson Silk Inspiration Bangle","1029","Size - M","0","54","23.5","0"
"SKU: 00-07-739x3","395","Kelly Robinson Silk Inspiration Bangle","1030","Size - L","2","54","23.5","0"
"SKU: 00-07-736x3","396","Kelly Robinson Silk Inspiration Bangle","1025","Size - S","0","54","23.5","0"
"SKU: 00-07-736x3","396","Kelly Robinson Silk Inspiration Bangle","1026","Size - M","0","54","23.5","0"
"SKU: 00-07-736x3","396","Kelly Robinson Silk Inspiration Bangle","1027","Size - L","0","54","23.5","0"
"SKU: 00-07-756x2","397","Kelly Robinson Silk Inspiration Cuff Bracelet","1023","Size - S","1","60","26","0"
"SKU: 00-07-756x2","397","Kelly Robinson Silk Inspiration Cuff Bracelet","1024","Size - M","1","60","26","0"
"SKU: 00-07-754x2","398","Kelly Robinson Silk Inspiration Cuff Bracelet","1021","Size - S","1","60","26","0"
"SKU: 00-07-754x2","398","Kelly Robinson Silk Inspiration Cuff Bracelet","1022","Size - M","1","60","26","0"
"SKU: 00-07-670","399","Kelly Robinson Silk Inspiration Drop Earrings","","Kelly Robinson Silk Inspiration Drop Earrings","2","50","21.5","0"
"SKU: 00-07-678","400","Kelly Robinson Silk Inspiration Drop Earrings","","Kelly Robinson Silk Inspiration Drop Earrings","1","50","21.5","0"
"SKU: 00-07-668","401","Kelly Robinson Silk Inspiration Oval Earrings","","Kelly Robinson Silk Inspiration Oval Earrings","2","50","21.5","0"
"SKU: 00-07-676","402","Kelly Robinson Silk Inspiration Oval Earrings","","Kelly Robinson Silk Inspiration Oval Earrings","0","50","21.5","0"
"SKU: 00-07-679","403","Kelly Robinson Silk Inspiration Trapezoid Earrings","","Kelly Robinson Silk Inspiration Trapezoid Earrings","0","50","21.5","0"
"SKU: 00-07-671","404","Kelly Robinson Silk Inspiration Trapezoid Earrings","","Kelly Robinson Silk Inspiration Trapezoid Earrings","2","50","21.5","0"
"SKU: 00-07-669","405","Kelly Robinson Silk Inspiration Triangle Earrings","","Kelly Robinson Silk Inspiration Triangle Earrings","2","50","21.5","0"
"SKU: 00-07-677","406","Kelly Robinson Silk Inspiration Triangle Earrings","","Kelly Robinson Silk Inspiration Triangle Earrings","1","50","21.5","0"
"SKU: 00-07-655","407","Kelly Robinson Silk Inspiration Oval Pendant","","Kelly Robinson Silk Inspiration Oval Pendant","2","46","20","0"
"SKU: 00-07-631","408","Kelly Robinson Silk Inspiration Oval Pendant","","Kelly Robinson Silk Inspiration Oval Pendant","1","46","20","0"
"SKU: 00-07-632","409","Kelly Robinson Silk Inspiration Round Pendant","","Kelly Robinson Silk Inspiration Round Pendant","2","46","20","0"
"SKU: 00-07-656","410","Kelly Robinson Silk Inspiration Round Pendant","","Kelly Robinson Silk Inspiration Round Pendant","2","46","16.5","0"
"SKU: 00-07-562x2","418","Andrew Williams Octopus Bracelet","7525","Size - 6.5""","0","110.95","45","0"
"SKU: 00-07-562x2","418","Andrew Williams Octopus Bracelet","7526","Size - 8""","2","110.95","45","0"
"SKU: 00-07-563x2","420","Andrew Williams Octopus Pendant","","Andrew Williams Octopus Pendant","1","90","39","0"
"00-07-581","423","Bill Helin Raven Bracelet","","Bill Helin Raven Bracelet","0","110.95","48","0"
"SKU: 00-07-528","424","Corrine Hunt Eagle Earrings","","Corrine Hunt Eagle Earrings","1","80","34.5","0"
"SKU: 00-07-520","426","Corrine Hunt Eagle Earrings","","Corrine Hunt Eagle Earrings","1","85","37","0"
"SKU: 00-07-530","427","Corrine Hunt Eagle Earrings","","Corrine Hunt Eagle Earrings","0","85","37","0"
"SKU: 00-07-504","428","Corrine Hunt Wolf Pendant","","Corrine Hunt Wolf Pendant","2","82","35.5","0"
"SKU: 00-07-529","429","Corrine Hunt Wolf Earrings","","Corrine Hunt Wolf Earrings","1","80","34.5","0"
"SKU: 00-07-521","430","Corrine Hunt Killer Whale Earrings","","Corrine Hunt Killer Whale Earrings","1","85","37","0"
"SKU: 00-07-508","431","Corrine Hunt Eagle Pendant","","Corrine Hunt Eagle Pendant","1","90","39","0"
"SKU: 00-07-523","434","Corrine Hunt Killer Whale Earrings","","Corrine Hunt Killer Whale Earrings","0","85","37","0"
"SKU: 00-07-501","435","Corrine Hunt Killer Whale Pendant","1015","Size - S","0","60","27","35.5"
"SKU: 00-07-501","435","Corrine Hunt Killer Whale Pendant","1016","Size - L","1","86","27","37.5"
"SKU: 00-07-500","436","Corrine Hunt Eagle Pendant","","Corrine Hunt Eagle Pendant","2","82","35.5","0"
"SKU: 00-07-524","437","Corrine Hunt Wolf Earrings","","Corrine Hunt Wolf Earrings","1","85","37","0"
"SKU: 00-07-509","439","Corrine Hunt Wolf Pendant","11700","Jewelry - Silver chain","1","90","39","39"
"SKU: 00-07-509","439","Corrine Hunt Wolf Pendant","11701","Jewelry - Black Satin Cord","0","74","39","32"
"SKU: 00-07-594","440","Corrine Hunt Eagle Pendant","","Corrine Hunt Eagle Pendant","0","82","28","0"
"SKU: 00-07-507","442","Corrine Hunt Eagle Pendant","6556","Jewelry - Silver chain","1","82","28","35.5"
"SKU: 00-07-507","442","Corrine Hunt Eagle Pendant","6557","Jewelry - Black Satin Cord","0","74","28","31.5"
"SKU: 00-07-505","443","Corrine Hunt Eagle Pendant","","Corrine Hunt Eagle Pendant","1","82","35.5","0"
"SKU: 00-07-595","444","Corrine Hunt Killer Whale Pendant","","Corrine Hunt Killer Whale Pendant","1","76","32","0"
"SKU: 00-07-506","445","Corrine Hunt Eagle Pendant","","Corrine Hunt Eagle Pendant","0","82","35.5","0"
"SKU: 00-07-570x2","447","Kelly Robinson Eagle Bracelet","7830","Size - 6.5""","0","110.95","48","0"
"SKU: 00-07-570x2","447","Kelly Robinson Eagle Bracelet","7831","Size - 8""","0","110.95","48","0"
"SKU: 00-07-571x2","448","Kelly Robinson Hummingbird Bracelet","7523","Size - 6.5""","0","110.95","0","48"
"SKU: 00-07-571x2","448","Kelly Robinson Hummingbird Bracelet","7524","Size - 8""","0","110.95","0","45"
"SKU: 00-04-703","449","Moon Mask Cribbage Board","","Moon Mask Cribbage Board","0","196","85","0"
"SKU: 00-04-702","451","Cribbage Board","","Cribbage Board","1","180","72","0"
"SKU: 00-04-495","452","Keith Tait Frog Box","","Keith Tait Frog Box","1","81","35","0"
"SKU: 90-90-252","454","John Robson CMH Clamshell Box Watch","11706","Size - M","0","345","450","150"
"SKU: 90-90-252","454","John Robson CMH Clamshell Box Watch","11707","Size - L","0","1050","450","450"
"SKU: 90-90-250","455","CMH Dogfish Box","","CMH Dogfish Box","0","62","27","0"
"SKU: 90-90-251","456","CMH Sea Monster Box","","CMH Sea Monster Box","0","76","33","0"
"SKU: 90-90-152","457","Haida Gwaii Beaver Bowl","","Haida Gwaii Beaver Bowl","1","230","92","0"
"SKU: 90-90-150","458","Haida Gwaii Frog Bowl","","Haida Gwaii Frog Bowl","1","65","28","0"
"SKU: 90-90-151","459","Haida Gwaii Frog Bowl","","Haida Gwaii Frog Bowl","0","80.95","35","0"
"SKU: 90-90-200","460","Haida Gwaii Halibut Plate","","Haida Gwaii Halibut Plate","0","152","66","0"
"SKU: 90-90-201","461","Haida Gwaii Killer Whale Plate","","Haida Gwaii Killer Whale Plate","1","182","72","0"
"SKU: 90-90-203","463","Haida Gwaii Sea Wolf Platter","","Haida Gwaii Sea Wolf Platter","1","448","180","0"
"SKU: 90-90-202","465","Haida Gwaii Thunderbird/Whale Platter","","Haida Gwaii Thunderbird/Whale Platter","0","254","110","0"
"SKU: 90-90-003","466","Haida Gwaii Bear/Dogfish Totem","","Haida Gwaii Bear/Dogfish Totem","0","50.95","22","0"
"SKU: 90-90-001","467","Haida Gwaii Bear/Halibut Totem","","Haida Gwaii Bear/Halibut Totem","0","38.5","16.75","0"
"SKU: 90-90-009","468","Haida Gwaii Bear Mother Totem","","Haida Gwaii Bear Mother Totem","0","230","100","0"
"SKU: 90-90-004","469","Haida Gwaii Bear/Raven Totem","","Haida Gwaii Bear/Raven Totem","0","76","33","0"
"SKU: 90-90-002","471","Haida Gwaii Bear/Salmon Totem","","Haida Gwaii Bear/Salmon Totem","0","50.95","22","0"
"SKU: 90-90-008","472","Haida Gwaii Beaver/Bear/Killer Whale Totem","","Haida Gwaii Beaver/Bear/Killer Whale Totem","0","104","45","0"
"SKU: 90-90-010","473","Haida Gwaii Eagle Totem","","Haida Gwaii Eagle Totem","0","299","130","0"
"SKU: 90-90-006","474","Haida Gwaii Raven Totem","","Haida Gwaii Raven Totem","0","82.95","36","0"
"SKU: 90-90-005","475","Haida Gwaii Raven/Beaver Totem","","Haida Gwaii Raven/Beaver Totem","0","76","33","0"
"SKU: 90-90-007","476","Haida Gwaii Shaman/Raven/Beaver Totem","","Haida Gwaii Shaman/Raven/Beaver Totem","0","104","45","0"
"SKU: 00-02-826","477","Potlatch Bear Dish","","Potlatch Bear Dish","2","116","50.5","0"
"SKU: 00-02-816","478","Potlatch Bear Bowl","","Potlatch Bear Bowl","0","299","130","0"
"SKU: 00-02-815","479","Potlatch Dogfish Bowl","","Potlatch Dogfish Bowl","0","222","96","0"
"SKU: 00-02-822","480","Potlatch Frog Bowl","","Potlatch Frog Bowl","3","116","50.5","0"
"SKU: 00-02-823","481","Potlatch Loon Bowl","","Potlatch Loon Bowl","0","116","50.5","0"
"SKU: 00-02-824","482","Potlatch Raven Bowl","","Potlatch Raven Bowl","1","116","50.5","0"
"SKU: 00-02-814","483","Potlatch Raven Bowl","","Potlatch Raven Bowl","1","184","96","0"
"SKU-54-54-380","489","City Bag, Bear Box","4027","Colors - Black","0","110","48","0"
"SKU-54-54-380","489","City Bag, Bear Box","4029","Colors - Turquoise","0","110","48","0"
"SKU-54-54-380","489","City Bag, Bear Box","4030","Colors - Walnut","1","110","48","0"
"SKU: 54-54-206x12","501","Bear Box Coin Purse","106","Colors - Black","0","34.5","15","0"
"SKU: 54-54-206x12","501","Bear Box Coin Purse","107","Colors - Red","0","34.5","15","0"
"SKU: 54-54-206x12","501","Bear Box Coin Purse","110","Colors - Turquoise","0","34.5","15","0"
"SKU: 54-54-206x12","501","Bear Box Coin Purse","112","Colors - Black Deer","0","34.5","15","0"
"SKU: 54-54-206x12","501","Bear Box Coin Purse","113","Colors - Red Deer","0","34.5","15","0"
"SKU: 54-54-206x12","501","Bear Box Coin Purse","114","Colors - Light Brown Deer","0","34.5","15","0"
"SKU: 54-54-206x12","501","Bear Box Coin Purse","115","Colors - Turquoise Deer","0","34.5","15","0"
"SKU: 54-54-206x12","501","Bear Box Coin Purse","9223","Colors - Beige","1","34.5","15","0"
"SKU: 54-54-395","502","Mini Coin Purse Bear Box","102","Colors - Black","0","32.95","14.5","0"
"SKU: 54-54-395","502","Mini Coin Purse Bear Box","103","Colors - Red","4","32.95","14.5","0"
"SKU: 54-54-395","502","Mini Coin Purse Bear Box","104","Colors - Turquoise","4","32.95","14.5","0"
"SKU: 54-54-395","502","Mini Coin Purse Bear Box","105","Colors - Light Brown","3","32.95","14.5","0"
"SKU: 54-54-395","502","Mini Coin Purse Bear Box","2069","Colors - Walnut","0","32.95","14.5","0"
"SKU: 54-54-395","502","Mini Coin Purse Bear Box","3952","Colors - Yellow","3","32.95","14.5","0"
"SKU: 54-54-208","509","Passport Pouch Bear Box","4097","Colors - Black","0","72","31","0"
"SKU: 54-54-208","509","Passport Pouch Bear Box","4098","Colors - Red","0","72","31","0"
"SKU: 54-54-208","509","Passport Pouch Bear Box","4099","Colors - Walnut","0","72","31","0"
"SKU: 54-54-208","509","Passport Pouch Bear Box","4100","Colors - Turquoise","1","72","31","0"
"SKU: 54-54-208","509","Passport Pouch Bear Box","4102","Colors - Teal ","1","72","31","0"
"SKU: 54-54-208","509","Passport Pouch Bear Box","4121","Colors - Bronze","0","72","31","0"
"SKU: 54-54-208","509","Passport Pouch Bear Box","7834","Colors - Cream","0","72","31","0"
"SKU: 54-54-208","509","Passport Pouch Bear Box","9129","Colors - Yellow","0","72","31","0"
"SKU: 54-54-203","518","Embossed Solo Bag Bear Box","8523","Colors - Black","0","120","52","0"
"SKU: 54-54-203","518","Embossed Solo Bag Bear Box","8524","Colors - Red","0","120","52","0"
"SKU: 54-54-203","518","Embossed Solo Bag Bear Box","8525","Colors - Saddle","0","120","52","0"
"SKU: 54-54-203","518","Embossed Solo Bag Bear Box","8526","Colors - Turquoise","0","120","52","0"
"SKU: 54-54-203","518","Embossed Solo Bag Bear Box","8527","Colors - Black Deer","0","120","52","0"
"SKU: 54-54-203","518","Embossed Solo Bag Bear Box","8528","Colors - Red Deer","0","120","52","0"
"SKU: 54-54-203","518","Embossed Solo Bag Bear Box","8529","Colors - Beige Deer","0","120","52","0"
"SKU: 54-54-203","518","Embossed Solo Bag Bear Box","8530","Colors - Tan Deer","0","120","52","0"
"SKU: 54-54-203","518","Embossed Solo Bag Bear Box","8531","Colors - Turquoise Deer","1","120","52","0"
"SKU: 54-54-232","525","Wristlet Bear Box","4078","Colors - Black","0","56","24","0"
"SKU: 54-54-232","525","Wristlet Bear Box","4079","Colors - Red","0","56","24","0"
"SKU: 54-54-232","525","Wristlet Bear Box","4081","Colors - Turquoise","0","56","24","0"
"SKU: 54-54-232","525","Wristlet Bear Box","4082","Colors - Tan","0","56","24","0"
"SKU: 54-54-232","525","Wristlet Bear Box","4090","Colors - Cherry","0","56","24","0"
"SKU: 54-54-232","525","Wristlet Bear Box","8532","Colors - Saddle","0","56","24","0"
"SKU: 54-54-134x7","531","Bill Helin Eagle Coin Purse","62","Colors - Black","0","34","14.5","0"
"SKU: 54-54-134x7","531","Bill Helin Eagle Coin Purse","63","Colors - Red","0","34","14.5","0"
"SKU: 54-54-134x7","531","Bill Helin Eagle Coin Purse","64","Colors - Turquoise","0","34","14.5","0"
"SKU: 54-54-134x7","531","Bill Helin Eagle Coin Purse","65","Colors - Light Brown","0","34","14.5","0"
"SKU: 54-54-134x7","531","Bill Helin Eagle Coin Purse","67","Colors - Light Brown Deer","0","28","14.5","28"
"SKU: 54-54-134x7","531","Bill Helin Eagle Coin Purse","68","Colors - Red Deer","0","28","14.5","0"
"A01030-6","607","Small Print - Eagle Moon","","Small Print - Eagle Moon","2","25","0","0"
"A01028-POD2555","608","Matted Print - Giving Thanks","","Matted Print - Giving Thanks","4","20","7.5","0"
"A01031-6","609","Small Print - Honoring the Giver of Life","","Small Print - Honoring the Giver of Life","19","25","0","0"
"A01032-6","610","Small Print - Moon Wisdom","","Small Print - Moon Wisdom","75","25","0","0"
"A01033-6","611","Small Print - New Fire","","Small Print - New Fire","91","25","0","0"
"A01036-6","612","Small Print - Teachings","","Small Print - Teachings","98","25","0","0"
"A01037-6","615","Small Print - Trust","","Small Print - Trust","5","25","0","0"
"A08011-6","616","Small Print - Whisper","","Small Print - Whisper","2","25","0","0"
"A08007-6","617","Small Print - A Moose and Goose","","Small Print - A Moose and Goose","4","25","0","0"
"A10012-6","618","Small Print - Sky Sisters","","Small Print - Sky Sisters","10","25","0","0"
"A10004-6","619","Small Print - Merging Earth and Sky","","Small Print - Merging Earth and Sky","1","25","0","0"
"A08013-POD2584","621","Matted Print - New Day","","Matted Print - New Day","2","20","7.5","0"
"A08045-20084","622","Matted Print - Patience","","Matted Print - Patience","2","20","7.5","0"
"A01029-6","623","Small Print - Birth of an Eagle Shadow","","Small Print - Birth of an Eagle Shadow","7","25","0","0"
"A08019-6","624","Small Print - Unity","","Small Print - Unity","0","25","0","0"
"A09006-6","625","Small Print - River Keeper","","Small Print - River Keeper","42","25","0","0"
"A04015-6","626","Small Print - Rebirth","","Small Print - Rebirth","1","25","0","0"
"A04039-6","627","Small Print - Nostalgia","","Small Print - Nostalgia","16","25","0","0"
"A07020-6","628","Small Print - Journey to the Spirit World","","Small Print - Journey to the Spirit World","11","25","0","0"
"W12024-6","630","Small Print - Breath of Life","","Small Print - Breath of Life","74","25","0","0"
"W12017-6","631","Small Print - Synchronicity","","Small Print - Synchronicity","67","25","0","0"
"W12008-6","632","Small Print - Winter Wolves","","Small Print - Winter Wolves","30","25","0","0"
"W12001-6","633","Small Print - Dialogue","","Small Print - Dialogue","9","25","0","0"
"W12014-6","634","Small Print - Gate of Silk","","Small Print - Gate of Silk","10","25","0","0"
"W12005-6","635","Small Print - Earth Keeper","","Small Print - Earth Keeper","42","25","0","0"
"W12016-6","636","Small Print - Going Home","","Small Print - Going Home","11","25","0","0"
"W12018-6","638","Small Print - Early Evening Flowing Into Fall","","Small Print - Early Evening Flowing Into Fall","15","25","0","0"
"A00048-6","640","Small Print - The Protector","","Small Print - The Protector","9","25","0","0"
"A01003-6","641","Small Print - Sky Girl","","Small Print - Sky Girl","10","25","0","0"
"A04060-6","642","Small Print - Passing Through","","Small Print - Passing Through","5","25","0","0"
"A09054-6","643","Small print - Tranquility","","Small print - Tranquility","8","25","0","0"
"A16055-6","644","Small Print - Abundance","","Small Print - Abundance","14","25","0","0"
"A13041-6","645","Small Print - Lapinx","","Small Print - Lapinx","17","25","0","0"
"A10044-6","646","Small Print - Returning","","Small Print - Returning","7","25","0","0"
"A13056-6","647","Small print - Otherness","","Small print - Otherness","12","25","0","0"
"A13057-6","648","Small Print - Origins","","Small Print - Origins","11","25","0","0"
"A16051-POD2566","649","Matted Print - Northern Keepers","","Matted Print - Northern Keepers","1","20","7.5","0"
"A16058-6","651","Small Print - Silent Seekers","","Small Print - Silent Seekers","11","25","0","0"
"A16059-6","652","Small Print - Wisdom Keepers","","Small Print - Wisdom Keepers","2","25","0","0"
"A95053-6","653","Small Print - Messenger","","Small Print - Messenger","7","25","0","0"
"A14051-POD2554","654","Matted Print - Gezaluwejit","","Matted Print - Gezaluwejit","1","20","7.5","0"
"W13026-6","655","Small Print - In Her World","","Small Print - In Her World","15","25","0","0"
"A12050-6","658","Small Print - Ice Dream","","Small Print - Ice Dream","1","25","0","0"
"W13027-6","659","Small Print - Playing With Shadows","","Small Print - Playing With Shadows","15","25","0","0"
"A13053-6","660","Small Print - Roots Of Another World","","Small Print - Roots Of Another World","10","25","0","0"
"A01038-6","661","Small Print - Harmony","","Small Print - Harmony","52","25","0","0"
"W13023-6","664","Small Print - Water and Spirit Buffalo","","Small Print - Water and Spirit Buffalo","14","25","0","0"
"A01031-2","667","Ltd Edition - Honoring the Giver of Life","1601","Frame Options - Without frame ","2","170","0","70.73"
"A01031-2","667","Ltd Edition - Honoring the Giver of Life","1602","Frame Options - Black rustic frame 1""","0","335","0","0"
"A01031-2","667","Ltd Edition - Honoring the Giver of Life","1603","Frame Options - Brown rustic frame 1""","0","335","0","0"
"A01031-2","667","Ltd Edition - Honoring the Giver of Life","1604","Frame Options - Grey rustic frame 1""","0","335","0","0"
"A01032-2","668","Ltd Edition - Moon Wisdom","1605","Frame Options - Without frame ","2","170","0","74"
"A01032-2","668","Ltd Edition - Moon Wisdom","1606","Frame Options - Brown rustic frame 1""","0","335","0","0"
"A01032-2","668","Ltd Edition - Moon Wisdom","1607","Frame Options - Black rustic frame 1""","0","335","0","0"
"A01032-2","668","Ltd Edition - Moon Wisdom","1608","Frame Options - Grey rustic frame 1""","0","335","0","0"
"A01033-2","669","Ltd Edition - New Fire","1609","Frame Options - Without frame ","1","170","0","74"
"A01033-2","669","Ltd Edition - New Fire","1610","Frame Options - Black rustic frame 1""","0","335","0","0"
"A01033-2","669","Ltd Edition - New Fire","1611","Frame Options - Brown rustic frame 1""","0","335","0","0"
"A01033-2","669","Ltd Edition - New Fire","1612","Frame Options - Grey rustic frame 1""","0","335","0","0"
"A01036-2","670","Ltd Edition - Teachings","1613","Frame Options - Without frame ","1","170","0","74"
"A01036-2","670","Ltd Edition - Teachings","1614","Frame Options - Black rustic frame 1""","0","335","0","0"
"A01036-2","670","Ltd Edition - Teachings","1615","Frame Options - Brown rustic frame 1""","0","335","0","0"
"A01036-2","670","Ltd Edition - Teachings","1616","Frame Options - Grey rustic frame 1""","0","335","0","0"
"A01034-2","672","Ltd Edition - Reaching Out","1617","Frame Options - Without frame ","2","170","0","74"
"A01034-2","672","Ltd Edition - Reaching Out","1618","Frame Options - Black rustic frame 1""","0","335","0","0"
"A01034-2","672","Ltd Edition - Reaching Out","1619","Frame Options - Brown rustic frame 1""","0","335","0","0"
"A01034-2","672","Ltd Edition - Reaching Out","1620","Frame Options - Grey rustic frame 1""","0","335","0","0"
"A08007-2","675","Ltd Edition - A Moose and Goose","1801","Frame Options - Without frame ","1","170","0","74"
"A08007-2","675","Ltd Edition - A Moose and Goose","1802","Frame Options - Black rustic frame 1""","0","335","0","0"
"A08007-2","675","Ltd Edition - A Moose and Goose","1803","Frame Options - Brown rustic frame 1""","0","335","0","0"
"A08007-2","675","Ltd Edition - A Moose and Goose","1804","Frame Options - Grey rustic frame 1""","0","335","0","0"
"A10046-2","678","Ltd Edition - Geese Spirit","1725","Frame Options - Without frame ","2","170","0","74"
"A10046-2","678","Ltd Edition - Geese Spirit","1726","Frame Options - Black rustic frame 1""","0","335","0","0"
"A10046-2","678","Ltd Edition - Geese Spirit","1727","Frame Options - Brown rustic frame 1""","0","335","0","0"
"A10046-2","678","Ltd Edition - Geese Spirit","1728","Frame Options - Grey rustic frame 1""","0","335","0","0"
"A08045-2","680","Ltd Edition - Patience","1889","Frame Options - Without frame ","4","140","0","62.7"
"A08045-2","680","Ltd Edition - Patience","1890","Frame Options - Black rustic frame 1""","0","305","0","0"
"A08045-2","680","Ltd Edition - Patience","1891","Frame Options - Brown rustic frame 1""","0","305","0","0"
"A08045-2","680","Ltd Edition - Patience","1892","Frame Options - Grey rustic frame 1""","0","305","0","0"
"A08019-2","682","Ltd Edition - Unity","1805","Frame Options - Without frame ","2","170","0","70.73"
"A08019-2","682","Ltd Edition - Unity","1806","Frame Options - Black rustic frame 1""","0","335","0","0"
"A08019-2","682","Ltd Edition - Unity","1807","Frame Options - Brown rustic frame 1""","0","335","0","0"
"A08019-2","682","Ltd Edition - Unity","1808","Frame Options - Grey rustic frame 1""","0","335","0","0"
"A09006-2","683","Ltd Edition - River Keeper","1909","Frame Options - Without frame ","2","155","0","67.3"
"A09006-2","683","Ltd Edition - River Keeper","1910","Frame Options - Black rustic frame 1""","0","320","0","0"
"A09006-2","683","Ltd Edition - River Keeper","1911","Frame Options - Brown rustic frame 1""","0","320","0","0"
"A09006-2","683","Ltd Edition - River Keeper","1912","Frame Options - Grey rustic frame 1""","0","320","0","0"
"A04015-2","684","Ltd Edition - Rebirth","1809","Frame Options - Without frame ","2","170","0","74"
"A04015-2","684","Ltd Edition - Rebirth","1810","Frame Options - Black rustic frame 1""","0","335","0","0"
"A04015-2","684","Ltd Edition - Rebirth","1811","Frame Options - Brown rustic frame 1""","0","335","0","0"
"A04015-2","684","Ltd Edition - Rebirth","1812","Frame Options - Grey rustic frame 1""","0","335","0","0"
"A04039-2","685","Ltd Edition - Nostalgia","1813","Frame Options - Without frame ","3","170","0","74"
"A04039-2","685","Ltd Edition - Nostalgia","1814","Frame Options - Black rustic frame 1""","0","335","0","0"
"A04039-2","685","Ltd Edition - Nostalgia","1815","Frame Options - Grey rustic frame 1""","0","335","0","0"
"A04039-2","685","Ltd Edition - Nostalgia","1816","Frame Options - Brown rustic frame 1""","0","335","0","0"
"W13025-2","687","Ltd Edition - Passage","1625","Frame Options - Without frame ","1","170","0","74"
"W13025-2","687","Ltd Edition - Passage","1626","Frame Options - Black rustic frame 1""","0","335","0","0"
"W13025-2","687","Ltd Edition - Passage","1627","Frame Options - Brown rustic frame 1""","0","335","0","0"
"W13025-2","687","Ltd Edition - Passage","1628","Frame Options - Grey rustic frame 1""","0","335","0","0"
"W12024-2","688","Ltd Edition - Breath of life","1729","Frame Options - Without frame ","2","170","0","74"
"W12024-2","688","Ltd Edition - Breath of life","1730","Frame Options - Black rustic frame 1""","0","335","0","0"
"W12024-2","688","Ltd Edition - Breath of life","1731","Frame Options - Brown rustic frame 1""","0","335","0","0"
"W12024-2","688","Ltd Edition - Breath of life","1732","Frame Options - Grey rustic frame 1""","0","335","0","0"
"W12017-2","689","Ltd Edition - Synchronicity","1629","Frame Options - Without frame ","3","170","0","70.73"
"W12017-2","689","Ltd Edition - Synchronicity","1630","Frame Options - Black rustic frame 1""","0","335","0","0"
"W12017-2","689","Ltd Edition - Synchronicity","1631","Frame Options - Grey rustic frame 1""","0","335","0","0"
"W12017-2","689","Ltd Edition - Synchronicity","1632","Frame Options - Brown rustic frame 1""","0","335","0","0"
"W12008-2","690","Ltd Edition - Winter wolves","1733","Frame Options - Without frame ","2","170","0","70.73"
"W12008-2","690","Ltd Edition - Winter wolves","1734","Frame Options - Black rustic frame 1""","0","335","0","0"
"W12008-2","690","Ltd Edition - Winter wolves","1735","Frame Options - Brown rustic frame 1""","0","335","0","0"
"W12008-2","690","Ltd Edition - Winter wolves","1736","Frame Options - Grey rustic frame 1""","0","335","0","0"
"W12001-2","691","Ltd Edition - Dialogue","1873","Frame Options - Without frame ","2","135","0","60.85"
"W12001-2","691","Ltd Edition - Dialogue","1874","Frame Options - Black rustic frame 1""","0","305","0","0"
"W12001-2","691","Ltd Edition - Dialogue","1875","Frame Options - Brown rustic frame 1""","0","305","0","0"
"W12001-2","691","Ltd Edition - Dialogue","1876","Frame Options - Grey rustic frame 1""","0","305","0","0"
"W12014-2","692","Ltd Edition - Gate of Silk","1737","Frame Options - Without frame ","4","170","0","74"
"W12014-2","692","Ltd Edition - Gate of Silk","1738","Frame Options - Black rustic frame 1""","0","335","0","0"
"W12014-2","692","Ltd Edition - Gate of Silk","1739","Frame Options - Brown rustic frame 1""","0","335","0","0"
"W12014-2","692","Ltd Edition - Gate of Silk","1740","Frame Options - Grey rustic frame 1""","0","335","0","0"
"W12005-2","693","Ltd Edition - Earth Keeper","1633","Frame Options - Without frame ","3","170","0","74"
"W12005-2","693","Ltd Edition - Earth Keeper","1634","Frame Options - Black rustic frame 1""","0","335","0","0"
"W12005-2","693","Ltd Edition - Earth Keeper","1635","Frame Options - Brown rustic frame 1""","0","335","0","0"
"W12005-2","693","Ltd Edition - Earth Keeper","1636","Frame Options - Grey rustic frame 1""","0","335","0","0"
"W12016-2","694","Ltd Edition - Going Home","1637","Frame Options - Without frame ","2","170","0","74"
"W12016-2","694","Ltd Edition - Going Home","1638","Frame Options - Black rustic frame 1""","0","335","0","0"
"W12016-2","694","Ltd Edition - Going Home","1639","Frame Options - Brown rustic frame 1""","0","335","0","0"
"W12016-2","694","Ltd Edition - Going Home","1640","Frame Options - Grey rustic frame 1""","0","335","0","0"
"W12018-2","696","Ltd Edition - Early Evening Flowing into Fall","1741","Frame Options - Without frame ","2","170","0","74"
"W12018-2","696","Ltd Edition - Early Evening Flowing into Fall","1742","Frame Options - Black rustic frame 1""","0","335","0","0"
"W12018-2","696","Ltd Edition - Early Evening Flowing into Fall","1743","Frame Options - Brown rustic frame 1""","0","335","0","0"
"W12018-2","696","Ltd Edition - Early Evening Flowing into Fall","1744","Frame Options - Grey rustic frame 1""","0","335","0","0"
"A00048-2","698","Ltd Edition - The Protector","1653","Frame Options - Without frame ","2","170","0","70.73"
"A00048-2","698","Ltd Edition - The Protector","1654","Frame Options - Black rustic frame 1""","0","335","0","0"
"A00048-2","698","Ltd Edition - The Protector","1655","Frame Options - Brown rustic frame 1""","0","335","0","0"
"A00048-2","698","Ltd Edition - The Protector","1656","Frame Options - Grey rustic frame 1""","0","335","0","0"
"A01003-2","699","Ltd Edition - Sky Girl","1641","Frame Options - Without frame ","3","170","0","70.73"
"A01003-2","699","Ltd Edition - Sky Girl","1642","Frame Options - Black rustic frame 1""","0","335","0","0"
"A01003-2","699","Ltd Edition - Sky Girl","1643","Frame Options - Brown rustic frame 1""","0","335","0","0"
"A01003-2","699","Ltd Edition - Sky Girl","1644","Frame Options - Grey rustic frame 1""","0","335","0","0"
"A04060-2","700","Ltd Edition - Passing Through","1817","Frame Options - Without frame ","1","170","0","74"
"A04060-2","700","Ltd Edition - Passing Through","1818","Frame Options - Black rustic frame 1""","0","335","0","0"
"A04060-2","700","Ltd Edition - Passing Through","1819","Frame Options - Brown rustic frame 1""","0","335","0","0"
"A04060-2","700","Ltd Edition - Passing Through","1820","Frame Options - Grey rustic frame 1""","0","335","0","0"
"A09054-2","701","Ltd Edition - Tranquility","1645","Frame Options - Without frame ","2","170","0","70.73"
"A09054-2","701","Ltd Edition - Tranquility","1646","Frame Options - Black rustic frame 1""","0","335","0","0"
"A09054-2","701","Ltd Edition - Tranquility","1647","Frame Options - Brown rustic frame 1""","0","335","0","0"
"A09054-2","701","Ltd Edition - Tranquility","1648","Frame Options - Grey rustic frame 1""","0","335","0","0"
"A16055-2","702","Ltd Edition - Abundance","1649","Frame Options - Without frame ","2","170","0","74"
"A16055-2","702","Ltd Edition - Abundance","1650","Frame Options - Brown rustic frame 1""","0","335","0","0"
"A16055-2","702","Ltd Edition - Abundance","1651","Frame Options - Black rustic frame 1""","0","335","0","0"
"A16055-2","702","Ltd Edition - Abundance","1652","Frame Options - Grey rustic frame 1""","0","335","0","0"
"A13041-2","703","Ltd Edition - Lapinx","1918","Frame Options - Black rustic frame 1""","0","320","0","0"
"A13041-2","703","Ltd Edition - Lapinx","1919","Frame Options - Brown rustic frame 1""","0","320","0","0"
"A13041-2","703","Ltd Edition - Lapinx","1920","Frame Options - Grey rustic frame 1""","0","320","0","0"
"A13041-2","703","Ltd Edition - Lapinx","11347","Frame Options - Without frame 4.5"" x 13.25""","0","155","0","0"
"A13041-2","703","Ltd Edition - Lapinx","11348","Frame Options - Without frame 6"" x 18""","3","170","0","74"
"A13056-2","705","Ltd Edition - Otherness","1877","Frame Options - Without frame ","2","140","0","62.7"
"A13056-2","705","Ltd Edition - Otherness","1878","Frame Options - Black rustic frame 1""","0","305","0","0"
"A13056-2","705","Ltd Edition - Otherness","1879","Frame Options - Brown rustic frame 1""","0","305","0","0"
"A13056-2","705","Ltd Edition - Otherness","1880","Frame Options - Grey rustic frame 1""","0","305","0","0"
"A13057-2","706","Ltd Edition - Origins","1821","Frame Options - Without frame ","1","170","0","74"
"A13057-2","706","Ltd Edition - Origins","1822","Frame Options - Black rustic frame 1""","0","335","0","0"
"A13057-2","706","Ltd Edition - Origins","1823","Frame Options - Brown rustic frame 1""","0","335","0","0"
"A13057-2","706","Ltd Edition - Origins","1824","Frame Options - Grey rustic frame 1""","0","335","0","0"
"A16051-2","707","Ltd Edition - Northern Keepers","1521","Frame Options - Without frame ","1","170","0","74"
"A16051-2","707","Ltd Edition - Northern Keepers","1522","Frame Options - Black rustic frame 1""","0","335","0","0"
"A16051-2","707","Ltd Edition - Northern Keepers","1523","Frame Options - Brown rustic frame 1""","0","335","0","0"
"A16051-2","707","Ltd Edition - Northern Keepers","1524","Frame Options - Grey rustic frame 1""","0","335","0","0"
"A16058-2","709","Ltd Edition - Silent Seekers","1881","Frame Options - Without frame ","1","140","0","62.7"
"A16058-2","709","Ltd Edition - Silent Seekers","1882","Frame Options - Black rustic frame 1""","0","305","0","0"
"A16058-2","709","Ltd Edition - Silent Seekers","1883","Frame Options - Brown rustic frame 1""","0","305","0","0"
"A16058-2","709","Ltd Edition - Silent Seekers","1884","Frame Options - Grey rustic frame 1""","0","305","0","0"
"A16059-2","710","Ltd Edition - Wisdom Keepers","1885","Frame Options - Without frame ","0","140","0","62.7"
"A16059-2","710","Ltd Edition - Wisdom Keepers","1886","Frame Options - Black rustic frame 1""","0","305","0","0"
"A16059-2","710","Ltd Edition - Wisdom Keepers","1887","Frame Options - Brown rustic frame 1""","0","305","0","0"
"A16059-2","710","Ltd Edition - Wisdom Keepers","1888","Frame Options - Grey rustic frame 1""","0","305","0","0"
"A95053-2","711","Ltd Edition - Messenger","1893","Frame Options - Without frame ","3","140","0","62.7"
"A95053-2","711","Ltd Edition - Messenger","1894","Frame Options - Black rustic frame 1""","0","305","0","0"
"A95053-2","711","Ltd Edition - Messenger","1895","Frame Options - Brown rustic frame 1""","0","305","0","0"
"A95053-2","711","Ltd Edition - Messenger","1896","Frame Options - Grey rustic frame 1""","0","305","0","0"
"A14051-2","712","Ltd Edition - Gezaluwejit","1529","Frame Options - Without frame ","2","170","0","74"
"A14051-2","712","Ltd Edition - Gezaluwejit","1530","Frame Options - Black rustic frame 1""","0","335","0","0"
"A14051-2","712","Ltd Edition - Gezaluwejit","1531","Frame Options - Brown rustic frame 1""","0","335","0","0"
"A14051-2","712","Ltd Edition - Gezaluwejit","1532","Frame Options - Grey rustic frame 1""","0","335","0","0"
"W13047-2","714","Ltd Edition - Inner Memories","1753","Frame Options - Without frame ","4","170","0","74"
"W13047-2","714","Ltd Edition - Inner Memories","1754","Frame Options - Black rustic frame 1""","0","335","0","0"
"W13047-2","714","Ltd Edition - Inner Memories","1755","Frame Options - Brown rustic frame 1""","0","335","0","0"
"W13047-2","714","Ltd Edition - Inner Memories","1756","Frame Options - Grey rustic frame 1""","0","335","0","0"
"A12050-2","716","Ltd Edition - Ice Dream","1757","Frame Options - Without frame ","3","170","0","74"
"A12050-2","716","Ltd Edition - Ice Dream","1758","Frame Options - Black rustic frame 1""","0","335","0","0"
"A12050-2","716","Ltd Edition - Ice Dream","1759","Frame Options - Brown rustic frame 1""","0","335","0","0"
"A12050-2","716","Ltd Edition - Ice Dream","1760","Frame Options - Grey rustic frame 1""","0","335","0","0"
"A13053-2","718","Ltd Edition - Roots Of Another World","1765","Frame Options - Without frame ","1","170","0","70.73"
"A13053-2","718","Ltd Edition - Roots Of Another World","1766","Frame Options - Black rustic frame 1""","0","335","0","0"
"A13053-2","718","Ltd Edition - Roots Of Another World","1767","Frame Options - Brown rustic frame 1""","0","335","0","0"
"A13053-2","718","Ltd Edition - Roots Of Another World","1768","Frame Options - Grey rustic frame 1""","0","335","0","0"
"A01038-2","719","Ltd Edition - Harmony","1930","Frame Options - Without frame ","1","170","0","70.73"
"A01038-2","719","Ltd Edition - Harmony","1931","Frame Options - Black rustic frame 1""","0","335","0","0"
"A01038-2","719","Ltd Edition - Harmony","1932","Frame Options - Brown rustic frame 1""","0","335","0","0"
"A01038-2","719","Ltd Edition - Harmony","1933","Frame Options - Grey rustic frame 1""","0","335","0","0"
"A13042-2","721","Ltd Edition - Carried Away","1897","Frame Options - Without frame ","1","140","0","62.7"
"A13042-2","721","Ltd Edition - Carried Away","1898","Frame Options - Black rustic frame 1""","0","305","0","0"
"A13042-2","721","Ltd Edition - Carried Away","1899","Frame Options - Brown rustic frame 1""","0","305","0","0"
"A13042-2","721","Ltd Edition - Carried Away","1900","Frame Options - Grey rustic frame 1""","0","305","0","0"
"W13023-2","722","Ltd Edition - Water and Spirit Buffalo","1769","Frame Options - Without frame ","1","170","0","70.73"
"W13023-2","722","Ltd Edition - Water and Spirit Buffalo","1770","Frame Options - Black rustic frame 1""","0","335","0","0"
"W13023-2","722","Ltd Edition - Water and Spirit Buffalo","1771","Frame Options - Brown rustic frame 1""","0","335","0","0"
"W13023-2","722","Ltd Edition - Water and Spirit Buffalo","1772","Frame Options - Grey rustic frame 1""","0","335","0","0"
"A01031-1","725","Canvas - Honoring the Giver of Life","1589","Frame Options - Without frame ","1","295","0","0"
"A01031-1","725","Canvas - Honoring the Giver of Life","1590","Frame Options - Wood floater frame black","0","395","0","0"
"A01031-1","725","Canvas - Honoring the Giver of Life","1591","Frame Options - Wood floater frame brown","0","395","0","0"
"A01031-1","725","Canvas - Honoring the Giver of Life","1592","Frame Options - Wood floater frame pewter","0","395","0","0"
"A08007-1","733","Canvas - A Moose and Goose","1777","Frame Options - Without frame ","1","190","0","0"
"A08007-1","733","Canvas - A Moose and Goose","1778","Frame Options - Wood floater frame black","0","290","0","0"
"A08007-1","733","Canvas - A Moose and Goose","1779","Frame Options - Wood floater frame brown","0","290","0","0"
"A08007-1","733","Canvas - A Moose and Goose","1780","Frame Options - Wood floater frame pewter","0","290","0","0"
"A10046-1","736","Canvas - Geese Spirit","1665","Frame Options - Without frame ","0","295","0","84.27"
"A10046-1","736","Canvas - Geese Spirit","1666","Frame Options - Wood floater frame black","0","395","0","0"
"A10046-1","736","Canvas - Geese Spirit","1667","Frame Options - Wood floater frame brown","0","395","0","0"
"A10046-1","736","Canvas - Geese Spirit","1668","Frame Options - Wood floater frame pewter","0","395","0","0"
"A08013-1","737","Canvas - New Day","1561","Frame Options - Without frame ","1","295","0","0"
"A08013-1","737","Canvas - New Day","1562","Frame Options - Wood floater frame black","0","395","0","0"
"A08013-1","737","Canvas - New Day","1563","Frame Options - Wood floater frame brown","0","395","0","0"
"A08013-1","737","Canvas - New Day","1564","Frame Options - Wood floater frame pewter","0","395","0","0"
"A08045-1","738","Canvas - Patience","1837","Frame Options - Without frame ","1","225","0","0"
"A08045-1","738","Canvas - Patience","1838","Frame Options - Wood floater frame black","0","325","0","0"
"A08045-1","738","Canvas - Patience","1839","Frame Options - Wood floater frame brown","0","325","0","0"
"A08045-1","738","Canvas - Patience","1840","Frame Options - Wood floater frame pewter","0","325","0","0"
"A08019-1","740","Canvas - Unity","1781","Frame Options - Without frame ","1","335","0","0"
"A08019-1","740","Canvas - Unity","1782","Frame Options - Wood floater frame black","0","435","0","0"
"A08019-1","740","Canvas - Unity","1783","Frame Options - Wood floater frame brown","0","435","0","0"
"A08019-1","740","Canvas - Unity","1784","Frame Options - Wood floater frame pewter","0","435","0","0"
"A09006-1","741","Canvas - River Keeper","1854","Frame Options - Wood floater frame black","0","495","0","0"
"A09006-1","741","Canvas - River Keeper","1855","Frame Options - Wood floater frame brown","0","495","0","0"
"A09006-1","741","Canvas - River Keeper","1856","Frame Options - Wood floater frame pewter","0","495","0","0"
"A09006-1","741","Canvas - River Keeper","8134","Frame Options - Without frame 15"" x 24""","1","315","0","0"
"A09006-1","741","Canvas - River Keeper","8135","Frame Options - Without frame 30"" x 48""","0","695","0","0"
"A09006-1","741","Canvas - River Keeper","9712","Frame Options - Without frame 29"" x 48""","1","695","0","0"
"A07020-1","744","Canvas - Journey to the Spirit World","1857","Frame Options - Without frame ","1","525","0","0"
"A07020-1","744","Canvas - Journey to the Spirit World","1858","Frame Options - Wood floater frame black","0","695","0","0"
"A07020-1","744","Canvas - Journey to the Spirit World","1859","Frame Options - Wood floater frame brown","0","695","0","0"
"A07020-1","744","Canvas - Journey to the Spirit World","1860","Frame Options - Wood floater frame pewter","0","695","0","0"
"W12024-1","746","Canvas - Breath of life","1669","Frame Options - Without frame ","1","325","0","0"
"W12024-1","746","Canvas - Breath of life","1670","Frame Options - Wood floater frame black","0","425","0","0"
"W12024-1","746","Canvas - Breath of life","1671","Frame Options - Wood floater frame brown","0","425","0","0"
"W12024-1","746","Canvas - Breath of life","1672","Frame Options - Wood floater frame pewter","0","425","0","0"
"A13041-1","761","Canvas - Lapinx","1861","Frame Options - Without frame ","1","395","0","120"
"A13041-1","761","Canvas - Lapinx","1862","Frame Options - Wood floater frame black","0","495","0","0"
"A13041-1","761","Canvas - Lapinx","1863","Frame Options - Wood floater frame brown","0","495","0","0"
"A13041-1","761","Canvas - Lapinx","1864","Frame Options - Wood floater frame pewter","0","495","0","0"
"A16052-1","766","Canvas - Zenith","1866","Frame Options - Wood floater frame black","0","345","0","0"
"A16052-1","766","Canvas - Zenith","1867","Frame Options - Wood floater frame brown","0","345","0","0"
"A16052-1","766","Canvas - Zenith","1868","Frame Options - Wood floater frame pewter","0","345","0","0"
"A16052-1","766","Canvas - Zenith","9715","Frame Options - Without frame ","1","245","0","102"
"A16058-1","767","Canvas - Silent Seekers","1829","Frame Options - Without frame ","0","295","0","0"
"A16058-1","767","Canvas - Silent Seekers","1830","Frame Options - Wood floater frame black","1","425","0","0"
"A16058-1","767","Canvas - Silent Seekers","1831","Frame Options - Wood floater frame brown","0","425","0","0"
"A16058-1","767","Canvas - Silent Seekers","1832","Frame Options - Wood floater frame pewter","0","425","0","0"
"A16059-1","768","Canvas - Wisdom Keepers","1833","Frame Options - Without frame ","1","225","0","74.36"
"A16059-1","768","Canvas - Wisdom Keepers","1834","Frame Options - Wood floater frame black","0","325","0","0"
"A16059-1","768","Canvas - Wisdom Keepers","1835","Frame Options - Wood floater frame brown","0","325","0","0"
"A16059-1","768","Canvas - Wisdom Keepers","1836","Frame Options - Wood floater frame pewter","0","325","0","0"
"A16059-1","768","Canvas - Wisdom Keepers","7802","Frame Options - Without frame 24"" x 12""","0","295","0","0"
"A16059-1","768","Canvas - Wisdom Keepers","7803","Frame Options - Wood floater black","0","395","0","0"
"A16059-1","768","Canvas - Wisdom Keepers","7804","Frame Options - Wood floater brown","0","395","0","0"
"A16059-1","768","Canvas - Wisdom Keepers","7805","Frame Options - Wood floater pewter","0","395","0","0"
"A14051-1","770","Canvas - Gezaluwejit","1525","Frame Options - Without frame ","1","295","0","0"
"A14051-1","770","Canvas - Gezaluwejit","1526","Frame Options - Wood floater frame black","0","395","0","0"
"A14051-1","770","Canvas - Gezaluwejit","1527","Frame Options - Wood floater frame brown","0","395","0","0"
"A14051-1","770","Canvas - Gezaluwejit","1528","Frame Options - Wood floater frame pewter","0","395","0","0"
"W13047-1","772","Canvas - Inner Memories","1693","Frame Options - Without frame ","0","295","0","0"
"W13047-1","772","Canvas - Inner Memories","1694","Frame Options - Wood floater frame black","0","395","0","0"
"W13047-1","772","Canvas - Inner Memories","1695","Frame Options - Wood floater frame brown","0","395","0","0"
"W13047-1","772","Canvas - Inner Memories","1696","Frame Options - Wood floater frame pewter","0","395","0","0"
"A12050-1","774","Canvas - Ice Dream","1697","Frame Options - Without frame ","1","295","0","0"
"A12050-1","774","Canvas - Ice Dream","1698","Frame Options - Wood floater frame black","0","395","0","0"
"A12050-1","774","Canvas - Ice Dream","1699","Frame Options - Wood floater frame brown","0","395","0","0"
"A12050-1","774","Canvas - Ice Dream","1700","Frame Options - Wood floater frame pewter","0","395","0","0"
"A13042-1","779","Canvas - Carried Away","1846","Frame Options - Wood floater frame black","0","325","0","0"
"A13042-1","779","Canvas - Carried Away","1847","Frame Options - Wood floater frame brown","0","325","0","0"
"A13042-1","779","Canvas - Carried Away","1848","Frame Options - Wood floater frame pewter","0","325","0","0"
"A13042-1","779","Canvas - Carried Away","7728","Frame Options - Without frame ","1","250","0","0"
"A17065-POD2578","781","Card - The Forest Temple","","Card - The Forest Temple","10","6.35","2.75","0"
"A17063-POD2550","782","Card - Depth","","Card - Depth","13","6.35","2.75","0"
"W17062-7","783","Card - Horizon","","Card - Horizon","0","5.5","2.5","0"
"A17064-POD2563","784","Card - M'Otter love","","Card - M'Otter love","13","6.35","2.75","0"
"A17063-POD2550","785","Matted Print - Depth","","Matted Print - Depth","5","20","7.5","0"
"W17062-6","786","Small Print - Horizon","","Small Print - Horizon","12","25","0","0"
"A17064-POD2563","787","Matted Print - M'Otter Love","","Matted Print - M'Otter Love","2","20","7.5","0"
"A17065-6","788","Small Print - The Forest Temple","","Small Print - The Forest Temple","7","25","0","0"
"A17065-2","789","Ltd Edition - The Forest Temple","1901","Frame Options - Without frame ","3","140","0","62.7"
"A17065-2","789","Ltd Edition - The Forest Temple","1902","Frame Options - Black rustic frame 1""","0","305","0","0"
"A17065-2","789","Ltd Edition - The Forest Temple","1903","Frame Options - Brown rustic frame 1""","0","305","0","0"
"A17065-2","789","Ltd Edition - The Forest Temple","1904","Frame Options - Grey rustic frame 1""","0","305","0","0"
"A17064-2","790","Ltd Edition - M'Otter Love","1926","Frame Options - Black rustic frame 1""","0","335","0","0"
"A17064-2","790","Ltd Edition - M'Otter Love","1927","Frame Options - Brown rustic frame 1""","0","335","0","0"
"A17064-2","790","Ltd Edition - M'Otter Love","1928","Frame Options - Grey rustic frame 1""","0","335","0","0"
"A17064-2","790","Ltd Edition - M'Otter Love","11349","Frame Options - Without frame 3.30"" x 13.5""","2","135","0","58.5"
"A17064-2","790","Ltd Edition - M'Otter Love","11350","Frame Options - Without frame 6"" x 24""","2","190","0","89.52"
"A17063-2","791","Ltd Edition - Depth","1513","Frame Options - Without frame ","2","170","0","74"
"A17063-2","791","Ltd Edition - Depth","1514","Frame Options - Black rustic frame 1""","0","335","0","0"
"A17063-2","791","Ltd Edition - Depth","1515","Frame Options - Brown rustic frame 1""","0","335","0","0"
"A17063-2","791","Ltd Edition - Depth","1516","Frame Options - Grey rustic frame 1""","0","335","0","0"
"W17062-2","792","Ltd Edition - Horizon","1773","Frame Options - Without frame ","2","170","0","74"
"W17062-2","792","Ltd Edition - Horizon","1774","Frame Options - Black rustic frame 1""","0","335","0","0"
"W17062-2","792","Ltd Edition - Horizon","1775","Frame Options - Brown rustic frame 1""","0","335","0","0"
"W17062-2","792","Ltd Edition - Horizon","1776","Frame Options - Grey rustic frame 1""","0","335","0","0"
"A17065-1","793","Canvas - The Forest Temple","1849","Frame Options - Without frame ","1","445","0","0"
"A17065-1","793","Canvas - The Forest Temple","1850","Frame Options - Wood floater frame black","0","545","0","0"
"A17065-1","793","Canvas - The Forest Temple","1851","Frame Options - Wood floater frame brown","0","545","0","0"
"A17065-1","793","Canvas - The Forest Temple","1852","Frame Options - Wood floater frame pewter","0","545","0","0"
"A17064-1","794","Canvas - Motter Love","1869","Frame Options - Without frame ","0","225","0","0"
"A17064-1","794","Canvas - Motter Love","1870","Frame Options - Wood floater frame black","0","315","0","0"
"A17064-1","794","Canvas - Motter Love","1871","Frame Options - Wood floater frame brown","0","315","0","0"
"A17064-1","794","Canvas - Motter Love","1872","Frame Options - Wood floater frame pewter","0","315","0","0"
"A17063-1","795","Canvas - Depth","1509","Frame Options - Wood floater frame black","0","345","0","0"
"A17063-1","795","Canvas - Depth","1510","Frame Options - Wood floater frame brown","0","345","0","0"
"A17063-1","795","Canvas - Depth","1511","Frame Options - Wood floater frame pewter","0","345","0","0"
"A17063-1","795","Canvas - Depth","1512","Frame Options - Without frame ","0","295","0","295"
"A17063-1","795","Canvas - Depth","6668","Frame Options - Without frame 24"" x 30""","1","495","0","0"
"A08021-7","797","Card - Wikwemikong","","Card - Wikwemikong","4","5.5","2.5","0"
"A09055-7","798","Card - Abundance","","Card - Abundance","13","5.5","2.5","0"
"W18053-7-POD2883","799","Card - Northern Masters","","Card - Northern Masters","8","6.35","2.75","0"
"W18053-6","800","Small Print - Northern Masters","","Small Print - Northern Masters","0","25","0","0"
"W18053-2","801","Ltd Edition - Northern Masters","1316","Frame Options - Black rustic frame 1""","0","335","0","0"
"W18053-2","801","Ltd Edition - Northern Masters","1317","Frame Options - Brown rustic frame 1""","0","335","0","0"
"W18053-2","801","Ltd Edition - Northern Masters","1318","Frame Options - Grey rustic frame 1""","0","335","0","0"
"W18053-2","801","Ltd Edition - Northern Masters","1319","Frame Options - Without frame ","3","170","0","74"
"A16058-WNS0701NC04A","807","Coco Tank ""Silent Seekers""","1435","Size - XS","1","79","34.35","0"
"A16058-WNS0701NC04A","807","Coco Tank ""Silent Seekers""","1436","Size - S","1","79","34.35","0"
"A16058-WNS0701NC04A","807","Coco Tank ""Silent Seekers""","1437","Size - M","2","79","34.35","0"
"A16058-WNS0701NC04A","807","Coco Tank ""Silent Seekers""","1438","Size - L","1","79","34.35","0"
"A16058-WNS0701NC04A","807","Coco Tank ""Silent Seekers""","1439","Size - XL","1","79","34.35","0"
"A16051-WNS0701NC05A","808","Coco Tank ""Northern Keepers""","1430","Size - XS","0","79","34.35","0"
"A16051-WNS0701NC05A","808","Coco Tank ""Northern Keepers""","1431","Size - S","1","79","34.35","0"
"A16051-WNS0701NC05A","808","Coco Tank ""Northern Keepers""","1432","Size - M","1","79","34.35","0"
"A16051-WNS0701NC05A","808","Coco Tank ""Northern Keepers""","1433","Size - L","1","79","34.35","0"
"A16051-WNS0701NC05A","808","Coco Tank ""Northern Keepers""","1434","Size - XL","0","79","34.35","0"
"A01028-WNS0701NC08A","809","Coco Tank ""Giving Thanks""","1425","Size - XS","2","79","34.35","0"
"A01028-WNS0701NC08A","809","Coco Tank ""Giving Thanks""","1426","Size - S","0","79","34.35","0"
"A01028-WNS0701NC08A","809","Coco Tank ""Giving Thanks""","1427","Size - M","0","79","34.35","0"
"A01028-WNS0701NC08A","809","Coco Tank ""Giving Thanks""","1428","Size - L","1","79","34.35","0"
"A01028-WNS0701NC08A","809","Coco Tank ""Giving Thanks""","1429","Size - XL","0","79","34.35","0"
"A17063-MTT0501NC02A","816","Jasper Tie ""Depth""","","Jasper Tie ""Depth""","0","79","33","0"
"A16058-MTT0501NC04A","817","Jasper Tie ""Silent Seekers""","","Jasper Tie ""Silent Seekers""","0","79","32","0"
"A16052-MTT0501NC0BA","818","Jasper Tie ""Zenith""","","Jasper Tie ""Zenith""","0","79","32","0"
"A16059-WDR1001NC0IA","819","Jeanne Dress ""Wisdom Keepers""","3117","Size - XS","0","149","58","0"
"A16059-WDR1001NC0IA","819","Jeanne Dress ""Wisdom Keepers""","3118","Size - S","0","149","58","0"
"A16059-WDR1001NC0IA","819","Jeanne Dress ""Wisdom Keepers""","3119","Size - M","0","149","58","0"
"A16059-WDR1001NC0IA","819","Jeanne Dress ""Wisdom Keepers""","3120","Size - L","0","149","58","0"
"A16059-WDR1001NC0IA","819","Jeanne Dress ""Wisdom Keepers""","3121","Size - XL","1","149","58","0"
"A16058-WSS0901NC04A","820","K Smith T-Shirt ""Silent Seekers""","1405","Size - XS","1","89","35","0"
"A16058-WSS0901NC04A","820","K Smith T-Shirt ""Silent Seekers""","1406","Size - S","1","89","35","0"
"A16058-WSS0901NC04A","820","K Smith T-Shirt ""Silent Seekers""","1407","Size - M","1","89","35","0"
"A16058-WSS0901NC04A","820","K Smith T-Shirt ""Silent Seekers""","1408","Size - L","1","89","35","0"
"A16058-WSS0901NC04A","820","K Smith T-Shirt ""Silent Seekers""","1409","Size - XL","1","89","35","0"
"A17063-WSS0901NC02A","821","K Smith T-Shirt ""Depth""","2313","Size - XS","0","89","35","0"
"A17063-WSS0901NC02A","821","K Smith T-Shirt ""Depth""","2314","Size - S","0","89","35","0"
"A17063-WSS0901NC02A","821","K Smith T-Shirt ""Depth""","2315","Size - M","0","89","35","0"
"A17063-WSS0901NC02A","821","K Smith T-Shirt ""Depth""","2316","Size - L","0","89","35","0"
"A17063-WSS0901NC02A","821","K Smith T-Shirt ""Depth""","2317","Size - XL","0","89","35","0"
"A17064-WNS0801NC03A","822","Kaplan Tank ""M'Otter Love""","1420","Size - XS","1","129","60","0"
"A17064-WNS0801NC03A","822","Kaplan Tank ""M'Otter Love""","1421","Size - S","1","129","60","0"
"A17064-WNS0801NC03A","822","Kaplan Tank ""M'Otter Love""","1422","Size - M","1","129","60","0"
"A17064-WNS0801NC03A","822","Kaplan Tank ""M'Otter Love""","1423","Size - L","1","129","60","0"
"A17064-WNS0801NC03A","822","Kaplan Tank ""M'Otter Love""","1424","Size - XL","1","129","60","0"
"A16058-WNS0801NC04B","823","Kaplan Tank ""Silent Seekers""","1415","Size - XS","1","129","60","0"
"A16058-WNS0801NC04B","823","Kaplan Tank ""Silent Seekers""","1416","Size - S","0","129","60","0"
"A16058-WNS0801NC04B","823","Kaplan Tank ""Silent Seekers""","1417","Size - M","1","129","60","0"
"A16058-WNS0801NC04B","823","Kaplan Tank ""Silent Seekers""","1418","Size - L","1","129","60","0"
"A16058-WNS0801NC04B","823","Kaplan Tank ""Silent Seekers""","1419","Size - XL","1","129","60","0"
"W13023-WNS0801NC09A","824","Kaplan Tank ""Water and Spirit Buffalo""","1410","Size - XS","0","129","60","0"
"W13023-WNS0801NC09A","824","Kaplan Tank ""Water and Spirit Buffalo""","1411","Size - S","0","129","60","0"
"W13023-WNS0801NC09A","824","Kaplan Tank ""Water and Spirit Buffalo""","1412","Size - M","1","129","60","0"
"W13023-WNS0801NC09A","824","Kaplan Tank ""Water and Spirit Buffalo""","1413","Size - L","0","129","60","0"
"W13023-WNS0801NC09A","824","Kaplan Tank ""Water and Spirit Buffalo""","1414","Size - XL","0","129","60","0"
"A17063-WDR2601NC02A","825","Kate Dress ""Depth""","1395","Size - XS","0","169","64.5","0"
"A17063-WDR2601NC02A","825","Kate Dress ""Depth""","1396","Size - S","1","169","64.5","0"
"A17063-WDR2601NC02A","825","Kate Dress ""Depth""","1397","Size - M","0","169","64.5","0"
"A17063-WDR2601NC02A","825","Kate Dress ""Depth""","1398","Size - L","0","169","64.5","0"
"A17063-WDR2601NC02A","825","Kate Dress ""Depth""","1399","Size - XL","1","169","64.5","0"
"A17064-WDR2601NC03D","826","Kate Dress ""M'Otter Love""","1390","Size - XS","1","169","64.5","0"
"A17064-WDR2601NC03D","826","Kate Dress ""M'Otter Love""","1391","Size - S","1","169","64.5","0"
"A17064-WDR2601NC03D","826","Kate Dress ""M'Otter Love""","1392","Size - M","0","169","64.5","0"
"A17064-WDR2601NC03D","826","Kate Dress ""M'Otter Love""","1393","Size - L","0","169","64.5","0"
"A17064-WDR2601NC03D","826","Kate Dress ""M'Otter Love""","1394","Size - XL","1","169","64.5","0"
"A16058-WDR2601NC04A","827","Kate Dress ""Silent Seekers""","1385","Size - XS","1","169","64.5","0"
"A16058-WDR2601NC04A","827","Kate Dress ""Silent Seekers""","1386","Size - S","1","169","64.5","0"
"A16058-WDR2601NC04A","827","Kate Dress ""Silent Seekers""","1387","Size - M","1","169","64.5","0"
"A16058-WDR2601NC04A","827","Kate Dress ""Silent Seekers""","1388","Size - L","0","169","64.5","0"
"A16058-WDR2601NC04A","827","Kate Dress ""Silent Seekers""","1389","Size - XL","1","169","64.5","0"
"A16051-WDR2601NC05A","828","Kate Dress ""Northern Keepers""","1380","Size - XS","1","169","64.5","0"
"A16051-WDR2601NC05A","828","Kate Dress ""Northern Keepers""","1381","Size - S","0","169","64.5","0"
"A16051-WDR2601NC05A","828","Kate Dress ""Northern Keepers""","1382","Size - M","1","169","64.5","0"
"A16051-WDR2601NC05A","828","Kate Dress ""Northern Keepers""","1383","Size - L","0","169","64.5","0"
"A16051-WDR2601NC05A","828","Kate Dress ""Northern Keepers""","1384","Size - XL","1","169","64.5","0"
"A09006-WDR2601NC06A","829","Kate Dress ""The River Keeper""","1375","Size - XS","0","169","64.5","0"
"A09006-WDR2601NC06A","829","Kate Dress ""The River Keeper""","1376","Size - S","0","169","64.5","0"
"A09006-WDR2601NC06A","829","Kate Dress ""The River Keeper""","1377","Size - M","0","169","64.5","0"
"A09006-WDR2601NC06A","829","Kate Dress ""The River Keeper""","1378","Size - L","0","169","64.5","0"
"A09006-WDR2601NC06A","829","Kate Dress ""The River Keeper""","1379","Size - XL","1","169","64.5","0"
"A01028-WDR2601NC08A","830","Kate Dress ""Giving Thanks""","3042","Size - XS","1","169","64.5","0"
"A01028-WDR2601NC08A","830","Kate Dress ""Giving Thanks""","3043","Size - S","1","169","64.5","0"
"A01028-WDR2601NC08A","830","Kate Dress ""Giving Thanks""","3044","Size - M","1","169","64.5","0"
"A01028-WDR2601NC08A","830","Kate Dress ""Giving Thanks""","3045","Size - L","0","169","64.5","0"
"A01028-WDR2601NC08A","830","Kate Dress ""Giving Thanks""","3046","Size - XL","0","169","64.5","0"
"W13023-WDR2601NC09A","831","Kate Dress ""Water and Spirit Buffalo""","1365","Size - XS","1","169","64.5","0"
"W13023-WDR2601NC09A","831","Kate Dress ""Water and Spirit Buffalo""","1366","Size - S","0","169","64.5","0"
"W13023-WDR2601NC09A","831","Kate Dress ""Water and Spirit Buffalo""","1367","Size - M","0","169","64.5","0"
"W13023-WDR2601NC09A","831","Kate Dress ""Water and Spirit Buffalo""","1368","Size - L","0","169","64.5","0"
"W13023-WDR2601NC09A","831","Kate Dress ""Water and Spirit Buffalo""","1369","Size - XL","2","169","64.5","0"
"A07020-WDR2601NC0AB","832","Kate Dress ""Journey to the Spirit World""","1360","Size - XS","0","169","64.5","0"
"A07020-WDR2601NC0AB","832","Kate Dress ""Journey to the Spirit World""","1361","Size - S","1","169","64.5","0"
"A07020-WDR2601NC0AB","832","Kate Dress ""Journey to the Spirit World""","1362","Size - M","0","169","64.5","0"
"A07020-WDR2601NC0AB","832","Kate Dress ""Journey to the Spirit World""","1363","Size - L","0","169","64.5","0"
"A07020-WDR2601NC0AB","832","Kate Dress ""Journey to the Spirit World""","1364","Size - XL","1","169","64.5","0"
"A16058-UAC1801NC04A","835","Pablo Pillow ""Silent Seekers""","","Pablo Pillow ""Silent Seekers""","3","59","21","0"
"W13023-UAC1801NC09A","837","Pablo Pillow ""Water and Spirit Buffalo""","","Pablo Pillow ""Water and Spirit Buffalo""","2","59","21","0"
"A07020-UAC1801NC0AB","838","Pablo Pillow ""Journey to the Spirit World""","","Pablo Pillow ""Journey to the Spirit World""","3","59","21","0"
"A16051-WDR1601NC05A","841","Patti Tunic ""Northern Keepers""","1480","Size - XS","1","129","50.5","0"
"A16051-WDR1601NC05A","841","Patti Tunic ""Northern Keepers""","1481","Size - S","0","129","50.5","0"
"A16051-WDR1601NC05A","841","Patti Tunic ""Northern Keepers""","1482","Size - M","0","129","50.5","0"
"A16051-WDR1601NC05A","841","Patti Tunic ""Northern Keepers""","1483","Size - L","0","129","50.5","0"
"A16051-WDR1601NC05A","841","Patti Tunic ""Northern Keepers""","1484","Size - XL","0","129","50.5","0"
"A17064-WAC0201NC03A","846","Vivienne Scarf ""M'Otter Love""","","Vivienne Scarf ""M'Otter Love""","4","59","23","0"
"A16058-WAC0201NC04A","847","Vivienne Scarf ""Silent Seekers""","","Vivienne Scarf ""Silent Seekers""","3","59","23","0"
"A16051-WAC0201NC05A","848","Vivienne Scarf ""Northern Keepers""","","Vivienne Scarf ""Northern Keepers""","5","59","23","0"
"A09006-WAC0201NC06A","849","Vivienne Scarf ""The River Keeper""","","Vivienne Scarf ""The River Keeper""","5","59","23","0"
"W12001-WAC0201NC07B","850","Vivienne Scarf ""Dialogue""","","Vivienne Scarf ""Dialogue""","4","59","23","0"
"A01028-WAC0201NC08A","851","Vivienne Scarf ""Giving Thanks""","","Vivienne Scarf ""Giving Thanks""","3","59","23","0"
"W13023-WAC0201NC09A","852","Vivienne Scarf ""Water and Spirit Buffalo""","","Vivienne Scarf ""Water and Spirit Buffalo""","4","59","23","0"
"A07020-WAC0201NC0AA","853","Vivienne Scarf ""Journey to the Spirit World""","","Vivienne Scarf ""Journey to the Spirit World""","5","59","23","0"
"A16052-WAC0201NC0BA","854","Vivienne Scarf ""Zenith""","","Vivienne Scarf ""Zenith""","4","59","23","0"
"A17065-WAC0201NC0CA","855","Vivienne Scarf ""Forest Temple""","","Vivienne Scarf ""Forest Temple""","6","59","23","0"
"A17063-WSS0701NC02A","856","Yoko Cape Tunic ""Depth""","3177","Size - XS","0","139","65","0"
"A17063-WSS0701NC02A","856","Yoko Cape Tunic ""Depth""","3178","Size - S","0","139","65","0"
"A17063-WSS0701NC02A","856","Yoko Cape Tunic ""Depth""","3179","Size - M","1","139","65","0"
"A17063-WSS0701NC02A","856","Yoko Cape Tunic ""Depth""","3180","Size - L","0","139","65","0"
"A17063-WSS0701NC02A","856","Yoko Cape Tunic ""Depth""","3181","Size - XL","0","139","65","0"
"A16058-WSS0701NC04A","859","Yoko Cape Tunic ""Silent Seekers""","1460","Size - XS","1","139","65","0"
"A16058-WSS0701NC04A","859","Yoko Cape Tunic ""Silent Seekers""","1461","Size - S","1","139","65","0"
"A16058-WSS0701NC04A","859","Yoko Cape Tunic ""Silent Seekers""","1462","Size - M","1","139","65","0"
"A16058-WSS0701NC04A","859","Yoko Cape Tunic ""Silent Seekers""","1463","Size - L","1","139","65","0"
"A16058-WSS0701NC04A","859","Yoko Cape Tunic ""Silent Seekers""","1464","Size - XL","1","139","65","0"
"A16051-WSS0701NC05A","861","Yoko Cape Tunic ""Nothern Keepers""","3182","Size - XS","1","139","65","0"
"A16051-WSS0701NC05A","861","Yoko Cape Tunic ""Nothern Keepers""","3183","Size - S","0","139","65","0"
"A16051-WSS0701NC05A","861","Yoko Cape Tunic ""Nothern Keepers""","3184","Size - M","0","139","65","0"
"A16051-WSS0701NC05A","861","Yoko Cape Tunic ""Nothern Keepers""","3185","Size - L","0","139","65","0"
"A16051-WSS0701NC05A","861","Yoko Cape Tunic ""Nothern Keepers""","3186","Size - XL","0","139","65","0"
"W13023-WSS0701NC09A","862","Yoko Cape Tunic ""Water & Spirit Buffalo""","3187","Size - XS","1","139","65","0"
"W13023-WSS0701NC09A","862","Yoko Cape Tunic ""Water & Spirit Buffalo""","3188","Size - S","1","139","65","0"
"W13023-WSS0701NC09A","862","Yoko Cape Tunic ""Water & Spirit Buffalo""","3189","Size - M","0","139","65","0"
"W13023-WSS0701NC09A","862","Yoko Cape Tunic ""Water & Spirit Buffalo""","3190","Size - L","0","139","65","0"
"W13023-WSS0701NC09A","862","Yoko Cape Tunic ""Water & Spirit Buffalo""","3191","Size - XL","0","139","65","0"
"WSS0701NC0AA","863","Yoko Cape Tunic ""Journey to the Spirit World""","3192","Size - XS","0","139","65","0"
"WSS0701NC0AA","863","Yoko Cape Tunic ""Journey to the Spirit World""","3193","Size - S","0","139","65","0"
"WSS0701NC0AA","863","Yoko Cape Tunic ""Journey to the Spirit World""","3194","Size - M","0","139","65","0"
"WSS0701NC0AA","863","Yoko Cape Tunic ""Journey to the Spirit World""","3195","Size - L","0","139","65","0"
"WSS0701NC0AA","863","Yoko Cape Tunic ""Journey to the Spirit World""","3196","Size - XL","0","139","65","0"
"A16059-WSS0701NC0IA","864","Yoko Cape Tunic ""Wisdom Keepers""","1440","Size - XS","0","139","65","0"
"A16059-WSS0701NC0IA","864","Yoko Cape Tunic ""Wisdom Keepers""","1441","Size - S","1","139","65","0"
"A16059-WSS0701NC0IA","864","Yoko Cape Tunic ""Wisdom Keepers""","1442","Size - M","0","139","65","0"
"A16059-WSS0701NC0IA","864","Yoko Cape Tunic ""Wisdom Keepers""","1443","Size - L","0","139","65","0"
"A16059-WSS0701NC0IA","864","Yoko Cape Tunic ""Wisdom Keepers""","1444","Size - XL","1","139","65","0"
"A17064-WSS0901NC03B","865","K Smith T-Shirt ""M'Otter Love""","3312","Size - XS","1","89","35","0"
"A17064-WSS0901NC03B","865","K Smith T-Shirt ""M'Otter Love""","3313","Size - S","1","89","35","0"
"A17064-WSS0901NC03B","865","K Smith T-Shirt ""M'Otter Love""","3314","Size - M","1","89","35","0"
"A17064-WSS0901NC03B","865","K Smith T-Shirt ""M'Otter Love""","3315","Size - L","1","89","35","0"
"A17064-WSS0901NC03B","865","K Smith T-Shirt ""M'Otter Love""","3316","Size - XL","0","89","35","0"
"W12018-UAC1801NC0DB","868","Pablo Pillow ""Early Evening Flowing into Fall""","","Pablo Pillow ""Early Evening Flowing into Fall""","2","59","21","0"
"A13041-UAC1801NC0EB","869","Pablo Pillow ""Lapinx""","","Pablo Pillow ""Lapinx""","3","59","21","0"
"A17065-UAC0301NC0CC","870","Pablo Pillow ""Forest Temple""","","Pablo Pillow ""Forest Temple""","2","59","21","0"
"A13041-WDR2901NC0EB","881","Joni Dress ""Lapinx""","3097","Size - XS","0","139","59.1","0"
"A13041-WDR2901NC0EB","881","Joni Dress ""Lapinx""","3098","Size - S","1","139","59.1","0"
"A13041-WDR2901NC0EB","881","Joni Dress ""Lapinx""","3099","Size - M","0","139","59.1","0"
"A13041-WDR2901NC0EB","881","Joni Dress ""Lapinx""","3100","Size - L","0","139","59.1","0"
"A13041-WDR2901NC0EB","881","Joni Dress ""Lapinx""","3101","Size - XL","0","139","59.1","0"
"A07020-MTT0501NC0AA","892","Jasper Tie ""Journey to the Spirit World""","","Jasper Tie ""Journey to the Spirit World""","2","79","32","0"
"W13023-MTT0501NC09A","893","Jasper Tie ""Water and Spirit Buffalo""","","Jasper Tie ""Water and Spirit Buffalo""","0","79","32","0"
"A16059-WPA0401NC0IB","894","Jackie Legging ""Wisdom Keepers""","3007","Size - XS","0","109","44.01","0"
"A16059-WPA0401NC0IB","894","Jackie Legging ""Wisdom Keepers""","3008","Size - S","0","109","44.01","0"
"A16059-WPA0401NC0IB","894","Jackie Legging ""Wisdom Keepers""","3009","Size - M","0","109","44.01","0"
"A16059-WPA0401NC0IB","894","Jackie Legging ""Wisdom Keepers""","3010","Size - L","0","109","44.01","0"
"A16059-WPA0401NC0IB","894","Jackie Legging ""Wisdom Keepers""","3011","Size - XL","1","109","44.01","0"
"W12018-WSS0701NC0DB","895","Yoko Cape Tunic ""Early Evening Flowing into Fall""","3197","Size - XS","1","139","65","0"
"W12018-WSS0701NC0DB","895","Yoko Cape Tunic ""Early Evening Flowing into Fall""","3198","Size - S","0","139","65","0"
"W12018-WSS0701NC0DB","895","Yoko Cape Tunic ""Early Evening Flowing into Fall""","3199","Size - M","0","139","65","0"
"W12018-WSS0701NC0DB","895","Yoko Cape Tunic ""Early Evening Flowing into Fall""","3200","Size - L","0","139","65","0"
"W12018-WSS0701NC0DB","895","Yoko Cape Tunic ""Early Evening Flowing into Fall""","3201","Size - XL","0","139","65","0"
"WSS0701NC0CC","896","Yoko Cape Tunic ""The Forest Temple""","2062","Size - XS","0","139","65","0"
"WSS0701NC0CC","896","Yoko Cape Tunic ""The Forest Temple""","2063","Size - S","0","139","65","0"
"WSS0701NC0CC","896","Yoko Cape Tunic ""The Forest Temple""","2064","Size - M","0","139","65","0"
"WSS0701NC0CC","896","Yoko Cape Tunic ""The Forest Temple""","2065","Size - L","0","139","65","0"
"WSS0701NC0CC","896","Yoko Cape Tunic ""The Forest Temple""","2066","Size - XL","0","139","65","0"
"A08011-MSS0701NC0HA","898","Salvadore Tee for Men ""Whisper""","3332","Size - XS","0","89","36","0"
"A08011-MSS0701NC0HA","898","Salvadore Tee for Men ""Whisper""","3333","Size - S","1","89","36","0"
"A08011-MSS0701NC0HA","898","Salvadore Tee for Men ""Whisper""","3334","Size - M","1","89","36","0"
"A08011-MSS0701NC0HA","898","Salvadore Tee for Men ""Whisper""","3335","Size - L","1","89","36","0"
"A08011-MSS0701NC0HA","898","Salvadore Tee for Men ""Whisper""","3336","Size - XL","1","89","36","0"
"W12018-WDR3101NC0DB","907","Marianne Flare Dress ""Early Evening Flowing into Fall""","3144","Size - M","0","139","64.5","0"
"W12018-WDR3101NC0DB","907","Marianne Flare Dress ""Early Evening Flowing into Fall""","3145","Size - L","0","139","64.5","0"
"W12018-WDR3101NC0DB","907","Marianne Flare Dress ""Early Evening Flowing into Fall""","3146","Size - XL","0","139","64.5","0"
"W12018-WDR3101NC0DB","907","Marianne Flare Dress ""Early Evening Flowing into Fall""","8319","Size - XS","0","139","64.5","0"
"W12018-WDR3101NC0DB","907","Marianne Flare Dress ""Early Evening Flowing into Fall""","8320","Size - S","0","139","64.5","0"
"W12018-WDR2601NC0DB","911","Kate Dress ""Early Evening Flowing into Fall""","3037","Size - XS","1","169","64.5","0"
"W12018-WDR2601NC0DB","911","Kate Dress ""Early Evening Flowing into Fall""","3038","Size - S","2","169","64.5","0"
"W12018-WDR2601NC0DB","911","Kate Dress ""Early Evening Flowing into Fall""","3039","Size - M","0","169","64.5","0"
"W12018-WDR2601NC0DB","911","Kate Dress ""Early Evening Flowing into Fall""","3040","Size - L","1","169","64.5","0"
"W12018-WDR2601NC0DB","911","Kate Dress ""Early Evening Flowing into Fall""","3041","Size - XL","0","169","64.5","0"
"A17065-WDR1001NC0CB","912","Jeanne Dress ""Forest Temple""","3107","Size - XS","1","149","67","0"
"A17065-WDR1001NC0CB","912","Jeanne Dress ""Forest Temple""","3108","Size - S","0","149","67","0"
"A17065-WDR1001NC0CB","912","Jeanne Dress ""Forest Temple""","3109","Size - M","1","149","67","0"
"A17065-WDR1001NC0CB","912","Jeanne Dress ""Forest Temple""","3110","Size - L","1","149","67","0"
"A17065-WDR1001NC0CB","912","Jeanne Dress ""Forest Temple""","3111","Size - XL","1","149","67","0"
"A16059-WBL0301NC0IA","916","Frida Cardigan ""Wisdom Keepers""","2927","Size - XS","1","129","52.5","0"
"A16059-WBL0301NC0IA","916","Frida Cardigan ""Wisdom Keepers""","2928","Size - S","1","129","52.5","0"
"A16059-WBL0301NC0IA","916","Frida Cardigan ""Wisdom Keepers""","2929","Size - M","1","129","52.5","0"
"A16059-WBL0301NC0IA","916","Frida Cardigan ""Wisdom Keepers""","2930","Size - L","1","129","52.5","0"
"A16059-WBL0301NC0IA","916","Frida Cardigan ""Wisdom Keepers""","2931","Size - XL","1","129","52.5","0"
"A08011-WBL0301NC0HB","917","Frida Cardigan ""Whisper""","2942","Size - XS","0","129","52.5","0"
"A08011-WBL0301NC0HB","917","Frida Cardigan ""Whisper""","2943","Size - S","0","129","52.5","0"
"A08011-WBL0301NC0HB","917","Frida Cardigan ""Whisper""","2944","Size - M","1","129","52.5","0"
"A08011-WBL0301NC0HB","917","Frida Cardigan ""Whisper""","2945","Size - L","1","129","52.5","0"
"A08011-WBL0301NC0HB","917","Frida Cardigan ""Whisper""","2946","Size - XL","0","129","52.5","0"
"A17065-WBL0301NC0CB","918","Frida Cardigan ""The Forest Temple""","2937","Size - XS","1","129","52.5","0"
"A17065-WBL0301NC0CB","918","Frida Cardigan ""The Forest Temple""","2938","Size - S","0","129","52.5","0"
"A17065-WBL0301NC0CB","918","Frida Cardigan ""The Forest Temple""","2939","Size - M","0","129","52.5","0"
"A17065-WBL0301NC0CB","918","Frida Cardigan ""The Forest Temple""","2940","Size - L","0","129","52.5","0"
"A17065-WBL0301NC0CB","918","Frida Cardigan ""The Forest Temple""","2941","Size - XL","0","129","52.5","0"
"A07020-WBL0301NC0AA","920","Frida Cardigan ""Journey to the Spirit World""","2922","Size - XS","0","129","52.5","0"
"A07020-WBL0301NC0AA","920","Frida Cardigan ""Journey to the Spirit World""","2923","Size - S","1","129","52.5","0"
"A07020-WBL0301NC0AA","920","Frida Cardigan ""Journey to the Spirit World""","2924","Size - M","1","129","52.5","0"
"A07020-WBL0301NC0AA","920","Frida Cardigan ""Journey to the Spirit World""","2925","Size - L","1","129","52.5","0"
"A07020-WBL0301NC0AA","920","Frida Cardigan ""Journey to the Spirit World""","2926","Size - XL","1","129","52.5","0"
"A17063-UAC1801NC02A","933","Pablo Pillow ""Depth""","","Pablo Pillow ""Depth""","3","59","23","0"
"W12018-WNS0801NC0DB","942","Kaplan Tank ""Early Evening Flowing Into Fall""","3267","Size - XS","0","129","60","0"
"W12018-WNS0801NC0DB","942","Kaplan Tank ""Early Evening Flowing Into Fall""","3268","Size - S","0","129","60","0"
"W12018-WNS0801NC0DB","942","Kaplan Tank ""Early Evening Flowing Into Fall""","3269","Size - M","0","129","60","0"
"W12018-WNS0801NC0DB","942","Kaplan Tank ""Early Evening Flowing Into Fall""","3270","Size - L","0","129","60","0"
"W12018-WNS0801NC0DB","942","Kaplan Tank ""Early Evening Flowing Into Fall""","3271","Size - XL","1","129","60","0"
"A08013-WNS0801NC0FC","944","Kaplan Tank ""New Day""","3277","Size - XS","1","129","60","0"
"A08013-WNS0801NC0FC","944","Kaplan Tank ""New Day""","3278","Size - S","1","129","60","0"
"A08013-WNS0801NC0FC","944","Kaplan Tank ""New Day""","3279","Size - M","0","129","60","0"
"A08013-WNS0801NC0FC","944","Kaplan Tank ""New Day""","3280","Size - L","0","129","60","0"
"A08013-WNS0801NC0FC","944","Kaplan Tank ""New Day""","3281","Size - XL","0","129","60","0"
"W18053-WNS0801NC0JB","945","Kaplan Tank ""Northern Masters""","3282","Size - XS","0","129","60","0"
"W18053-WNS0801NC0JB","945","Kaplan Tank ""Northern Masters""","3283","Size - S","1","129","60","0"
"W18053-WNS0801NC0JB","945","Kaplan Tank ""Northern Masters""","3284","Size - M","0","129","60","0"
"W18053-WNS0801NC0JB","945","Kaplan Tank ""Northern Masters""","3285","Size - L","0","129","60","0"
"W18053-WNS0801NC0JB","945","Kaplan Tank ""Northern Masters""","3286","Size - XL","0","129","60","0"
"W12008-WNS0801NC07B","947","Kaplan Tank ""Winter Wolves""","3292","Size - XS","0","129","60","0"
"W12008-WNS0801NC07B","947","Kaplan Tank ""Winter Wolves""","3293","Size - S","0","129","60","0"
"W12008-WNS0801NC07B","947","Kaplan Tank ""Winter Wolves""","3294","Size - M","0","129","60","0"
"W12008-WNS0801NC07B","947","Kaplan Tank ""Winter Wolves""","3295","Size - L","1","129","60","0"
"W12008-WNS0801NC07B","947","Kaplan Tank ""Winter Wolves""","3296","Size - XL","0","129","60","0"
"A01028-UAC1801NC08B","948","Pablo Pillow ""Giving Thanks""","","Pablo Pillow ""Giving Thanks""","1","59","21","0"
"A16059-MSS0701NC0IA","951","Salvadore Tee for Men ""Wisdom Keepers""","3337","Size - XS","0","89","36","0"
"A16059-MSS0701NC0IA","951","Salvadore Tee for Men ""Wisdom Keepers""","3338","Size - S","0","89","36","0"
"A16059-MSS0701NC0IA","951","Salvadore Tee for Men ""Wisdom Keepers""","3339","Size - M","1","89","36","0"
"A16059-MSS0701NC0IA","951","Salvadore Tee for Men ""Wisdom Keepers""","3340","Size - L","0","89","36","0"
"A16059-MSS0701NC0IA","951","Salvadore Tee for Men ""Wisdom Keepers""","3341","Size - XL","0","89","36","0"
"A16059-MSS0701NC0DA","952","Salvadore Tee for Men ""Early Evening Flowing Into Fall""","3342","Size - XS","0","89","36","0"
"A16059-MSS0701NC0DA","952","Salvadore Tee for Men ""Early Evening Flowing Into Fall""","3343","Size - S","0","89","36","0"
"A16059-MSS0701NC0DA","952","Salvadore Tee for Men ""Early Evening Flowing Into Fall""","3344","Size - M","1","89","36","0"
"A16059-MSS0701NC0DA","952","Salvadore Tee for Men ""Early Evening Flowing Into Fall""","3345","Size - L","1","89","36","0"
"A16059-MSS0701NC0DA","952","Salvadore Tee for Men ""Early Evening Flowing Into Fall""","3346","Size - XL","1","89","36","0"
"WSS0701NC0FB","953","Yoko Cape Tunic ""New Day""","3202","Size - XS","0","139","65","0"
"WSS0701NC0FB","953","Yoko Cape Tunic ""New Day""","3203","Size - S","0","139","65","0"
"WSS0701NC0FB","953","Yoko Cape Tunic ""New Day""","3204","Size - M","0","139","65","0"
"WSS0701NC0FB","953","Yoko Cape Tunic ""New Day""","3205","Size - L","0","139","65","0"
"WSS0701NC0FB","953","Yoko Cape Tunic ""New Day""","3206","Size - XL","0","139","65","0"
"A10004-WBL0301NC01C","954","Frida Cardigan ""Merging Earth and Sky""","2947","Size - XS","1","129","52.5","0"
"A10004-WBL0301NC01C","954","Frida Cardigan ""Merging Earth and Sky""","2948","Size - S","0","129","52.5","0"
"A10004-WBL0301NC01C","954","Frida Cardigan ""Merging Earth and Sky""","2949","Size - M","1","129","52.5","0"
"A10004-WBL0301NC01C","954","Frida Cardigan ""Merging Earth and Sky""","2950","Size - L","0","129","52.5","0"
"A10004-WBL0301NC01C","954","Frida Cardigan ""Merging Earth and Sky""","2951","Size - XL","0","129","52.5","0"
"A17064-WBL0301NC03A","955","Frida Cardigan ""M'Otter Love""","2952","Size - XS","1","129","52.5","0"
"A17064-WBL0301NC03A","955","Frida Cardigan ""M'Otter Love""","2953","Size - S","1","129","52.5","0"
"A17064-WBL0301NC03A","955","Frida Cardigan ""M'Otter Love""","2954","Size - M","1","129","52.5","0"
"A17064-WBL0301NC03A","955","Frida Cardigan ""M'Otter Love""","2955","Size - L","1","129","52.5","0"
"A17064-WBL0301NC03A","955","Frida Cardigan ""M'Otter Love""","2956","Size - XL","1","129","52.5","0"
"A16058-WBL0301NC04A","956","Frida Cardigan ""Silent Seekers""","2957","Size - XS","1","129","52.5","0"
"A16058-WBL0301NC04A","956","Frida Cardigan ""Silent Seekers""","2958","Size - S","1","129","52.5","0"
"A16058-WBL0301NC04A","956","Frida Cardigan ""Silent Seekers""","2959","Size - M","1","129","52.5","0"
"A16058-WBL0301NC04A","956","Frida Cardigan ""Silent Seekers""","2960","Size - L","1","129","52.5","0"
"A16058-WBL0301NC04A","956","Frida Cardigan ""Silent Seekers""","2961","Size - XL","1","129","52.5","0"
"A13041-WDR1001NC0EC","960","Jeanne Dress ""Lapinx""","3112","Size - XS","0","149","67","0"
"A13041-WDR1001NC0EC","960","Jeanne Dress ""Lapinx""","3113","Size - S","0","149","67","0"
"A13041-WDR1001NC0EC","960","Jeanne Dress ""Lapinx""","3114","Size - M","0","149","67","0"
"A13041-WDR1001NC0EC","960","Jeanne Dress ""Lapinx""","3115","Size - L","0","149","67","0"
"A13041-WDR1001NC0EC","960","Jeanne Dress ""Lapinx""","3116","Size - XL","1","149","67","0"
"A10004-WAC0201NC01A","961","Vivienne Scarf ""Merging Earth and Sky""","","Vivienne Scarf ""Merging Earth and Sky""","3","59","23","0"
"W12018-WAC0201NC0DB","962","Vivienne Scarf ""Early Evening Flowing into Fall""","","Vivienne Scarf ""Early Evening Flowing into Fall""","4","59","23","0"
"WSS0701NC02A","963","Yoko Cape Tunic ""Whisper""","3207","Size - XS","0","139","65","0"
"WSS0701NC02A","963","Yoko Cape Tunic ""Whisper""","3208","Size - S","0","139","65","0"
"WSS0701NC02A","963","Yoko Cape Tunic ""Whisper""","3209","Size - M","0","139","65","0"
"WSS0701NC02A","963","Yoko Cape Tunic ""Whisper""","3210","Size - L","0","139","65","0"
"WSS0701NC02A","963","Yoko Cape Tunic ""Whisper""","3211","Size - XL","0","139","65","0"
"A17063-WNS0701NC02A","964","Coco Tank ""Depth""","3297","Size - XS","1","79","34.35","0"
"A17063-WNS0701NC02A","964","Coco Tank ""Depth""","3298","Size - S","1","79","34.35","0"
"A17063-WNS0701NC02A","964","Coco Tank ""Depth""","3299","Size - M","1","79","34.35","0"
"A17063-WNS0701NC02A","964","Coco Tank ""Depth""","3300","Size - L","1","79","34.35","0"
"A17063-WNS0701NC02A","964","Coco Tank ""Depth""","3301","Size - XL","1","79","34.35","0"
"A08013-WNS0701NC0FA","965","Coco Tank ""New Day""","3302","Size - XS","0","79","34.35","0"
"A08013-WNS0701NC0FA","965","Coco Tank ""New Day""","3303","Size - S","1","79","34.35","0"
"A08013-WNS0701NC0FA","965","Coco Tank ""New Day""","3304","Size - M","1","79","34.35","0"
"A08013-WNS0701NC0FA","965","Coco Tank ""New Day""","3305","Size - L","0","79","34.35","0"
"A08013-WNS0701NC0FA","965","Coco Tank ""New Day""","3306","Size - XL","1","79","34.35","0"
"A17064-WNS0701NC03A","966","Coco Tank ""M'Otter Love""","3307","Size - XS","1","79","34.35","0"
"A17064-WNS0701NC03A","966","Coco Tank ""M'Otter Love""","3308","Size - S","1","79","34.35","0"
"A17064-WNS0701NC03A","966","Coco Tank ""M'Otter Love""","3309","Size - M","1","79","34.35","0"
"A17064-WNS0701NC03A","966","Coco Tank ""M'Otter Love""","3310","Size - L","1","79","34.35","0"
"A17064-WNS0701NC03A","966","Coco Tank ""M'Otter Love""","3311","Size - XL","1","79","34.35","0"
"A17065-WSS0901NC0CB","968","K Smith T-Shirt ""The Forest Temple""","3322","Size - XS","0","89","35","0"
"A17065-WSS0901NC0CB","968","K Smith T-Shirt ""The Forest Temple""","3323","Size - S","1","89","35","0"
"A17065-WSS0901NC0CB","968","K Smith T-Shirt ""The Forest Temple""","3324","Size - M","0","89","35","0"
"A17065-WSS0901NC0CB","968","K Smith T-Shirt ""The Forest Temple""","3325","Size - L","0","89","35","0"
"A17065-WSS0901NC0CB","968","K Smith T-Shirt ""The Forest Temple""","3326","Size - XL","0","89","35","0"
"A17065-WDR2601NC0CC","969","Kate Dress ""Forest Temple""","3052","Size - XS","1","169","64.5","0"
"A17065-WDR2601NC0CC","969","Kate Dress ""Forest Temple""","3053","Size - S","1","169","64.5","0"
"A17065-WDR2601NC0CC","969","Kate Dress ""Forest Temple""","3054","Size - M","1","169","64.5","0"
"A17065-WDR2601NC0CC","969","Kate Dress ""Forest Temple""","3055","Size - L","0","169","64.5","0"
"A17065-WDR2601NC0CC","969","Kate Dress ""Forest Temple""","3056","Size - XL","0","169","64.5","0"
"A08011-WDR2601NC0HC","971","Kate Dress ""Whisper""","3047","Size - XS","0","169","64.5","0"
"A08011-WDR2601NC0HC","971","Kate Dress ""Whisper""","3048","Size - S","0","169","64.5","0"
"A08011-WDR2601NC0HC","971","Kate Dress ""Whisper""","3049","Size - M","0","169","64.5","0"
"A08011-WDR2601NC0HC","971","Kate Dress ""Whisper""","3050","Size - L","0","169","64.5","0"
"A08011-WDR2601NC0HC","971","Kate Dress ""Whisper""","3051","Size - XL","1","169","64.5","0"
"A10004-WDR2601NC01G","972","Kate Dress ""Merging Earth and Sky""","3062","Size - XS","0","169","64.5","0"
"A10004-WDR2601NC01G","972","Kate Dress ""Merging Earth and Sky""","3063","Size - S","1","169","64.5","0"
"A10004-WDR2601NC01G","972","Kate Dress ""Merging Earth and Sky""","3064","Size - M","0","169","64.5","0"
"A10004-WDR2601NC01G","972","Kate Dress ""Merging Earth and Sky""","3065","Size - L","0","169","64.5","0"
"A10004-WDR2601NC01G","972","Kate Dress ""Merging Earth and Sky""","3066","Size - XL","0","169","64.5","0"
"A08011-WDR3201NC0HA","981","Michelle Dress ""Whisper""","3157","Size - XS","0","159","67.5","0"
"A08011-WDR3201NC0HA","981","Michelle Dress ""Whisper""","3158","Size - S","0","159","67.5","0"
"A08011-WDR3201NC0HA","981","Michelle Dress ""Whisper""","3159","Size - M","0","159","67.5","0"
"A08011-WDR3201NC0HA","981","Michelle Dress ""Whisper""","3160","Size - L","0","159","67.5","0"
"A08011-WDR3201NC0HA","981","Michelle Dress ""Whisper""","3161","Size - XL","1","159","67.5","0"
"A08013-WBL0301NC0FB","986","Frida Cardigan ""New Day""","2962","Size - XS","1","129","52.5","0"
"A08013-WBL0301NC0FB","986","Frida Cardigan ""New Day""","2963","Size - S","1","129","52.5","0"
"A08013-WBL0301NC0FB","986","Frida Cardigan ""New Day""","2964","Size - M","0","129","52.5","0"
"A08013-WBL0301NC0FB","986","Frida Cardigan ""New Day""","2965","Size - L","0","129","52.5","0"
"A08013-WBL0301NC0FB","986","Frida Cardigan ""New Day""","2966","Size - XL","0","129","52.5","0"
"A17063-WBL0301NC02A","987","Frida Cardigan ""Depth""","2967","Size - XS","1","129","52.5","0"
"A17063-WBL0301NC02A","987","Frida Cardigan ""Depth""","2968","Size - S","1","129","52.5","0"
"A17063-WBL0301NC02A","987","Frida Cardigan ""Depth""","2969","Size - M","1","129","52.5","0"
"A17063-WBL0301NC02A","987","Frida Cardigan ""Depth""","2970","Size - L","1","129","52.5","0"
"A17063-WBL0301NC02A","987","Frida Cardigan ""Depth""","2971","Size - XL","1","129","52.5","0"
"W12018-WBL0301NC0DA","988","Frida Cardigan ""Early Evening Flowing into Fall""","2972","Size - XS","0","129","52.5","0"
"W12018-WBL0301NC0DA","988","Frida Cardigan ""Early Evening Flowing into Fall""","2973","Size - S","0","129","52.5","0"
"W12018-WBL0301NC0DA","988","Frida Cardigan ""Early Evening Flowing into Fall""","2974","Size - M","1","129","52.5","0"
"W12018-WBL0301NC0DA","988","Frida Cardigan ""Early Evening Flowing into Fall""","2975","Size - L","1","129","52.5","0"
"W12018-WBL0301NC0DA","988","Frida Cardigan ""Early Evening Flowing into Fall""","2976","Size - XL","1","129","52.5","0"
"A08013-WPA0401NC0FB","990","Jackie Legging ""New Day""","3017","Size - XS","1","109","44.01","0"
"A08013-WPA0401NC0FB","990","Jackie Legging ""New Day""","3018","Size - S","0","109","44.01","0"
"A08013-WPA0401NC0FB","990","Jackie Legging ""New Day""","3019","Size - M","0","109","44.01","0"
"A08013-WPA0401NC0FB","990","Jackie Legging ""New Day""","3020","Size - L","1","109","44.01","0"
"A08013-WPA0401NC0FB","990","Jackie Legging ""New Day""","3021","Size - XL","0","109","44.01","0"
"A13041-WAC0201NC0EA","994","Vivienne Scarf ""Lapinx""","","Vivienne Scarf ""Lapinx""","4","59","23","0"
"W18053-WAC0201NC0JB","995","Vivienne Scarf ""Northern Masters""","","Vivienne Scarf ""Northern Masters""","3","59","23","0"
"W17062-WAC0201NC0GC","996","Vivienne Scarf ""Horizon""","","Vivienne Scarf ""Horizon""","3","59","23","0"
"A08013-WAC0201NC0FC","997","Vivienne Scarf ""New Day""","","Vivienne Scarf ""New Day""","3","59","23","0"
"A08011-WAC0201NC0HB","998","Vivienne Scarf ""Whisper""","","Vivienne Scarf ""Whisper""","2","59","23","0"
"A16059-WAC0201NC0IA","999","Vivienne Scarf ""Wisdom Keepers""","","Vivienne Scarf ""Wisdom Keepers""","2","59","23","0"
"A16059-WDR2601NC01B","1006","Kate Dress ""Wisdom Keepers""","3067","Size - XS","1","169","64.5","0"
"A16059-WDR2601NC01B","1006","Kate Dress ""Wisdom Keepers""","3068","Size - S","1","169","64.5","0"
"A16059-WDR2601NC01B","1006","Kate Dress ""Wisdom Keepers""","3069","Size - M","0","169","64.5","0"
"A16059-WDR2601NC01B","1006","Kate Dress ""Wisdom Keepers""","3070","Size - L","0","169","64.5","0"
"A16059-WDR2601NC01B","1006","Kate Dress ""Wisdom Keepers""","3071","Size - XL","1","169","64.5","0"
"W12018-WAC0401NCODB","1008","Duncan Shawl ""Early Evening Flowing into Fall""","","Duncan Shawl ""Early Evening Flowing into Fall""","1","69","67","0"
"A01028-WBL0301NC08A","1010","Frida Cardigan ""Giving Thanks""","2977","Size - XS","1","129","52.5","0"
"A01028-WBL0301NC08A","1010","Frida Cardigan ""Giving Thanks""","2978","Size - S","0","129","52.5","0"
"A01028-WBL0301NC08A","1010","Frida Cardigan ""Giving Thanks""","2979","Size - M","1","129","52.5","0"
"A01028-WBL0301NC08A","1010","Frida Cardigan ""Giving Thanks""","2980","Size - L","1","129","52.5","0"
"A01028-WBL0301NC08A","1010","Frida Cardigan ""Giving Thanks""","2981","Size - XL","0","129","52.5","0"
"A16051-WBL0301NC05A","1012","Frida Cardigan ""Northern Keepers""","2982","Size - XS","1","129","52.5","0"
"A16051-WBL0301NC05A","1012","Frida Cardigan ""Northern Keepers""","2983","Size - S","1","129","52.5","0"
"A16051-WBL0301NC05A","1012","Frida Cardigan ""Northern Keepers""","2984","Size - M","1","129","52.5","0"
"A16051-WBL0301NC05A","1012","Frida Cardigan ""Northern Keepers""","2985","Size - L","1","129","52.5","0"
"A16051-WBL0301NC05A","1012","Frida Cardigan ""Northern Keepers""","2986","Size - XL","1","129","52.5","0"
"W18053-WDR2601NC0JB","1014","Kate Dress ""Northern Masters""","3077","Size - XS","1","169","64.5","0"
"W18053-WDR2601NC0JB","1014","Kate Dress ""Northern Masters""","3078","Size - S","1","169","64.5","0"
"W18053-WDR2601NC0JB","1014","Kate Dress ""Northern Masters""","3079","Size - M","0","169","64.5","0"
"W18053-WDR2601NC0JB","1014","Kate Dress ""Northern Masters""","3080","Size - L","0","169","64.5","0"
"W18053-WDR2601NC0JB","1014","Kate Dress ""Northern Masters""","3081","Size - XL","0","169","64.5","0"
"W17062-WDR1001NC0GB","1018","Jeanne Dress ""Horizon""","3122","Size - XS","0","149","67","0"
"W17062-WDR1001NC0GB","1018","Jeanne Dress ""Horizon""","3123","Size - S","0","149","67","0"
"W17062-WDR1001NC0GB","1018","Jeanne Dress ""Horizon""","3124","Size - M","0","149","67","0"
"W17062-WDR1001NC0GB","1018","Jeanne Dress ""Horizon""","3125","Size - L","1","149","67","0"
"W17062-WDR1001NC0GB","1018","Jeanne Dress ""Horizon""","3126","Size - XL","0","149","67","0"
"SKU-54-54-541","1132","Crossbody City Bag, Bear Box","4020","Colors - Black Deer","1","185","80","0"
"SKU-54-54-541","1132","Crossbody City Bag, Bear Box","4021","Colors - Red Deer","2","185","80","0"
"SKU-54-54-541","1132","Crossbody City Bag, Bear Box","4022","Colors - Turquoise Deer","2","185","80","0"
"SKU: 54-54-350","1142","Wristlet, Raven","4058","Colors - Red","0","56","24","0"
"SKU: 54-54-350","1142","Wristlet, Raven","4059","Colors - Cherry","0","56","24","0"
"SKU: 54-54-350","1142","Wristlet, Raven","4060","Colors - Turquoise","0","56","24","0"
"SKU: 54-54-350","1142","Wristlet, Raven","4061","Colors - Walnut","2","56","24","0"
"SKU: 54-54-350","1142","Wristlet, Raven","4067","Colors - Black","0","56","24","0"
"SKU: 54-54-350","1142","Wristlet, Raven","4068","Colors - Tan","0","56","24","0"
"SKU: 12-12-403","1144","Polar Bear Oven Mitt","","Polar Bear Oven Mitt","1","18.95","8","0"
"SKU: 12-12-722","1145","Moose Oven Mitt","","Moose Oven Mitt","1","18.95","8","0"
"SKU: 12-12-101","1146","Inuksuk Pot Holder","","Inuksuk Pot Holder","0","14.95","5.75","0"
"SKU: 00-07-414","1158","Bill Helin Hummingbird Pendant","","Bill Helin Hummingbird Pendant","1","82","25","0"
"SKU: 00-07-417","1159","Bill Helin Raven Whale Pendant","","Bill Helin Raven Whale Pendant","2","82","35.5","0"
"SKU: 00-07-412","1160","Bill Helin Orca Pendant","","Bill Helin Orca Pendant","1","82","35.5","0"
"SKU: 00-07-415","1161","Bill Helin Eagle Pendant","","Bill Helin Eagle Pendant","1","82","35.5","0"
"SKU: 00-04-701","1167","Cribbage Board","","Cribbage Board","0","125","54","0"
"SKU: 12-12-726","1458","Moose Trivet","","Moose Trivet","0","14.95","6.3","0"
"SKU: 12-12-736","1460","Moose Trivet","","Moose Trivet","0","14.95","6.3","0"
"SKU: 00-07-419","1496","Bill Helin Feather Pendant","","Bill Helin Feather Pendant","0","82","35.5","0"
"SKU: 00-07-410","2241","Bill Helin Hummingbird Pendant","","Bill Helin Hummingbird Pendant","1","82","35.5","0"
"SKU: 00-07-411","2242","Bill Helin Hummingbird Pendant","","Bill Helin Hummingbird Pendant","1","82","35.5","0"
"SKU: 00-07-413","2243","Bill Helin Salmon Pendant","","Bill Helin Salmon Pendant","0","82","35.5","0"
"W13023-WNS0801NC0IB","2408","Kaplan Tank ""Wisdom Keepers""","6663","Size - S","1","129","60","0"
"W13023-WNS0801NC0IB","2408","Kaplan Tank ""Wisdom Keepers""","6664","Size - M","1","129","60","0"
"W13023-WNS0801NC0IB","2408","Kaplan Tank ""Wisdom Keepers""","6665","Size - L","0","129","60","0"
"W13023-WNS0801NC0IB","2408","Kaplan Tank ""Wisdom Keepers""","6666","Size - XL","0","129","60","0"
"W13023-WNS0801NC0IB","2408","Kaplan Tank ""Wisdom Keepers""","6667","Size - XS","1","129","60","0"
"A17064-WDR4101NC03A","2910","Michelle II Dress ""M'Otter Love""","6855","Size - S","1","159","67.5","0"
"A17064-WDR4101NC03A","2910","Michelle II Dress ""M'Otter Love""","6856","Size - M","1","159","67.5","0"
"A17064-WDR4101NC03A","2910","Michelle II Dress ""M'Otter Love""","6857","Size - L","1","159","67.5","0"
"A17064-WDR4101NC03A","2910","Michelle II Dress ""M'Otter Love""","6858","Size - XL","1","159","67.5","0"
"A17064-WDR4101NC03A","2910","Michelle II Dress ""M'Otter Love""","6859","Size - XS","1","159","67.5","0"
"A10004-UAC1801NC01C","3333","Pablo Pillow ""Merging Earth and Sky""","","Pablo Pillow ""Merging Earth and Sky""","1","59","21","0"
"SKU: 45-45-213","3553","Mark Garfield Raven Trivet or Coasters","","Mark Garfield Raven Trivet or Coasters","0","14.95","5.25","0"
"SKU: 45-45-215x2","3558","Mark Garfield Raven Trivet or Coasters","","Mark Garfield Raven Trivet or Coasters","0","14.95","5.25","0"
"SKU: 00-07-409","4048","Bill Helin Raven Pendant","","Bill Helin Raven Pendant","0","82","35.5","0"
"A16058-MSS0701NC04A","4056","Salvadore Tee for Men ""Silent Seekers""","7535","Size - S","1","89","36","0"
"A16058-MSS0701NC04A","4056","Salvadore Tee for Men ""Silent Seekers""","7536","Size - M","1","89","36","0"
"A16058-MSS0701NC04A","4056","Salvadore Tee for Men ""Silent Seekers""","7537","Size - L","1","89","36","0"
"A16058-MSS0701NC04A","4056","Salvadore Tee for Men ""Silent Seekers""","7538","Size - XL","1","89","36","0"
"A16058-MSS0701NC04A","4056","Salvadore Tee for Men ""Silent Seekers""","7539","Size - XS","1","89","36","0"
"A20067-2","4079","Ltd Edition - All my Relations","7699","Frame Options - Without frame ","3","170","0","74"
"A20067-2","4079","Ltd Edition - All my Relations","7700","Frame Options - Black rustic frame 1""","0","335","0","0"
"A20067-2","4079","Ltd Edition - All my Relations","7701","Frame Options - Brown rustic frame 1""","0","335","0","0"
"A20067-2","4079","Ltd Edition - All my Relations","7702","Frame Options - Grey rustic frame 1""","0","335","0","0"
"A20067-POD2580","4080","Card - All my Relations","","Card - All my Relations","11","6.35","2.75","0"
"A20067-6","4081","Small Print - All my Relations","","Small Print - All my Relations","7","25","0","0"
"A19054-2","4082","Ltd Edition - Footprint","7703","Frame Options - Black rustic frame 1""","0","335","0","0"
"A19054-2","4082","Ltd Edition - Footprint","7704","Frame Options - Brown rustic frame 1""","0","335","0","0"
"A19054-2","4082","Ltd Edition - Footprint","7705","Frame Options - Grey rustic frame 1""","0","335","0","0"
"A19054-2","4082","Ltd Edition - Footprint","7706","Frame Options - Without frame ","2","170","0","74"
"A19054-7","4083","Card - Footprint","","Card - Footprint","6","5.5","2.5","0"
"A20067-1","4086","Canvas - All my Relations","7718","Frame Options - Without frame ","1","325","0","0"
"A20067-1","4086","Canvas - All my Relations","7720","Frame Options - Wood floater frame black","0","425","0","0"
"A20067-1","4086","Canvas - All my Relations","7721","Frame Options - Wood floater frame brown","0","425","0","0"
"A20067-1","4086","Canvas - All my Relations","7722","Frame Options - Wood floater frame pewter","0","425","0","0"
"A19054-6","4088","Small Print - Footprint","","Small Print - Footprint","14","25","0","0"
"A18062-7","4126","Card - Humility","","Card - Humility","1","5.5","2.5","0"
"A18062-6","4127","Small Print - Humility","","Small Print - Humility","10","25","0","0"
"A18062-2","4129","Ltd Edition - Humility","7729","Frame Options - Black rustic frame 1""","0","335","0","0"
"A18062-2","4129","Ltd Edition - Humility","7730","Frame Options - Brown rustic frame 1""","0","335","0","0"
"A18062-2","4129","Ltd Edition - Humility","7731","Frame Options - Grey rustic frame 1""","0","335","0","0"
"A18062-2","4129","Ltd Edition - Humility","7732","Frame Options - Without frame ","2","170","0","74"
"A20055-1","4144","Canvas - Refuge","7789","Frame Options - Wood floater frame black","0","425","0","0"
"A20055-1","4144","Canvas - Refuge","7790","Frame Options - Wood floater frame brown","0","425","0","0"
"A20055-1","4144","Canvas - Refuge","7791","Frame Options - Wood floater frame pewter","0","425","0","0"
"A20055-1","4144","Canvas - Refuge","7792","Frame Options - Without frame ","0","325","0","0"
"A20055-1","4144","Canvas - Refuge","7793","Frame Options - Without frame 48"" x 30""","1","695","0","0"
"A20055-1","4144","Canvas - Refuge","7806","Frame Options - Wood floater black","0","825","0","0"
"A20055-1","4144","Canvas - Refuge","7807","Frame Options - Wood floater brown","0","825","0","0"
"A20055-1","4144","Canvas - Refuge","7808","Frame Options - Wood floater pewter","0","825","0","0"
"A18061-1","4145","Canvas - Seed of Life","7794","Frame Options - Wood floater frame black","0","435","0","0"
"A18061-1","4145","Canvas - Seed of Life","7795","Frame Options - Wood floater frame brown","0","435","0","0"
"A18061-1","4145","Canvas - Seed of Life","7796","Frame Options - Wood floater frame pewter","0","435","0","0"
"A18061-1","4145","Canvas - Seed of Life","7797","Frame Options - Without frame ","1","335","0","0"
"A18066-1","4146","Canvas - Under the Same Sky","7798","Frame Options - Wood floater frame black","0","395","0","0"
"A18066-1","4146","Canvas - Under the Same Sky","7799","Frame Options - Wood floater frame brown","0","395","0","0"
"A18066-1","4146","Canvas - Under the Same Sky","7800","Frame Options - Wood floater frame pewter","0","395","0","0"
"A18066-1","4146","Canvas - Under the Same Sky","7801","Frame Options - Without frame ","1","295","0","0"
"A20055-2","4148","Ltd Edition - Refuge","7809","Frame Options - Black rustic frame 1""","0","335","0","0"
"A20055-2","4148","Ltd Edition - Refuge","7810","Frame Options - Brown rustic frame 1""","0","335","0","0"
"A20055-2","4148","Ltd Edition - Refuge","7811","Frame Options - Grey rustic frame 1""","0","335","0","0"
"A20055-2","4148","Ltd Edition - Refuge","7812","Frame Options - Without frame ","4","155","0","77.5"
"A18061-2","4149","Ltd Edition - Seed of Life","7813","Frame Options - Black rustic frame 1""","0","335","0","0"
"A18061-2","4149","Ltd Edition - Seed of Life","7814","Frame Options - Brown rustic frame 1""","0","335","0","0"
"A18061-2","4149","Ltd Edition - Seed of Life","7815","Frame Options - Grey rustic frame 1""","0","335","0","0"
"A18061-2","4149","Ltd Edition - Seed of Life","7816","Frame Options - Without frame ","1","170","0","74"
"A18066-2","4150","Ltd Edition - Under the Same Sky","7817","Frame Options - Black rustic frame 1""","0","335","0","0"
"A18066-2","4150","Ltd Edition - Under the Same Sky","7818","Frame Options - Brown rustic frame 1""","0","335","0","0"
"A18066-2","4150","Ltd Edition - Under the Same Sky","7819","Frame Options - Grey rustic frame 1""","0","335","0","0"
"A18066-2","4150","Ltd Edition - Under the Same Sky","7820","Frame Options - Without frame ","2","170","0","74"
"A20055-POD2571","4156","Card - Refuge","","Card - Refuge","13","6.35","2.75","0"
"A18061-POD2573","4157","Card - Seed of Life","","Card - Seed of Life","5","6.35","2.75","0"
"A20055-6","4169","Small Print - Refuge","","Small Print - Refuge","2","25","0","0"
"A18061-6","4170","Small Print - Seed of Life","","Small Print - Seed of Life","1","25","0","0"
"A18066-6","4171","Small Print - Under the Same Sky","","Small Print - Under the Same Sky","1","25","0","0"
"A08021-6","4173","Small Print - Wikwemikong","","Small Print - Wikwemikong","3","25","0","0"
"A09010-6","4174","Small Print - Kouragimut","","Small Print - Kouragimut","2","25","0","0"
"","4523","The gift card","8586","Gift card amount - 20, Gift card template - 5081","10","20","0","0"
"","4523","The gift card","9094","Gift card amount - 50, Gift card template - 5081","10","50","0","0"
"","4523","The gift card","9134","Gift card amount - 100, Gift card template - 5081","0","100","0","0"
"","4523","The gift card","9220","Gift card amount - 55, Gift card template - 5081","0","55","0","0"
"","4523","The gift card","9221","Gift card amount - 20, Size - S","8","20","0","0"
"","4523","The gift card","9222","Gift card amount - 25, Gift card template - 5081","0","25","0","0"
"","4523","The gift card","9273","Gift card amount - 60, Gift card template - 5081","9","60","0","0"
"","4523","The gift card","9274","Gift card amount - 250, Gift card template - 5081","10","250","0","0"
"","4523","The gift card","9289","Gift card amount - 200, Gift card template - 5081","10","200","0","0"
"","4523","The gift card","9509","Gift card amount - 20, Size - S","10","20","0","0"
"","4523","The gift card","9510","Gift card amount - 20, Size - S","10","20","0","0"
"","4523","The gift card","9511","Gift card amount - 40, Gift card template - 5081","0","40","0","0"
"","4523","The gift card","9577","Gift card amount - 75, Gift card template - 5081","0","75","0","0"
"","4523","The gift card","9578","Gift card amount - 30, Gift card template - 5081","10","30","0","0"
"","4523","The gift card","9636","Gift card amount - 500, Gift card template - 5081","0","500","0","0"
"","4523","The gift card","9717","Gift card amount - 150, Gift card template - 5081","0","150","0","0"
"","4523","The gift card","9718","Gift card amount - 120, Gift card template - 5081","0","120","0","0"
"","4523","The gift card","9719","Gift card amount - 270, Gift card template - 5081","0","270","0","0"
"","4523","The gift card","10305","Gift card amount - 35, Gift card template - 5081","0","35","0","0"
"","4523","The gift card","12345","Gift card amount - 80, Gift card template - 5081","9","80","0","0"
"A14051-UAC1801NC0TA","4862","Pablo Pillow ""Gezaluwejit""","","Pablo Pillow ""Gezaluwejit""","2","59","21","0"
"A18066-UAC1201NC0UA","4863","Arthur & Bastien Pillow ""Under the Same Sky""","","Arthur & Bastien Pillow ""Under the Same Sky""","6","59","21","0"
"A14051-WAC0201NC0TA","4864","Vivienne Scarf ""Under the Same Sky""","","Vivienne Scarf ""Under the Same Sky""","5","59","23","0"
"A14051-WAC0201NC0UA","4865","Vivienne Scarf ""Gezaluwejit""","","Vivienne Scarf ""Gezaluwejit""","3","59","23","0"
"A14051-WDR2601NC0TA","4871","Kate Dress ""Gezaluwejit""","7985","Size - S","1","169","64.5","0"
"A14051-WDR2601NC0TA","4871","Kate Dress ""Gezaluwejit""","7986","Size - M","0","169","64.5","0"
"A14051-WDR2601NC0TA","4871","Kate Dress ""Gezaluwejit""","7987","Size - L","0","169","64.5","0"
"A14051-WDR2601NC0TA","4871","Kate Dress ""Gezaluwejit""","7988","Size - XL","0","169","64.5","0"
"A14051-WDR2601NC0TA","4871","Kate Dress ""Gezaluwejit""","7989","Size - XS","0","169","64.5","0"
"A18066-WDR2601NC0UA","4872","Kate Dress ""Under the Same Sky""","7990","Size - S","0","169","64.5","0"
"A18066-WDR2601NC0UA","4872","Kate Dress ""Under the Same Sky""","7991","Size - M","0","169","64.5","0"
"A18066-WDR2601NC0UA","4872","Kate Dress ""Under the Same Sky""","7992","Size - L","0","169","64.5","0"
"A18066-WDR2601NC0UA","4872","Kate Dress ""Under the Same Sky""","7993","Size - XL","1","169","64.5","0"
"A18066-WDR2601NC0UA","4872","Kate Dress ""Under the Same Sky""","7994","Size - XS","1","169","64.5","0"
"A14051-UAC1201NC0TA","5183","Arthur Pillow ""Gezaluwejit""","","Arthur Pillow ""Gezaluwejit""","3","59","21","0"
"A16058-WSS1401NC04A","5188","Kiki T-Shirt ""Silent Seekers"" Plus Size","8027","Size - 1X","0","89","43.9","0"
"A16058-WSS1401NC04A","5188","Kiki T-Shirt ""Silent Seekers"" Plus Size","8028","Size - 2X","3","89","43.9","0"
"A16058-WSS1401NC04A","5188","Kiki T-Shirt ""Silent Seekers"" Plus Size","8029","Size - 3X","1","89","43.9","0"
"A14051-WNS0701NC0TA","5215","Coco Tank ""Gezaluwejit""","8036","Size - S","0","79","34.35","0"
"A14051-WNS0701NC0TA","5215","Coco Tank ""Gezaluwejit""","8037","Size - M","0","79","34.35","0"
"A14051-WNS0701NC0TA","5215","Coco Tank ""Gezaluwejit""","8038","Size - L","0","79","34.35","0"
"A14051-WNS0701NC0TA","5215","Coco Tank ""Gezaluwejit""","8039","Size - XL","1","79","34.35","0"
"A14051-WNS0701NC0TA","5215","Coco Tank ""Gezaluwejit""","8040","Size - XS","1","79","34.35","0"
"A18066-WNS0701NC0UA","5217","Coco Tank ""Under the Same Sky""","8041","Size - S","0","79","34.35","0"
"A18066-WNS0701NC0UA","5217","Coco Tank ""Under the Same Sky""","8042","Size - M","0","79","34.35","0"
"A18066-WNS0701NC0UA","5217","Coco Tank ""Under the Same Sky""","8043","Size - L","0","79","34.35","0"
"A18066-WNS0701NC0UA","5217","Coco Tank ""Under the Same Sky""","8044","Size - XL","0","79","34.35","0"
"A18066-WNS0701NC0UA","5217","Coco Tank ""Under the Same Sky""","8045","Size - XS","0","79","34.35","0"
"A01033-7","5389","Card - New Fire","","Card - New Fire","71","5.5","2.5","0"
"W12018-WPA0701NC0DA","5721","Parma Capri ""Early Evening Flowing into Fall""","8079","Size - XS","0","129","55.5","0"
"W12018-WPA0701NC0DA","5721","Parma Capri ""Early Evening Flowing into Fall""","8080","Size - S","1","129","55.5","0"
"W12018-WPA0701NC0DA","5721","Parma Capri ""Early Evening Flowing into Fall""","8081","Size - M","0","129","55.5","0"
"W12018-WPA0701NC0DA","5721","Parma Capri ""Early Evening Flowing into Fall""","8082","Size - L","0","129","55.5","0"
"W12018-WPA0701NC0DA","5721","Parma Capri ""Early Evening Flowing into Fall""","8083","Size - XL","0","129","55.5","0"
"A14051-WLS0701NC0TA","5724","Marlene Top ""Gezaluwejit""","8104","Size - XS","0","139","79.5","0"
"A14051-WLS0701NC0TA","5724","Marlene Top ""Gezaluwejit""","8105","Size - S","0","139","79.5","0"
"A14051-WLS0701NC0TA","5724","Marlene Top ""Gezaluwejit""","8106","Size - M","1","139","79.5","0"
"A14051-WLS0701NC0TA","5724","Marlene Top ""Gezaluwejit""","8107","Size - XL","1","139","79.5","0"
"A14051-WLS0701NC0TA","5724","Marlene Top ""Gezaluwejit""","8108","Size - L","1","139","79.5","0"
"W13023-WNS0701NC09A","5725","Coco Tank ""Water and Spirit Buffalo""","8110","Size - XS","0","79","34.35","0"
"W13023-WNS0701NC09A","5725","Coco Tank ""Water and Spirit Buffalo""","8111","Size - S","1","79","34.35","0"
"W13023-WNS0701NC09A","5725","Coco Tank ""Water and Spirit Buffalo""","8112","Size - M","0","79","34.35","0"
"W13023-WNS0701NC09A","5725","Coco Tank ""Water and Spirit Buffalo""","8113","Size - L","1","79","34.35","0"
"W13023-WNS0701NC09A","5725","Coco Tank ""Water and Spirit Buffalo""","8114","Size - XL","0","79","34.35","0"
"A18066-WLS0701NC0UA","6565","Marlene Top ""Under the Same Sky""","8129","Size - S","0","139","79.5","0"
"A18066-WLS0701NC0UA","6565","Marlene Top ""Under the Same Sky""","8130","Size - M","0","139","79.5","0"
"A18066-WLS0701NC0UA","6565","Marlene Top ""Under the Same Sky""","8131","Size - XL","1","139","79.5","0"
"A18066-WLS0701NC0UA","6565","Marlene Top ""Under the Same Sky""","8132","Size - L","0","139","79.5","0"
"A18066-WLS0701NC0UA","6565","Marlene Top ""Under the Same Sky""","8133","Size - XS","2","139","79.5","0"
"SKU:12-12-727","6784","Moose Halo Mug","","Moose Halo Mug","0","11","4.75","0"
"SKU: 12-12-102","6785","Inuksuk Oven Mitt","","Inuksuk Oven Mitt","3","18.95","7.5","0"
"A01031-UAC2001NCOXA","7147","Pablo Pillow ""Honoring the Giver of life ""","","Pablo Pillow ""Honoring the Giver of life ""","2","59","21","0"
"A20055-UAC2001NCOYA","7148","Pablo Pillow ""Refuge""","","Pablo Pillow ""Refuge""","1","59","21","0"
"W12005-UAC2001NCOWA","7149","Pablo Pillow ""Earth Keeper""","","Pablo Pillow ""Earth Keeper""","1","59","21","0"
"A18066-UAC2001NCOUA","7151","Pablo Pillow ""Under The Same Sky""","","Pablo Pillow ""Under The Same Sky""","3","59","21","0"
"PLN137","7733","Planner 2025","","Planner 2025","0","25.45","0","0"
"BKM","7977","Bookmarks","12346","Art - Going Home","10","2.3","1.25","0"
"BKM","7977","Bookmarks","12347","Art - Journey to the Spirit World","8","2.3","1.25","0"
"BKM","7977","Bookmarks","12348","Art - Lapynx","6","2.3","1.25","0"
"BKM","7977","Bookmarks","12349","Art - Messenger","9","2.3","1.25","0"
"BKM","7977","Bookmarks","12350","Art - Motter Love","9","2.3","1.25","0"
"BKM","7977","Bookmarks","12351","Art - Otherness","7","2.3","1.25","0"
"BKM","7977","Bookmarks","12352","Art - Passage","6","2.3","1.25","0"
"BKM","7977","Bookmarks","12353","Art - Reaching Out","6","2.3","1.25","0"
"BKM","7977","Bookmarks","12354","Art - Sky Sisters","12","2.3","1.25","0"
"BKM","7977","Bookmarks","12355","Art - Whisper","6","2.3","1.25","0"
"BKM","7977","Bookmarks","12356","Art - Zenith","18","2.3","1.25","0"
"SKU: 00-04-708","8464","Cribbage Board","","Cribbage Board","0","106","46","0"
"A17063-WDR2901NC02A","8588","Joni Dress ""Depth"" DISCOUNTINUDED","8284","Size - S","0","139","59.1","0"
"A17063-WDR2901NC02A","8588","Joni Dress ""Depth"" DISCOUNTINUDED","8285","Size - M","0","139","59.1","0"
"A17063-WDR2901NC02A","8588","Joni Dress ""Depth"" DISCOUNTINUDED","8286","Size - L","0","139","59.1","0"
"A17063-WDR2901NC02A","8588","Joni Dress ""Depth"" DISCOUNTINUDED","8287","Size - XL","0","139","59.1","0"
"A17063-WDR2901NC02A","8588","Joni Dress ""Depth"" DISCOUNTINUDED","8288","Size - XS","0","139","59.1","0"
"WSS1201NC0UA","8985","Sylvie Tunic ""Under the Same Sky""","8402","Size - S","0","139","69","0"
"WSS1201NC0UA","8985","Sylvie Tunic ""Under the Same Sky""","8403","Size - M","0","139","69","0"
"WSS1201NC0UA","8985","Sylvie Tunic ""Under the Same Sky""","8404","Size - L","0","139","69","0"
"WSS1201NC0UA","8985","Sylvie Tunic ""Under the Same Sky""","8405","Size - XL","0","139","69","0"
"WSS1201NC0UA","8985","Sylvie Tunic ""Under the Same Sky""","8406","Size - XS","0","139","69","0"
"WSS1201NC0TA","8986","Sylvie Tunic ""Gezaluwejit""","8407","Size - S","0","139","69","0"
"WSS1201NC0TA","8986","Sylvie Tunic ""Gezaluwejit""","8408","Size - M","0","139","69","0"
"WSS1201NC0TA","8986","Sylvie Tunic ""Gezaluwejit""","8409","Size - L","0","139","69","0"
"WSS1201NC0TA","8986","Sylvie Tunic ""Gezaluwejit""","8410","Size - XL","0","139","69","0"
"WSS1201NC0TA","8986","Sylvie Tunic ""Gezaluwejit""","8411","Size - XS","0","139","69","0"
"A16051-WSS1201NC05A","8987","Sylvie Tunic ""Northern Keepers""","8412","Size - S","1","139","69","0"
"A16051-WSS1201NC05A","8987","Sylvie Tunic ""Northern Keepers""","8413","Size - M","1","139","69","0"
"A16051-WSS1201NC05A","8987","Sylvie Tunic ""Northern Keepers""","8414","Size - L","1","139","69","0"
"A16051-WSS1201NC05A","8987","Sylvie Tunic ""Northern Keepers""","8415","Size - XL","0","139","69","0"
"A16051-WSS1201NC05A","8987","Sylvie Tunic ""Northern Keepers""","8416","Size - XS","1","139","69","0"
"A07020-UAC1201NC0AA","9013","Arthur Pillow ""Journey to the Spirit World""","","Arthur Pillow ""Journey to the Spirit World""","1","59","21","0"
"A18066-WNS0801NC0UA","9014","Kaplan Tank ""Under the Same Sky""","8437","Size - S","1","129","60","0"
"A18066-WNS0801NC0UA","9014","Kaplan Tank ""Under the Same Sky""","8438","Size - M","1","129","60","0"
"A18066-WNS0801NC0UA","9014","Kaplan Tank ""Under the Same Sky""","8439","Size - L","1","129","60","0"
"A18066-WNS0801NC0UA","9014","Kaplan Tank ""Under the Same Sky""","8440","Size - XL","1","129","60","0"
"A18066-WNS0801NC0UA","9014","Kaplan Tank ""Under the Same Sky""","8441","Size - XS","1","129","60","0"
"W13023-WSS0901NC09A","9017","K Smith T-Shirt ""Water and Spirit Buffalo""","8442","Size - S","1","89","35","0"
"W13023-WSS0901NC09A","9017","K Smith T-Shirt ""Water and Spirit Buffalo""","8443","Size - M","1","89","35","0"
"W13023-WSS0901NC09A","9017","K Smith T-Shirt ""Water and Spirit Buffalo""","8444","Size - L","1","89","35","0"
"W13023-WSS0901NC09A","9017","K Smith T-Shirt ""Water and Spirit Buffalo""","8445","Size - XL","1","89","35","0"
"W13023-WSS0901NC09A","9017","K Smith T-Shirt ""Water and Spirit Buffalo""","8446","Size - XS","1","89","35","0"
"46050","9058","Leather Wallet","11672","Colors - Black","4","22","9.25","0"
"46050","9058","Leather Wallet","11673","Colors - Cream","4","22","9.25","0"
"46050","9058","Leather Wallet","11674","Colors - Maple","2","22","9.25","0"
"SKU: 00-06-911","9329","Eagle Pâté Knife","8533","Style - Brush","2","50","19.5","0"
"SKU: 00-06-911","9329","Eagle Pâté Knife","8534","Style - High Polish","0","50","19.5","0"
"SKU: Colouring027","9382","Colouring Book ""Northern Keepers""","","Colouring Book ""Northern Keepers""","6","8.949999999999999","3.75","0"
"W13023-WNS0701NC01A","9767","Coco Tank ""Wisdom Keepers""","8588","Size - S","1","79","34.35","0"
"W13023-WNS0701NC01A","9767","Coco Tank ""Wisdom Keepers""","8589","Size - M","2","79","34.35","0"
"W13023-WNS0701NC01A","9767","Coco Tank ""Wisdom Keepers""","8590","Size - L","1","79","34.35","0"
"W13023-WNS0701NC01A","9767","Coco Tank ""Wisdom Keepers""","8591","Size - XL","1","79","34.35","0"
"W13023-WNS0701NC01A","9767","Coco Tank ""Wisdom Keepers""","8592","Size - XS","1","79","34.35","0"
"W13023-WNS0701NC12A","9864","Coco Tank ""Water and Spirit Buffalo at Moonrise""","8623","Size - S","1","79","34.35","0"
"W13023-WNS0701NC12A","9864","Coco Tank ""Water and Spirit Buffalo at Moonrise""","8624","Size - M","0","79","34.35","0"
"W13023-WNS0701NC12A","9864","Coco Tank ""Water and Spirit Buffalo at Moonrise""","8625","Size - L","0","79","34.35","0"
"W13023-WNS0701NC12A","9864","Coco Tank ""Water and Spirit Buffalo at Moonrise""","8626","Size - XL","0","79","34.35","0"
"W13023-WNS0701NC12A","9864","Coco Tank ""Water and Spirit Buffalo at Moonrise""","8627","Size - XS","1","79","34.35","0"
"W08019-WNS0701NC13A","9865","Coco Tank ""Unity""","8628","Size - S","0","79","34.35","0"
"W08019-WNS0701NC13A","9865","Coco Tank ""Unity""","8629","Size - M","0","79","34.35","0"
"W08019-WNS0701NC13A","9865","Coco Tank ""Unity""","8630","Size - L","0","79","34.35","0"
"W08019-WNS0701NC13A","9865","Coco Tank ""Unity""","8631","Size - XL","1","79","34.35","0"
"W08019-WNS0701NC13A","9865","Coco Tank ""Unity""","8632","Size - XS","0","79","34.35","0"
"A04015-WSS1201NC14A","9893","Sylvie Tunic ""Rebirth""","8658","Size - S","1","139","69","0"
"A04015-WSS1201NC14A","9893","Sylvie Tunic ""Rebirth""","8659","Size - M","1","139","69","0"
"A04015-WSS1201NC14A","9893","Sylvie Tunic ""Rebirth""","8660","Size - L","0","139","69","0"
"A04015-WSS1201NC14A","9893","Sylvie Tunic ""Rebirth""","8661","Size - XL","1","139","69","0"
"A04015-WSS1201NC14A","9893","Sylvie Tunic ""Rebirth""","8662","Size - XS","1","139","69","0"
"A18019-WBL0301NC13A","9896","Frida Cardigan ""Unity""","8673","Size - S","0","129","52.5","0"
"A18019-WBL0301NC13A","9896","Frida Cardigan ""Unity""","8674","Size - M","1","129","52.5","0"
"A18019-WBL0301NC13A","9896","Frida Cardigan ""Unity""","8675","Size - L","0","129","52.5","0"
"A18019-WBL0301NC13A","9896","Frida Cardigan ""Unity""","8676","Size - XL","0","129","52.5","0"
"A18019-WBL0301NC13A","9896","Frida Cardigan ""Unity""","8677","Size - XS","0","129","52.5","0"
"W13023-WNS1201NC11A","9899","Tamara Top ""Spirit and Water Buffalo at Sunset""","8683","Size - S","1","129","60.5","0"
"W13023-WNS1201NC11A","9899","Tamara Top ""Spirit and Water Buffalo at Sunset""","8684","Size - M","0","129","60.5","0"
"W13023-WNS1201NC11A","9899","Tamara Top ""Spirit and Water Buffalo at Sunset""","8685","Size - L","0","129","60.5","0"
"W13023-WNS1201NC11A","9899","Tamara Top ""Spirit and Water Buffalo at Sunset""","8686","Size - XL","0","129","60.5","0"
"W13023-WNS1201NC11A","9899","Tamara Top ""Spirit and Water Buffalo at Sunset""","8687","Size - XS","1","129","60.5","0"
"W13023-WNS1201NC12A","9900","Tamara Top ""Spirit and Water Buffalo at Moonrise""","8688","Size - S","0","129","60.5","0"
"W13023-WNS1201NC12A","9900","Tamara Top ""Spirit and Water Buffalo at Moonrise""","8689","Size - M","1","129","60.5","0"
"W13023-WNS1201NC12A","9900","Tamara Top ""Spirit and Water Buffalo at Moonrise""","8690","Size - L","0","129","60.5","0"
"W13023-WNS1201NC12A","9900","Tamara Top ""Spirit and Water Buffalo at Moonrise""","8691","Size - XL","0","129","60.5","0"
"W13023-WNS1201NC12A","9900","Tamara Top ""Spirit and Water Buffalo at Moonrise""","8692","Size - XS","1","129","60.5","0"
"A08019-WNS1201NC13A","9901","Tamara Top ""Unity""","8693","Size - S","0","129","50","0"
"A08019-WNS1201NC13A","9901","Tamara Top ""Unity""","8694","Size - M","1","129","50","0"
"A08019-WNS1201NC13A","9901","Tamara Top ""Unity""","8695","Size - L","0","129","50","0"
"A08019-WNS1201NC13A","9901","Tamara Top ""Unity""","8696","Size - XL","0","129","50","0"
"A08019-WNS1201NC13A","9901","Tamara Top ""Unity""","8697","Size - XS","0","129","50","0"
"W13023-WSS1801NC12A","9906","Julie Drape ""Spirit and Water Buffalo at Moonrise""","8708","Size - S","1","79","35.5","0"
"W13023-WSS1801NC12A","9906","Julie Drape ""Spirit and Water Buffalo at Moonrise""","8709","Size - M","1","79","35.5","0"
"W13023-WSS1801NC12A","9906","Julie Drape ""Spirit and Water Buffalo at Moonrise""","8710","Size - L","0","79","35.5","0"
"W13023-WSS1801NC12A","9906","Julie Drape ""Spirit and Water Buffalo at Moonrise""","8711","Size - XL","0","79","35.5","0"
"W13023-WSS1801NC12A","9906","Julie Drape ""Spirit and Water Buffalo at Moonrise""","8712","Size - XS","0","79","35.5","0"
"A04015-WLS2801NC14A","9911","Eden Tunic ""Rebirth""","8733","Size - S","0","139","61.89","0"
"A04015-WLS2801NC14A","9911","Eden Tunic ""Rebirth""","8734","Size - M","1","139","61.89","0"
"A04015-WLS2801NC14A","9911","Eden Tunic ""Rebirth""","8735","Size - L","1","139","61.89","0"
"A04015-WLS2801NC14A","9911","Eden Tunic ""Rebirth""","8736","Size - XL","0","139","61.89","0"
"A04015-WLS2801NC14A","9911","Eden Tunic ""Rebirth""","8737","Size - XS","0","139","61.89","0"
"DC1701X12","10248","Birthstone Earrings","8967","Jewelry - January","5","18.95","8","0"
"DC1701X12","10248","Birthstone Earrings","8968","Jewelry - February","12","18.95","8","0"
"DC1701X12","10248","Birthstone Earrings","8969","Jewelry - March","16","18.95","8","0"
"DC1701X12","10248","Birthstone Earrings","8970","Jewelry - April","14","18.95","8","0"
"DC1701X12","10248","Birthstone Earrings","8971","Jewelry - May","9","18.95","8","0"
"DC1701X12","10248","Birthstone Earrings","8972","Jewelry - June","7","18.95","8","0"
"DC1701X12","10248","Birthstone Earrings","8973","Jewelry - July","15","18.95","8","0"
"DC1701X12","10248","Birthstone Earrings","8974","Jewelry - August","14","18.95","8","0"
"DC1701X12","10248","Birthstone Earrings","8975","Jewelry - September","17","18.95","8","0"
"DC1701X12","10248","Birthstone Earrings","8976","Jewelry - October","10","18.95","8","0"
"DC1701X12","10248","Birthstone Earrings","8977","Jewelry - November","18","18.95","8","0"
"DC1701X12","10248","Birthstone Earrings","8978","Jewelry - December","5","18.95","8","0"
"DC1701-PX12","10285","Birthstone Pendant","9076","Jewelry - January","9","12.95","5.5","0"
"DC1701-PX12","10285","Birthstone Pendant","9077","Jewelry - February","16","12.95","5.5","0"
"DC1701-PX12","10285","Birthstone Pendant","9078","Jewelry - March","15","12.95","5.5","0"
"DC1701-PX12","10285","Birthstone Pendant","9079","Jewelry - April","15","12.95","5.5","0"
"DC1701-PX12","10285","Birthstone Pendant","9080","Jewelry - May","11","12.95","5.5","0"
"DC1701-PX12","10285","Birthstone Pendant","9081","Jewelry - June","14","12.95","5.5","0"
"DC1701-PX12","10285","Birthstone Pendant","9082","Jewelry - July","11","12.95","5.5","0"
"DC1701-PX12","10285","Birthstone Pendant","9083","Jewelry - August","16","12.95","5.5","0"
"DC1701-PX12","10285","Birthstone Pendant","9084","Jewelry - September","16","12.95","5.5","0"
"DC1701-PX12","10285","Birthstone Pendant","9085","Jewelry - October","10","12.95","5.5","0"
"DC1701-PX12","10285","Birthstone Pendant","9086","Jewelry - November","16","12.95","5.5","0"
"DC1701-PX12","10285","Birthstone Pendant","9087","Jewelry - December","7","12.95","5.5","0"
"AFx12","10430","Answer Feathers","9275","Colors/Emotions - Friendship","0","4.95","1.8","2"
"AFx12","10430","Answer Feathers","9276","Colors/Emotions - Guidance","0","4.95","1.8","2"
"AFx12","10430","Answer Feathers","9277","Colors/Emotions - Happiness","1","4.95","1.8","2"
"AFx12","10430","Answer Feathers","9278","Colors/Emotions - Healing","0","4.95","1.8","0"
"AFx12","10430","Answer Feathers","9279","Colors/Emotions - Hope","5","4.95","1.8","0"
"AFx12","10430","Answer Feathers","9280","Colors/Emotions - Inspiration","2","4.95","1.8","0"
"AFx12","10430","Answer Feathers","9281","Colors/Emotions - Love","4","4.95","1.8","0"
"AFx12","10430","Answer Feathers","9282","Colors/Emotions - Luck","4","4.95","1.8","0"
"AFx12","10430","Answer Feathers","9283","Colors/Emotions - Peace","1","4.95","1.8","0"
"AFx12","10430","Answer Feathers","9284","Colors/Emotions - Proctection","0","4.95","1.8","0"
"AFx12","10430","Answer Feathers","9285","Colors/Emotions - Success","4","4.95","1.8","0"
"AFx12","10430","Answer Feathers","9286","Colors/Emotions - Wisdom","3","4.95","1.8","0"
"A17065-MSS0701NC15A","11091","Salvadore Tee for Men ""Forest Temple""","9173","Size - S","1","89","36","0"
"A17065-MSS0701NC15A","11091","Salvadore Tee for Men ""Forest Temple""","9174","Size - M","1","89","36","0"
"A17065-MSS0701NC15A","11091","Salvadore Tee for Men ""Forest Temple""","9175","Size - L","1","89","36","0"
"A17065-MSS0701NC15A","11091","Salvadore Tee for Men ""Forest Temple""","9176","Size - XL","0","89","36","0"
"A17065-MSS0701NC15A","11091","Salvadore Tee for Men ""Forest Temple""","9177","Size - XS","1","89","36","0"
"A01036-MSS0701NC0ZA","11092","Salvadore Tee for Men ""Teachings""","9178","Size - S","1","89","36","0"
"A01036-MSS0701NC0ZA","11092","Salvadore Tee for Men ""Teachings""","9179","Size - M","0","89","36","0"
"A01036-MSS0701NC0ZA","11092","Salvadore Tee for Men ""Teachings""","9180","Size - L","1","89","36","0"
"A01036-MSS0701NC0ZA","11092","Salvadore Tee for Men ""Teachings""","9181","Size - XL","1","89","36","0"
"A01036-MSS0701NC0ZA","11092","Salvadore Tee for Men ""Teachings""","9182","Size - XS","1","89","36","0"
"A16059-UAC1801NC0IC","11096","Pablo Pillow ""Wisdom Keepers""","","Pablo Pillow ""Wisdom Keepers""","4","59","21","0"
"CECO-05","11458","Purse ""Celeste"" with Coyote","","Purse ""Celeste"" with Coyote","1","345","150","0"
"SKU: 53-53-587","11468","Bill Helin Chilkat Trivet","","Bill Helin Chilkat Trivet","0","14.95","6.3","0"
"SKU: Box285","11536","Colouring Cards ""Northern Residents""","","Colouring Cards ""Northern Residents""","6","21.45","9.25","0"
"SKU: 48-46-171","11690","The Flowers of Canada Trivet","","The Flowers of Canada Trivet","1","14.95","6.3","0"
"SKU:48-12-438","11691","Cariboo Halo Mug","","Cariboo Halo Mug","0","11","4.75","0"
"SKU: 12-12-433","11692","Caribou Oven Mitt","","Caribou Oven Mitt","2","18.95","8","0"
"MF2-12","11734","Feathers for Cars","","Feathers for Cars","8","5.95","2.5","0"
"A18061-POD2573","11972","Matted Print - Seed of Life","","Matted Print - Seed of Life","4","20","7.5","0"
"A13042-POD2549","11973","Matted Print - Carried Away","","Matted Print - Carried Away","3","20","7.5","0"
"A01034-POD2570","11975","Matted Print - Reaching Out","","Matted Print - Reaching Out","2","20","7.5","0"
"W17063-WPA0701NC02B","12062","Parma Capri ""Depth""","9346","Size - S","0","129","55.5","0"
"W17063-WPA0701NC02B","12062","Parma Capri ""Depth""","9347","Size - M","0","129","55.5","0"
"W17063-WPA0701NC02B","12062","Parma Capri ""Depth""","9348","Size - L","0","129","55.5","0"
"W17063-WPA0701NC02B","12062","Parma Capri ""Depth""","9349","Size - XL","0","129","55.5","0"
"W17063-WPA0701NC02B","12062","Parma Capri ""Depth""","9350","Size - XS","1","129","55.5","0"
"A20055-POD2571","12086","Matted Print - Refuge","","Matted Print - Refuge","0","20","7.5","0"
"SKU: 12-12-301","12111","Black Bears Pot Holder","","Black Bears Pot Holder","1","14.95","6.5","0"
"A16058-WLS1801NC04A","12194","Patti Tunic II ""Silent Seekers"" Plus Size","9525","Size - 1X","1","129","60.5","0"
"A16058-WLS1801NC04A","12194","Patti Tunic II ""Silent Seekers"" Plus Size","9526","Size - 2X","1","129","60.5","0"
"A16058-WLS1801NC04A","12194","Patti Tunic II ""Silent Seekers"" Plus Size","9527","Size - 3X","1","129","60.5","0"
"A16059-UAC6201NC0IA","12436","Arthur Pillow ""Wisdom Keepers""","","Arthur Pillow ""Wisdom Keepers""","4","59","21","0"
"A08007-UAC6101NC1AA","12440","Gustave Pillow ""A Moose and a Goose""","","Gustave Pillow ""A Moose and a Goose""","5","59","23","0"
"Velvet Pouch","12632","Velvet Pouch","","Velvet Pouch","3","0.3","0.28","0"
"Kayo-Tea","12634","Kayo-Tea","12529","Size - 20gr","32","16.4","0","4.25"
"Kayo-Tea","12634","Kayo-Tea","12530","Size - 60gr","0","22.4","0","7"
"LSB10","12682","Liquid Silver Bracelet 10 Strands","","Liquid Silver Bracelet 10 Strands","3","85","35.2","0"
"LSB20","12683","Liquid Silver Bracelet 20 Strands","","Liquid Silver Bracelet 20 Strands","1","125","54.04","0"
"C-Rings","12686","Semi-Precious Transparent Rings","","Semi-Precious Transparent Rings","25","12.95","5.6","0"
"A13042-POD2549C","12702","Canvas - Carried Away","","Canvas - Carried Away","3","40","17","0"
"A17063-POD2550C","12703","Canvas - Depth","","Canvas - Depth","3","40","17","0"
"A10046-POD2553C","12704","Canvas - Geese Spirit","","Canvas - Geese Spirit","3","40","17","0"
"A14051-POD2554C","12705","Canvas - Gezaluwejit","","Canvas - Gezaluwejit","3","40","17","0"
"A01031-POD2558C","12707","Canvas - Honoring the Giver of Life","","Canvas - Honoring the Giver of Life","2","40","17","0"
"A13041-POD2583C","12708","Canvas - Lapinx","","Canvas - Lapinx","2","45","17","0"
"A10004-POD2561C","12710","Canvas - Merging Earth and Sky","","Canvas - Merging Earth and Sky","3","40","17","0"
"A16051-POD2566C","12712","Canvas - Northern Keepers","","Canvas - Northern Keepers","1","40","17","0"
"A00048-POD2884C","12714","Canvas - Protector","","Canvas - Protector","2","40","17","0"
"A01034-POD2570C","12715","Canvas - Reaching Out","","Canvas - Reaching Out","3","40","17","0"
"A20055-POD2571C","12716","Canvas - Refuge","","Canvas - Refuge","2","40","17","0"
"A09006-POD2579C","12717","Canvas - River Keeper","","Canvas - River Keeper","3","40","17","0"
"A16058-POD2574C","12718","Canvas - Silent Seekers","","Canvas - Silent Seekers","2","40","17","0"
"A01003-POD2575C","12719","Canvas - Sky Girl","","Canvas - Sky Girl","3","40","17","0"
"A17065-POD2578C","12722","Canvas - The Forest Temple","","Canvas - The Forest Temple","2","40","17","0"
"C60","12725","Curb Chain","9647","Size - 16""","0","42","0","17"
"C60","12725","Curb Chain","9648","Size - 18""","1","47","0","19"
"C60","12725","Curb Chain","9649","Size - 20""","1","52","0","20"
"C60","12725","Curb Chain","9650","Size - 22""","0","57","0","24.75"
"C60","12725","Curb Chain","9651","Size - 24""","1","62","0","26.82"
"C60","12725","Curb Chain","9652","Size - 30""","0","76","0","33"
"DC10-P","12781","DC10 Pendentif","","DC10 Pendentif","6","7.95","3.5","0"
"DC10","12786","DC10 Earrings","","DC10 Earrings","2","11.95","4.5","0"
"BB2-P","12798","BB2 Pendant ""Birch Bark""","","BB2 Pendant ""Birch Bark""","4","12.95","5.3","0"
"FDMONEYCLIP","12808","Money Clip","","Money Clip","14","26","13","0"
"FDOPENERS","12809","Letter Openers","9702","Style - Enamel","0","24","0","12"
"FDOPENERS","12809","Letter Openers","9703","Style - Pewter","2","28","0","14"
"FDKEYRING","12813","Key Ring","","Key Ring","5","18","9","0"
"FDNECKLACE","12814","Necklaces","9687","Jewelry - Enameled Cord","35","21","0","10"
"FDNECKLACE","12814","Necklaces","9688","Jewelry - Copper Cord","41","20","0","10"
"FDNECKLACE","12814","Necklaces","9690","Jewelry - Enameled Chain","15","22","0","11"
"FDNECKLACE","12814","Necklaces","9696","Jewelry - Pewter cord medium","108","22","0","11"
"FDNECKLACE","12814","Necklaces","9697","Jewelry - Pewter cord large","19","24","0","12"
"FDNECKLACE","12814","Necklaces","9698","Jewelry - Pewter chain medium","16","24","0","12"
"FDNECKLACE","12814","Necklaces","9699","Jewelry - Pewter chain large","14","26","0","13"
"Keewatin9","12840","Santon Broach","","Santon Broach","5","18","7.5","0"
"DC11-P","12941","DC11 Pendant","","DC11 Pendant","3","15.95","6.75","0"
"BB4-P","12999","BB4 Pendant ""Birch Bark""","","BB4 Pendant ""Birch Bark""","5","12.95","5.55","0"
"BB6-P","13000","BB6 Pendant ""Birch Bark""","","BB6 Pendant ""Birch Bark""","10","15.95","7.05","0"
"BB8-P","13004","BB8 Pendant ""Birch Bark""","","BB8 Pendant ""Birch Bark""","6","10.95","4.55","0"
"BB1-P","13005","BB1 Pendant ""Birch Bark""","","BB1 Pendant ""Birch Bark""","3","14.95","6","0"
"DC1005-P","13011","DC1005 Pendant","","DC1005 Pendant","1","10.95","4.25","0"
"W12005-WLS1801NC0WA","13026","Patti Tunic II ""Earth Keeper"" Plus Size","9793","Size - 2X","1","129","60.5","0"
"W12005-WLS1801NC0WA","13026","Patti Tunic II ""Earth Keeper"" Plus Size","9794","Size - 3X","1","129","60.5","0"
"W12005-WLS1801NC0WA","13026","Patti Tunic II ""Earth Keeper"" Plus Size","9795","Size - 1X","1","129","60.5","0"
"HV","13046","Hydrolatherapy Mist","","Hydrolatherapy Mist","5","29.99","18","0"
"EV","13047","Anti-Aging Elixir","","Anti-Aging Elixir","5","59.99","34.8","0"
"HQ","13052","Spiritual Mist","9803","Size - 120ml","12","15.99","0","9"
"HQ","13052","Spiritual Mist","9804","Size - 270ml","24","25","0","15"
"CS","13053","Ancestral Seed Boxes","11928","Wellness - Pride of you vegetable garden","6","19.99","12","0"
"CS","13053","Ancestral Seed Boxes","11929","Wellness - Surprise Collection","6","19.99","12","0"
"CS","13053","Ancestral Seed Boxes","11930","Wellness - Save the bees","2","19.99","12","0"
"CS","13053","Ancestral Seed Boxes","11931","Wellness - Flowers and medicinal plants","5","19.99","12","0"
"CV","13054","Face Cream","10212","Size - 195g, Wellness - Wild chamomile - Rose","2","65","0","39"
"CV","13054","Face Cream","10214","Size - 195g, Wellness - Wild berry","4","65","0","39"
"CV","13054","Face Cream","10216","Size - 195g, Wellness - Musk Mallow - Linden","4","65","0","39"
"CV","13054","Face Cream","10218","Size - 55g, Wellness - Wild chamomile - Rose","3","29.99","0","15"
"CV","13054","Face Cream","10220","Size - 55g, Wellness - Wild berries","0","29.99","0","15"
"CV","13054","Face Cream","10222","Size - 55g, Wellness - Musk Mallow - Linden","4","29.99","0","15"
"CC","13056","Body Cream","10230","Size - 255g, Wellness - Sweetgrass","3","45","0","27"
"CC","13056","Body Cream","10234","Size - 55g, Wellness - Sweetgrass","4","24.99","0","12"
"CC","13056","Body Cream","10238","Size - 255g, Wellness - Lavender - Rosemary","5","45","0","27"
"CC","13056","Body Cream","10242","Size - 55g, Wellness - Lavender - Rosemary","6","24.99","0","12"
"CC","13056","Body Cream","10246","Size - 255g, Wellness - Linden","3","45","0","27"
"CC","13056","Body Cream","10250","Size - 55g, Wellness - Linden","6","24.99","0","12"
"CCD","13058","Pain Management Care Cream","9823","Size - 55g","5","24.99","0","12"
"CCD","13058","Pain Management Care Cream","9824","Size - 170g","3","55","0","33"
"DEO","13060","Deodorants","9826","Wellness - Wild berries","4","15.95","9.57","0"
"DEO","13060","Deodorants","9827","Wellness - Wild flowers","0","15.95","9.57","0"
"DEO","13060","Deodorants","9828","Wellness - Conifer","1","15.95","9.57","0"
"TIS","13061","Herbal Teas","9829","Wellness - Wild chamomile","2","19.95","11.97","0"
"TIS","13061","Herbal Teas","9830","Wellness - Balsam fir","3","19.95","11.97","0"
"TIS","13061","Herbal Teas","9831","Wellness - Red clover","4","19.95","11.97","0"
"TIS","13061","Herbal Teas","9832","Wellness - Stinging nettle","2","19.95","11.97","0"
"MI","13062","Honey","9837","Wellness - Wild chamomile","2","19.95","11.97","0"
"MI","13062","Honey","9838","Wellness - Balsam fir","3","19.95","11.97","0"
"MI","13062","Honey","9839","Wellness - Rosehips","3","19.95","11.97","0"
"MI","13062","Honey","9840","Wellness - Wild mint","4","19.95","11.97","0"
"BIRC600OS-01","13068","""Birch Bark"" Blanket","","""Birch Bark"" Blanket","2","189","105","0"
"MIEL600OS-01","13077","""Miel"" Blanket","","""Miel"" Blanket","1","189","105","0"
"ECLA600OS-07","13078","""Éclair"" Blanket","","""Éclair"" Blanket","0","189","105","0"
"HARV600OS-01","13079","""Harvesters"" Blanket","","""Harvesters"" Blanket","2","189","105","0"
"STOR600OS-01","13080","""Storm"" Blanket","","""Storm"" Blanket","2","189","105","0"
"THUN600OS-01","13082","""Thunderbird"" Blanket","","""Thunderbird"" Blanket","2","189","105","0"
"FLEU600OS-01","13083","""FLeurs"" Blanket","","""FLeurs"" Blanket","0","189","105","0"
"SAND600OS-01","13084","""Sand"" Blanket","","""Sand"" Blanket","2","189","105","0"
"PON400O-06","13085","Poncho ""Harfang""","9843","Size - 18mth - 3yrs","0","85","0","51"
"PON400O-06","13085","Poncho ""Harfang""","9844","Size - 4yrs - 8yrs","0","89","0","53"
"SUN400O-06","13086","Poncho ""Sunrise""","9845","Size - 4yrs - 8yrs","0","89","0","53"
"SUN400O-06","13086","Poncho ""Sunrise""","9846","Size - 18mth - 3yrs","1","85","0","51"
"STOR600OS-03","13087","Shawl ""Storm""","","Shawl ""Storm""","0","134","80","0"
"THUN600OS-03","13089","Shawl ""Thunderbird""","","Shawl ""Thunderbird""","1","134","80","0"
"BIRC600OS-03","13090","Shawl ""Birch Bark""","","Shawl ""Birch Bark""","1","134","80","0"
"MIEL600OS-03","13091","Shawl ""Miel""","","Shawl ""Miel""","2","134","80","0"
"CURR600OS-03","13092","Shawl ""Currant""","","Shawl ""Currant""","2","134","80","0"
"HARV600OS-03","13093","Shawl ""Harvesters""","","Shawl ""Harvesters""","2","134","80","0"
"SEQcandles","13124","Scented Candles","9865","Size - 15 hr, Wellness - Blackberry - Sage","5","10","0","5"
"SEQcandles","13124","Scented Candles","9866","Size - 30 hr, Wellness - Blackberry - Sage","6","20","0","10"
"SEQcandles","13124","Scented Candles","9867","Size - 60 hr, Wellness - Blackberry - Sage","0","28","0","14"
"SEQcandles","13124","Scented Candles","9868","Size - 15 hr, Wellness - Jingle Dress","5","10","0","5"
"SEQcandles","13124","Scented Candles","9869","Size - 30 hr, Wellness - Jingle Dress","6","20","0","10"
"SEQcandles","13124","Scented Candles","9870","Size - 60 hr, Wellness - Jingle Dress","3","28","0","14"
"SEQcandles","13124","Scented Candles","9871","Size - 15 hr, Wellness - Red clover","5","10","0","5"
"SEQcandles","13124","Scented Candles","9872","Size - 30 hr, Wellness - Red clover","2","20","0","10"
"SEQcandles","13124","Scented Candles","9873","Size - 60 hr, Wellness - Red clover","0","28","0","14"
"SEQcandles","13124","Scented Candles","9874","Size - 15 hr, Wellness - Skywoman","6","10","0","5"
"SEQcandles","13124","Scented Candles","9875","Size - 30 hr, Wellness - Skywoman","6","20","0","10"
"SEQcandles","13124","Scented Candles","9876","Size - 60 hr, Wellness - Skywoman","0","28","0","14"
"SEQcandles","13124","Scented Candles","9880","Size - 15 hr, Wellness - Three Sisters","3","10","0","5"
"SEQcandles","13124","Scented Candles","9881","Size - 30 hr, Wellness - Three Sisters","4","20","0","10"
"SEQcandles","13124","Scented Candles","9882","Size - 60 hr, Wellness - Three Sisters","5","28","0","14"
"SEQcandles","13124","Scented Candles","9883","Size - 15 hr, Wellness - Sweetgrass","4","10","0","5"
"SEQcandles","13124","Scented Candles","9884","Size - 30 hr, Wellness - Sweetgrass","3","20","0","10"
"SEQcandles","13124","Scented Candles","9885","Size - 60 hr, Wellness - Sweetgrass","4","28","0","14"
"SEQmist","13128","Body Mists","9913","Size - 4oz, Wellness - Jingle Dress","6","20","0","10"
"SEQmist","13128","Body Mists","9920","Size - 2.5oz, Wellness - Blackberry - Sage","8","15","0","7"
"SEQmist","13128","Body Mists","9921","Size - 4oz, Wellness - Blackberry - Sage","2","20","0","10"
"SEQmist","13128","Body Mists","9922","Size - 2.5oz, Wellness - Red clover","6","15","0","7"
"SEQmist","13128","Body Mists","9923","Size - 4oz, Wellness - Red clover","3","20","0","10"
"SEQmist","13128","Body Mists","9924","Size - 2.5oz, Wellness - Skywoman","5","15","0","7"
"SEQmist","13128","Body Mists","9925","Size - 4oz, Wellness - Skywoman","8","20","0","10"
"SEQmist","13128","Body Mists","9928","Size - 2.5oz, Wellness - Sweetgrass","6","15","0","7"
"SEQmist","13128","Body Mists","9929","Size - 4oz, Wellness - Sweetgrass","1","20","0","10"
"SEQlotion","13135","Body Lotions","9939","Size - 8oz, Wellness - Jingle Dress","7","28","0","14"
"SEQlotion","13135","Body Lotions","9940","Size - 2oz, Wellness - Blackberry - Sage","5","12","0","6"
"SEQlotion","13135","Body Lotions","9941","Size - 8oz, Wellness - Blackberry - Sage","6","28","0","14"
"SEQlotion","13135","Body Lotions","9942","Size - 2oz, Wellness - Red clover","3","12","0","6"
"SEQlotion","13135","Body Lotions","9943","Size - 8oz, Wellness - Red clover","7","28","0","14"
"SEQlotion","13135","Body Lotions","9944","Size - 2oz, Wellness - Skywoman","6","12","0","6"
"SEQlotion","13135","Body Lotions","9945","Size - 8oz, Wellness - Skywoman","2","28","0","14"
"SEQlotion","13135","Body Lotions","9946","Size - 2oz, Wellness - Sweetgrass","7","12","0","6"
"SEQlotion","13135","Body Lotions","9947","Size - 8oz, Wellness - Sweetgrass","2","28","0","14"
"SEQlotion","13135","Body Lotions","12703","Size - 2oz, Wellness - Jingle Dress","6","12","0","6"
"SEQincense","13141","Incense","9948","Wellness - Turtle Island","0","12","6","0"
"SEQincense","13141","Incense","9949","Wellness - Cedar","0","12","6","0"
"SEQincense","13141","Incense","9950","Wellness - Medicine Woman","0","12","6","0"
"SEQincense","13141","Incense","9951","Wellness - Sacred Tobacco","0","12","6","0"
"SEQincense","13141","Incense","9952","Wellness - Sweetgrass","0","12","6","0"
"SEQincense","13141","Incense","9953","Wellness - Warrior's Blood","0","12","6","0"
"SEQincense","13141","Incense","9954","Wellness - Red clover","0","12","6","0"
"SEQincense","13141","Incense","9955","Wellness - Sage","0","12","6","0"
"SEQbscrub","13144","Body Scrubs","9956","Size - 5oz, Wellness - Blackberry - Sage","6","18","0","9"
"SEQbscrub","13144","Body Scrubs","9957","Size - 5oz, Wellness - Skywoman","7","18","0","9"
"SEQbscrub","13144","Body Scrubs","9958","Size - 5oz, Wellness - Sweetgrass","2","18","0","9"
"SEQbscrub","13144","Body Scrubs","12691","Size - 20oz, Wellness - Sweetgrass","6","38","0","19"
"SEQbscrub","13144","Body Scrubs","12692","Size - 20oz, Wellness - Skywoman","6","38","0","19"
"SEQbscrub","13144","Body Scrubs","12693","Size - 20oz, Wellness - Blackberry - Sage","0","38","0","19"
"SEQbscrub","13144","Body Scrubs","12705","Size - 5oz, Wellness - Red clover","0","0","0","0"
"SEQbscrub","13144","Body Scrubs","12706","Size - 20oz, Wellness - Red clover","0","0","0","0"
"SEQfscrub","13145","Facial Scrubs","9962","Size - 5oz, Wellness - Tea Tree Mint","12","25","0","12"
"SEQfscrub","13145","Facial Scrubs","9963","Size - 5oz, Wellness - Strawberry","13","25","0","12"
"SEQfscrub","13145","Facial Scrubs","9964","Size - 10oz, Wellness - Tea Tree Mint","0","40","0","20"
"SEQfscrub","13145","Facial Scrubs","9965","Size - 10oz, Wellness - Strawberry","0","40","0","20"
"SEQmgift","13150","Soap Gift Set ""Medicine""","9966","Size - 1oz","6","18","0","9"
"SEQmgift","13150","Soap Gift Set ""Medicine""","9967","Size - 4oz","10","56","0","28"
"SEQlgift","13151","Soap Gift Set ""Legends""","9970","Size - 1oz","0","18","0","9"
"SEQlgift","13151","Soap Gift Set ""Legends""","9971","Size - 4oz","3","56","0","28"
"SEQnsgift","13154","Soap Gift Set ""Night Sky""","9972","Size - 4oz","9","56","0","28"
"SEQnsgift","13154","Soap Gift Set ""Night Sky""","9973","Size - 1oz","0","18","0","9"
"SEQtgift","13155","Soap Gift Set ""Traditions""","9974","Size - 4oz","2","56","0","28"
"SEQtgift","13155","Soap Gift Set ""Traditions""","9975","Size - 1oz","2","18","0","9"
"SEQsbgift","13156","Soap Gift Set ""Sweet Blends""","9976","Size - 4oz","5","56","0","28"
"SEQsbgift","13156","Soap Gift Set ""Sweet Blends""","9977","Size - 1oz","0","18","0","9"
"SEQbalm","13159","Soothing Lip Balms","9978","Wellness - Blueberry","10","8","4","0"
"SEQbalm","13159","Soothing Lip Balms","9979","Wellness - Wild berries","0","8","4","0"
"SEQbalm","13159","Soothing Lip Balms","9980","Wellness - Strawberry","4","8","4","0"
"SEQbalm","13159","Soothing Lip Balms","9981","Wellness - Three Sisters","10","8","4","0"
"SEQbalm","13159","Soothing Lip Balms","9982","Wellness - Tea Tree Mint","5","8","4","0"
"SEQbalm","13159","Soothing Lip Balms","9983","Wellness - Lime","0","8","4","0"
"SEQbalm","13159","Soothing Lip Balms","12704","Wellness - Northern Blueberry","0","8","4","0"
"SEQsssoap","13165","Sweet Scented Soaps","10006","Size - 1oz, Wellness - Beautiful Day","8","4","0","2"
"SEQsssoap","13165","Sweet Scented Soaps","10007","Size - 4oz, Wellness - Beautiful Day","0","14","0","7"
"SEQsssoap","13165","Sweet Scented Soaps","10008","Size - 1oz, Wellness - Blood Moon","2","4","0","2"
"SEQsssoap","13165","Sweet Scented Soaps","10009","Size - 4oz, Wellness - Blood Moon","2","14","0","7"
"SEQsssoap","13165","Sweet Scented Soaps","10010","Size - 1oz, Wellness - Harvest Moon","9","4","0","2"
"SEQsssoap","13165","Sweet Scented Soaps","10011","Size - 4oz, Wellness - Harvest Moon","6","14","0","7"
"SEQsssoap","13165","Sweet Scented Soaps","10012","Size - 1oz, Wellness - Jingle Dress","8","4","0","2"
"SEQsssoap","13165","Sweet Scented Soaps","10013","Size - 4oz, Wellness - Jingle Dress","11","14","0","7"
"SEQsssoap","13165","Sweet Scented Soaps","10014","Size - 1oz, Wellness - Moon Dance","7","4","0","2"
"SEQsssoap","13165","Sweet Scented Soaps","10015","Size - 4oz, Wellness - Moon Dance","7","14","0","7"
"SEQsssoap","13165","Sweet Scented Soaps","10016","Size - 1oz, Wellness - Seven Dancers","12","4","0","2"
"SEQsssoap","13165","Sweet Scented Soaps","10017","Size - 4oz, Wellness - Seven Dancers","6","14","0","7"
"SEQsssoap","13165","Sweet Scented Soaps","10018","Size - 1oz, Wellness - Skywoman","0","4","0","2"
"SEQsssoap","13165","Sweet Scented Soaps","10019","Size - 4oz, Wellness - Skywoman","11","14","0","7"
"SEQsssoap","13165","Sweet Scented Soaps","10020","Size - 1oz, Wellness - Stone Canoe","0","4","0","2"
"SEQsssoap","13165","Sweet Scented Soaps","10021","Size - 4oz, Wellness - Stone Canoe","0","14","0","7"
"SEQsssoap","13165","Sweet Scented Soaps","10022","Size - 1oz, Wellness - Story Teller","3","4","0","2"
"SEQsssoap","13165","Sweet Scented Soaps","10023","Size - 4oz, Wellness - Story Teller","3","14","0","7"
"SEQsssoap","13165","Sweet Scented Soaps","10024","Size - 1oz, Wellness - Strawberry - Rhubarb","4","4","0","2"
"SEQsssoap","13165","Sweet Scented Soaps","10025","Size - 4oz, Wellness - Strawberry - Rhubarb","0","14","0","7"
"SEQsssoap","13165","Sweet Scented Soaps","10030","Size - 1oz, Wellness - Three Sisters","5","4","0","2"
"SEQsssoap","13165","Sweet Scented Soaps","10031","Size - 4oz, Wellness - Three Sisters","6","14","0","7"
"SEQsssoap","13165","Sweet Scented Soaps","10036","Size - 1oz, Wellness - Turquoise","0","4","0","2"
"SEQsssoap","13165","Sweet Scented Soaps","10037","Size - 4oz, Wellness - Turquoise","0","14","0","7"
"SEQsssoap","13165","Sweet Scented Soaps","10042","Size - 1oz, Wellness - Wild berry","6","4","0","2"
"SEQsssoap","13165","Sweet Scented Soaps","10043","Size - 4oz, Wellness - Wild berry","5","14","0","7"
"SEQsssoap","13165","Sweet Scented Soaps","12701","Size - 1oz, Wellness - Northern Blueberry","6","4","0","0"
"SEQsssoap","13165","Sweet Scented Soaps","12702","Size - 4oz, Wellness - Northern Blueberry","0","14","0","0"
"HPA","13167","Tick and Mosquito Repellant","10004","Size - 120ml","0","15.99","15","0"
"HPA","13167","Tick and Mosquito Repellant","10005","Size - 266ml","0","25","15","0"
"SEQnesoap","13171","Soaps with Natural Essences","10098","Size - 1oz, Wellness - Beaded Moccasin","3","4","0","2"
"SEQnesoap","13171","Soaps with Natural Essences","10099","Size - 4oz, Wellness - Beaded Moccasin","1","14","0","7"
"SEQnesoap","13171","Soaps with Natural Essences","10100","Size - 1oz, Wellness - Beautiful Water","0","4","0","2"
"SEQnesoap","13171","Soaps with Natural Essences","10101","Size - 4oz, Wellness - Beautiful Water","0","14","0","7"
"SEQnesoap","13171","Soaps with Natural Essences","10102","Size - 1oz, Wellness - Cedar","6","4","0","2"
"SEQnesoap","13171","Soaps with Natural Essences","10103","Size - 4oz, Wellness - Cedar","7","14","0","7"
"SEQnesoap","13171","Soaps with Natural Essences","10104","Size - 1oz, Wellness - Cradleboard","9","4","0","2"
"SEQnesoap","13171","Soaps with Natural Essences","10105","Size - 4oz, Wellness - Cradleboard","0","14","0","7"
"SEQnesoap","13171","Soaps with Natural Essences","10106","Size - 1oz, Wellness - Medicine Woman","8","4","0","2"
"SEQnesoap","13171","Soaps with Natural Essences","10107","Size - 4oz, Wellness - Medicine Woman","6","14","0","7"
"SEQnesoap","13171","Soaps with Natural Essences","10108","Size - 1oz, Wellness - Red clover","4","4","0","2"
"SEQnesoap","13171","Soaps with Natural Essences","10109","Size - 4oz, Wellness - Red clover","4","14","0","7"
"SEQnesoap","13171","Soaps with Natural Essences","10110","Size - 1oz, Wellness - Sage","6","4","0","2"
"SEQnesoap","13171","Soaps with Natural Essences","10111","Size - 4oz, Wellness - Sage","2","14","0","7"
"SEQnesoap","13171","Soaps with Natural Essences","10112","Size - 1oz, Wellness - Stone Mother","6","4","0","2"
"SEQnesoap","13171","Soaps with Natural Essences","10113","Size - 4oz, Wellness - Stone Mother","0","14","0","7"
"SEQnesoap","13171","Soaps with Natural Essences","10114","Size - 1oz, Wellness - Sweetgrass","6","4","0","2"
"SEQnesoap","13171","Soaps with Natural Essences","10115","Size - 4oz, Wellness - Sweetgrass","6","14","0","7"
"SEQnesoap","13171","Soaps with Natural Essences","10116","Size - 1oz, Wellness - Three Bears","1","4","0","2"
"SEQnesoap","13171","Soaps with Natural Essences","10117","Size - 4oz, Wellness - Three Bears","1","14","0","7"
"SEQnesoap","13171","Soaps with Natural Essences","10118","Size - 1oz, Wellness - Tobacco","1","4","0","2"
"SEQnesoap","13171","Soaps with Natural Essences","10119","Size - 4oz, Wellness - Tobacco","3","14","0","7"
"SEQnesoap","13171","Soaps with Natural Essences","10120","Size - 1oz, Wellness - Tree of Peace","0","4","0","2"
"SEQnesoap","13171","Soaps with Natural Essences","10121","Size - 4oz, Wellness - Tree of Peace","0","14","0","7"
"SEQnesoap","13171","Soaps with Natural Essences","10122","Size - 1oz, Wellness - Turtle Island","2","4","0","2"
"SEQnesoap","13171","Soaps with Natural Essences","10123","Size - 4oz, Wellness - Turtle Island","7","14","0","7"
"SEQnesoap","13171","Soaps with Natural Essences","10124","Size - 1oz, Wellness - Winter Moon","4","4","0","2"
"SEQnesoap","13171","Soaps with Natural Essences","10125","Size - 4oz, Wellness - Winter Moon","0","14","0","7"
"SEQfoils","13174","Fragrance Oils","10126","Wellness - Red clover","5","15","0","7.5"
"SEQfoils","13174","Fragrance Oils","10127","Wellness - Sweetgrass","5","18","0","9"
"SEQfoils","13174","Fragrance Oils","10128","Wellness - Lavender","6","15","0","7.5"
"SEQfoils","13174","Fragrance Oils","10129","Wellness - Blackberry - Sage","5","15","0","7.5"
"BB2","13186","BB2 Earrings ""Birch Bark""","","BB2 Earrings ""Birch Bark""","6","17.95","7.55","0"
"BB8","13187","BB8 Earrings ""Birch Bark""","","BB8 Earrings ""Birch Bark""","6","12.95","5.55","0"
"BB6","13224","BB6 Earrings ""Birch Bark""","","BB6 Earrings ""Birch Bark""","0","19.95","8.550000000000001","0"
"","13231","Bague meditation 12 1/2","","Bague meditation 12 1/2","0","90","0","0"
"","13232","Bastien 10H","","Bastien 10H","0","123","0","0"
"","13233","Chaine Argent Sterling","","Chaine Argent Sterling","0","75","0","0"
"","13234","Bear Claw Necklace","","Bear Claw Necklace","0","51","0","0"
"","13235","Mini Carte Coutou","","Mini Carte Coutou","0","0.95","0","0"
"","13236","B.O turquoise and spiny","","B.O turquoise and spiny","0","125","0","0"
"","13237","Trivet saumon vert 336","","Trivet saumon vert 336","0","14","0","0"
"","13238","Ours incrusté bague 5.5","","Ours incrusté bague 5.5","0","125","0","0"
"","13239","Libellule stud 65408","","Libellule stud 65408","0","20","0","0"
"","13240","Ltee edition Zenith 13/50","","Ltee edition Zenith 13/50","0","120","0","0"
"","13241","Collier griffes loup","","Collier griffes loup","0","56","0","0"
"","13242","Carte Rêve de glace","","Carte Rêve de glace","0","6.35","0","0"
"","13243","corection 27.00","","corection 27.00","0","16.53","0","0"
"","13245","Balance sur BDC 3134250","","Balance sur BDC 3134250","0","29.94","0","0"
"","13246","Carte Refuge 5x7","","Carte Refuge 5x7","0","5.5","0","0"
"","13247","Inukshuk verre","","Inukshuk verre","0","54","0","0"
"","13248","Linguette","","Linguette","0","16.25","0","0"
"","13249","Paiement final pendentif plume turquoise","","Paiement final pendentif plume turquoise","0","153.33","0","0"
"","13250","Pierre polie","","Pierre polie","0","0.95","0","0"
"","13251","pierre polie","","pierre polie","0","0.95","0","0"
"","13252","pierre polie","","pierre polie","0","0.95","0","0"
"","13253","Autocollant","","Autocollant","0","3.25","0","0"
"","13254","Auto-collant","","Auto-collant","0","3.25","0","0"
"","13255","Tumbled Stone","","Tumbled Stone","0","0.95","0","0"
"","13256","Zuni Larimar and Opalite Bear Pendant","","Zuni Larimar and Opalite Bear Pendant","0","225","0","0"
"25","13257","Bastien - Belts","","Bastien - Belts","22","21","9","0"
"","13258","Bague Argent Sterling embossée","","Bague Argent Sterling embossée","0","45","0","0"
"","13259","Queue Renard Noir","","Queue Renard Noir","0","13","0","0"
"","13260","Deer antler whissle","","Deer antler whissle","0","29","0","0"
"","13261","Collier Loup Keewatin","","Collier Loup Keewatin","0","60","0","0"
"","13262","Pierres Polies","","Pierres Polies","0","0.95","0","0"
"","13263","Pierres polies","","Pierres polies","0","0.95","0","0"
"","13264","Coeur Zuni Pendentif","","Coeur Zuni Pendentif","0","385","0","0"
"","13265","Petit collant","","Petit collant","0","2.6","0","0"
"","13266","pierre","","pierre","0","0.95","0","0"
"","13267","Pierre","","Pierre","0","0.95","0","0"
"","13268","Plume reponse","","Plume reponse","0","3.95","0","0"
"","13269","Set 3 pieces","","Set 3 pieces","0","65","0","0"
"","13270","Collier cuir","","Collier cuir","0","28","0","0"
"","13271","Pierre polie","","Pierre polie","0","0.95","0","0"
"","13272","Pochette med","","Pochette med","0","19","0","0"
"","13273","Gloves brown","","Gloves brown","0","35","0","0"
"A01036-WSS1401NC0ZA","13274","Kiki T-Shirt ""Teachings"" Plus size","10167","Size - 2X","0","89","43.9","0"
"A01036-WSS1401NC0ZA","13274","Kiki T-Shirt ""Teachings"" Plus size","10168","Size - 3X","1","89","43.9","0"
"A01036-WSS1401NC0ZA","13274","Kiki T-Shirt ""Teachings"" Plus size","10169","Size - 1X","0","89","43.9","0"
"","13275","Collier Dents de Lynx","","Collier Dents de Lynx","0","39","0","0"
"","13276","Patte Lapin","","Patte Lapin","0","5","0","0"
"","13277","Patte Lapin","","Patte Lapin","0","5","0","0"
"","13278","64607 Earrings","","64607 Earrings","0","30","0","0"
"","13279","Pipe native","","Pipe native","0","126","0","0"
"","13280","Tumahuk","","Tumahuk","0","275","0","0"
"","13281","Pipe","","Pipe","0","126","0","0"
"","13282","Veste enfant","","Veste enfant","0","60","0","0"
"","13283","Peau lapin","","Peau lapin","1","18","0","0"
"","13284","Bracelet beads","","Bracelet beads","0","25","0","0"
"","13285","Munitions bag","","Munitions bag","0","185","0","0"
"","13286","DC630","","DC630","0","18.95","0","0"
"","13287","Jupe Elaine Teathing xs BDC 3061136","","Jupe Elaine Teathing xs BDC 3061136","0","149","0","0"
"","13288","Shipping","","Shipping","0","5","0","0"
"","13289","Balance Bague Bdc 3059238","","Balance Bague Bdc 3059238","0","53.01","0","0"
"","13291","DC630 magical","","DC630 magical","0","18.95","0","0"
"","13294","mosquito mist","","mosquito mist","0","13.5","0","0"
"","13295","Mocassin 404 sz 9","","Mocassin 404 sz 9","0","135","0","0"
"","13296","Patte de lapin","","Patte de lapin","0","5","0","0"
"","13297","Racoon Pelt","","Racoon Pelt","0","126","0","0"
"","13298","Bracelet Cuir et Argent Sterling","","Bracelet Cuir et Argent Sterling","0","32","0","0"
"","13299","22756","","22756","0","8.5","0","0"
"","13300","DC705","","DC705","1","6.95","0","0"
"","13301","Coucoum B.O.","","Coucoum B.O.","0","22","0","0"
"","13302","Zuni Earrings","","Zuni Earrings","0","125","0","0"
"","13303","Plume Encens","","Plume Encens","0","50","0","0"
"","13304","Trivet Bill Helin","","Trivet Bill Helin","0","14","0","0"
"","13305","Carte Messenger","","Carte Messenger","0","5.5","0","0"
"","13306","Mocassins 3112 M 13","","Mocassins 3112 M 13","0","110","0","0"
"","13307","Mocassins 3112 M 13","","Mocassins 3112 M 13","0","110","0","0"
"","13308","Pierre","","Pierre","0","0.95","0","0"
"","13309","Poterie femme en vert","","Poterie femme en vert","0","95","0","0"
"","13310","Bracelet amethyst","","Bracelet amethyst","0","20","0","0"
"","13311","Toile rick beaver","","Toile rick beaver","0","40","0","0"
"","13312","Drum","","Drum","0","280","0","0"
"","13313","Rattle","","Rattle","1","65","0","0"
"","13314","Rattle","","Rattle","0","65","0","0"
"","13315","test","","test","1","10","0","0"
"","13316","Small drum","","Small drum","0","145","0","0"
"","13317","test","","test","1","10","0","0"
"","13318","Collier DC","","Collier DC","0","11.95","0","0"
"","13319","Flascard","","Flascard","0","14.95","0","0"
"","13320","test","","test","1","10","0","0"
"","13321","Insect repellant","","Insect repellant","0","25","0","0"
"","13322","Portail de Soie Carte","","Portail de Soie Carte","0","5.5","0","0"
"","13323","twst","","twst","1","10","0","0"
"","13324","tt","","tt","1","44","0","0"
"","13325","rr","","rr","1","5","0","0"
"","13326","tt","","tt","1","66","0","0"
"","13327","yy","","yy","1","7","0","0"
"","13328","Plume fumigation","","Plume fumigation","0","34","0","0"
"","13329","12833","","12833","0","32","0","0"
"","13330","Heart Earrings","","Heart Earrings","0","25","0","0"
"","13331","Silver Chain","","Silver Chain","0","105","0","0"
"","13332","Moc 170606 - 9","","Moc 170606 - 9","0","96","0","0"
"","13333","Salamander key chain","","Salamander key chain","0","6","0","0"
"","13334","Collier Cuir","","Collier Cuir","0","28","0","0"
"","13335","Autocollant","","Autocollant","0","3.25","0","0"
"","13336","Autocollant","","Autocollant","0","2.9","0","0"
"","13337","Autocollant","","Autocollant","0","2.6","0","0"
"","13338","Bague Amethist 83848-9","","Bague Amethist 83848-9","0","45","0","0"
"","13339","Cadre Inner memories","","Cadre Inner memories","0","95","0","0"
"","13340","bague - 82218-6","","bague - 82218-6","0","45","0","0"
"","13341","Patte de lapin","","Patte de lapin","0","5","0","0"
"","13342","P-C renard petit","","P-C renard petit","0","13","0","0"
"","13343","porte cle castor","","porte cle castor","0","8.449999999999999","0","0"
"","13344","collier griffe de loup","","collier griffe de loup","0","56","0","0"
"","13345","porte cle raton","","porte cle raton","0","9.949999999999999","0","0"
"","13346","Depot sur BDC 3061142","","Depot sur BDC 3061142","0","196","0","0"
"","13347","test","","test","1","5","0","0"
"","13348","test - english","","test - english","1","5","0","0"
"","13349","test - english","","test - english","1","5","0","0"
"","13350","test - english","","test - english","1","5","0","0"
"","13351","test","","test","1","4.36","0","0"
"","13352","Inlay ring 8","","Inlay ring 8","0","295","0","0"
"","13353","Bracelet malachite","","Bracelet malachite","0","59","0","0"
"","13354","Ours céramique Capteur","","Ours céramique Capteur","0","65","0","0"
"","13355","Queue de Renard","","Queue de Renard","0","13","0","0"
"","13356","Connoisseur","","Connoisseur","0","18.25","0","0"
"","13357","Amoureux Lampe Céramique","","Amoureux Lampe Céramique","0","115","0","0"
"","13358","Bracelet 4 Nations","","Bracelet 4 Nations","0","6","0","0"
"","13359","Bracelet 4 Nations","","Bracelet 4 Nations","0","10","0","0"
"","13360","Sac Cuir","","Sac Cuir","0","32","0","0"
"","13361","Chaine Argent et Turquoise","","Chaine Argent et Turquoise","0","140","0","0"
"","13362","Baque Pierre","","Baque Pierre","0","12.95","0","0"
"","13363","Autocollant","","Autocollant","0","2.6","0","0"
"","13364","Zuni Sun","","Zuni Sun","0","75","0","0"
"","13365","Studs Abalone 64363","","Studs Abalone 64363","0","25","0","0"
"","13366","Medicine Wheel Earrings Silver","","Medicine Wheel Earrings Silver","0","180","0","0"
"","13367","Zuni Feather Pendant Mother-of-Pearl/Opalite","","Zuni Feather Pendant Mother-of-Pearl/Opalite","0","440","0","0"
"","13368","Dear Antler Whistle Necklace","","Dear Antler Whistle Necklace","0","29","0","0"
"","13369","Ornement Céramique Rose Capteur","","Ornement Céramique Rose Capteur","0","42","0","0"
"","13370","Papoose","","Papoose","0","35","0","0"
"","13371","B.O. Pierre de Lune","","B.O. Pierre de Lune","0","25","0","0"
"","13372","Inukshuk Verre Recyclé","","Inukshuk Verre Recyclé","0","54","0","0"
"","13373","Omega-3 Loup Marin","","Omega-3 Loup Marin","0","35","0","0"
"","13374","Bear Claw Necklace","","Bear Claw Necklace","0","51","0","0"
"","13375","Turquoise Necklace","","Turquoise Necklace","0","85","0","0"
"","13376","Sequoia Turtle Island Soap","","Sequoia Turtle Island Soap","0","14","0","0"
"","13377","Princess Pepper/Salt Grinder","","Princess Pepper/Salt Grinder","0","86","0","0"
"","13378","Tambour Teinture Écorce ♥ Chevreuil","","Tambour Teinture Écorce ♥ Chevreuil","0","225","0","0"
"","13379","bague","","bague","1","12","0","0"
"","13380","bague","","bague","0","12.95","0","0"
"","13381","Misc","","Misc","0","2.61","0","0"
"","13382","bague argent 82219-8","","bague argent 82219-8","0","15","0","0"
"","13383","bague argent size 7","","bague argent size 7","0","22","0","0"
"","13384","B.O 65041","","B.O 65041","0","55","0","0"
"","13385","Colibri pendent","","Colibri pendent","0","300","0","0"
"","13386","Porte clé MM10","","Porte clé MM10","0","11.95","0","0"
"","13387","Boite savon Legends","","Boite savon Legends","0","18","0","0"
"","13388","test","","test","1","1","0","0"
"","13389","test","","test","1","1","0","0"
"","13390","Stud opalite","","Stud opalite","0","25","0","0"
"","13391","Collier griffe d'ours","","Collier griffe d'ours","0","40","0","0"
"","13392","Collier griffe d'ours","","Collier griffe d'ours","0","43","0","0"
"","13393","Bracelet cheville tourmaline","","Bracelet cheville tourmaline","1","55","0","0"
"","13394","Bracelet anklet tourmaline","","Bracelet anklet tourmaline","0","52","0","0"
"KEEincense","13395","Indigenous Astrology Incense","10196","Wellness - 1 Bear-Rain","7","8.949999999999999","3.75","0"
"KEEincense","13395","Indigenous Astrology Incense","10197","Wellness - 2 Moose-Cedar","7","8.949999999999999","3.75","0"
"KEEincense","13395","Indigenous Astrology Incense","10198","Wellness - 3 Marmot-Apple Blossom","8","8.949999999999999","3.75","0"
"KEEincense","13395","Indigenous Astrology Incense","10199","Wellness - 4 Hare-Lilac","5","8.949999999999999","3.75","0"
"KEEincense","13395","Indigenous Astrology Incense","10200","Wellness - 5 Snow Goose-Wild Fruit","19","8.949999999999999","3.75","0"
"KEEincense","13395","Indigenous Astrology Incense","10201","Wellness - 6 Salmon-Eucalyptus","14","8.949999999999999","3.75","0"
"KEEincense","13395","Indigenous Astrology Incense","10202","Wellness - 7 Deer-Maple Syrup","10","8.949999999999999","3.75","0"
"KEEincense","13395","Indigenous Astrology Incense","10203","Wellness - 8 Eagle-Wood Spices","16","8.949999999999999","3.75","0"
"KEEincense","13395","Indigenous Astrology Incense","10204","Wellness - 9 Turtle-Sweet Grass","11","8.949999999999999","3.75","0"
"KEEincense","13395","Indigenous Astrology Incense","10205","Wellness - 10 Canada Goose-Honeysuckle","15","8.949999999999999","3.75","0"
"KEEincense","13395","Indigenous Astrology Incense","10206","Wellness - 11 Beaver-Sunflower","19","8.949999999999999","3.75","0"
"KEEincense","13395","Indigenous Astrology Incense","10207","Wellness - 12  Fox-Pine","9","8.949999999999999","3.75","0"
"KEEincense","13395","Indigenous Astrology Incense","10208","Wellness - 13 Otter-Fire Wood","8","8.949999999999999","3.75","0"
"KEEincense","13395","Indigenous Astrology Incense","10209","Wellness - Sage","5","8.949999999999999","3.75","0"
"","13396","B.O","","B.O","0","10","0","0"
"","13397","Porte clé sac","","Porte clé sac","0","9.949999999999999","0","0"
"","13398","tt","","tt","1","1","0","0"
"","13399","test","","test","2","10","0","0"
"","13400","tests","","tests","2","20","0","0"
"","13401","test","","test","2","10","0","0"
"","13402","test","","test","6","10","0","0"
"","13403","Testing salt","","Testing salt","3","2","0","0"
"","13404","test","","test","1","10","0","0"
"","13405","test","","test","1","10","0","0"
"","13406","test","","test","1","10","0","0"
"","13407","no","","no","1","3","0","0"
"","13408","test2","","test2","1","10","0","0"
"","13409","masudur","","masudur","1","10","0","0"
"","13410","Porte-clé patte lapin","","Porte-clé patte lapin","0","5","0","0"
"","13411","test","","test","1","10","0","0"
"","13412","test","","test","1","1","0","0"
"","13413","test","","test","1","1","0","0"
"","13414","test","","test","1","1","0","0"
"","13415","test","","test","1","1","0","0"
"","13416","tt","","tt","1","2","0","0"
"","13417","test","","test","1","1","0","0"
"","13418","test","","test","1","1","0","0"
"","13419","Ear mufs Seal Skin","","Ear mufs Seal Skin","0","92","0","0"
"","13420","B.O. Zuni mini perles Turquoises","","B.O. Zuni mini perles Turquoises","0","80","0","0"
"","13421","Sacoche Sioui","","Sacoche Sioui","0","160","0","0"
"","13422","test","","test","1","1","0","0"
"","13423","1","","1","1","1","0","0"
"","13424","Peau de lapin","","Peau de lapin","0","18","0","0"
"","13425","Pochette de médecine","","Pochette de médecine","0","15","0","0"
"","13426","Statue de femme","","Statue de femme","1","65","0","0"
"","13427","Chaine 20 avec ours","","Chaine 20 avec ours","1","49","0","0"
"","13428","Femme statue","","Femme statue","0","65","0","0"
"","13429","B.O Abalone stud 64363","","B.O Abalone stud 64363","0","25","0","0"
"","13430","Chaine avec Ours Argent","","Chaine avec Ours Argent","0","49","0","0"
"","13431","B.O plume","","B.O plume","0","40","0","0"
"","13432","chaine et pendant plume","","chaine et pendant plume","0","38","0","0"
"","13433","Poterie 1 femme","","Poterie 1 femme","0","65","0","0"
"","13434","Peau lapin","","Peau lapin","0","18","0","0"
"","13435","Mocassin cuir","","Mocassin cuir","0","90","0","0"
"","13436","Inukshuk ornement","","Inukshuk ornement","0","22","0","0"
"","13437","Carte Water Buffalo","","Carte Water Buffalo","0","5.5","0","0"
"","13438","Big DC855 Brown","","Big DC855 Brown","1","142.99","0","0"
"","13439","Apron 53-613","","Apron 53-613","0","36.95","0","0"
"","13440","B.O amethist","","B.O amethist","0","35","0","0"
"","13441","Big DC brown","","Big DC brown","0","142.99","0","0"
"","13442","Bracelet seal","","Bracelet seal","0","26","0","0"
"","13443","Deposit on BDC 3061149","","Deposit on BDC 3061149","0","98.34","0","0"
"","13444","Carte Sous un meme ciel","","Carte Sous un meme ciel","0","6.35","0","0"
"","13445","Collier dent d ours","","Collier dent d ours","0","58","0","0"
"","13446","test","","test","1","1","0","0"
"","13447","test2","","test2","2","2","0","0"
"","13448","Autocollant","","Autocollant","0","3.25","0","0"
"","13449","Autocollant","","Autocollant","0","2.6","0","0"
"","13450","Pochette de médecine","","Pochette de médecine","0","15","0","0"
"","13451","Ornement fleche","","Ornement fleche","0","8.949999999999999","0","0"
"","13452","Turquoise purse","","Turquoise purse","0","120","0","0"
"","13453","Lynx tail","","Lynx tail","0","16","0","0"
"","13454","Chaine Argent Sterling 24 pouces","","Chaine Argent Sterling 24 pouces","0","28","0","0"
"","13455","Fur to step over challenges","","Fur to step over challenges","0","18","0","0"
"","13456","Woman in Meditation","","Woman in Meditation","0","65","0","0"
"","13457","test","","test","1","1","0","0"
"","13458","test","","test","2","1","0","0"
"","13459","test","","test","0","1","0","0"
"","13460","test","","test","0","1","0","0"
"","13461","Sage Bundle","","Sage Bundle","1","20","0","0"
"","13462","Sage Bundle","","Sage Bundle","0","20","0","0"
"","13463","Seal  Wallet pocker Bilodeau","","Seal  Wallet pocker Bilodeau","0","29","0","0"
"","13464","Moc Turquoise bébé 6","","Moc Turquoise bébé 6","0","75","0","0"
"","13465","Bague 8 83848","","Bague 8 83848","0","45","0","0"
"","13466","Bague homme argent 982572","","Bague homme argent 982572","0","90","0","0"
"","13467","Bague homme 10 82218","","Bague homme 10 82218","0","45","0","0"
"","13468","Femmes Roue de Médecine Statue","","Femmes Roue de Médecine Statue","0","82","0","0"
"","13469","Chaine argent","","Chaine argent","0","22","0","0"
"","13470","Bague coeur turquoise 10","","Bague coeur turquoise 10","0","75","0","0"
"","13471","Calumet med","","Calumet med","0","80","0","0"
"","13472","pendantif papillon","","pendantif papillon","0","240","0","0"
"","13473","boucles oreilles griffe ours petit","","boucles oreilles griffe ours petit","0","130","0","0"
"","13474","pate de lapin","","pate de lapin","0","5","0","0"
"","13475","attrape reve  DC630/2 magique","","attrape reve  DC630/2 magique","0","18.95","0","0"
"","13476","boucle oreille argent 65133","","boucle oreille argent 65133","0","46","0","0"
"","13477","feuille de turquoise","","feuille de turquoise","0","70","0","0"
"","13478","Bee stud 66380","","Bee stud 66380","0","20","0","0"
"","13479","Mini card","","Mini card","0","0.95","0","0"
"","13480","DCK22","","DCK22","0","10.95","0","0"
"","13481","DCK42","","DCK42","0","10.95","0","0"
"","13482","Test","","Test","1","1","0","0"
"","13483","Bague navajo 7.25","","Bague navajo 7.25","0","55","0","0"
"","13484","Calumet","","Calumet","0","126","0","0"
"","13485","Bague V 83538-7","","Bague V 83538-7","0","35","0","0"
"","13486","Stud 66714","","Stud 66714","0","25","0","0"
"","13487","P-C small purse","","P-C small purse","0","9.949999999999999","0","0"
"","13488","Purse","","Purse","0","122","0","0"
"","13489","test","","test","1","5","0","0"
"","13490","test","","test","1","1","0","0"
"","13491","test","","test","1","2","0","0"
"","13492","Sage Bundle","","Sage Bundle","0","20","0","0"
"","13493","test","","test","1","1","0","0"
"","13494","test","","test","2","1","0","0"
"","13495","test","","test","1","1","0","0"
"","13496","Passage - Petite Toile","","Passage - Petite Toile","1","40","0","0"
"","13497","Bague cadeau Élinook","","Bague cadeau Élinook","1","80","0","0"
"","13498","Passage - Petite Toile","","Passage - Petite Toile","0","40","0","0"
"","13499","Bague Cadeau Élinook","","Bague Cadeau Élinook","0","90","0","0"
"","13500","Collier Dent Ours","","Collier Dent Ours","0","60","0","0"
"","13501","test","","test","1","1","0","0"
"","13502","test","","test","1","1","0","0"
"","13503","Sage Bundle","","Sage Bundle","0","20","0","0"
"","13505","test","","test","1","1","0","0"
"","13506","test1","","test1","1","1","0","0"
"","13507","test","","test","1","1","0","0"
"","13508","Plume smudge","","Plume smudge","0","32","0","0"
"","13509","Jupe Elaine Voyage... size M","","Jupe Elaine Voyage... size M","0","149","0","0"
"","13510","Potery ours polaire","","Potery ours polaire","0","25","0","0"
"","13511","Chandelle canoe","","Chandelle canoe","0","82","0","0"
"","13512","4 encens  ours","","4 encens  ours","0","20","0","0"
"","13513","three sisters blanc-gris","","three sisters blanc-gris","0","115","0","0"
"","13514","fourure lapin","","fourure lapin","0","18","0","0"
"","13515","Mocassin size 11","","Mocassin size 11","0","108","0","0"
"","13516","Carte S-Seekers","","Carte S-Seekers","0","6.35","0","0"
"","13517","Cravate Silent Seekers","","Cravate Silent Seekers","0","79","0","0"
"","13518","chaine sterling 24 po","","chaine sterling 24 po","0","36","0","0"
"","13519","placemats","","placemats","1","15","0","0"
"","13520","placemat","","placemat","1","15","0","0"
"","13521","napperons","","napperons","1","15","0","0"
"","13522","placemat","","placemat","1","0","0","0"
"","13523","Chaine argent","","Chaine argent","0","33","0","0"
"","13524","Four Soap Gift Set","","Four Soap Gift Set","0","18","0","0"
"","13525","Pendentif Tortue Onix","","Pendentif Tortue Onix","0","130","0","0"
"","13526","Chaine 20 pouces","","Chaine 20 pouces","0","20","0","0"
"","13527","Amazonite - Succes","","Amazonite - Succes","0","3.95","0","0"
"","13528","Harmony","","Harmony","0","25","0","0"
"","13529","Bague Meditation Argent vague","","Bague Meditation Argent vague","0","90","0","0"
"","13530","Boite loup","","Boite loup","0","74","0","0"
"","13531","Monague pendentif totem eagle","","Monague pendentif totem eagle","0","9.949999999999999","0","0"
"","13532","Sequoia soap Turtle island 1 oz","","Sequoia soap Turtle island 1 oz","0","4","0","0"
"","13533","Sequoia soap 4 oz","","Sequoia soap 4 oz","0","14","0","0"
"","13534","MF2","","MF2","0","5.45","0","0"
"","13535","cadre blanc","","cadre blanc","0","20","0","0"
"","13536","Mocassin 731 L 7","","Mocassin 731 L 7","0","120","0","0"
"","13537","Ring hamered size 11","","Ring hamered size 11","0","60","0","0"
"","13538","car ornament","","car ornament","0","15","0","0"
"","13539","pate de lapin","","pate de lapin","0","5","0","0"
"","13540","porte cle","","porte cle","0","12.5","0","0"
"","13541","pates lapin","","pates lapin","0","5","0","0"
"","13542","pate lapin","","pate lapin","0","5","0","0"
"","13543","12804 boucles oreille baleine J. Wilson","","12804 boucles oreille baleine J. Wilson","1","18","0","0"
"","13544","12804 boucles oreille baleine","","12804 boucles oreille baleine","0","18","0","0"
"","13545","Pochette cuir","","Pochette cuir","0","19","0","0"
"","13546","Poterie tortue","","Poterie tortue","0","50","0","0"
"","13549","Mobile poisson","","Mobile poisson","0","15","0","0"
"W12017-POD2576","13550","Card - Synchronicity","","Card - Synchronicity","5","6.35","2.75","0"
"A13041-POD2583","13551","Card - Lapinx","","Card - Lapinx","11","6.35","2.75","0"
"","13552","Mocassin 762 M6","","Mocassin 762 M6","0","131","0","0"
"","13553","Mocassins Bébé Turquoise 6","","Mocassins Bébé Turquoise 6","0","75","0","0"
"","13554","Horse Head Studs","","Horse Head Studs","0","16","0","0"
"","13555","mini carte d'art","","mini carte d'art","0","0.95","0","0"
"","13556","Boule de reves Marlene mauve","","Boule de reves Marlene mauve","0","42","0","0"
"","13557","Eagle Turquoise and Silver Bracelet","","Eagle Turquoise and Silver Bracelet","0","295","0","0"
"","13559","Sacoche Bandoulliere Turquoise","","Sacoche Bandoulliere Turquoise","0","120","0","0"
"","13560","Anklet Silver","","Anklet Silver","0","18","0","0"
"","13561","Opalite Earrings 62224","","Opalite Earrings 62224","1","40","0","0"
"","13562","Opalite Earrings 62224","","Opalite Earrings 62224","0","40","0","0"
"","13563","Leather Bracelet with Silver Clasp","","Leather Bracelet with Silver Clasp","0","32","0","0"
"","13564","Moc 600VIRG L 7","","Moc 600VIRG L 7","0","104.95","0","0"
"","13565","Stud Amethyst","","Stud Amethyst","0","25","0","0"
"","13566","P03C","","P03C","0","280","0","0"
"","13567","BDC 077756 KIMONO FOREST TEMPLE","","BDC 077756 KIMONO FOREST TEMPLE","0","129","0","0"
"","13568","Sifflet Chevreuil","","Sifflet Chevreuil","0","29","0","0"
"","13569","Sifflet Chevreuil","","Sifflet Chevreuil","0","29","0","0"
"","13570","Mocassins Mini Ornement","","Mocassins Mini Ornement","0","92","0","0"
"","13571","Zuni Stud Earrings","","Zuni Stud Earrings","0","75","0","0"
"","13572","Medicine Pouch","","Medicine Pouch","0","19","0","0"
"","13573","patte de lapin","","patte de lapin","0","5","0","0"
"","13574","Mocassin 3474 M 10","","Mocassin 3474 M 10","0","205","0","0"
"RFKC","13575","Rabbit Paw Key Chain","","Rabbit Paw Key Chain","0","8.949999999999999","4","0"
"","13576","boucle D'oreille stunt opalite","","boucle D'oreille stunt opalite","0","25","0","0"
"","13577","Boucle d'oreille stunt libellule","","Boucle d'oreille stunt libellule","0","20","0","0"
"","13578","Bague noire onix","","Bague noire onix","0","12.95","0","0"
"","13579","Baton sauge","","Baton sauge","0","20","0","0"
"","13580","Tambourinet petit","","Tambourinet petit","0","25","0","0"
"","13581","Mocassin 607CIL size 6","","Mocassin 607CIL size 6","0","104.95","0","0"
"","13582","Vase bee yellow","","Vase bee yellow","0","65","0","0"
"","13583","Seal sculpture","","Seal sculpture","0","140","0","0"
"","13584","Copper ring 10","","Copper ring 10","0","18","0","0"
"","13585","bague 82315 - 10","","bague 82315 - 10","0","60","0","0"
"","13586","Mocassin KB705NAM 9","","Mocassin KB705NAM 9","0","163","0","0"
"","13587","eyewear lanyard","","eyewear lanyard","0","13.95","0","0"
"","13588","Baton sauge","","Baton sauge","0","20","0","0"
"","13589","B.O turquoise","","B.O turquoise","0","50","0","0"
"","13590","Petit collant","","Petit collant","0","2.6","0","0"
"","13591","Studs libellule 66714","","Studs libellule 66714","0","25","0","0"
"","13592","Sage","","Sage","0","20","0","0"
"","13593","P-C Chat sauvage","","P-C Chat sauvage","0","13","0","0"
"","13594","Pendant squash","","Pendant squash","0","195","0","0"
"","13595","gift card","","gift card","2","10","0","0"
"","13596","test","","test","1","20","0","0"
"","13597","Turquoise studs","","Turquoise studs","0","25","0","0"
"","13598","Anklet bracelet","","Anklet bracelet","0","12","0","0"
"","13599","Medecine pouch","","Medecine pouch","0","19","0","0"
"","13600","Coral and Turquoise Heart Studs","","Coral and Turquoise Heart Studs","0","25","0","0"
"","13601","Moc 82 with Seal L 9","","Moc 82 with Seal L 9","0","72","0","0"
"","13602","test","","test","0","1","0","0"
"","13603","Stone ring","","Stone ring","0","12.95","0","0"
"","13604","B.O. Capteurs","","B.O. Capteurs","0","16.95","0","0"
"","13605","Capteur DC422BRN","","Capteur DC422BRN","0","13.95","0","0"
"","13606","B.O. Ours Argent Stud","","B.O. Ours Argent Stud","0","25","0","0"
"A16058-TWL0101NC04A","13607","Joy Beach Towel - ""Silent Seekers""","","Joy Beach Towel - ""Silent Seekers""","0","79","26.3","0"
"A08019-TWL0101NC13A","13608","Joy Beach Towel - ""Unity""","","Joy Beach Towel - ""Unity""","2","79","26.3","0"
"A16059-TWL0101NC01A","13609","Joy Beach Towel - ""Wisdom Keepers""","","Joy Beach Towel - ""Wisdom Keepers""","1","79","26.3","0"
"","13610","Bracelet Sterling Quartz Rutilé","","Bracelet Sterling Quartz Rutilé","0","225","0","0"
"","13611","VT12T","","VT12T","0","20.95","0","0"
"","13612","E17A B.O. Tortues Onix Zuni","","E17A B.O. Tortues Onix Zuni","0","260","0","0"
"","13613","Chaine 92036 mini","","Chaine 92036 mini","0","22","0","0"
"","13614","Pendentif Tortue Onix Zuni","","Pendentif Tortue Onix Zuni","0","130","0","0"
"","13615","stickers","","stickers","0","2.6","0","0"
"","13616","sticker","","sticker","1","3.25","0","0"
"","13617","bigger sticker","","bigger sticker","1","3.25","0","0"
"","13618","autocollant","","autocollant","0","3.25","0","0"
"","13619","item","","item","0","3.25","0","0"
"","13620","Sterling Eye Ring","","Sterling Eye Ring","0","80","0","0"
"A16059-WLS340101NC01A","13621","Catherine Zip Top - ""Wisdom Keepers""","10257","Size - XS","1","159","59.5","0"
"A16059-WLS340101NC01A","13621","Catherine Zip Top - ""Wisdom Keepers""","10258","Size - S","2","159","59.5","0"
"A16059-WLS340101NC01A","13621","Catherine Zip Top - ""Wisdom Keepers""","10259","Size - M","0","159","59.5","0"
"A16059-WLS340101NC01A","13621","Catherine Zip Top - ""Wisdom Keepers""","10260","Size - L","0","159","59.5","0"
"A16059-WLS340101NC01A","13621","Catherine Zip Top - ""Wisdom Keepers""","10261","Size - XL","0","159","59.5","0"
"","13622","Collier Dent de Loup","","Collier Dent de Loup","0","60","0","0"
"","13623","boxe","","boxe","0","120","0","0"
"","13624","Mitaines Blanches 230WHFUREP1FM","","Mitaines Blanches 230WHFUREP1FM","1","190","0","0"
"","13625","Pierres Polies","","Pierres Polies","0","0.95","0","0"
"","13626","Dear Antler Whisstle","","Dear Antler Whisstle","1","24","0","0"
"","13627","Pierres Polies X 4","","Pierres Polies X 4","0","3.8","0","0"
"","13628","Dear Antler Whissle","","Dear Antler Whissle","1","24","0","0"
"","13629","Dear Antler Whissle","","Dear Antler Whissle","0","24","0","0"
"","13630","Baton sauge","","Baton sauge","0","20","0","0"
"","13631","Pierre amethist","","Pierre amethist","0","3.95","0","0"
"","13632","Small drum","","Small drum","0","48","0","0"
"","13633","queue renard","","queue renard","0","13","0","0"
"","13634","queue de lynx","","queue de lynx","0","16","0","0"
"","13635","bracelet VBI","","bracelet VBI","0","16.99","0","0"
"","13636","Pendant Navajo Turquoise","","Pendant Navajo Turquoise","0","175","0","0"
"","13637","Stones","","Stones","0","0.95","0","0"
"","13638","Pierres polies","","Pierres polies","0","0.95","0","0"
"","13639","Tablier Northern Keepers","","Tablier Northern Keepers","0","55","0","0"
"","13640","Pierre Totem","","Pierre Totem","0","6.5","0","0"
"","13641","Marlene Mother Nature","","Marlene Mother Nature","0","82","0","0"
"","13642","pierre aimant","","pierre aimant","0","0.95","0","0"
"","13643","Pierres Polies","","Pierres Polies","0","0.95","0","0"
"","13644","DC50","","DC50","0","14.95","0","0"
"","13645","Mocassin L9 violet","","Mocassin L9 violet","0","56","0","0"
"","13646","B.O Niska","","B.O Niska","0","9.25","0","0"
"","13647","Sticker small","","Sticker small","0","2.6","0","0"
"","13648","Plume encens","","Plume encens","0","50","0","0"
"","13649","STC Chaine 16 pouces","","STC Chaine 16 pouces","0","26","0","0"
"","13650","Bracelet cheville chaine turquoise 9.5 pouces","","Bracelet cheville chaine turquoise 9.5 pouces","0","46","0","0"
"","13651","Flowers Beaded Bracelet","","Flowers Beaded Bracelet","0","9","0","0"
"","13652","Flowers Beaded Bracelet","","Flowers Beaded Bracelet","0","9","0","0"
"","13653","DCK16","","DCK16","0","14.95","0","0"
"","13654","DC50JPUR","","DC50JPUR","1","14.95","0","0"
"","13655","Bague Argent Lapiz","","Bague Argent Lapiz","1","45","0","0"
"","13656","Bague Feuilles Argent","","Bague Feuilles Argent","1","45","0","0"
"","13657","Bague Ambre Argent","","Bague Ambre Argent","1","48","0","0"
"","13658","Bague Améthiste Argent","","Bague Améthiste Argent","1","45","0","0"
"","13659","DC50PUR","","DC50PUR","0","11.95","0","0"
"","13660","Bague argent","","Bague argent","0","45","0","0"
"","13661","Bague argent","","Bague argent","0","45","0","0"
"","13662","Bague argent","","Bague argent","0","45","0","0"
"","13663","Bague argent","","Bague argent","0","48","0","0"
"","13664","B.O. Plumes Huitre de Mer","","B.O. Plumes Huitre de Mer","0","225","0","0"
"","13665","Pierre Totem","","Pierre Totem","0","6.5","0","0"
"","13667","Bracelet Cheville Perles Fleurs","","Bracelet Cheville Perles Fleurs","0","12","0","0"
"","13668","B.O. Hoops Sterling","","B.O. Hoops Sterling","0","130","0","0"
"","13669","Zuni Gaspeite Tears Earrings","","Zuni Gaspeite Tears Earrings","0","325","0","0"
"","13670","Pierre Totem","","Pierre Totem","0","6.5","0","0"
"","13671","Hides in Hand Baby Wrap sz 6","","Hides in Hand Baby Wrap sz 6","0","70","0","0"
"","13672","Mocassins 600RB sz 4","","Mocassins 600RB sz 4","0","104.95","0","0"
"","13673","Savon Lune de Sang","","Savon Lune de Sang","0","14","0","0"
"","13675","Totem Stone","","Totem Stone","0","6.5","0","0"
"","13676","Copper Ring SZ 10","","Copper Ring SZ 10","0","18","0","0"
"","13677","Opal Earrings","","Opal Earrings","0","25","0","0"
"","13678","860 M 10","","860 M 10","1","159","0","0"
"","13679","860 M 10","","860 M 10","0","159","0","0"
"NC5X7","13680","NC 5x7","","NC 5x7","12","5.5","2.4","0"
"","13681","Big sticker","","Big sticker","0","3.25","0","0"
"","13682","collier griffe d'ours","","collier griffe d'ours","0","51","0","0"
"","13683","Pattes de raton laveur","","Pattes de raton laveur","1","9.949999999999999","0","0"
"","13684","fox tail","","fox tail","0","13","0","0"
"","13685","racoon tail","","racoon tail","0","9.949999999999999","0","0"
"","13686","Bag H&H red HBFPS-RED","","Bag H&H red HBFPS-RED","0","220","0","0"
"","13687","B.O Turquoise","","B.O Turquoise","1","45","0","0"
"","13688","Stud turquoise buffalo","","Stud turquoise buffalo","0","30","0","0"
"","13689","B.O turquoise","","B.O turquoise","0","125","0","0"
"","13690","P-C bois chevreuil","","P-C bois chevreuil","0","9.949999999999999","0","0"
"","13691","Poterie orne. loup","","Poterie orne. loup","0","25","0","0"
"","13692","bracelet blue tiger eye","","bracelet blue tiger eye","1","49","0","0"
"","13693","bracelet pierre fume roue de medecine","","bracelet pierre fume roue de medecine","1","10","0","0"
"","13694","bracelet tiger eye","","bracelet tiger eye","0","49","0","0"
"","13695","bracelet pierre fume roue de medecine","","bracelet pierre fume roue de medecine","0","10","0","0"
"","13696","bague navajo size 11","","bague navajo size 11","0","125","0","0"
"","13697","boucles oreille spirale","","boucles oreille spirale","0","165","0","0"
"","13698","queue lynx","","queue lynx","0","16","0","0"
"","13699","bracelet cheville turquoise","","bracelet cheville turquoise","0","28","0","0"
"","13700","Pendant ours gaspeite","","Pendant ours gaspeite","0","225","0","0"
"","13701","pochette velour","","pochette velour","0","0.3","0","0"
"","13702","pierre totem naissance","","pierre totem naissance","0","6.5","0","0"
"","13703","depot sur BDC 077761","","depot sur BDC 077761","0","34.79","0","0"
"","13704","Peau lapin","","Peau lapin","0","18","0","0"
"","13705","Collier Navajo turquoise","","Collier Navajo turquoise","0","475","0","0"
"","13706","MM12TAN","","MM12TAN","0","8.949999999999999","0","0"
"","13707","Studs 2 coeurs","","Studs 2 coeurs","0","30","0","0"
"","13709","bracelet argent","","bracelet argent","0","80","0","0"
"","13710","collier dent de loup","","collier dent de loup","0","60","0","0"
"","13711","cougar box","","cougar box","0","85","0","0"
"","13712","bague turqoise","","bague turqoise","0","165","0","0"
"","13713","B.O turquoise navajo","","B.O turquoise navajo","1","115","0","0"
"","13714","B.O. Turquoise navajo","","B.O. Turquoise navajo","1","115","0","0"
"A18061-POD2573C","13718","Canvas - Seed of Life","","Canvas - Seed of Life","2","45","17","0"
"","13720","Earring beads","","Earring beads","0","48.5","0","0"
"","13726","B.O 45569 Turquoise","","B.O 45569 Turquoise","0","48","0","0"
"","13732","Raton","","Raton","1","12","0","0"
"","13733","Raton","","Raton","3","3","0","0"
"","13735","Plumes Argent B.O.","","Plumes Argent B.O.","0","115","0","0"
"A08011-POD2585C","13736","Canvas - Whisper","","Canvas - Whisper","3","55","17","0"
"Lavabracelets","13738","Lava Bead Bracelets","10280","Colors - Black","2","10.95","4.5","0"
"Lavabracelets","13738","Lava Bead Bracelets","10281","Colors - Red","0","10.95","4.5","0"
"Lavabracelets","13738","Lava Bead Bracelets","10282","Colors - Pink","2","10.95","4.5","0"
"Lavabracelets","13738","Lava Bead Bracelets","10283","Colors - Turquoise","1","10.95","4.5","0"
"EEincense","13739","Earth's Essence Incense","10284","Wellness - Cedar","6","11.95","5.24","0"
"EEincense","13739","Earth's Essence Incense","10285","Wellness - Sage","6","11.95","5.24","0"
"EEincense","13739","Earth's Essence Incense","10286","Wellness - Sweetgrass","7","11.95","5.24","0"
"EEincense","13739","Earth's Essence Incense","10827","Wellness - Eagle's Whisper","2","11.95","5.24","0"
"EEincense","13739","Earth's Essence Incense","10828","Wellness - Mother Nature","3","11.95","5.24","0"
"EEincense","13739","Earth's Essence Incense","10829","Wellness - Nature's Breath","5","11.95","5.24","0"
"EEincense","13739","Earth's Essence Incense","10830","Wellness - Ojibway Sun","5","11.95","5.24","0"
"EEincense","13739","Earth's Essence Incense","10831","Wellness - Sacred Land","3","11.95","5.24","0"
"EEincense","13739","Earth's Essence Incense","10832","Wellness - Sweet Dreams","6","11.95","5.24","0"
"","13741","Lip stik berries","","Lip stik berries","0","8","0","0"
"","13743","Pierre Totem Naissance","","Pierre Totem Naissance","0","6.5","0","0"
"","13744","Trivet","","Trivet","0","14","0","0"
"","13745","M'Otter Love 15/99","","M'Otter Love 15/99","0","130","0","0"
"","13746","Collier Lynx","","Collier Lynx","0","29","0","0"
"","13747","Feather Incence Burner","","Feather Incence Burner","0","50","0","0"
"","13748","Leaf Silver Ring","","Leaf Silver Ring","0","45","0","0"
"","13749","Feather Incence Burner","","Feather Incence Burner","0","50","0","0"
"","13750","Silver Ring","","Silver Ring","0","15","0","0"
"","13751","Meditative Woman","","Meditative Woman","0","65","0","0"
"","13752","Barrenlands 5x7 Dawn omanmottea","","Barrenlands 5x7 Dawn omanmottea","0","20","0","0"
"","13753","racoon tail","","racoon tail","0","9.949999999999999","0","0"
"","13754","Queue de Lynx","","Queue de Lynx","0","13","0","0"
"","13755","Queue de Lynx","","Queue de Lynx","0","16","0","0"
"","13756","Queue de Lynx","","Queue de Lynx","0","16","0","0"
"","13757","Feather Zuni Earrings","","Feather Zuni Earrings","0","315","0","0"
"","13758","inukshuk earings","","inukshuk earings","0","24","0","0"
"","13759","Jouet os et bois","","Jouet os et bois","0","21","0","0"
"","13760","totem pierre","","totem pierre","0","6.5","0","0"
"","13761","Eagle in flight onyx","","Eagle in flight onyx","0","225","0","0"
"","13762","Collier capteur de reves monage","","Collier capteur de reves monage","0","10.95","0","0"
"","13763","collier capteur de reves monague","","collier capteur de reves monague","0","10.95","0","0"
"","13764","Baton sauge med","","Baton sauge med","0","20","0","0"
"BB4","13766","BB4 Earrings ""Birch Bark""","","BB4 Earrings ""Birch Bark""","5","17.95","7.55","0"
"","13768","Bracelet Dentalium shell","","Bracelet Dentalium shell","0","120","0","0"
"","13769","Mocassin M 8","","Mocassin M 8","0","128","0","0"
"","13770","Collier dent d ours","","Collier dent d ours","0","51","0","0"
"","13773","boucle onyx","","boucle onyx","0","25","0","0"
"","13774","bracelet cuir brun","","bracelet cuir brun","0","26","0","0"
"","13775","bracelet blue tiger eye","","bracelet blue tiger eye","0","49","0","0"
"","13776","bague 83263 taille 12","","bague 83263 taille 12","0","40","0","0"
"BB3-P","13777","BB3 Pendant ""Birch Bark""","","BB3 Pendant ""Birch Bark""","8","10.95","4","0"
"","13778","Small card","","Small card","0","0.95","0","0"
"","13779","VS22","","VS22","0","13.95","0","0"
"","13780","Anklet bracelet","","Anklet bracelet","0","12","0","0"
"","13781","Bear wool hat","","Bear wool hat","0","140","0","0"
"DC822","13782","Dream Catcher","","Dream Catcher","1","36.95","16","0"
"","13783","Mini cards","","Mini cards","0","0.95","0","0"
"SF42","13785","Smudging Feathers","","Smudging Feathers","3","8.949999999999999","3.5","0"
"","13786","Reaching Out framed","","Reaching Out framed","0","545","0","0"
"","13787","Sticker","","Sticker","0","3.25","0","0"
"","13788","Anklet -92036-9","","Anklet -92036-9","0","18","0","0"
"","13789","Peau de lapin","","Peau de lapin","0","18","0","0"
"","13790","Jonc nacre R03B-6","","Jonc nacre R03B-6","0","200","0","0"
"","13791","Jonc 83263-11","","Jonc 83263-11","0","40","0","0"
"","13792","Small sticker","","Small sticker","0","2.6","0","0"
"","13793","Anklet beads","","Anklet beads","0","12","0","0"
"","13794","Bookmark","","Bookmark","0","2.3","0","0"
"DCWR","13795","Coil Dream Catcher Bracelets","10294","Jewelry - Amethyst","2","11.95","5.95","0"
"DCWR","13795","Coil Dream Catcher Bracelets","10295","Jewelry - Amazonite","1","11.95","5.95","0"
"DCWR","13795","Coil Dream Catcher Bracelets","10296","Jewelry - Blue goldstone","2","11.95","5.95","0"
"DCWR","13795","Coil Dream Catcher Bracelets","10297","Jewelry - Hematite","0","11.95","5.95","0"
"DCWR","13795","Coil Dream Catcher Bracelets","10298","Jewelry - Labradorite","0","11.95","5.95","0"
"DCWR","13795","Coil Dream Catcher Bracelets","10299","Jewelry - Turquoise","0","11.95","5.95","0"
"","13796","Small sticker","","Small sticker","0","2.6","0","0"
"","13797","Bookmark","","Bookmark","0","2.6","0","0"
"","13800","Chaine Argent 20 pouces","","Chaine Argent 20 pouces","0","24","0","0"
"","13801","B.O. Croix Argent","","B.O. Croix Argent","0","35","0","0"
"","13802","Carte Premier Printemps","","Carte Premier Printemps","0","4.95","0","0"
"","13803","test","","test","1","1","0","0"
"","13804","1","","1","1","0","0","0"
"","13805","test","","test","0","1","0","0"
"","13806","test","","test","2","5","0","0"
"","13807","TEST","","TEST","1","5.75","0","0"
"","13808","TEST","","TEST","1","5","0","0"
"","13809","test","","test","1","1","0","0"
"","13810","Signets","","Signets","0","2.3","0","0"
"","13811","Signet","","Signet","0","2.3","0","0"
"","13812","Signet","","Signet","0","2.3","0","0"
"","13813","four sisters","","four sisters","0","145","0","0"
"","13814","SF42","","SF42","0","7.95","0","0"
"","13815","pocket dream catcher","","pocket dream catcher","0","5.95","0","0"
"","13816","aimant d art","","aimant d art","0","6.5","0","0"
"","13817","BDC 077765 Journey to the Spirit World ''Bastien'' Cushion","","BDC 077765 Journey to the Spirit World ''Bastien'' Cushion","0","49","0","0"
"","13818","Peau Lapin","","Peau Lapin","0","18","0","0"
"","13819","statue ours labradorite","","statue ours labradorite","0","120","0","0"
"","13820","fetish sculpture corbeau","","fetish sculpture corbeau","0","115","0","0"
"","13821","chaine argentBx15-18","","chaine argentBx15-18","1","0","0","0"
"","13822","chaine argent Bx15-18","","chaine argent Bx15-18","0","22","0","0"
"","13823","pendentif libellule Mozaique","","pendentif libellule Mozaique","0","140","0","0"
"","13824","fetish scupture grenouile","","fetish scupture grenouile","0","60","0","0"
"","13825","Statue inuit Loup Marin","","Statue inuit Loup Marin","0","120","0","0"
"","13826","Scupture fetish loup Onyx","","Scupture fetish loup Onyx","0","125","0","0"
"","13827","Pierre de fee large","","Pierre de fee large","0","18","0","0"
"","13828","tambour 12 pcs","","tambour 12 pcs","0","140","0","0"
"","13829","Bague 10-turquoise","","Bague 10-turquoise","0","115","0","0"
"","13830","plum brun","","plum brun","0","5.45","0","0"
"","13831","copper bague size 8","","copper bague size 8","0","20","0","0"
"","13832","Boucle d'oreille tortue larimare","","Boucle d'oreille tortue larimare","0","65","0","0"
"","13833","since time immemorial book","","since time immemorial book","1","50","0","0"
"","13834","Book","","Book","0","50","0","0"
"","13835","signet","","signet","0","2.3","0","0"
"","13836","coyote tooth necklace","","coyote tooth necklace","0","40","0","0"
"","13837","potterie moccasin light","","potterie moccasin light","0","65","0","0"
"","13838","Orange shirt","","Orange shirt","0","16","0","0"
"","13839","P-C AMETHIST","","P-C AMETHIST","0","6.95","0","0"
"","13840","Sculpture seal 15075","","Sculpture seal 15075","0","145","0","0"
"","13841","Bracelet vison","","Bracelet vison","0","24","0","0"
"","13842","plume potterie Marlene","","plume potterie Marlene","0","50","0","0"
"","13843","bague turquoise et corail","","bague turquoise et corail","0","125","0","0"
"","13844","P-C pierre","","P-C pierre","0","6.95","0","0"
"","13845","porte clé pierre","","porte clé pierre","0","6.95","0","0"
"","13846","savon 1oz Sauge","","savon 1oz Sauge","0","4","0","0"
"","13847","signet","","signet","0","2.3","0","0"
"","13848","porte cle pierre","","porte cle pierre","0","6.95","0","0"
"","13849","pochette medicinale m. sioui","","pochette medicinale m. sioui","0","9.949999999999999","0","0"
"","13850","Livre since time","","Livre since time","0","50","0","0"
"","13851","Collier dent castor","","Collier dent castor","0","30","0","0"
"","13852","Collier dent d ours","","Collier dent d ours","0","60","0","0"
"","13853","Jeux os","","Jeux os","0","21","0","0"
"","13854","Drum stick","","Drum stick","0","32","0","0"
"","13855","DC628","","DC628","0","12.95","0","0"
"","13856","Une soeur blanche","","Une soeur blanche","0","65","0","0"
"","13857","Assiette MW","","Assiette MW","0","82","0","0"
"","13858","Coffret savon Night Sky","","Coffret savon Night Sky","0","18","0","0"
"","13859","Boucle O turquoise","","Boucle O turquoise","0","175","0","0"
"","13860","Orange shirt orn.","","Orange shirt orn.","0","16","0","0"
"","13861","Mini carte","","Mini carte","0","0.95","0","0"
"","13862","Le retour 8x10","","Le retour 8x10","0","25","0","0"
"","13863","Jonc 82218-8","","Jonc 82218-8","0","45","0","0"
"","13864","B.O Beads turquoise","","B.O Beads turquoise","0","55","0","0"
"","13865","Poterie Marlene chandelle","","Poterie Marlene chandelle","0","48","0","0"
"","13866","Two sisters","","Two sisters","0","82","0","0"
"DC821","13867","Dream Catcher","","Dream Catcher","2","36.95","16.1","0"
"MM2","13870","Ornemental Headdress","","Ornemental Headdress","0","28.95","0","0"
"","13871","Balance Coussins Gustave Silent Seekers","","Balance Coussins Gustave Silent Seekers","0","196","0","0"
"","13872","DCG1A","","DCG1A","0","14.95","0","0"
"A08013-UAC6101NC0FA","13873","Gustave Pillow ""New Day""","","Gustave Pillow ""New Day""","2","59","23","0"
"A10046-UAC6101NC1BA","13875","Gustave Pillow ""Geese Spirit""","","Gustave Pillow ""Geese Spirit""","2","59","23","0"
"","13877","Bracelet cheville","","Bracelet cheville","0","14","0","0"
"","13878","Bracelet cheville","","Bracelet cheville","0","12","0","0"
"","13879","Bracelet cheville","","Bracelet cheville","0","12","0","0"
"","13881","Porte-clé cristal","","Porte-clé cristal","0","6.95","0","0"
"","13883","Sauge et Palo Santo","","Sauge et Palo Santo","0","19.5","0","0"
"A08019-WLS340101NC13A","13884","Catherine Zip Top - ""Unity""","10306","Size - S","0","159","59.5","0"
"A08019-WLS340101NC13A","13884","Catherine Zip Top - ""Unity""","10307","Size - M","1","159","59.5","0"
"A08019-WLS340101NC13A","13884","Catherine Zip Top - ""Unity""","10308","Size - L","0","159","59.5","0"
"A08019-WLS340101NC13A","13884","Catherine Zip Top - ""Unity""","10309","Size - XL","1","159","59.5","0"
"A08019-WLS340101NC13A","13884","Catherine Zip Top - ""Unity""","10310","Size - XS","1","159","59.5","0"
"","13885","B.O. Coucoum","","B.O. Coucoum","0","18","0","0"
"","13886","Feather Pendant","","Feather Pendant","0","320","0","0"
"","13887","Queue Chat Sauvage","","Queue Chat Sauvage","0","13","0","0"
"","13889","66044 Star Fish Studs","","66044 Star Fish Studs","0","21","0","0"
"","13890","Dragonfly Zuni Opalite Earrings","","Dragonfly Zuni Opalite Earrings","0","205","0","0"
"","13891","Coyote L","","Coyote L","0","14.95","0","0"
"","13892","16/99","","16/99","0","130","0","0"
"","13893","B-6118 ballerine L8","","B-6118 ballerine L8","0","72","0","0"
"","13894","Red Clover 15h candle Sequoia","","Red Clover 15h candle Sequoia","0","10","0","0"
"","13895","Brume corps Sky Woman","","Brume corps Sky Woman","0","15","0","0"
"","13896","Turquoise and silver anklet","","Turquoise and silver anklet","0","46","0","0"
"","13897","rabbit pelt","","rabbit pelt","0","18","0","0"
"Worry Stones","13898","Stones - Worry","","Stones - Worry","0","2.95","1.2","0"
"Arrowhead","13899","Arrowhead","","Arrowhead","119","1.55","0.7","0"
"SKU: 00-08-624","13900","Wildflower Oven Mitt","","Wildflower Oven Mitt","0","18.95","8","0"
"","13901","Zunis bear pendant","","Zunis bear pendant","0","225","0","0"
"","13902","bracelet petites perles","","bracelet petites perles","0","24","0","0"
"","13903","petit mocassin porte cle","","petit mocassin porte cle","0","16.5","0","0"
"","13904","Sage Bundle","","Sage Bundle","0","20","0","0"
"","13905","MM12RED","","MM12RED","0","8.949999999999999","0","0"
"","13906","bracelet petite perles","","bracelet petite perles","0","12","0","0"
"","13907","Boucle oreille pierre de Lune","","Boucle oreille pierre de Lune","0","35","0","0"
"","13908","bague turquoise","","bague turquoise","0","225","0","0"
"","13909","chaine 16 pouce","","chaine 16 pouce","1","33","0","0"
"","13910","zunis pendant P65 B","","zunis pendant P65 B","1","0","0","0"
"","13911","Zunis pendant P65B","","Zunis pendant P65B","1","360","0","0"
"","13912","Knife CRK07","","Knife CRK07","1","230","0","0"
"","13913","Collier Keewatin 5 Griffes d'Ours","","Collier Keewatin 5 Griffes d'Ours","0","115","0","0"
"","13914","Two sisters","","Two sisters","0","82","0","0"
"","13915","Anklet bracelet","","Anklet bracelet","0","16","0","0"
"","13916","Bracelet","","Bracelet","0","9","0","0"
"","13917","Mocassin 731 L7","","Mocassin 731 L7","0","120","0","0"
"","13918","Collier fétiche","","Collier fétiche","0","550","0","0"
"","13919","boucle doreille turqoise","","boucle doreille turqoise","0","155","0","0"
"","13920","Inukshuk","","Inukshuk","0","36","0","0"
"","13921","trois seurs bleu","","trois seurs bleu","0","115","0","0"
"","13922","porte cart","","porte cart","0","15","0","0"
"","13923","totem porte clef","","totem porte clef","0","7.5","0","0"
"","13924","Chaine STC-18","","Chaine STC-18","0","30","0","0"
"","13925","Pendant dragonfly","","Pendant dragonfly","0","140","0","0"
"","13926","Sticker","","Sticker","0","2.6","0","0"
"","13927","P-C bobcat","","P-C bobcat","0","13","0","0"
"","13928","Ange rose","","Ange rose","0","65","0","0"
"","13929","Sac noir plume","","Sac noir plume","0","122","0","0"
"","13930","P-C pierre","","P-C pierre","0","6.95","0","0"
"","13931","Echange différence","","Echange différence","0","55","0","0"
"","13932","Candle Canoo","","Candle Canoo","0","82","0","0"
"","13933","Chain OXB-18","","Chain OXB-18","0","64","0","0"
"","13934","Collier griffe renard","","Collier griffe renard","0","30","0","0"
"","13935","dream catcher DC94","","dream catcher DC94","0","91.95","0","0"
"","13936","Collier griffe ours","","Collier griffe ours","0","40","0","0"
"","13937","Cayote tail","","Cayote tail","0","14.95","0","0"
"","13938","Edition M otter love","","Edition M otter love","0","170","0","0"
"00-04-200","13939","Otter Spirit Box","","Otter Spirit Box","1","104","45","0"
"SKU: 00-06-910","13940","Eagle Pâté Knife","10311","Style - High Polish","0","65","28","0"
"SKU: 00-06-910","13940","Eagle Pâté Knife","10312","Style - Brush","1","65","28","0"
"","13941","Trivet","","Trivet","0","14","0","0"
"","13942","Box chaine 18","","Box chaine 18","0","80","0","0"
"","13943","B.O stud dolphin","","B.O stud dolphin","0","25","0","0"
"","13944","Savon lune des récolte","","Savon lune des récolte","0","4","0","0"
"","13945","Pendant DC15M-P","","Pendant DC15M-P","0","9.949999999999999","0","0"
"","13946","Moc H KB762 13","","Moc H KB762 13","0","131","0","0"
"","13947","Moc F 137376 6","","Moc F 137376 6","0","110","0","0"
"","13948","Gaspeite Feather Earrings","","Gaspeite Feather Earrings","0","345","0","0"
"","13949","Feather Barette Silver","","Feather Barette Silver","0","75","0","0"
"SKU: 00-07-512","13950","Corrine Hunt Hummingbird Pendant","","Corrine Hunt Hummingbird Pendant","1","82","35.5","0"
"","13951","Sweet Grass infused Canoe Candle","","Sweet Grass infused Canoe Candle","0","48.45","0","0"
"","13952","Eagle Boma Box","","Eagle Boma Box","0","74","0","0"
"SKU: 00-07-532","13953","Corrine Hunt Hummingbird Earrings","","Corrine Hunt Hummingbird Earrings","2","85","37","0"
"","13954","Porte-Clé Cristal Quartz","","Porte-Clé Cristal Quartz","0","6.95","0","0"
"","13955","Bracelet Cheville","","Bracelet Cheville","1","16","0","0"
"","13956","DC15M-P","","DC15M-P","0","9.949999999999999","0","0"
"","13957","Bracelet Cheville","","Bracelet Cheville","0","16","0","0"
"","13958","Bracelet Perles","","Bracelet Perles","0","9","0","0"
"","13959","Little Polar Bear","","Little Polar Bear","0","25","0","0"
"","13960","Bracelet cheville","","Bracelet cheville","0","11.2","0","0"
"","13961","Turquoise Studs","","Turquoise Studs","0","30","0","0"
"","13962","DC collier","","DC collier","0","10.95","0","0"
"","13963","B.O. plumes Argent Sterling Turquoise/huitre de mer","","B.O. plumes Argent Sterling Turquoise/huitre de mer","0","115","0","0"
"","13964","Klathe-Bhi Salmon apron","","Klathe-Bhi Salmon apron","0","36.95","0","0"
"600series","13965","""Free Spirit"" Collection","10313","Style - Raven","0","14","6","0"
"600series","13965","""Free Spirit"" Collection","10314","Style - Salmon","1","14","6","0"
"600series","13965","""Free Spirit"" Collection","10315","Style - Sun Mask","0","14","6","0"
"600series","13965","""Free Spirit"" Collection","10316","Style - Killer Whale","0","14","6","0"
"600series","13965","""Free Spirit"" Collection","10317","Style - Inukshuk","1","14","6","0"
"600series","13965","""Free Spirit"" Collection","10318","Style - Bear","0","14","6","0"
"600series","13965","""Free Spirit"" Collection","10319","Style - Moose","1","14","6","0"
"","13966","B.O. Petites Perles Turquoises 66422","","B.O. Petites Perles Turquoises 66422","0","80","0","0"
"","13967","Queue Chat Sauvage","","Queue Chat Sauvage","0","13","0","0"
"Angel","13968","Angel","","Angel","0","65","35","0"
"1 sister","13969","1 Sister","","1 Sister","3","65","45","0"
"2 sisters","13970","2 Sisters","","2 Sisters","2","82","50","0"
"","13971","small flower bracelet","","small flower bracelet","0","9","0","0"
"3 sisters","13972","3 Sisters","","3 Sisters","3","115","70","0"
"","13973","silver triangle ring sz.6","","silver triangle ring sz.6","0","35","0","0"
"4 sisters","13974","4 Sisters","","4 Sisters","0","145","90","0"
"4 sisters MW","13975","4 Sisters MW","","4 Sisters MW","3","145","90","0"
"Birds","13976","Birds","","Birds","2","42","25","0"
"CBNL","13977","Candle Bowls Wax (no lids)","","Candle Bowls Wax (no lids)","1","42","21","0"
"PH","13978","Plants Holders","","Plants Holders","3","48.45","23","0"
"CBWL","13979","Candle Bowls Wax (with lids)","","Candle Bowls Wax (with lids)","1","48.45","23","0"
"SPC","13980","Candle Simmer Pots","","Candle Simmer Pots","5","48.45","30","0"
"SCC","13981","Canoe Candle Small","","Canoe Candle Small","6","48.45","30","0"
"CACB","13982","Canoe Candle Big","","Canoe Candle Big","2","90","50","0"
"CMW","13983","Candle Medicine Wheel Small","11384","Size - 2""","3","25","0","12.5"
"CMW","13983","Candle Medicine Wheel Small","11385","Size - 3""","4","30","0","15"
"CMW","13983","Candle Medicine Wheel Small","11386","Size - 4""","0","40","0","20"
"CM","13984","Candle Mocassin","","Candle Mocassin","0","48.45","23","0"
"IF","13985","Incense Feather","","Incense Feather","4","50","30","0"
"OS","13986","Ornaments Small","","Ornaments Small","17","16","15","0"
"OM","13987","Ornaments Medium","","Ornaments Medium","11","22","15","0"
"OB","13988","Ornaments Big","","Ornaments Big","15","25","15","0"
"Bear","13989","Bear","","Bear","1","25","15","0"
"CBS","13990","Christmas Balls Small","","Christmas Balls Small","1","42","20","0"
"CBB","13991","Christmas Balls Big","","Christmas Balls Big","0","48.45","23","0"
"Vase","13992","Vase","","Vase","1","32","20","0"
"ME","13993","Mother Earth","","Mother Earth","3","82","50","0"
"GFSW","13994","Guardian from the Spirit World","","Guardian from the Spirit World","1","96","60","0"
"ECMO","13995","Every Child Matters Ornaments","10320","Size - S","2","16","15","0"
"ECMO","13995","Every Child Matters Ornaments","10321","Size - M","9","22","15","0"
"ECMO","13995","Every Child Matters Ornaments","10322","Size - L","4","25","15","0"
"","13996","Bague gr 12","","Bague gr 12","1","18","0","0"
"","13997","Bague Cuivre gr 8","","Bague Cuivre gr 8","0","18","0","0"
"","13998","Bague Cuivre gr 12","","Bague Cuivre gr 12","0","18","0","0"
"","13999","star anklet","","star anklet","0","16","0","0"
"","14001","Zuni Turquoise Necklace Sterling Silver","","Zuni Turquoise Necklace Sterling Silver","0","465","0","0"
"","14002","Papoose","","Papoose","0","35","0","0"
"","14003","sage bundle","","sage bundle","0","20","0","0"
"","14004","Amethyst Key Chain","","Amethyst Key Chain","0","6.95","0","0"
"","14005","Anklet","","Anklet","0","16","0","0"
"","14006","Seal Key Chain","","Seal Key Chain","0","12.5","0","0"
"","14007","Inukshuk B&G","","Inukshuk B&G","0","165","0","0"
"","14008","Two Women","","Two Women","0","82","0","0"
"W13047-RES0101NC17A","14013","Marina Beach ""Inner Memories""","","Marina Beach ""Inner Memories""","1","109","46","0"
"","14014","Beaded bracelet","","Beaded bracelet","0","9","0","0"
"W13047-RES0201NC17A","14018","Océanne Beach ""Inner Memories""","","Océanne Beach ""Inner Memories""","1","99","40.5","0"
"","14019","Medicine pouch","","Medicine pouch","0","19","0","0"
"","14022","Mink Tail Key Chain","","Mink Tail Key Chain","0","11.5","0","0"
"","14023","silver ring size 4","","silver ring size 4","0","15","0","0"
"","14024","sous-verre roue medecine en verre","","sous-verre roue medecine en verre","0","16","0","0"
"","14025","marlene potterie","","marlene potterie","0","135","0","0"
"","14026","DC3P","","DC3P","0","10.95","0","0"
"","14027","boucles oreille 66044","","boucles oreille 66044","0","21","0","0"
"","14028","small beaded purple necklace","","small beaded purple necklace","0","24","0","0"
"","14029","Porte-clé pierre","","Porte-clé pierre","0","6.95","0","0"
"","14030","B.O DC lazuli","","B.O DC lazuli","0","40","0","0"
"","14031","B.O 66466","","B.O 66466","0","95","0","0"
"","14032","Collier griffe lynx","","Collier griffe lynx","0","32","0","0"
"","14033","Baton sauge/palo","","Baton sauge/palo","0","19.5","0","0"
"","14034","mocassins size7","","mocassins size7","0","153","0","0"
"","14035","P-C pierre","","P-C pierre","0","6.95","0","0"
"","14036","Pendentif grosse turquoise","","Pendentif grosse turquoise","0","595","0","0"
"","14037","Anklet","","Anklet","0","16","0","0"
"","14038","Collier perle de turquoise","","Collier perle de turquoise","1","125","0","0"
"","14039","Pendentif loup turq. LP27C-1","","Pendentif loup turq. LP27C-1","1","260","0","0"
"","14040","Bague turquoise 11.25","","Bague turquoise 11.25","0","230","0","0"
"","14041","Mocassin 130607-L7","","Mocassin 130607-L7","0","111","0","0"
"","14042","Mocassin 607CIL","","Mocassin 607CIL","0","104.95","0","0"
"","14043","DC628","","DC628","0","12.95","0","0"
"","14044","bead work","","bead work","0","9","0","0"
"","14045","Collier beads","","Collier beads","0","24","0","0"
"","14046","Mini carte","","Mini carte","0","0.95","0","0"
"","14047","boucle oreille FD","","boucle oreille FD","1","0","0","0"
"","14048","boucle oreille FD","","boucle oreille FD","1","0","0","0"
"","14049","Bague sterling silver 6","","Bague sterling silver 6","0","15","0","0"
"","14050","DC628","","DC628","0","12.95","0","0"
"","14051","Pendantief loup LP27C-1","","Pendantief loup LP27C-1","0","260","0","0"
"","14052","Collier perle turquoise","","Collier perle turquoise","0","125","0","0"
"","14053","test","","test","1","1","0","0"
"","14054","test","","test","1","1","0","0"
"","14055","Sac velour","","Sac velour","0","0.3","0","0"
"","14056","Beaded Bracelet","","Beaded Bracelet","0","9","0","0"
"","14057","Chandelle Roue de la Medecine","","Chandelle Roue de la Medecine","0","25","0","0"
"","14058","boucles oreilles 66704 libellules","","boucles oreilles 66704 libellules","0","95","0","0"
"","14059","Sac velour","","Sac velour","0","0.3","0","0"
"","14060","sac velour","","sac velour","0","0.3","0","0"
"","14061","sac velour","","sac velour","0","0.3","0","0"
"","14062","Ookpik","","Ookpik","0","39","0","0"
"","14063","boma boite ronde phoques","","boma boite ronde phoques","0","52.95","0","0"
"","14064","Bracelet Perlé","","Bracelet Perlé","0","9","0","0"
"","14065","bracelet cheville perle vert bleu","","bracelet cheville perle vert bleu","0","16","0","0"
"","14066","Mocassins 41474 M 12","","Mocassins 41474 M 12","1","180","0","0"
"","14067","Bague Hopi 12","","Bague Hopi 12","0","135","0","0"
"","14068","bracelet perle","","bracelet perle","0","9","0","0"
"","14069","porte cle quartz","","porte cle quartz","0","6.95","0","0"
"","14070","porte cle quartz","","porte cle quartz","0","6.95","0","0"
"","14071","porte cle quartz","","porte cle quartz","0","6.95","0","0"
"","14072","porte cle pierre","","porte cle pierre","0","6.95","0","0"
"","14073","66704 Dragonfly Silver and Turquoise","","66704 Dragonfly Silver and Turquoise","0","95","0","0"
"","14074","Gaspéite Zuni Earrings","","Gaspéite Zuni Earrings","0","325","0","0"
"","14075","statuette loupmarin inuit","","statuette loupmarin inuit","0","320","0","0"
"","14076","statue Boma enfant et malamute","","statue Boma enfant et malamute","0","99","0","0"
"","14077","Pierre d'inquietude","","Pierre d'inquietude","1","2.95","0","0"
"","14078","haida feather deerskinleather bag","","haida feather deerskinleather bag","0","122","0","0"
"","14079","beaded flower bracelet","","beaded flower bracelet","1","9","0","0"
"","14080","DC3051","","DC3051","0","13.95","0","0"
"","14081","Collier dune griffe de lynx keewatin","","Collier dune griffe de lynx keewatin","0","32","0","0"
"","14082","Drum Stick","","Drum Stick","0","35","0","0"
"","14083","Hides in Hand HBFPS-BR","","Hides in Hand HBFPS-BR","0","220","0","0"
"","14084","Inukshuk Verre","","Inukshuk Verre","0","54","0","0"
"","14085","petite inukshuk verre recycle","","petite inukshuk verre recycle","0","27","0","0"
"","14086","Chaine Custom","","Chaine Custom","0","20","0","0"
"","14087","Pendentif Zuni Turquoises et Opalite","","Pendentif Zuni Turquoises et Opalite","0","360","0","0"
"","14088","crystal key chain amethyst","","crystal key chain amethyst","0","6.95","0","0"
"A17064-UAC6101NC03A","14089","Gustave Pillow ""Motter Love""","","Gustave Pillow ""Motter Love""","0","59","23","0"
"","14090","TO ORDER ring size11 sterling silver","","TO ORDER ring size11 sterling silver","0","45","0","0"
"W12005-WDR5401NC0WA","14095","Kate Dress ""Earth Keeper"" Plus Size","10350","Size - 1X","1","169","81.5","0"
"W12005-WDR5401NC0WA","14095","Kate Dress ""Earth Keeper"" Plus Size","10351","Size - 2X","1","169","81.5","0"
"W12005-WDR5401NC0WA","14095","Kate Dress ""Earth Keeper"" Plus Size","10352","Size - 3X","1","169","81.5","0"
"A16058-WDR5401NC04A","14096","Kate Dress ""Silent Seekers"" Plus Size","10353","Size - 2X","1","169","81.5","0"
"A16058-WDR5401NC04A","14096","Kate Dress ""Silent Seekers"" Plus Size","10354","Size - 3X","1","169","81.5","0"
"A16058-WDR5401NC04A","14096","Kate Dress ""Silent Seekers"" Plus Size","10355","Size - 1X","0","169","81.5","0"
"","14098","sage with palo santo","","sage with palo santo","0","19.5","0","0"
"","14099","collier oiseau turqoise","","collier oiseau turqoise","0","335","0","0"
"","14100","bracelet beaded","","bracelet beaded","0","9","0","0"
"","14101","boucles oreille truquoise","","boucles oreille truquoise","0","30","0","0"
"","14102","10041 XL","","10041 XL","0","10","0","0"
"","14103","SH522","","SH522","0","24","0","0"
"","14104","PORTE CLE amethyste","","PORTE CLE amethyste","1","6.95","0","0"
"","14105","porte cle amethyste","","porte cle amethyste","0","6.95","0","0"
"","14106","mocassins pour Nadia  BDC 3061104","","mocassins pour Nadia  BDC 3061104","1","0","0","0"
"","14107","mocassins pour Nadia  BDC 3061104","","mocassins pour Nadia  BDC 3061104","1","0","0","0"
"","14108","mocassins pour Nadia  BDC 3061104","","mocassins pour Nadia  BDC 3061104","1","0","0","0"
"","14109","mocassins pour Nadia  BDC 3061104","","mocassins pour Nadia  BDC 3061104","1","0","0","0"
"","14110","mocassins pour Nadia  BDC 3061104","","mocassins pour Nadia  BDC 3061104","1","0","0","0"
"","14111","mocassins pour Nadia  BDC 3061104","","mocassins pour Nadia  BDC 3061104","1","0","0","0"
"","14112","mocassins pour Nadia BDC 3061104","","mocassins pour Nadia BDC 3061104","0","165","0","0"
"","14113","CAP","","CAP","0","40","0","0"
"","14114","CAP print with wolf","","CAP print with wolf","0","45","0","0"
"","14115","porte-clef pierre","","porte-clef pierre","0","6.95","0","0"
"","14116","mini art card","","mini art card","0","0.95","0","0"
"","14117","beaded bracelet","","beaded bracelet","0","9","0","0"
"","14118","medecine wheel","","medecine wheel","1","16","0","0"
"","14119","Bague avec opalite grandeur 9","","Bague avec opalite grandeur 9","0","295","0","0"
"","14120","decor","","decor","0","51","0","0"
"","14121","Decor","","Decor","0","135","0","0"
"","14122","Porte-clé","","Porte-clé","0","17","0","0"
"","14123","Medicine pouch","","Medicine pouch","0","13","0","0"
"","14124","mocassins Laurentian Chief T.8","","mocassins Laurentian Chief T.8","0","153","0","0"
"","14125","porte cle pierre","","porte cle pierre","0","6.95","0","0"
"","14126","Tablier 2 6504853613 3","","Tablier 2 6504853613 3","0","36.95","0","0"
"","14127","Roue de médecine verre","","Roue de médecine verre","0","16","0","0"
"","14128","Bracelet cheville","","Bracelet cheville","0","12","0","0"
"","14129","Élastique Navajo","","Élastique Navajo","0","60","0","0"
"","14130","Bracelet perle","","Bracelet perle","0","6","0","0"
"","14131","incense sweetgrass","","incense sweetgrass","0","12","0","0"
"","14132","Chapeau Mouton","","Chapeau Mouton","0","106","0","0"
"","14134","Pochette de médecine porte-clé","","Pochette de médecine porte-clé","0","9.949999999999999","0","0"
"","14135","Collier Dent de Castor Keewatin","","Collier Dent de Castor Keewatin","0","29","0","0"
"","14136","bracelet","","bracelet","1","0","0","0"
"","14137","Zuni Turquoise Necklace","","Zuni Turquoise Necklace","0","140","0","0"
"","14138","Inukshuk verre recyclé","","Inukshuk verre recyclé","0","71","0","0"
"","14139","small multicolor muted flower bracelet","","small multicolor muted flower bracelet","0","9","0","0"
"","14140","MF21","","MF21","0","5.45","0","0"
"","14141","Bracelet beads","","Bracelet beads","0","9","0","0"
"","14142","Poterie Marlene","","Poterie Marlene","0","65","0","0"
"","14143","rhodochrosite 6mm","","rhodochrosite 6mm","0","34.5","0","0"
"","14144","amethyst bracelet","","amethyst bracelet","0","20","0","0"
"","14145","PC moccasin noir","","PC moccasin noir","0","16.5","0","0"
"","14146","Turquoise Necklace","","Turquoise Necklace","1","165","0","0"
"","14147","Turquoise studs","","Turquoise studs","1","30","0","0"
"","14148","Turquoise Necklace","","Turquoise Necklace","0","165","0","0"
"","14149","Turquoise stud earrings","","Turquoise stud earrings","0","30","0","0"
"","14150","Tear drop Turquoise earrings","","Tear drop Turquoise earrings","0","55","0","0"
"","14151","John Rombough ''Actions'' Original painting","","John Rombough ''Actions'' Original painting","0","960","0","0"
"","14152","Turquoise Anklet","","Turquoise Anklet","0","46","0","0"
"","14153","medecine pouch Sioui","","medecine pouch Sioui","0","19","0","0"
"","14154","boucles oreille opalit 64055","","boucles oreille opalit 64055","0","30","0","0"
"","14155","B.O. Ours Protection et Turquoise","","B.O. Ours Protection et Turquoise","0","95","0","0"
"","14156","Mocassins pour bébé","","Mocassins pour bébé","0","70","0","0"
"","14157","moccasins en suede pour bebes size 4","","moccasins en suede pour bebes size 4","0","46","0","0"
"","14158","BDC 077782 Nikki Sous le m ciel XL","","BDC 077782 Nikki Sous le m ciel XL","0","43.49","0","0"
"","14159","bracelet 12835","","bracelet 12835","0","18","0","0"
"","14160","tisane wild camomile","","tisane wild camomile","0","19.95","0","0"
"","14161","red green star anklet","","red green star anklet","0","16","0","0"
"","14162","little beaded flower black and white bracelet","","little beaded flower black and white bracelet","0","9","0","0"
"","14163","Jonc bleu","","Jonc bleu","0","12.95","0","0"
"","14164","Jonc copper 8-9","","Jonc copper 8-9","0","15","0","0"
"","14165","B.O stud 65569 turquoise","","B.O stud 65569 turquoise","0","48","0","0"
"","14166","Pendentif LP19C","","Pendentif LP19C","0","280","0","0"
"","14167","test","","test","1","30","0","0"
"","14168","test","","test","1","3","0","0"
"","14169","Stud turquoise","","Stud turquoise","0","30","0","0"
"","14170","Carte 11 nations","","Carte 11 nations","0","4.95","0","0"
"","14171","HH Baby-Wrap-Red","","HH Baby-Wrap-Red","0","75","0","0"
"","14172","Anklet","","Anklet","0","12","0","0"
"A07020-WSS0901NC0AA","14175","K Smith T-Shirt ""Journey to the Spirit World""","10379","Size - S","1","89","35","0"
"A07020-WSS0901NC0AA","14175","K Smith T-Shirt ""Journey to the Spirit World""","10380","Size - M","0","89","35","0"
"A07020-WSS0901NC0AA","14175","K Smith T-Shirt ""Journey to the Spirit World""","10381","Size - L","1","89","35","0"
"A07020-WSS0901NC0AA","14175","K Smith T-Shirt ""Journey to the Spirit World""","10382","Size - XL","1","89","35","0"
"A07020-WSS0901NC0AA","14175","K Smith T-Shirt ""Journey to the Spirit World""","10383","Size - XS","1","89","35","0"
"","14176","mini carte","","mini carte","0","0.99","0","0"
"A08045-20084C","14177","Canvas - Patience","","Canvas - Patience","0","40","17","0"
"A07020-20080C","14178","Canvas - Journey to the Spirit World","","Canvas - Journey to the Spirit World","2","45","17","0"
"W13047-POD2560C","14179","Canvas - Inner Memories","","Canvas - Inner Memories","3","40","17","0"
"A12050-POD2559C","14180","Canvas - Ice Dream","","Canvas - Ice Dream","2","40","17","0"
"A01038-POD2557C","14181","Canvas - Harmony","","Canvas - Harmony","2","40","17","0"
"A16058-WLS340101NC04A","14184","Catherine Zip Top - ""Silent Seekers""","10402","Size - XS","1","159","59.5","0"
"A16058-WLS340101NC04A","14184","Catherine Zip Top - ""Silent Seekers""","10403","Size - S","1","159","59.5","0"
"A16058-WLS340101NC04A","14184","Catherine Zip Top - ""Silent Seekers""","10404","Size - M","0","159","59.5","0"
"A16058-WLS340101NC04A","14184","Catherine Zip Top - ""Silent Seekers""","10405","Size - L","0","159","59.5","0"
"A16058-WLS340101NC04A","14184","Catherine Zip Top - ""Silent Seekers""","10406","Size - XL","1","159","59.5","0"
"W12018-WLS340101NC0DA","14185","Catherine Zip Top - ""Early Evening Flowing into Fall""","10412","Size - XS","0","159","59.5","0"
"W12018-WLS340101NC0DA","14185","Catherine Zip Top - ""Early Evening Flowing into Fall""","10413","Size - S","0","159","59.5","0"
"W12018-WLS340101NC0DA","14185","Catherine Zip Top - ""Early Evening Flowing into Fall""","10414","Size - M","0","159","59.5","0"
"W12018-WLS340101NC0DA","14185","Catherine Zip Top - ""Early Evening Flowing into Fall""","10415","Size - L","0","159","59.5","0"
"W12018-WLS340101NC0DA","14185","Catherine Zip Top - ""Early Evening Flowing into Fall""","10416","Size - XL","0","159","59.5","0"
"A10046-WNS0801NC1BA","14186","Kaplan Tank ""Geese Spirit""","10422","Size - XS","1","129","60","0"
"A10046-WNS0801NC1BA","14186","Kaplan Tank ""Geese Spirit""","10423","Size - S","1","129","60","0"
"A10046-WNS0801NC1BA","14186","Kaplan Tank ""Geese Spirit""","10424","Size - M","1","129","60","0"
"A10046-WNS0801NC1BA","14186","Kaplan Tank ""Geese Spirit""","10425","Size - L","1","129","60","0"
"A10046-WNS0801NC1BA","14186","Kaplan Tank ""Geese Spirit""","10426","Size - XL","1","129","60","0"
"A08011-UAC6101NC0HA","14187","Gustave Pillow ""Whisper""","","Gustave Pillow ""Whisper""","1","59","23","0"
"","14188","CALENDRIER 2024","","CALENDRIER 2024","0","22","0","0"
"","14189","Opalite stud","","Opalite stud","0","25","0","0"
"W17062-UAC6101NC0GA","14190","Gustave Pillow ""Horizon""","","Gustave Pillow ""Horizon""","1","59","23","0"
"","14192","Small Inukshuk","","Small Inukshuk","0","27","0","0"
"","14193","Bracelet goldsteel","","Bracelet goldsteel","0","130","0","0"
"","14194","Anklet","","Anklet","0","12","0","0"
"","14195","P-C pierre","","P-C pierre","0","6.95","0","0"
"","14196","P-C Pierre agate","","P-C Pierre agate","0","6.95","0","0"
"","14197","DC50GTAN","","DC50GTAN","0","11.95","0","0"
"","14198","Mini carte","","Mini carte","1","0.95","0","0"
"","14199","Sauge et Palo","","Sauge et Palo","0","19.5","0","0"
"","14200","Mitaine de mouton","","Mitaine de mouton","0","104","0","0"
"","14201","Anklet","","Anklet","0","14","0","0"
"","14202","porte clef","","porte clef","0","6.95","0","0"
"","14203","bracelet de cheville fait avec amour","","bracelet de cheville fait avec amour","0","16","0","0"
"","14204","BO etain","","BO etain","0","24","0","0"
"","14205","DC830","","DC830","0","91.95","0","0"
"","14206","aNKLET","","aNKLET","0","16","0","0"
"","14207","KEEWATIN","","KEEWATIN","0","30","0","0"
"","14208","DRUM","","DRUM","0","48","0","0"
"","14209","BRACELET","","BRACELET","0","12","0","0"
"","14210","PORTE CLEF AGATHE","","PORTE CLEF AGATHE","0","6.95","0","0"
"","14211","INUKSHUK","","INUKSHUK","0","71","0","0"
"","14212","BEAVER KEYCHAIN","","BEAVER KEYCHAIN","0","8.449999999999999","0","0"
"","14213","BIRD MULTI STONE LONG NECKLACE","","BIRD MULTI STONE LONG NECKLACE","0","165","0","0"
"","14214","YYTDYLRGO","","YYTDYLRGO","1","0","0","0"
"","14215","PETITE PIN ETOILE BALANCE OF TRADE","","PETITE PIN ETOILE BALANCE OF TRADE","0","4","0","0"
"","14216","BEADED HAIRPIN ORANGE TURTLE BLUE BORDER","","BEADED HAIRPIN ORANGE TURTLE BLUE BORDER","0","38","0","0"
"","14217","JOHN rOMBOUGH QUEST","","JOHN rOMBOUGH QUEST","0","180","0","0"
"","14218","CALENDRIER cap 2024","","CALENDRIER cap 2024","1","24.29","0","0"
"","14219","cap 2024","","cap 2024","0","22","0","0"
"","14220","calendrier CAP 2024","","calendrier CAP 2024","0","22","0","0"
"SAND600OS-07","14221","Sherpa Baby Blanket ""Sand""","","Sherpa Baby Blanket ""Sand""","0","85","51","0"
"","14222","Inukshuk verre","","Inukshuk verre","0","71","0","0"
"","14223","DC628","","DC628","0","12.95","0","0"
"NIBI600OS-07","14224","""Nibi"" Blanket","","""Nibi"" Blanket","0","189","105","0"
"CURR600OS-01","14225","""Currant"" Blanket","","""Currant"" Blanket","1","189","105","0"
"STAR600OS-01","14226","""Star"" Blanket","","""Star"" Blanket","1","189","105","0"
"STOR600OS-07","14227","Sherpa Baby Blanket ""Storm""","","Sherpa Baby Blanket ""Storm""","0","85","51","0"
"MKWA600OS-07","14228","Sherpa Baby Blanket ""Mkwa""","","Sherpa Baby Blanket ""Mkwa""","1","85","51","0"
"TUND600OS-03","14231","Shawl ""Tundra""","","Shawl ""Tundra""","1","134","80","0"
"MKWA600OS-03","14232","Shawl ""Mkwa""","","Shawl ""Mkwa""","1","134","80","0"
"","14233","MULTI STONE NAVAHOZUNI SIZE 7.5","","MULTI STONE NAVAHOZUNI SIZE 7.5","0","550","0","0"
"NIBI600OS-03","14234","Shawl ""Nibi""","","Shawl ""Nibi""","2","134","80","0"
"SAND600OS-03","14235","Shawl ""Sand""","","Shawl ""Sand""","1","134","80","0"
"FLEU600OS-03","14236","Shawl ""Fleurs""","","Shawl ""Fleurs""","1","134","80","0"
"","14237","BEADED PINK FLOWER HAIRCLIP","","BEADED PINK FLOWER HAIRCLIP","0","34.5","0","0"
"","14238","1090","","1090","0","15.95","0","0"
"","14239","bALANCE bdc 077761","","bALANCE bdc 077761","0","84.20999999999999","0","0"
"","14240","HAND BEADED MUTED COLOR FLOWER NECKLACE","","HAND BEADED MUTED COLOR FLOWER NECKLACE","0","18","0","0"
"","14241","sAUGE iMMORTELLE","","sAUGE iMMORTELLE","0","12.95","0","0"
"","14242","SMALL JADE RING","","SMALL JADE RING","0","12.95","0","0"
"","14243","SMALL CITRINE RING","","SMALL CITRINE RING","0","12.95","0","0"
"","14244","B-6118 BALLERINE L7","","B-6118 BALLERINE L7","0","72","0","0"
"","14245","cLIP ZIPPER","","cLIP ZIPPER","0","8.949999999999999","0","0"
"","14246","turquoise necklace","","turquoise necklace","0","140","0","0"
"","14247","B.O bear paw red","","B.O bear paw red","0","65","0","0"
"","14248","Gift tag","","Gift tag","0","7.45","0","0"
"","14249","P-C Quartz","","P-C Quartz","0","6.95","0","0"
"","14250","Mini card","","Mini card","0","0.95","0","0"
"","14251","Mini carte","","Mini carte","0","0.95","0","0"
"","14252","Mocassin 16301 L8","","Mocassin 16301 L8","0","150","0","0"
"","14253","Petite repro M Otter love","","Petite repro M Otter love","0","25","0","0"
"","14254","Bracelet navajo turquoise","","Bracelet navajo turquoise","0","350","0","0"
"","14255","M'otter love BDC3061149","","M'otter love BDC3061149","1","196.66","0","0"
"","14256","Balance on MERGING EARTH AND SKY","","Balance on MERGING EARTH AND SKY","0","196.66","0","0"
"","14257","plume de reponse","","plume de reponse","0","3.95","0","0"
"","14258","Small sticker","","Small sticker","0","2.6","0","0"
"","14259","SADDLEBAG W/FRINGE MOOSE","","SADDLEBAG W/FRINGE MOOSE","0","288","0","0"
"","14260","P-C pierre","","P-C pierre","0","6.95","0","0"
"","14261","patte lapin","","patte lapin","0","5","0","0"
"","14262","P-C pointe chevreuil","","P-C pointe chevreuil","0","9.949999999999999","0","0"
"","14263","Pink opal B.O 65397","","Pink opal B.O 65397","0","30","0","0"
"","14264","MF21","","MF21","0","5.45","0","0"
"","14265","MF2","","MF2","0","5.45","0","0"
"","14266","Couverture baby","","Couverture baby","0","56","0","0"
"","14267","Mini carte","","Mini carte","1","0.95","0","0"
"","14268","mINI CARTE","","mINI CARTE","0","0.95","0","0"
"","14269","B.O. Zuni","","B.O. Zuni","0","295","0","0"
"","14270","Boule Capteur Marlene","","Boule Capteur Marlene","0","42","0","0"
"","14271","Toile Lapinx A13041C","","Toile Lapinx A13041C","0","45","0","0"
"","14272","Small sticker","","Small sticker","0","2.6","0","0"
"","14273","Baby blanket/storm","","Baby blanket/storm","0","85","0","0"
"","14274","Keewatin 3 Wolf Claw Necklace","","Keewatin 3 Wolf Claw Necklace","0","56","0","0"
"","14275","Keewatin Necklage 3 small Bear Teeth","","Keewatin Necklage 3 small Bear Teeth","0","30","0","0"
"","14276","Keewatin 3 Small Wolf Teeth Necklace","","Keewatin 3 Small Wolf Teeth Necklace","0","30","0","0"
"","14277","shipping","","shipping","1","20","0","0"
"","14278","shipping","","shipping","0","20","0","0"
"","14279","Sac drum","","Sac drum","0","220","0","0"
"","14280","Medicine Pouch","","Medicine Pouch","1","19","0","0"
"","14281","Medicine Pouch","","Medicine Pouch","0","10","0","0"
"","14282","Ornement Capteur Marlene","","Ornement Capteur Marlene","0","48.45","0","0"
"","14283","Lapis Lazuli Stud Earrings","","Lapis Lazuli Stud Earrings","0","25","0","0"
"","14284","Baby Seal Key Chain","","Baby Seal Key Chain","0","13.5","0","0"
"","14285","Green Opalite Studs","","Green Opalite Studs","0","85","0","0"
"PROTECTEUR_AQUA","14286","Aqua Armor","","Aqua Armor","4","38","22","0"
"","14287","baby wrap mocassins size6","","baby wrap mocassins size6","0","70","0","0"
"","14288","pierres dinquitude","","pierres dinquitude","0","2.95","0","0"
"","14289","Copper embossed ring","","Copper embossed ring","0","20","0","0"
"","14290","WR901","","WR901","0","0","0","0"
"","14291","WR903","","WR903","0","9.949999999999999","0","0"
"","14292","BP3BL","","BP3BL","0","270","0","0"
"","14293","Medicine Pouch","","Medicine Pouch","0","13","0","0"
"","14298","Collier Perles","","Collier Perles","0","14","0","0"
"","14299","Collier Perles","","Collier Perles","0","14","0","0"
"","14300","Bilodeau Red Fox Pom-pom toque","","Bilodeau Red Fox Pom-pom toque","0","45","0","0"
"","14301","mother love print","","mother love print","0","25","0","0"
"","14302","ASH603","","ASH603","0","21","0","0"
"","14303","COLLIER DE 3 GRIFFES DE LOUP","","COLLIER DE 3 GRIFFES DE LOUP","0","56","0","0"
"","14304","CANDLE MEDICINE WHEEL","","CANDLE MEDICINE WHEEL","0","25","0","0"
"","14305","RABBIT","","RABBIT","0","18","0","0"
"","14306","SILVER PORTE CARTE LIBELULE","","SILVER PORTE CARTE LIBELULE","0","26","0","0"
"","14307","MF2","","MF2","0","5.45","0","0"
"","14308","RED WOOD INCENSE INTERTWINED","","RED WOOD INCENSE INTERTWINED","0","11.95","0","0"
"","14309","B.O. argent","","B.O. argent","1","120","0","0"
"","14310","Pochette cuir SIOUI","","Pochette cuir SIOUI","1","19","0","0"
"","14311","Pochette cuir SIOUI","","Pochette cuir SIOUI","0","19","0","0"
"","14312","B.O. Argent","","B.O. Argent","1","120","0","0"
"","14313","Silver Labradorite Link Bracelet","","Silver Labradorite Link Bracelet","0","195","0","0"
"","14314","Ring abalone size 5","","Ring abalone size 5","0","95","0","0"
"","14315","Dépot - Chandail Silent seekers","","Dépot - Chandail Silent seekers","0","26.09","0","0"
"","14316","POD254522 215 BETTY ALBERT STICKER","","POD254522 215 BETTY ALBERT STICKER","1","0","0","0"
"","14317","STICKERS SMALL","","STICKERS SMALL","0","2.6","0","0"
"","14318","STICKER SMALL","","STICKER SMALL","0","2.6","0","0"
"","14319","Collier argent liquide 16'' 20brins","","Collier argent liquide 16'' 20brins","1","43.49","0","0"
"","14320","Châle MKWA","","Châle MKWA","0","134","0","0"
"","14321","Montre opale","","Montre opale","1","240","0","0"
"","14322","Montre opale","","Montre opale","0","240","0","0"
"","14323","Bague sterling silver et turquoise","","Bague sterling silver et turquoise","0","165","0","0"
"","14324","ARTISANAT INDIEN MICHEL SIOUI POUCH SMALL","","ARTISANAT INDIEN MICHEL SIOUI POUCH SMALL","0","19","0","0"
"","14325","BASTIEN INDUSTRIES POUCH 602","","BASTIEN INDUSTRIES POUCH 602","0","18","0","0"
"","14326","Wallet KHEWA","","Wallet KHEWA","0","18","0","0"
"","14327","PANTOUFLES CUIR DAMES 8 1700-0008-43CK CUSTOM","","PANTOUFLES CUIR DAMES 8 1700-0008-43CK CUSTOM","0","153","0","0"
"","14328","Collier argent liquide 16'' 20brins","","Collier argent liquide 16'' 20brins","1","43.49","0","0"
"","14329","Mini card - carried away","","Mini card - carried away","0","0.95","0","0"
"","14330","BDC 077792 - Deposit","","BDC 077792 - Deposit","0","55","0","0"
"","14331","sterling silver ring","","sterling silver ring","0","345","0","0"
"","14332","ring hematite","","ring hematite","0","12.95","0","0"
"","14333","Frais d'envoi","","Frais d'envoi","0","30","0","0"
"","14334","Key chain stone","","Key chain stone","0","6.95","0","0"
"","14335","Collier - griffe de lynx","","Collier - griffe de lynx","0","32","0","0"
"","14336","Sweetgrass 24i. ID1090","","Sweetgrass 24i. ID1090","0","15.95","0","0"
"","14337","Moccasin 64817","","Moccasin 64817","0","90","0","0"
"","14338","Kokopelli","","Kokopelli","0","125","0","0"
"","14339","mink bracelet","","mink bracelet","0","22","0","0"
"","14340","mink bracelet","","mink bracelet","0","24","0","0"
"","14341","pochette medicinale","","pochette medicinale","0","13","0","0"
"","14342","Mini tambour OURS","","Mini tambour OURS","0","115","0","0"
"","14343","Beaded bracelet","","Beaded bracelet","0","9","0","0"
"","14344","Sac Hides in Hand","","Sac Hides in Hand","0","122","0","0"
"","14345","Plume ceramique","","Plume ceramique","0","16","0","0"
"","14346","Plume ceramique blueu","","Plume ceramique blueu","0","16","0","0"
"","14347","test","","test","1","3","0","0"
"","14348","Peau de lapin","","Peau de lapin","0","18","0","0"
"","14349","Boucle Oreille custom","","Boucle Oreille custom","1","70","0","0"
"","14350","collier Navaho multistones","","collier Navaho multistones","1","205","0","0"
"","14351","collier multistone","","collier multistone","0","205","0","0"
"","14352","bo","","bo","0","70","0","0"
"","14353","DC15M-P","","DC15M-P","0","9.949999999999999","0","0"
"","14354","Semelle S 7-8-9 Mouton","","Semelle S 7-8-9 Mouton","0","18.95","0","0"
"","14355","Mini carte New Day","","Mini carte New Day","0","0.95","0","0"
"","14356","Tomahawk","","Tomahawk","1","205","0","0"
"","14357","vase caraffe","","vase caraffe","0","42","0","0"
"","14358","1","","1","1","0","0","0"
"","14359","Mini carte de souhait","","Mini carte de souhait","0","0.95","0","0"
"","14360","mini carte de souhait","","mini carte de souhait","0","0.95","0","0"
"","14361","Mini carte de souhait","","Mini carte de souhait","0","0.95","0","0"
"","14362","mini carte de souhait","","mini carte de souhait","0","0.95","0","0"
"","14363","eaux magnifique custum","","eaux magnifique custum","0","4","0","0"
"","14364","Savon custom tabac 1oz","","Savon custom tabac 1oz","0","4","0","0"
"","14365","Mèere des pierres 1 oz custom","","Mèere des pierres 1 oz custom","0","4","0","0"
"","14366","porte bébé 1 oz custom","","porte bébé 1 oz custom","0","4","0","0"
"","14367","cèdre savon 1 oz custom","","cèdre savon 1 oz custom","0","4","0","0"
"","14368","Dc","","Dc","0","8.699999999999999","0","0"
"","14369","Bear Claw Necklace","","Bear Claw Necklace","0","40","0","0"
"","14370","Boite Boma Haida 65048 04079","","Boite Boma Haida 65048 04079","0","30","0","0"
"","14371","Boite Boma Haida 65048 04079","","Boite Boma Haida 65048 04079","0","30","0","0"
"","14372","Box 5 Boma 65048 04096","","Box 5 Boma 65048 04096","0","69","0","0"
"","14373","Mini carte Coutou","","Mini carte Coutou","0","0.95","0","0"
"","14374","Mini carte Coutou","","Mini carte Coutou","0","0.95","0","0"
"","14375","Mini carte Coutou","","Mini carte Coutou","0","0.95","0","0"
"","14376","Mini carte Coutou","","Mini carte Coutou","0","0.95","0","0"
"","14377","Mini carte Coutou","","Mini carte Coutou","0","0.95","0","0"
"","14378","Collier Fleche","","Collier Fleche","0","105","0","0"
"","14379","Carte Nathalie Coutou","","Carte Nathalie Coutou","0","5.5","0","0"
"","14380","Carte Nathalie Coutou","","Carte Nathalie Coutou","0","5.5","0","0"
"","14381","Carte Nathalie Coutou","","Carte Nathalie Coutou","0","5.5","0","0"
"","14382","Cardigan Nikki En Quete du Silence 2X","","Cardigan Nikki En Quete du Silence 2X","0","159","0","0"
"","14383","Sauge palo santo","","Sauge palo santo","0","19.5","0","0"
"","14384","coquille d'ormeau","","coquille d'ormeau","0","38","0","0"
"","14385","MINI CARTE DART","","MINI CARTE DART","1","95","0","0"
"","14386","MINI CARTE DART","","MINI CARTE DART","0","0.95","0","0"
"","14387","Montre fleur turquoise","","Montre fleur turquoise","0","515","0","0"
"","14388","VS12 brun","","VS12 brun","0","20.95","0","0"
"","14389","BEADED ANKLET ROUGE ET VERT","","BEADED ANKLET ROUGE ET VERT","0","16","0","0"
"","14390","ANKLET","","ANKLET","0","16","0","0"
"","14391","Petite repro canevas M'Otter Love","","Petite repro canevas M'Otter Love","0","55","0","0"
"","14392","ancklace","","ancklace","0","16","0","0"
"","14393","bracelet perle","","bracelet perle","0","12","0","0"
"","14394","turquoise small circle earrings sterling silver","","turquoise small circle earrings sterling silver","0","45","0","0"
"","14395","sauge baton","","sauge baton","0","20","0","0"
"","14396","83156-7","","83156-7","0","115","0","0"
"","14397","MF1","","MF1","0","3.95","0","0"
"","14398","HBFPS-ST SAC hides in hand","","HBFPS-ST SAC hides in hand","0","220","0","0"
"","14399","DC1010P","","DC1010P","0","10.95","0","0"
"","14401","Bracelet beads","","Bracelet beads","0","9","0","0"
"","14402","Canoe chandelle","","Canoe chandelle","0","82","0","0"
"","14403","Balance BDC077789","","Balance BDC077789","0","62.9","0","0"
"","14404","Mini card","","Mini card","0","0.95","0","0"
"","14405","Mocassin suede noir L6","","Mocassin suede noir L6","0","92","0","0"
"","14406","Mocassin 189 M8","","Mocassin 189 M8","0","103","0","0"
"","14407","Bague Argent Turquoise 83156-6","","Bague Argent Turquoise 83156-6","0","115","0","0"
"","14408","Silver Embossed Ring","","Silver Embossed Ring","0","60","0","0"
"","14409","Turquoise Stud Earrings","","Turquoise Stud Earrings","0","45","0","0"
"","14411","Alpha Micqaela Jones","","Alpha Micqaela Jones","0","40","0","0"
"","14412","Wolf and Hummingbird Encouter Micqaela Jones","","Wolf and Hummingbird Encouter Micqaela Jones","0","40","0","0"
"Mini carte -NC","14413","Mini Card NC","","Mini Card NC","9","0.95","0.4","0"
"","14414","Connoisseurs","","Connoisseurs","0","16.25","0","0"
"","14415","Inukshuk","","Inukshuk","0","36","0","0"
"","14416","Inukshuk","","Inukshuk","0","27","0","0"
"","14417","Inukshuk","","Inukshuk","0","27","0","0"
"","14418","baby minitipi blanket","","baby minitipi blanket","0","85","0","0"
"","14419","Mocassin 13673 L BDC 077778","","Mocassin 13673 L BDC 077778","0","128","0","0"
"","14420","rabbit foot","","rabbit foot","0","5","0","0"
"","14421","Collier Keewatin","","Collier Keewatin","0","30","0","0"
"","14422","Porte clee piment fort","","Porte clee piment fort","0","8","0","0"
"","14423","keewatin collier dune griffe de lynx avec lacet de cuir de chevreuil","","keewatin collier dune griffe de lynx avec lacet de cuir de chevreuil","0","29","0","0"
"","14424","Pendentif Croix Turquoise","","Pendentif Croix Turquoise","0","130","0","0"
"","14425","B.O. Tortues 64670","","B.O. Tortues 64670","0","18","0","0"
"","14426","Fox tail","","Fox tail","0","13","0","0"
"","14427","malachite 8mm","","malachite 8mm","0","59","0","0"
"","14428","Bague de meditation","","Bague de meditation","0","90","0","0"
"","14429","Auto-collant","","Auto-collant","0","3.25","0","0"
"","14430","Auto-collant","","Auto-collant","0","3.25","0","0"
"","14431","kokopeli pendantif noir","","kokopeli pendantif noir","0","220","0","0"
"","14432","Moc 1700-0008-43CK 8","","Moc 1700-0008-43CK 8","0","153","0","0"
"","14433","CAP TOILE snow geese return","","CAP TOILE snow geese return","0","40","0","0"
"","14434","Mini mocassin","","Mini mocassin","0","92","0","0"
"","14435","orange shirt with feathers","","orange shirt with feathers","0","16","0","0"
"","14436","plume de reponse","","plume de reponse","0","3.95","0","0"
"","14437","plume de reponse protection","","plume de reponse protection","0","3.95","0","0"
"THUN600OS-07","14438","Sherpa Baby Blanket ""Thunderbird"" Blanket","","Sherpa Baby Blanket ""Thunderbird"" Blanket","1","85","51","0"
"FLEU620OS-02","14439","""Fleurs"" Wool Blanket","","""Fleurs"" Wool Blanket","2","289","164","0"
"","14440","Collier Inukshuk","","Collier Inukshuk","0","14","0","0"
"","14441","Baton tambour ♥","","Baton tambour ♥","0","35","0","0"
"","14442","Navajo pendant","","Navajo pendant","0","255","0","0"
"","14443","Turquoise Necklace","","Turquoise Necklace","0","85","0","0"
"","14445","Anklet bracelet","","Anklet bracelet","0","9","0","0"
"","14446","Pochette KR rouge","","Pochette KR rouge","0","20","0","0"
"","14447","Small sticker","","Small sticker","0","2.6","0","0"
"","14448","Collier","","Collier","0","10.95","0","0"
"","14449","Petit collant","","Petit collant","0","2.6","0","0"
"00-04-201","14450","Seal Spirit Box","","Seal Spirit Box","0","120","52","0"
"00-04-472","14451","Bear Spirit Box","","Bear Spirit Box","1","83","36","0"
"00-04-471","14452","Wolf Spirit Box","","Wolf Spirit Box","0","83","36","0"
"00-04-081","14453","Seal Box","","Seal Box","1","53","23","0"
"00-06-301","14454","Salmon Box","","Salmon Box","1","115","50","0"
"00-04-079","14455","West Coast Design Box","","West Coast Design Box","0","30","13","0"
"00-04-096","14456","West Coast Design Box","","West Coast Design Box","1","70","30","0"
"00-04-478","14457","West Coast Design Box","","West Coast Design Box","0","97","42","0"
"Inukshuk","14458","Inukshuk","10499","Size - 2.5""","5","27","0","0"
"Inukshuk","14458","Inukshuk","10500","Size - 3""","6","36","0","0"
"Inukshuk","14458","Inukshuk","10501","Size - 4""","2","54","0","0"
"Inukshuk","14458","Inukshuk","10502","Size - 5.5""","2","71","0","0"
"Inukshuk","14458","Inukshuk","10503","Size - 7""","0","94","0","0"
"Inukshuk","14458","Inukshuk","10504","Size - 9""","0","130","0","0"
"Inukshuk","14458","Inukshuk","10505","Size - 12""","1","220","0","0"
"Inukshuk","14458","Inukshuk","10506","Size - 14""","1","275","0","0"
"","14459","Bracelet Rainbow moonstone","","Bracelet Rainbow moonstone","0","46","0","0"
"00-04-474","14460","West Coast Design Box","","West Coast Design Box","0","46","20","0"
"","14461","Sweetgrass Mist","","Sweetgrass Mist","0","15","0","0"
"","14462","Collier perles","","Collier perles","0","18","0","0"
"","14463","Boucles d'oreilles Zuni Turquoise/corail/jet/nacre","","Boucles d'oreilles Zuni Turquoise/corail/jet/nacre","0","125","0","0"
"","14464","Sticker","","Sticker","0","2.6","0","0"
"","14465","Pochette de médecine","","Pochette de médecine","1","13","0","0"
"","14466","Pochette médecine","","Pochette médecine","0","13","0","0"
"","14467","Carte Premier Printemps","","Carte Premier Printemps","0","4.95","0","0"
"","14468","Buffalo Skin Drum 15''","","Buffalo Skin Drum 15''","0","360","0","0"
"","14469","Medicine Bag","","Medicine Bag","1","19","0","0"
"","14470","Medicine pouch","","Medicine pouch","0","19","0","0"
"","14471","Medicine pouch","","Medicine pouch","0","19","0","0"
"","14472","Medicine pouch","","Medicine pouch","0","19","0","0"
"","14473","Bear Tooth Necklace","","Bear Tooth Necklace","0","60","0","0"
"","14474","Medicine pouch","","Medicine pouch","1","19","0","0"
"","14475","White Buffalo Turquoise Pendant","","White Buffalo Turquoise Pendant","0","250","0","0"
"","14476","Onix and Buffalo Turquoise Necklace","","Onix and Buffalo Turquoise Necklace","0","295","0","0"
"","14477","Medicine pouch","","Medicine pouch","0","19","0","0"
"","14478","Ornement Plume Every Child Matters","","Ornement Plume Every Child Matters","0","16","0","0"
"","14479","Papoose","","Papoose","0","35","0","0"
"","14480","Answer Feather","","Answer Feather","0","3.95","0","0"
"","14481","PDC de poche","","PDC de poche","0","5.95","0","0"
"","14482","PDC de poche","","PDC de poche","0","5.95","0","0"
"","14483","Aimants","","Aimants","0","6.5","0","0"
"","14484","Bracelet Rhodochrosite","","Bracelet Rhodochrosite","0","30","0","0"
"","14485","Stud double coeur turq.","","Stud double coeur turq.","0","30","0","0"
"","14486","aimant dart","","aimant dart","0","6.5","0","0"
"","14487","Pendant labradorite","","Pendant labradorite","0","135","0","0"
"","14488","Chaine OBX 20pcs","","Chaine OBX 20pcs","0","68","0","0"
"","14489","BDC 077796 mocassin","","BDC 077796 mocassin","0","104.95","0","0"
"","14490","Medicine Pipe","","Medicine Pipe","1","126","0","0"
"","14491","Ceremonial Pipe","","Ceremonial Pipe","0","126","0","0"
"","14492","Mocassins 8","","Mocassins 8","0","145","0","0"
"","14493","Navaho Multi Stone Earrings","","Navaho Multi Stone Earrings","0","95","0","0"
"","14494","Star Studs","","Star Studs","1","18","0","0"
"","14495","boucles étoile argent","","boucles étoile argent","0","18","0","0"
"","14496","Bear Claw Necklace","","Bear Claw Necklace","0","52","0","0"
"","14497","collier dent castor keewatin","","collier dent castor keewatin","0","30","0","0"
"","14498","Pierre polie","","Pierre polie","0","0.95","0","0"
"","14499","Pierre polies","","Pierre polies","0","0.95","0","0"
"","14500","Pendant Plume PL22A","","Pendant Plume PL22A","0","440","0","0"
"","14501","Rattle moose hide","","Rattle moose hide","0","120","0","0"
"","14502","Conche 180LEPE8","","Conche 180LEPE8","0","210","0","0"
"","14503","Drum stick","","Drum stick","0","35","0","0"
"","14504","Cadre All my relations","","Cadre All my relations","0","40","0","0"
"","14505","Ours Zuni Onix et Turquoise","","Ours Zuni Onix et Turquoise","0","185","0","0"
"","14506","Turquoise Studs","","Turquoise Studs","0","25","0","0"
"","14507","Lapis Lazuli Ring","","Lapis Lazuli Ring","1","225","0","0"
"","14508","Turquoise Sterling Ring","","Turquoise Sterling Ring","0","115","0","0"
"","14509","B.O. Niska Hérons","","B.O. Niska Hérons","0","9.25","0","0"
"","14510","60154004996","","60154004996","1","0","0","0"
"","14511","Silver Horse Pendant with Invisible Wings ♥","","Silver Horse Pendant with Invisible Wings ♥","0","40","0","0"
"","14512","boucles oreille beryl vert 64792","","boucles oreille beryl vert 64792","0","70","0","0"
"","14513","boucle oreille stud Zuni","","boucle oreille stud Zuni","0","175","0","0"
"","14514","Mamma Bear Black Leather Tassel and Feather Skirt","","Mamma Bear Black Leather Tassel and Feather Skirt","0","475","0","0"
"","14515","B.O. Cheval et Turquoise","","B.O. Cheval et Turquoise","0","90","0","0"
"","14516","water drum birch deer","","water drum birch deer","0","200","0","0"
"","14517","Bear Mateo Rattle","","Bear Mateo Rattle","1","152","0","0"
"","14518","Mateo Bear Rattle","","Mateo Bear Rattle","0","152","0","0"
"","14519","Pochettes Khewa","","Pochettes Khewa","0","18","0","0"
"","14520","Embossed Copper Ring sz 12","","Embossed Copper Ring sz 12","0","20","0","0"
"","14521","Blue Stone Ring","","Blue Stone Ring","0","12.95","0","0"
"","14522","canoe ornament","","canoe ornament","0","25","0","0"
"","14523","animale totem castor foururre recyclye","","animale totem castor foururre recyclye","0","39","0","0"
"","14524","DC1603","","DC1603","0","16.95","0","0"
"","14525","Zuni Turquoise Heart Studs","","Zuni Turquoise Heart Studs","0","30","0","0"
"","14526","HBANITA-FRRD with Fringe RED","","HBANITA-FRRD with Fringe RED","0","355","0","0"
"","14527","DC849","","DC849","0","41.95","0","0"
"","14528","Peau lapin","","Peau lapin","0","18","0","0"
"","14529","peau lapin","","peau lapin","0","18","0","0"
"","14530","mukluk","","mukluk","0","450","0","0"
"","14531","Don","","Don","0","5","0","0"
"","14532","roue de medecine en verre","","roue de medecine en verre","0","16","0","0"
"","14533","roue de medecine en verre","","roue de medecine en verre","0","16","0","0"
"","14534","mini carte","","mini carte","0","0.95","0","0"
"","14535","Mini","","Mini","0","0.95","0","0"
"","14536","pierre de fee","","pierre de fee","0","17.39","0","0"
"","14537","red clover mist CUSTOM","","red clover mist CUSTOM","0","20","0","0"
"","14538","boucles oreille studs turquoise 65569","","boucles oreille studs turquoise 65569","0","48","0","0"
"","14539","bracelet perle S","","bracelet perle S","0","9","0","0"
"","14540","bougie canoe brun","","bougie canoe brun","0","48.45","0","0"
"","14541","ours inuit en verre","","ours inuit en verre","0","90","0","0"
"","14542","Charoite 83844 - 8 Silver Ring","","Charoite 83844 - 8 Silver Ring","0","105","0","0"
"","14543","Peau de lapin beige brune","","Peau de lapin beige brune","0","18","0","0"
"","14544","boucle d'oreille turquoise","","boucle d'oreille turquoise","0","140","0","0"
"","14545","collier de turquoise","","collier de turquoise","0","400","0","0"
"","14546","bague turquoise size 9.25","","bague turquoise size 9.25","1","0","0","0"
"","14547","bague turquoise size 9.25","","bague turquoise size 9.25","0","245","0","0"
"","14548","anckle bracelet","","anckle bracelet","0","16","0","0"
"","14549","Collier Dent d'Ours","","Collier Dent d'Ours","0","58","0","0"
"","14551","Carte Coutou","","Carte Coutou","0","6.35","0","0"
"","14552","B.O. Plume Zuni","","B.O. Plume Zuni","0","115","0","0"
"","14553","Boucing Dear Hide Tree Bark Dye Drum ♥","","Boucing Dear Hide Tree Bark Dye Drum ♥","0","225","0","0"
"","14554","Collant Northern Keepers","","Collant Northern Keepers","0","2.6","0","0"
"","14555","Stickers","","Stickers","0","2.6","0","0"
"","14556","Stick","","Stick","2","0","0","0"
"","14557","Stick","","Stick","0","2.6","0","0"
"","14558","hers","","hers","0","2.6","0","0"
"","14559","Savon 3 soeurs","","Savon 3 soeurs","0","4","0","0"
"","14560","Medecine pouch","","Medecine pouch","0","19","0","0"
"","14561","DONATION","","DONATION","0","20","0","0"
"","14562","DONATION","","DONATION","0","20","0","0"
"","14563","Collier Dent de Loup","","Collier Dent de Loup","0","60","0","0"
"","14564","Shipping","","Shipping","1","20","0","0"
"","14565","Shipping","","Shipping","0","20","0","0"
"","14566","DONATION","","DONATION","0","20","0","0"
"","14567","330RA RACOON HAT GL","","330RA RACOON HAT GL","0","150","0","0"
"","14568","BRACELT HAND BEADED  FLEURS","","BRACELT HAND BEADED  FLEURS","0","9","0","0"
"","14569","hIDES IN hAND 99-BABY-WRAP-TQ","","hIDES IN hAND 99-BABY-WRAP-TQ","0","75","0","0"
"","14570","New Day","","New Day","0","2.6","0","0"
"","14571","short animal turquoise necklace","","short animal turquoise necklace","0","115","0","0"
"","14572","Veilleuse mocassin","","Veilleuse mocassin","0","65","0","0"
"","14573","Tomahak","","Tomahak","0","205","0","0"
"","14574","Concho 137597 M8","","Concho 137597 M8","0","190","0","0"
"","14575","Sweet grass","","Sweet grass","0","15.95","0","0"
"","14576","mocassin en ceramic","","mocassin en ceramic","0","22","0","0"
"","14577","Set collier","","Set collier","0","49","0","0"
"","14578","P-C coyote","","P-C coyote","0","14.95","0","0"
"","14579","Cadre Dans son monde","","Cadre Dans son monde","0","45","0","0"
"","14580","coyote tooth necklace","","coyote tooth necklace","0","40","0","0"
"","14581","3 wolf claw necklace","","3 wolf claw necklace","0","56","0","0"
"","14582","bear claw necklace","","bear claw necklace","0","40","0","0"
"","14583","beaver tooth necklace","","beaver tooth necklace","0","30","0","0"
"","14584","3 fox claw necklace","","3 fox claw necklace","0","30","0","0"
"","14585","medicine wheel  candle","","medicine wheel  candle","0","25","0","0"
"","14586","Silver and Leather Bracelet","","Silver and Leather Bracelet","0","70","0","0"
"","14587","Chaine F8020","","Chaine F8020","0","55","0","0"
"","14588","Barrette beads","","Barrette beads","0","27","0","0"
"","14589","Bracelet Cheville","","Bracelet Cheville","0","16","0","0"
"","14590","MF21","","MF21","0","5.45","0","0"
"","14591","* X 10 River Keeper","","* X 10 River Keeper","0","25","0","0"
"","14592","B.O. 64409 Etoiles","","B.O. 64409 Etoiles","0","16","0","0"
"","14593","Lapis Lazuli stud earrings","","Lapis Lazuli stud earrings","0","30","0","0"
"","14594","Lynx Claw","","Lynx Claw","0","29","0","0"
"","14596","Gants K-112-NA M","","Gants K-112-NA M","0","99.5","0","0"
"21188","14597","Leather Bootie for Men","10547","Shoe Size - 6","0","155","70","0"
"21188","14597","Leather Bootie for Men","10548","Shoe Size - 7","0","155","70","0"
"21188","14597","Leather Bootie for Men","10549","Shoe Size - 8","1","155","70","0"
"21188","14597","Leather Bootie for Men","10550","Shoe Size - 9","1","155","70","0"
"21188","14597","Leather Bootie for Men","10551","Shoe Size - 10","0","155","70","0"
"21188","14597","Leather Bootie for Men","10552","Shoe Size - 11","0","155","70","0"
"21188","14597","Leather Bootie for Men","10553","Shoe Size - 12","0","155","70","0"
"21188","14597","Leather Bootie for Men","10554","Shoe Size - 13","0","155","70","0"
"","14598","Dcc20P custom","","Dcc20P custom","0","20.95","0","0"
"A16058-WPA1301NC04A","14601","Brooke Jogger ""Silent Seekers""","10562","Size - XS","1","159","63.5","0"
"A16058-WPA1301NC04A","14601","Brooke Jogger ""Silent Seekers""","10563","Size - S","1","159","63.5","0"
"A16058-WPA1301NC04A","14601","Brooke Jogger ""Silent Seekers""","10564","Size - M","1","159","63.5","0"
"A16058-WPA1301NC04A","14601","Brooke Jogger ""Silent Seekers""","10565","Size - L","0","159","63.5","0"
"A16058-WPA1301NC04A","14601","Brooke Jogger ""Silent Seekers""","10566","Size - XL","0","159","63.5","0"
"","14602","baby papoose","","baby papoose","0","35","0","0"
"W13026-UAC6301NC1DA","14603","Céleste Place Mat ""In Her World""","","Céleste Place Mat ""In Her World""","2","15","6.5","0"
"","14604","tuque","","tuque","0","45","0","0"
"","14605","Sage/palo santo","","Sage/palo santo","0","19.5","0","0"
"","14606","Collier coyote griffe 212C","","Collier coyote griffe 212C","0","43","0","0"
"","14607","Mocassin semelle mouton M9","","Mocassin semelle mouton M9","0","163","0","0"
"","14608","Bacpac BP9RED","","Bacpac BP9RED","1","310","0","0"
"","14609","BP9RED","","BP9RED","0","310","0","0"
"","14610","Jonc","","Jonc","0","12.95","0","0"
"","14611","Jonc cuivre","","Jonc cuivre","0","18","0","0"
"","14612","rose quartz earrings","","rose quartz earrings","0","25","0","0"
"","14613","small sticker","","small sticker","0","2.6","0","0"
"","14614","truth by John Rombough","","truth by John Rombough","1","180","0","0"
"","14615","ancklace","","ancklace","1","16","0","0"
"","14616","Truth by John Rombough","","Truth by John Rombough","0","180","0","0"
"","14617","ancklace perles","","ancklace perles","0","16","0","0"
"","14618","MF1 plume","","MF1 plume","0","5.45","0","0"
"STICKER-CAPX2","14619","Stickers CAP","10569","Size - S","91","2.6","0","1"
"STICKER-CAPX2","14619","Stickers CAP","10570","Size - L","74","3.25","0","1"
"TURTLE","14620","Turtle","","Turtle","1","55","30","0"
"CBH","14621","Candle Bowls Hollow","","Candle Bowls Hollow","1","48.45","24","0"
"","14622","Change 602","","Change 602","0","18","0","0"
"PMW","14623","Platters ""Medicine Wheel""","","Platters ""Medicine Wheel""","0","82","40","0"
"","14624","Silver Chain STC 20 inches","","Silver Chain STC 20 inches","0","33","0","0"
"","14625","Chandelle Sequoia Foin d'Odeur 60hrs","","Chandelle Sequoia Foin d'Odeur 60hrs","1","28","0","0"
"GENC","14626","Gift Enclosures - Mini cards pack of 8","10571","Art - Carried Away","5","7.45","3.25","0"
"GENC","14626","Gift Enclosures - Mini cards pack of 8","10572","Art - Depth","6","7.45","3.25","0"
"GENC","14626","Gift Enclosures - Mini cards pack of 8","10573","Art - Gezaluwejit","13","7.45","3.25","0"
"GENC","14626","Gift Enclosures - Mini cards pack of 8","10574","Art - Going Home","10","7.45","3.25","0"
"GENC","14626","Gift Enclosures - Mini cards pack of 8","10575","Art - Lapynx","16","7.45","3.25","0"
"GENC","14626","Gift Enclosures - Mini cards pack of 8","10576","Art - New Day","7","7.45","3.25","0"
"GENC","14626","Gift Enclosures - Mini cards pack of 8","10577","Art - Northern Keepers","11","7.45","3.25","0"
"GENC","14626","Gift Enclosures - Mini cards pack of 8","10578","Art - Passage","4","7.45","3.25","0"
"GENC","14626","Gift Enclosures - Mini cards pack of 8","10579","Art - River Keeper","11","7.45","3.25","0"
"GENC","14626","Gift Enclosures - Mini cards pack of 8","10580","Art - Silent Seekers","9","7.45","3.25","0"
"GENC","14626","Gift Enclosures - Mini cards pack of 8","10581","Art - Synchronicity","11","7.45","3.25","0"
"GENC","14626","Gift Enclosures - Mini cards pack of 8","10582","Art - Wisdom Keepers","7","7.45","3.25","0"
"","14627","BDC 077792 Sacoche Bandouliere 6504854387","","BDC 077792 Sacoche Bandouliere 6504854387","0","55","0","0"
"","14628","Bague turquoise 83156-7","","Bague turquoise 83156-7","0","115","0","0"
"","14629","Mitaines Hides in  Hand Noir 230WHFUREP1FXL","","Mitaines Hides in  Hand Noir 230WHFUREP1FXL","0","198","0","0"
"","14630","Mitaines Hides in  Hand Blanc 230BLFUREP1FM","","Mitaines Hides in  Hand Blanc 230BLFUREP1FM","0","198","0","0"
"","14631","Chapeau Raton L","","Chapeau Raton L","0","150","0","0"
"","14632","Pendentif Turquoise et argent 74091","","Pendentif Turquoise et argent 74091","0","120","0","0"
"","14633","Collier Fleche","","Collier Fleche","0","130","0","0"
"","14634","Zuni Spiral Turquoise Earrings","","Zuni Spiral Turquoise Earrings","0","195","0","0"
"","14635","Empreintes","","Empreintes","0","25","0","0"
"","14636","Himmingbird in Fligth Pewter and Silver Alloy","","Himmingbird in Fligth Pewter and Silver Alloy","0","82","0","0"
"","14637","Bague Hopi Charoite Argent STerling","","Bague Hopi Charoite Argent STerling","0","95","0","0"
"","14638","Union Drum Stick","","Union Drum Stick","0","32","0","0"
"","14639","Montre Zuni Turquoise et Opalite","","Montre Zuni Turquoise et Opalite","1","240","0","0"
"","14640","Montre Zuni Turquoise et Opalite","","Montre Zuni Turquoise et Opalite","1","240","0","0"
"","14641","Dent de coyote","","Dent de coyote","0","40","0","0"
"","14642","Turquoise and Opalite Zuni Watch","","Turquoise and Opalite Zuni Watch","0","240","0","0"
"","14643","Boucle d'oreilles turquoises","","Boucle d'oreilles turquoises","0","140","0","0"
"","14644","Blue Tiger Eye Bracelet","","Blue Tiger Eye Bracelet","0","49","0","0"
"","14645","shipping","","shipping","2","18.25","0","0"
"","14646","0.24","","0.24","1","0","0","0"
"","14647","frais pour envoi custom","","frais pour envoi custom","1","18.25","0","0"
"","14648","test","","test","1","0","0","0"
"","14649","payment test","","payment test","1","0","0","0"
"","14650","frais ajustement poste","","frais ajustement poste","1","18.25","0","0"
"","14651","test","","test","1","1","0","0"
"","14652","item de fin de soiree","","item de fin de soiree","0","187.26","0","0"
"","14653","Medecine pouch","","Medecine pouch","0","19","0","0"
"","14654","Leather gloves Med.","","Leather gloves Med.","0","99.5","0","0"
"","14655","Bol haida","","Bol haida","0","254","0","0"
"","14656","Peau de lapin","","Peau de lapin","0","18","0","0"
"","14657","Mocassin 3474 M11","","Mocassin 3474 M11","0","205","0","0"
"","14658","Horizon pillow","","Horizon pillow","0","49","0","0"
"","14659","Horizon pillow","","Horizon pillow","0","49","0","0"
"4DIR700-10","14661","Hoodie Poncho ""Four Directions""","10583","Size - S","1","209","120","0"
"4DIR700-10","14661","Hoodie Poncho ""Four Directions""","10584","Size - M","2","209","120","0"
"4DIR700-10","14661","Hoodie Poncho ""Four Directions""","10585","Size - L","1","209","120","0"
"4DIR700-10","14661","Hoodie Poncho ""Four Directions""","10586","Size - XL","1","209","120","0"
"THUN700-10","14662","Hoodie Poncho ""Thunderbird""","10587","Size - S","0","209","120","0"
"THUN700-10","14662","Hoodie Poncho ""Thunderbird""","10588","Size - M","2","209","120","0"
"THUN700-10","14662","Hoodie Poncho ""Thunderbird""","10589","Size - L","1","209","120","0"
"THUN700-10","14662","Hoodie Poncho ""Thunderbird""","10590","Size - XL","1","209","120","0"
"","14663","Seal skin boots L8","","Seal skin boots L8","0","525","0","0"
"","14664","Mitts K-310-WH  SM","","Mitts K-310-WH  SM","0","194","0","0"
"","14665","Mukluk WHT L8","","Mukluk WHT L8","0","279.95","0","0"
"AQUA600OS-01","14666","""Aqua Woodland"" Blanket","","""Aqua Woodland"" Blanket","1","189","105","0"
"CONN600OS-01","14667","""Connections"" Blanket","","""Connections"" Blanket","0","189","105","0"
"CERE600OS-01","14668","""Ceremony"" Blanket","","""Ceremony"" Blanket","4","189","105","0"
"","14669","Bracelet Malachite","","Bracelet Malachite","0","59","0","0"
"","14670","Bracelet Turquoise Sud-Ouest","","Bracelet Turquoise Sud-Ouest","0","60","0","0"
"","14671","Bracelet","","Bracelet","0","9","0","0"
"","14672","Bdc 620166 Depot mia","","Bdc 620166 Depot mia","0","50","0","0"
"","14673","Cousin Bastien Journee..","","Cousin Bastien Journee..","0","45","0","0"
"","14674","B.O étoile mer 64409","","B.O étoile mer 64409","0","16","0","0"
"","14675","Denim turquoise zuni heart P25A","","Denim turquoise zuni heart P25A","0","500","0","0"
"","14676","Gloves K-112-NA","","Gloves K-112-NA","1","99.5","0","0"
"","14677","Zuni Sun God Ring sz 5","","Zuni Sun God Ring sz 5","0","50","0","0"
"","14678","DC856TAN Grand Capteur Cristal de Quartz et Améthyste","","DC856TAN Grand Capteur Cristal de Quartz et Améthyste","0","105.95","0","0"
"RABBITSKINS","14679","Rabbit Skins","","Rabbit Skins","31","18","7.83","0"
"","14680","Shipping for online purchase Terri Buelher ref.986442WH","","Shipping for online purchase Terri Buelher ref.986442WH","0","37.94","0","0"
"","14681","genuine indian sterling silver long feather earrings","","genuine indian sterling silver long feather earrings","0","225","0","0"
"","14682","moose gloves","","moose gloves","0","99.5","0","0"
"","14683","Shipping enveloppe","","Shipping enveloppe","1","6","0","0"
"","14684","Shipping enveloppe","","Shipping enveloppe","0","6","0","0"
"","14685","Coyote and Wood Necklace","","Coyote and Wood Necklace","0","43","0","0"
"","14687","Patte de lievre","","Patte de lievre","0","5","0","0"
"","14688","test","","test","0","1","0","0"
"","14689","October Dream Catcher Earrings","","October Dream Catcher Earrings","0","16.95","0","0"
"","14690","Bague Zuni Turquoise bleue mohave opalite","","Bague Zuni Turquoise bleue mohave opalite","0","360","0","0"
"","14691","B.O. Zuni Turquoise","","B.O. Zuni Turquoise","0","85","0","0"
"","14692","B.O. Argent Chevaux","","B.O. Argent Chevaux","0","16","0","0"
"","14693","B.O. Opalite Rose","","B.O. Opalite Rose","0","30","0","0"
"","14694","MM41 custom","","MM41 custom","0","13.95","0","0"
"","14695","Sous Verre Roue de la Médecine","","Sous Verre Roue de la Médecine","0","16","0","0"
"","14696","Zinu ring Gaspeite Polar bear","","Zinu ring Gaspeite Polar bear","0","360","0","0"
"","14697","Mitts 501 RA med","","Mitts 501 RA med","0","128","0","0"
"","14698","Mocssin 201 L8","","Mocssin 201 L8","0","150","0","0"
"","14699","Pochette medecine","","Pochette medecine","1","19","0","0"
"","14700","P.C vison","","P.C vison","0","14","0","0"
"","14701","Gang Men med","","Gang Men med","0","99.5","0","0"
"","14702","Pochette","","Pochette","0","19","0","0"
"","14703","DCC23","","DCC23","0","15.95","0","0"
"","14704","BB8","","BB8","0","12.95","0","0"
"","14705","Inlay ring","","Inlay ring","0","360","0","0"
"","14706","P.C  beads animals","","P.C  beads animals","1","8","0","0"
"","14707","P.C animals beads","","P.C animals beads","0","8","0","0"
"","14708","Frais de poste","","Frais de poste","0","29.79","0","0"
"","14709","Zuni Triptic Turquoise Tear Drop","","Zuni Triptic Turquoise Tear Drop","0","445","0","0"
"","14710","Jonc 82218-10","","Jonc 82218-10","0","45","0","0"
"","14711","Couvert a Salade Boma Étein","","Couvert a Salade Boma Étein","0","254","0","0"
"","14712","Hides in Hand Cell Phone Holder Red","","Hides in Hand Cell Phone Holder Red","0","122","0","0"
"","14713","Édition Lmt 14/50 Zénith","","Édition Lmt 14/50 Zénith","0","120","0","0"
"A10004-POD2561","14715","Matted Print - Merging Earth and Sky","","Matted Print - Merging Earth and Sky","2","20","7.5","0"
"A08011-POD2585","14716","Matted Print - Whisper","","Matted Print - Whisper","2","20","7.5","0"
"","14717","Sheep Skin Mittens","","Sheep Skin Mittens","0","128","0","0"
"","14718","Botillon en Cuir pour Homme BDC 3061150","","Botillon en Cuir pour Homme BDC 3061150","0","155","0","0"
"","14719","Kimono Terry-Ann ''L'Esprit de l'Outarde''","","Kimono Terry-Ann ''L'Esprit de l'Outarde''","0","119","0","0"
"","14720","Débardeur Kaplan ''l'Esprit de l'Outarde'' XL","","Débardeur Kaplan ''l'Esprit de l'Outarde'' XL","0","129","0","0"
"","14721","Collier Turquoise","","Collier Turquoise","0","140","0","0"
"","14722","mocassin Laurentian Chief brun fonce","","mocassin Laurentian Chief brun fonce","1","169.95","0","0"
"","14723","Dépot BDC 620176 Pocho Ava Mémoires Anestrales","","Dépot BDC 620176 Pocho Ava Mémoires Anestrales","0","17.39","0","0"
"","14724","Ajustement crédit","","Ajustement crédit","0","12.7","0","0"
"","14725","Stone ring","","Stone ring","0","12.95","0","0"
"","14726","Baume a levre Trois soeurs","","Baume a levre Trois soeurs","0","8","0","0"
"","14727","B.O tortue turquoise","","B.O tortue turquoise","0","130","0","0"
"","14728","Chaine F50","","Chaine F50","1","34","0","0"
"","14729","Surplus echange","","Surplus echange","0","80","0","0"
"","14730","Chaine F50","","Chaine F50","0","34","0","0"
"","14731","tabacco pouch","","tabacco pouch","0","19","0","0"
"","14732","Muklul style 981447 L7","","Muklul style 981447 L7","0","496","0","0"
"","14733","Carte Honoring the Giver of Life","","Carte Honoring the Giver of Life","0","6.35","0","0"
"","14734","P-C Bobcat tail","","P-C Bobcat tail","0","14","0","0"
"","14736","Chaine F50 20 pcs","","Chaine F50 20 pcs","0","30","0","0"
"","14739","deer antler","","deer antler","0","9.949999999999999","0","0"
"","14740","moccassins noires","","moccassins noires","0","250","0","0"
"UAC6901NC1BA","14741","Lou Pouch ""Geese Spirit""","","Lou Pouch ""Geese Spirit""","3","29","10.5","0"
"UAC6901NC01A","14742","Lou Pouch ""Merging Earth and Sky""","","Lou Pouch ""Merging Earth and Sky""","4","29","10.5","0"
"UAC6901NC0YA","14743","Lou Pouch ""Refuge""","","Lou Pouch ""Refuge""","3","29","10.5","0"
"UAC6901NC04A","14744","Lou Pouch ""Silent Seekers""","","Lou Pouch ""Silent Seekers""","3","29","10.5","0"
"","14745","Collier","","Collier","1","29","0","0"
"","14746","custom collier","","custom collier","1","29","0","0"
"UAC6901NC0IA","14747","Lou Pouch ""Wisdom Keepers""","","Lou Pouch ""Wisdom Keepers""","3","29","10.5","0"
"UAC6901NC1HA","14748","Lou Pouch ""Reaching Out""","","Lou Pouch ""Reaching Out""","3","29","10.5","0"
"","14749","collier","","collier","0","18.08","0","0"
"","14750","Earings bear claw and turquoise","","Earings bear claw and turquoise","1","290","0","0"
"UAC6901NCIJA","14751","Lou Pouch ""Carried Away Under The Blue Moon""","","Lou Pouch ""Carried Away Under The Blue Moon""","3","29","10.5","0"
"","14753","white franged purse LCPHFRWHEP1F","","white franged purse LCPHFRWHEP1F","0","122","0","0"
"OVR0101NC1JA","14754","Oprah Cardigan ""Carried Away Under The Blue Moon""","","Oprah Cardigan ""Carried Away Under The Blue Moon""","3","139","54","0"
"OVR0101NC14A","14755","Oprah Cardigan ""Silent Seekers""","","Oprah Cardigan ""Silent Seekers""","1","139","54","0"
"OVR0101NC1BA","14756","Oprah Cardigan ""Geese Spirit""","","Oprah Cardigan ""Geese Spirit""","2","139","54","0"
"UAC6101NC1JA","14759","Gustave Pillow ""Carried Away Under The Blue Moon""","","Gustave Pillow ""Carried Away Under The Blue Moon""","3","59","23","0"
"WAC0901NC1JA","14760","Nora Scarf ""Carried Away Under The Blue Moon""","","Nora Scarf ""Carried Away Under The Blue Moon""","0","69","26","0"
"MSS0701NC05A","14761","Salvadore Tee for Men ""Carried Away Under The Blue Moon""","10630","Size - XS","0","89","36","0"
"MSS0701NC05A","14761","Salvadore Tee for Men ""Carried Away Under The Blue Moon""","10631","Size - S","0","89","36","0"
"MSS0701NC05A","14761","Salvadore Tee for Men ""Carried Away Under The Blue Moon""","10632","Size - M","1","89","36","0"
"MSS0701NC05A","14761","Salvadore Tee for Men ""Carried Away Under The Blue Moon""","10633","Size - L","0","89","36","0"
"MSS0701NC05A","14761","Salvadore Tee for Men ""Carried Away Under The Blue Moon""","10634","Size - XL","0","89","36","0"
"WBL1801NC1JA","14763","Meryl Satin Kimono ""Carried Away Under The Blue Moon""","","Meryl Satin Kimono ""Carried Away Under The Blue Moon""","1","279","128","0"
"WBL1801NC1BA","14764","Meryl Satin Kimono ""Geese Spirit""","","Meryl Satin Kimono ""Geese Spirit""","1","279","128","0"
"WBL1801NC14A","14765","Meryl Satin Kimono ""Silent Seekers""","","Meryl Satin Kimono ""Silent Seekers""","1","279","128","0"
"WBL1801NC15A","14766","Meryl Satin Kimono ""Northern Keepers""","","Meryl Satin Kimono ""Northern Keepers""","1","279","128","0"
"","14767","pate de rabbit","","pate de rabbit","0","5","0","0"
"","14768","Spiny Oyster Sell and Opalite Zuni Stud Earrings","","Spiny Oyster Sell and Opalite Zuni Stud Earrings","0","110","0","0"
"","14771","MW400","","MW400","0","26.95","0","0"
"","14772","Bague Zuni Larimar et Opalite sz 8.75","","Bague Zuni Larimar et Opalite sz 8.75","0","345","0","0"
"UAC6901NC03A","14773","Lou Pouch ""Motter Love""","","Lou Pouch ""Motter Love""","3","29","10.5","0"
"","14774","Mocassin Key Chain","","Mocassin Key Chain","0","16.5","0","0"
"","14775","Medicine Pouch Key Chain","","Medicine Pouch Key Chain","0","9.949999999999999","0","0"
"","14776","Bague cuivre 82646","","Bague cuivre 82646","0","20","0","0"
"","14777","Mocassin men 10","","Mocassin men 10","0","180","0","0"
"","14778","Keewatin Collier 3 griffes de renard","","Keewatin Collier 3 griffes de renard","0","30","0","0"
"SHARK","14779","Shark Teeth","","Shark Teeth","1","3.95","1.7","0"
"","14783","Galet de Riviere Peint Chamane","","Galet de Riviere Peint Chamane","0","5.5","0","0"
"","14784","Turtle Silver Ring","","Turtle Silver Ring","0","290","0","0"
"","14785","Collier Capteur","","Collier Capteur","0","10.95","0","0"
"","14786","Chaine Argent  avec petites boules 16 pouces","","Chaine Argent  avec petites boules 16 pouces","0","26","0","0"
"","14787","smudging bowl","","smudging bowl","0","15","0","0"
"","14788","cache-oreille","","cache-oreille","0","82","0","0"
"","14789","Beaver Necklace","","Beaver Necklace","0","29","0","0"
"","14790","dragonfly pendant","","dragonfly pendant","1","600","0","0"
"","14791","Zuni Dragonfly Pendant","","Zuni Dragonfly Pendant","0","600","0","0"
"","14792","zuni heart earrings","","zuni heart earrings","0","275","0","0"
"","14793","horse navaho pendant","","horse navaho pendant","0","295","0","0"
"","14794","chaine 8x15 20 pouce","","chaine 8x15 20 pouce","0","24","0","0"
"","14795","B.O. Zuni Fleurs Turquoise","","B.O. Zuni Fleurs Turquoise","0","95","0","0"
"","14796","Collier Griffe de Lynx","","Collier Griffe de Lynx","0","29","0","0"
"","14797","sous verre roue de medecinex4","","sous verre roue de medecinex4","0","60","0","0"
"","14798","Papoose Protection","","Papoose Protection","0","35","0","0"
"","14799","bague zuni chevale t9","","bague zuni chevale t9","0","125","0","0"
"","14800","bague zuni chevale t8","","bague zuni chevale t8","0","125","0","0"
"","14801","zuni dieu solei pendantif","","zuni dieu solei pendantif","0","380","0","0"
"CURRMITT","14802","""Current"" Mittens","10665","Size - S","0","58","34","0"
"CURRMITT","14802","""Current"" Mittens","10666","Size - M","1","58","34","0"
"CURRMITT","14802","""Current"" Mittens","10667","Size - L","0","58","34","0"
"TUNDMITT","14803","""Tundra"" Mittens","10668","Size - M","1","58","34","0"
"TUNDMITT","14803","""Tundra"" Mittens","10669","Size - L","0","58","34","0"
"TUNDMITT","14803","""Tundra"" Mittens","10670","Size - S","0","58","34","0"
"","14804","dc420 BR","","dc420 BR","0","8.949999999999999","0","0"
"","14805","pc seal","","pc seal","0","13.5","0","0"
"","14806","pc seal","","pc seal","0","13.5","0","0"
"SANDMITT","14807","""Sand"" Mittens","10671","Size - M","1","58","34","0"
"SANDMITT","14807","""Sand"" Mittens","10672","Size - L","0","58","34","0"
"SANDMITT","14807","""Sand"" Mittens","10673","Size - S","0","58","34","0"
"NIBIMITT","14808","""Nibi"" Mittens","10674","Size - M","1","58","34","0"
"NIBIMITT","14808","""Nibi"" Mittens","10675","Size - L","0","58","34","0"
"NIBIMITT","14808","""Nibi"" Mittens","10676","Size - S","0","58","34","0"
"MKWAMITT","14809","""Mkwa"" Mittens","10677","Size - M","0","58","34","0"
"MKWAMITT","14809","""Mkwa"" Mittens","10678","Size - L","0","58","34","0"
"MKWAMITT","14809","""Mkwa"" Mittens","10679","Size - S","0","58","34","0"
"FLEUMITT","14810","""Fleurs"" Mittens","10680","Size - M","2","58","34","0"
"FLEUMITT","14810","""Fleurs"" Mittens","10681","Size - L","0","58","34","0"
"FLEUMITT","14810","""Fleurs"" Mittens","10682","Size - S","0","58","34","0"
"THUNMITT","14811","""Thunderbird"" Mittens","10683","Size - M","0","58","34","0"
"THUNMITT","14811","""Thunderbird"" Mittens","10684","Size - L","0","58","34","0"
"THUNMITT","14811","""Thunderbird"" Mittens","10685","Size - S","0","58","34","0"
"STARSCARF","14812","Infinity Scarf ""Star""","","Infinity Scarf ""Star""","0","85","0","0"
"AURO600OS-01","14813","""Aurora"" Blanket","","""Aurora"" Blanket","0","189","105","0"
"WOOD600OS-01","14816","""Woodland Floral"" Wool Blanket","","""Woodland Floral"" Wool Blanket","0","289","164","0"
"STAR600OS-03","14817","Shawl ""Star""","","Shawl ""Star""","0","134","80","0"
"","14818","DC 410","","DC 410","0","10.99","0","0"
"","14819","DC1010TAN","","DC1010TAN","0","10.95","0","0"
"","14820","Mocassin rouge 99-BABY-6","","Mocassin rouge 99-BABY-6","0","75","0","0"
"","14821","Bracelet baby","","Bracelet baby","0","60","0","0"
"","14822","Difference echange","","Difference echange","0","10","0","0"
"","14823","Coussin 20x20 raton","","Coussin 20x20 raton","0","250","0","0"
"","14824","shipping","","shipping","0","0.95","0","0"
"","14825","Bague Argent Homme en Labyrithe","","Bague Argent Homme en Labyrithe","0","290","0","0"
"","14826","Collier 3 griffe d'ours","","Collier 3 griffe d'ours","0","65","0","0"
"","14827","B.O. porc-épic","","B.O. porc-épic","0","48.5","0","0"
"SCA0201NC0YA","14828","Aspen Scarf ""Refuge""","","Aspen Scarf ""Refuge""","4","79","19.55","0"
"SCA0201NC1JA","14829","Aspen Scarf ""Carried Away Under The Blue Moon""","","Aspen Scarf ""Carried Away Under The Blue Moon""","2","79","19.55","0"
"SCA0201NC0BA","14830","Aspen Scarf ""Zenith""","","Aspen Scarf ""Zenith""","4","79","19.55","0"
"SCA0201NC04A","14832","Aspen Scarf ""Silent Seekers""","","Aspen Scarf ""Silent Seekers""","4","79","19.55","0"
"SCA0201NCIBA","14833","Aspen Scarf ""Geese Spirit""","","Aspen Scarf ""Geese Spirit""","2","79","19.55","0"
"SCA0201NC05A","14834","Aspen Scarf ""Northern Keepers""","","Aspen Scarf ""Northern Keepers""","5","79","19.55","0"
"PLN113","14836","Planner 2025","","Planner 2025","5","25.45","11","0"
"","14838","porte cle renard","","porte cle renard","0","20","0","0"
"","14839","Moc 803CK sz 10","","Moc 803CK sz 10","0","163","0","0"
"","14840","Moc L 7 Mauve","","Moc L 7 Mauve","0","104.95","0","0"
"","14841","Pierre Shaman","","Pierre Shaman","0","5.5","0","0"
"","14842","fox tail keychain","","fox tail keychain","0","20","0","0"
"","14843","frontier knife and sheath","","frontier knife and sheath","0","160","0","0"
"","14844","frontier style tomahawk","","frontier style tomahawk","0","275","0","0"
"","14845","sequoia sweetgrass bodymist","","sequoia sweetgrass bodymist","0","20","0","0"
"","14846","petite pochette","","petite pochette","0","0.52","0","0"
"","14847","Echange pendantif difference","","Echange pendantif difference","0","120","0","0"
"","14848","Medecin pouch","","Medecin pouch","0","9.949999999999999","0","0"
"","14849","Dépot BDC 620188 Mocassin","","Dépot BDC 620188 Mocassin","1","43.49","0","0"
"","14850","Mise de cote depot BDC 620188","","Mise de cote depot BDC 620188","1","43.49","0","0"
"","14851","Depot mocassin BDC 620188","","Depot mocassin BDC 620188","1","43.49","0","0"
"","14852","Mise de cote BDC 620188","","Mise de cote BDC 620188","1","43.49","0","0"
"","14853","Deposit","","Deposit","1","43.49","0","0"
"","14854","depot","","depot","1","43.49","0","0"
"","14855","d","","d","1","43.49","0","0"
"","14856","g","","g","1","43.49","0","0"
"","14857","t","","t","1","43.49","0","0"
"","14858","f","","f","1","43.49","0","0"
"","14859","Depot BDC 620188 mocassin style 661","","Depot BDC 620188 mocassin style 661","0","43.49","0","0"
"","14860","test","","test","1","2","0","0"
"","14861","test","","test","1","1","0","0"
"","14862","Key Chain","","Key Chain","0","12","0","0"
"","14863","Mukluk 1964185 L9","","Mukluk 1964185 L9","0","310","0","0"
"","14864","Graisse d'ours","","Graisse d'ours","0","30","0","0"
"SOC","14865","Elderberries Tincture","","Elderberries Tincture","10","30","13","0"
"","14866","Zuni Turquoise Ring sz 7","","Zuni Turquoise Ring sz 7","1","330","0","0"
"","14867","Zuni Turquoise Ring","","Zuni Turquoise Ring","1","297","0","0"
"","14868","Seal Skin Key Chain","","Seal Skin Key Chain","0","13.5","0","0"
"","14869","Seal Skin Key Chain","","Seal Skin Key Chain","0","13.5","0","0"
"","14870","Zuni Turquoise Ring","","Zuni Turquoise Ring","0","297","0","0"
"","14871","Miscelaneous","","Miscelaneous","0","29.41","0","0"
"","14872","zuni","","zuni","1","10","0","0"
"","14876","Savon Sequoia Lune d'Hiver","","Savon Sequoia Lune d'Hiver","0","14","0","0"
"","14879","B.O ours stud 66826","","B.O ours stud 66826","0","25","0","0"
"","14880","beep","","beep","1","25","0","0"
"","14881","Bague Zuni sz 12","","Bague Zuni sz 12","0","320","0","0"
"","14882","Pendentif Zuni","","Pendentif Zuni","0","390","0","0"
"","14883","B.O Zuni","","B.O Zuni","0","195","0","0"
"","14884","Jonc cuivre 82644-10","","Jonc cuivre 82644-10","0","18","0","0"
"","14885","labradorite pendant 74669","","labradorite pendant 74669","0","135","0","0"
"","14886","BX15 20","","BX15 20","0","24","0","0"
"","14887","Difference echange Bdc 077783","","Difference echange Bdc 077783","0","99","0","0"
"","14890","Bague Moon stone 83493-9","","Bague Moon stone 83493-9","0","50","0","0"
"","14891","B.O tortue 64670","","B.O tortue 64670","0","20","0","0"
"","14892","Pillow","","Pillow","0","9.949999999999999","0","0"
"BX15","14893","Box Chain Necklace","10777","Size - 16""","7","20","0","8"
"BX15","14893","Box Chain Necklace","10778","Size - 18""","4","23","0","9"
"BX15","14893","Box Chain Necklace","10779","Size - 20""","1","27","0","11"
"BX15","14893","Box Chain Necklace","10780","Size - 22""","0","26","0","11"
"BX15","14893","Box Chain Necklace","10787","Size - 24""","0","28","0","11"
"BX15","14893","Box Chain Necklace","10788","Size - 30""","0","32","0","12"
"F50","14894","Figaro Chain","10781","Size - 16""","4","31","0","12"
"F50","14894","Figaro Chain","10782","Size - 18""","3","34","0","12.8"
"F50","14894","Figaro Chain","10783","Size - 20""","1","37","0","15.8"
"F50","14894","Figaro Chain","10784","Size - 22""","1","40","0","17.3"
"F50","14894","Figaro Chain","10785","Size - 24""","0","43","0","18.6"
"F50","14894","Figaro Chain","10786","Size - 30""","0","0","0","0"
"F80","14895","Figaro Chain","10789","Size - 18""","0","54","0","0"
"F80","14895","Figaro Chain","10790","Size - 20""","0","63","0","26.86"
"F80","14895","Figaro Chain","10791","Size - 22""","0","66","0","26.08"
"F80","14895","Figaro Chain","10792","Size - 24""","2","69","0","28.26"
"F80","14895","Figaro Chain","10793","Size - 30""","0","0","0","0"
"F80","14895","Figaro Chain","10794","Size - 16""","0","0","0","0"
"OBX","14896","Oxydized Rounded Box Chain","10795","Size - 18""","1","71","0","30.94"
"OBX","14896","Oxydized Rounded Box Chain","10796","Size - 20""","2","76","0","33"
"OBX","14896","Oxydized Rounded Box Chain","10797","Size - 22""","0","76","0","0"
"OBX","14896","Oxydized Rounded Box Chain","10798","Size - 24""","1","84","0","36"
"OBX","14896","Oxydized Rounded Box Chain","10799","Size - 30""","0","84","0","0"
"OBX","14896","Oxydized Rounded Box Chain","10800","Size - 16""","2","67","0","28.9"
"STC","14897","Satellite Chain","10801","Size - 18""","1","29","0","12.37"
"STC","14897","Satellite Chain","10802","Size - 20""","0","0","0","0"
"STC","14897","Satellite Chain","10803","Size - 22""","0","0","0","0"
"STC","14897","Satellite Chain","10804","Size - 24""","0","0","0","0"
"STC","14897","Satellite Chain","10805","Size - 30""","0","0","0","0"
"STC","14897","Satellite Chain","10806","Size - 16""","0","26","0","11"
"SUN","14898","Sun Disk Curb Chain","10813","Size - 7""","0","25","0","10.31"
"SUN","14898","Sun Disk Curb Chain","10814","Size - 9""","0","30","0","13.22"
"SUN","14898","Sun Disk Curb Chain","10815","Size - 16""","1","51","0","21.99"
"SUN","14898","Sun Disk Curb Chain","10816","Size - 18""","0","56","0","24"
"SUN","14898","Sun Disk Curb Chain","10817","Size - 20""","0","55","0","0"
"SUN","14898","Sun Disk Curb Chain","10818","Size - 22""","0","59","0","0"
"SUN","14898","Sun Disk Curb Chain","10819","Size - 24""","0","63","0","0"
"SUN","14898","Sun Disk Curb Chain","10820","Size - 30""","0","69","0","0"
"","14899","Navaho Bear Claw/Coral/Turquoise Earrings","","Navaho Bear Claw/Coral/Turquoise Earrings","0","350","0","0"
"","14900","test","","test","1","1","0","0"
"","14901","B.O. Turquoise Argent","","B.O. Turquoise Argent","0","135","0","0"
"","14902","82572 sz 10 Meditation Wave Silver Ring","","82572 sz 10 Meditation Wave Silver Ring","0","90","0","0"
"","14903","Boite a tarif fixe suivi GD 312 551 701 CA","","Boite a tarif fixe suivi GD 312 551 701 CA","1","25","0","0"
"","14904","Boite a tarif fixe suivi GD 312 551 701 CA","","Boite a tarif fixe suivi GD 312 551 701 CA","0","25","0","0"
"","14905","Mocassins 10301","","Mocassins 10301","0","150","0","0"
"","14906","mocassins","","mocassins","0","150","0","0"
"","14907","Collier Dent de Coyote","","Collier Dent de Coyote","0","40","0","0"
"","14908","Keewatin Beaver Tooth Necklace","","Keewatin Beaver Tooth Necklace","0","29","0","0"
"","14909","Silver and Turquoise inlay studs","","Silver and Turquoise inlay studs","0","28","0","0"
"","14910","porte cle queue lapin","","porte cle queue lapin","0","18","0","0"
"","14911","turquoise boucles oreilles","","turquoise boucles oreilles","0","80","0","0"
"","14912","MM41 porte lunettes","","MM41 porte lunettes","0","13.95","0","0"
"","14913","Dépot Moc 771 gr 8 et semelles mouton BDC620194","","Dépot Moc 771 gr 8 et semelles mouton BDC620194","0","50","0","0"
"","14914","551137DKTL 7","","551137DKTL 7","0","147","0","0"
"","14915","Griffe de Lynx Collier Keewatin","","Griffe de Lynx Collier Keewatin","0","29","0","0"
"","14916","Collier Keewatin Dent de Loup","","Collier Keewatin Dent de Loup","0","60","0","0"
"","14917","Collier Keewatin dent et 2 griffes de Lynx","","Collier Keewatin dent et 2 griffes de Lynx","0","39","0","0"
"","14918","Cache-Oreilles Castor","","Cache-Oreilles Castor","0","82","0","0"
"","14919","collier keewatin dent de coyote","","collier keewatin dent de coyote","0","40","0","0"
"","14920","Mitaines Mouton","","Mitaines Mouton","1","128","0","0"
"","14921","Mitaines Mouton","","Mitaines Mouton","0","128","0","0"
"","14922","Stud 65408","","Stud 65408","0","18","0","0"
"","14923","pendantif 5345","","pendantif 5345","0","32","0","0"
"","14924","Pendent 74735","","Pendent 74735","0","34","0","0"
"","14925","Pochette MED","","Pochette MED","0","13","0","0"
"","14926","Necklace Gapeite","","Necklace Gapeite","0","525","0","0"
"","14927","Gapeite earrings","","Gapeite earrings","0","335","0","0"
"","14928","P-C Lynx","","P-C Lynx","0","18","0","0"
"","14929","LS10 bracelet","","LS10 bracelet","0","75","0","0"
"","14930","Medecin pouch","","Medecin pouch","0","19","0","0"
"","14931","Collier dent lynx I","","Collier dent lynx I","0","32","0","0"
"","14932","Med pouch","","Med pouch","0","19","0","0"
"THR72","14933","Stones - Worry Big","","Stones - Worry Big","9","7.5","3.2","0"
"ESLB","14934","Stones - Earth Labradorite","","Stones - Earth Labradorite","11","7.5","3.2","0"
"CBDF","14935","Stones - Canadian Rocks package","","Stones - Canadian Rocks package","8","8.949999999999999","3.9","0"
"","14937","Stud 66772","","Stud 66772","0","28","0","0"
"","14938","Stud 66707","","Stud 66707","0","21","0","0"
"","14939","Pillow","","Pillow","0","9.949999999999999","0","0"
"","14940","Trio cadre noir","","Trio cadre noir","0","58","0","0"
"","14941","Pillow","","Pillow","2","9.949999999999999","0","0"
"","14942","Mitts bebe MBRCR-05","","Mitts bebe MBRCR-05","1","76","0","0"
"","14943","Mitts bebe MBRCR-05","","Mitts bebe MBRCR-05","0","76","0","0"
"","14944","Dépot sur BDC 580652","","Dépot sur BDC 580652","0","757.5","0","0"
"","14945","test","","test","0","1","0","0"
"UAC6401NC1IA","14946","Lou Pouch ""Quintessence""","","Lou Pouch ""Quintessence""","3","29","10.5","0"
"","14947","Balance BDC 620188","","Balance BDC 620188","0","61.46","0","0"
"","14948","Sifflet Corne de chevreuil","","Sifflet Corne de chevreuil","0","24","0","0"
"","14949","MM12red custom","","MM12red custom","1","8.949999999999999","0","0"
"","14950","MM12RED Custom","","MM12RED Custom","0","8.699999999999999","0","0"
"","14951","Mocassins Kitigan Zibi","","Mocassins Kitigan Zibi","0","140","0","0"
"","14952","Coussin Gustave M otter love","","Coussin Gustave M otter love","0","49","0","0"
"WSM12","14953","Stones - Magnets with one word","","Stones - Magnets with one word","10","7.5","3.2","0"
"FIS40R","14954","Stones - Quote Inspiration","","Stones - Quote Inspiration","3","7.5","3.2","0"
"FWP60R","14955","Stones - Wishstones with one word","","Stones - Wishstones with one word","11","6.5","2.8","0"
"","14956","turquoise bague","","turquoise bague","1","180","0","0"
"","14957","pates lapin porte cle","","pates lapin porte cle","0","5","0","0"
"","14958","porte cle vison","","porte cle vison","0","14","0","0"
"","14959","porte cle renard","","porte cle renard","0","8.449999999999999","0","0"
"","14960","porte cle renard","","porte cle renard","0","8.449999999999999","0","0"
"","14961","porte cle renard","","porte cle renard","0","8.449999999999999","0","0"
"","14962","Déposit Bilodeau Seal Skin Boots - BDC580654","","Déposit Bilodeau Seal Skin Boots - BDC580654","0","349.99","0","0"
"","14963","John Rombourgh The Picnic 12X12","","John Rombourgh The Picnic 12X12","0","780","0","0"
"","14964","BBSS11 Steora Birch and Stone Earrings","","BBSS11 Steora Birch and Stone Earrings","0","55.95","0","0"
"","14965","BBSS11-P","","BBSS11-P","0","38.95","0","0"
"","14966","Sauge/Palo Santo","","Sauge/Palo Santo","0","19.5","0","0"
"","14967","6080-0408-41BL-653 10L","","6080-0408-41BL-653 10L","0","104.95","0","0"
"","14968","chapeau raton laveur","","chapeau raton laveur","0","150","0","0"
"","14969","Arrow Head Pendant","","Arrow Head Pendant","0","46","0","0"
"","14970","small black dreamcatcher","","small black dreamcatcher","0","10.95","0","0"
"","14971","74814","","74814","0","38","0","0"
"","14972","BX15","","BX15","0","22","0","0"
"","14973","66307","","66307","0","70","0","0"
"","14974","Abalone Shell","","Abalone Shell","0","12","0","0"
"","14975","Sifflet Bois de Chevreuil","","Sifflet Bois de Chevreuil","0","24","0","0"
"","14976","INCON6","","INCON6","0","11.95","0","0"
"","14977","B.O. Zuni","","B.O. Zuni","0","105","0","0"
"","14978","Calendrier Coutou 2024","","Calendrier Coutou 2024","0","22","0","0"
"","14979","Mitaine Toundra M","","Mitaine Toundra M","0","58","0","0"
"","14980","Sterling Rings sz 9 and 10","","Sterling Rings sz 9 and 10","0","22","0","0"
"","14981","chaine 16'","","chaine 16'","0","20","0","0"
"","14982","74189 pendant","","74189 pendant","0","105","0","0"
"","14983","bottes Loups Marin MAYL-05 boite6","","bottes Loups Marin MAYL-05 boite6","0","615","0","0"
"","14984","Mitaines Mini-Tipi Fleurs XL BDC580656","","Mitaines Mini-Tipi Fleurs XL BDC580656","0","58","0","0"
"","14985","B.O. stud hiboux 66159","","B.O. stud hiboux 66159","0","16","0","0"
"","14986","Bague hibou 83535-7","","Bague hibou 83535-7","0","26","0","0"
"","14987","Napperons Nino M'Otter Love","","Napperons Nino M'Otter Love","0","15","0","0"
"","14988","Chaine 34 pce","","Chaine 34 pce","0","90","0","0"
"","14989","Difference exchange","","Difference exchange","0","15","0","0"
"","14991","porte klef lynx","","porte klef lynx","0","18","0","0"
"","14996","Sous-verre Roue de la Médecine","","Sous-verre Roue de la Médecine","0","16","0","0"
"","15000","Porte-clé Queue de Lynx","","Porte-clé Queue de Lynx","0","18","0","0"
"","15001","Bague 83156-9","","Bague 83156-9","0","75","0","0"
"","15002","incon1","","incon1","0","11.95","0","0"
"","15003","Lip balme","","Lip balme","0","8","0","0"
"","15004","Savon winter moon","","Savon winter moon","0","4","0","0"
"","15005","Bear studs","","Bear studs","0","25","0","0"
"","15006","Carte","","Carte","0","3.5","0","0"
"","15007","P-C chat sauvage","","P-C chat sauvage","0","14","0","0"
"","15008","13107 L11","","13107 L11","0","101","0","0"
"","15009","Signets","","Signets","4","2.3","0","0"
"","15010","Pierre","","Pierre","0","5.7","0","0"
"","15011","Pouch","","Pouch","0","0.9","0","0"
"","15012","signets","","signets","5","2.3","0","0"
"","15013","Pendant LE-1438","","Pendant LE-1438","0","70","0","0"
"","15014","Chaine BX15-18","","Chaine BX15-18","0","22","0","0"
"","15015","petite amythist earrings","","petite amythist earrings","0","25","0","0"
"","15016","64363","","64363","0","25","0","0"
"","15017","Seal Skin Key Chain","","Seal Skin Key Chain","0","13","0","0"
"","15018","Chaine Argent","","Chaine Argent","0","19.05","0","0"
"","15019","Pochette de médecine","","Pochette de médecine","0","13","0","0"
"SCA0201NCODA","15020","Aspen Scarf ""Early Evening Flowing Into Fall""","","Aspen Scarf ""Early Evening Flowing Into Fall""","2","79","19.55","0"
"","15021","P62C","","P62C","0","260","0","0"
"","15022","Keewatin 3 claw bear necklace","","Keewatin 3 claw bear necklace","0","65","0","0"
"","15023","Keewatin Fox Claw Necklace","","Keewatin Fox Claw Necklace","0","30","0","0"
"","15024","Keewatin 3 Fox Teeth Necklace","","Keewatin 3 Fox Teeth Necklace","0","30","0","0"
"","15025","Turquoise Ring","","Turquoise Ring","0","180","0","0"
"","15026","Leather and Stainless Bracelet","","Leather and Stainless Bracelet","0","40","0","0"
"","15027","Bear Claw Necklace","","Bear Claw Necklace","0","43","0","0"
"","15028","Earrings 66333","","Earrings 66333","0","45","0","0"
"","15029","Sterling Spiral Lapis Lazuli 66306","","Sterling Spiral Lapis Lazuli 66306","0","70","0","0"
"","15030","Mini Cartes Coutou","","Mini Cartes Coutou","0","0.95","0","0"
"","15031","Carte Sous le Meme Ciel","","Carte Sous le Meme Ciel","0","6.35","0","0"
"","15032","Pierre de Chance","","Pierre de Chance","0","5.5","0","0"
"","15033","65204","","65204","0","35","0","0"
"","15034","B.O. Chevaux Turquoise","","B.O. Chevaux Turquoise","0","28","0","0"
"","15035","Boucle d'oreilles bouleau et perle BBSS1","","Boucle d'oreilles bouleau et perle BBSS1","0","46.95","0","0"
"","15036","Balance BDC 580654","","Balance BDC 580654","0","349.99","0","0"
"","15037","bracelet multi pierre","","bracelet multi pierre","0","390","0","0"
"","15038","Mini Carte Coutou","","Mini Carte Coutou","0","0.95","0","0"
"","15039","b.o.64343 ormeau","","b.o.64343 ormeau","0","25","0","0"
"","15040","restant du bdc 620194","","restant du bdc 620194","0","115.42","0","0"
"","15041","Mini Cartes Coutou","","Mini Cartes Coutou","0","0.95","0","0"
"","15042","Mocassins suede dames 404 7L","","Mocassins suede dames 404 7L","1","135","0","0"
"","15043","b.o 64670","","b.o 64670","1","20","0","0"
"","15044","b.o. 65854","","b.o. 65854","1","30","0","0"
"","15045","b.o. garnet","","b.o. garnet","1","25","0","0"
"","15046","boucle oreille cheval","","boucle oreille cheval","0","90","0","0"
"","15047","earing code 66714","","earing code 66714","0","28","0","0"
"","15048","star bo 64055","","star bo 64055","0","18","0","0"
"","15049","chain stc","","chain stc","0","26","0","0"
"","15050","b.o. 64670","","b.o. 64670","0","20","0","0"
"","15051","b.o. 65854","","b.o. 65854","0","30","0","0"
"","15052","b.o. garnet","","b.o. garnet","0","25","0","0"
"","15053","moc 404 7 L","","moc 404 7 L","0","123.84","0","0"
"","15054","Moc 6080-0408-13CH o-13673 7 L","","Moc 6080-0408-13CH o-13673 7 L","0","139.16","0","0"
"DSTICK","15055","Drum Stick","","Drum Stick","0","45","22.5","0"
"","15056","64363","","64363","0","25","0","0"
"","15057","Calendrier 22","","Calendrier 22","0","11","0","0"
"","15058","Bague Méditation","","Bague Méditation","0","90","0","0"
"","15059","Sifflet Chevreuil","","Sifflet Chevreuil","0","29","0","0"
"","15060","Copper ring 7-8","","Copper ring 7-8","0","15","0","0"
"","15061","ChaineBX15-18","","ChaineBX15-18","0","22","0","0"
"","15062","Pendant","","Pendant","0","38","0","0"
"","15063","carte","","carte","0","3.5","0","0"
"","15064","carte","","carte","0","3.5","0","0"
"","15065","calendrier 2024 ben houstie","","calendrier 2024 ben houstie","0","22","0","0"
"","15066","COLM-05","","COLM-05","0","92","0","0"
"","15067","autocollants CAP P","","autocollants CAP P","0","2.6","0","0"
"","15068","280","","280","1","280","0","0"
"","15069","sTUD 66908","","sTUD 66908","0","28","0","0"
"","15070","Bracelet amethiste","","Bracelet amethiste","0","20","0","0"
"","15071","Bracelet Onix 22794","","Bracelet Onix 22794","0","20","0","0"
"","15072","Boucles d'oreiile 1","","Boucles d'oreiile 1","0","10","0","0"
"","15073","Pendentif Pierre de Lune","","Pendentif Pierre de Lune","0","50","0","0"
"","15074","DC849 Blanc","","DC849 Blanc","0","41.95","0","0"
"","15075","Keewatin Collier griffe d'ours","","Keewatin Collier griffe d'ours","0","40","0","0"
"DRUMS","15076","Drums","10856","Drums - 8"" - Deer","3","115","0","63.25"
"DRUMS","15076","Drums","10857","Drums - 8"" - Moose","0","0","0","0"
"DRUMS","15076","Drums","10858","Drums - 9"" - Deer","0","0","0","0"
"DRUMS","15076","Drums","10859","Drums - 9"" - Moose","0","0","0","0"
"DRUMS","15076","Drums","10860","Drums - 10"" - Deer","0","0","0","0"
"DRUMS","15076","Drums","10861","Drums - 10"" - Moose","0","0","0","0"
"DRUMS","15076","Drums","10862","Drums - 11"" - Deer","4","145","0","79.75"
"DRUMS","15076","Drums","10863","Drums - 11"" - Moose","0","0","0","0"
"DRUMS","15076","Drums","10864","Drums - 12"" - Deer","1","185","0","101.75"
"DRUMS","15076","Drums","10865","Drums - 12"" - Moose","2","270","0","148.5"
"DRUMS","15076","Drums","10866","Drums - 13"" - Deer","0","0","0","0"
"DRUMS","15076","Drums","10867","Drums - 13"" - Moose","0","0","0","0"
"DRUMS","15076","Drums","10868","Drums - 14"" - Deer","1","245","0","134.75"
"DRUMS","15076","Drums","10869","Drums - 14"" - Moose","0","0","0","0"
"DRUMS","15076","Drums","10870","Drums - 15"" - Deer","0","0","0","0"
"DRUMS","15076","Drums","10871","Drums - 15"" - Moose","0","0","0","0"
"DRUMS","15076","Drums","10872","Drums - 16"" - Deer","2","260","0","143"
"DRUMS","15076","Drums","10873","Drums - 16"" - Moose","0","0","0","0"
"DRUMS","15076","Drums","10874","Drums - 17"" - Deer","0","0","0","0"
"DRUMS","15076","Drums","10875","Drums - 17"" - Moose","0","0","0","0"
"DRUMS","15076","Drums","10876","Drums - 18"" - Deer","0","0","0","0"
"DRUMS","15076","Drums","10877","Drums - 18"" - Moose","0","0","0","0"
"DRUMS","15076","Drums","10878","Drums - 19"" - Deer","0","0","0","0"
"DRUMS","15076","Drums","10879","Drums - 19"" - Moose","0","0","0","0"
"DRUMS","15076","Drums","10880","Drums - 20"" - Deer","0","0","0","0"
"DRUMS","15076","Drums","10881","Drums - 20"" - Moose","0","0","0","0"
"DRUMS","15076","Drums","10882","Drums - 22"" - Deer","0","0","0","0"
"DRUMS","15076","Drums","10883","Drums - 22"" - Moose","0","0","0","0"
"DRUMS","15076","Drums","10884","Drums - 12"" - Bear","1","280","0","154"
"","15077","Bob Cat tail key chain","","Bob Cat tail key chain","0","14","0","0"
"","15078","Robe Michelle Lapinx L","","Robe Michelle Lapinx L","0","149","0","0"
"","15079","mocassin noir taille 9","","mocassin noir taille 9","0","104.95","0","0"
"","15080","Auto-Collant","","Auto-Collant","0","2.6","0","0"
"","15081","pendant ours 74766","","pendant ours 74766","0","28","0","0"
"","15082","Carte unique Dawn Oman","","Carte unique Dawn Oman","0","3.5","0","0"
"","15083","boucles oreille argent sterling","","boucles oreille argent sterling","0","55","0","0"
"","15084","Bague Zuni 7.5","","Bague Zuni 7.5","1","360","0","0"
"","15085","83538 SZ9","","83538 SZ9","0","35","0","0"
"","15086","Bague Zuni sz 7.5","","Bague Zuni sz 7.5","0","360","0","0"
"","15087","Bague argent 3 bands taille 7","","Bague argent 3 bands taille 7","0","155","0","0"
"","15088","sauge et palo santo","","sauge et palo santo","0","19.5","0","0"
"","15089","222","","222","0","15.5","0","0"
"","15090","DC3003","","DC3003","0","16.95","0","0"
"","15091","B.O. Ambre Tortues 66886","","B.O. Ambre Tortues 66886","0","68","0","0"
"","15092","Collier Keewatin Dents de Castor","","Collier Keewatin Dents de Castor","0","29","0","0"
"","15093","Opossom Ookpik","","Opossom Ookpik","0","39","0","0"
"","15094","Balance Moc Retour Christa MacPherson","","Balance Moc Retour Christa MacPherson","0","7","0","0"
"","15095","bague argent taille 13.5","","bague argent taille 13.5","0","90","0","0"
"","15096","Turquoise earrings","","Turquoise earrings","0","55","0","0"
"","15097","Turquoise and Coral Bracelet","","Turquoise and Coral Bracelet","0","170","0","0"
"","15098","Card Single","","Card Single","0","3.5","0","0"
"","15099","Loup Marin Blissard taille 11","","Loup Marin Blissard taille 11","0","585","0","0"
"","15100","Roue de la médecine","","Roue de la médecine","0","16","0","0"
"","15101","Pendantif Ours mini Chalako Custom","","Pendantif Ours mini Chalako Custom","0","225","0","0"
"","15103","BACPAC PURPLEDEER","","BACPAC PURPLEDEER","0","295","0","0"
"","15104","Carte","","Carte","0","3.5","0","0"
"","15105","Chaine 20 pcs","","Chaine 20 pcs","0","24","0","0"
"","15106","LE-1435 opal","","LE-1435 opal","0","90","0","0"
"","15107","Chaine STC-16","","Chaine STC-16","0","26","0","0"
"","15108","Bague 83692-8","","Bague 83692-8","0","35","0","0"
"","15109","Collier Griffe loup","","Collier Griffe loup","0","43","0","0"
"","15110","Toile Maxime Noel","","Toile Maxime Noel","0","40","0","0"
"","15111","Echane difference","","Echane difference","0","20","0","0"
"","15112","Echange difference","","Echange difference","0","41.05","0","0"
"","15113","Sioui belt","","Sioui belt","0","55","0","0"
"","15114","DC420","","DC420","0","8.949999999999999","0","0"
"","15115","La Quete du Silence impression sur métal","","La Quete du Silence impression sur métal","0","145","0","0"
"","15116","Trio Silver Ring 83996 sz 7","","Trio Silver Ring 83996 sz 7","1","82","0","0"
"","15117","Sweet Grass Spray Earths Essence","","Sweet Grass Spray Earths Essence","1","29.95","0","0"
"","15118","Trio Silver Ring sz 7","","Trio Silver Ring sz 7","0","102","0","0"
"","15119","Sweetgrass Spray","","Sweetgrass Spray","0","29.95","0","0"
"L201","15120","Botte loup marin noire taille 6","","Botte loup marin noire taille 6","0","465","0","0"
"","15121","Porte-Clé Lynx","","Porte-Clé Lynx","0","18","0","0"
"","15122","bague amethyste 83848 T9","","bague amethyste 83848 T9","0","45","0","0"
"","15123","OBX 34","","OBX 34","0","84","0","0"
"","15124","sRAY AQUA ARMOR","","sRAY AQUA ARMOR","1","28","0","0"
"ELITE-230WHFUREPE","15127","Deerskin Mitts with Fox","10906","Size - XS","0","170","99.75","0"
"ELITE-230WHFUREPE","15127","Deerskin Mitts with Fox","10907","Size - S","0","170","99.75","0"
"ELITE-230WHFUREPE","15127","Deerskin Mitts with Fox","10908","Size - M","0","170","99.75","0"
"ELITE-230WHFUREPE","15127","Deerskin Mitts with Fox","10909","Size - L","0","170","99.75","0"
"ELITE-230WHFUREPE","15127","Deerskin Mitts with Fox","10910","Size - XL","0","170","99.75","0"
"","15131","sAVON DANSE LUNAIRE","","sAVON DANSE LUNAIRE","0","4","0","0"
"","15135","Ookpik","","Ookpik","0","23","0","0"
"","15136","Sky Girls in Frame","","Sky Girls in Frame","0","45","0","0"
"","15137","New Moon Chain 34113","","New Moon Chain 34113","0","45","0","0"
"","15138","Silver Buffalo Pendant 3239","","Silver Buffalo Pendant 3239","0","195","0","0"
"","15139","Buffalo Jet and Opal Earrings","","Buffalo Jet and Opal Earrings","0","195","0","0"
"","15140","Baby Silver Ring","","Baby Silver Ring","0","8","0","0"
"","15141","Mink skin bracelet","","Mink skin bracelet","0","26","0","0"
"","15142","Mink skin bracelet","","Mink skin bracelet","0","22","0","0"
"","15143","Chaine Argent BX15 18''","","Chaine Argent BX15 18''","0","22","0","0"
"","15144","silent keepers vest Large","","silent keepers vest Large","0","119","0","0"
"","15145","Bague Navajo turquoise 9.5","","Bague Navajo turquoise 9.5","0","170","0","0"
"","15146","Toile John Rombough","","Toile John Rombough","0","320","0","0"
"","15147","Cone encens 6","","Cone encens 6","0","11.95","0","0"
"ECLA600OS-03","15148","Shawl ""Eclair""","","Shawl ""Eclair""","2","134","80","0"
"MWCOASTER","15149","Medicine Wheel Coaster","10925","Size - Individual","30","16","13","0"
"MWCOASTER","15149","Medicine Wheel Coaster","10926","Size - Set of two","9","30","13","0"
"MWCOASTER","15149","Medicine Wheel Coaster","10927","Size - Set of 4","5","60","13","0"
"","15150","P-C Beaver","","P-C Beaver","0","8.449999999999999","0","0"
"","15151","B.O 66465 Turq","","B.O 66465 Turq","0","74","0","0"
"","15152","Carte","","Carte","1","3.5","0","0"
"","15153","Foulard Aspen soirée glissant...","","Foulard Aspen soirée glissant...","0","79","0","0"
"","15154","Carte","","Carte","0","3.5","0","0"
"CS-Individual","15155","Ancestral Seeds (Sachet)","","Ancestral Seeds (Sachet)","27","3.99","2.4","0"
"BLU400O-06","15156","Poncho ""Blush""","10932","Size - 4yrs - 8yrs","0","89","0","53"
"BLU400O-06","15156","Poncho ""Blush""","10933","Size - 18mth - 3yrs","0","85","0","51"
"","15157","Card Sweet Lovers","","Card Sweet Lovers","0","3.5","0","0"
"","15160","Édition Limitée Gardiens de la Sagesse 5/99","","Édition Limitée Gardiens de la Sagesse 5/99","0","225","0","0"
"","15161","semences","","semences","0","3.99","0","0"
"","15162","Bracelet 12835","","Bracelet 12835","0","18","0","0"
"ELITE-230BNCEPE","15163","Deerskin Mitts","10939","Size - XS","2","155","83.25","0"
"ELITE-230BNCEPE","15163","Deerskin Mitts","10940","Size - S","2","155","83.25","0"
"ELITE-230BNCEPE","15163","Deerskin Mitts","10941","Size - M","2","155","83.25","0"
"ELITE-230BNCEPE","15163","Deerskin Mitts","10942","Size - L","1","155","83.25","0"
"ELITE-230BNCEPE","15163","Deerskin Mitts","10943","Size - XL","0","155","83.25","0"
"","15164","sem","","sem","1","3.99","0","0"
"ELITE-260GEPE","15165","Moosehide Mitts","10949","Size - XS","2","155","83.25","0"
"ELITE-260GEPE","15165","Moosehide Mitts","10950","Size - S","2","155","83.25","0"
"ELITE-260GEPE","15165","Moosehide Mitts","10951","Size - M","1","155","83.25","0"
"ELITE-260GEPE","15165","Moosehide Mitts","10952","Size - L","2","155","83.25","0"
"ELITE-260GEPE","15165","Moosehide Mitts","10953","Size - XL","0","155","83.25","0"
"W12001-7","15166","Card - Dialogue","","Card - Dialogue","0","5.5","2.5","0"
"A08013-2","15167","Ltd Edition - New Day","10954","Frame Options - Black rustic frame 1""","0","335","0","0"
"A08013-2","15167","Ltd Edition - New Day","10955","Frame Options - Brown rustic frame 1""","0","335","0","0"
"A08013-2","15167","Ltd Edition - New Day","10956","Frame Options - Grey rustic frame 1""","0","335","0","0"
"A08013-2","15167","Ltd Edition - New Day","10957","Frame Options - Without frame ","3","170","0","74"
"A10004-2","15168","Ltd Edition - Merging Earth and Sky","10958","Frame Options - Black rustic frame 1""","0","335","0","0"
"A10004-2","15168","Ltd Edition - Merging Earth and Sky","10959","Frame Options - Brown rustic frame 1""","0","335","0","0"
"A10004-2","15168","Ltd Edition - Merging Earth and Sky","10960","Frame Options - Grey rustic frame 1""","0","335","0","0"
"A10004-2","15168","Ltd Edition - Merging Earth and Sky","10961","Frame Options - Without frame ","1","170","0","74"
"A10012-2","15169","Ltd Edition - Sky Sisters","10962","Frame Options - Black rustic frame 1""","0","335","0","0"
"A10012-2","15169","Ltd Edition - Sky Sisters","10963","Frame Options - Brown rustic frame 1""","0","335","0","0"
"A10012-2","15169","Ltd Edition - Sky Sisters","10964","Frame Options - Grey rustic frame 1""","0","335","0","0"
"A10012-2","15169","Ltd Edition - Sky Sisters","10965","Frame Options - Without frame ","1","170","0","74"
"A08011-2","15170","Ltd Edition - Whisper","10966","Frame Options - Black rustic frame 1""","0","295","0","0"
"A08011-2","15170","Ltd Edition - Whisper","10967","Frame Options - Brown rustic frame 1""","0","295","0","0"
"A08011-2","15170","Ltd Edition - Whisper","10968","Frame Options - Grey rustic frame 1""","0","295","0","0"
"A08011-2","15170","Ltd Edition - Whisper","10969","Frame Options - Without frame ","3","130","0","65"
"W13047-6","15171","Small Print - Inner Memories","","Small Print - Inner Memories","0","25","0","0"
"A16052-6","15172","Small Print - Zenith","","Small Print - Zenith","0","25","0","0"
"W13025-POD2569","15173","Matted Print - Passage","","Matted Print - Passage","0","20","7.5","0"
"A07020-20080","15174","Card - Journey to the Spirit World","","Card - Journey to the Spirit World","12","6.35","2.75","0"
"W12018-POD2551","15175","Matted Print - Early Evening Flowing Into Fall","","Matted Print - Early Evening Flowing Into Fall","0","20","7.5","0"
"W13047-POD2560","15176","Matted Print - Inner Memories","","Matted Print - Inner Memories","3","20","7.5","0"
"W18053-POD2883","15177","Matted Print - Northern Masters","","Matted Print - Northern Masters","1","20","7.5","0"
"SCA0201NC0IA","15178","Aspen Scarf ""Wisdom Keepers""","","Aspen Scarf ""Wisdom Keepers""","4","79","19.55","0"
"A10046-POD2553","15179","Matted Print - Geese Spirit","","Matted Print - Geese Spirit","3","20","7.5","0"
"MSW0201NC02A","15180","James Sweater ""Depth""","10970","Size - S","0","149","63.5","0"
"MSW0201NC02A","15180","James Sweater ""Depth""","10971","Size - M","0","149","63.5","0"
"MSW0201NC02A","15180","James Sweater ""Depth""","10972","Size - L","0","149","63.5","0"
"MSW0201NC02A","15180","James Sweater ""Depth""","10973","Size - XL","0","149","63.5","0"
"MSW0201NC02A","15180","James Sweater ""Depth""","10974","Size - XS","0","149","63.5","0"
"A16058-UAC6201NC04A","15181","Arthur Pillow ""Silent Seekers""","","Arthur Pillow ""Silent Seekers""","5","59","21","0"
"UAC6101NC07A","15182","Gustave Pillow ""Winter Wolves""","","Gustave Pillow ""Winter Wolves""","0","59","23","0"
"RES0201NC13A","15183","Océanne Beach ""Unity""","","Océanne Beach ""Unity""","0","99","40.5","0"
"RES0201NC0FA","15185","Océanne Beach ""New Day""","","Océanne Beach ""New Day""","0","99","40.5","0"
"A08019-RES0101NC3A2","15186","Marina Beach ""Unity""","","Marina Beach ""Unity""","0","109","46","0"
"A08013-RES0101NC0FA","15187","Marina Beach ""New Day""","","Marina Beach ""New Day""","0","109","46","0"
"UAC6101NC01A","15188","Gustave Pillow ""Merging Earth and Sky""","","Gustave Pillow ""Merging Earth and Sky""","3","59","23","0"
"UAC6101NC04A","15189","Gustave Pillow ""Silent Seekers""","","Gustave Pillow ""Silent Seekers""","0","59","23","0"
"A16059-POD2582C","15190","Canvas - Wisdom Keepers","10978","Frame Options - Without frame 20"" x 10""","0","65","17","0"
"A16059-POD2582C","15190","Canvas - Wisdom Keepers","10979","Frame Options - Without frame 10"" x 8"" ","1","40","17","17"
"A10012-POD2565C","15191","Canvas - Sky Sisters","","Canvas - Sky Sisters","3","40","17","0"
"A13025-POD2569C","15192","Canvas - Passage","","Canvas - Passage","0","40","17","0"
"A08013-POD2584C","15193","Canvas - New Day","","Canvas - New Day","1","40","17","0"
"A17064-POD2563C","15194","Canvas - Motter Love","","Canvas - Motter Love","1","55","17","0"
"A01028-POD2555C","15195","Canvas - Giving Thanks","","Canvas - Giving Thanks","1","40","17","0"
"A00048-6","15196","Canvas - Protector","10980","Frame Options - Wood floater frame black","0","395","0","0"
"A00048-6","15196","Canvas - Protector","10981","Frame Options - Wood floater frame brown","0","395","0","0"
"A00048-6","15196","Canvas - Protector","10982","Frame Options - Wood floater frame pewter","0","395","0","0"
"A00048-6","15196","Canvas - Protector","10983","Frame Options - Without frame ","0","295","0","0"
"A01036-WBL0301NC0ZA","15197","Frida Cardigan ""Teachings""","10984","Size - S","0","129","52.5","0"
"A01036-WBL0301NC0ZA","15197","Frida Cardigan ""Teachings""","10985","Size - M","0","129","52.5","0"
"A01036-WBL0301NC0ZA","15197","Frida Cardigan ""Teachings""","10986","Size - L","0","129","52.5","0"
"A01036-WBL0301NC0ZA","15197","Frida Cardigan ""Teachings""","10987","Size - XL","0","129","52.5","0"
"A01036-WBL0301NC0ZA","15197","Frida Cardigan ""Teachings""","10988","Size - XS","0","129","52.5","0"
"W13023-WNS0701NC11A","15202","Coco Tank ""Water and Spirit Buffalo at Sunset""","10989","Size - S","0","79","34.35","0"
"W13023-WNS0701NC11A","15202","Coco Tank ""Water and Spirit Buffalo at Sunset""","10990","Size - M","0","79","34.35","0"
"W13023-WNS0701NC11A","15202","Coco Tank ""Water and Spirit Buffalo at Sunset""","10991","Size - L","0","79","34.35","0"
"W13023-WNS0701NC11A","15202","Coco Tank ""Water and Spirit Buffalo at Sunset""","10992","Size - XL","0","79","34.35","0"
"W13023-WNS0701NC11A","15202","Coco Tank ""Water and Spirit Buffalo at Sunset""","10993","Size - XS","0","79","34.35","0"
"WSS1801NC14A","15203","Julie Drape ""Rebirth""","10994","Size - S","0","79","35.5","0"
"WSS1801NC14A","15203","Julie Drape ""Rebirth""","10995","Size - M","0","79","35.5","0"
"WSS1801NC14A","15203","Julie Drape ""Rebirth""","10996","Size - L","0","79","35.5","0"
"WSS1801NC14A","15203","Julie Drape ""Rebirth""","10997","Size - XL","0","79","35.5","0"
"WSS1801NC14A","15203","Julie Drape ""Rebirth""","10998","Size - XS","0","79","35.5","0"
"A17065-UAC0301NC0CB","15207","Pablo Pillow ""Forest Temple II""","","Pablo Pillow ""Forest Temple II""","0","59","21","0"
"A16058-WPA0701NC04A","15214","Parma Capri ""Silent Seekers""","11029","Size - S","0","129","55.5","0"
"A16058-WPA0701NC04A","15214","Parma Capri ""Silent Seekers""","11030","Size - M","0","129","55.5","0"
"A16058-WPA0701NC04A","15214","Parma Capri ""Silent Seekers""","11031","Size - L","0","129","55.5","0"
"A16058-WPA0701NC04A","15214","Parma Capri ""Silent Seekers""","11032","Size - XL","0","129","55.5","0"
"A16058-WPA0701NC04A","15214","Parma Capri ""Silent Seekers""","11033","Size - XS","0","129","55.5","0"
"A14051-WPA0701NCOTA","15215","Parma Capri ""Gezaluwejit""","11034","Size - S","0","129","55.5","0"
"A14051-WPA0701NCOTA","15215","Parma Capri ""Gezaluwejit""","11035","Size - M","0","129","55.5","0"
"A14051-WPA0701NCOTA","15215","Parma Capri ""Gezaluwejit""","11036","Size - L","0","129","55.5","0"
"A14051-WPA0701NCOTA","15215","Parma Capri ""Gezaluwejit""","11037","Size - XL","0","129","55.5","0"
"A14051-WPA0701NCOTA","15215","Parma Capri ""Gezaluwejit""","11038","Size - XS","0","129","55.5","0"
"W12018-UAC1201NC0DA","15216","Arthur Pillow ""Early Evening Flowing into Fall""","","Arthur Pillow ""Early Evening Flowing into Fall""","6","59","21","0"
"W12018-WSS1401NC0DA","15217","Kiki T-Shirt ""Early Evening Flowing into Fall"" Plus Size","11039","Size - 2X","0","89","32","0"
"W12018-WSS1401NC0DA","15217","Kiki T-Shirt ""Early Evening Flowing into Fall"" Plus Size","11040","Size - 3X","0","89","32","0"
"W12018-WSS1401NC0DA","15217","Kiki T-Shirt ""Early Evening Flowing into Fall"" Plus Size","11041","Size - 1X","0","89","32","0"
"A91063-1","15219","Canvas - Kouragimut","11042","Frame Options - Wood floater frame black","0","395","0","0"
"A91063-1","15219","Canvas - Kouragimut","11043","Frame Options - Wood floater frame brown","0","395","0","0"
"A91063-1","15219","Canvas - Kouragimut","11044","Frame Options - Wood floater frame pewter","0","395","0","0"
"A91063-1","15219","Canvas - Kouragimut","11045","Frame Options - Without frame ","0","295","0","0"
"A91063-2","15220","Ltd Edition - Kouragimut","11046","Frame Options - Black rustic frame 1""","0","335","0","0"
"A91063-2","15220","Ltd Edition - Kouragimut","11047","Frame Options - Brown rustic frame 1""","0","335","0","0"
"A91063-2","15220","Ltd Edition - Kouragimut","11048","Frame Options - Grey rustic frame 1""","0","335","0","0"
"A91063-2","15220","Ltd Edition - Kouragimut","11049","Frame Options - Without frame ","0","170","0","74"
"A91063-7","15221","Card - Kouragimut","","Card - Kouragimut","0","5.5","2.5","0"
"A18066-POD2885","15222","Card - Under the Same Sky","","Card - Under the Same Sky","19","6.35","2.75","0"
"A18062-1","15223","Canvas - Humility","11050","Frame Options - Wood floater frame black","0","290","0","0"
"A18062-1","15223","Canvas - Humility","11051","Frame Options - Wood floater frame brown","0","290","0","0"
"A18062-1","15223","Canvas - Humility","11052","Frame Options - Wood floater frame pewter","0","290","0","0"
"A18062-1","15223","Canvas - Humility","11053","Frame Options - Without frame ","0","190","0","0"
"A19054-1","15224","Canvas - Footprint","11054","Frame Options - Wood floater frame black","0","395","0","0"
"A19054-1","15224","Canvas - Footprint","11055","Frame Options - Wood floater frame brown","0","395","0","0"
"A19054-1","15224","Canvas - Footprint","11056","Frame Options - Wood floater frame pewter","0","395","0","0"
"A19054-1","15224","Canvas - Footprint","11057","Frame Options - Without frame ","0","295","0","0"
"A16059-WDR3201NC0IB","15225","Michelle Dress ""Wisdom Keepers""","11058","Size - S","0","159","67.5","0"
"A16059-WDR3201NC0IB","15225","Michelle Dress ""Wisdom Keepers""","11059","Size - M","0","159","67.5","0"
"A16059-WDR3201NC0IB","15225","Michelle Dress ""Wisdom Keepers""","11060","Size - L","0","159","67.5","0"
"A16059-WDR3201NC0IB","15225","Michelle Dress ""Wisdom Keepers""","11061","Size - XL","0","159","67.5","0"
"A16059-WDR3201NC0IB","15225","Michelle Dress ""Wisdom Keepers""","11062","Size - XS","0","159","67.5","0"
"W17062-WAC0201NC0GC","15226","Duncan Shawl ""Horizon""","","Duncan Shawl ""Horizon""","0","69","27","0"
"WDR1601NC08A","15227","Patti Tunic ""Giving Thanks""","11063","Size - S","0","129","50.5","0"
"WDR1601NC08A","15227","Patti Tunic ""Giving Thanks""","11064","Size - M","0","129","50.5","0"
"WDR1601NC08A","15227","Patti Tunic ""Giving Thanks""","11065","Size - L","0","129","50.5","0"
"WDR1601NC08A","15227","Patti Tunic ""Giving Thanks""","11066","Size - XL","0","129","50.5","0"
"WDR1601NC08A","15227","Patti Tunic ""Giving Thanks""","11067","Size - XS","0","129","50.5","0"
"A16059-WDR1001NC0FC","15230","Jeanne Dress ""New Day""","11078","Size - S","0","159","67","0"
"A16059-WDR1001NC0FC","15230","Jeanne Dress ""New Day""","11079","Size - M","0","159","67","0"
"A16059-WDR1001NC0FC","15230","Jeanne Dress ""New Day""","11080","Size - L","0","159","67","0"
"A16059-WDR1001NC0FC","15230","Jeanne Dress ""New Day""","11081","Size - XL","0","159","67","0"
"A16059-WDR1001NC0FC","15230","Jeanne Dress ""New Day""","11082","Size - XS","0","159","67","0"
"A01028-WDR3101NC08A","15232","Marianne Flare Dress ""Giving Thanks""","11083","Size - L","0","139","64.5","0"
"A08013-WDR2901NC0FA","15238","Joni Dress ""New Day""","11105","Size - S","0","139","59.1","0"
"A08013-WDR2901NC0FA","15238","Joni Dress ""New Day""","11106","Size - M","0","139","59.1","0"
"A08013-WDR2901NC0FA","15238","Joni Dress ""New Day""","11107","Size - L","0","139","59.1","0"
"A08013-WDR2901NC0FA","15238","Joni Dress ""New Day""","11108","Size - XL","0","139","59.1","0"
"A08013-WDR2901NC0FA","15238","Joni Dress ""New Day""","11109","Size - XS","0","139","59.1","0"
"A08013-WDR2601NC0FD","15239","Kate Dress ""New Day""","11110","Size - S","0","169","64.5","0"
"A08013-WDR2601NC0FD","15239","Kate Dress ""New Day""","11111","Size - M","0","169","64.5","0"
"A08013-WDR2601NC0FD","15239","Kate Dress ""New Day""","11112","Size - L","0","169","64.5","0"
"A08013-WDR2601NC0FD","15239","Kate Dress ""New Day""","11113","Size - XL","0","169","64.5","0"
"A08013-WDR2601NC0FD","15239","Kate Dress ""New Day""","11114","Size - XS","0","169","64.5","0"
"A08013-WSS0901NC0FB","15240","K Smith T-Shirt ""New Day""","11115","Size - S","0","89","35","0"
"A08013-WSS0901NC0FB","15240","K Smith T-Shirt ""New Day""","11116","Size - M","0","89","35","0"
"A08013-WSS0901NC0FB","15240","K Smith T-Shirt ""New Day""","11117","Size - L","0","89","35","0"
"A08013-WSS0901NC0FB","15240","K Smith T-Shirt ""New Day""","11118","Size - XL","0","89","35","0"
"A08013-WSS0901NC0FB","15240","K Smith T-Shirt ""New Day""","11119","Size - XS","0","89","35","0"
"A10004-MSS0701NC01A","15241","Salvadore Tee for Men ""Merging Earth and Sky""","11120","Size - S","0","89","36","0"
"A10004-MSS0701NC01A","15241","Salvadore Tee for Men ""Merging Earth and Sky""","11121","Size - M","0","89","36","0"
"A10004-MSS0701NC01A","15241","Salvadore Tee for Men ""Merging Earth and Sky""","11122","Size - L","0","89","36","0"
"A10004-MSS0701NC01A","15241","Salvadore Tee for Men ""Merging Earth and Sky""","11123","Size - XL","0","89","36","0"
"A10004-MSS0701NC01A","15241","Salvadore Tee for Men ""Merging Earth and Sky""","11124","Size - XS","0","89","36","0"
"A08013-UAC1801NC0FB","15242","Pablo Pillow ""New Day""","","Pablo Pillow ""New Day""","0","59","21","0"
"W18053-UAC1801NC0JB","15243","Pablo Pillow ""Northern Masters""","","Pablo Pillow ""Northern Masters""","0","59","21","0"
"A13041-WNS0801NC0EC","15244","Kaplan Tank ""Lapinx""","11125","Size - S","0","129","60","0"
"A13041-WNS0801NC0EC","15244","Kaplan Tank ""Lapinx""","11126","Size - M","0","129","60","0"
"A13041-WNS0801NC0EC","15244","Kaplan Tank ""Lapinx""","11127","Size - L","0","129","60","0"
"A13041-WNS0801NC0EC","15244","Kaplan Tank ""Lapinx""","11128","Size - XL","0","129","60","0"
"A13041-WNS0801NC0EC","15244","Kaplan Tank ""Lapinx""","11129","Size - XS","0","129","60","0"
"A08011-WNS0801NC0HB","15245","Kaplan Tank ""Whisper""","11130","Size - S","0","129","60","0"
"A08011-WNS0801NC0HB","15245","Kaplan Tank ""Whisper""","11131","Size - M","0","129","60","0"
"A08011-WNS0801NC0HB","15245","Kaplan Tank ""Whisper""","11132","Size - L","0","129","60","0"
"A08011-WNS0801NC0HB","15245","Kaplan Tank ""Whisper""","11133","Size - XL","0","129","60","0"
"A08011-WNS0801NC0HB","15245","Kaplan Tank ""Whisper""","11134","Size - XS","0","129","60","0"
"WDR1601NC0DA","15246","Patti Tunic ""Early Evening Flowing Into Fall""","11135","Size - S","0","129","50.5","0"
"WDR1601NC0DA","15246","Patti Tunic ""Early Evening Flowing Into Fall""","11136","Size - M","0","129","50.5","0"
"WDR1601NC0DA","15246","Patti Tunic ""Early Evening Flowing Into Fall""","11137","Size - L","0","129","50.5","0"
"WDR1601NC0DA","15246","Patti Tunic ""Early Evening Flowing Into Fall""","11138","Size - XL","0","129","50.5","0"
"WDR1601NC0DA","15246","Patti Tunic ""Early Evening Flowing Into Fall""","11139","Size - XS","0","129","50.5","0"
"WDR1601NC0FB","15247","Patti Tunic ""New Day""","11140","Size - S","0","129","50.5","0"
"WDR1601NC0FB","15247","Patti Tunic ""New Day""","11141","Size - M","0","129","50.5","0"
"WDR1601NC0FB","15247","Patti Tunic ""New Day""","11142","Size - L","0","129","50.5","0"
"WDR1601NC0FB","15247","Patti Tunic ""New Day""","11143","Size - XL","0","129","50.5","0"
"WDR1601NC0FB","15247","Patti Tunic ""New Day""","11144","Size - XS","0","129","50.5","0"
"A13041-WDR4101NC0EB","15248","Michelle II Dress ""Lapinx""","11145","Size - S","0","159","67.5","0"
"A13041-WDR4101NC0EB","15248","Michelle II Dress ""Lapinx""","11146","Size - M","0","159","67.5","0"
"A13041-WDR4101NC0EB","15248","Michelle II Dress ""Lapinx""","11147","Size - L","0","159","67.5","0"
"A13041-WDR4101NC0EB","15248","Michelle II Dress ""Lapinx""","11148","Size - XL","0","159","67.5","0"
"A13041-WDR4101NC0EB","15248","Michelle II Dress ""Lapinx""","11149","Size - XS","0","159","67.5","0"
"A16052-WBL0301NC0BA","15249","Frida Cardigan ""Zenith""","11150","Size - S","0","129","52.5","0"
"A16052-WBL0301NC0BA","15249","Frida Cardigan ""Zenith""","11151","Size - M","0","129","52.5","0"
"A16052-WBL0301NC0BA","15249","Frida Cardigan ""Zenith""","11152","Size - L","0","129","52.5","0"
"A16052-WBL0301NC0BA","15249","Frida Cardigan ""Zenith""","11153","Size - XL","0","129","52.5","0"
"A16052-WBL0301NC0BA","15249","Frida Cardigan ""Zenith""","11154","Size - XS","0","129","52.5","0"
"W12018-WSS0901NC0DA","15250","K Smith T-Shirt ""Early Evening Flowing into Fall""","11155","Size - S","0","89","35","0"
"W12018-WSS0901NC0DA","15250","K Smith T-Shirt ""Early Evening Flowing into Fall""","11156","Size - M","0","89","35","0"
"W12018-WSS0901NC0DA","15250","K Smith T-Shirt ""Early Evening Flowing into Fall""","11157","Size - L","0","89","35","0"
"W12018-WSS0901NC0DA","15250","K Smith T-Shirt ""Early Evening Flowing into Fall""","11158","Size - XL","0","89","35","0"
"W12018-WSS0901NC0DA","15250","K Smith T-Shirt ""Early Evening Flowing into Fall""","11159","Size - XS","0","89","35","0"
"A16059-UAC1801NC0IB","15251","Pablo Pillow ""Wisdom Keepers""","","Pablo Pillow ""Wisdom Keepers""","0","59","21","0"
"W12018-WDR2901NC0DA","15252","Joni Dress ""Early Evening Flowing into Fall""","11160","Size - S","0","139","59.1","0"
"W12018-WDR2901NC0DA","15252","Joni Dress ""Early Evening Flowing into Fall""","11161","Size - M","0","139","59.1","0"
"W12018-WDR2901NC0DA","15252","Joni Dress ""Early Evening Flowing into Fall""","11162","Size - L","0","139","59.1","0"
"W12018-WDR2901NC0DA","15252","Joni Dress ""Early Evening Flowing into Fall""","11163","Size - XL","0","139","59.1","0"
"W12018-WDR2901NC0DA","15252","Joni Dress ""Early Evening Flowing into Fall""","11164","Size - XS","0","139","59.1","0"
"A17065-WDR2901NC0CB","15253","Joni Dress ""Forest Temple""","11165","Size - S","0","139","59.1","0"
"A17065-WDR2901NC0CB","15253","Joni Dress ""Forest Temple""","11166","Size - M","0","139","59.1","0"
"A17065-WDR2901NC0CB","15253","Joni Dress ""Forest Temple""","11167","Size - L","0","139","59.1","0"
"A17065-WDR2901NC0CB","15253","Joni Dress ""Forest Temple""","11168","Size - XL","0","139","59.1","0"
"A17065-WDR2901NC0CB","15253","Joni Dress ""Forest Temple""","11169","Size - XS","0","139","59.1","0"
"A08011-UAC0301NC0HA","15254","Pablo Pillow ""Whisper""","","Pablo Pillow ""Whisper""","0","59","21","0"
"WDR1601NC04A","15255","Patti Tunic ""Silent Seekers""","11170","Size - S","0","129","50.5","0"
"WDR1601NC04A","15255","Patti Tunic ""Silent Seekers""","11171","Size - M","0","129","50.5","0"
"WDR1601NC04A","15255","Patti Tunic ""Silent Seekers""","11172","Size - L","0","129","50.5","0"
"WDR1601NC04A","15255","Patti Tunic ""Silent Seekers""","11173","Size - XL","0","129","50.5","0"
"WDR1601NC04A","15255","Patti Tunic ""Silent Seekers""","11174","Size - XS","0","129","50.5","0"
"WDR1601NC02A","15256","Patti Tunic ""Depth""","11175","Size - S","0","129","50.5","0"
"WDR1601NC02A","15256","Patti Tunic ""Depth""","11176","Size - M","0","129","50.5","0"
"WDR1601NC02A","15256","Patti Tunic ""Depth""","11177","Size - L","0","129","50.5","0"
"WDR1601NC02A","15256","Patti Tunic ""Depth""","11178","Size - XL","0","129","50.5","0"
"WDR1601NC02A","15256","Patti Tunic ""Depth""","11179","Size - XS","0","129","50.5","0"
"A16051-UAC1801NC05A","15257","Pablo Pillow ""Northern Keepers""","","Pablo Pillow ""Northern Keepers""","0","59","21","0"
"A17064-UAC1801NC03F","15258","Pablo Pillow ""Motter Love""","","Pablo Pillow ""Motter Love""","0","59","21","0"
"A16058-WPA0401NC04A","15259","Jackie Legging ""Silent Seekers""","11180","Size - S","0","109","44.01","0"
"A16058-WPA0401NC04A","15259","Jackie Legging ""Silent Seekers""","11181","Size - M","0","109","44.01","0"
"A16058-WPA0401NC04A","15259","Jackie Legging ""Silent Seekers""","11182","Size - L","0","109","44.01","0"
"A16058-WPA0401NC04A","15259","Jackie Legging ""Silent Seekers""","11183","Size - XL","0","109","44.01","0"
"A16058-WPA0401NC04A","15259","Jackie Legging ""Silent Seekers""","11184","Size - XS","0","109","44.01","0"
"W18053-1","15261","Canvas - Northern Masters","11190","Frame Options - Wood floater frame black","0","395","0","0"
"W18053-1","15261","Canvas - Northern Masters","11191","Frame Options - Wood floater frame brown","0","395","0","0"
"W18053-1","15261","Canvas - Northern Masters","11192","Frame Options - Wood floater frame pewter","0","395","0","0"
"W18053-1","15261","Canvas - Northern Masters","11193","Frame Options - Without frame ","0","295","0","0"
"W17062-1","15262","Canvas - Horizon","11194","Frame Options - Wood floater frame black","0","395","0","0"
"W17062-1","15262","Canvas - Horizon","11195","Frame Options - Wood floater frame brown","0","395","0","0"
"W17062-1","15262","Canvas - Horizon","11196","Frame Options - Wood floater frame pewter","0","395","0","0"
"W17062-1","15262","Canvas - Horizon","11197","Frame Options - Without frame ","0","295","0","0"
"W13023-1","15263","Canvas - Water and Spirit Buffalo","11198","Frame Options - Wood floater frame black","0","395","0","0"
"W13023-1","15263","Canvas - Water and Spirit Buffalo","11199","Frame Options - Wood floater frame brown","0","395","0","0"
"W13023-1","15263","Canvas - Water and Spirit Buffalo","11200","Frame Options - Wood floater frame pewter","0","395","0","0"
"W13023-1","15263","Canvas - Water and Spirit Buffalo","11201","Frame Options - Without frame ","0","295","0","0"
"A13053-1","15264","Canvas - Roots Of Another World","11202","Frame Options - Wood floater frame black","0","395","0","0"
"A13053-1","15264","Canvas - Roots Of Another World","11203","Frame Options - Wood floater frame brown","0","395","0","0"
"A13053-1","15264","Canvas - Roots Of Another World","11204","Frame Options - Wood floater frame pewter","0","395","0","0"
"A13053-1","15264","Canvas - Roots Of Another World","11205","Frame Options - Without frame ","0","295","0","0"
"W13027-1","15265","Canvas - Playing With Shadows","11206","Frame Options - Wood floater frame black","0","395","0","0"
"W13027-1","15265","Canvas - Playing With Shadows","11207","Frame Options - Wood floater frame brown","0","395","0","0"
"W13027-1","15265","Canvas - Playing With Shadows","11208","Frame Options - Wood floater frame pewter","0","395","0","0"
"W13027-1","15265","Canvas - Playing With Shadows","11209","Frame Options - Without frame ","0","295","0","0"
"W13026-1","15266","Canvas - In Her World","11210","Frame Options - Wood floater frame black","0","395","0","0"
"W13026-1","15266","Canvas - In Her World","11211","Frame Options - Wood floater frame brown","0","395","0","0"
"W13026-1","15266","Canvas - In Her World","11212","Frame Options - Wood floater frame pewter","0","395","0","0"
"W13026-1","15266","Canvas - In Her World","11213","Frame Options - Without frame ","0","295","0","0"
"A95053-1","15267","Canvas - Messenger","11214","Frame Options - Wood floater frame black","0","395","0","0"
"A95053-1","15267","Canvas - Messenger","11215","Frame Options - Wood floater frame brown","0","395","0","0"
"A95053-1","15267","Canvas - Messenger","11216","Frame Options - Wood floater frame pewter","0","395","0","0"
"A95053-1","15267","Canvas - Messenger","11217","Frame Options - Without frame ","0","295","0","0"
"A16051-1","15268","Canvas - Northern Keepers","11218","Frame Options - Wood floater frame black","0","495","0","0"
"A16051-1","15268","Canvas - Northern Keepers","11219","Frame Options - Wood floater frame brown","0","495","0","0"
"A16051-1","15268","Canvas - Northern Keepers","11220","Frame Options - Wood floater frame pewter","0","495","0","0"
"A16051-1","15268","Canvas - Northern Keepers","11221","Frame Options - Without frame 16"" x 20""","0","295","0","0"
"A16051-1","15268","Canvas - Northern Keepers","11222","Frame Options - Without frame 33"" x 44""","0","695","0","0"
"A16051-1","15268","Canvas - Northern Keepers","11223","Frame Options - Without frame 18"" x 24""","0","395","0","0"
"A13057-1","15269","Canvas - Origins","11224","Frame Options - Wood floater frame black","0","290","0","0"
"A13057-1","15269","Canvas - Origins","11225","Frame Options - Wood floater frame brown","0","290","0","0"
"A13057-1","15269","Canvas - Origins","11226","Frame Options - Wood floater frame pewter","0","290","0","0"
"A13057-1","15269","Canvas - Origins","11227","Frame Options - Without frame ","0","190","0","0"
"A13056-1","15270","Canvas - Otherness","11228","Frame Options - Wood floater frame black","0","325","0","0"
"A13056-1","15270","Canvas - Otherness","11229","Frame Options - Wood floater frame brown","0","325","0","0"
"A13056-1","15270","Canvas - Otherness","11230","Frame Options - Wood floater frame pewter","0","325","0","0"
"A13056-1","15270","Canvas - Otherness","11231","Frame Options - Without frame ","0","225","0","0"
"A10044-1","15271","Canvas - The Return","11232","Frame Options - Wood floater frame black","0","395","0","0"
"A10044-1","15271","Canvas - The Return","11233","Frame Options - Wood floater frame brown","0","395","0","0"
"A10044-1","15271","Canvas - The Return","11234","Frame Options - Wood floater frame pewter","0","395","0","0"
"A10044-1","15271","Canvas - The Return","11235","Frame Options - Without frame ","0","295","0","0"
"A16055-1","15272","Canvas - Abundance","11236","Frame Options - Wood floater frame black","0","395","0","0"
"A16055-1","15272","Canvas - Abundance","11237","Frame Options - Wood floater frame brown","0","395","0","0"
"A16055-1","15272","Canvas - Abundance","11238","Frame Options - Wood floater frame pewter","0","395","0","0"
"A16055-1","15272","Canvas - Abundance","11239","Frame Options - Without frame ","0","295","0","0"
"A09054-1","15273","Canvas - Tranquility","11240","Frame Options - Wood floater frame black","0","395","0","0"
"A09054-1","15273","Canvas - Tranquility","11241","Frame Options - Wood floater frame brown","0","395","0","0"
"A09054-1","15273","Canvas - Tranquility","11242","Frame Options - Wood floater frame pewter","0","395","0","0"
"A09054-1","15273","Canvas - Tranquility","11243","Frame Options - Without frame ","0","295","0","0"
"A04060-1","15274","Canvas - Passing Through","11244","Frame Options - Wood floater frame black","0","290","0","0"
"A04060-1","15274","Canvas - Passing Through","11245","Frame Options - Wood floater frame brown","0","290","0","0"
"A04060-1","15274","Canvas - Passing Through","11246","Frame Options - Wood floater frame pewter","0","290","0","0"
"A04060-1","15274","Canvas - Passing Through","11247","Frame Options - Without frame ","0","190","0","0"
"A01003-1","15275","Canvas - Sky Girl","11248","Frame Options - Wood floater frame brown","0","395","0","0"
"A01003-1","15275","Canvas - Sky Girl","11249","Frame Options - Wood floater frame black","0","395","0","0"
"A01003-1","15275","Canvas - Sky Girl","11250","Frame Options - Wood floater frame pewter","0","395","0","0"
"A01003-1","15275","Canvas - Sky Girl","11251","Frame Options - Without frame ","0","295","0","0"
"W12018-1","15276","Canvas - Early evening flowing into fall","11252","Frame Options - Wood floater frame black","0","395","0","0"
"W12018-1","15276","Canvas - Early evening flowing into fall","11253","Frame Options - Wood floater frame brown","0","395","0","0"
"W12018-1","15276","Canvas - Early evening flowing into fall","11254","Frame Options - Wood floater frame pewter","0","395","0","0"
"W12018-1","15276","Canvas - Early evening flowing into fall","11255","Frame Options - Without frame ","0","295","0","0"
"W12016-1","15277","Canvas - Going Home","11256","Frame Options - Wood floater frame black","0","395","0","0"
"W12016-1","15277","Canvas - Going Home","11257","Frame Options - Wood floater frame brown","0","395","0","0"
"W12016-1","15277","Canvas - Going Home","11258","Frame Options - Wood floater frame pewter","0","395","0","0"
"W12016-1","15277","Canvas - Going Home","11259","Frame Options - Without frame ","0","295","0","0"
"W12005-1","15278","Canvas - Earth keeper","11260","Frame Options - Wood floater frame black","0","395","0","0"
"W12005-1","15278","Canvas - Earth keeper","11261","Frame Options - Wood floater frame brown","0","395","0","0"
"W12005-1","15278","Canvas - Earth keeper","11262","Frame Options - Wood floater frame pewter","0","395","0","0"
"W12005-1","15278","Canvas - Earth keeper","11263","Frame Options - Without frame ","0","295","0","0"
"W12014-1","15279","Canvas - Gate of Silk","11264","Frame Options - Wood floater frame black","0","395","0","0"
"W12014-1","15279","Canvas - Gate of Silk","11265","Frame Options - Wood floater frame brown","0","395","0","0"
"W12014-1","15279","Canvas - Gate of Silk","11266","Frame Options - Wood floater frame pewter","0","395","0","0"
"W12014-1","15279","Canvas - Gate of Silk","11267","Frame Options - Without frame ","0","295","0","0"
"W12008-1","15280","Canvas - Winter Wolves","11268","Frame Options - Wood floater frame black","0","395","0","0"
"W12008-1","15280","Canvas - Winter Wolves","11269","Frame Options - Wood floater frame brown","0","395","0","0"
"W12008-1","15280","Canvas - Winter Wolves","11270","Frame Options - Wood floater frame pewter","0","395","0","0"
"W12008-1","15280","Canvas - Winter Wolves","11271","Frame Options - Without frame ","0","295","0","0"
"W12017-1","15281","Canvas - Synchronicity","11272","Frame Options - Wood floater frame black","0","395","0","0"
"W12017-1","15281","Canvas - Synchronicity","11273","Frame Options - Wood floater frame brown","0","395","0","0"
"W12017-1","15281","Canvas - Synchronicity","11274","Frame Options - Wood floater frame pewter","0","395","0","0"
"W12017-1","15281","Canvas - Synchronicity","11275","Frame Options - Without frame ","0","295","0","0"
"W13025-1","15282","Canvas - Passage","11276","Frame Options - Wood floater frame black","0","395","0","0"
"W13025-1","15282","Canvas - Passage","11277","Frame Options - Wood floater frame brown","0","395","0","0"
"W13025-1","15282","Canvas - Passage","11278","Frame Options - Wood floater frame pewter","0","395","0","0"
"W13025-1","15282","Canvas - Passage","11279","Frame Options - Without frame ","1","295","0","0"
"A04039-1","15283","Canvas - Nostalgia","11280","Frame Options - Wood floater frame black","0","290","0","0"
"A04039-1","15283","Canvas - Nostalgia","11281","Frame Options - Wood floater frame brown","0","290","0","0"
"A04039-1","15283","Canvas - Nostalgia","11282","Frame Options - Wood floater frame pewter","0","290","0","0"
"A04039-1","15283","Canvas - Nostalgia","11283","Frame Options - Without frame ","0","190","0","0"
"A04015-1","15284","Canvas - Rebirth","11284","Frame Options - Wood floater frame black","0","290","0","0"
"A04015-1","15284","Canvas - Rebirth","11285","Frame Options - Wood floater frame brown","0","290","0","0"
"A04015-1","15284","Canvas - Rebirth","11286","Frame Options - Wood floater frame pewter","0","290","0","0"
"A04015-1","15284","Canvas - Rebirth","11287","Frame Options - Without frame ","0","190","0","0"
"A10004-1","15285","Canvas - Merging Earth and Sky","11288","Frame Options - Wood floater frame black","0","395","0","0"
"A10004-1","15285","Canvas - Merging Earth and Sky","11289","Frame Options - Wood floater frame brown","0","395","0","0"
"A10004-1","15285","Canvas - Merging Earth and Sky","11290","Frame Options - Wood floater frame pewter","0","395","0","0"
"A10004-1","15285","Canvas - Merging Earth and Sky","11291","Frame Options - Without frame ","0","295","0","0"
"A10012-1","15286","Canvas - Sky Sisters","11292","Frame Options - Wood floater frame black","0","395","0","0"
"A10012-1","15286","Canvas - Sky Sisters","11293","Frame Options - Wood floater frame brown","0","395","0","0"
"A10012-1","15286","Canvas - Sky Sisters","11294","Frame Options - Wood floater frame pewter","0","395","0","0"
"A10012-1","15286","Canvas - Sky Sisters","11295","Frame Options - Without frame ","0","295","0","0"
"A01034-1","15287","Canvas - Reaching Out","11296","Frame Options - Wood floater frame black","0","395","0","0"
"A01034-1","15287","Canvas - Reaching Out","11297","Frame Options - Wood floater frame brown","0","395","0","0"
"A01034-1","15287","Canvas - Reaching Out","11298","Frame Options - Wood floater frame pewter","0","395","0","0"
"A01034-1","15287","Canvas - Reaching Out","11299","Frame Options - Without frame ","0","295","0","0"
"A01036-1","15288","Canvas - Teachings","11300","Frame Options - Wood floater frame black","0","395","0","0"
"A01036-1","15288","Canvas - Teachings","11301","Frame Options - Wood floater frame brown","0","395","0","0"
"A01036-1","15288","Canvas - Teachings","11302","Frame Options - Wood floater frame pewter","0","395","0","0"
"A01036-1","15288","Canvas - Teachings","11303","Frame Options - Without frame ","0","295","0","0"
"A01033-1","15289","Canvas - New Fire","11304","Frame Options - Wood floater frame black","0","395","0","0"
"A01033-1","15289","Canvas - New Fire","11305","Frame Options - Wood floater frame brown","0","395","0","0"
"A01033-1","15289","Canvas - New Fire","11306","Frame Options - Wood floater frame pewter","0","395","0","0"
"A01033-1","15289","Canvas - New Fire","11307","Frame Options - Without frame ","0","295","0","0"
"A01032-1","15290","Canvas - Moon Wisdom","11308","Frame Options - Wood floater frame black","0","395","0","0"
"A01032-1","15290","Canvas - Moon Wisdom","11309","Frame Options - Wood floater frame brown","0","395","0","0"
"A01032-1","15290","Canvas - Moon Wisdom","11310","Frame Options - Wood floater frame pewter","0","395","0","0"
"A01032-1","15290","Canvas - Moon Wisdom","11311","Frame Options - Without frame ","0","295","0","0"
"A01028-1","15291","Canvas - Giving Thanks","11312","Frame Options - Wood floater frame black","0","395","0","0"
"A01028-1","15291","Canvas - Giving Thanks","11313","Frame Options - Wood floater frame brown","0","395","0","0"
"A01028-1","15291","Canvas - Giving Thanks","11314","Frame Options - Wood floater frame pewter","0","395","0","0"
"A01028-1","15291","Canvas - Giving Thanks","11315","Frame Options - Without frame ","0","295","0","0"
"A01030-1","15292","Canvas - Eagle Moon","11316","Frame Options - Wood floater frame black","0","395","0","0"
"A01030-1","15292","Canvas - Eagle Moon","11317","Frame Options - Wood floater frame brown","0","395","0","0"
"A01030-1","15292","Canvas - Eagle Moon","11318","Frame Options - Wood floater frame pewter","0","395","0","0"
"A01030-1","15292","Canvas - Eagle Moon","11319","Frame Options - Without frame ","0","295","0","0"
"W13027-2","15293","Ltd Edition - Playing With Shadows","11320","Frame Options - Black rustic frame 1""","0","335","0","0"
"W13027-2","15293","Ltd Edition - Playing With Shadows","11321","Frame Options - Brown rustic frame 1""","0","335","0","0"
"W13027-2","15293","Ltd Edition - Playing With Shadows","11322","Frame Options - Grey rustic frame 1""","0","335","0","0"
"W13027-2","15293","Ltd Edition - Playing With Shadows","11323","Frame Options - Without frame ","0","170","0","74"
"W13026-2","15294","Ltd Edition - In Her World","11324","Frame Options - Black rustic frame 1""","0","335","0","0"
"W13026-2","15294","Ltd Edition - In Her World","11325","Frame Options - Brown rustic frame 1""","0","335","0","0"
"W13026-2","15294","Ltd Edition - In Her World","11326","Frame Options - Grey rustic frame 1""","0","335","0","0"
"W13026-2","15294","Ltd Edition - In Her World","11327","Frame Options - Without frame ","0","170","0","70.73"
"A16052-2","15295","Ltd Edition - Zenith","11328","Frame Options - Black rustic frame 1""","0","305","0","0"
"A16052-2","15295","Ltd Edition - Zenith","11329","Frame Options - Brown rustic frame 1""","0","305","0","0"
"A16052-2","15295","Ltd Edition - Zenith","11330","Frame Options - Grey rustic frame 1""","0","305","0","0"
"A16052-2","15295","Ltd Edition - Zenith","11351","Frame Options - Without frame 2.25"" x 13.25""","0","120","0","48.45"
"A16052-2","15295","Ltd Edition - Zenith","11352","Frame Options - Without frame 3"" x 18""","0","140","0","66.65000000000001"
"A16052-2","15295","Ltd Edition - Zenith","11353","Frame Options - Without frame 4.5"" x 13.25""","0","155","0","0"
"A10044-2","15296","Ltd Edition - The Return","11332","Frame Options - Black rustic frame 1""","0","335","0","0"
"A10044-2","15296","Ltd Edition - The Return","11333","Frame Options - Brown rustic frame 1""","0","335","0","0"
"A10044-2","15296","Ltd Edition - The Return","11334","Frame Options - Grey rustic frame 1""","0","335","0","0"
"A10044-2","15296","Ltd Edition - The Return","11335","Frame Options - Without frame ","2","170","0","70.73"
"A07020-2","15297","Ltd Edition - Journey to the Spirit World","11336","Frame Options - Black rustic frame 1""","0","320","0","0"
"A07020-2","15297","Ltd Edition - Journey to the Spirit World","11337","Frame Options - Brown rustic frame 1""","0","320","0","0"
"A07020-2","15297","Ltd Edition - Journey to the Spirit World","11338","Frame Options - Grey rustic frame 1""","0","320","0","0"
"A07020-2","15297","Ltd Edition - Journey to the Spirit World","11339","Frame Options - Without frame ","3","170","0","74"
"A01028-2","15298","Ltd Edition - Giving Thanks","11340","Frame Options - Black rustic frame 1""","0","335","0","0"
"A01028-2","15298","Ltd Edition - Giving Thanks","11341","Frame Options - Brown rustic frame 1""","0","335","0","0"
"A01028-2","15298","Ltd Edition - Giving Thanks","11342","Frame Options - Grey rustic frame 1""","0","335","0","0"
"A01028-2","15298","Ltd Edition - Giving Thanks","11343","Frame Options - Without frame ","3","170","0","70.73"
"A13042-6","15299","Small Print - Carried Away","","Small Print - Carried Away","0","25","0","0"
"A09010-6","15300","Small Print - Mahigan","","Small Print - Mahigan","0","25","0","0"
"A10046-6","15301","Small Print - Geese Spirit","","Small Print - Geese Spirit","0","25","0","0"
"A01035-6","15302","Small Print - Strength Within","","Small Print - Strength Within","0","25","0","0"
"A09010-7","15303","Card - Mahigan","","Card - Mahigan","0","5.5","2.5","0"
"BBSS1-P","15305","BBSS1 Pendant ''Birch Bark''","","BBSS1 Pendant ''Birch Bark''","1","34.95","15","0"
"","15307","B.O SMPO48 turquoise","","B.O SMPO48 turquoise","0","185","0","0"
"","15308","BAGUE LABRADORITE 83218","","BAGUE LABRADORITE 83218","0","30","0","0"
"","15309","Semences variées","","Semences variées","123","3.99","0","0"
"","15310","poste","","poste","0","1","0","0"
"","15311","test-10","","test-10","1","10","0","0"
"","15312","test - cash","","test - cash","0","10","0","0"
"","15313","Semences fleurs sauvages","","Semences fleurs sauvages","3","3.99","0","0"
"","15314","test","","test","1","22","0","0"
"","15315","test zabi 2","","test zabi 2","1","20","0","0"
"","15316","shipping","","shipping","0","20","0","0"
"","15317","Ancestral wildflowers seeds","","Ancestral wildflowers seeds","125","3.99","0","0"
"","15318","Shipping","","Shipping","1","20","0","0"
"","15319","Foin d'odeur","","Foin d'odeur","0","20","0","0"
"","15320","Bague Argent 6.5","","Bague Argent 6.5","0","105","0","0"
"","15321","palo santo cone custum","","palo santo cone custum","0","7.5","0","0"
"","15323","petite boucle d'oreille turquoise 65569","","petite boucle d'oreille turquoise 65569","0","54","0","0"
"","15324","Earth's Essence Sweet Dreams","","Earth's Essence Sweet Dreams","0","11.95","0","0"
"","15325","bague amethyste 83848","","bague amethyste 83848","0","45","0","0"
"","15326","bague plume 83692 6","","bague plume 83692 6","0","35","0","0"
"","15327","petit pot 100 graise ours","","petit pot 100 graise ours","0","35","0","0"
"","15328","Pendentif Malachite LE-1436","","Pendentif Malachite LE-1436","0","75","0","0"
"","15329","Bague Argent","","Bague Argent","1","22","0","0"
"","15330","Jonc argent gr 5","","Jonc argent gr 5","0","22","0","0"
"","15331","Bracelet Rose Amour 13019","","Bracelet Rose Amour 13019","0","18","0","0"
"","15332","Bracelet Sodalite 13019","","Bracelet Sodalite 13019","0","20","0","0"
"","15333","Studs owl 65159","","Studs owl 65159","0","16","0","0"
"","15334","Cadre blanc Abondance","","Cadre blanc Abondance","0","16","0","0"
"","15335","Ring earring","","Ring earring","0","10.5","0","0"
"","15336","Colibri pendentif","","Colibri pendentif","1","440","0","0"
"","15337","B.O onyx 6407","","B.O onyx 6407","1","34","0","0"
"","15338","test","","test","1","5","0","0"
"","15339","Stars stud","","Stars stud","0","18","0","0"
"","15340","Balance paiement BDC 580652- 5 toiles","","Balance paiement BDC 580652- 5 toiles","0","757.5","0","0"
"","15341","test","","test","1","5","0","0"
"","15342","test","","test","1","5","0","0"
"","15343","test","","test","1","5","0","0"
"","15344","test","","test","1","5","0","0"
"","15345","test","","test","1","5","0","0"
"","15346","test","","test","1","1","0","0"
"","15347","test","","test","1","1","0","0"
"","15348","test","","test","1","1","0","0"
"","15349","test","","test","1","1","0","0"
"","15350","test","","test","1","1","0","0"
"","15351","test","","test","1","1","0","0"
"","15352","test","","test","1","1","0","0"
"","15353","test","","test","1","1","0","0"
"","15354","test","","test","1","1","0","0"
"","15355","test","","test","1","1","0","0"
"","15356","test","","test","1","1","0","0"
"","15357","test","","test","1","1","0","0"
"","15358","test","","test","1","1","0","0"
"","15359","test","","test","1","1","0","0"
"","15360","test","","test","1","1","0","0"
"","15361","test","","test","1","1","0","0"
"","15362","test","","test","1","1","0","0"
"","15363","test","","test","1","1","0","0"
"","15364","test","","test","1","1","0","0"
"","15365","test","","test","1","1","0","0"
"","15366","Plume MF2","","Plume MF2","0","5.45","0","0"
"","15367","test","","test","1","1","0","0"
"","15368","test rép","","test rép","1","1","0","0"
"","15369","test 2","","test 2","1","1","0","0"
"","15370","Coussin Northern Keepers","","Coussin Northern Keepers","0","59","0","0"
"","15371","Bague Méditation 82572 gr 13","","Bague Méditation 82572 gr 13","0","90","0","0"
"","15372","Cloutier 7456 L 11","","Cloutier 7456 L 11","0","119","0","0"
"","15375","Bx15 18 pouce chaine","","Bx15 18 pouce chaine","0","22","0","0"
"","15376","74815 colibri ambre","","74815 colibri ambre","0","58","0","0"
"","15377","mocassin B442 L9","","mocassin B442 L9","0","75","0","0"
"","15378","P-C lynx","","P-C lynx","0","18","0","0"
"","15379","Pierre polies","","Pierre polies","10","0.95","0","0"
"","15380","Pierres polies","","Pierres polies","0","9.5","0","0"
"","15381","Copper ring","","Copper ring","0","15","0","0"
"","15382","Pendantif Custom LP17B fait par artistes Zunis","","Pendantif Custom LP17B fait par artistes Zunis","0","400","0","0"
"","15383","test","","test","1","10","0","0"
"","15384","Colibri Zuni Turquoise et Opalite","","Colibri Zuni Turquoise et Opalite","0","1100","0","0"
"","15385","Barette perlage","","Barette perlage","0","34.5","0","0"
"","15386","Bob cat key chain","","Bob cat key chain","0","14","0","0"
"","15387","Dear antler key","","Dear antler key","0","9.949999999999999","0","0"
"","15388","Bruno Earrings","","Bruno Earrings","0","120","0","0"
"","15390","necklace large dents de loup","","necklace large dents de loup","0","30","0","0"
"","15391","Kokopelli reversible","","Kokopelli reversible","0","295","0","0"
"","15392","chain 20 inches box","","chain 20 inches box","0","24","0","0"
"","15393","Silver Hummingbird Studs 66706","","Silver Hummingbird Studs 66706","0","22","0","0"
"","15394","Loutre Mere 18/99","","Loutre Mere 18/99","0","130","0","0"
"","15395","Feather pendant 74232","","Feather pendant 74232","0","18","0","0"
"","15396","CD Anac","","CD Anac","0","15","0","0"
"","15397","hAMMERED RING 82218","","hAMMERED RING 82218","0","45","0","0"
"","15398","dc15-p","","dc15-p","0","8.949999999999999","0","0"
"","15399","HBANITA-BR Hides in Hands Purse","","HBANITA-BR Hides in Hands Purse","0","355","0","0"
"","15400","Dépot BDC580681 Couverture Mini Tipi Ceremony","","Dépot BDC580681 Couverture Mini Tipi Ceremony","0","100","0","0"
"","15401","Depot moc BDC580682","","Depot moc BDC580682","1","0","0","0"
"","15402","Depot moc BDC580682","","Depot moc BDC580682","0","43.49","0","0"
"","15403","Sage/Palo Santo Bundle","","Sage/Palo Santo Bundle","0","19.5","0","0"
"","15409","Bague pierre de lune 83457-10","","Bague pierre de lune 83457-10","0","75","0","0"
"","15410","Stud stars 65651","","Stud stars 65651","0","18","0","0"
"","15411","Stud fleche 66909","","Stud fleche 66909","0","28","0","0"
"","15412","Starfish stud","","Starfish stud","0","16","0","0"
"","15413","BX15-18","","BX15-18","0","22","0","0"
"","15414","Pendant 74322","","Pendant 74322","0","14","0","0"
"","15415","Pendant libellule 74734","","Pendant libellule 74734","0","14","0","0"
"00-04-085","15416","Killerwhale Box","","Killerwhale Box","0","56","24","0"
"","15417","Stud turtle opalite 66374","","Stud turtle opalite 66374","0","35","0","0"
"","15418","B.O 66904","","B.O 66904","0","70","0","0"
"","15419","Fairy stone","","Fairy stone","0","18","0","0"
"","15420","pierre de fées","","pierre de fées","1","18","0","0"
"BHFEATHERS","15421","Feather Earrings","11489","Totems - Bear","0","50","25","0"
"BHFEATHERS","15421","Feather Earrings","11490","Totems - Buffalo","0","50","25","0"
"BHFEATHERS","15421","Feather Earrings","11491","Totems - Eagle","0","50","25","0"
"BHFEATHERS","15421","Feather Earrings","11492","Totems - Hummingbird","0","50","25","0"
"BHFEATHERS","15421","Feather Earrings","11493","Totems - Strawberry","0","50","25","0"
"BHFEATHERS","15421","Feather Earrings","11494","Totems - Turtle","1","50","25","0"
"BHFEATHERS","15421","Feather Earrings","11495","Totems - Wolf","1","50","25","0"
"BHFEATHERS","15421","Feather Earrings","11496","Totems - Medicine Wheel","0","50","25","0"
"","15423","Sage palo santo","","Sage palo santo","0","19.5","0","0"
"BHROUNDMEDMS","15425","Fringed Earrings Multiple Strands","11546","Totems - Buffalo - Brown","0","140","70","0"
"BHROUNDMEDMS","15425","Fringed Earrings Multiple Strands","11547","Totems - Eagle - Tan","1","140","70","0"
"BHROUNDMEDMS","15425","Fringed Earrings Multiple Strands","11548","Totems - Eagle - Purple","1","140","70","0"
"BHROUNDMEDMS","15425","Fringed Earrings Multiple Strands","11549","Totems - Eagle - Turquoise","1","140","70","0"
"BHROUNDMEDMS","15425","Fringed Earrings Multiple Strands","11550","Totems - Loon - Turquoise","1","140","70","0"
"BHROUNDMEDMS","15425","Fringed Earrings Multiple Strands","11551","Totems - Turtle - Dark Green","1","140","70","0"
"BHROUNDMEDS","15426","Fringed Earrings Single Strand","11558","Totems - Bear - Tan","1","120","60","0"
"BHROUNDMEDS","15426","Fringed Earrings Single Strand","11559","Totems - Eagle - Tan","0","120","60","0"
"BHROUNDMEDS","15426","Fringed Earrings Single Strand","11560","Totems - Turtle - Black","0","120","60","0"
"BHTEARCONESTRAND","15427","Tear Drop Earrings With Strands","11564","Totems - Bear - Black","0","90","45","0"
"BHTEARCONESTRAND","15427","Tear Drop Earrings With Strands","11565","Totems - Eagle - Tan","1","90","45","0"
"BHTEARCONESTRAND","15427","Tear Drop Earrings With Strands","11566","Totems - Hummingbird - Dark Green","0","90","45","0"
"BHTEARCONESTRAND","15427","Tear Drop Earrings With Strands","11567","Totems - Turtle - Black","0","90","45","0"
"BHTEARSTRAND","15428","Tear Drop Earrings Single Strand","","Tear Drop Earrings Single Strand","0","60","30","0"
"BHXSSTRAND","15429","Fringed Earrings Single Strand","","Fringed Earrings Single Strand","0","60","30","0"
"BHHOOP","15430","Feather Earrings With Hoop","","Feather Earrings With Hoop","0","60","30","0"
"BHMEDROUND","15431","Round Earrings","11575","Totems - Buffalo","1","70","35","0"
"BHMEDROUND","15431","Round Earrings","11576","Totems - Eagle","1","70","35","0"
"BHMEDROUND","15431","Round Earrings","11577","Totems - Hummingbird","1","70","35","0"
"BHMEDROUND","15431","Round Earrings","11578","Totems - Turtle","1","70","35","0"
"BHMEDROUND","15431","Round Earrings","11579","Totems - Wolf","1","70","35","0"
"BHTRIANGLE","15432","Triangular Earrings","11580","Totems - Bear","1","70","35","0"
"BHTRIANGLE","15432","Triangular Earrings","11581","Totems - Buffalo","1","70","35","0"
"BHTRIANGLE","15432","Triangular Earrings","11582","Totems - Eagle","1","70","35","0"
"BHTRIANGLE","15432","Triangular Earrings","11583","Totems - Hummingbird","0","70","35","0"
"BHTRIANGLE","15432","Triangular Earrings","11584","Totems - Turtle","1","70","35","0"
"BHTRIANGLE","15432","Triangular Earrings","11585","Totems - Wolf","1","70","35","0"
"","15433","bague pierre de lune 83493","","bague pierre de lune 83493","1","50","0","0"
"","15434","collier keewatin griffe d'ours","","collier keewatin griffe d'ours","0","40","0","0"
"","15435","bague pierre de lune8 83493","","bague pierre de lune8 83493","0","50","0","0"
"","15436","chaine 18 pouce","","chaine 18 pouce","0","28","0","0"
"","15437","boucle oreille item 66898custom","","boucle oreille item 66898custom","0","125","0","0"
"","15439","B.O Patte d'ours corail","","B.O Patte d'ours corail","0","50","0","0"
"","15440","Change pouch","","Change pouch","0","18","0","0"
"","15441","rose ring 6 82498","","rose ring 6 82498","0","35","0","0"
"","15442","Pendant ours 74766","","Pendant ours 74766","0","28","0","0"
"","15443","Boucle d'oreille turquoise 66307","","Boucle d'oreille turquoise 66307","0","70","0","0"
"UAC6101NC08A","15446","Gustave Pillow ""Giving Thanks""","","Gustave Pillow ""Giving Thanks""","3","59","23","0"
"UAC6101NC0DA","15447","Gustave Pillow ""Early Evening Flowing Into Fall""","","Gustave Pillow ""Early Evening Flowing Into Fall""","4","59","23","0"
"UAC6101NC0JA","15448","Gustave Pillow ""Northern Masters""","","Gustave Pillow ""Northern Masters""","0","59","23","0"
"UAC6101NC0UA","15449","Gustave Pillow ""Under the Same Sky""","","Gustave Pillow ""Under the Same Sky""","1","59","23","0"
"UAC6101NC0CA","15450","Gustave Pillow ""The Forest Temple""","","Gustave Pillow ""The Forest Temple""","3","59","23","0"
"UAC6101NC05A","15451","Gustave Pillow ""Northern Keepers""","","Gustave Pillow ""Northern Keepers""","5","59","23","0"
"UAC6101NC0AA","15452","Gustave Pillow ""Journey to the Spirit World""","","Gustave Pillow ""Journey to the Spirit World""","1","59","23","0"
"UAC6101NC0WA","15453","Gustave Pillow ""Earth Keeper""","","Gustave Pillow ""Earth Keeper""","2","59","23","0"
"WLS1801NC0IA","15454","Patti Tunic II ""Wisdom Keepers"" Plus Size","11628","Size - 1X","0","129","60.5","0"
"WLS1801NC0IA","15454","Patti Tunic II ""Wisdom Keepers"" Plus Size","11629","Size - 2X","0","129","60.5","0"
"WLS1801NC0IA","15454","Patti Tunic II ""Wisdom Keepers"" Plus Size","11630","Size - 3X","1","129","60.5","0"
"WSS0701NC0DA","15455","Yoko Cape Tunic ""Early Evening Flowing into Fall""","11636","Size - XS","1","139","65","0"
"WSS0701NC0DA","15455","Yoko Cape Tunic ""Early Evening Flowing into Fall""","11637","Size - S","1","139","65","0"
"WSS0701NC0DA","15455","Yoko Cape Tunic ""Early Evening Flowing into Fall""","11638","Size - M","0","139","65","0"
"WSS0701NC0DA","15455","Yoko Cape Tunic ""Early Evening Flowing into Fall""","11639","Size - L","0","139","65","0"
"WSS0701NC0DA","15455","Yoko Cape Tunic ""Early Evening Flowing into Fall""","11640","Size - XL","0","139","65","0"
"","15456","Collier Keewatin 1 tooth & 2 Bear Claw","","Collier Keewatin 1 tooth & 2 Bear Claw","0","65","0","0"
"","15457","Sterling Silver Star Fish Pendant Earrings","","Sterling Silver Star Fish Pendant Earrings","0","35","0","0"
"","15458","Collier dent loup L","","Collier dent loup L","0","30","0","0"
"","15459","Ring v silver 11","","Ring v silver 11","0","35","0","0"
"","15460","Jonc 83335-7","","Jonc 83335-7","0","22","0","0"
"","15461","Jonc cuivre 82646-10","","Jonc cuivre 82646-10","0","20","0","0"
"","15462","Bruno","","Bruno","1","120","0","0"
"","15463","pendative onyx LE 1438","","pendative onyx LE 1438","0","55","0","0"
"","15464","chaine argent 15","","chaine argent 15","0","25","0","0"
"","15465","calendrier Nathalie 2022","","calendrier Nathalie 2022","0","10","0","0"
"","15466","bague argent","","bague argent","0","45","0","0"
"","15467","Savon","","Savon","0","4","0","0"
"","15468","Savon","","Savon","0","4","0","0"
"","15469","Pendant Libellule 74322","","Pendant Libellule 74322","0","14","0","0"
"","15470","Chaine BX15-18","","Chaine BX15-18","0","22","0","0"
"","15471","Pochette carte cuire style 222","","Pochette carte cuire style 222","0","15","0","0"
"","15472","Boule Marlen","","Boule Marlen","0","42","0","0"
"","15473","Toile CAP Oies","","Toile CAP Oies","0","40","0","0"
"","15474","Carte Francine","","Carte Francine","0","4.95","0","0"
"","15475","Bear Fat Soap Fresh Cotton","","Bear Fat Soap Fresh Cotton","0","18","0","0"
"","15476","Magnifique Cheval Zuni","","Magnifique Cheval Zuni","0","95","0","0"
"","15477","Medicine pouch Sioui","","Medicine pouch Sioui","0","10","0","0"
"","15478","B.O. Argent Hiboux 65204","","B.O. Argent Hiboux 65204","0","35","0","0"
"","15479","Pendentif Argent Hiboux 74488","","Pendentif Argent Hiboux 74488","0","45","0","0"
"","15480","Chaine Argent BX15 16 pouces","","Chaine Argent BX15 16 pouces","0","20","0","0"
"","15481","Hochet bois de frene et chevreuil","","Hochet bois de frene et chevreuil","0","95","0","0"
"","15483","Hibou Argent 74488","","Hibou Argent 74488","0","45","0","0"
"POD2582magnets","15484","Wisdom Keepers","","Wisdom Keepers","6","6.5","2.75","0"
"POD2579magnets","15485","River Keeper","","River Keeper","18","6.5","2.75","0"
"POD2574magnets","15486","Silent Seekers","","Silent Seekers","6","6.5","2.75","0"
"POD2569magnets","15487","Passage","","Passage","7","6.5","2.75","0"
"POD2566magnets","15488","Northern Keepers","","Northern Keepers","6","6.5","2.75","0"
"POD2556magnets","15489","Going Home","","Going Home","4","6.5","2.75","0"
"POD2554magnets","15490","Gezaluwejit","","Gezaluwejit","24","6.5","2.75","0"
"POD2550magnets","15491","Depth","","Depth","7","6.5","2.75","0"
"POD2555magnets","15492","Giving Thanks","","Giving Thanks","8","6.5","2.75","0"
"POD2558magnets","15493","Honoring the Giver of Life","","Honoring the Giver of Life","8","6.5","2.75","0"
"","15494","Stud Spiny shell","","Stud Spiny shell","0","85","0","0"
"","15495","Collier Dents loup L","","Collier Dents loup L","0","30","0","0"
"","15496","Collier Dent Loup J","","Collier Dent Loup J","0","60","0","0"
"","15497","Stud tortue larimar","","Stud tortue larimar","0","75","0","0"
"","15498","B.O 66317","","B.O 66317","0","28","0","0"
"","15500","Jonc inlay 6.75","","Jonc inlay 6.75","0","330","0","0"
"","15501","Bague Larimar 83766-8","","Bague Larimar 83766-8","0","160","0","0"
"","15502","Corection palo santo","","Corection palo santo","0","2.61","0","0"
"","15503","zunis earings turquoise","","zunis earings turquoise","1","270","0","0"
"","15504","Plume ornement","","Plume ornement","0","5.45","0","0"
"","15505","zunis earings turquoise drops","","zunis earings turquoise drops","0","270","0","0"
"","15506","B.O coquille incrustation zuni","","B.O coquille incrustation zuni","0","135","0","0"
"","15507","bear grease 100","","bear grease 100","0","35","0","0"
"","15508","Jointures graisse ours 55g","","Jointures graisse ours 55g","0","55","0","0"
"","15509","BEAR GREASE CUSTUM 55G","","BEAR GREASE CUSTUM 55G","0","55","0","0"
"","15510","B.O. Argent Dieu du Soleil Zuni","","B.O. Argent Dieu du Soleil Zuni","0","75","0","0"
"","15511","Navaho Silver Turquoise Ring sz 9","","Navaho Silver Turquoise Ring sz 9","0","120","0","0"
"","15512","Bracelet Navaho Chevaux","","Bracelet Navaho Chevaux","0","425","0","0"
"","15513","Zuni Bear Ring Larimar and Opalite sz 9","","Zuni Bear Ring Larimar and Opalite sz 9","1","325","0","0"
"","15514","Zuni Bear Ring Larimar and Opalite sz 9","","Zuni Bear Ring Larimar and Opalite sz 9","0","325","0","0"
"","15515","Chaine Argent 16 pouces","","Chaine Argent 16 pouces","0","20","0","0"
"","15516","Colibri Argent Ambre 74814","","Colibri Argent Ambre 74814","0","58","0","0"
"","15517","Benjamen Cheechee Sticker","","Benjamen Cheechee Sticker","0","3.25","0","0"
"","15518","boxers en quete de silence","","boxers en quete de silence","0","49","0","0"
"","15519","Hides in hand purse","","Hides in hand purse","0","218","0","0"
"","15520","Earrings oxyded","","Earrings oxyded","0","115","0","0"
"","15521","STC-18 Satellite","","STC-18 Satellite","0","28","0","0"
"","15522","Pendant rosemary","","Pendant rosemary","0","90","0","0"
"","15524","Copper ring  82646-10","","Copper ring  82646-10","0","20","0","0"
"","15525","test","","test","1","5","0","0"
"","15526","Edition Ltee L'Outre mère 19/99","","Edition Ltee L'Outre mère 19/99","0","130","0","0"
"","15527","B.O tortue 66374","","B.O tortue 66374","0","35","0","0"
"","15528","PDC11","","PDC11","0","5.95","0","0"
"","15529","test","","test","1","5","0","0"
"","15530","Brother Wolf John Rombough 12 pouces diametre","","Brother Wolf John Rombough 12 pouces diametre","1","780","0","0"
"","15531","Sisters Spirit Spirit of the Land John Robmbough 12 X 10 pouces","","Sisters Spirit Spirit of the Land John Robmbough 12 X 10 pouces","1","320","0","0"
"","15532","Ladie's Conchos 1137NB sz 7","","Ladie's Conchos 1137NB sz 7","0","147","0","0"
"","15533","Gardiens de la Sagesse Originale Nathalie Coutou","","Gardiens de la Sagesse Originale Nathalie Coutou","0","1000","0","0"
"","15534","Brother Wolf John Rombough Originale 12 pouces diametre","","Brother Wolf John Rombough Originale 12 pouces diametre","0","780","0","0"
"","15535","Sisters Spirit Teachers of the Land John Rombough Originale","","Sisters Spirit Teachers of the Land John Rombough Originale","0","320","0","0"
"","15536","Zuni feather pendant Lp21B","","Zuni feather pendant Lp21B","0","380","0","0"
"","15537","Rosemary earings 66890","","Rosemary earings 66890","0","95","0","0"
"","15538","23377 amazonite","","23377 amazonite","0","20","0","0"
"","15539","Pierre FAB Totem","","Pierre FAB Totem","0","5.5","0","0"
"","15540","Sifflet Bois de chevreuil porte-clé","","Sifflet Bois de chevreuil porte-clé","0","24","0","0"
"","15541","Black Fox Tail","","Black Fox Tail","0","26","0","0"
"","15542","DC757","","DC757","0","10.95","0","0"
"Fab-5a","15544","5A Bracelet 1 Strand","11675","Size - XS","3","6","2.5","0"
"Fab-5a","15544","5A Bracelet 1 Strand","11676","Size - S","4","6","2.5","0"
"Fab-5a","15544","5A Bracelet 1 Strand","11677","Size - M","10","8","2.5","0"
"Fab-5a","15544","5A Bracelet 1 Strand","11678","Size - L","1","10","2.5","0"
"Fab-5a","15544","5A Bracelet 1 Strand","11679","Size - XL","0","10","2.5","0"
"Fab-5b","15545","5B Bracelet 3 Strands","","5B Bracelet 3 Strands","0","18","7.5","0"
"Fab-5c","15547","5C Bracelet 4 Strands","","5C Bracelet 4 Strands","0","24","9","0"
"","15548","Collier 3 pendant","","Collier 3 pendant","0","445","0","0"
"MM13","15549","Key Chain - Dream Catcher","11690","Colors - Black","4","8.949999999999999","4","0"
"MM13","15549","Key Chain - Dream Catcher","11691","Colors - Purple","4","8.949999999999999","4","0"
"MM13","15549","Key Chain - Dream Catcher","11692","Colors - Royal Blue","3","8.949999999999999","4","0"
"MM13","15549","Key Chain - Dream Catcher","11693","Colors - Red","5","8.949999999999999","4","0"
"MM13","15549","Key Chain - Dream Catcher","11694","Colors - Tan","6","8.949999999999999","4","0"
"MM13","15549","Key Chain - Dream Catcher","11695","Colors - Turquoise","4","8.949999999999999","4","0"
"","15550","Trefle Rouge Savon Sequoia","","Trefle Rouge Savon Sequoia","0","14","0","0"
"","15551","Passage Gift Enclosures","","Passage Gift Enclosures","0","7.45","0","0"
"","15552","Silver Ring 83335 sz 8","","Silver Ring 83335 sz 8","0","25","0","0"
"","15553","Hummingbird Silver Earrings","","Hummingbird Silver Earrings","0","22","0","0"
"","15554","Pendentif Lapis Lazuli LE-1435","","Pendentif Lapis Lazuli LE-1435","1","55","0","0"
"","15555","Chaine STC 18''","","Chaine STC 18''","1","28","0","0"
"","15556","Bague Pierre","","Bague Pierre","1","12.95","0","0"
"","15557","Savon Sequoia Turquoise","","Savon Sequoia Turquoise","0","14","0","0"
"","15558","LE-1435 Lapis Lazuli Pendentif","","LE-1435 Lapis Lazuli Pendentif","0","55","0","0"
"","15559","Chaine argent STC 18''","","Chaine argent STC 18''","0","28","0","0"
"","15560","Bague Pierre","","Bague Pierre","0","12.95","0","0"
"S1","15561","Seal Keychain","","Seal Keychain","3","13.95","6.5","0"
"CEL-05","15562","Seal Cardholder","","Seal Cardholder","6","29","13.5","0"
"","15563","16E Gardien de l'Aigle FAB","","16E Gardien de l'Aigle FAB","0","38","0","0"
"","15565","gate of silk mini card","","gate of silk mini card","0","5.5","0","0"
"","15566","bracelet dragonfly","","bracelet dragonfly","0","18","0","0"
"","15567","Pendant colibri","","Pendant colibri","0","25","0","0"
"","15568","Chaine 18","","Chaine 18","0","20","0","0"
"","15569","Hématite Aimantée","","Hématite Aimantée","0","0.95","0","0"
"","15570","Épinglette Petit Ours Jade Vert","","Épinglette Petit Ours Jade Vert","0","70","0","0"
"","15571","Moon Dance","","Moon Dance","0","4","0","0"
"PML","15572","Seal Skin Coin Purse","11698","Colors - Black","3","54.95","25.5","25.25"
"PML","15572","Seal Skin Coin Purse","11699","Colors - Natural","1","54.95","25.5","25.75"
"","15573","protector","","protector","1","60","0","0"
"","15574","The Protector","","The Protector","0","60","0","0"
"","15575","Collier custom griffe ours","","Collier custom griffe ours","0","43","0","0"
"","15576","Différence pour échange bracelet Zuni","","Différence pour échange bracelet Zuni","0","180","0","0"
"","15577","Collier Monague","","Collier Monague","0","10.95","0","0"
"","15578","Key chain","","Key chain","0","8","0","0"
"","15579","Pendentif Homme et Labirynthe","","Pendentif Homme et Labirynthe","0","95","0","0"
"","15580","Collier Corbeau","","Collier Corbeau","0","24","0","0"
"","15581","Balance cash","","Balance cash","1","3.48","0","0"
"","15582","Balance débit","","Balance débit","1","3.48","0","0"
"","15583","Balance crédit","","Balance crédit","0","3.48","0","0"
"","15584","DCK47 custom","","DCK47 custom","1","0","0","0"
"","15585","DCK47","","DCK47","0","12.95","0","0"
"","15586","Collier griffe","","Collier griffe","0","56","0","0"
"","15587","Sterling Silver Cross with Larimar","","Sterling Silver Cross with Larimar","0","155","0","0"
"","15588","BO bb1P","","BO bb1P","0","22.95","0","0"
"","15589","Bague","","Bague","0","45","0","0"
"","15590","collier","","collier","0","60","0","0"
"","15591","sifflet","","sifflet","0","24","0","0"
"","15592","Huile essentielle Sweetgrass","","Huile essentielle Sweetgrass","0","14.95","0","0"
"","15593","92036 Silver Anklet","","92036 Silver Anklet","0","20","0","0"
"","15594","bracelet plume argent","","bracelet plume argent","0","245","0","0"
"","15595","Bracelet Oeuil de Tigre","","Bracelet Oeuil de Tigre","0","20","0","0"
"","15596","collier monague","","collier monague","0","12.95","0","0"
"","15597","collier terre enfumee","","collier terre enfumee","0","8.5","0","0"
"","15598","Semences Anokian Ortie Piquante","","Semences Anokian Ortie Piquante","0","3.99","0","0"
"","15599","Semences Anokian Bourrache Officinale","","Semences Anokian Bourrache Officinale","0","3.99","0","0"
"","15600","Semences Anokian Salade Mesclun Découverte","","Semences Anokian Salade Mesclun Découverte","0","3.99","0","0"
"","15601","calendar 2022","","calendar 2022","0","11","0","0"
"","15602","soap","","soap","0","14","0","0"
"","15603","keewatin beaver tooth","","keewatin beaver tooth","1","29","0","0"
"","15604","collier beaver tooth","","collier beaver tooth","1","29","0","0"
"ES100","15605","Room Sprays","11708","Wellness - Cedar","3","29.95","12.99","0"
"ES100","15605","Room Sprays","11709","Wellness - Sage","2","29.95","12.99","0"
"ES100","15605","Room Sprays","11710","Wellness - Sweetgrass","2","29.95","12.99","0"
"ES100","15605","Room Sprays","11711","Wellness - Sandalwood","3","29.95","12.99","0"
"ES100","15605","Room Sprays","11712","Wellness - Vanilla Sweetgrass","3","29.95","12.99","0"
"ES100","15605","Room Sprays","11713","Wellness - Lavender Wildflowers","3","29.95","12.99","0"
"ES100","15605","Room Sprays","11714","Wellness - Sandalwood Cedar","3","29.95","12.99","0"
"ES100","15605","Room Sprays","11715","Wellness - Honeysuckle Rose","3","29.95","12.99","0"
"ES100","15605","Room Sprays","11716","Wellness - Power Blend","3","29.95","12.99","0"
"","15606","Totem Mois FAB","","Totem Mois FAB","0","5.5","0","0"
"","15607","Chaine F50 Argent 18''","","Chaine F50 Argent 18''","0","50","0","0"
"","15608","Pendentif Pierre de Lune","","Pendentif Pierre de Lune","0","50","0","0"
"WDR5801NC1BA","15609","Lena Dress ""Geese Spirit""","11717","Size - XS","0","179","74","0"
"WDR5801NC1BA","15609","Lena Dress ""Geese Spirit""","11718","Size - S","1","179","74","0"
"WDR5801NC1BA","15609","Lena Dress ""Geese Spirit""","11719","Size - M","0","179","74","0"
"WDR5801NC1BA","15609","Lena Dress ""Geese Spirit""","11720","Size - L","1","179","74","0"
"WDR5801NC1BA","15609","Lena Dress ""Geese Spirit""","11721","Size - XL","1","179","74","0"
"","15610","moon ring83493","","moon ring83493","0","50","0","0"
"WDR5801NC1KA","15611","Lena Dress ""All My Relations""","11722","Size - XS","1","179","74","0"
"WDR5801NC1KA","15611","Lena Dress ""All My Relations""","11723","Size - S","1","179","74","0"
"WDR5801NC1KA","15611","Lena Dress ""All My Relations""","11724","Size - M","0","179","74","0"
"WDR5801NC1KA","15611","Lena Dress ""All My Relations""","11725","Size - L","1","179","74","0"
"WDR5801NC1KA","15611","Lena Dress ""All My Relations""","11726","Size - XL","0","179","74","0"
"WDR5801NC1JA","15612","Lena Dress ""Carried Away Under the Blue Moon""","11727","Size - XS","1","179","74","0"
"WDR5801NC1JA","15612","Lena Dress ""Carried Away Under the Blue Moon""","11728","Size - S","1","179","74","0"
"WDR5801NC1JA","15612","Lena Dress ""Carried Away Under the Blue Moon""","11729","Size - M","0","179","74","0"
"WDR5801NC1JA","15612","Lena Dress ""Carried Away Under the Blue Moon""","11730","Size - L","0","179","74","0"
"WDR5801NC1JA","15612","Lena Dress ""Carried Away Under the Blue Moon""","11731","Size - XL","1","179","74","0"
"WDR5801NC08A","15613","Lena Dress ""Giving Thanks""","11732","Size - XS","1","179","74","0"
"WDR5801NC08A","15613","Lena Dress ""Giving Thanks""","11733","Size - S","1","179","74","0"
"WDR5801NC08A","15613","Lena Dress ""Giving Thanks""","11734","Size - M","1","179","74","0"
"WDR5801NC08A","15613","Lena Dress ""Giving Thanks""","11735","Size - L","1","179","74","0"
"WDR5801NC08A","15613","Lena Dress ""Giving Thanks""","11736","Size - XL","1","179","74","0"
"WDR5801NC17A","15614","Lena Dress ""Inner Memories""","11737","Size - XS","1","179","74","0"
"WDR5801NC17A","15614","Lena Dress ""Inner Memories""","11738","Size - S","1","179","74","0"
"WDR5801NC17A","15614","Lena Dress ""Inner Memories""","11739","Size - M","0","179","74","0"
"WDR5801NC17A","15614","Lena Dress ""Inner Memories""","11740","Size - L","0","179","74","0"
"WDR5801NC17A","15614","Lena Dress ""Inner Memories""","11741","Size - XL","1","179","74","0"
"WDR5801NC04A","15615","Lena Dress ""Silent Seekers""","11742","Size - XS","1","179","74","0"
"WDR5801NC04A","15615","Lena Dress ""Silent Seekers""","11743","Size - S","1","179","74","0"
"WDR5801NC04A","15615","Lena Dress ""Silent Seekers""","11744","Size - M","1","179","74","0"
"WDR5801NC04A","15615","Lena Dress ""Silent Seekers""","11745","Size - L","1","179","74","0"
"WDR5801NC04A","15615","Lena Dress ""Silent Seekers""","11746","Size - XL","1","179","74","0"
"WDR5801NC11A","15616","Lena Dress ""Water and Spirit Buffalo at Sunset""","11747","Size - XS","0","179","74","0"
"WDR5801NC11A","15616","Lena Dress ""Water and Spirit Buffalo at Sunset""","11748","Size - S","0","179","74","0"
"WDR5801NC11A","15616","Lena Dress ""Water and Spirit Buffalo at Sunset""","11749","Size - M","1","179","74","0"
"WDR5801NC11A","15616","Lena Dress ""Water and Spirit Buffalo at Sunset""","11750","Size - L","0","179","74","0"
"WDR5801NC11A","15616","Lena Dress ""Water and Spirit Buffalo at Sunset""","11751","Size - XL","1","179","74","0"
"WDR5801NC09A","15617","Lena Dress ""Water and Spirit Buffalo""","11752","Size - XS","1","179","74","0"
"WDR5801NC09A","15617","Lena Dress ""Water and Spirit Buffalo""","11753","Size - S","1","179","74","0"
"WDR5801NC09A","15617","Lena Dress ""Water and Spirit Buffalo""","11754","Size - M","2","179","74","0"
"WDR5801NC09A","15617","Lena Dress ""Water and Spirit Buffalo""","11755","Size - L","0","179","74","0"
"WDR5801NC09A","15617","Lena Dress ""Water and Spirit Buffalo""","11756","Size - XL","1","179","74","0"
"WDR5801NC1DA","15618","Lena Dress ""In Her World""","11757","Size - XS","0","179","74","0"
"WDR5801NC1DA","15618","Lena Dress ""In Her World""","11758","Size - S","0","179","74","0"
"WDR5801NC1DA","15618","Lena Dress ""In Her World""","11759","Size - M","1","179","74","0"
"WDR5801NC1DA","15618","Lena Dress ""In Her World""","11760","Size - L","0","179","74","0"
"WDR5801NC1DA","15618","Lena Dress ""In Her World""","11761","Size - XL","0","179","74","0"
"WDR5701NC1JA","15619","Anais Dress ""Carried Away Under The Blue Moon""","11762","Size - XS","1","119","47","0"
"WDR5701NC1JA","15619","Anais Dress ""Carried Away Under The Blue Moon""","11763","Size - S","1","119","47","0"
"WDR5701NC1JA","15619","Anais Dress ""Carried Away Under The Blue Moon""","11764","Size - M","1","119","47","0"
"WDR5701NC1JA","15619","Anais Dress ""Carried Away Under The Blue Moon""","11765","Size - L","1","119","47","0"
"WDR5701NC1JA","15619","Anais Dress ""Carried Away Under The Blue Moon""","11766","Size - XL","1","119","47","0"
"WDR5701NC1BA","15621","Anais Dress ""Geese Spirit""","11772","Size - XS","2","119","47","0"
"WDR5701NC1BA","15621","Anais Dress ""Geese Spirit""","11773","Size - S","2","119","47","0"
"WDR5701NC1BA","15621","Anais Dress ""Geese Spirit""","11774","Size - M","1","119","47","0"
"WDR5701NC1BA","15621","Anais Dress ""Geese Spirit""","11775","Size - L","1","119","47","0"
"WDR5701NC1BA","15621","Anais Dress ""Geese Spirit""","11776","Size - XL","1","119","47","0"
"","15622","Peau de Mouton Moucheté","","Peau de Mouton Moucheté","0","165","0","0"
"","15623","15A Bouclier de protection Tortue","","15A Bouclier de protection Tortue","1","35","0","0"
"","15624","15A Bouclier de protection Tortue","","15A Bouclier de protection Tortue","1","35","0","0"
"","15625","Collier Totem","","Collier Totem","1","8.5","0","0"
"","15626","Collier Totem","","Collier Totem","1","8.5","0","0"
"","15627","Bol FAB","","Bol FAB","1","15","0","0"
"","15628","Bol FAB","","Bol FAB","1","15","0","0"
"","15629","Adjustment for last sale","","Adjustment for last sale","0","95.09999999999999","0","0"
"","15630","Bilboquet Moose Toe Game","","Bilboquet Moose Toe Game","0","21","0","0"
"","15631","Star Fish Studs","","Star Fish Studs","0","16","0","0"
"DC811","15633","Dream Catcher ""Ombre""","","Dream Catcher ""Ombre""","2","67.95","29.25","0"
"DC812","15634","Dream Catcher ""Ombre""","","Dream Catcher ""Ombre""","2","67.95","29.25","0"
"","15635","B.O flower Zuni turquoise","","B.O flower Zuni turquoise","0","85","0","0"
"","15636","B.O stud turquoise","","B.O stud turquoise","0","25","0","0"
"","15637","DC21","","DC21","0","36.95","0","0"
"","15638","keewatin bear tooth","","keewatin bear tooth","0","58","0","0"
"","15639","moose toe game","","moose toe game","0","21","0","0"
"","15641","protection shield pottery","","protection shield pottery","0","45","0","0"
"","15642","fetish necklace turquoise","","fetish necklace turquoise","0","185","0","0"
"PMSS100","15644","Steorra Birthstone Collection","11777","Jewelry - January","0","42.95","18.5","0"
"PMSS100","15644","Steorra Birthstone Collection","11778","Jewelry - February","3","42.95","18.5","0"
"PMSS100","15644","Steorra Birthstone Collection","11779","Jewelry - March","0","42.95","18.5","0"
"PMSS100","15644","Steorra Birthstone Collection","11780","Jewelry - April","0","42.95","18.5","0"
"PMSS100","15644","Steorra Birthstone Collection","11781","Jewelry - May","0","42.95","18.5","0"
"PMSS100","15644","Steorra Birthstone Collection","11782","Jewelry - June","4","42.95","18.5","0"
"PMSS100","15644","Steorra Birthstone Collection","11783","Jewelry - July","0","42.95","18.5","0"
"PMSS100","15644","Steorra Birthstone Collection","11784","Jewelry - August","0","42.95","18.5","0"
"PMSS100","15644","Steorra Birthstone Collection","11785","Jewelry - September","0","42.95","18.5","0"
"PMSS100","15644","Steorra Birthstone Collection","11786","Jewelry - October","0","42.95","18.5","0"
"PMSS100","15644","Steorra Birthstone Collection","11787","Jewelry - November","0","42.95","18.5","0"
"PMSS100","15644","Steorra Birthstone Collection","11788","Jewelry - December","1","42.95","18.5","0"
"PMSS100-P","15645","Steorra Birthstone Collection","11789","Jewelry - January","0","42.95","18.5","0"
"PMSS100-P","15645","Steorra Birthstone Collection","11790","Jewelry - February","0","42.95","18.5","0"
"PMSS100-P","15645","Steorra Birthstone Collection","11791","Jewelry - March","0","42.95","18.5","0"
"PMSS100-P","15645","Steorra Birthstone Collection","11792","Jewelry - April","0","42.95","18.5","0"
"PMSS100-P","15645","Steorra Birthstone Collection","11793","Jewelry - May","3","42.95","18.5","0"
"PMSS100-P","15645","Steorra Birthstone Collection","11794","Jewelry - June","0","42.95","18.5","0"
"PMSS100-P","15645","Steorra Birthstone Collection","11795","Jewelry - July","0","42.95","18.5","0"
"PMSS100-P","15645","Steorra Birthstone Collection","11796","Jewelry - August","0","42.95","18.5","0"
"PMSS100-P","15645","Steorra Birthstone Collection","11797","Jewelry - September","0","42.95","18.5","0"
"PMSS100-P","15645","Steorra Birthstone Collection","11798","Jewelry - October","0","42.95","18.5","0"
"PMSS100-P","15645","Steorra Birthstone Collection","11799","Jewelry - November","0","42.95","18.5","0"
"PMSS100-P","15645","Steorra Birthstone Collection","11800","Jewelry - December","0","42.95","18.5","0"
"SF32","15646","Smudging Feather","","Smudging Feather","2","8.949999999999999","3.5","0"
"PSKIT3","15648","Power Stone Intention Kit","","Power Stone Intention Kit","0","14","1.98","0"
"DC802","15649","Dream Catcher ""Ombre""","","Dream Catcher ""Ombre""","2","29.95","12.75","0"
"","15650","Pierre polie","","Pierre polie","0","1.9","0","0"
"","15651","Tambour Chevreuil Teint","","Tambour Chevreuil Teint","0","115","0","0"
"","15652","FAB Loup Capteur","","FAB Loup Capteur","0","38","0","0"
"","15653","a","","a","1","13.95","0","0"
"","15654","cone palo santo","","cone palo santo","0","7.5","0","0"
"","15655","bird Mobile 19B","","bird Mobile 19B","0","36","0","0"
"","15656","petite bague mini","","petite bague mini","0","8","0","0"
"","15657","mini bague","","mini bague","0","8","0","0"
"","15658","Bottes Blanches hides in hand","","Bottes Blanches hides in hand","1","475","0","0"
"","15659","Palo santo et sauge","","Palo santo et sauge","1","19.5","0","0"
"","15660","Hide in hands bottes blanches a franges","","Hide in hands bottes blanches a franges","0","475","0","0"
"","15661","palo santo et sauge","","palo santo et sauge","0","19.5","0","0"
"Fab-19A","15662","19A Ceramic Mobile","11823","Style - Turtle","2","18","6","0"
"Fab-19A","15662","19A Ceramic Mobile","11824","Style - Heart","1","18","6","0"
"Fab-19A","15662","19A Ceramic Mobile","11825","Style - Bird","1","18","6","0"
"Fab-19B","15663","19B Ceramic Mobile - Bird","","19B Ceramic Mobile - Bird","7","36","12.5","0"
"Fab-19C","15664","19C Ceramic Mobile - Small Fish","","19C Ceramic Mobile - Small Fish","0","15","5","0"
"Fab-19D","15665","19D Ceramic Mobile - Multiple Small Fish","","19D Ceramic Mobile - Multiple Small Fish","6","30","11","0"
"Fab-19E","15666","19E Ceramic Mobile - Sectional Small Fish","","19E Ceramic Mobile - Sectional Small Fish","1","35","12","0"
"Fab-19F","15667","19F Ceramic Mobile - Sectional Medium Fish","","19F Ceramic Mobile - Sectional Medium Fish","0","45","18","0"
"Fab-19G","15668","19G Ceramic Mobile - Sectional Big Fish","","19G Ceramic Mobile - Sectional Big Fish","0","55","22","0"
"15A","15673","15A Mural Small","","15A Mural Small","5","35","10","0"
"15B","15674","15B Mural Big","","15B Mural Big","33","45","15","0"
"15C","15675","15C Mural Dream Catcher","","15C Mural Dream Catcher","6","55","20","0"
"16A","15676","16A Wooden Dream Catcher","","16A Wooden Dream Catcher","8","15","5","0"
"16B","15677","16B Mural Dream Catcher Goose","","16B Mural Dream Catcher Goose","3","36","12.5","0"
"16C","15678","16C Mural Dream Catcher Turtle","","16C Mural Dream Catcher Turtle","2","38","15","0"
"16D","15679","16D Mural Dream Catcher Wolf","","16D Mural Dream Catcher Wolf","0","38","15","0"
"16E","15680","16E Mural Dream Catcher Eagle","","16E Mural Dream Catcher Eagle","3","38","15","0"
"16F","15681","16F Mural Dream Catcher Owl","","16F Mural Dream Catcher Owl","0","38","15","0"
"","15682","Collier long cuire coquillage","","Collier long cuire coquillage","0","60","0","0"
"","15683","B.O 62235 pierre de lune","","B.O 62235 pierre de lune","0","40","0","0"
"","15684","Pendent Pierre de lune","","Pendent Pierre de lune","0","38","0","0"
"","15685","Chaine BX12 16pcs","","Chaine BX12 16pcs","0","18","0","0"
"","15686","Unity 8x10","","Unity 8x10","0","25","0","0"
"","15687","B.O 65854","","B.O 65854","0","30","0","0"
"","15689","Marlene hanging bowl","","Marlene hanging bowl","0","48.45","0","0"
"","15690","Oiseau FAB 19A","","Oiseau FAB 19A","0","18","0","0"
"","15691","Oiseau FAB 19A","","Oiseau FAB 19A","0","18","0","0"
"15ZWQGGF-737183-","15692","Gift Card $15","","Gift Card $15","1","15","0","0"
"","15693","test","","test","1","15","0","0"
"","15695","Gift Card $20","","Gift Card $20","1","20","0","0"
"","15696","Gift Card $25","","Gift Card $25","0","25","0","0"
"","15697","Gift Card $50","","Gift Card $50","1","50","0","0"
"","15698","Gift Card $75","","Gift Card $75","0","75","0","0"
"","15699","Gift Card $100","","Gift Card $100","0","100","0","0"
"","15700","Gift Card $200","","Gift Card $200","1","200","0","0"
"","15701","B.O incruste onyx opalite","","B.O incruste onyx opalite","0","140","0","0"
"","15702","Ours fetiche","","Ours fetiche","0","120","0","0"
"","15703","Ring 82218-10","","Ring 82218-10","0","45","0","0"
"","15704","B.O heart double 66771","","B.O heart double 66771","0","30","0","0"
"","15705","Jonc pierre","","Jonc pierre","0","12.95","0","0"
"","15706","Ring zuni 7.75 size","","Ring zuni 7.75 size","0","105","0","0"
"","15707","Pendent moon stone 73939","","Pendent moon stone 73939","0","50","0","0"
"","15709","FAB 16D Gardien du Loup","","FAB 16D Gardien du Loup","0","38","0","0"
"","15710","meditation ring size 10","","meditation ring size 10","0","90","0","0"
"","15711","moonstone ring size 6 83775","","moonstone ring size 6 83775","0","45","0","0"
"","15712","Opalite studs bleus","","Opalite studs bleus","0","30","0","0"
"","15713","Pendentif zunis Collibri Opalite blanc","","Pendentif zunis Collibri Opalite blanc","0","440","0","0"
"","15714","moon and stars studs 66712","","moon and stars studs 66712","0","28","0","0"
"","15715","Maxime Noel print","","Maxime Noel print","0","40","0","0"
"","15716","bague pierre de lune 83493","","bague pierre de lune 83493","1","6","0","0"
"","15717","bague pierre de lune taille 6","","bague pierre de lune taille 6","0","50","0","0"
"","15718","boucle d'oreille studs coeur","","boucle d'oreille studs coeur","0","30","0","0"
"","15719","collier fab pierre d'ours","","collier fab pierre d'ours","0","8.5","0","0"
"","15720","Collier FAB Fleche","","Collier FAB Fleche","1","7.95","0","0"
"","15721","Collier griffe d'ours U","","Collier griffe d'ours U","0","65","0","0"
"","15722","Collier multi turquoise","","Collier multi turquoise","0","350","0","0"
"","15728","Sifflet deer","","Sifflet deer","1","24","0","0"
"","15729","Siflet deer brisé","","Siflet deer brisé","0","15","0","0"
"BB7-P","15730","BB7 Pendant ""Birch Bark""","","BB7 Pendant ""Birch Bark""","4","15.95","7.05","0"
"BB7","15732","BB7 Earrings ""Birch Bark""","","BB7 Earrings ""Birch Bark""","2","23.95","10","0"
"","15734","B.O plume 65136","","B.O plume 65136","0","90","0","0"
"","15735","Carte Francine","","Carte Francine","0","4.95","0","0"
"","15736","BX15 chaine 16''","","BX15 chaine 16''","0","20","0","0"
"","15737","Porcupine quills Earrings Purple","","Porcupine quills Earrings Purple","0","48.5","0","0"
"","15738","Collier Design 11 Argent Sterling","","Collier Design 11 Argent Sterling","0","230","0","0"
"","15739","Star Fish Pendant 73221","","Star Fish Pendant 73221","0","34","0","0"
"","15740","Chaine Argent 3 X 15 16''","","Chaine Argent 3 X 15 16''","0","20","0","0"
"","15741","test","","test","1","1","0","0"
"","15742","test","","test","1","1","0","0"
"","15743","test","","test","1","1","0","0"
"","15744","test","","test","1","1","0","0"
"","15745","test","","test","1","1","0","0"
"","15746","Inuit staue simanik Kelly 1504","","Inuit staue simanik Kelly 1504","0","295","0","0"
"","15747","16 inches chain","","16 inches chain","0","26","0","0"
"","15748","turquoise flower ring 8 82668","","turquoise flower ring 8 82668","0","55","0","0"
"","15749","turquoise flower pendent 74824","","turquoise flower pendent 74824","0","45","0","0"
"","15750","B.O. Colibri Zuni","","B.O. Colibri Zuni","0","325","0","0"
"","15751","B.O. Zuni Opalite Studs Triangulaires","","B.O. Zuni Opalite Studs Triangulaires","0","105","0","0"
"","15752","Frontier style Tomahawk","","Frontier style Tomahawk","0","275","0","0"
"","15753","PSKIT3","","PSKIT3","0","13.95","0","0"
"","15754","Keewatin collier dent coyote","","Keewatin collier dent coyote","0","49","0","0"
"","15755","Boucle d'oreille zunis plumes bleu","","Boucle d'oreille zunis plumes bleu","0","315","0","0"
"","15756","Gardienne du MONDE Rouge CUSTOM","","Gardienne du MONDE Rouge CUSTOM","0","96","0","0"
"","15757","keewatin 3 fox necklace","","keewatin 3 fox necklace","1","30","0","0"
"","15758","keewatin 3 fox necklace","","keewatin 3 fox necklace","0","30","0","0"
"","15759","Porte-monnaie 602","","Porte-monnaie 602","0","18","0","0"
"","15760","Hochet Deer","","Hochet Deer","0","160","0","0"
"","15761","Drum deer brown","","Drum deer brown","0","260","0","0"
"","15762","test","","test","1","1","0","0"
"","15763","test","","test","1","1","0","0"
"","15765","test","","test","1","1","0","0"
"","15766","test","","test","5","1","0","0"
"","15767","Magnet nk","","Magnet nk","0","6.5","0","0"
"","15768","Product test","","Product test","5","10","0","0"
"","15769","Copper Bracelet","","Copper Bracelet","10","18","0","0"
"","15770","test","","test","3","1","0","0"
"","15771","test","","test","2","1","0","0"
"","15772","test","","test","3","1","0","0"
"","15773","Silver embossed bracelet","","Silver embossed bracelet","0","115","0","0"
"SKIRTS","15774","Ribbon Skirts","","Ribbon Skirts","4","120","60","0"
"","15776","bague pierre de lune taille 5 83493","","bague pierre de lune taille 5 83493","0","50","0","0"
"","15777","coyote claw necklace 212c","","coyote claw necklace 212c","0","43","0","0"
"","15778","test","","test","1","1","0","0"
"","15779","test","","test","1","1","0","0"
"","15780","test","","test","1","1","0","0"
"","15781","test","","test","1","1","0","0"
"","15782","Tomahawk","","Tomahawk","0","205","0","0"
"","15783","Palo santoi cone","","Palo santoi cone","0","7.5","0","0"
"","15784","Bague zuni tortue 10.5","","Bague zuni tortue 10.5","0","295","0","0"
"","15785","test","","test","1","1","0","0"
"","15786","ttt","","ttt","1","10","0","0"
"","15787","Bague 2 turquoise-12","","Bague 2 turquoise-12","0","170","0","0"
"","15788","test","","test","1","1","0","0"
"","15790","Pierre Polie","","Pierre Polie","0","0.95","0","0"
"","15791","CAP Small canvas print","","CAP Small canvas print","0","40","0","0"
"","15792","test","","test","1","1","0","0"
"","15793","Bracelet Cheville Argent 9 pouces","","Bracelet Cheville Argent 9 pouces","0","25","0","0"
"","15794","Bague Chaine Argent gr 11","","Bague Chaine Argent gr 11","0","45","0","0"
"","15795","Bague argent pierre de lune","","Bague argent pierre de lune","0","90","0","0"
"","15796","Sac a dos Hides in Hand Brun","","Sac a dos Hides in Hand Brun","0","310","0","0"
"","15797","B.O. Argent Turquoise","","B.O. Argent Turquoise","0","115","0","0"
"","15798","22 inch chain f50","","22 inch chain f50","0","36","0","0"
"","15799","Polished Stone","","Polished Stone","0","0.95","0","0"
"","15800","Polished Stone","","Polished Stone","0","0.95","0","0"
"","15801","Polished Stone","","Polished Stone","0","0.95","0","0"
"","15802","Velvet Pouch","","Velvet Pouch","0","0.3","0","0"
"","15803","turquoise ring size 8","","turquoise ring size 8","0","75","0","0"
"","15804","Keewatin Bear Tooth and Claws","","Keewatin Bear Tooth and Claws","0","65","0","0"
"","15805","Keewatin 5 Bear Claws","","Keewatin 5 Bear Claws","0","115","0","0"
"","15806","dc2 earings","","dc2 earings","0","14.95","0","0"
"","15807","Stud turquoise 66778","","Stud turquoise 66778","0","30","0","0"
"","15808","Tablier Panabo moose","","Tablier Panabo moose","0","36.95","0","0"
"","15809","bague grenat taille 7","","bague grenat taille 7","0","120","0","0"
"","15810","test","","test","1","1","0","0"
"","15811","test","","test","0","1","0","0"
"","15812","sdf","","sdf","1","3","0","0"
"","15813","test","","test","1","1","0","0"
"","15814","test","","test","1","1","0","0"
"","15815","test","","test","1","1","0","0"
"","15816","Stud abeille 66380","","Stud abeille 66380","0","25","0","0"
"","15817","Stud 66712","","Stud 66712","0","28","0","0"
"","15818","Stud 66230","","Stud 66230","0","25","0","0"
"","15819","Stud 66230","","Stud 66230","0","25","0","0"
"","15820","Stud 66233","","Stud 66233","0","25","0","0"
"","15821","Sac Hides and Hands","","Sac Hides and Hands","0","310","0","0"
"","15822","Collier Lynx I","","Collier Lynx I","0","32","0","0"
"","15823","Bear Tooth Necklace with Dear Leather","","Bear Tooth Necklace with Dear Leather","0","58","0","0"
"","15824","Collier Dent d'Ours","","Collier Dent d'Ours","0","58","0","0"
"","15825","Chaine OXPR 24'' Argent","","Chaine OXPR 24'' Argent","0","260","0","0"
"","15826","test","","test","1","1","0","0"
"","15827","test","","test","1","1","0","0"
"","15828","test","","test","1","1","0","0"
"","15829","test","","test","1","1","0","0"
"","15830","test","","test","1","1","0","0"
"","15831","test","","test","1","1","0","0"
"","15832","test","","test","1","1","0","0"
"","15833","Bear Studs","","Bear Studs","0","25","0","0"
"","15834","Yoko Cape Tunique Medium","","Yoko Cape Tunique Medium","0","139","0","0"
"","15835","Bague Hibou","","Bague Hibou","0","26","0","0"
"","15836","Swimming Bear Print","","Swimming Bear Print","0","20","0","0"
"","15837","Pepper Key Chain","","Pepper Key Chain","0","6","0","0"
"","15838","bague argent 83538 size 7","","bague argent 83538 size 7","0","35","0","0"
"","15840","turquoise pendent 74270","","turquoise pendent 74270","0","135","0","0"
"","15841","turquoise flower earings 66904","","turquoise flower earings 66904","0","70","0","0"
"","15845","Ballerine L7 B-6118","","Ballerine L7 B-6118","0","72","0","0"
"","15846","Ring 83263-7","","Ring 83263-7","0","45","0","0"
"","15848","Beautiful day 1 on","","Beautiful day 1 on","2","4","0","0"
"","15849","Beautiful day 1 on","","Beautiful day 1 on","0","4","0","0"
"","15850","Moon Dance  1 once","","Moon Dance  1 once","1","4","0","0"
"","15851","Mocassin perlé 1 once","","Mocassin perlé 1 once","1","4","0","0"
"","15854","test","","test","0","1","0","0"
"","15855","test","","test","0","1","0","0"
"","15856","test","","test","0","1","0","0"
"","15857","test","","test","1","1","0","0"
"","15858","test","","test","0","1","0","0"
"SAMU","15862","Natural Soap - Lily of the Valley","","Natural Soap - Lily of the Valley","7","12","7.2","0"
"EPSALTS","15863","Epsom Salts","11860","Wellness - Wild Rose","1","30","18","0"
"EPSALTS","15863","Epsom Salts","11861","Wellness - 4 Herbs","2","30","18","0"
"EPSALTS","15863","Epsom Salts","11862","Wellness - Lilac","1","30","18","0"
"EPSALTS","15863","Epsom Salts","11863","Wellness - Wintergreen - Plantain","2","30","18","0"
"","15864","STC 15''","","STC 15''","0","25","0","0"
"","15865","Pendentif Libellule Argent 74734","","Pendentif Libellule Argent 74734","0","30","0","0"
"","15866","Bague Pierre de Lune","","Bague Pierre de Lune","0","75","0","0"
"","15867","B.O. Opalite","","B.O. Opalite","0","25","0","0"
"","15868","Peau de Lapin","","Peau de Lapin","0","18","0","0"
"","15870","Porte-Clé Castor","","Porte-Clé Castor","0","8.449999999999999","0","0"
"","15871","Bague Corail","","Bague Corail","0","40","0","0"
"","15872","Pince-croquant","","Pince-croquant","0","10.5","0","0"
"","15873","B.O. 66029 Tortues Larimar","","B.O. 66029 Tortues Larimar","0","75","0","0"
"","15874","Mocassins Ballerines Cloutier","","Mocassins Ballerines Cloutier","0","76","0","0"
"","15875","Bague Turquoise 4 1/4","","Bague Turquoise 4 1/4","0","55","0","0"
"","15876","Keewatin Bear teeth necklace","","Keewatin Bear teeth necklace","1","30","0","0"
"","15877","bague argent taille 11","","bague argent taille 11","0","155","0","0"
"","15878","bague argent taille 9 83263","","bague argent taille 9 83263","0","45","0","0"
"","15879","P01B KOKOPELI PENDANT","","P01B KOKOPELI PENDANT","0","400","0","0"
"","15880","Semences","","Semences","1","3.99","0","0"
"","15881","Medicine Pouch Key Chain","","Medicine Pouch Key Chain","0","10","0","0"
"","15882","Kokopeli flute man pin","","Kokopeli flute man pin","0","140","0","0"
"","15883","bague argent 83263 taille 8","","bague argent 83263 taille 8","0","45","0","0"
"D","15884","1 Beaver Tooth (black round lace)","","1 Beaver Tooth (black round lace)","8","30","13","0"
"E","15885","3 Fox Claws","","3 Fox Claws","8","30","13","0"
"G","15886","1 Lynx Claw (deer lace)","","1 Lynx Claw (deer lace)","11","30","13","0"
"I","15887","1 Lynx Claw (natural round lace)","","1 Lynx Claw (natural round lace)","4","34","14","0"
"J","15888","1 Wolf Tooth","","1 Wolf Tooth","4","60","26","0"
"K","15889","1 Wolf Claw","","1 Wolf Claw","6","56","24","0"
"L","15890","1 Small Wolf Tooth","","1 Small Wolf Tooth","6","30","13","0"
"M","15891","1 Small Bear Claw (black lace)","","1 Small Bear Claw (black lace)","5","40","17","0"
"N","15892","1 Bear Claw (bone and metal)","","1 Bear Claw (bone and metal)","5","52","22","0"
"O","15893","1 Bear Claw (deer lace)","","1 Bear Claw (deer lace)","5","46","20","0"
"U","15894","3 Bear Claws","","3 Bear Claws","9","65","28","0"
"X","15895","1 Coyote Tooth (black lace)","","1 Coyote Tooth (black lace)","6","40","17","0"
"Z","15896","1 Bear Tooth (round natural lace)","","1 Bear Tooth (round natural lace)","8","60","26","0"
"LY","15897","1 Lynx Tooth and 2 Claws","","1 Lynx Tooth and 2 Claws","8","40","17","0"
"KCHAINS","15899","Beaded Leather Keychain","","Beaded Leather Keychain","12","21","9","0"
"A","15900","1 Pekan Tooth and 2 Claws","","1 Pekan Tooth and 2 Claws","4","30","13","0"
"B","15901","3 Small Bear Teeth","","3 Small Bear Teeth","1","30","13","0"
"C","15902","3 Fox Teeth","","3 Fox Teeth","3","30","13","0"
"F","15903","1 Beaver Tooth (deer lace)","","1 Beaver Tooth (deer lace)","2","30","12.5","0"
"Q","15904","5 Bear Claws (deluxe)","","5 Bear Claws (deluxe)","4","115","50","0"
"V","15905","1 Bear Tooth and 2 Claws","","1 Bear Tooth and 2 Claws","3","65","28","0"
"W","15906","1 Coyote Tooth and 2 Claws (Hematite)","","1 Coyote Tooth and 2 Claws (Hematite)","8","49","21","0"
"Y","15907","1 Bear Tooth (deer lace)","","1 Bear Tooth (deer lace)","2","58","25","0"
"LM","15908","2 Small Wolf Claws and Pendant","","2 Small Wolf Claws and Pendant","5","60","26","0"
"KL","15909","1 Wolf Claw (deer lace)","","1 Wolf Claw (deer lace)","4","52","22","0"
"CO","15910","1 Coyote Tooth and 2 Claws","","1 Coyote Tooth and 2 Claws","10","40","17","0"
"","15911","test","","test","1","1","0","0"
"","15912","test","","test","1","1","0","0"
"","15913","test","","test","1","1","0","0"
"","15919","Dépot sur Bandeau Castor Noir BC-01 BDC 480663","","Dépot sur Bandeau Castor Noir BC-01 BDC 480663","0","50","0","0"
"","15920","copper ring 82642 size 8","","copper ring 82642 size 8","0","15","0","0"
"","15921","pendentif etoile 73221","","pendentif etoile 73221","0","34","0","0"
"","15922","chaine 16 pouce","","chaine 16 pouce","0","28","0","0"
"","15923","Collection Necklace","","Collection Necklace","0","105","0","0"
"","15925","boite frederick design orque","","boite frederick design orque","0","60","0","0"
"","15926","boite frederick design feuille du canada","","boite frederick design feuille du canada","0","60","0","0"
"","15927","Huile essentiel sequoia s.g","","Huile essentiel sequoia s.g","0","15","0","0"
"","15928","bracelet de cheville","","bracelet de cheville","0","12","0","0"
"","15929","Bague argent sz 10","","Bague argent sz 10","0","80","0","0"
"","15930","chaine 16 pouce","","chaine 16 pouce","0","20","0","0"
"","15931","feather pendent mini","","feather pendent mini","0","18","0","0"
"","15932","Test","","Test","1","1","0","0"
"","15933","Calendar 24","","Calendar 24","1","22","0","0"
"","15934","Calendar 24","","Calendar 24","0","22","0","0"
"","15935","test","","test","1","1","0","0"
"","15936","test","","test","1","1","0","0"
"","15937","t","","t","1","1","0","0"
"","15938","test","","test","1","1","0","0"
"","15939","test","","test","1","1","0","0"
"","15940","test","","test","1","1","0","0"
"","15941","test","","test","1","1","0","0"
"","15942","test","","test","1","1","0","0"
"","15943","test","","test","1","1","0","0"
"","15944","test","","test","1","1","0","0"
"","15945","t","","t","1","1","0","0"
"","15946","t","","t","1","1","0","0"
"","15947","t","","t","1","1","0","0"
"","15948","test","","test","1","1","0","0"
"","15949","test","","test","1","1","0","0"
"","15950","test","","test","1","1","0","0"
"","15951","test","","test","1","1","0","0"
"","15952","test","","test","1","1","0","0"
"","15953","t","","t","1","1","0","0"
"","15954","test","","test","1","1","0","0"
"","15955","test","","test","1","1","0","0"
"","15956","test","","test","1","1","0","0"
"","15957","test","","test","1","1","0","0"
"","15958","test","","test","1","1","0","0"
"","15959","t","","t","1","1","0","0"
"","15960","test","","test","1","1","0","0"
"","15961","test","","test","1","1","0","0"
"","15962","test","","test","1","1","0","0"
"","15963","test","","test","1","1","0","0"
"","15964","test","","test","1","1","0","0"
"BEADEAR","15965","Beaded Earrings","11912","Jewelry - Beaded 1","0","40","0","20"
"BEADEAR","15965","Beaded Earrings","11913","Jewelry - Beaded 2","0","40","0","20"
"BEADEAR","15965","Beaded Earrings","11914","Jewelry - Beaded 3","0","40","0","20"
"BEADEAR","15965","Beaded Earrings","11915","Jewelry - Beaded 4","1","40","0","20"
"BEADEAR","15965","Beaded Earrings","11916","Jewelry - Beaded 5","1","40","0","20"
"BEADEAR","15965","Beaded Earrings","11917","Jewelry - Beaded 6","1","50","0","25"
"BEADEAR","15965","Beaded Earrings","11918","Jewelry - Beaded 7","1","50","0","25"
"BEADEAR","15965","Beaded Earrings","11919","Jewelry - Beaded 8","0","60","0","30"
"BEADEAR","15965","Beaded Earrings","11920","Jewelry - Beaded 9","0","80","0","40"
"BEADEAR","15965","Beaded Earrings","11921","Jewelry - Beaded 10","0","80","0","40"
"BEADEAR","15965","Beaded Earrings","11922","Jewelry - Beaded 11","1","80","0","40"
"BEADEAR","15965","Beaded Earrings","11923","Jewelry - Beaded 12","1","80","0","40"
"BEADEAR","15965","Beaded Earrings","11924","Jewelry - Beaded 13","1","80","0","40"
"BEADEAR","15965","Beaded Earrings","11925","Jewelry - Beaded 14","1","80","0","40"
"BEADEAR","15965","Beaded Earrings","11926","Jewelry - Beaded 15","1","80","0","40"
"BEADEAR","15965","Beaded Earrings","11927","Jewelry - Beaded 16","1","100","0","50"
"","15966","Test","","Test","1","1","0","0"
"","15967","test","","test","1","1","0","0"
"","15968","test","","test","1","1","0","0"
"","15969","test","","test","1","1","0","0"
"","15970","Star Fish Pendant Earrings","","Star Fish Pendant Earrings","0","35","0","0"
"","15972","Camisole Florence Memoires Ancestrales Medium","","Camisole Florence Memoires Ancestrales Medium","0","79","0","0"
"","15973","Dépot Croix  Argent et Turquoise","","Dépot Croix  Argent et Turquoise","0","34.79","0","0"
"","15974","oxidated feather pendent 74232","","oxidated feather pendent 74232","0","18","0","0"
"","15975","Balance sur Pendantif croix","","Balance sur Pendantif croix","1","135","0","0"
"","15976","Balance BDC 480668","","Balance BDC 480668","0","140.21","0","0"
"","15977","Bague Argent 83848 8F","","Bague Argent 83848 8F","0","45","0","0"
"","15978","Anklet bracelet beads","","Anklet bracelet beads","3","13","0","0"
"","15979","Bracelet Zuni turquoise","","Bracelet Zuni turquoise","0","735","0","0"
"","15980","Kokopelli earring","","Kokopelli earring","1","140","0","0"
"","15981","Pendant LE-1435","","Pendant LE-1435","0","70","0","0"
"","15982","STC-15 chaine","","STC-15 chaine","0","25","0","0"
"","15983","Abalone","","Abalone","0","18","0","0"
"Vases","15984","Vases","","Vases","0","0","0","0"
"Loup","15985","Vase Totem Wolf","","Vase Totem Wolf","1","46","20","0"
"Protection","15986","Vase Protection","","Vase Protection","1","85","35","0"
"ROUNDW","15987","Vase Round Winter","","Vase Round Winter","1","85","35","0"
"ROUNDF","15988","Vase Round Fall","","Vase Round Fall","1","85","35","0"
"Fall","15989","Vase Fall","","Vase Fall","1","105","45","0"
"Tradition","15990","Vase Tradition","","Vase Tradition","1","175","75","0"
"Fall17.5","15991","Vase Fall 17.5","","Vase Fall 17.5","1","95","40","0"
"Winter17.5","15992","Vase Winter 17.5","","Vase Winter 17.5","1","95","40","0"
"","15993","Curb-18 chaine","","Curb-18 chaine","0","45","0","0"
"","15994","Zuni Daisy Turquoise Ring","","Zuni Daisy Turquoise Ring","0","55","0","0"
"","15995","Huile Essentielle Sweetgrass Sequoia","","Huile Essentielle Sweetgrass Sequoia","0","15","0","0"
"","15996","Gaspéite Earrings","","Gaspéite Earrings","1","465","0","0"
"","15997","Gaspéite Earrings","","Gaspéite Earrings","0","465","0","0"
"","15998","test","","test","1","1","0","0"
"","15999","PSK1T3","","PSK1T3","0","13.95","0","0"
"","16000","key chain noir","","key chain noir","0","8.949999999999999","0","0"
"","16001","carte murmure","","carte murmure","0","5.5","0","0"
"","16002","Bague Turquoise","","Bague Turquoise","0","145","0","0"
"","16003","Petit loup marin","","Petit loup marin","1","11.5","0","0"
"","16004","Turquoise Necklace","","Turquoise Necklace","0","140","0","0"
"","16005","Bracelet","","Bracelet","0","9","0","0"
"","16006","Bruno Henry Triangle Raw Hide Earrings","","Bruno Henry Triangle Raw Hide Earrings","1","70","0","0"
"","16007","Pointe de fleche Argent","","Pointe de fleche Argent","0","46","0","0"
"","16008","Pointe de Fleche Argent","","Pointe de Fleche Argent","0","46","0","0"
"82572","16009","Oxidized Wave Spin Ring","11940","Rings - 6","1","117","50.69","0"
"82572","16009","Oxidized Wave Spin Ring","11941","Rings - 7","1","117","50.69","0"
"82572","16009","Oxidized Wave Spin Ring","11942","Rings - 8","0","117","50.69","0"
"82572","16009","Oxidized Wave Spin Ring","11943","Rings - 9","1","117","50.69","0"
"82572","16009","Oxidized Wave Spin Ring","11944","Rings - 10","1","117","50.69","0"
"82572","16009","Oxidized Wave Spin Ring","11945","Rings - 11","0","117","50.69","0"
"82572","16009","Oxidized Wave Spin Ring","11946","Rings - 12","1","117","50.69","0"
"82572","16009","Oxidized Wave Spin Ring","11947","Rings - 13","1","117","50.69","0"
"","16011","OXRP-22 chaine","","OXRP-22 chaine","0","240","0","0"
"","16012","83263-7 ring","","83263-7 ring","0","45","0","0"
"","16013","Collier beads","","Collier beads","0","25","0","0"
"","16014","P.C castor","","P.C castor","0","8.449999999999999","0","0"
"","16015","B.O incrustée","","B.O incrustée","0","185","0","0"
"","16016","Chaine Pattes d'Ours400000089591","","Chaine Pattes d'Ours400000089591","1","0","0","0"
"","16017","Colliers Pattes d'Ours Turquoise","","Colliers Pattes d'Ours Turquoise","0","140","0","0"
"","16018","Bracelet Sodalite 23636","","Bracelet Sodalite 23636","0","18","0","0"
"","16019","Boxer Quete de Silence","","Boxer Quete de Silence","0","49","0","0"
"","16020","silver ring 82218-10","","silver ring 82218-10","0","50","0","0"
"","16021","temple de la forest","","temple de la forest","0","129","0","0"
"","16022","sauge et palo","","sauge et palo","0","19.5","0","0"
"","16023","wolf pendant 74054","","wolf pendant 74054","0","28","0","0"
"","16025","Bracelet en argent","","Bracelet en argent","0","85","0","0"
"","16026","Carte","","Carte","0","4.95","0","0"
"","16027","Robe Kate med Geese Spirit 480676","","Robe Kate med Geese Spirit 480676","0","169","0","0"
"","16029","Bague ours gaspeite 8","","Bague ours gaspeite 8","0","360","0","0"
"","16031","Jonc R308-8","","Jonc R308-8","0","180","0","0"
"82409","16065","Rainbow Moonstone Ring","11961","Rings - 5","0","96","41.7","0"
"82409","16065","Rainbow Moonstone Ring","11962","Rings - 6","0","96","41.7","0"
"82409","16065","Rainbow Moonstone Ring","11963","Rings - 7","1","96","41.7","0"
"82409","16065","Rainbow Moonstone Ring","11964","Rings - 8","0","96","41.7","0"
"82409","16065","Rainbow Moonstone Ring","11965","Rings - 9","0","96","41.7","0"
"82409","16065","Rainbow Moonstone Ring","11966","Rings - 10","1","96","41.7","0"
"82409","16065","Rainbow Moonstone Ring","11967","Rings - 11","1","96","41.7","0"
"82668","16066","Turquoise Flower Ring","11968","Rings - 5","0","58","25","0"
"82668","16066","Turquoise Flower Ring","11969","Rings - 6","0","58","25","0"
"82668","16066","Turquoise Flower Ring","11970","Rings - 7","1","58","25","0"
"82668","16066","Turquoise Flower Ring","11971","Rings - 8","0","58","25","0"
"82668","16066","Turquoise Flower Ring","11972","Rings - 9","0","58","25","0"
"83147","16067","Freshwater Pearl and Turquoise Ring","11976","Rings - 6","0","0","0","0"
"83147","16067","Freshwater Pearl and Turquoise Ring","11977","Rings - 7","0","0","0","0"
"83147","16067","Freshwater Pearl and Turquoise Ring","11978","Rings - 8","0","0","0","0"
"83147","16067","Freshwater Pearl and Turquoise Ring","11979","Rings - 9","0","0","0","0"
"83156","16068","Turquoise Floral Ring","11982","Rings - 6","0","82","35.3","0"
"83156","16068","Turquoise Floral Ring","11983","Rings - 7","0","82","35.3","0"
"83156","16068","Turquoise Floral Ring","11984","Rings - 8","1","82","35.3","0"
"83156","16068","Turquoise Floral Ring","11985","Rings - 9","0","82","35.3","0"
"83156","16068","Turquoise Floral Ring","11986","Rings - 10","0","82","35.3","0"
"83215","16069","Faceted Moonstone Ring","11987","Rings - 6","0","34","14.11","0"
"83215","16069","Faceted Moonstone Ring","11988","Rings - 7","0","34","14.11","0"
"83215","16069","Faceted Moonstone Ring","11989","Rings - 8","0","34","14.11","0"
"83215","16069","Faceted Moonstone Ring","11990","Rings - 9","0","34","14.11","0"
"83215","16069","Faceted Moonstone Ring","11991","Rings - 10","0","34","14.11","0"
"83254","16070","Round Synthetic Opal Ring","11992","Rings - 6","0","40","17.3","0"
"83254","16070","Round Synthetic Opal Ring","11993","Rings - 7","0","40","17.3","0"
"83254","16070","Round Synthetic Opal Ring","11994","Rings - 8","0","40","17.3","0"
"83254","16070","Round Synthetic Opal Ring","11995","Rings - 9","0","40","17.3","0"
"83254","16070","Round Synthetic Opal Ring","11996","Rings - 10","0","40","17.3","0"
"83263","16071","Oxidized Curb Chain Ring","11997","Rings - 6","0","45","18.6","0"
"83263","16071","Oxidized Curb Chain Ring","11998","Rings - 7","0","45","18.6","0"
"83263","16071","Oxidized Curb Chain Ring","11999","Rings - 8","0","45","18.6","0"
"83263","16071","Oxidized Curb Chain Ring","12000","Rings - 9","1","45","18.6","0"
"83263","16071","Oxidized Curb Chain Ring","12001","Rings - 10","1","45","18.6","0"
"83263","16071","Oxidized Curb Chain Ring","12212","Rings - 11","1","45","18.6","0"
"83263","16071","Oxidized Curb Chain Ring","12213","Rings - 12","1","45","18.6","0"
"83271","16072","Turquoise and Coral Sunburst Ring","12002","Rings - 5","0","0","0","0"
"83271","16072","Turquoise and Coral Sunburst Ring","12003","Rings - 6","0","0","0","0"
"83271","16072","Turquoise and Coral Sunburst Ring","12004","Rings - 7","0","0","0","0"
"83271","16072","Turquoise and Coral Sunburst Ring","12005","Rings - 8","0","0","0","0"
"83271","16072","Turquoise and Coral Sunburst Ring","12006","Rings - 9","0","0","0","0"
"83307","16074","Multi-shape Larimar Ring","12015","Rings - 5","0","145","63.54","0"
"83307","16074","Multi-shape Larimar Ring","12016","Rings - 6","0","145","63.54","0"
"83307","16074","Multi-shape Larimar Ring","12017","Rings - 7","0","145","63.54","0"
"83307","16074","Multi-shape Larimar Ring","12018","Rings - 8","1","145","63.54","0"
"83307","16074","Multi-shape Larimar Ring","12019","Rings - 9","0","145","63.54","0"
"83310","16075","Turquoise Ring","12020","Rings - 6","0","210","91.09999999999999","0"
"83310","16075","Turquoise Ring","12021","Rings - 7","1","210","91.09999999999999","0"
"83310","16075","Turquoise Ring","12022","Rings - 8","0","210","91.09999999999999","0"
"83310","16075","Turquoise Ring","12023","Rings - 9","0","210","91.09999999999999","0"
"83310","16075","Turquoise Ring","12024","Rings - 10","0","210","91.09999999999999","0"
"83331","16076","Beaded Ring","12025","Rings - 6","0","30","12.18","0"
"83331","16076","Beaded Ring","12026","Rings - 7","0","30","12.18","0"
"83331","16076","Beaded Ring","12027","Rings - 8","0","30","12.18","0"
"83331","16076","Beaded Ring","12028","Rings - 9","0","30","12.18","0"
"83331","16076","Beaded Ring","12029","Rings - 10","0","30","12.18","0"
"83692","16081","Oxidized Feather Wrap Ring","12125","Rings - 5","0","40","17.32","0"
"83692","16081","Oxidized Feather Wrap Ring","12126","Rings - 6","1","40","17.32","0"
"83692","16081","Oxidized Feather Wrap Ring","12127","Rings - 7","1","40","17.32","0"
"83692","16081","Oxidized Feather Wrap Ring","12128","Rings - 8","0","40","17.32","0"
"83692","16081","Oxidized Feather Wrap Ring","12129","Rings - 9","0","40","17.32","0"
"83692","16081","Oxidized Feather Wrap Ring","12130","Rings - 10","0","40","17.32","0"
"83704","16082","Rhodium Plated Turquoise Ring","12131","Rings - 5","0","75","31.43","0"
"83704","16082","Rhodium Plated Turquoise Ring","12132","Rings - 6","0","75","31.43","0"
"83704","16082","Rhodium Plated Turquoise Ring","12133","Rings - 7","0","75","31.43","0"
"83704","16082","Rhodium Plated Turquoise Ring","12134","Rings - 8","0","75","31.43","0"
"83704","16082","Rhodium Plated Turquoise Ring","12135","Rings - 9","0","75","31.43","0"
"83705","16083","Ornate Oxidized Lapis Ring","12136","Rings - 6","0","0","0","0"
"83705","16083","Ornate Oxidized Lapis Ring","12137","Rings - 7","0","0","0","0"
"83705","16083","Ornate Oxidized Lapis Ring","12138","Rings - 8","0","0","0","0"
"83705","16083","Ornate Oxidized Lapis Ring","12139","Rings - 9","0","0","0","0"
"83705","16083","Ornate Oxidized Lapis Ring","12140","Rings - 10","0","0","0","0"
"83765","16084","Turquoise Ring","12141","Rings - 6","1","115","34.7","0"
"83765","16084","Turquoise Ring","12142","Rings - 7","1","115","34.7","0"
"83765","16084","Turquoise Ring","12143","Rings - 8","0","115","34.7","0"
"83765","16084","Turquoise Ring","12144","Rings - 9","1","115","34.7","0"
"83765","16084","Turquoise Ring","12145","Rings - 10","1","115","34.7","0"
"83765","16085","Larimar Ring","12146","Rings - 6","0","0","0","0"
"83765","16085","Larimar Ring","12147","Rings - 7","0","0","0","0"
"83765","16085","Larimar Ring","12148","Rings - 8","0","0","0","0"
"83765","16085","Larimar Ring","12149","Rings - 9","0","0","0","0"
"83765","16085","Larimar Ring","12150","Rings - 10","0","0","0","0"
"83775","16086","Moonstone Ring","12151","Rings - 5","0","50","21.17","0"
"83775","16086","Moonstone Ring","12152","Rings - 6","0","50","21.17","0"
"83775","16086","Moonstone Ring","12153","Rings - 7","0","50","21.17","0"
"83775","16086","Moonstone Ring","12154","Rings - 8","0","50","21.17","0"
"83775","16086","Moonstone Ring","12155","Rings - 9","0","50","21.17","0"
"82782","16087","Oxidized Lapis Lazuli Ring","12156","Rings - 6","0","0","0","0"
"82782","16087","Oxidized Lapis Lazuli Ring","12157","Rings - 7","0","0","0","0"
"82782","16087","Oxidized Lapis Lazuli Ring","12158","Rings - 8","0","0","0","0"
"82782","16087","Oxidized Lapis Lazuli Ring","12159","Rings - 9","0","0","0","0"
"83813","16088","Rhodium Plated Band","12106","Rings - 4","0","38","16","0"
"83813","16088","Rhodium Plated Band","12107","Rings - 5","1","38","16","0"
"83813","16088","Rhodium Plated Band","12108","Rings - 6","1","38","16","0"
"83813","16088","Rhodium Plated Band","12109","Rings - 7","1","38","16","0"
"83813","16088","Rhodium Plated Band","12110","Rings - 8","1","38","16","0"
"83813","16088","Rhodium Plated Band","12111","Rings - 9","0","38","16","0"
"83813","16088","Rhodium Plated Band","12112","Rings - 10","1","38","16","0"
"83813","16088","Rhodium Plated Band","12113","Rings - 11","0","38","16","0"
"83846","16089","Black Onyx Ring","12165","Rings - 6","0","110","45.65","0"
"83846","16089","Black Onyx Ring","12166","Rings - 7","0","110","45.65","0"
"83846","16089","Black Onyx Ring","12167","Rings - 8","0","110","45.65","0"
"83846","16089","Black Onyx Ring","12168","Rings - 9","1","110","45.65","0"
"83846","16089","Black Onyx Ring","12169","Rings - 10","0","110","45.65","0"
"83848","16090","Amethyst Ring","12172","Rings - 6","0","0","0","0"
"83848","16090","Amethyst Ring","12173","Rings - 7","0","0","0","0"
"83848","16090","Amethyst Ring","12174","Rings - 8","0","0","0","0"
"83848","16090","Amethyst Ring","12175","Rings - 9","0","0","0","0"
"83848","16090","Amethyst Ring","12177","Rings - 5","0","0","0","0"
"83912","16091","Opal Ring","12178","Rings - 6","0","0","0","0"
"83912","16091","Opal Ring","12179","Rings - 7","0","0","0","0"
"83912","16091","Opal Ring","12180","Rings - 8","0","0","0","0"
"83912","16091","Opal Ring","12181","Rings - 9","0","0","0","0"
"83912","16091","Opal Ring","12182","Rings - 10","0","0","0","0"
"83921","16092","Baltic Amber Ring","12183","Rings - 6","0","0","0","0"
"83921","16092","Baltic Amber Ring","12184","Rings - 7","0","0","0","0"
"83921","16092","Baltic Amber Ring","12185","Rings - 8","0","0","0","0"
"83921","16092","Baltic Amber Ring","12186","Rings - 9","0","0","0","0"
"83921","16092","Baltic Amber Ring","12187","Rings - 10","0","0","0","0"
"83937","16093","Hammered Baltic Amber Ring","12188","Rings - 6","0","0","0","0"
"83937","16093","Hammered Baltic Amber Ring","12189","Rings - 7","0","0","0","0"
"83937","16093","Hammered Baltic Amber Ring","12190","Rings - 8","0","0","0","0"
"83937","16093","Hammered Baltic Amber Ring","12191","Rings - 9","0","0","0","0"
"83937","16093","Hammered Baltic Amber Ring","12192","Rings - 10","0","0","0","0"
"83937","16093","Hammered Baltic Amber Ring","12193","Rings - 5","0","0","0","0"
"83851","16094","Floral Coral Ring","12199","Rings - 6","0","125","35.64","0"
"83851","16094","Floral Coral Ring","12200","Rings - 7","0","125","35.64","0"
"83851","16094","Floral Coral Ring","12201","Rings - 8","0","125","35.64","0"
"83851","16094","Floral Coral Ring","12202","Rings - 9","1","125","35.64","0"
"83900","16095","Turquoise Ring","12208","Rings - 7","0","425","184.45","0"
"83900","16095","Turquoise Ring","12209","Rings - 8","1","425","184.45","0"
"83900","16095","Turquoise Ring","12210","Rings - 9","0","425","184.45","0"
"83900","16095","Turquoise Ring","12211","Rings - 10","0","425","184.45","0"
"","16096","Earring Feather","","Earring Feather","0","225","0","0"
"","16105","Edition M'Otter Love","","Edition M'Otter Love","0","130","0","0"
"83831","16106","Turquoise Ring","12218","Rings - 9","1","350","152.17","0"
"83831","16106","Turquoise Ring","12219","Rings - 10","0","350","152.17","0"
"83831","16106","Turquoise Ring","12220","Rings - 11","1","350","152.17","0"
"83831","16106","Turquoise Ring","12221","Rings - 12","1","350","152.17","0"
"83831","16106","Turquoise Ring","12222","Rings - 13","1","350","152.17","0"
"74189","16107","Dragonfly Pendant","","Dragonfly Pendant","0","115","48.2","0"
"","16108","bRACELET BEADS","","bRACELET BEADS","0","9","0","0"
"","16109","Sac pochette Maple leaf","","Sac pochette Maple leaf","0","52","0","0"
"F220","16110","Figaro Chain","12223","Size - 18""","0","0","0","0"
"F220","16110","Figaro Chain","12224","Size - 20""","1","255","0","110"
"F220","16110","Figaro Chain","12225","Size - 22""","0","0","0","0"
"F220","16110","Figaro Chain","12226","Size - 24""","1","300","0","130"
"F220","16110","Figaro Chain","12227","Size - 30""","1","385","0","167"
"F220","16110","Figaro Chain","12228","Size - 16""","0","0","0","0"
"OXRP","16111","Oxidized Rope Chain","12229","Size - 18""","0","0","0","0"
"OXRP","16111","Oxidized Rope Chain","12230","Size - 20""","3","220","0","95.65000000000001"
"OXRP","16111","Oxidized Rope Chain","12231","Size - 22""","1","240","0","104.38"
"OXRP","16111","Oxidized Rope Chain","12232","Size - 24""","2","260","0","113.04"
"OXRP","16111","Oxidized Rope Chain","12233","Size - 30""","0","315","0","137"
"OXRP","16111","Oxidized Rope Chain","12234","Size - 16""","0","0","0","0"
"","16112","Letter opener","","Letter opener","0","24","0","0"
"","16113","Silver Chain 22 inches","","Silver Chain 22 inches","0","280","0","0"
"","16114","Stud papillon","","Stud papillon","0","28","0","0"
"","16115","Deposite BDC 480680","","Deposite BDC 480680","0","34.79","0","0"
"","16116","Cadre Nostalgia 2/50","","Cadre Nostalgia 2/50","0","125","0","0"
"","16117","Kimono Earth Keeper Briser rabais","","Kimono Earth Keeper Briser rabais","0","116","0","0"
"","16118","Jonc copper 82642-7","","Jonc copper 82642-7","0","20","0","0"
"","16119","Ancket","","Ancket","0","8","0","0"
"","16120","Bracelet Liquid SilverLS10","","Bracelet Liquid SilverLS10","0","75","0","0"
"","16121","Couverture BDC 480682","","Couverture BDC 480682","0","189","0","0"
"","16122","Correction","","Correction","0","9.31","0","0"
"","16123","Copper ring -9","","Copper ring -9","0","18","0","0"
"","16124","82642-8 copper","","82642-8 copper","0","20","0","0"
"","16125","Pendantif hibou 72147","","Pendantif hibou 72147","0","45","0","0"
"","16130","Bracelet Vison","","Bracelet Vison","0","24","0","0"
"","16131","M'Otter Love Robe Michelle II","","M'Otter Love Robe Michelle II","0","149","0","0"
"","16132","PSKIT3","","PSKIT3","0","13.95","0","0"
"","16133","13019","","13019","1","12","0","0"
"","16134","Wisdom Keepers Magnet","","Wisdom Keepers Magnet","0","6.5","0","0"
"","16135","B.O.","","B.O.","0","115","0","0"
"","16136","Pendentif","","Pendentif","0","185","0","0"
"","16137","Onix Silver Zuni Ring 9.5","","Onix Silver Zuni Ring 9.5","0","215","0","0"
"","16138","depot sur capri slient seekers","","depot sur capri slient seekers","0","25","0","0"
"","16139","Collier Pattes D'Ours et Onix","","Collier Pattes D'Ours et Onix","0","140","0","0"
"","16140","CUSTOM Anais GEESE SPIRIT XS a commander","","CUSTOM Anais GEESE SPIRIT XS a commander","0","25","0","0"
"","16141","Bear Greese","","Bear Greese","1","35","0","0"
"","16142","Toile Teaching 2/99","","Toile Teaching 2/99","0","275","0","0"
"","16143","Depot BDC 480686","","Depot BDC 480686","0","43.49","0","0"
"","16144","Dragonfly earring E14","","Dragonfly earring E14","0","280","0","0"
"","16145","Pendant turquoise","","Pendant turquoise","0","120","0","0"
"","16146","P-C Renard","","P-C Renard","0","24","0","0"
"","16147","B.O moonstone 62235","","B.O moonstone 62235","0","40","0","0"
"","16148","bRACELET BEADS","","bRACELET BEADS","0","9","0","0"
"RS LS","16149","Rabbit Skins","12302","Colors - Black","3","15.95","6.75","6.75"
"RS LS","16149","Rabbit Skins","12303","Colors - Natural","6","15.95","6.75","6.75"
"RS LS","16149","Rabbit Skins","12304","Colors - White","14","15.95","6.75","6.75"
"RTKC","16150","Raccoon Tail Key Chain","12308","Size - L","1","10.95","0","4.5"
"RTKC","16150","Raccoon Tail Key Chain","12309","Size - XL","1","12.95","0","5.5"
"MTKC","16151","Mink Tail Key Chain","","Mink Tail Key Chain","0","10.95","5","0"
"BCTKC","16152","Bobcat Tail Key Chain","","Bobcat Tail Key Chain","0","11.95","5","0"
"LTKC","16153","Lynx Tail Key Chain","","Lynx Tail Key Chain","1","15.95","6.75","0"
"BFKC","16154","Beaver Tail Key Chain","","Beaver Tail Key Chain","2","9.949999999999999","4.5","0"
"FTKC","16155","Fox Tail Key Chain","12312","Size - S","0","9.949999999999999","0","4.5"
"FTKC","16155","Fox Tail Key Chain","12313","Size - M","2","12.95","0","5.5"
"FTKC","16155","Fox Tail Key Chain","12314","Size - L","1","18.95","0","8.5"
"FTKC","16155","Fox Tail Key Chain","12315","Size - XL","0","23.95","0","10.5"
"FTKC","16155","Fox Tail Key Chain","12316","Size - XXL","0","34.95","0","15.5"
"RTKC","16156","Coyote Tail Key Chain","12317","Size - L","0","12.95","6","5.5"
"RTKC","16156","Coyote Tail Key Chain","12318","Size - XL","0","18.95","6","8"
"RAKC 6","16157","Antler Whistle Key Chain","","Antler Whistle Key Chain","3","23","10","0"
"RA P26","16158","Antler Whistle Pendant","","Antler Whistle Pendant","2","28.95","12.5","0"
"","16159","Bague Zuni","","Bague Zuni","0","50","0","0"
"","16160","Sculpture SBSE","","Sculpture SBSE","0","88","0","0"
"","16161","Savon Wild Berry","","Savon Wild Berry","0","4","0","0"
"83843","16164","Black Onyx Ring","12324","Rings - 6","0","90","34.63","0"
"83843","16164","Black Onyx Ring","12325","Rings - 7","1","90","34.63","0"
"83843","16164","Black Onyx Ring","12326","Rings - 8","0","90","34.63","0"
"83843","16164","Black Onyx Ring","12327","Rings - 9","1","90","34.63","0"
"","16165","Hummingbird Key Chain","","Hummingbird Key Chain","0","7.5","0","0"
"33050","16166","Sterling Silver Necklace","","Sterling Silver Necklace","2","140","60.87","0"
"NIB700-06","16167","Poncho ""Nibi""","12328","Size - 18mth - 3yrs","0","85","0","51"
"NIB700-06","16167","Poncho ""Nibi""","12329","Size - 4yrs - 8yrs","2","89","0","53"
"BGTH700-06","16168","Poncho ""Grey Thunderbird""","12330","Size - 4yrs - 8yrs","2","89","0","53"
"BGTH700-06","16168","Poncho ""Grey Thunderbird""","12331","Size - 18mth - 3yrs","1","85","0","51"
"INTH700-06","16169","Poncho ""Brown Thunderbird""","12332","Size - 4yrs - 8yrs","2","89","0","53"
"INTH700-06","16169","Poncho ""Brown Thunderbird""","12333","Size - 18mth - 3yrs","0","85","0","51"
"","16170","test","","test","0","1","0","0"
"","16171","Coussin Gustave Horizon","","Coussin Gustave Horizon","0","59","0","0"
"","16172","Cadre Memoire Ombre et Bison","","Cadre Memoire Ombre et Bison","1","58","0","0"
"","16173","Cadre Memoire Ombre et Bison","","Cadre Memoire Ombre et Bison","0","58","0","0"
"","16174","barette br32 custom","","barette br32 custom","0","6.95","0","0"
"","16175","Pochette Sioui","","Pochette Sioui","0","19","0","0"
"","16176","Anklet chain turtle","","Anklet chain turtle","0","50","0","0"
"","16177","Magnet","","Magnet","0","6.5","0","0"
"","16178","Magnet","","Magnet","0","6.5","0","0"
"","16179","Difference echange BDC 480682","","Difference echange BDC 480682","0","20","0","0"
"","16180","Coeur Incrusté","","Coeur Incrusté","0","500","0","0"
"","16181","P.C chapeau","","P.C chapeau","0","23","0","0"
"","16182","keychain green peppers","","keychain green peppers","0","8","0","0"
"","16183","keychain green","","keychain green","0","8","0","0"
"","16184","keychain cat","","keychain cat","0","8","0","0"
"","16185","W2856 Bracelet","","W2856 Bracelet","0","40","0","0"
"","16186","Jasper bracelet 23376","","Jasper bracelet 23376","0","20","0","0"
"","16187","Labradorite bracelet 13019","","Labradorite bracelet 13019","0","20","0","0"
"33720-16","16188","Opal Necklace","","Opal Necklace","0","129","56","0"
"33720-46","16189","Opal Necklace","","Opal Necklace","1","259","112.12","0"
"33737-21","16190","Turquoise Necklace","","Turquoise Necklace","1","85","35.3","0"
"34229","16191","Snake Chain","","Snake Chain","1","90","38.63","0"
"","16192","752 l 8 Mocassin","","752 l 8 Mocassin","0","169.95","0","0"
"","16193","DC1006-P","","DC1006-P","1","10.95","0","0"
"","16194","Turtle Anklet 92198","","Turtle Anklet 92198","0","58","0","0"
"","16195","Pendentif Colobri Lazuli","","Pendentif Colobri Lazuli","0","440","0","0"
"72874","16196","Horse Pendant","","Horse Pendant","1","45","19.45","0"
"72147","16197","Owl Charm","","Owl Charm","0","45","19.45","0"
"73103","16198","Lobster Charm","","Lobster Charm","1","30","12.91","0"
"73221","16199","Starfish Slide","","Starfish Slide","0","34","14.11","0"
"73347","16200","Arrowhead Pendant","","Arrowhead Pendant","0","55","22.91","0"
"73362","16201","Eagle Charm","","Eagle Charm","1","20","8.17","0"
"73614","16202","Oak Leaf Slide","","Oak Leaf Slide","0","28","11.19","0"
"73615","16203","Kokopelli Charm","","Kokopelli Charm","0","40","15.9","0"
"73811","16204","Hummingbird Charm","","Hummingbird Charm","1","25","10.56","0"
"74034","16205","Sea Turtle Charm","","Sea Turtle Charm","1","30","12.95","0"
"73939","16206","Moonstone Pendent","","Moonstone Pendent","0","50.00","20.58","0.00"
"74054","16208","Wolf Charm","","Wolf Charm","0","28.00","11.73","0.00"
"74232","16209","Feather Charm","","Feather Charm","0","18.00","7.06","0.00"
"74270","16210","Turquoise Pendent","","Turquoise Pendent","0","134.00","58.26","0.00"
"74276","16211","Round Larimar Pendant","","Round Larimar Pendant","1","75.00","31.43","0.00"
"74322","16212","Dragonfly Charm","","Dragonfly Charm","1","15.00","6.40","0.00"
"","16213","earings by bruno with strawberry","","earings by bruno with strawberry","0","60.00","0.00","0.00"
"74435","16214","Dolphin and Calf Charm","","Dolphin and Calf Charm","1","13.00","5.32","0.00"
"74488","16215","Owl Charm","","Owl Charm","0","45.00","18.59","0.00"
"74690","16216","Amber Feather Slide","","Amber Feather Slide","1","38.00","16.00","0.00"
"74734","16217","Dragonfly Charm","","Dragonfly Charm","0","23.00","9.91","0.00"
"74735","16218","Thunderbird Charm","","Thunderbird Charm","1","34.00","14.13","0.00"
"LE1438","16219","Gemstone Pendent","12342","Jewelry - Turquoise","0","45.00","19.00","0.00"
"LE1438","16219","Gemstone Pendent","12343","Jewelry - Black Onyx","1","45.00","19.00","0.00"
"LE1438","16219","Gemstone Pendent","12344","Jewelry - Lapis Lazuli","1","45.00","19.00","0.00"
"","16220","Pochette Tissus","","Pochette Tissus","0","12.95","0.00","0.00"
"","16221","Papoose","","Papoose","0","35.00","0.00","0.00"
"","16222","test","","test","1","100.00","0.00","0.00"
"","16223","test","","test","1","100.00","0.00","0.00"
"","16224","test","","test","1","100.00","0.00","0.00"
"","16225","Beads necklace","","Beads necklace","0","24.00","0.00","0.00"
"","16226","Ancklet","","Ancklet","0","12.00","0.00","0.00"
"DC801","16227","Dream Catcher ""Ombre""","","Dream Catcher ""Ombre""","1","29.95","12.75","0.00"
"","16228","Anklet bracelet","","Anklet bracelet","0","12.00","0.00","0.00"
"","16229","Collier beads","","Collier beads","0","24.00","0.00","0.00"
"RED4","16231","Beaded Earrings","","Beaded Earrings","4","22.00","9.50","0.00"
"RED4-P","16232","Beaded Necklace","","Beaded Necklace","2","14.00","5.50","0.00"
"WR","16233","Birthstone Coil Bracelet","12359","Jewelry - January","0","13.95","5.75","0.00"
"WR","16233","Birthstone Coil Bracelet","12360","Jewelry - February","0","13.95","5.75","0.00"
"WR","16233","Birthstone Coil Bracelet","12361","Jewelry - March","0","13.95","5.75","0.00"
"WR","16233","Birthstone Coil Bracelet","12362","Jewelry - April","0","13.95","5.75","0.00"
"WR","16233","Birthstone Coil Bracelet","12363","Jewelry - May","0","13.95","5.75","0.00"
"WR","16233","Birthstone Coil Bracelet","12364","Jewelry - June","0","13.95","5.75","0.00"
"WR","16233","Birthstone Coil Bracelet","12365","Jewelry - July","3","13.95","5.75","0.00"
"WR","16233","Birthstone Coil Bracelet","12366","Jewelry - August","0","13.95","5.75","0.00"
"WR","16233","Birthstone Coil Bracelet","12367","Jewelry - September","2","13.95","5.75","0.00"
"WR","16233","Birthstone Coil Bracelet","12368","Jewelry - October","1","13.95","5.75","0.00"
"WR","16233","Birthstone Coil Bracelet","12369","Jewelry - November","0","13.95","5.75","0.00"
"WR","16233","Birthstone Coil Bracelet","12370","Jewelry - December","0","13.95","5.75","0.00"
"","16234","Daisy Silver and Turquoise Bracelet","","Daisy Silver and Turquoise Bracelet","0","155.00","0.00","0.00"
"BBSS2-P","16237","BBSS2 Pendant ''Birch Bark''","","BBSS2 Pendant ''Birch Bark''","0","34.95","15.00","0.00"
"","16238","Chaine box 20 pouces","","Chaine box 20 pouces","0","87.00","0.00","0.00"
"BBSS6-P","16239","BBSS6 Pendant ''Birch Bark''","","BBSS6 Pendant ''Birch Bark''","1","38.95","16.50","0.00"
"BBSS6","16240","BBSS6 Earrings ''Birch Bark''","","BBSS6 Earrings ''Birch Bark''","1","49.95","22.00","0.00"
"BBSS9-P","16241","BBSS9 Pendant ''Birch Bark''","","BBSS9 Pendant ''Birch Bark''","1","38.95","16.50","0.00"
"BBSS9","16242","BBSS9 Earrings ''Birch Bark''","","BBSS9 Earrings ''Birch Bark''","2","49.95","22.00","0.00"
"RED20","16243","Inukshuk Pendant","","Inukshuk Pendant","3","14.00","5.75","0.00"
"WDR5901NC1JA","16244","Katia Dress ""Carried Away under the Blue Moon""","12524","Size - XS","1","119.00","54.00","0.00"
"WDR5901NC1JA","16244","Katia Dress ""Carried Away under the Blue Moon""","12525","Size - S","1","119.00","54.00","0.00"
"WDR5901NC1JA","16244","Katia Dress ""Carried Away under the Blue Moon""","12526","Size - M","1","119.00","54.00","0.00"
"WDR5901NC1JA","16244","Katia Dress ""Carried Away under the Blue Moon""","12527","Size - L","0","119.00","54.00","0.00"
"WDR5901NC1JA","16244","Katia Dress ""Carried Away under the Blue Moon""","12528","Size - XL","0","119.00","54.00","0.00"
"WDR2601NC1BA","16245","Kate Dress ""Geese Spirit""","12376","Size - XS","1","169.00","64.50","0.00"
"WDR2601NC1BA","16245","Kate Dress ""Geese Spirit""","12377","Size - S","0","169.00","64.50","0.00"
"WDR2601NC1BA","16245","Kate Dress ""Geese Spirit""","12378","Size - M","1","169.00","64.50","0.00"
"WDR2601NC1BA","16245","Kate Dress ""Geese Spirit""","12379","Size - L","1","169.00","64.50","0.00"
"WDR2601NC1BA","16245","Kate Dress ""Geese Spirit""","12380","Size - XL","1","169.00","64.50","0.00"
"WPA0701NC1JA","16247","Parma Capri ""Carried Away Under The Blue Moon""","12396","Size - XS","0","129.00","55.50","0.00"
"WPA0701NC1JA","16247","Parma Capri ""Carried Away Under The Blue Moon""","12397","Size - S","1","129.00","55.50","0.00"
"WPA0701NC1JA","16247","Parma Capri ""Carried Away Under The Blue Moon""","12398","Size - M","1","129.00","55.50","0.00"
"WPA0701NC1JA","16247","Parma Capri ""Carried Away Under The Blue Moon""","12399","Size - L","0","129.00","55.50","0.00"
"WPA0701NC1JA","16247","Parma Capri ""Carried Away Under The Blue Moon""","12400","Size - XL","0","129.00","55.50","0.00"
"WPA0701NC1BA","16248","Parma Capri ""Geese Spirit""","12407","Size - XS","0","129.00","55.50","0.00"
"WPA0701NC1BA","16248","Parma Capri ""Geese Spirit""","12408","Size - S","0","129.00","55.50","0.00"
"WPA0701NC1BA","16248","Parma Capri ""Geese Spirit""","12409","Size - M","1","129.00","55.50","0.00"
"WPA0701NC1BA","16248","Parma Capri ""Geese Spirit""","12410","Size - L","0","129.00","55.50","0.00"
"WPA0701NC1BA","16248","Parma Capri ""Geese Spirit""","12411","Size - XL","0","129.00","55.50","0.00"
"","16252","Poste - Boite pre-payee","","Poste - Boite pre-payee","0","17.99","0.00","0.00"
"WSS1801NC1BA","16255","Julie Drape ""Geese Spirit""","12471","Size - XS","1","79.00","35.50","0.00"
"WSS1801NC1BA","16255","Julie Drape ""Geese Spirit""","12472","Size - S","1","79.00","35.50","0.00"
"WSS1801NC1BA","16255","Julie Drape ""Geese Spirit""","12473","Size - M","1","79.00","35.50","0.00"
"WSS1801NC1BA","16255","Julie Drape ""Geese Spirit""","12474","Size - L","0","79.00","35.50","0.00"
"WSS1801NC1BA","16255","Julie Drape ""Geese Spirit""","12475","Size - XL","0","79.00","35.50","0.00"
"WLS1001NC0BA","16256","Patti Tunic II ""Zenith""","12481","Size - XS","0","129.00","50.50","0.00"
"WLS1001NC0BA","16256","Patti Tunic II ""Zenith""","12482","Size - S","0","129.00","50.50","0.00"
"WLS1001NC0BA","16256","Patti Tunic II ""Zenith""","12483","Size - M","0","129.00","50.50","0.00"
"WLS1001NC0BA","16256","Patti Tunic II ""Zenith""","12484","Size - L","0","129.00","50.50","0.00"
"WLS1001NC0BA","16256","Patti Tunic II ""Zenith""","12485","Size - XL","0","129.00","50.50","0.00"
"","16257","Pendentif Tete de Chef Argent","","Pendentif Tete de Chef Argent","0","85.00","0.00","0.00"
"","16258","Zuni Sun Studs","","Zuni Sun Studs","0","85.00","0.00","0.00"
"WLS350101NC04B","16264","Autumn Half-Zip Top - ""Silent Seekers""","12491","Size - XS","0","149.00","59.50","0.00"
"WLS350101NC04B","16264","Autumn Half-Zip Top - ""Silent Seekers""","12492","Size - S","0","149.00","59.50","0.00"
"WLS350101NC04B","16264","Autumn Half-Zip Top - ""Silent Seekers""","12493","Size - M","0","149.00","59.50","0.00"
"WLS350101NC04B","16264","Autumn Half-Zip Top - ""Silent Seekers""","12494","Size - L","0","149.00","59.50","0.00"
"WLS350101NC04B","16264","Autumn Half-Zip Top - ""Silent Seekers""","12495","Size - XL","0","149.00","59.50","0.00"
"WLS350101NC1DA","16265","Autumn Half-Zip Top - ""In her World""","12496","Size - XS","0","149.00","59.50","0.00"
"WLS350101NC1DA","16265","Autumn Half-Zip Top - ""In her World""","12497","Size - S","0","149.00","59.50","0.00"
"WLS350101NC1DA","16265","Autumn Half-Zip Top - ""In her World""","12498","Size - M","1","149.00","59.50","0.00"
"WLS350101NC1DA","16265","Autumn Half-Zip Top - ""In her World""","12499","Size - L","1","149.00","59.50","0.00"
"WLS350101NC1DA","16265","Autumn Half-Zip Top - ""In her World""","12500","Size - XL","1","149.00","59.50","0.00"
"WLS350101NC0IA","16266","Autumn Half-Zip Top - ""Wisdom Keepers""","12501","Size - XS","0","149.00","59.50","0.00"
"WLS350101NC0IA","16266","Autumn Half-Zip Top - ""Wisdom Keepers""","12502","Size - S","1","149.00","59.50","0.00"
"WLS350101NC0IA","16266","Autumn Half-Zip Top - ""Wisdom Keepers""","12503","Size - M","1","149.00","59.50","0.00"
"WLS350101NC0IA","16266","Autumn Half-Zip Top - ""Wisdom Keepers""","12504","Size - L","0","149.00","59.50","0.00"
"WLS350101NC0IA","16266","Autumn Half-Zip Top - ""Wisdom Keepers""","12505","Size - XL","0","149.00","59.50","0.00"
"HPA120","16269","Multipurpose Anti-Odor Mist","","Multipurpose Anti-Odor Mist","10","16.00","8.00","0.00"
"","16270","mocassins taille 4","","mocassins taille 4","0","150.00","0.00","0.00"
"","16271","montre Kokopelli","","montre Kokopelli","0","360.00","0.00","0.00"
"","16272","Pendentif Feuille Chene Argent","","Pendentif Feuille Chene Argent","0","28.00","0.00","0.00"
"","16273","Mocassins 600PU custom 10F a commander","","Mocassins 600PU custom 10F a commander","0","108.00","0.00","0.00"
"","16274","frais de shipping","","frais de shipping","0","18.26","0.00","0.00"
"","16275","depot sur WATER BUFALO DRESS  1XL Kate","","depot sur WATER BUFALO DRESS  1XL Kate","0","43.49","0.00","0.00"
"","16276","niska","","niska","1","5.00","0.00","0.00"
"","16277","Niska","","Niska","0","5.75","0.00","0.00"
"W12005-WDR2601NC0WA","16278","Kate Dress ""Earth Keeper""","12519","Size - XS","0","169.00","64.50","0.00"
"W12005-WDR2601NC0WA","16278","Kate Dress ""Earth Keeper""","12520","Size - S","0","169.00","64.50","0.00"
"W12005-WDR2601NC0WA","16278","Kate Dress ""Earth Keeper""","12521","Size - M","0","169.00","64.50","0.00"
"W12005-WDR2601NC0WA","16278","Kate Dress ""Earth Keeper""","12522","Size - L","0","169.00","64.50","0.00"
"W12005-WDR2601NC0WA","16278","Kate Dress ""Earth Keeper""","12523","Size - XL","0","169.00","64.50","0.00"
"","16279","sacoche hides and hands","","sacoche hides and hands","0","122.00","0.00","0.00"
"","16280","Kokopelli","","Kokopelli","0","125.00","0.00","0.00"
"","16281","Feather Barette","","Feather Barette","0","75.00","0.00","0.00"
"","16282","mocassins","","mocassins","0","111.00","0.00","0.00"
"VOUCHER","16284","Voucher","12531","Price - $15","999","15.00","0.00","0.00"
"VOUCHER","16284","Voucher","12533","Price - $50","999","50.00","0.00","0.00"
"VOUCHER","16284","Voucher","12535","Price - $25","999","25.00","0.00","0.00"
"","16285","Hides in Hand Baby Red Mocassins sz 6","","Hides in Hand Baby Red Mocassins sz 6","0","75.00","0.00","0.00"
"","16286","Dépot BDC 313813","","Dépot BDC 313813","0","43.49","0.00","0.00"
"","16287","key chain","","key chain","0","9.00","0.00","0.00"
"","16288","cache cou custom","","cache cou custom","0","59.00","0.00","0.00"
"","16289","Custom Lena Geese Spirit","","Custom Lena Geese Spirit","0","149.00","0.00","0.00"
"","16290","anklet","","anklet","0","12.00","0.00","0.00"
"","16291","sterling silver hummingbird opalite pink","","sterling silver hummingbird opalite pink","0","800.00","0.00","0.00"
"","16292","bruno henry","","bruno henry","0","60.00","0.00","0.00"
"","16295","pierre totem aimant custom","","pierre totem aimant custom","0","7.50","0.00","0.00"
"","16296","calendar","","calendar","0","22.00","0.00","0.00"
"CAPCANVAS","16297","CAP Canvas","","CAP Canvas","5","40.00","17.00","0.00"
"","16298","LAPIS SPHERE","","LAPIS SPHERE","1","65.00","0.00","0.00"
"","16299","SPHERE LAPIS FOR mATTEO","","SPHERE LAPIS FOR mATTEO","0","65.00","0.00","0.00"
"","16300","RACOON TAIL","","RACOON TAIL","0","10.87","0.00","0.00"
"","16301","Copper Ring sz 11","","Copper Ring sz 11","0","18.00","0.00","0.00"
"","16302","Conchos 551137 L 7","","Conchos 551137 L 7","0","147.00","0.00","0.00"
"","16303","Bracelet Cheville Perlé","","Bracelet Cheville Perlé","0","16.00","0.00","0.00"
"","16304","Bracelet Corail 22792","","Bracelet Corail 22792","0","28.00","0.00","0.00"
"L201L","16305","Ladies Snowmobile Boots","12563","Shoe Size - 4","0","520.00","242.00","0.00"
"L201L","16305","Ladies Snowmobile Boots","12564","Shoe Size - 5","0","520.00","242.00","0.00"
"L201L","16305","Ladies Snowmobile Boots","12565","Shoe Size - 6","0","520.00","242.00","0.00"
"L201L","16305","Ladies Snowmobile Boots","12566","Shoe Size - 7","0","520.00","242.00","0.00"
"L201L","16305","Ladies Snowmobile Boots","12567","Shoe Size - 8","0","520.00","242.00","0.00"
"L201L","16305","Ladies Snowmobile Boots","12568","Shoe Size - 9","0","520.00","242.00","0.00"
"L201L","16305","Ladies Snowmobile Boots","12569","Shoe Size - 10","1","520.00","242.00","0.00"
"L201L","16305","Ladies Snowmobile Boots","12570","Shoe Size - 11","0","520.00","242.00","0.00"
"KL-01T","16306","Ladies Urban Boots","12571","Shoe Size - 4","0","695.00","325.00","0.00"
"KL-01T","16306","Ladies Urban Boots","12572","Shoe Size - 5","0","695.00","325.00","0.00"
"KL-01T","16306","Ladies Urban Boots","12573","Shoe Size - 6","0","695.00","325.00","0.00"
"KL-01T","16306","Ladies Urban Boots","12574","Shoe Size - 7","1","695.00","325.00","0.00"
"KL-01T","16306","Ladies Urban Boots","12575","Shoe Size - 8","0","695.00","325.00","0.00"
"KL-01T","16306","Ladies Urban Boots","12576","Shoe Size - 9","0","695.00","325.00","0.00"
"KL-01T","16306","Ladies Urban Boots","12577","Shoe Size - 10","0","695.00","325.00","0.00"
"KL-01T","16306","Ladies Urban Boots","12578","Shoe Size - 11","0","695.00","325.00","0.00"
"DL-05T","16307","Men Urban Boots","12579","Shoe Size - 4","0","750.00","350.00","0.00"
"DL-05T","16307","Men Urban Boots","12580","Shoe Size - 5","0","750.00","350.00","0.00"
"DL-05T","16307","Men Urban Boots","12581","Shoe Size - 6","0","750.00","350.00","0.00"
"DL-05T","16307","Men Urban Boots","12582","Shoe Size - 7","1","750.00","350.00","0.00"
"DL-05T","16307","Men Urban Boots","12583","Shoe Size - 8","0","750.00","350.00","0.00"
"DL-05T","16307","Men Urban Boots","12584","Shoe Size - 9","0","750.00","350.00","0.00"
"DL-05T","16307","Men Urban Boots","12585","Shoe Size - 10","0","750.00","350.00","0.00"
"DL-05T","16307","Men Urban Boots","12586","Shoe Size - 11","0","750.00","350.00","0.00"
"DL-05T","16307","Men Urban Boots","12587","Shoe Size - 12","1","750.00","350.00","0.00"
"DL-05T","16307","Men Urban Boots","12588","Shoe Size - 13","0","750.00","350.00","0.00"
"BV-05","16308","Bracelet - Mink","12589","Size - S","2","24.00","0.00","11.00"
"BV-05","16308","Bracelet - Mink","12590","Size - M","2","25.00","0.00","11.00"
"BV-05","16308","Bracelet - Mink","12591","Size - L","2","27.00","0.00","12.00"
"BRAL-05","16309","Bracelet - Seal","12592","Size - M","2","24.00","0.00","11.00"
"BRAL-05","16309","Bracelet - Seal","12593","Size - L","2","26.00","0.00","12.00"
"BRAL-05","16309","Bracelet - Seal","12594","Size - S","2","22.00","0.00","10.00"
"","16310","Glasses Lanyard MM44","","Glasses Lanyard MM44","0","13.95","0.00","0.00"
"BIRC600OS-07","16311","Sherpa Baby Blanket ""Birch Bark"" Blanket","","Sherpa Baby Blanket ""Birch Bark"" Blanket","0","85.00","51.00","0.00"
"1700-0008-43-565CHO","16313","Suede Papoose for Ladies","12595","Shoe Size - 6","1","119.00","38.50","0.00"
"1700-0008-43-565CHO","16313","Suede Papoose for Ladies","12596","Shoe Size - 10","1","119.00","38.50","0.00"
"CONN600OS-07","16314","Sherpa Baby Blanket ""Connections""","","Sherpa Baby Blanket ""Connections""","0","85.00","51.00","0.00"
"","16315","Mocassins Hides in Hands gr 4 avec frange","","Mocassins Hides in Hands gr 4 avec frange","1","145.00","0.00","0.00"
"","16316","bracelet","","bracelet","0","23.00","0.00","0.00"
"","16317","test","","test","1","1.00","0.00","0.00"
"","16318","test","","test","1","1.00","0.00","0.00"
"","16319","Shark tooth","","Shark tooth","0","3.95","0.00","0.00"
"","16320","Palo Santo Sage","","Palo Santo Sage","0","19.50","0.00","0.00"
"","16321","DC18 B.O. bleues","","DC18 B.O. bleues","0","22.95","0.00","0.00"
"","16322","john Rombough often involves 8x8 originale","","john Rombough often involves 8x8 originale","0","320.00","0.00","0.00"
"","16323","john rombough 10x12 the shaman wisdom taking core of the land","","john rombough 10x12 the shaman wisdom taking core of the land","0","320.00","0.00","0.00"
"","16324","Bague Navaho Turquoise Bison","","Bague Navaho Turquoise Bison","0","210.00","0.00","0.00"
"LCPHFRWHEP1F","16325","Cell Phone Holder","","Cell Phone Holder","1","122.00","69.00","0.00"
"","16326","Baton sauge/palo santo","","Baton sauge/palo santo","0","19.50","0.00","0.00"
"C-05C","16327","RCMP Beaver Hat","12597","Size - XS","0","258.00","113.00","0.00"
"C-05C","16327","RCMP Beaver Hat","12598","Size - S","0","258.00","113.00","0.00"
"C-05C","16327","RCMP Beaver Hat","12599","Size - M","0","258.00","113.00","0.00"
"C-05C","16327","RCMP Beaver Hat","12600","Size - L","1","258.00","113.00","0.00"
"C-05C","16327","RCMP Beaver Hat","12601","Size - XL","1","258.00","113.00","0.00"
"C-05C","16327","RCMP Beaver Hat","12602","Size - XXL","0","258.00","113.00","0.00"
"RA-05AC","16328","Silver Fox Aviator Hat","12603","Size - XS","0","595.00","285.00","0.00"
"RA-05AC","16328","Silver Fox Aviator Hat","12604","Size - S","0","595.00","285.00","0.00"
"RA-05AC","16328","Silver Fox Aviator Hat","12605","Size - M","0","595.00","285.00","0.00"
"RA-05AC","16328","Silver Fox Aviator Hat","12606","Size - L","0","595.00","285.00","0.00"
"RA-05AC","16328","Silver Fox Aviator Hat","12607","Size - XL","0","595.00","285.00","0.00"
"RA-05AC","16328","Silver Fox Aviator Hat","12608","Size - XXL","2","595.00","285.00","0.00"
"LM-05AC","16329","Seal Skin  Hat","12609","Size - XS","0","225.00","95.00","0.00"
"LM-05AC","16329","Seal Skin  Hat","12610","Size - S","0","225.00","95.00","0.00"
"LM-05AC","16329","Seal Skin  Hat","12611","Size - M","1","225.00","95.00","0.00"
"LM-05AC","16329","Seal Skin  Hat","12612","Size - L","0","225.00","95.00","0.00"
"LM-05AC","16329","Seal Skin  Hat","12613","Size - XL","0","225.00","95.00","0.00"
"LM-05AC","16329","Seal Skin  Hat","12614","Size - XXL","0","225.00","95.00","0.00"
"C-05AC","16330","Beaver Aviator Hat","12615","Size - XS","0","299.00","140.00","0.00"
"C-05AC","16330","Beaver Aviator Hat","12616","Size - S","0","299.00","140.00","0.00"
"C-05AC","16330","Beaver Aviator Hat","12617","Size - M","1","299.00","140.00","0.00"
"C-05AC","16330","Beaver Aviator Hat","12618","Size - L","0","299.00","140.00","0.00"
"C-05AC","16330","Beaver Aviator Hat","12619","Size - XL","0","299.00","140.00","0.00"
"C-05AC","16330","Beaver Aviator Hat","12620","Size - XXL","0","299.00","140.00","0.00"
"C-01C","16331","RCMP Beaver Hat","12621","Size - XS","0","320.00","130.00","0.00"
"C-01C","16331","RCMP Beaver Hat","12622","Size - S","0","320.00","130.00","0.00"
"C-01C","16331","RCMP Beaver Hat","12623","Size - M","0","320.00","130.00","0.00"
"C-01C","16331","RCMP Beaver Hat","12624","Size - L","1","320.00","130.00","0.00"
"C-01C","16331","RCMP Beaver Hat","12625","Size - XL","0","320.00","130.00","0.00"
"C-01C","16331","RCMP Beaver Hat","12626","Size - XXL","0","320.00","130.00","0.00"
"RAF-05AC","16332","Forest Silver Fox Aviator Hat","12627","Size - XS","0","420.00","195.00","0.00"
"RAF-05AC","16332","Forest Silver Fox Aviator Hat","12628","Size - S","0","420.00","195.00","0.00"
"RAF-05AC","16332","Forest Silver Fox Aviator Hat","12629","Size - M","0","420.00","195.00","0.00"
"RAF-05AC","16332","Forest Silver Fox Aviator Hat","12630","Size - L","0","420.00","195.00","0.00"
"RAF-05AC","16332","Forest Silver Fox Aviator Hat","12631","Size - XL","0","420.00","195.00","0.00"
"RAF-05AC","16332","Forest Silver Fox Aviator Hat","12632","Size - XXL","1","420.00","195.00","0.00"
"C-CHAP","16334","Beaver Hat","12644","Size - XS","0","435.00","190.00","0.00"
"C-CHAP","16334","Beaver Hat","12645","Size - S","0","435.00","190.00","0.00"
"C-CHAP","16334","Beaver Hat","12646","Size - M","0","435.00","190.00","0.00"
"C-CHAP","16334","Beaver Hat","12647","Size - L","1","435.00","190.00","0.00"
"C-CHAP","16334","Beaver Hat","12648","Size - XL","0","435.00","190.00","0.00"
"C-CHAP","16334","Beaver Hat","12649","Size - XXL","0","435.00","190.00","0.00"
"PAYSANE","16337","Purse ""Paysane""","","Purse ""Paysane""","1","252.00","117.00","0.00"
"FEF-05","16338","Purse ""Felicia"" in Finn Raccoon","","Purse ""Felicia"" in Finn Raccoon","1","460.00","213.00","0.00"
"TAL-05","16339","Tablet Bag","","Tablet Bag","1","85.00","40.00","0.00"
"DPC-05","16341","Purse with Coyote","","Purse with Coyote","1","265.00","120.00","0.00"
"C-05AC","16342","Raccoon Hat","12657","Size - XS","0","345.00","160.00","0.00"
"C-05AC","16342","Raccoon Hat","12658","Size - S","0","345.00","160.00","0.00"
"C-05AC","16342","Raccoon Hat","12659","Size - M","0","345.00","160.00","0.00"
"C-05AC","16342","Raccoon Hat","12660","Size - L","1","345.00","160.00","0.00"
"C-05AC","16342","Raccoon Hat","12661","Size - XL","0","345.00","160.00","0.00"
"C-05AC","16342","Raccoon Hat","12662","Size - XXL","0","345.00","160.00","0.00"
"RCRY-05MA","16343","Masai Coyote Hat","12665","Size - XS","0","420.00","195.00","0.00"
"RCRY-05MA","16343","Masai Coyote Hat","12666","Size - S","0","420.00","195.00","0.00"
"RCRY-05MA","16343","Masai Coyote Hat","12667","Size - M","0","420.00","195.00","0.00"
"RCRY-05MA","16343","Masai Coyote Hat","12668","Size - L","1","420.00","195.00","0.00"
"RCRY-05MA","16343","Masai Coyote Hat","12669","Size - XL","0","420.00","195.00","0.00"
"RCRY-05MA","16343","Masai Coyote Hat","12670","Size - XXL","0","420.00","195.00","0.00"
"MOUTON","16344","Sheep Skin Hat","12677","Size - L","1","130.00","60.00","0.00"
"C05-PN1","16345","Camouflaged Aviator Hat","12679","Size - M","1","140.00","65.00","0.00"
"CPR05","16346","Purse with Fox","","Purse with Fox","1","185.00","85.00","0.00"
"C_CN18X18","16347","Beaver Cushion","","Beaver Cushion","1","195.00","90.00","0.00"
"","16350","Graisse d'ours","","Graisse d'ours","0","55.00","0.00","0.00"
"DRUMBAG","16351","Drum Bag","12687","Size - 14""","0","295.00","0.00","145.00"
"DRUMBAG","16351","Drum Bag","12689","Size - 10""","1","220.00","0.00","110.00"
"","16352","Bague H-13 Zuni-bleu","","Bague H-13 Zuni-bleu","0","360.00","0.00","0.00"
"TAL-01","16356","Tablet Bag","","Tablet Bag","1","85.00","40.00","0.00"
"","16357","Pendant plume LP22A","","Pendant plume LP22A","0","440.00","0.00","0.00"
"","16358","Navajo copper pendant","","Navajo copper pendant","0","25.00","0.00","0.00"
"FP-COYOTE","16360","Coyote Scarf","","Coyote Scarf","1","215.00","98.00","0.00"
"FP-CRYSTAL","16361","Crystal Fox Scarf","","Crystal Fox Scarf","1","329.00","158.00","0.00"
"","16362","Silver Navaho Hoop Earrings","","Silver Navaho Hoop Earrings","1","130.00","0.00","0.00"
"","16363","Collier Perles Zuni","","Collier Perles Zuni","0","165.00","0.00","0.00"
"","16364","DC18 Boucles d'oreilles Turquoise","","DC18 Boucles d'oreilles Turquoise","0","22.95","0.00","0.00"
"","16366","Jonc cuivre-5","","Jonc cuivre-5","0","12.00","0.00","0.00"
"KL-05T","16367","copy of Ladies Urban Boots","12715","Shoe Size - 4","0","745.00","348.00","0.00"
"KL-05T","16367","copy of Ladies Urban Boots","12716","Shoe Size - 5","0","745.00","348.00","0.00"
"KL-05T","16367","copy of Ladies Urban Boots","12717","Shoe Size - 6","0","745.00","348.00","0.00"
"KL-05T","16367","copy of Ladies Urban Boots","12718","Shoe Size - 7","0","745.00","348.00","0.00"
"KL-05T","16367","copy of Ladies Urban Boots","12719","Shoe Size - 8","1","745.00","348.00","0.00"
"KL-05T","16367","copy of Ladies Urban Boots","12720","Shoe Size - 9","0","745.00","348.00","0.00"
"KL-05T","16367","copy of Ladies Urban Boots","12721","Shoe Size - 10","0","745.00","348.00","0.00"
"KL-05T","16367","copy of Ladies Urban Boots","12722","Shoe Size - 11","0","745.00","348.00","0.00"
"KL-05M","16368","Ladies Urban Boots","12723","Shoe Size - 4","0","695.00","326.00","0.00"
"KL-05M","16368","Ladies Urban Boots","12724","Shoe Size - 5","0","695.00","326.00","0.00"
"KL-05M","16368","Ladies Urban Boots","12725","Shoe Size - 6","0","695.00","326.00","0.00"
"KL-05M","16368","Ladies Urban Boots","12726","Shoe Size - 7","0","695.00","326.00","0.00"
"KL-05M","16368","Ladies Urban Boots","12727","Shoe Size - 8","1","695.00","326.00","0.00"
"KL-05M","16368","Ladies Urban Boots","12728","Shoe Size - 9","0","695.00","326.00","0.00"
"KL-05M","16368","Ladies Urban Boots","12729","Shoe Size - 10","0","695.00","326.00","0.00"
"KL-05M","16368","Ladies Urban Boots","12730","Shoe Size - 11","0","695.00","326.00","0.00"
"","16369","Balance sur robe Lena Geese Spirit L","","Balance sur robe Lena Geese Spirit L","0","135.51","0.00","0.00"
"POMPOMS","16370","Pompoms","12731","Totems - Coyote","1","18.00","0.00","8.00"
"POMPOMS","16370","Pompoms","12732","Totems - Fox","3","26.00","0.00","12.00"
"POMPOMS","16370","Pompoms","12733","Totems - Raccoon","1","26.00","0.00","12.00"
"","16371","Triptique des treize lunes","","Triptique des treize lunes","0","58.00","0.00","0.00"
"","16372","Beads necklace","","Beads necklace","0","28.00","0.00","0.00"
"","16373","Bracelet Guéérison Turquoise Arizona","","Bracelet Guéérison Turquoise Arizona","0","70.00","0.00","0.00"
"","16374","BDC 480680 Amanda Dress Refuge - Balance","","BDC 480680 Amanda Dress Refuge - Balance","1","84.21","0.00","0.00"
"","16375","Pendentif Opalite Turquoise Zuni","","Pendentif Opalite Turquoise Zuni","0","345.00","0.00","0.00"
"","16377","04-506 Boma Vision of the Bear Copper Salmon","","04-506 Boma Vision of the Bear Copper Salmon","0","51.00","0.00","0.00"
"","16378","OOkpik Opossom","","OOkpik Opossom","0","39.00","0.00","0.00"
"","16379","Bracelet perlé","","Bracelet perlé","0","9.00","0.00","0.00"
"","16380","Bracelet perlé","","Bracelet perlé","0","9.00","0.00","0.00"
"MBBELT","16381","Leather Belt","","Leather Belt","1","805.00","402.50","0.00"
"MBVEST","16382","Leather Vest","","Leather Vest","1","950.00","475.00","0.00"
"MBTOP","16383","Leather Top","","Leather Top","1","495.00","247.50","0.00"
"","16384","custom mineral","","custom mineral","0","6.95","0.00","0.00"
"","16385","custom trade","","custom trade","0","151.00","0.00","0.00"
"CHILDVEST","16386","Leather Vest for Children","","Leather Vest for Children","1","60.00","30.00","0.00"
"","16388","beaded necklace","","beaded necklace","0","18.00","0.00","0.00"
"","16389","bead anklet","","bead anklet","0","16.00","0.00","0.00"
"","16390","bracelet nstp","","bracelet nstp","0","18.00","0.00","0.00"
"","16391","custom bead anklet","","custom bead anklet","0","16.00","0.00","0.00"
"","16392","Collier beads","","Collier beads","0","34.50","0.00","0.00"
"","16393","Fleur turquoise pendentif","","Fleur turquoise pendentif","0","45.00","0.00","0.00"
"74813","16394","Turtle Pendant Slide","","Turtle Pendant Slide","1","80.00","34.69","0.00"
"74814","16395","Honey Bee Pendant","","Honey Bee Pendant","0","38.00","15.86","0.00"
"74815","16396","Hummingbird Pendant","","Hummingbird Pendant","0","58.00","24.78","0.00"
"7776","16397","Horse Charm","","Horse Charm","1","34.00","14.69","0.00"
"82642","16398","3mm Copper Ring","12745","Size - 5","0","15.00","6.49","0.00"
"82642","16398","3mm Copper Ring","12746","Size - 6","2","15.00","6.49","0.00"
"82642","16398","3mm Copper Ring","12747","Size - 7","0","15.00","6.49","0.00"
"82642","16398","3mm Copper Ring","12748","Size - 8","0","15.00","6.49","0.00"
"82642","16398","3mm Copper Ring","12749","Size - 9","1","15.00","6.49","0.00"
"82644","16399","6mm Copper Ring","12751","Size - 6","2","18.00","6.95","0.00"
"82644","16399","6mm Copper Ring","12752","Size - 7","3","18.00","6.95","0.00"
"82644","16399","6mm Copper Ring","12753","Size - 8","1","18.00","6.95","0.00"
"82644","16399","6mm Copper Ring","12754","Size - 9","1","18.00","6.95","0.00"
"82644","16399","6mm Copper Ring","12755","Size - 10","0","18.00","6.95","0.00"
"82644","16399","6mm Copper Ring","12756","Size - 11","0","18.00","6.95","0.00"
"82644","16399","6mm Copper Ring","12757","Size - 12","1","18.00","6.95","0.00"
"82646","16400","8mm Hammered Copper Ring","12758","Size - 6","2","20.00","7.79","0.00"
"82646","16400","8mm Hammered Copper Ring","12759","Size - 7","1","20.00","7.79","0.00"
"82646","16400","8mm Hammered Copper Ring","12760","Size - 8","0","20.00","7.79","0.00"
"82646","16400","8mm Hammered Copper Ring","12761","Size - 9","2","20.00","7.79","0.00"
"82646","16400","8mm Hammered Copper Ring","12762","Size - 10","0","20.00","7.79","0.00"
"82646","16400","8mm Hammered Copper Ring","12763","Size - 11","1","20.00","7.79","0.00"
"82646","16400","8mm Hammered Copper Ring","12764","Size - 12","0","20.00","7.79","0.00"
"22841","16401","9.9mm Copper Bracelet","","9.9mm Copper Bracelet","0","18.00","6.79","0.00"
"22842","16402","19mm Copper Bracelet","","19mm Copper Bracelet","1","20.00","8.13","0.00"
"22843","16403","12.5mm Copper Bracelet","","12.5mm Copper Bracelet","1","18.00","6.79","0.00"
"2940","16404","Sterling Silver Bracelet","","Sterling Silver Bracelet","1","148.00","64.19","0.00"
"23308","16405","Sterling Silver Bracelet","","Sterling Silver Bracelet","1","205.00","88.90","0.00"
"82219","16406","3mm Sterling Silver Ring","12773","Size - 5","1","15.00","6.49","0.00"
"82219","16406","3mm Sterling Silver Ring","12774","Size - 6","1","15.00","6.49","0.00"
"82219","16406","3mm Sterling Silver Ring","12775","Size - 7","1","15.00","6.49","0.00"
"82219","16406","3mm Sterling Silver Ring","12776","Size - 8","0","15.00","6.49","0.00"
"82219","16406","3mm Sterling Silver Ring","12777","Size - 9","1","15.00","6.49","0.00"
"82219","16406","3mm Sterling Silver Ring","12778","Size - 10","1","15.00","6.49","0.00"
"15-2-C","16407","Copper Pendant","","Copper Pendant","1","30.00","13.03","0.00"
"22475","16408","Sterling Silver Bracelet","","Sterling Silver Bracelet","1","115.00","49.78","0.00"
"34475","16409","Turquoise Necklace","","Turquoise Necklace","1","105.00","44.19","0.00"
"","16410","Bracelet 22285","","Bracelet 22285","0","43.00","0.00","0.00"
"","16411","Thunderbird pendant","","Thunderbird pendant","0","210.00","0.00","0.00"
"DANCINGSEAL","16412","Dancing Seal - Alariaq","","Dancing Seal - Alariaq","1","400.00","200.00","0.00"
"FLIPPER","16413","Flipper","","Flipper","1","440.00","220.00","0.00"
"SEALKELLY","16414","Seal - Simanik Kelly","","Seal - Simanik Kelly","1","260.00","130.00","0.00"
"HUNTER","16415","Hunter with Spear","","Hunter with Spear","1","600.00","300.00","0.00"
"INUKSHUK ALARIAQ","16416","Inukshuk Alariaq","","Inukshuk Alariaq","1","400.00","200.00","0.00"
"UPRIGHTSEAL ALARIAQ","16417","Upright Dancing Seal Alariaq","","Upright Dancing Seal Alariaq","1","600.00","300.00","0.00"
"WALRUS SIMIGAK","16418","Walrus Simigak","","Walrus Simigak","1","465.00","230.00","0.00"
"SEAL ADLA","16419","Seal Adla","","Seal Adla","1","115.00","55.00","0.00"
"BEAR SAMAYUALIE","16420","Bear Samayualie","","Bear Samayualie","1","795.00","400.00","0.00"
"MARK HENRY","16421","Mask Henry","","Mask Henry","1","125.00","60.00","0.00"
"INUKSHUK ALARIAQ","16422","Inukshuk Shaa","","Inukshuk Shaa","1","350.00","175.00","0.00"
"EAGLE IOWHAN","16423","Eagle Iowhan","","Eagle Iowhan","1","1300.00","650.00","0.00"
"SEAL-62391","16424","Seal Kopalie","","Seal Kopalie","1","140.00","70.00","0.00"
"BEAR ETIDLOIE","16425","Bear Etidloie","","Bear Etidloie","1","1190.00","595.00","0.00"
"WHALE VERTEBRAE","16426","Whale Vertebrae Akpaliapik","","Whale Vertebrae Akpaliapik","1","350.00","175.00","0.00"
"1513","16427","Man Kelly","","Man Kelly","1","315.00","155.00","0.00"
"1246651","16429","Musk Pootoogoo","","Musk Pootoogoo","1","525.00","260.00","0.00"
"1246651","16430","Seal on Walrus","","Seal on Walrus","1","400.00","200.00","0.00"
"607612","16431","Inukshuk Shaa","","Inukshuk Shaa","1","375.00","185.00","0.00"
"EAGLE MARACLE","16432","Eagle Maracle","","Eagle Maracle","1","2500.00","2500.00","0.00"
"","16434","Barrette fleur perlée","","Barrette fleur perlée","1","34.50","0.00","0.00"
"","16435","barette br32 custom","","barette br32 custom","1","34.50","0.00","0.00"
"","16436","Paiement balance sur BDC480685","","Paiement balance sur BDC480685","0","94.08","0.00","0.00"
"","16437","test","","test","1","1.00","0.00","0.00"
"","16438","Barette fleur perlée","","Barette fleur perlée","0","34.50","0.00","0.00"
"VASE1","16439","Vase with Horse Hair","","Vase with Horse Hair","0","55.00","25.00","0.00"
"VASE2","16440","Vase with Horse Hair","","Vase with Horse Hair","0","65.00","30.00","0.00"
"HORSE","16441","Marble Horse","","Marble Horse","0","160.00","80.00","0.00"
"TORTUE1","16442","Alabaster Turtle","","Alabaster Turtle","0","110.00","55.00","0.00"
"","16443","test","","test","1","11.00","0.00","0.00"
"","16444","Collier artisanal nacre","","Collier artisanal nacre","0","70.00","0.00","0.00"
"TORTUE2","16445","Alabaster Turtle","","Alabaster Turtle","0","95.00","45.00","0.00"
"","16446","Balance sur Capri BDC 480683","","Balance sur Capri BDC 480683","0","104.00","0.00","0.00"
"OWL","16447","Owl","","Owl","0","115.00","55.00","0.00"
"RABBIT","16448","Rabbit","","Rabbit","1","115.00","55.00","0.00"
"BROOCH","16449","Brooch Arnaktauyok","","Brooch Arnaktauyok","8","80.00","40.00","0.00"
"A12050-POD2559","16450","Matted Print - Ice Dream","","Matted Print - Ice Dream","4","20.00","7.50","0.00"
"A01003-POD2565","16451","Matted Print - Sky Girl","","Matted Print - Sky Girl","0","20.00","7.50","0.00"
"A10044-POD2572","16452","Matted Print - Returning","","Matted Print - Returning","0","20.00","7.50","0.00"
"PLN127","16453","Planner 2025","","Planner 2025","1","46.00","20.00","0.00"
"W12018-POD2551C","16454","Canvas - Early evening flowing into fall","","Canvas - Early evening flowing into fall","3","40.00","17.00","0.00"
"","16455","Vest cuir","","Vest cuir","0","60.00","0.00","0.00"
"","16456","Carte Patience","","Carte Patience","0","6.35","0.00","0.00"
"A01033-POD2581C","16457","Canvas - New Fire","","Canvas - New Fire","2","40.00","17.00","0.00"
"A10044-POD2572C","16458","Canvas - The Return","","Canvas - The Return","2","40.00","17.00","0.00"
"","16459","BDC 480663 Bandeau Castor Noir BC-01 156.50 balance","","BDC 480663 Bandeau Castor Noir BC-01 156.50 balance","0","106.50","0.00","0.00"
"W12008-POD2581C","16460","Canvas - Winter Wolves","","Canvas - Winter Wolves","2","40.00","17.00","0.00"
"","16461","Jonc cuivre 82642-8","","Jonc cuivre 82642-8","0","20.00","0.00","0.00"
"A01003-POD2565","16462","Matted Print - Sky Girl","","Matted Print - Sky Girl","0","20.00","7.50","0.00"
"A10012-POD2565","16463","Matted Print - Sky Sisters","","Matted Print - Sky Sisters","3","20.00","7.50","0.00"
"","16464","Eagle Moon","","Eagle Moon","0","5.50","0.00","0.00"
"","16465","Pink Opalite Studs","","Pink Opalite Studs","0","25.00","0.00","0.00"
"","16466","Turquoise Heart Studs","","Turquoise Heart Studs","0","30.00","0.00","0.00"
"FAMILY","16467","Family Love","","Family Love","1","500.00","250.00","0.00"
"KNOWN","16468","Known","","Known","1","320.00","160.00","0.00"
"JOURNEY","16469","Journey","","Journey","1","500.00","250.00","0.00"
"ENCOMPASSES","16470","Encompasses","","Encompasses","1","1260.00","630.00","0.00"
"","16471","Collier perlé","","Collier perlé","0","24.00","0.00","0.00"
