"Product name","Reference code","Combinations Reference code","Quantity","Pre-tax wholesale price","Pre-tax retail price","Combinations wholesale price","Product Combinations ID","Product ID","Specific Price ID_1","Specific Price ID_2","Specific Price ID_3","Specific Price ID_4"
"Card - Teachings","A01036-7","","28","2.5","5.5","0","","30","","","",""
"Card - Strength Within","A01035-7","","353","2.5","5.5","0","","34","","","",""
"Card - Reaching Out","A01034-POD2570","","5","2.75","6.35","0","","35","","","",""
"Card - Trust","A01037-7","","124","2.5","5.5","0","","40","","","",""
"Card - Whisper","A08011-7","","98","2.5","5.5","0","","44","","","",""
"Card - A Moose and Goose","A08007-POD2548","","13","2.75","6.35","0","","47","","","",""
"Card - Sky Sisters","A10012-POD2565","","15","2.75","6.35","0","","51","","","",""
"Card - Merging Earth and Sky","A10004-7","","209","2.5","5.5","0","","54","","","",""
"Card - New Day","A08013-POD2584","","9","2.75","6.35","0","","61","","","",""
"Card - Patience","A08045-20084","","10","2.75","6.35","0","","64","","","",""
"Card - Birth of Eagle Shadow","A01029-POD2882","","12","2.75","6.35","0","","67","","","",""
"Card - Unity","A08019-POD2886","","14","2.75","6.35","0","","70","","","",""
"Card - River Keeper","A09006-POD2579","","15","2.75","6.35","0","","73","","","",""
"Card - Rebirth","A04015-20085","","23","2.75","6.35","0","","76","","","",""
"Card - Passage","W13025-POD2569","","7","2.75","6.35","0","","85","","","",""
"Card - Winter Wolves","W12008-POD2581","","11","2.75","6.35","0","","95","","","",""
"Card - Earth Keeper","W12005-POD2552","","10","2.75","6.35","0","","104","","","",""
"Card - Going Home","W12016-POD2556","","10","2.75","6.35","0","","107","","","",""
"Card - Early Evening Flowing Into Fall","W12018-POD2551","","9","2.75","6.35","0","","113","","","",""
"Bill Helin Eagle Oven Mitt","SKU: 53-53-672","","2","8","19.95","0","","135","","","",""
"Bill Helin Hummingbird Pot Holder","SKU: 53-53-552","","2","5.75","15.95","0","","152","","","",""
"Bill Helin Raven Oven Mitt","SKU: 53-53-007","","2","8","19.95","0","","171","","","",""
"Andrew Williams Hummingbird Oven Mitt","SKU: 52-52-792","","2","8","19.95","0","","179","","","",""
"Andrew Williams Hummingbird Pot Holder","SKU: 52-52-791","","2","6.5","15.95","0","","181","","","",""
"Corrine Hunt Sea to Sky Cheese Knife","SKU: 00-04-531","","2","22","56","0","","240","","","",""
"Card - The Protector","A00048-7-POD2884","","14","2.75","6.35","0","","251","","","",""
"Card - Sky Girl","A01003-POD2575","","18","2.75","6.35","0","","257","","","",""
"Jim Charlie Raven Oven Mitt","SKU: 52-52-627","","2","8","19.95","0","","259","","","",""
"Card - Passing Through","A04060-20083","","8","2.75","6.35","0","","262","","","",""
"Card - Tranquility","A09054-20087","","12","2.75","6.35","0","","268","","","",""
"Card - The Return","A10044-POD2572","","19","2.75","6.35","0","","285","","","",""
"Card - Otherness","A13056-POD2568","","7","2.75","6.35","0","","290","","","",""
"Card - Origins","A13057-POD2567","","7","2.75","6.35","0","","294","","","",""
"Card - Northern Keepers","A16051-POD2566","","3","2.75","6.35","0","","299","","","",""
"Card - Zenith","A16052-POD2586","","20","2.75","6.35","0","","304","","","",""
"Card - Silent Seekers","A16058-POD2574","","8","2.75","6.35","0","","309","","","",""
"Card - Wisdom Keepers","A16059-POD2582","","0","2.75","6.35","0","","313","","","",""
"Card - Messenger","A95053-20081","","16","2.75","6.35","0","","315","","","",""
"Card - Gezaluwejit","A14051-POD2554","","11","2.75","6.35","0","","318","","","",""
"Card - In Her World","W13026-7","","7","2.5","5.5","0","","321","","","",""
"Card - Inner Memories","W13047-POD2560","","11","2.75","6.35","0","","324","","","",""
"Card - Ice Dream","A12050-POD2559","","7","2.75","6.35","0","","332","","","",""
"Card - Roots Of Another World","W13053-20086","","12","2.75","6.35","0","","338","","","",""
"Card - Harmony","A01038-7","","99","2.5","5.5","0","","341","","","",""
"Card - Sharing","A01040-7","","230","2.5","5.5","0","","344","","","",""
"Card - Water and Spirit Buffalo","W13023-POD2887","","6","2.75","6.35","0","","350","","","",""
"Connie Dickens Raven Passport Bag","SKU: 52-52-411","","2","16.75","40","0","","358","","","",""
"Connie Dickens Raven Zip Pouch","SKU: 52-52-410","","3","8.25","20","0","","359","","","",""
"Kelly Robinson Eagle Passport Purse","SKU: 52-52-861","","3","16.75","40","0","","367","","","",""
"Kelly Robinson Eagle Passport Purse","SKU: 52-52-851","","3","16.75","40","0","","368","","","",""
"Kelly Robinson Eagle Zip Pouch","SKU: 52-52-860","","3","8.25","20","0","","371","","","",""
"Kelly Robinson Eagle Zip Pouch","SKU: 52-52-850","","3","8.25","20","0","","372","","","",""
"Corrine Hunt Silk Inspiration Bangle","SKU: 00-07-730x3","","0","23.5","54","0","1038","373","","","",""
"Corrine Hunt Silk Inspiration Bangle","SKU: 00-07-730x3","","1","23.5","54","0","1039","373","","","",""
"Corrine Hunt Silk Inspiration Bangle","SKU: 00-07-730x3","07-732","1","23.5","54","0","1040","373","","","",""
"Corrine Hunt Silk Inspiration Bangle","SKU: 00-07-733x3","","2","23.5","54","0","1035","374","","","","438"
"Corrine Hunt Silk Inspiration Bangle","SKU: 00-07-733x3","","0","23.5","54","0","1036","374","","","",""
"Corrine Hunt Silk Inspiration Bangle","SKU: 00-07-733x3","","1","23.5","54","0","1037","374","","","",""
"Kelly Robinson Silk Inspiration Bangle","SKU: 00-07-739x3","07-739","0","23.5","54","0","1028","395","","","",""
"Kelly Robinson Silk Inspiration Bangle","SKU: 00-07-739x3","","0","23.5","54","0","1029","395","","","",""
"Kelly Robinson Silk Inspiration Bangle","SKU: 00-07-739x3","07-741","2","23.5","54","0","1030","395","","","",""
"Kelly Robinson Silk Inspiration Oval Earrings","SKU: 00-07-668","","2","21.5","50","0","","401","","","",""
"Kelly Robinson Silk Inspiration Trapezoid Earrings","SKU: 00-07-671","","2","21.5","50","0","","404","","","",""
"Kelly Robinson Silk Inspiration Round Pendant","SKU: 00-07-656","","2","16.5","46","0","","410","","","",""
"Corrine Hunt Wolf Pendant","SKU: 00-07-504","","2","35.5","82","0","","428","","","",""
"Kelly Robinson Hummingbird Bracelet","SKU: 00-07-571x2","07-571","1","0","110.95","48","7523","448","","","",""
"Kelly Robinson Hummingbird Bracelet","SKU: 00-07-571x2","07-573","1","0","110.95","45","7524","448","","","",""
"John Robson CMH Clamshell Box Watch","SKU: 90-90-252","90-90-253","0","450","0","150","11706","454","","","",""
"John Robson CMH Clamshell Box Watch","SKU: 90-90-252","90-90-252","1","450","0","450","11707","454","","","",""
"Potlatch Bear Dish","SKU: 00-02-826","","2","50.5","116","0","","477","","","",""
"Potlatch Frog Bowl","SKU: 00-02-822","","2","50.5","116","0","","480","","","",""
"Mini Coin Purse Bear Box","SKU: 54-54-395","","0","14.5","32.95","0","102","502","","","",""
"Mini Coin Purse Bear Box","SKU: 54-54-395","","2","14.5","32.95","0","103","502","","","",""
"Mini Coin Purse Bear Box","SKU: 54-54-395","","2","14.5","32.95","0","104","502","","","",""
"Mini Coin Purse Bear Box","SKU: 54-54-395","","2","14.5","32.95","0","105","502","","","",""
"Mini Coin Purse Bear Box","SKU: 54-54-395","","0","14.5","32.95","0","2069","502","","","",""
"Mini Coin Purse Bear Box","SKU: 54-54-395","","3","14.5","32.95","0","3952","502","","","",""
"Passport Pouch Bear Box","SKU: 54-54-208","Noir","0","31","72","0","4097","509","","","",""
"Passport Pouch Bear Box","SKU: 54-54-208","Rouge","1","31","72","0","4098","509","","","",""
"Passport Pouch Bear Box","SKU: 54-54-208","","0","31","72","0","4099","509","","","",""
"Passport Pouch Bear Box","SKU: 54-54-208","","0","31","72","0","4100","509","","","",""
"Passport Pouch Bear Box","SKU: 54-54-208","","1","31","72","0","4102","509","","","",""
"Passport Pouch Bear Box","SKU: 54-54-208","","0","31","72","0","4121","509","","","",""
"Passport Pouch Bear Box","SKU: 54-54-208","","1","31","72","0","7834","509","","","",""
"Passport Pouch Bear Box","SKU: 54-54-208","Jaune","1","31","72","0","9129","509","","","",""
"Embossed Solo Bag Bear Box","SKU: 54-54-203","54-200","0","52","120","0","8523","518","","","",""
"Embossed Solo Bag Bear Box","SKU: 54-54-203","","0","52","120","0","8524","518","","","",""
"Embossed Solo Bag Bear Box","SKU: 54-54-203","54-241","0","52","120","0","8525","518","","","",""
"Embossed Solo Bag Bear Box","SKU: 54-54-203","","1","52","120","0","8526","518","","","",""
"Embossed Solo Bag Bear Box","SKU: 54-54-203","","0","52","120","0","8527","518","","","",""
"Embossed Solo Bag Bear Box","SKU: 54-54-203","54-201","0","52","120","0","8528","518","","","",""
"Embossed Solo Bag Bear Box","SKU: 54-54-203","54-202","1","52","120","0","8529","518","","","",""
"Embossed Solo Bag Bear Box","SKU: 54-54-203","","1","52","120","0","8530","518","","","",""
"Embossed Solo Bag Bear Box","SKU: 54-54-203","","0","52","120","0","8531","518","","","",""
"Small Print - Honoring the Giver of Life","A01031-6","","19","10.87","25","0","","609","","","",""
"Small Print - Moon Wisdom","A01032-6","","73","10.87","25","0","","610","","","",""
"Small Print - New Fire","A01033-6","","87","10.87","25","0","","611","","","",""
"Small Print - Teachings","A01036-6","","94","10.87","25","0","","612","","","",""
"Small Print - Trust","A01037-6","","2","10.87","25","0","","615","","","",""
"Small Print - Birth of an Eagle Shadow","A01029-6","","4","10.87","25","0","","623","","","",""
"Small Print - River Keeper","A09006-6","","38","10.87","25","0","","625","","","",""
"Small Print - Nostalgia","A04039-6","","13","10.87","25","0","","627","","","",""
"Small Print - Journey to the Spirit World","A07020-6","","6","10.87","25","0","","628","","","",""
"Small Print - Breath of Life","W12024-6","","71","10.87","25","0","","630","","","",""
"Small Print - Synchronicity","W12017-6","","66","10.87","25","0","","631","","","",""
"Small Print - Winter Wolves","W12008-6","","24","10.87","25","0","","632","","","",""
"Small Print - Dialogue","W12001-6","","9","10.87","25","0","","633","","","",""
"Small Print - Gate of Silk","W12014-6","","6","10.87","25","0","","634","","","",""
"Small Print - Earth Keeper","W12005-6","","42","10.87","25","0","","635","","","",""
"Small Print - Going Home","W12016-6","","9","10.87","25","0","","636","163","","","163"
"Small Print - Early Evening Flowing Into Fall","W12018-6","","11","10.87","25","0","","638","","","",""
"Small Print - The Protector","A00048-6","","3","10.87","25","0","","640","","","",""
"Small Print - Sky Girl","A01003-6","","7","10.87","25","0","","641","","","",""
"Small print - Tranquility","A09054-6","","5","10.87","25","0","","643","","","",""
"Small Print - Abundance","A16055-6","","12","10.87","25","0","","644","","","",""
"Small Print - Lapinx","A13041-6","","14","10.87","25","0","","645","","","",""
"Small Print - Returning","A10044-6","","4","10.87","25","0","","646","","","",""
"Small print - Otherness","A13056-6","","12","10.87","25","0","","647","","","",""
"Small Print - Origins","A13057-6","","10","10.87","25","0","","648","","","",""
"Small Print - Silent Seekers","A16058-6","","9","10.87","25","0","","651","","","",""
"Small Print - Messenger","A95053-6","","3","10.87","25","0","","653","","","",""
"Matted Print - Gezaluwejit","A14051-POD2554","","3","7.5","20","0","","654","","","",""
"Small Print - In Her World","W13026-6","","15","10.87","25","0","","655","","","",""
"Small Print - Playing With Shadows","W13027-6","","15","10.87","25","0","","659","","","",""
"Small Print - Roots Of Another World","A13053-6","","8","10.87","25","0","","660","","","",""
"Small Print - Harmony","A01038-6","","50","10.87","25","0","","661","","","",""
"Small Print - Water and Spirit Buffalo","W13023-6","","11","10.87","25","0","","664","","","",""
"Ltd Edition - Honoring the Giver of Life","A01031-2","","2","0","74","70.73","1601","667","","","",""
"Ltd Edition - Honoring the Giver of Life","A01031-2","","0","0","74","0","1602","667","","","",""
"Ltd Edition - Honoring the Giver of Life","A01031-2","","0","0","74","0","1603","667","","","",""
"Ltd Edition - Honoring the Giver of Life","A01031-2","","0","0","74","0","1604","667","","","",""
"Ltd Edition - Moon Wisdom","A01032-2","","2","0","74","74","1605","668","","","",""
"Ltd Edition - Moon Wisdom","A01032-2","","0","0","74","0","1606","668","","","",""
"Ltd Edition - Moon Wisdom","A01032-2","","0","0","74","0","1607","668","","","",""
"Ltd Edition - Moon Wisdom","A01032-2","","0","0","74","0","1608","668","","","",""
"Ltd Edition - Teachings","A01036-2","","3","0","74","74","1613","670","","","",""
"Ltd Edition - Teachings","A01036-2","","0","0","74","0","1614","670","","","",""
"Ltd Edition - Teachings","A01036-2","","0","0","74","0","1615","670","","","",""
"Ltd Edition - Teachings","A01036-2","","0","0","74","0","1616","670","","","",""
"Ltd Edition - Patience","A08045-2","","4","0","74","62.7","1889","680","","","",""
"Ltd Edition - Patience","A08045-2","","0","0","74","0","1890","680","","","",""
"Ltd Edition - Patience","A08045-2","","0","0","74","0","1891","680","","","",""
"Ltd Edition - Patience","A08045-2","","0","0","74","0","1892","680","","","",""
"Ltd Edition - Unity","A08019-2","","2","0","74","70.73","1805","682","","","",""
"Ltd Edition - Unity","A08019-2","","0","0","74","0","1806","682","","","",""
"Ltd Edition - Unity","A08019-2","","0","0","74","0","1807","682","","","",""
"Ltd Edition - Unity","A08019-2","","0","0","74","0","1808","682","","","",""
"Ltd Edition - River Keeper","A09006-2","","2","0","74","67.3","1909","683","","","",""
"Ltd Edition - River Keeper","A09006-2","","0","0","74","0","1910","683","","","",""
"Ltd Edition - River Keeper","A09006-2","","0","0","74","0","1911","683","","","",""
"Ltd Edition - River Keeper","A09006-2","","0","0","74","0","1912","683","","","",""
"Ltd Edition - Rebirth","A04015-2","","2","0","74","74","1809","684","","","",""
"Ltd Edition - Rebirth","A04015-2","","0","0","74","0","1810","684","","","",""
"Ltd Edition - Rebirth","A04015-2","","0","0","74","0","1811","684","","","",""
"Ltd Edition - Rebirth","A04015-2","","0","0","74","0","1812","684","","","",""
"Ltd Edition - Nostalgia","A04039-2","","3","0","74","74","1813","685","","","",""
"Ltd Edition - Nostalgia","A04039-2","","0","0","74","0","1814","685","","","",""
"Ltd Edition - Nostalgia","A04039-2","","0","0","74","0","1815","685","","","",""
"Ltd Edition - Nostalgia","A04039-2","","0","0","74","0","1816","685","","","",""
"Ltd Edition - Synchronicity","W12017-2","","3","0","74","70.73","1629","689","","","",""
"Ltd Edition - Synchronicity","W12017-2","","0","0","74","0","1630","689","","","",""
"Ltd Edition - Synchronicity","W12017-2","","0","0","74","0","1631","689","","","",""
"Ltd Edition - Synchronicity","W12017-2","","0","0","74","0","1632","689","","","",""
"Ltd Edition - Gate of Silk","W12014-2","","4","0","74","74","1737","692","","","",""
"Ltd Edition - Gate of Silk","W12014-2","","0","0","74","0","1738","692","","","",""
"Ltd Edition - Gate of Silk","W12014-2","","0","0","74","0","1739","692","","","",""
"Ltd Edition - Gate of Silk","W12014-2","","0","0","74","0","1740","692","","","",""
"Ltd Edition - Early Evening Flowing into Fall","W12018-2","","2","0","74","74","1741","696","","","",""
"Ltd Edition - Early Evening Flowing into Fall","W12018-2","","0","0","74","0","1742","696","","","",""
"Ltd Edition - Early Evening Flowing into Fall","W12018-2","","0","0","74","0","1743","696","","","",""
"Ltd Edition - Early Evening Flowing into Fall","W12018-2","","0","0","74","0","1744","696","","","",""
"Ltd Edition - The Protector","A00048-2","","2","0","74","70.73","1653","698","","","",""
"Ltd Edition - The Protector","A00048-2","","0","0","74","0","1654","698","","","",""
"Ltd Edition - The Protector","A00048-2","","0","0","74","0","1655","698","","","",""
"Ltd Edition - The Protector","A00048-2","","0","0","74","0","1656","698","","","",""
"Ltd Edition - Sky Girl","A01003-2","","3","0","74","70.73","1641","699","","","",""
"Ltd Edition - Sky Girl","A01003-2","","0","0","74","0","1642","699","","","",""
"Ltd Edition - Sky Girl","A01003-2","","0","0","74","0","1643","699","","","",""
"Ltd Edition - Sky Girl","A01003-2","","0","0","74","0","1644","699","","","",""
"Ltd Edition - Tranquility","A09054-2","","2","0","74","70.73","1645","701","","","",""
"Ltd Edition - Tranquility","A09054-2","","0","0","74","0","1646","701","","","",""
"Ltd Edition - Tranquility","A09054-2","","0","0","74","0","1647","701","","","",""
"Ltd Edition - Tranquility","A09054-2","","0","0","74","0","1648","701","","","",""
"Ltd Edition - Abundance","A16055-2","","2","74","74","74","1649","702","","","",""
"Ltd Edition - Abundance","A16055-2","","0","74","74","0","1650","702","","","",""
"Ltd Edition - Abundance","A16055-2","","0","74","74","0","1651","702","","","",""
"Ltd Edition - Abundance","A16055-2","","0","74","74","0","1652","702","","","",""
"Ltd Edition - Lapinx","A13041-2","","0","0","74","0","1918","703","","","",""
"Ltd Edition - Lapinx","A13041-2","","0","0","74","0","1919","703","","","",""
"Ltd Edition - Lapinx","A13041-2","","0","0","74","0","1920","703","","","",""
"Ltd Edition - Lapinx","A13041-2","","2","0","74","60","11347","703","","","",""
"Ltd Edition - Lapinx","A13041-2","","3","0","74","74","11348","703","","","",""
"Ltd Edition - Otherness","A13056-2","","2","0","74","62.7","1877","705","","","",""
"Ltd Edition - Otherness","A13056-2","","0","0","74","0","1878","705","","","",""
"Ltd Edition - Otherness","A13056-2","","0","0","74","0","1879","705","","","",""
"Ltd Edition - Otherness","A13056-2","","0","0","74","0","1880","705","","","",""
"Ltd Edition - Silent Seekers","A16058-2","","2","0","74","62.7","1881","709","","","",""
"Ltd Edition - Silent Seekers","A16058-2","","0","0","74","0","1882","709","","","",""
"Ltd Edition - Silent Seekers","A16058-2","","0","0","74","0","1883","709","","","",""
"Ltd Edition - Silent Seekers","A16058-2","","0","0","74","0","1884","709","","","",""
"Ltd Edition - Messenger","A95053-2","","3","0","74","62.7","1893","711","","","",""
"Ltd Edition - Messenger","A95053-2","","0","0","74","0","1894","711","","","",""
"Ltd Edition - Messenger","A95053-2","","0","0","74","0","1895","711","","","",""
"Ltd Edition - Messenger","A95053-2","","0","0","74","0","1896","711","","","",""
"Ltd Edition - Gezaluwejit","A14051-2","","2","0","74","74","1529","712","","","",""
"Ltd Edition - Gezaluwejit","A14051-2","","0","0","74","0","1530","712","","","",""
"Ltd Edition - Gezaluwejit","A14051-2","","0","0","74","0","1531","712","","","",""
"Ltd Edition - Gezaluwejit","A14051-2","","0","0","74","0","1532","712","","","",""
"Ltd Edition - Inner Memories","W13047-2","","4","0","74","74","1753","714","","","",""
"Ltd Edition - Inner Memories","W13047-2","","0","0","74","0","1754","714","","","",""
"Ltd Edition - Inner Memories","W13047-2","","0","0","74","0","1755","714","","","",""
"Ltd Edition - Inner Memories","W13047-2","","0","0","74","0","1756","714","","","",""
"Ltd Edition - Ice Dream","A12050-2","","3","0","74","74","1757","716","","","",""
"Ltd Edition - Ice Dream","A12050-2","","0","0","74","0","1758","716","","","",""
"Ltd Edition - Ice Dream","A12050-2","","0","0","74","0","1759","716","","","",""
"Ltd Edition - Ice Dream","A12050-2","","0","0","74","0","1760","716","","","",""
"Ltd Edition - Harmony","A01038-2","","2","0","74","70","1930","719","","","",""
"Ltd Edition - Harmony","A01038-2","","0","0","74","0","1931","719","","","",""
"Ltd Edition - Harmony","A01038-2","","0","0","74","0","1932","719","","","",""
"Ltd Edition - Harmony","A01038-2","","0","0","74","0","1933","719","","","",""
"Ltd Edition - Carried Away","A13042-2","","2","0","74","62","1897","721","","","",""
"Ltd Edition - Carried Away","A13042-2","","0","0","74","0","1898","721","","","",""
"Ltd Edition - Carried Away","A13042-2","","0","0","74","0","1899","721","","","",""
"Ltd Edition - Carried Away","A13042-2","","0","0","74","0","1900","721","","","",""
"Canvas - New Day","A08013-1","","1","0","0","0","1561","737","","","",""
"Canvas - New Day","A08013-1","","0","0","0","0","1562","737","","","",""
"Canvas - New Day","A08013-1","","0","0","0","0","1563","737","","","",""
"Canvas - New Day","A08013-1","","0","0","0","0","1564","737","","","",""
"Canvas - Patience","A08045-1","","1","0","0","0","1837","738","","","",""
"Canvas - Patience","A08045-1","","0","0","0","0","1838","738","","","",""
"Canvas - Patience","A08045-1","","0","0","0","0","1839","738","","","",""
"Canvas - Patience","A08045-1","","0","0","0","0","1840","738","","","",""
"Canvas - River Keeper","A09006-1","","0","0","0","0","1854","741","","","",""
"Canvas - River Keeper","A09006-1","","0","0","0","0","1855","741","","","",""
"Canvas - River Keeper","A09006-1","","0","0","0","0","1856","741","","","",""
"Canvas - River Keeper","A09006-1","","1","0","0","0","8134","741","","","",""
"Canvas - River Keeper","A09006-1","","0","0","0","0","8135","741","","","",""
"Canvas - River Keeper","A09006-1","","1","0","0","0","9712","741","","","",""
"Canvas - Zenith","A16052-1","","0","0","0","0","1866","766","","","",""
"Canvas - Zenith","A16052-1","","0","0","0","0","1867","766","","","",""
"Canvas - Zenith","A16052-1","","0","0","0","0","1868","766","","","",""
"Canvas - Zenith","A16052-1","","0","0","0","102","9715","766","","","",""
"Card - The Forest Temple","A17065-POD2578","","4","2.75","6.35","0","","781","","","",""
"Card - Depth","A17063-POD2550","","6","2.75","6.35","0","","782","","","",""
"Card - M'Otter love","A17064-POD2563","","2","2.75","6.35","0","","784","","","",""
"Matted Print - Depth","A17063-POD2550","","2","7.5","20","0","","785","","","",""
"Small Print - Horizon","W17062-6","","11","10.87","25","0","","786","","","",""
"Ltd Edition - M'Otter Love","A17064-2","","0","0","74","0","1926","790","","","",""
"Ltd Edition - M'Otter Love","A17064-2","","0","0","74","0","1927","790","","","",""
"Ltd Edition - M'Otter Love","A17064-2","","0","0","74","0","1928","790","","","",""
"Ltd Edition - M'Otter Love","A17064-2","","0","0","74","58.5","11349","790","","","",""
"Ltd Edition - M'Otter Love","A17064-2","","2","0","74","89.52","11350","790","","","",""
"Ltd Edition - Depth","A17063-2","","2","0","74","74","1513","791","","","",""
"Ltd Edition - Depth","A17063-2","","0","0","74","0","1514","791","","","",""
"Ltd Edition - Depth","A17063-2","","0","0","74","0","1515","791","","","",""
"Ltd Edition - Depth","A17063-2","","0","0","74","0","1516","791","","","",""
"Ltd Edition - Horizon","W17062-2","","2","0","74","74","1773","792","","","",""
"Ltd Edition - Horizon","W17062-2","","0","0","74","0","1774","792","","","",""
"Ltd Edition - Horizon","W17062-2","","0","0","74","0","1775","792","","","",""
"Ltd Edition - Horizon","W17062-2","","0","0","74","0","1776","792","","","",""
"Canvas - Motter Love","A17064-1","","2","0","0","0","1869","794","","","",""
"Canvas - Motter Love","A17064-1","","0","0","0","0","1870","794","","","",""
"Canvas - Motter Love","A17064-1","","0","0","0","0","1871","794","","","",""
"Canvas - Motter Love","A17064-1","","0","0","0","0","1872","794","","","",""
"Card - Abundance","A09055-7","","7","2.5","5.5","0","","798","","","",""
"Card - Northern Masters","W18053-7-POD2883","","7","2.75","6.35","0","","799","","","",""
"Coco Tank ""Silent Seekers""","A16058-WNS0701NC04A","","1","34.35","79","0","1435","807","","","",""
"Coco Tank ""Silent Seekers""","A16058-WNS0701NC04A","","1","34.35","79","0","1436","807","","","",""
"Coco Tank ""Silent Seekers""","A16058-WNS0701NC04A","","2","34.35","79","0","1437","807","","","",""
"Coco Tank ""Silent Seekers""","A16058-WNS0701NC04A","","0","34.35","79","0","1438","807","","","",""
"Coco Tank ""Silent Seekers""","A16058-WNS0701NC04A","","1","34.35","79","0","1439","807","","","",""
"Coco Tank ""Northern Keepers""","A16051-WNS0701NC05A","","1","34.35","79","0","1430","808","","","",""
"Coco Tank ""Northern Keepers""","A16051-WNS0701NC05A","","0","34.35","79","0","1431","808","","","",""
"Coco Tank ""Northern Keepers""","A16051-WNS0701NC05A","","0","34.35","79","0","1432","808","","","",""
"Coco Tank ""Northern Keepers""","A16051-WNS0701NC05A","","0","34.35","79","0","1433","808","","","",""
"Coco Tank ""Northern Keepers""","A16051-WNS0701NC05A","","0","34.35","79","0","1434","808","","","",""
"K Smith T-Shirt ""Silent Seekers""","A16058-WSS0901NC04A","","1","35","89","0","1405","820","","","",""
"K Smith T-Shirt ""Silent Seekers""","A16058-WSS0901NC04A","","2","35","89","0","1406","820","","","",""
"K Smith T-Shirt ""Silent Seekers""","A16058-WSS0901NC04A","","1","35","89","0","1407","820","","","",""
"K Smith T-Shirt ""Silent Seekers""","A16058-WSS0901NC04A","","0","35","89","0","1408","820","","","",""
"K Smith T-Shirt ""Silent Seekers""","A16058-WSS0901NC04A","","2","35","89","0","1409","820","","","",""
"Kaplan Tank ""M'Otter Love""","A17064-WNS0801NC03A","","2","60","129","0","1420","822","","","",""
"Kaplan Tank ""M'Otter Love""","A17064-WNS0801NC03A","","1","60","129","0","1421","822","","","",""
"Kaplan Tank ""M'Otter Love""","A17064-WNS0801NC03A","","1","60","129","0","1422","822","","","",""
"Kaplan Tank ""M'Otter Love""","A17064-WNS0801NC03A","","1","60","129","0","1423","822","","","",""
"Kaplan Tank ""M'Otter Love""","A17064-WNS0801NC03A","","2","60","129","0","1424","822","","","",""
"Kaplan Tank ""Silent Seekers""","A16058-WNS0801NC04B","","1","60","129","0","1415","823","","","",""
"Kaplan Tank ""Silent Seekers""","A16058-WNS0801NC04B","","0","60","129","0","1416","823","","","",""
"Kaplan Tank ""Silent Seekers""","A16058-WNS0801NC04B","","0","60","129","0","1417","823","","","",""
"Kaplan Tank ""Silent Seekers""","A16058-WNS0801NC04B","","0","60","129","0","1418","823","","","",""
"Kaplan Tank ""Silent Seekers""","A16058-WNS0801NC04B","","1","60","129","0","1419","823","","","",""
"Kate Dress ""Depth""","A17063-WDR2601NC02A","","1","64.5","169","0","1395","825","","","",""
"Kate Dress ""Depth""","A17063-WDR2601NC02A","","0","64.5","169","0","1396","825","","","",""
"Kate Dress ""Depth""","A17063-WDR2601NC02A","","0","64.5","169","0","1397","825","","","",""
"Kate Dress ""Depth""","A17063-WDR2601NC02A","","0","64.5","169","0","1398","825","","","",""
"Kate Dress ""Depth""","A17063-WDR2601NC02A","","1","64.5","169","0","1399","825","","","",""
"Kate Dress ""M'Otter Love""","A17064-WDR2601NC03D","","1","64.5","169","0","1390","826","","","",""
"Kate Dress ""M'Otter Love""","A17064-WDR2601NC03D","","1","64.5","169","0","1391","826","","","",""
"Kate Dress ""M'Otter Love""","A17064-WDR2601NC03D","","1","64.5","169","0","1392","826","","","",""
"Kate Dress ""M'Otter Love""","A17064-WDR2601NC03D","","0","64.5","169","0","1393","826","","","",""
"Kate Dress ""M'Otter Love""","A17064-WDR2601NC03D","","0","64.5","169","0","1394","826","","","",""
"Kate Dress ""Silent Seekers""","A16058-WDR2601NC04A","","1","64.5","169","0","1385","827","","","",""
"Kate Dress ""Silent Seekers""","A16058-WDR2601NC04A","","1","64.5","169","0","1386","827","","","",""
"Kate Dress ""Silent Seekers""","A16058-WDR2601NC04A","","1","64.5","169","0","1387","827","","","",""
"Kate Dress ""Silent Seekers""","A16058-WDR2601NC04A","","0","64.5","169","0","1388","827","","","",""
"Kate Dress ""Silent Seekers""","A16058-WDR2601NC04A","","0","64.5","169","0","1389","827","","","",""
"Kate Dress ""Northern Keepers""","A16051-WDR2601NC05A","","1","64.5","169","0","1380","828","","","",""
"Kate Dress ""Northern Keepers""","A16051-WDR2601NC05A","","0","64.5","169","0","1381","828","","","",""
"Kate Dress ""Northern Keepers""","A16051-WDR2601NC05A","","1","64.5","169","0","1382","828","","","",""
"Kate Dress ""Northern Keepers""","A16051-WDR2601NC05A","","0","64.5","169","0","1383","828","","","",""
"Kate Dress ""Northern Keepers""","A16051-WDR2601NC05A","","1","64.5","169","0","1384","828","","","",""
"Kate Dress ""Giving Thanks""","A01028-WDR2601NC08A","","1","64.5","169","0","3042","830","","","",""
"Kate Dress ""Giving Thanks""","A01028-WDR2601NC08A","","1","64.5","169","0","3043","830","","","",""
"Kate Dress ""Giving Thanks""","A01028-WDR2601NC08A","","1","64.5","169","0","3044","830","","","",""
"Kate Dress ""Giving Thanks""","A01028-WDR2601NC08A","","0","64.5","169","0","3045","830","","","",""
"Kate Dress ""Giving Thanks""","A01028-WDR2601NC08A","","0","64.5","169","0","3046","830","","","",""
"Kate Dress ""Water and Spirit Buffalo""","W13023-WDR2601NC09A","","1","64.5","169","0","1365","831","","","",""
"Kate Dress ""Water and Spirit Buffalo""","W13023-WDR2601NC09A","","0","64.5","169","0","1366","831","","","",""
"Kate Dress ""Water and Spirit Buffalo""","W13023-WDR2601NC09A","","0","64.5","169","0","1367","831","","","",""
"Kate Dress ""Water and Spirit Buffalo""","W13023-WDR2601NC09A","","0","64.5","169","0","1368","831","","","",""
"Kate Dress ""Water and Spirit Buffalo""","W13023-WDR2601NC09A","","1","64.5","169","0","1369","831","","","",""
"Kate Dress ""Journey to the Spirit World""","A07020-WDR2601NC0AB","","0","64.5","169","0","1360","832","","","",""
"Kate Dress ""Journey to the Spirit World""","A07020-WDR2601NC0AB","","1","64.5","169","0","1361","832","","","",""
"Kate Dress ""Journey to the Spirit World""","A07020-WDR2601NC0AB","","0","64.5","169","0","1362","832","","","",""
"Kate Dress ""Journey to the Spirit World""","A07020-WDR2601NC0AB","","0","64.5","169","0","1363","832","","","",""
"Kate Dress ""Journey to the Spirit World""","A07020-WDR2601NC0AB","","1","64.5","169","0","1364","832","","","",""
"Pablo Pillow ""Silent Seekers""","A16058-UAC1801NC04A","","4","21","59","0","","835","","","",""
"Pablo Pillow ""Water and Spirit Buffalo""","W13023-UAC1801NC09A","","4","21","59","0","","837","","","",""
"Pablo Pillow ""Journey to the Spirit World""","A07020-UAC1801NC0AB","","2","21","59","0","","838","","","",""
"Vivienne Scarf ""Silent Seekers""","A16058-WAC0201NC04A","","8","23","59","0","","847","","","",""
"Vivienne Scarf ""Northern Keepers""","A16051-WAC0201NC05A","","4","23","59","0","","848","","","",""
"Vivienne Scarf ""The River Keeper""","A09006-WAC0201NC06A","","5","23","59","0","","849","","","",""
"Vivienne Scarf ""Dialogue""","W12001-WAC0201NC07B","","2","23","59","0","","850","","","",""
"Vivienne Scarf ""Giving Thanks""","A01028-WAC0201NC08A","","3","23","59","0","","851","","","",""
"Vivienne Scarf ""Journey to the Spirit World""","A07020-WAC0201NC0AA","","2","23","59","0","","853","","","",""
"Vivienne Scarf ""Zenith""","A16052-WAC0201NC0BA","","3","23","59","0","","854","","","",""
"Vivienne Scarf ""Forest Temple""","A17065-WAC0201NC0CA","","4","23","59","0","","855","","","",""
"Yoko Cape Tunic ""Silent Seekers""","A16058-WSS0701NC04A","","1","65","139","0","1460","859","","","",""
"Yoko Cape Tunic ""Silent Seekers""","A16058-WSS0701NC04A","","1","65","139","0","1461","859","","","",""
"Yoko Cape Tunic ""Silent Seekers""","A16058-WSS0701NC04A","","1","65","139","0","1462","859","","","",""
"Yoko Cape Tunic ""Silent Seekers""","A16058-WSS0701NC04A","","0","65","139","0","1463","859","","","",""
"Yoko Cape Tunic ""Silent Seekers""","A16058-WSS0701NC04A","","0","65","139","0","1464","859","","","",""
"K Smith T-Shirt ""M'Otter Love""","A17064-WSS0901NC03B","","1","35","89","0","3312","865","","","",""
"K Smith T-Shirt ""M'Otter Love""","A17064-WSS0901NC03B","","1","35","89","0","3313","865","","","",""
"K Smith T-Shirt ""M'Otter Love""","A17064-WSS0901NC03B","","1","35","89","0","3314","865","","","",""
"K Smith T-Shirt ""M'Otter Love""","A17064-WSS0901NC03B","","0","35","89","0","3315","865","","","",""
"K Smith T-Shirt ""M'Otter Love""","A17064-WSS0901NC03B","","0","35","89","0","3316","865","","","",""
"Pablo Pillow ""Lapinx""","A13041-UAC1801NC0EB","","2","21","59","0","","869","","","",""
"Pablo Pillow ""Forest Temple""","A17065-UAC0301NC0CC","","2","21","59","0","","870","","","",""
"Salvadore Tee for Men ""Whisper""","A08011-MSS0701NC0HA","","0","36","89","0","3332","898","","","",""
"Salvadore Tee for Men ""Whisper""","A08011-MSS0701NC0HA","","1","36","89","0","3333","898","","","",""
"Salvadore Tee for Men ""Whisper""","A08011-MSS0701NC0HA","","1","36","89","0","3334","898","","","",""
"Salvadore Tee for Men ""Whisper""","A08011-MSS0701NC0HA","","0","36","89","0","3335","898","","","",""
"Salvadore Tee for Men ""Whisper""","A08011-MSS0701NC0HA","","1","36","89","0","3336","898","","","",""
"Kate Dress ""Early Evening Flowing into Fall""","W12018-WDR2601NC0DB","","0","64.5","169","0","3037","911","","","",""
"Kate Dress ""Early Evening Flowing into Fall""","W12018-WDR2601NC0DB","","2","64.5","169","0","3038","911","","","",""
"Kate Dress ""Early Evening Flowing into Fall""","W12018-WDR2601NC0DB","","1","64.5","169","0","3039","911","","","",""
"Kate Dress ""Early Evening Flowing into Fall""","W12018-WDR2601NC0DB","","0","64.5","169","0","3040","911","","","",""
"Kate Dress ""Early Evening Flowing into Fall""","W12018-WDR2601NC0DB","","0","64.5","169","0","3041","911","","","",""
"Frida Cardigan ""Wisdom Keepers""","A16059-WBL0301NC0IA","","1","52.5","129","0","2927","916","","","",""
"Frida Cardigan ""Wisdom Keepers""","A16059-WBL0301NC0IA","","1","52.5","129","0","2928","916","","","",""
"Frida Cardigan ""Wisdom Keepers""","A16059-WBL0301NC0IA","","1","52.5","129","0","2929","916","","","",""
"Frida Cardigan ""Wisdom Keepers""","A16059-WBL0301NC0IA","","0","52.5","129","0","2930","916","","","",""
"Frida Cardigan ""Wisdom Keepers""","A16059-WBL0301NC0IA","","0","52.5","129","0","2931","916","","","",""
"Frida Cardigan ""Journey to the Spirit World""","A07020-WBL0301NC0AA","","0","52.5","129","0","2922","920","","","",""
"Frida Cardigan ""Journey to the Spirit World""","A07020-WBL0301NC0AA","","1","52.5","129","0","2923","920","","","",""
"Frida Cardigan ""Journey to the Spirit World""","A07020-WBL0301NC0AA","","1","52.5","129","0","2924","920","","","",""
"Frida Cardigan ""Journey to the Spirit World""","A07020-WBL0301NC0AA","","1","52.5","129","0","2925","920","","","",""
"Frida Cardigan ""Journey to the Spirit World""","A07020-WBL0301NC0AA","","1","52.5","129","0","2926","920","","","",""
"Pablo Pillow ""Depth""","A17063-UAC1801NC02A","","7","23","59","0","","933","","","",""
"Kaplan Tank ""New Day""","A08013-WNS0801NC0FC","","1","60","129","0","3277","944","","","",""
"Kaplan Tank ""New Day""","A08013-WNS0801NC0FC","","1","60","129","0","3278","944","","","",""
"Kaplan Tank ""New Day""","A08013-WNS0801NC0FC","","0","60","129","0","3279","944","","","",""
"Kaplan Tank ""New Day""","A08013-WNS0801NC0FC","","0","60","129","0","3280","944","","","",""
"Kaplan Tank ""New Day""","A08013-WNS0801NC0FC","","0","60","129","0","3281","944","","","",""
"Frida Cardigan ""Merging Earth and Sky""","A10004-WBL0301NC01C","","1","52.5","129","0","2947","954","","","",""
"Frida Cardigan ""Merging Earth and Sky""","A10004-WBL0301NC01C","","0","52.5","129","0","2948","954","","","",""
"Frida Cardigan ""Merging Earth and Sky""","A10004-WBL0301NC01C","","1","52.5","129","0","2949","954","","","",""
"Frida Cardigan ""Merging Earth and Sky""","A10004-WBL0301NC01C","","0","52.5","129","0","2950","954","","","",""
"Frida Cardigan ""Merging Earth and Sky""","A10004-WBL0301NC01C","","0","52.5","129","0","2951","954","","","",""
"Frida Cardigan ""M'Otter Love""","A17064-WBL0301NC03A","","2","52.5","129","0","2952","955","","","",""
"Frida Cardigan ""M'Otter Love""","A17064-WBL0301NC03A","","2","52.5","129","0","2953","955","","","",""
"Frida Cardigan ""M'Otter Love""","A17064-WBL0301NC03A","","1","52.5","129","0","2954","955","","","",""
"Frida Cardigan ""M'Otter Love""","A17064-WBL0301NC03A","","1","52.5","129","0","2955","955","","","",""
"Frida Cardigan ""M'Otter Love""","A17064-WBL0301NC03A","","1","52.5","129","0","2956","955","","","",""
"Frida Cardigan ""Silent Seekers""","A16058-WBL0301NC04A","","1","52.5","129","0","2957","956","","","",""
"Frida Cardigan ""Silent Seekers""","A16058-WBL0301NC04A","","0","52.5","129","0","2958","956","","","",""
"Frida Cardigan ""Silent Seekers""","A16058-WBL0301NC04A","","1","52.5","129","0","2959","956","","","",""
"Frida Cardigan ""Silent Seekers""","A16058-WBL0301NC04A","","1","52.5","129","0","2960","956","","","",""
"Frida Cardigan ""Silent Seekers""","A16058-WBL0301NC04A","","1","52.5","129","0","2961","956","","","",""
"Vivienne Scarf ""Merging Earth and Sky""","A10004-WAC0201NC01A","","4","23","59","0","","961","","","",""
"Vivienne Scarf ""Early Evening Flowing into Fall""","W12018-WAC0201NC0DB","","2","23","59","0","","962","","","",""
"Coco Tank ""Depth""","A17063-WNS0701NC02A","","1","34.35","79","0","3297","964","","","",""
"Coco Tank ""Depth""","A17063-WNS0701NC02A","","0","34.35","79","0","3298","964","","","",""
"Coco Tank ""Depth""","A17063-WNS0701NC02A","","1","34.35","79","0","3299","964","","","",""
"Coco Tank ""Depth""","A17063-WNS0701NC02A","","0","34.35","79","0","3300","964","","","",""
"Coco Tank ""Depth""","A17063-WNS0701NC02A","","0","34.35","79","0","3301","964","","","",""
"Coco Tank ""New Day""","A08013-WNS0701NC0FA","","0","34.35","79","0","3302","965","","","",""
"Coco Tank ""New Day""","A08013-WNS0701NC0FA","","1","34.35","79","0","3303","965","","","",""
"Coco Tank ""New Day""","A08013-WNS0701NC0FA","","1","34.35","79","0","3304","965","","","",""
"Coco Tank ""New Day""","A08013-WNS0701NC0FA","","0","34.35","79","0","3305","965","","","",""
"Coco Tank ""New Day""","A08013-WNS0701NC0FA","","1","34.35","79","0","3306","965","","","",""
"Coco Tank ""M'Otter Love""","A17064-WNS0701NC03A","","1","34.35","79","0","3307","966","","","",""
"Coco Tank ""M'Otter Love""","A17064-WNS0701NC03A","","1","34.35","79","0","3308","966","","","",""
"Coco Tank ""M'Otter Love""","A17064-WNS0701NC03A","","1","34.35","79","0","3309","966","","","",""
"Coco Tank ""M'Otter Love""","A17064-WNS0701NC03A","","1","34.35","79","0","3310","966","","","",""
"Coco Tank ""M'Otter Love""","A17064-WNS0701NC03A","","1","34.35","79","0","3311","966","","","",""
"Kate Dress ""Forest Temple""","A17065-WDR2601NC0CC","","1","64.5","169","0","3052","969","","","",""
"Kate Dress ""Forest Temple""","A17065-WDR2601NC0CC","","1","64.5","169","0","3053","969","","","",""
"Kate Dress ""Forest Temple""","A17065-WDR2601NC0CC","","0","64.5","169","0","3054","969","","","",""
"Kate Dress ""Forest Temple""","A17065-WDR2601NC0CC","","0","64.5","169","0","3055","969","","","",""
"Kate Dress ""Forest Temple""","A17065-WDR2601NC0CC","","0","64.5","169","0","3056","969","","","",""
"Frida Cardigan ""New Day""","A08013-WBL0301NC0FB","","1","52.5","129","0","2962","986","","","",""
"Frida Cardigan ""New Day""","A08013-WBL0301NC0FB","","1","52.5","129","0","2963","986","","","",""
"Frida Cardigan ""New Day""","A08013-WBL0301NC0FB","","0","52.5","129","0","2964","986","","","",""
"Frida Cardigan ""New Day""","A08013-WBL0301NC0FB","","0","52.5","129","0","2965","986","","","",""
"Frida Cardigan ""New Day""","A08013-WBL0301NC0FB","","0","52.5","129","0","2966","986","","","",""
"Frida Cardigan ""Depth""","A17063-WBL0301NC02A","","1","52.5","129","0","2967","987","","","",""
"Frida Cardigan ""Depth""","A17063-WBL0301NC02A","","1","52.5","129","0","2968","987","","","",""
"Frida Cardigan ""Depth""","A17063-WBL0301NC02A","","1","52.5","129","0","2969","987","","","",""
"Frida Cardigan ""Depth""","A17063-WBL0301NC02A","","1","52.5","129","0","2970","987","","","",""
"Frida Cardigan ""Depth""","A17063-WBL0301NC02A","","1","52.5","129","0","2971","987","","","",""
"Frida Cardigan ""Early Evening Flowing into Fall""","W12018-WBL0301NC0DA","","0","52.5","129","0","2972","988","","","",""
"Frida Cardigan ""Early Evening Flowing into Fall""","W12018-WBL0301NC0DA","","0","52.5","129","0","2973","988","","","",""
"Frida Cardigan ""Early Evening Flowing into Fall""","W12018-WBL0301NC0DA","","1","52.5","129","0","2974","988","","","",""
"Frida Cardigan ""Early Evening Flowing into Fall""","W12018-WBL0301NC0DA","","0","52.5","129","0","2975","988","","","",""
"Frida Cardigan ""Early Evening Flowing into Fall""","W12018-WBL0301NC0DA","","1","52.5","129","0","2976","988","","","",""
"Vivienne Scarf ""Lapinx""","A13041-WAC0201NC0EA","","3","23","59","0","","994","","","",""
"Vivienne Scarf ""Northern Masters""","W18053-WAC0201NC0JB","","2","23","59","0","","995","","","",""
"Vivienne Scarf ""Horizon""","W17062-WAC0201NC0GC","","3","23","59","0","","996","","","",""
"Vivienne Scarf ""Wisdom Keepers""","A16059-WAC0201NC0IA","","6","23","59","0","","999","","","",""
"Kate Dress ""Wisdom Keepers""","A16059-WDR2601NC01B","","0","64.5","169","0","3067","1006","","","",""
"Kate Dress ""Wisdom Keepers""","A16059-WDR2601NC01B","","1","64.5","169","0","3068","1006","","","",""
"Kate Dress ""Wisdom Keepers""","A16059-WDR2601NC01B","","0","64.5","169","0","3069","1006","","","",""
"Kate Dress ""Wisdom Keepers""","A16059-WDR2601NC01B","","0","64.5","169","0","3070","1006","","","",""
"Kate Dress ""Wisdom Keepers""","A16059-WDR2601NC01B","","1","64.5","169","0","3071","1006","","","",""
"Duncan Shawl ""Early Evening Flowing into Fall""","W12018-WAC0401NCODB","","2","67","69","0","","1008","","","",""
"Frida Cardigan ""Giving Thanks""","A01028-WBL0301NC08A","","1","52.5","129","0","2977","1010","","","",""
"Frida Cardigan ""Giving Thanks""","A01028-WBL0301NC08A","","0","52.5","129","0","2978","1010","","","",""
"Frida Cardigan ""Giving Thanks""","A01028-WBL0301NC08A","","1","52.5","129","0","2979","1010","","","",""
"Frida Cardigan ""Giving Thanks""","A01028-WBL0301NC08A","","0","52.5","129","0","2980","1010","","","",""
"Frida Cardigan ""Giving Thanks""","A01028-WBL0301NC08A","","1","52.5","129","0","2981","1010","","","",""
"Frida Cardigan ""Northern Keepers""","A16051-WBL0301NC05A","","1","52.5","129","0","2982","1012","","","",""
"Frida Cardigan ""Northern Keepers""","A16051-WBL0301NC05A","","1","52.5","129","0","2983","1012","","","",""
"Frida Cardigan ""Northern Keepers""","A16051-WBL0301NC05A","","1","52.5","129","0","2984","1012","","","",""
"Frida Cardigan ""Northern Keepers""","A16051-WBL0301NC05A","","1","52.5","129","0","2985","1012","","","",""
"Frida Cardigan ""Northern Keepers""","A16051-WBL0301NC05A","","1","52.5","129","0","2986","1012","","","",""
"Kate Dress ""Northern Masters""","W18053-WDR2601NC0JB","","1","64.5","169","0","3077","1014","","","",""
"Kate Dress ""Northern Masters""","W18053-WDR2601NC0JB","","1","64.5","169","0","3078","1014","","","",""
"Kate Dress ""Northern Masters""","W18053-WDR2601NC0JB","","0","64.5","169","0","3079","1014","","","",""
"Kate Dress ""Northern Masters""","W18053-WDR2601NC0JB","","0","64.5","169","0","3080","1014","","","",""
"Kate Dress ""Northern Masters""","W18053-WDR2601NC0JB","","0","64.5","169","0","3081","1014","","","",""
"Crossbody City Bag, Bear Box","SKU-54-54-541","","0","80","185","0","4020","1132","","","",""
"Crossbody City Bag, Bear Box","SKU-54-54-541","Rouge","1","80","185","0","4021","1132","","","",""
"Crossbody City Bag, Bear Box","SKU-54-54-541","","2","80","185","0","4022","1132","","","",""
"Wristlet, Raven","SKU: 54-54-350","","0","24","56","0","4058","1142","","","",""
"Wristlet, Raven","SKU: 54-54-350","","0","24","56","0","4059","1142","","","",""
"Wristlet, Raven","SKU: 54-54-350","","0","24","56","0","4060","1142","","","",""
"Wristlet, Raven","SKU: 54-54-350","","2","24","56","0","4061","1142","","","",""
"Wristlet, Raven","SKU: 54-54-350","","0","24","56","0","4067","1142","","","",""
"Wristlet, Raven","SKU: 54-54-350","","0","24","56","0","4068","1142","","","",""
"Polar Bear Oven Mitt","SKU: 12-12-403","","2","8","19.95","0","","1144","","","",""
"Bear Pendant","3020","","0","260","600","0","","1147","","","",""
"Bear Pendant","3099","","1","240","560","0","","1148","","","",""
"Bear Pendant","3098","","0","16.5","460","0","","1193","","","",""
"Bear Pendant","3031","","1","190","440","0","","1194","","","",""
"Bear Pendant","3032","","1","190","440","0","","1195","","","",""
"Bear Pendant","3033","","0","190","440","0","","1196","","","",""
"Bear Pendant","3057","","0","190","440","0","","1197","","","",""
"Bear Pendant","3059","","0","190","440","0","","1198","","","",""
"Bear Pendant","3013","","0","220","515","0","","1199","","","",""
"Bear Pendant","3014","","1","200","480","0","","1200","","","",""
"Bear Pendant","3019","","0","16.5","350","0","","1201","","","",""
"Bear Pendant","3016","","1","150","350","0","","1202","","","",""
"Bear Pendant","3018","","0","16.5","350","0","","1203","","","",""
"Bear Pendant","3011","","0","16.5","485","0","","1205","","","",""
"Bear Pendant/Brooch","3021","","0","16.5","215","0","","1206","","","",""
"Bear Pendant","3071","","0","16.5","215","0","","1207","","","",""
"Feather Pendant","3043","","0","16.5","295","0","","1208","","","",""
"Feather Pendant","3044","","0","16.5","295","0","","1209","","","",""
"Feather Pendant","3049","","0","16.5","295","0","","1210","","","",""
"Feather Pendant","3041-P918","","1","200","460","0","","1211","","","",""
"Feather Pendant","3042","","0","16.5","460","0","","1212","","","",""
"Feather Pendant","3053","","0","16.5","150","0","","1214","","","",""
"Feather Pendant","3062","","0","16.5","160","0","","1215","","","",""
"Feather Pendant","3063","","0","16.5","355","0","","1216","","","",""
"Loop Bail for Pendant","3332","","2","15","40","0","","1530","","","",""
"Kaplan Tank ""Wisdom Keepers""","W13023-WNS0801NC0IB","","1","60","129","0","6663","2408","","","",""
"Kaplan Tank ""Wisdom Keepers""","W13023-WNS0801NC0IB","","1","60","129","0","6664","2408","","","",""
"Kaplan Tank ""Wisdom Keepers""","W13023-WNS0801NC0IB","","0","60","129","0","6665","2408","","","",""
"Kaplan Tank ""Wisdom Keepers""","W13023-WNS0801NC0IB","","0","60","129","0","6666","2408","","","",""
"Kaplan Tank ""Wisdom Keepers""","W13023-WNS0801NC0IB","","1","60","129","0","6667","2408","","","",""
"Michelle II Dress ""M'Otter Love""","A17064-WDR4101NC03A","","0","67.5","159","0","6855","2910","","","",""
"Michelle II Dress ""M'Otter Love""","A17064-WDR4101NC03A","","1","67.5","159","0","6856","2910","","","",""
"Michelle II Dress ""M'Otter Love""","A17064-WDR4101NC03A","","1","67.5","159","0","6857","2910","","","",""
"Michelle II Dress ""M'Otter Love""","A17064-WDR4101NC03A","","0","67.5","159","0","6858","2910","","","",""
"Michelle II Dress ""M'Otter Love""","A17064-WDR4101NC03A","","2","67.5","159","0","6859","2910","","","",""
"Salvadore Tee for Men ""Silent Seekers""","A16058-MSS0701NC04A","","0","36","89","0","7535","4056","","","",""
"Salvadore Tee for Men ""Silent Seekers""","A16058-MSS0701NC04A","","1","36","89","0","7536","4056","","","",""
"Salvadore Tee for Men ""Silent Seekers""","A16058-MSS0701NC04A","","0","36","89","0","7537","4056","","","",""
"Salvadore Tee for Men ""Silent Seekers""","A16058-MSS0701NC04A","","1","36","89","0","7538","4056","","","",""
"Salvadore Tee for Men ""Silent Seekers""","A16058-MSS0701NC04A","","1","36","89","0","7539","4056","","","",""
"Ltd Edition - All my Relations","A20067-2","","2","0","74","74","7699","4079","","","",""
"Ltd Edition - All my Relations","A20067-2","","0","0","74","0","7700","4079","","","",""
"Ltd Edition - All my Relations","A20067-2","","0","0","74","0","7701","4079","","","",""
"Ltd Edition - All my Relations","A20067-2","","0","0","74","0","7702","4079","","","",""
"Card - All my Relations","A20067-POD2580","","7","2.75","6.35","0","","4080","","","",""
"Small Print - All my Relations","A20067-6","","4","10.87","25","0","","4081","","","",""
"Ltd Edition - Footprint","A19054-2","","0","0","74","0","7703","4082","","","",""
"Ltd Edition - Footprint","A19054-2","","0","0","74","0","7704","4082","","","",""
"Ltd Edition - Footprint","A19054-2","","0","0","74","0","7705","4082","","","",""
"Ltd Edition - Footprint","A19054-2","","2","0","74","74","7706","4082","","","",""
"Small Print - Footprint","A19054-6","","12","10.87","25","0","","4088","","","",""
"Small Print - Humility","A18062-6","","4","10.87","25","0","","4127","","","",""
"Abalone Shell","Shell","","0","0","0","12","8576","4128","","","",""
"Abalone Shell","Shell","","13","0","0","14.5","8577","4128","","","",""
"Abalone Shell","Shell","","1","0","0","12","11842","4128","","","",""
"Abalone Shell","Shell","","0","0","0","14","13160","4128","","","",""
"Abalone Shell","Shell","","0","0","0","0","13161","4128","","","",""
"Ltd Edition - Refuge","A20055-2","","0","0","74","0","7809","4148","","","",""
"Ltd Edition - Refuge","A20055-2","","0","0","74","0","7810","4148","","","",""
"Ltd Edition - Refuge","A20055-2","","0","0","74","0","7811","4148","","","",""
"Ltd Edition - Refuge","A20055-2","","4","0","74","77.5","7812","4148","","","",""
"Ltd Edition - Under the Same Sky","A18066-2","","0","0","74","0","7817","4150","","","",""
"Ltd Edition - Under the Same Sky","A18066-2","","0","0","74","0","7818","4150","","","",""
"Ltd Edition - Under the Same Sky","A18066-2","","0","0","74","0","7819","4150","","","",""
"Ltd Edition - Under the Same Sky","A18066-2","","2","0","74","74","7820","4150","","","",""
"Card - Refuge","A20055-POD2571","","12","2.75","6.35","0","","4156","","","",""
"Card - Seed of Life","A18061-POD2573","","7","2.75","6.35","0","","4157","","","",""
"Small Print - Seed of Life","A18061-6","","4","10.87","25","0","","4170","","","",""
"Small Print - Wikwemikong","A08021-6","","2","10.87","25","0","","4173","","","",""
"The gift card","","gift_card","9","0","0","0","8586","4523","","","",""
"The gift card","","gift_card","9","0","0","0","9094","4523","","","",""
"The gift card","","gift_card","9","0","0","0","9134","4523","","","",""
"The gift card","","gift_card","0","0","0","0","9220","4523","","","",""
"The gift card","","gift_card","8","0","0","0","9221","4523","","","",""
"The gift card","","gift_card","9","0","0","0","9222","4523","","","",""
"The gift card","","gift_card","9","0","0","0","9273","4523","","","",""
"The gift card","","gift_card","9","0","0","0","9274","4523","","","",""
"The gift card","","gift_card","10","0","0","0","9289","4523","","","",""
"The gift card","","gift_card","10","0","0","0","9509","4523","","","",""
"The gift card","","gift_card","10","0","0","0","9510","4523","","","",""
"The gift card","","gift_card","9","0","0","0","9511","4523","","","",""
"The gift card","","gift_card","9","0","0","0","9577","4523","","","",""
"The gift card","","gift_card","9","0","0","0","9578","4523","","","",""
"The gift card","","gift_card","0","0","0","0","9636","4523","","","",""
"The gift card","","gift_card","0","0","0","0","9717","4523","","","",""
"The gift card","","gift_card","0","0","0","0","9718","4523","","","",""
"The gift card","","gift_card","0","0","0","0","9719","4523","","","",""
"The gift card","","gift_card","0","0","0","0","10305","4523","","","",""
"The gift card","","gift_card","9","0","0","0","12345","4523","","","",""
"The gift card","","gift_card","10","0","0","0","13019","4523","","","",""
"The gift card","","gift_card","10","0","0","0","13021","4523","","","",""
"The gift card","","gift_card","9","0","0","0","13159","4523","","","",""
"Vivienne Scarf ""Under the Same Sky""","A14051-WAC0201NC0TA","","8","23","59","0","","4864","","","",""
"Arthur Pillow ""Gezaluwejit""","A14051-UAC1201NC0TA","","2","21","59","0","","5183","","","",""
"Kiki T-Shirt ""Silent Seekers"" Plus Size","A16058-WSS1401NC04A","","0","43.9","89","0","8027","5188","","","",""
"Kiki T-Shirt ""Silent Seekers"" Plus Size","A16058-WSS1401NC04A","","3","43.9","89","0","8028","5188","","","",""
"Kiki T-Shirt ""Silent Seekers"" Plus Size","A16058-WSS1401NC04A","","1","43.9","89","0","8029","5188","","","",""
"Card - New Fire","A01033-7","","162","2.5","5.5","0","","5389","","","",""
"Marlene Top ""Gezaluwejit""","A14051-WLS0701NC0TA","","0","79.5","139","0","8104","5724","","","",""
"Marlene Top ""Gezaluwejit""","A14051-WLS0701NC0TA","","0","79.5","139","0","8105","5724","","","",""
"Marlene Top ""Gezaluwejit""","A14051-WLS0701NC0TA","","0","79.5","139","0","8106","5724","","","",""
"Marlene Top ""Gezaluwejit""","A14051-WLS0701NC0TA","","1","79.5","139","0","8107","5724","","","",""
"Marlene Top ""Gezaluwejit""","A14051-WLS0701NC0TA","","1","79.5","139","0","8108","5724","","","",""
"Marlene Top ""Under the Same Sky""","A18066-WLS0701NC0UA","","0","79.5","139","0","8129","6565","","","",""
"Marlene Top ""Under the Same Sky""","A18066-WLS0701NC0UA","","0","79.5","139","0","8130","6565","","","",""
"Marlene Top ""Under the Same Sky""","A18066-WLS0701NC0UA","","1","79.5","139","0","8131","6565","","","",""
"Marlene Top ""Under the Same Sky""","A18066-WLS0701NC0UA","","0","79.5","139","0","8132","6565","","","",""
"Marlene Top ""Under the Same Sky""","A18066-WLS0701NC0UA","","2","79.5","139","0","8133","6565","","","",""
"Inuksuk Oven Mitt","SKU: 12-12-102","","2","7.5","19.95","0","","6785","","","",""
"Bookmarks","BKM","","0","1.25","2.9","0","12346","7977","285","287","289",""
"Bookmarks","BKM","","9","1.25","2.9","0","12347","7977","285","287","289",""
"Bookmarks","BKM","","7","1.25","2.9","0","12348","7977","285","287","289",""
"Bookmarks","BKM","","4","1.25","2.9","0","12349","7977","285","287","289",""
"Bookmarks","BKM","","0","1.25","2.9","0","12350","7977","285","287","289",""
"Bookmarks","BKM","","18","1.25","2.9","0","12351","7977","285","287","289",""
"Bookmarks","BKM","","13","1.25","2.9","0","12352","7977","285","287","289",""
"Bookmarks","BKM","","2","1.25","2.9","0","12353","7977","285","287","289",""
"Bookmarks","BKM","","2","1.25","2.9","0","12354","7977","285","287","289",""
"Bookmarks","BKM","","6","1.25","2.9","0","12355","7977","285","287","289",""
"Bookmarks","BKM","","0","1.25","2.9","0","12356","7977","285","287","289",""
"Bookmarks","BKM","","16","1.25","2.9","0","13128","7977","285","287","289",""
"Shawl Navajo","Shawlnavajo-6","noir","1","42.5","0","0","9337","8803","","","",""
"Shawl Navajo","Shawlnavajo-6","Rouge","1","42.5","0","0","9338","8803","","","",""
"Shawl Navajo","Shawlnavajo-6","Turquoise","0","42.5","0","0","9339","8803","","","",""
"Shawl Navajo","Shawlnavajo-6","Bleu","0","42.5","0","0","9340","8803","","","",""
"Shawl Navajo","Shawlnavajo-6","Vert","0","42.5","0","0","9341","8803","","","",""
"Shawl Navajo","Shawlnavajo-6","Brun","0","42.5","0","0","9342","8803","","","",""
"Shawl Navajo","Shawlnavajo-6","","0","42.5","0","0","11344","8803","","","",""
"Shawl Navajo","Shawlnavajo-6","","0","42.5","0","0","12941","8803","","","",""
"Shawl Navajo","Shawlnavajo-6","","0","42.5","0","0","12942","8803","","","",""
"Shawl Navajo","Shawlnavajo-6","","0","42.5","0","0","12943","8803","","","",""
"Shawl Navajo","Shawlnavajo-6","","3","42.5","0","0","12944","8803","","","",""
"Shawl Navajo","Shawlnavajo-6","","0","42.5","0","0","12945","8803","","","",""
"Shawl Navajo","Shawlnavajo-6","","5","42.5","0","0","12946","8803","","","",""
"Shawl Navajo","Shawlnavajo-6","","2","42.5","0","0","12947","8803","","","",""
"Shawl Navajo","Shawlnavajo-6","","1","42.5","0","0","12948","8803","","","",""
"Shawl Navajo","Shawlnavajo-6","","3","42.5","0","0","12949","8803","","","",""
"Sylvie Tunic ""Northern Keepers""","A16051-WSS1201NC05A","","1","69","139","0","8412","8987","","","",""
"Sylvie Tunic ""Northern Keepers""","A16051-WSS1201NC05A","","1","69","139","0","8413","8987","","","",""
"Sylvie Tunic ""Northern Keepers""","A16051-WSS1201NC05A","","0","69","139","0","8414","8987","","","",""
"Sylvie Tunic ""Northern Keepers""","A16051-WSS1201NC05A","","0","69","139","0","8415","8987","","","",""
"Sylvie Tunic ""Northern Keepers""","A16051-WSS1201NC05A","","1","69","139","0","8416","8987","","","",""
"Kaplan Tank ""Under the Same Sky""","A18066-WNS0801NC0UA","","1","60","129","0","8437","9014","","","",""
"Kaplan Tank ""Under the Same Sky""","A18066-WNS0801NC0UA","","1","60","129","0","8438","9014","","","",""
"Kaplan Tank ""Under the Same Sky""","A18066-WNS0801NC0UA","","1","60","129","0","8439","9014","","","",""
"Kaplan Tank ""Under the Same Sky""","A18066-WNS0801NC0UA","","1","60","129","0","8440","9014","","","",""
"Kaplan Tank ""Under the Same Sky""","A18066-WNS0801NC0UA","","1","60","129","0","8441","9014","","","",""
"K Smith T-Shirt ""Water and Spirit Buffalo""","W13023-WSS0901NC09A","","1","35","89","0","8442","9017","","","",""
"K Smith T-Shirt ""Water and Spirit Buffalo""","W13023-WSS0901NC09A","","0","35","89","0","8443","9017","","","",""
"K Smith T-Shirt ""Water and Spirit Buffalo""","W13023-WSS0901NC09A","","1","35","89","0","8444","9017","","","",""
"K Smith T-Shirt ""Water and Spirit Buffalo""","W13023-WSS0901NC09A","","0","35","89","0","8445","9017","","","",""
"K Smith T-Shirt ""Water and Spirit Buffalo""","W13023-WSS0901NC09A","","1","35","89","0","8446","9017","","","",""
"Leather Wallet","46050","","8","9.25","24","0","11672","9058","","","",""
"Leather Wallet","46050","","5","9.25","24","0","11673","9058","","","",""
"Leather Wallet","46050","","4","9.25","24","0","11674","9058","","","",""
"Colouring Book ""Northern Keepers""","SKU: Colouring027","","5","4","9.25","0","","9382","","","",""
"Coco Tank ""Wisdom Keepers""","W13023-WNS0701NC01A","","1","34.35","79","0","8588","9767","","","",""
"Coco Tank ""Wisdom Keepers""","W13023-WNS0701NC01A","","1","34.35","79","0","8589","9767","","","",""
"Coco Tank ""Wisdom Keepers""","W13023-WNS0701NC01A","","1","34.35","79","0","8590","9767","","","",""
"Coco Tank ""Wisdom Keepers""","W13023-WNS0701NC01A","","1","34.35","79","0","8591","9767","","","",""
"Coco Tank ""Wisdom Keepers""","W13023-WNS0701NC01A","","1","34.35","79","0","8592","9767","","","",""
"Coco Tank ""Water and Spirit Buffalo at Moonrise""","W13023-WNS0701NC12A","","1","34.35","79","0","8623","9864","","","",""
"Coco Tank ""Water and Spirit Buffalo at Moonrise""","W13023-WNS0701NC12A","","0","34.35","79","0","8624","9864","","","",""
"Coco Tank ""Water and Spirit Buffalo at Moonrise""","W13023-WNS0701NC12A","","0","34.35","79","0","8625","9864","","","",""
"Coco Tank ""Water and Spirit Buffalo at Moonrise""","W13023-WNS0701NC12A","","0","34.35","79","0","8626","9864","","","",""
"Coco Tank ""Water and Spirit Buffalo at Moonrise""","W13023-WNS0701NC12A","","1","34.35","79","0","8627","9864","","","",""
"Sylvie Tunic ""Rebirth""","A04015-WSS1201NC14A","","1","69","139","0","8658","9893","","","",""
"Sylvie Tunic ""Rebirth""","A04015-WSS1201NC14A","","0","69","139","0","8659","9893","","","",""
"Sylvie Tunic ""Rebirth""","A04015-WSS1201NC14A","","0","69","139","0","8660","9893","","","",""
"Sylvie Tunic ""Rebirth""","A04015-WSS1201NC14A","","0","69","139","0","8661","9893","","","",""
"Sylvie Tunic ""Rebirth""","A04015-WSS1201NC14A","","1","69","139","0","8662","9893","","","",""
"Tamara Top ""Spirit and Water Buffalo at Sunset""","W13023-WNS1201NC11A","","1","60.5","129","0","8683","9899","","","",""
"Tamara Top ""Spirit and Water Buffalo at Sunset""","W13023-WNS1201NC11A","","0","60.5","129","0","8684","9899","","","",""
"Tamara Top ""Spirit and Water Buffalo at Sunset""","W13023-WNS1201NC11A","","0","60.5","129","0","8685","9899","","","",""
"Tamara Top ""Spirit and Water Buffalo at Sunset""","W13023-WNS1201NC11A","","0","60.5","129","0","8686","9899","","","",""
"Tamara Top ""Spirit and Water Buffalo at Sunset""","W13023-WNS1201NC11A","","1","60.5","129","0","8687","9899","","","",""
"Eden Tunic ""Rebirth""","A04015-WLS2801NC14A","","0","61.89","139","0","8733","9911","","","",""
"Eden Tunic ""Rebirth""","A04015-WLS2801NC14A","","1","61.89","139","0","8734","9911","","","",""
"Eden Tunic ""Rebirth""","A04015-WLS2801NC14A","","1","61.89","139","0","8735","9911","","","",""
"Eden Tunic ""Rebirth""","A04015-WLS2801NC14A","","0","61.89","139","0","8736","9911","","","",""
"Eden Tunic ""Rebirth""","A04015-WLS2801NC14A","","0","61.89","139","0","8737","9911","","","",""
"Birthstone Earrings","DC1701X12","DC1701","7","8","18.95","0","8967","10248","","","",""
"Birthstone Earrings","DC1701X12","DC1702","9","8","18.95","0","8968","10248","","","",""
"Birthstone Earrings","DC1701X12","DC1703","7","8","18.95","0","8969","10248","","","",""
"Birthstone Earrings","DC1701X12","DC1704","11","8","18.95","0","8970","10248","","","",""
"Birthstone Earrings","DC1701X12","DC1705","4","8","18.95","0","8971","10248","","","",""
"Birthstone Earrings","DC1701X12","DC1706","4","8","18.95","0","8972","10248","","","",""
"Birthstone Earrings","DC1701X12","DC1707","15","8","18.95","0","8973","10248","","","",""
"Birthstone Earrings","DC1701X12","DC1708","9","8","18.95","0","8974","10248","","","",""
"Birthstone Earrings","DC1701X12","DC1709","10","8","18.95","0","8975","10248","","","",""
"Birthstone Earrings","DC1701X12","DC1710","8","8","18.95","0","8976","10248","","","",""
"Birthstone Earrings","DC1701X12","DC1711","10","8","18.95","0","8977","10248","","","",""
"Birthstone Earrings","DC1701X12","DC1712","11","8","18.95","0","8978","10248","","","",""
"Birthstone Pendant","DC1701-PX12","DC1701-P","6","5.5","12.95","0","9076","10285","","","",""
"Birthstone Pendant","DC1701-PX12","DC1702-P","11","5.5","12.95","0","9077","10285","","","",""
"Birthstone Pendant","DC1701-PX12","DC1703-P","11","5.5","12.95","0","9078","10285","","","",""
"Birthstone Pendant","DC1701-PX12","DC1704-P","14","5.5","12.95","0","9079","10285","","","",""
"Birthstone Pendant","DC1701-PX12","DC1705-P","10","5.5","12.95","0","9080","10285","","","",""
"Birthstone Pendant","DC1701-PX12","DC1706-P","11","5.5","12.95","0","9081","10285","","","",""
"Birthstone Pendant","DC1701-PX12","DC1707-P","6","5.5","12.95","0","9082","10285","","","",""
"Birthstone Pendant","DC1701-PX12","DC1708-P","6","5.5","12.95","0","9083","10285","","","",""
"Birthstone Pendant","DC1701-PX12","DC1709-P","11","5.5","12.95","0","9084","10285","","","",""
"Birthstone Pendant","DC1701-PX12","DC1710-P","3","5.5","12.95","0","9085","10285","","","",""
"Birthstone Pendant","DC1701-PX12","DC1711-P","14","5.5","12.95","0","9086","10285","","","",""
"Birthstone Pendant","DC1701-PX12","DC1712-P","10","5.5","12.95","0","9087","10285","","","",""
"Answer Feathers","AFx12","AF1","7","1.8","4.95","2","9275","10430","","","",""
"Answer Feathers","AFx12","AF2","7","1.8","4.95","2","9276","10430","","","",""
"Answer Feathers","AFx12","AF3","4","1.8","4.95","2","9277","10430","","","",""
"Answer Feathers","AFx12","AF4","2","1.8","4.95","0","9278","10430","","","",""
"Answer Feathers","AFx12","AF5","3","1.8","4.95","0","9279","10430","","","",""
"Answer Feathers","AFx12","AF6","3","1.8","4.95","0","9280","10430","","","",""
"Answer Feathers","AFx12","AF7","3","1.8","4.95","0","9281","10430","","","",""
"Answer Feathers","AFx12","AF8","5","1.8","4.95","0","9282","10430","","","",""
"Answer Feathers","AFx12","AF9","2","1.8","4.95","0","9283","10430","","","",""
"Answer Feathers","AFx12","AF10","4","1.8","4.95","0","9284","10430","","","",""
"Answer Feathers","AFx12","AF11","5","1.8","4.95","0","9285","10430","","","",""
"Answer Feathers","AFx12","AF12","3","1.8","4.95","0","9286","10430","","","",""
"Salvadore Tee for Men ""Forest Temple""","A17065-MSS0701NC15A","","1","36","89","0","9173","11091","","","",""
"Salvadore Tee for Men ""Forest Temple""","A17065-MSS0701NC15A","","1","36","89","0","9174","11091","","","",""
"Salvadore Tee for Men ""Forest Temple""","A17065-MSS0701NC15A","","1","36","89","0","9175","11091","","","",""
"Salvadore Tee for Men ""Forest Temple""","A17065-MSS0701NC15A","","1","36","89","0","9176","11091","","","",""
"Salvadore Tee for Men ""Forest Temple""","A17065-MSS0701NC15A","","0","36","89","0","9177","11091","","","",""
"Salvadore Tee for Men ""Teachings""","A01036-MSS0701NC0ZA","","0","36","89","0","9178","11092","","","",""
"Salvadore Tee for Men ""Teachings""","A01036-MSS0701NC0ZA","","1","36","89","0","9179","11092","","","",""
"Salvadore Tee for Men ""Teachings""","A01036-MSS0701NC0ZA","","0","36","89","0","9180","11092","","","",""
"Salvadore Tee for Men ""Teachings""","A01036-MSS0701NC0ZA","","0","36","89","0","9181","11092","","","",""
"Salvadore Tee for Men ""Teachings""","A01036-MSS0701NC0ZA","","1","36","89","0","9182","11092","","","",""
"Pablo Pillow ""Wisdom Keepers""","A16059-UAC1801NC0IC","","5","21","59","0","","11096","","","",""
"Colouring Cards ""Northern Residents""","SKU: Box285","","9","7.25","21.95","0","","11536","","","",""
"Matted Print - Seed of Life","A18061-POD2573","","3","7.5","20","0","","11972","","","",""
"Matted Print - Carried Away","A13042-POD2549","","2","7.5","20","0","","11973","","","",""
"Matted Print - Refuge","A20055-POD2571","","5","7.5","20","0","","12086","","","",""
"Patti Tunic II ""Silent Seekers"" Plus Size","A16058-WLS1801NC04A","","1","60.5","129","0","9525","12194","","","",""
"Patti Tunic II ""Silent Seekers"" Plus Size","A16058-WLS1801NC04A","","0","60.5","129","0","9526","12194","","","",""
"Patti Tunic II ""Silent Seekers"" Plus Size","A16058-WLS1801NC04A","","1","60.5","129","0","9527","12194","","","",""
"Gustave Pillow ""A Moose and a Goose""","A08007-UAC6101NC1AA","","3","23","59","0","","12440","","","",""
"Velvet Pouch","Velvet Pouch","","158","0.28","0.3","0","","12632","","","",""
"Semi-Precious Transparent Rings","C-Rings","","20","3","8","0","","12686","","","",""
"Canvas - Geese Spirit","A10046-POD2553C","","3","17","40","0","","12704","","","",""
"Canvas - Honoring the Giver of Life","A01031-POD2558C","","2","17","40","0","","12707","","","",""
"Canvas - Merging Earth and Sky","A10004-POD2561C","","2","17","40","0","","12710","","","",""
"Canvas - Protector","A00048-POD2884C","","2","17","40","0","","12714","","","",""
"Canvas - Refuge","A20055-POD2571C","","3","17","40","0","","12716","","","",""
"Canvas - River Keeper","A09006-POD2579C","","3","17","40","0","","12717","","","",""
"Canvas - Sky Girl","A01003-POD2575C","","3","17","40","0","","12719","","","",""
"Curb Chain","C60","16","0","0","0","17","9647","12725","","","",""
"Curb Chain","C60","18","2","0","0","21","9648","12725","","","",""
"Curb Chain","C60","20","2","0","0","24","9649","12725","","","",""
"Curb Chain","C60","22","0","0","0","25","9650","12725","","","",""
"Curb Chain","C60","24","1","0","0","26","9651","12725","","","",""
"Curb Chain","C60","30","0","0","0","33","9652","12725","","","",""
"DC10 Pendant","DC10-P","","10","3.75","8.949999999999999","0","","12781","","","",""
"DC10 Earrings","DC10","","5","5","11.95","0","","12786","","","",""
"BB2 Pendant ""Birch Bark""","BB2-P","","3","5.3","12.95","0","","12798","","","",""
"Money Clip","FDMONEYCLIP","","12","13","26","0","","12808","","","",""
"Key Ring","FDKEYRING","","3","9","18","0","","12813","","","",""
"Necklaces","FDNECKLACE","","42","0","0","10","9687","12814","","","",""
"Necklaces","FDNECKLACE","","55","0","0","10","9688","12814","","","",""
"Necklaces","FDNECKLACE","","6","0","0","11","9690","12814","","","",""
"Necklaces","FDNECKLACE","M","36","0","0","11","9696","12814","","","",""
"Necklaces","FDNECKLACE","","17","0","0","12","9697","12814","","","",""
"Necklaces","FDNECKLACE","","7","0","0","12","9698","12814","","","",""
"Necklaces","FDNECKLACE","","9","0","0","13","9699","12814","","","",""
"Santon Broach","Keewatin9","","4","7.5","18","0","","12840","","","",""
"BB4 Pendant ""Birch Bark""","BB4-P","","3","5.5","12.95","0","","12999","","","",""
"BB6 Pendant ""Birch Bark""","BB6-P","","4","7.05","15.95","0","","13000","","","",""
"BB8 Pendant ""Birch Bark""","BB8-P","","4","4.5","10.95","0","","13004","","","",""
"BB1 Pendant ""Birch Bark""","BB1-P","","3","6","14.95","0","","13005","","","",""
"Patti Tunic II ""Earth Keeper"" Plus Size","W12005-WLS1801NC0WA","","1","60.5","129","0","9793","13026","","","",""
"Patti Tunic II ""Earth Keeper"" Plus Size","W12005-WLS1801NC0WA","","1","60.5","129","0","9794","13026","","","",""
"Patti Tunic II ""Earth Keeper"" Plus Size","W12005-WLS1801NC0WA","","0","60.5","129","0","9795","13026","","","",""
"Hydrolatherapy Mist","HV","","7","18","29.99","0","","13046","","","",""
"Anti-Aging Elixir","EV","","6","36","59.99","0","","13047","","","",""
"Spiritual Mist","HQ","HQ120","20","0","0","9","9803","13052","","","",""
"Spiritual Mist","HQ","HQHS42","19","0","0","15","9804","13052","","","",""
"Ancestral Seed Boxes","CS","","6","12","19.99","0","11928","13053","","","",""
"Ancestral Seed Boxes","CS","","7","12","19.99","0","11929","13053","","","",""
"Ancestral Seed Boxes","CS","","0","12","19.99","0","11930","13053","","","",""
"Ancestral Seed Boxes","CS","","4","12","19.99","0","11931","13053","","","",""
"Face Cream","CV","CVCR002","1","0","0","39","10212","13054","","","",""
"Face Cream","CV","CVP03","0","0","0","39","10214","13054","","","",""
"Face Cream","CV","CVMT001","4","0","0","39","10216","13054","","","",""
"Face Cream","CV","CVCR2","7","0","0","15","10218","13054","","","",""
"Face Cream","CV","CVPF2","0","0","0","15","10220","13054","","","",""
"Face Cream","CV","CVMT2","4","0","0","15","10222","13054","","","",""
"Body Cream","CC","CCFD08","2","0","0","27","10230","13056","","","",""
"Body Cream","CC","CCFO2","4","0","0","12","10234","13056","","","",""
"Body Cream","CC","CCLR13","5","0","0","27","10238","13056","","","",""
"Body Cream","CC","CCLR2","6","0","0","12","10242","13056","","","",""
"Body Cream","CC","CCTI22","4","0","0","27","10246","13056","","","",""
"Body Cream","CC","CCT2","7","0","0","12","10250","13056","","","",""
"Body Cream","CC","","2","0","0","0","13345","13056","","","",""
"Body Cream","CC","","3","0","0","0","13346","13056","","","",""
"Body Cream","CC","","3","0","0","0","13347","13056","","","",""
"Pain Management Care Cream","CCD","CCD2","3","0","0","12","9823","13058","","","",""
"Pain Management Care Cream","CCD","CCDS07","5","0","0","33","9824","13058","","","",""
"Deodorants","DEO","DEOP","3","9.57","16","0","9826","13060","","","",""
"Deodorants","DEO","DEOF","4","9.57","16","0","9827","13060","","","",""
"Deodorants","DEO","DEOC","2","9.57","16","0","9828","13060","","","",""
"Herbal Teas","TIS","TISMAT","2","11.97","19.95","0","9829","13061","","","",""
"Herbal Teas","TIS","TISSAP","3","11.97","19.95","0","9830","13061","","","",""
"Herbal Teas","TIS","TISTRFL","4","11.97","19.95","0","9831","13061","","","",""
"Herbal Teas","TIS","TISORT","4","11.97","19.95","0","9832","13061","","","",""
"Honey","MI","MIMB","4","11.97","19.95","0","9837","13062","","","",""
"Honey","MI","MISA","4","11.97","19.95","0","9838","13062","","","",""
"Honey","MI","MIEG","3","11.97","19.95","0","9839","13062","","","",""
"Honey","MI","MIMT","4","11.97","19.95","0","9840","13062","","","",""
"Shawl ""Thunderbird""","THUN600OS-03","","2","80","134","0","","13089","","","",""
"Shawl ""Birch Bark""","BIRC600OS-03","","2","80","134","0","","13090","","","",""
"Scented Candles","SEQcandles","BSC","7","0","0","5","9865","13124","","","",""
"Scented Candles","SEQcandles","BSC","0","0","0","10","9866","13124","","","",""
"Scented Candles","SEQcandles","BSC","0","0","0","14","9867","13124","","","",""
"Scented Candles","SEQcandles","JDC","1","0","0","5","9868","13124","","","",""
"Scented Candles","SEQcandles","JDC","5","0","0","10","9869","13124","","","",""
"Scented Candles","SEQcandles","JDC","0","0","0","14","9870","13124","","","",""
"Scented Candles","SEQcandles","RCD","1","0","0","5","9871","13124","","","",""
"Scented Candles","SEQcandles","RCD","0","0","0","10","9872","13124","","","",""
"Scented Candles","SEQcandles","RCD","6","0","0","14","9873","13124","","","",""
"Scented Candles","SEQcandles","SWC","3","0","0","5","9874","13124","","","",""
"Scented Candles","SEQcandles","SWC","7","0","0","10","9875","13124","","","",""
"Scented Candles","SEQcandles","SWC","0","0","0","14","9876","13124","","","",""
"Scented Candles","SEQcandles","TSC","0","0","0","5","9880","13124","","","",""
"Scented Candles","SEQcandles","TSC","7","0","0","10","9881","13124","","","",""
"Scented Candles","SEQcandles","TSC","1","0","0","14","9882","13124","","","",""
"Scented Candles","SEQcandles","SWTC","3","0","0","5","9883","13124","","","",""
"Scented Candles","SEQcandles","SWTC","5","0","0","10","9884","13124","","","",""
"Scented Candles","SEQcandles","SWTC","1","0","0","14","9885","13124","","","",""
"Body Mists","SEQmist","","13","0","0","10","9913","13128","","","",""
"Body Mists","SEQmist","","4","0","0","7","9920","13128","","","",""
"Body Mists","SEQmist","","3","0","0","10","9921","13128","","","",""
"Body Mists","SEQmist","","0","0","0","7","9922","13128","","","",""
"Body Mists","SEQmist","","0","0","0","10","9923","13128","","","",""
"Body Mists","SEQmist","","0","0","0","7","9924","13128","","","",""
"Body Mists","SEQmist","","4","0","0","10","9925","13128","","","",""
"Body Mists","SEQmist","","11","0","0","7","9928","13128","","","",""
"Body Mists","SEQmist","","8","0","0","10","9929","13128","","","",""
"Body Mists","SEQmist","","5","0","0","0","13164","13128","","","",""
"Body Mists","SEQmist","","12","0","0","0","13165","13128","","","",""
"Body Mists","SEQmist","","4","0","0","0","13277","13128","","","",""
"Body Lotions","SEQlotion","","6","0","0","14","9939","13135","","","",""
"Body Lotions","SEQlotion","","10","0","0","6","9940","13135","","","",""
"Body Lotions","SEQlotion","","5","0","0","14","9941","13135","","","",""
"Body Lotions","SEQlotion","","0","0","0","6","9942","13135","","","",""
"Body Lotions","SEQlotion","","7","0","0","14","9943","13135","","","",""
"Body Lotions","SEQlotion","","8","0","0","6","9944","13135","","","",""
"Body Lotions","SEQlotion","","3","0","0","14","9945","13135","","","",""
"Body Lotions","SEQlotion","","3","0","0","6","9946","13135","","","",""
"Body Lotions","SEQlotion","","4","0","0","14","9947","13135","","","",""
"Body Lotions","SEQlotion","","4","0","0","6","12703","13135","","","",""
"Body Scrubs","SEQbscrub","","5","0","0","9","9956","13144","","","",""
"Body Scrubs","SEQbscrub","","7","0","0","9","9957","13144","","","",""
"Body Scrubs","SEQbscrub","","8","0","0","9","9958","13144","","","",""
"Body Scrubs","SEQbscrub","","5","0","0","19","12691","13144","","","",""
"Body Scrubs","SEQbscrub","","4","0","0","19","12692","13144","","","",""
"Body Scrubs","SEQbscrub","","0","0","0","19","12693","13144","","","",""
"Body Scrubs","SEQbscrub","","6","0","0","0","12705","13144","","","",""
"Body Scrubs","SEQbscrub","","0","0","0","0","12706","13144","","","",""
"Body Scrubs","SEQbscrub","","6","0","0","0","13162","13144","","","",""
"Body Scrubs","SEQbscrub","","6","0","0","0","13163","13144","","","",""
"Facial Scrubs","SEQfscrub","","12","0","0","12","9962","13145","","","",""
"Facial Scrubs","SEQfscrub","","11","0","0","12","9963","13145","","","",""
"Facial Scrubs","SEQfscrub","","0","0","0","20","9964","13145","","","",""
"Facial Scrubs","SEQfscrub","","0","0","0","20","9965","13145","","","",""
"Soap Gift Set ""Medicine""","SEQmgift","","0","0","0","9","9966","13150","","","",""
"Soap Gift Set ""Medicine""","SEQmgift","","8","0","0","28","9967","13150","","","",""
"Soap Gift Set ""Legends""","SEQlgift","","0","0","0","9","9970","13151","","","",""
"Soap Gift Set ""Legends""","SEQlgift","","2","0","0","28","9971","13151","","","",""
"Soap Gift Set ""Night Sky""","SEQnsgift","","8","0","0","28","9972","13154","","","",""
"Soap Gift Set ""Night Sky""","SEQnsgift","","0","0","0","9","9973","13154","","","",""
"Soap Gift Set ""Traditions""","SEQtgift","","2","0","0","28","9974","13155","","","",""
"Soap Gift Set ""Traditions""","SEQtgift","","0","0","0","9","9975","13155","","","",""
"Soap Gift Set ""Sweet Blends""","SEQsbgift","","4","0","0","28","9976","13156","","","",""
"Soap Gift Set ""Sweet Blends""","SEQsbgift","","0","0","0","9","9977","13156","","","",""
"Soothing Lip Balms","SEQbalm","","0","4","8","0","9978","13159","","","",""
"Soothing Lip Balms","SEQbalm","","6","4","8","0","9979","13159","","","",""
"Soothing Lip Balms","SEQbalm","","6","4","8","0","9980","13159","","","",""
"Soothing Lip Balms","SEQbalm","","14","4","8","0","9981","13159","","","",""
"Soothing Lip Balms","SEQbalm","","10","4","8","0","9982","13159","","","",""
"Soothing Lip Balms","SEQbalm","","9","4","8","0","9983","13159","","","",""
"Soothing Lip Balms","SEQbalm","","9","4","8","0","12704","13159","","","",""
"Sweet Scented Soaps","SEQsssoap","BDLS4","6","0","0","2","10006","13165","","","",""
"Sweet Scented Soaps","SEQsssoap","BDMS1","6","0","0","7","10007","13165","","","",""
"Sweet Scented Soaps","SEQsssoap","BMMS1","0","0","0","2","10008","13165","","","",""
"Sweet Scented Soaps","SEQsssoap","BMLS4","2","0","0","7","10009","13165","","","",""
"Sweet Scented Soaps","SEQsssoap","HMMS1","7","0","0","2","10010","13165","","","",""
"Sweet Scented Soaps","SEQsssoap","HMLS4","3","0","0","7","10011","13165","","","",""
"Sweet Scented Soaps","SEQsssoap","JDMS1","6","0","0","2","10012","13165","","","",""
"Sweet Scented Soaps","SEQsssoap","JDLS4","10","0","0","7","10013","13165","","","",""
"Sweet Scented Soaps","SEQsssoap","MDMS1","7","0","0","2","10014","13165","","","",""
"Sweet Scented Soaps","SEQsssoap","MDLS4","7","0","0","7","10015","13165","","","",""
"Sweet Scented Soaps","SEQsssoap","SDMS1","8","0","0","2","10016","13165","","","",""
"Sweet Scented Soaps","SEQsssoap","SDLS4","6","0","0","7","10017","13165","","","",""
"Sweet Scented Soaps","SEQsssoap","SWMS1","5","0","0","2","10018","13165","","","",""
"Sweet Scented Soaps","SEQsssoap","SWLS4","10","0","0","7","10019","13165","","","",""
"Sweet Scented Soaps","SEQsssoap","SCMS1","0","0","0","2","10020","13165","","","",""
"Sweet Scented Soaps","SEQsssoap","SCLS4","0","0","0","7","10021","13165","","","",""
"Sweet Scented Soaps","SEQsssoap","STMS1","8","0","0","2","10022","13165","","","",""
"Sweet Scented Soaps","SEQsssoap","STLS4","0","0","0","7","10023","13165","","","",""
"Sweet Scented Soaps","SEQsssoap","SRMS1","3","0","0","2","10024","13165","","","",""
"Sweet Scented Soaps","SEQsssoap","SRLS4","0","0","0","7","10025","13165","","","",""
"Sweet Scented Soaps","SEQsssoap","TSMS1","8","0","0","2","10030","13165","","","",""
"Sweet Scented Soaps","SEQsssoap","TSLS4","6","0","0","7","10031","13165","","","",""
"Sweet Scented Soaps","SEQsssoap","TQMS1","6","0","0","2","10036","13165","","","",""
"Sweet Scented Soaps","SEQsssoap","TQLS4","6","0","0","7","10037","13165","","","",""
"Sweet Scented Soaps","SEQsssoap","WBMS1","6","0","0","2","10042","13165","","","",""
"Sweet Scented Soaps","SEQsssoap","WBLS4","6","0","0","7","10043","13165","","","",""
"Sweet Scented Soaps","SEQsssoap","","5","0","0","0","12701","13165","","","",""
"Sweet Scented Soaps","SEQsssoap","","6","0","0","0","12702","13165","","","",""
"Soaps with Natural Essences","SEQnesoap","BMLS4","9","0","0","2","10098","13171","","","",""
"Soaps with Natural Essences","SEQnesoap","BMMS1","1","0","0","7","10099","13171","","","",""
"Soaps with Natural Essences","SEQnesoap","BWMS1","0","0","0","2","10100","13171","","","",""
"Soaps with Natural Essences","SEQnesoap","","0","0","0","7","10101","13171","","","",""
"Soaps with Natural Essences","SEQnesoap","CEMS1","5","0","0","2","10102","13171","","","",""
"Soaps with Natural Essences","SEQnesoap","CELS4","7","0","0","7","10103","13171","","","",""
"Soaps with Natural Essences","SEQnesoap","CRMS1","8","0","0","2","10104","13171","","","",""
"Soaps with Natural Essences","SEQnesoap","CRLS4","0","0","0","7","10105","13171","","","",""
"Soaps with Natural Essences","SEQnesoap","MWMS1","5","0","0","2","10106","13171","","","",""
"Soaps with Natural Essences","SEQnesoap","MWLS4","6","0","0","7","10107","13171","","","",""
"Soaps with Natural Essences","SEQnesoap","RCMS1","10","0","0","2","10108","13171","","","",""
"Soaps with Natural Essences","SEQnesoap","RCLS4","4","0","0","7","10109","13171","","","",""
"Soaps with Natural Essences","SEQnesoap","SAMS1","10","0","0","2","10110","13171","","","",""
"Soaps with Natural Essences","SEQnesoap","SALS4","2","0","0","7","10111","13171","","","",""
"Soaps with Natural Essences","SEQnesoap","SMMS1","5","0","0","2","10112","13171","","","",""
"Soaps with Natural Essences","SEQnesoap","SMLS4","6","0","0","7","10113","13171","","","",""
"Soaps with Natural Essences","SEQnesoap","SGMS1","10","0","0","2","10114","13171","","","",""
"Soaps with Natural Essences","SEQnesoap","SGLS4","5","0","0","7","10115","13171","","","",""
"Soaps with Natural Essences","SEQnesoap","TBMS1","0","0","0","2","10116","13171","","","",""
"Soaps with Natural Essences","SEQnesoap","TBLS4","1","0","0","7","10117","13171","","","",""
"Soaps with Natural Essences","SEQnesoap","TOMS1","6","0","0","2","10118","13171","","","",""
"Soaps with Natural Essences","SEQnesoap","TOLS4","6","0","0","7","10119","13171","","","",""
"Soaps with Natural Essences","SEQnesoap","TPMS1","0","0","0","2","10120","13171","","","",""
"Soaps with Natural Essences","SEQnesoap","TPLS4","0","0","0","7","10121","13171","","","",""
"Soaps with Natural Essences","SEQnesoap","TIMS1","6","0","0","2","10122","13171","","","",""
"Soaps with Natural Essences","SEQnesoap","TILS4","6","0","0","7","10123","13171","","","",""
"Soaps with Natural Essences","SEQnesoap","WMMS1","2","0","0","2","10124","13171","","","",""
"Soaps with Natural Essences","SEQnesoap","WMLS4","0","0","0","7","10125","13171","","","",""
"Fragrance Oils","SEQfoils","","6","0","0","7","10126","13174","","","",""
"Fragrance Oils","SEQfoils","","5","0","0","9","10127","13174","","","",""
"Fragrance Oils","SEQfoils","","5","0","0","7","10128","13174","","","",""
"Fragrance Oils","SEQfoils","","2","0","0","7","10129","13174","","","",""
"BB8 Earrings ""Birch Bark""","BB8","","4","5.5","12.95","0","","13187","","","",""
"BB6 Earrings ""Birch Bark""","BB6","","3","8.5","19.95","0","","13224","","","",""
"Bastien - Belts","25","","13","9","21","0","","13257","","","",""
"Indigenous Astrology Incense","KEEincense","12201","17","3.75","9.199999999999999","0","10196","13395","","","",""
"Indigenous Astrology Incense","KEEincense","12202","22","3.75","9.199999999999999","0","10197","13395","","","",""
"Indigenous Astrology Incense","KEEincense","12203","24","3.75","9.199999999999999","0","10198","13395","","","",""
"Indigenous Astrology Incense","KEEincense","12204","15","3.75","9.199999999999999","0","10199","13395","","","",""
"Indigenous Astrology Incense","KEEincense","12205","22","3.75","9.199999999999999","0","10200","13395","","","",""
"Indigenous Astrology Incense","KEEincense","12206","27","3.75","9.199999999999999","0","10201","13395","","","",""
"Indigenous Astrology Incense","KEEincense","12207","21","3.75","9.199999999999999","0","10202","13395","","","",""
"Indigenous Astrology Incense","KEEincense","12208","17","3.75","9.199999999999999","0","10203","13395","","","",""
"Indigenous Astrology Incense","KEEincense","12209","11","3.75","9.199999999999999","0","10204","13395","","","",""
"Indigenous Astrology Incense","KEEincense","12210","29","3.75","9.199999999999999","0","10205","13395","","","",""
"Indigenous Astrology Incense","KEEincense","12211","20","3.75","9.199999999999999","0","10206","13395","","","",""
"Indigenous Astrology Incense","KEEincense","12212","25","3.75","9.199999999999999","0","10207","13395","","","",""
"Indigenous Astrology Incense","KEEincense","12213","23","3.75","9.199999999999999","0","10208","13395","","","",""
"Indigenous Astrology Incense","KEEincense","12214","27","3.75","9.199999999999999","0","10209","13395","","","",""
"test","","","2","0","10","0","","13399","","","",""
"tests","","","2","0","20","0","","13400","","","",""
"test","","","2","0","10","0","","13401","","","",""
"test","","","6","0","10","0","","13402","","","",""
"Testing salt","","","3","0","2","0","","13403","","","",""
"test2","","","2","0","2","0","","13447","","","",""
"test","","","2","0","1","0","","13458","","","",""
"test","","","2","0","1","0","","13494","","","",""
"Card - Synchronicity","W12017-POD2576","","12","2.75","6.35","0","","13550","","","",""
"Card - Lapinx","A13041-POD2583","","21","2.75","6.35","0","","13551","","","",""
"gift card","","","2","0","10","0","","13595","","","",""
"Joy Beach Towel - ""Unity""","A08019-TWL0101NC13A","","2","26.3","79","0","","13608","","","",""
"NC 5x7","NC5X7","","12","2.4","5.5","0","","13680","","","",""
"Canvas - Seed of Life","A18061-POD2573C","","3","17","45","0","","13718","","","",""
"Raton","","","3","0","3","0","","13733","","","",""
"Lava Bead Bracelets","Lavabracelets","WR901","2","4.5","10.95","0","10280","13738","","","",""
"Lava Bead Bracelets","Lavabracelets","WR903","0","4.5","10.95","0","10281","13738","","","",""
"Lava Bead Bracelets","Lavabracelets","WR902","0","4.5","10.95","0","10282","13738","","","",""
"Lava Bead Bracelets","Lavabracelets","WR904","1","4.5","10.95","0","10283","13738","","","",""
"Earth's Essence Incense","EEincense","incon7","7","5","11.95","0","10284","13739","","","",""
"Earth's Essence Incense","EEincense","INCON8","0","5","11.95","0","10285","13739","","","",""
"Earth's Essence Incense","EEincense","incon9","6","5","11.95","0","10286","13739","","","",""
"Earth's Essence Incense","EEincense","incon1","7","5","11.95","0","10827","13739","","","",""
"Earth's Essence Incense","EEincense","incon2","6","5","11.95","0","10828","13739","","","",""
"Earth's Essence Incense","EEincense","incon3","7","5","11.95","0","10829","13739","","","",""
"Earth's Essence Incense","EEincense","incon4","6","5","11.95","0","10830","13739","","","",""
"Earth's Essence Incense","EEincense","incon5","8","5","11.95","0","10831","13739","","","",""
"Earth's Essence Incense","EEincense","incon6","4","5","11.95","0","10832","13739","","","",""
"BB4 Earrings ""Birch Bark""","BB4","","4","7.5","17.95","0","","13766","","","",""
"BB3 Pendant ""Birch Bark""","BB3-P","","4","4","10.95","0","","13777","","","",""
"Coil Dream Catcher Bracelets","DCWR","DCWR51","1","6.25","14.95","0","10294","13795","","","",""
"Coil Dream Catcher Bracelets","DCWR","DCWR52","0","6.25","14.95","0","10295","13795","","","",""
"Coil Dream Catcher Bracelets","DCWR","DCWR53","0","6.25","14.95","0","10296","13795","","","",""
"Coil Dream Catcher Bracelets","DCWR","DCWR54","0","6.25","14.95","0","10297","13795","","","",""
"Coil Dream Catcher Bracelets","DCWR","DCWR55","0","6.25","14.95","0","10298","13795","","","",""
"Coil Dream Catcher Bracelets","DCWR","DCWR56","3","6.25","14.95","0","10299","13795","","","",""
"Coil Dream Catcher Bracelets","DCWR","DCWR57","3","6.25","14.95","0","13374","13795","","","",""
"test","","","2","0","5","0","","13806","","","",""
"Dream Catcher","DC821","","2","16.1","36.95","0","","13867","","","",""
"Arrowhead","Arrowhead","","77","0.7","1.55","0","","13899","","","",""
"Wildflower Oven Mitt","SKU: 00-08-624","","2","8","19.95","0","","13900","","","",""
"Corrine Hunt Hummingbird Earrings","SKU: 00-07-532","","2","37","85","0","","13953","","","",""
"Angel","Angel","","3","35","65","0","","13968","","","",""
"3 Sisters","3 sisters","","2","70","115","0","","13972","","","",""
"4 Sisters","4 sisters","","2","90","145","0","","13974","","","",""
"Candle Bowls Wax (no lids)","CBNL","","3","21","42","0","","13977","","","",""
"Plants Holders","PH","","3","23","48.45","0","","13978","","","",""
"Candle Bowls Wax (with lids)","CBWL","","2","23","48.45","0","","13979","","","",""
"Candle Simmer Pots","SPC","","4","30","48.45","0","","13980","","","",""
"Canoe Candle Small","SCC","","2","30","48.45","0","","13981","","","",""
"Canoe Candle Big","CACB","","2","50","90","0","","13982","","","",""
"Candle Medicine Wheel Small","CMW","","2","0","0","12.5","11384","13983","","","",""
"Candle Medicine Wheel Small","CMW","","1","0","0","15","11385","13983","","","",""
"Candle Medicine Wheel Small","CMW","","0","0","0","20","11386","13983","","","",""
"Incense Feather","IF","","4","30","50","0","","13985","","","",""
"Ornaments Small","OS","","10","15","16","0","","13986","","","",""
"Ornaments Medium","OM","","4","15","22","0","","13987","","","",""
"Ornaments Big","OB","","15","15","25","0","","13988","","","",""
"Bear","Bear","","2","15","25","0","","13989","","","",""
"Christmas Balls Big","CBB","","4","23","48.45","0","","13991","","","",""
"Mother Earth","ME","","2","50","82","0","","13993","","","",""
"Guardian from the Spirit World","GFSW","","2","60","96","0","","13994","","","",""
"Every Child Matters Ornaments","ECMO","","1","15","0","0","10320","13995","","","",""
"Every Child Matters Ornaments","ECMO","","9","15","0","0","10321","13995","","","",""
"Every Child Matters Ornaments","ECMO","","3","15","0","0","10322","13995","","","",""
"Kate Dress ""Silent Seekers"" Plus Size","A16058-WDR5401NC04A","","1","81.5","169","0","10353","14096","","","",""
"Kate Dress ""Silent Seekers"" Plus Size","A16058-WDR5401NC04A","","1","81.5","169","0","10354","14096","","","",""
"Kate Dress ""Silent Seekers"" Plus Size","A16058-WDR5401NC04A","","0","81.5","169","0","10355","14096","","","",""
"Canvas - Patience","A08045-20084C","","3","17","40","0","","14177","","","",""
"Canvas - Journey to the Spirit World","A07020-20080C","","2","17","45","0","","14178","","","",""
"Canvas - Inner Memories","W13047-POD2560C","","3","17","40","0","","14179","","","",""
"Canvas - Ice Dream","A12050-POD2559C","","2","17","40","0","","14180","","","",""
"Canvas - Harmony","A01038-POD2557C","","2","17","40","0","","14181","","","",""
"Catherine Zip Top - ""Silent Seekers""","A16058-WLS340101NC04A","","1","59.5","159","0","10402","14184","","","",""
"Catherine Zip Top - ""Silent Seekers""","A16058-WLS340101NC04A","","1","59.5","159","0","10403","14184","","","",""
"Catherine Zip Top - ""Silent Seekers""","A16058-WLS340101NC04A","","0","59.5","159","0","10404","14184","","","",""
"Catherine Zip Top - ""Silent Seekers""","A16058-WLS340101NC04A","","0","59.5","159","0","10405","14184","","","",""
"Catherine Zip Top - ""Silent Seekers""","A16058-WLS340101NC04A","","0","59.5","159","0","10406","14184","","","",""
"Kaplan Tank ""Geese Spirit""","A10046-WNS0801NC1BA","","0","60","129","0","10422","14186","","","",""
"Kaplan Tank ""Geese Spirit""","A10046-WNS0801NC1BA","","2","60","129","0","10423","14186","","","",""
"Kaplan Tank ""Geese Spirit""","A10046-WNS0801NC1BA","","2","60","129","0","10424","14186","","","",""
"Kaplan Tank ""Geese Spirit""","A10046-WNS0801NC1BA","","0","60.00","129.00","0.00","10425","14186","","","",""
"Kaplan Tank ""Geese Spirit""","A10046-WNS0801NC1BA","","0","60.00","129.00","0.00","10426","14186","","","",""
"""Nibi"" Blanket","NIBI600OS-01","","2","105.00","198.00","0.00","","14224","","","",""
"""Star"" Blanket","STAR600OS-01","","2","105.00","198.00","0.00","","14226","","","",""
"Shawl ""Tundra""","TUND600OS-03","","2","80.00","134.00","0.00","","14231","","","",""
"Shawl ""Sand""","SAND600OS-03","","2","80.00","134.00","0.00","","14235","","","",""
"Shawl ""Fleurs""","FLEU600OS-03","","2","80.00","134.00","0.00","","14236","","","",""
"Aqua Armor","PROTECTEUR_AQUA","","8","22.00","38.00","0.00","","14286","","","",""
"Mini Card NC","Mini carte -NC","","31","0.40","0.99","0.00","","14413","","","",""
"Sherpa Baby Blanket ""Thunderbird"" Blanket","THUN600OS-07","","2","51.00","85.00","0.00","","14438","","","",""
"Inukshuk","Inukshuk","INUK100","0","0.00","0.00","13.00","10499","14458","","","",""
"Inukshuk","Inukshuk","INUK110","0","0.00","0.00","18.00","10500","14458","","","",""
"Inukshuk","Inukshuk","INUK120","1","0.00","0.00","27.00","10501","14458","","","",""
"Inukshuk","Inukshuk","INUK130","1","0.00","0.00","35.00","10502","14458","","","",""
"Inukshuk","Inukshuk","INUK140","0","0.00","0.00","47.00","10503","14458","","","",""
"Inukshuk","Inukshuk","INUK150","0","0.00","0.00","65.00","10504","14458","","","",""
"Inukshuk","Inukshuk","INUK170","1","0.00","0.00","110.00","10505","14458","","","",""
"Inukshuk","Inukshuk","INUK180","1","0.00","0.00","137.00","10506","14458","","","",""
"Stick","","","2","0.00","0.00","0.00","","14556","","","",""
"Leather Bootie for Men","21188","","0","70.00","0.00","0.00","10547","14597","","","",""
"Leather Bootie for Men","21188","","0","70.00","0.00","0.00","10548","14597","","","",""
"Leather Bootie for Men","21188","","1","70.00","0.00","0.00","10549","14597","","","",""
"Leather Bootie for Men","21188","","1","70.00","0.00","0.00","10550","14597","","","",""
"Leather Bootie for Men","21188","","0","70.00","0.00","0.00","10551","14597","","","",""
"Leather Bootie for Men","21188","","0","70.00","0.00","0.00","10552","14597","","","",""
"Leather Bootie for Men","21188","","0","70.00","0.00","0.00","10553","14597","","","",""
"Leather Bootie for Men","21188","","0","70.00","0.00","0.00","10554","14597","","","",""
"Céleste Place Mat ""In Her World""","W13026-UAC6301NC1DA","","3","6.50","15.00","0.00","","14603","","","",""
"Stickers CAP","STICKER-CAPX2","","66","0.00","0.00","1.00","10569","14619","","","",""
"Stickers CAP","STICKER-CAPX2","Large","55","0.00","0.00","1.00","10570","14619","","","",""
"Turtle","TURTLE","","2","30.00","55.00","0.00","","14620","","","",""
"Gift Enclosures - Mini cards pack of 8","GENC","POD2549GE","0","3.25","7.95","0.00","10571","14626","","","",""
"Gift Enclosures - Mini cards pack of 8","GENC","POD2550GE","3","3.25","7.95","0.00","10572","14626","","","",""
"Gift Enclosures - Mini cards pack of 8","GENC","POD2554GE","19","3.25","7.95","0.00","10573","14626","","","",""
"Gift Enclosures - Mini cards pack of 8","GENC","POD2556GE","2","3.25","7.95","0.00","10574","14626","","","",""
"Gift Enclosures - Mini cards pack of 8","GENC","POD2583GE","11","3.25","7.95","0.00","10575","14626","","","",""
"Gift Enclosures - Mini cards pack of 8","GENC","POD2584GE","6","3.25","7.95","0.00","10576","14626","","","",""
"Gift Enclosures - Mini cards pack of 8","GENC","POD2566GE","6","3.25","7.95","0.00","10577","14626","","","",""
"Gift Enclosures - Mini cards pack of 8","GENC","POD2569GE","0","3.25","7.95","0.00","10578","14626","","","",""
"Gift Enclosures - Mini cards pack of 8","GENC","POD2579GE","6","3.25","7.95","0.00","10579","14626","","","",""
"Gift Enclosures - Mini cards pack of 8","GENC","POD2574GE","6","3.25","7.95","0.00","10580","14626","","","",""
"Gift Enclosures - Mini cards pack of 8","GENC","POD2576GE","7","3.25","7.95","0.00","10581","14626","","","",""
"Gift Enclosures - Mini cards pack of 8","GENC","POD2582GE","0","3.25","7.95","0.00","10582","14626","","","",""
"Gift Enclosures - Mini cards pack of 8","GENC","POD2559GE","6","3.25","7.95","0.00","13320","14626","","","",""
"shipping","","","2","0.00","18.25","0.00","","14645","","","",""
"Hoodie Poncho ""Four Directions""","4DIR700-10","4DIR700SS-10","1","120.00","209.00","0.00","10583","14661","","","",""
"Hoodie Poncho ""Four Directions""","4DIR700-10","4DIR700MM-10","2","120.00","209.00","0.00","10584","14661","","","",""
"Hoodie Poncho ""Four Directions""","4DIR700-10","4DIR700LL-10","1","120.00","209.00","0.00","10585","14661","","","",""
"Hoodie Poncho ""Four Directions""","4DIR700-10","4DIR700XL-10","2","120.00","209.00","0.00","10586","14661","","","",""
"Hoodie Poncho ""Thunderbird""","THUN700-10","THUN700SS-10","1","120.00","209.00","0.00","10587","14662","","","",""
"Hoodie Poncho ""Thunderbird""","THUN700-10","THUN700MM-10","1","120.00","209.00","0.00","10588","14662","","","",""
"Hoodie Poncho ""Thunderbird""","THUN700-10","THUN700LL-10","1","120.00","209.00","0.00","10589","14662","","","",""
"Hoodie Poncho ""Thunderbird""","THUN700-10","THUN700XL-10","1","120.00","209.00","0.00","10590","14662","","","",""
"""Connections"" Blanket","CONN600OS-01","","2","105.00","198.00","0.00","","14667","","","",""
"""Ceremony"" Blanket","CERE600OS-01","","3","105.00","198.00","0.00","","14668","","","",""
"Matted Print - Merging Earth and Sky","A10004-POD2561","","2","7.50","20.00","0.00","","14715","","","",""
"""Birthstone and Feathers"" Dream Catcher","DC751","DC752","0","4.75","10.95","0.00","10608","14735","","","",""
"""Birthstone and Feathers"" Dream Catcher","DC751","DC753","0","4.75","10.95","0.00","10609","14735","","","",""
"""Birthstone and Feathers"" Dream Catcher","DC751","DC754","0","4.75","10.95","0.00","10610","14735","","","",""
"""Birthstone and Feathers"" Dream Catcher","DC751","DC755","0","4.75","10.95","0.00","10611","14735","","","",""
"""Birthstone and Feathers"" Dream Catcher","DC751","DC756","0","4.75","10.95","0.00","10612","14735","","","",""
"""Birthstone and Feathers"" Dream Catcher","DC751","757","0","4.75","10.95","0.00","10613","14735","","","",""
"""Birthstone and Feathers"" Dream Catcher","DC751","DC758","0","4.75","10.95","0.00","10614","14735","","","",""
"""Birthstone and Feathers"" Dream Catcher","DC751","DC759","1","4.75","10.95","0.00","10615","14735","","","",""
"""Birthstone and Feathers"" Dream Catcher","DC751","DC760","0","4.75","10.95","0.00","10616","14735","","","",""
"""Birthstone and Feathers"" Dream Catcher","DC751","DC761","0","4.75","10.95","0.00","10617","14735","","","",""
"""Birthstone and Feathers"" Dream Catcher","DC751","DC762","3","4.75","10.95","0.00","10618","14735","","","",""
"""Birthstone and Feathers"" Dream Catcher","DC751","DC751","2","4.75","10.95","0.00","10619","14735","","","",""
"Lou Pouch ""Merging Earth and Sky""","UAC6901NC01A","","3","10.50","29.00","0.00","","14742","","","",""
"Lou Pouch ""Refuge""","UAC6901NC0YA","","3","10.50","29.00","0.00","","14743","","","",""
"Lou Pouch ""Reaching Out""","UAC6901NC1HA","","4","10.50","29.00","0.00","","14748","","","",""
"Lou Pouch ""Carried Away Under The Blue Moon""","UAC6901NCIJA","","2","10.50","29.00","0.00","","14751","","","",""
"Shark Teeth","SHARK","","25","1.70","3.95","0.00","","14779","","","",""
"Shawl ""Star""","STAR600OS-03","","2","80.00","134.00","0.00","","14817","","","",""
"Aspen Scarf ""Refuge""","SCA0201NC0YA","","3","19.55","79.00","0.00","","14828","","","",""
"Aspen Scarf ""Carried Away Under The Blue Moon""","SCA0201NC1JA","","3","19.55","79.00","0.00","","14829","","","",""
"Aspen Scarf ""Zenith""","SCA0201NC0BA","","6","19.55","79.00","0.00","","14830","","","",""
"Aspen Scarf ""Silent Seekers""","SCA0201NC04A","","5","19.55","79.00","0.00","","14832","","","",""
"Aspen Scarf ""Northern Keepers""","SCA0201NC05A","","4","19.55","79.00","0.00","","14834","","","",""
"Elderberries Tincture","SOC","","4","13.00","30.00","0.00","","14865","","","",""
"Figaro Chain","F50","","0","0.00","0.00","12.00","10781","14894","","","",""
"Figaro Chain","F50","","0","0.00","0.00","15.00","10782","14894","","","",""
"Figaro Chain","F50","","2","0.00","0.00","16.00","10783","14894","","","",""
"Figaro Chain","F50","","2","0.00","0.00","18.00","10784","14894","","","",""
"Figaro Chain","F50","","0","0.00","0.00","19.00","10785","14894","","","",""
"Figaro Chain","F50","","0","0.00","0.00","0.00","10786","14894","","","",""
"Oxydized Rounded Box Chain","OBX","","3","0.00","0.00","33.00","10795","14896","","","",""
"Oxydized Rounded Box Chain","OBX","","2","0.00","0.00","35.00","10796","14896","","","",""
"Oxydized Rounded Box Chain","OBX","","1","0.00","0.00","36.00","10797","14896","","","",""
"Oxydized Rounded Box Chain","OBX","","1","0.00","0.00","38.00","10798","14896","","","",""
"Oxydized Rounded Box Chain","OBX","","0","0.00","0.00","0.00","10799","14896","","","",""
"Oxydized Rounded Box Chain","OBX","","1","0.00","0.00","29.00","10800","14896","","","",""
"Satellite Chain","STC","","2","0.00","0.00","13.00","10801","14897","","","",""
"Satellite Chain","STC","","2","0.00","0.00","14.39","10802","14897","","","",""
"Satellite Chain","STC","","0","0.00","0.00","0.00","10803","14897","","","",""
"Satellite Chain","STC","","0","0.00","0.00","0.00","10804","14897","","","",""
"Satellite Chain","STC","","0","0.00","0.00","0.00","10805","14897","","","",""
"Satellite Chain","STC","","2","0.00","0.00","11.53","10806","14897","","","",""
"Satellite Chain","STC","","1","0.00","0.00","10.89","13108","14897","","","",""
"Sun Disk Curb Chain","SUN","","2","0.00","0.00","10.89","10813","14898","","","",""
"Sun Disk Curb Chain","SUN","","3","0.00","0.00","14.39","10814","14898","","","",""
"Sun Disk Curb Chain","SUN","SUN16","1","0.00","0.00","22.69","10815","14898","","","",""
"Sun Disk Curb Chain","SUN","","2","0.00","0.00","25.25","10816","14898","","","",""
"Sun Disk Curb Chain","SUN","","0","0.00","0.00","27.00","10817","14898","","","",""
"Sun Disk Curb Chain","SUN","","0","0.00","0.00","0.00","10818","14898","","","",""
"Sun Disk Curb Chain","SUN","","0","0.00","0.00","0.00","10819","14898","","","",""
"Sun Disk Curb Chain","SUN","","0","0.00","0.00","0.00","10820","14898","","","",""
"Stones - Earth Labradorite","ESLB","","3","3.20","7.50","0.00","","14934","","","",""
"Stones - Canadian Rocks Package","CBDF","","40","3.90","8.95","0.00","","14935","","","",""
"Pillow","","","2","0.00","9.95","0.00","","14941","","","",""
"Lou Pouch ""Quintessence""","UAC6401NC1IA","","3","10.50","29.00","0.00","","14946","","","",""
"Stones - Magnets with one word","WSM12","","2","3.20","7.50","0.00","","14953","","","",""
"Stones - Wishstones with one word","FWP60R","","16","2.80","6.50","0.00","","14955","","","",""
"Signets","","","4","0.00","2.30","0.00","","15009","","","",""
"signets","","","5","0.00","2.30","0.00","","15012","","","",""
"Aspen Scarf ""Early Evening Flowing Into Fall""","SCA0201NCODA","","2","19.55","79.00","0.00","","15020","","","",""
"Drums","DRUMS","","1","0.00","0.00","63.00","10856","15076","","","",""
"Drums","DRUMS","","0","0.00","0.00","0.00","10857","15076","","","",""
"Drums","DRUMS","","0","0.00","0.00","0.00","10858","15076","","","",""
"Drums","DRUMS","","0","0.00","0.00","0.00","10859","15076","","","",""
"Drums","DRUMS","","0","0.00","0.00","0.00","10860","15076","","","",""
"Drums","DRUMS","","0","0.00","0.00","0.00","10861","15076","","","",""
"Drums","DRUMS","","1","0.00","0.00","79.00","10862","15076","","","",""
"Drums","DRUMS","","1","0.00","0.00","95.00","10863","15076","","","",""
"Drums","DRUMS","","1","0.00","0.00","101.00","10864","15076","","","",""
"Drums","DRUMS","","0","0.00","0.00","148.00","10865","15076","","","",""
"Drums","DRUMS","","0","0.00","0.00","0.00","10866","15076","","","",""
"Drums","DRUMS","","0","0.00","0.00","0.00","10867","15076","","","",""
"Drums","DRUMS","","1","0.00","0.00","115.00","10868","15076","","","",""
"Drums","DRUMS","","0","0.00","0.00","0.00","10869","15076","","","",""
"Drums","DRUMS","","0","0.00","0.00","0.00","10870","15076","","","",""
"Drums","DRUMS","","0","0.00","0.00","0.00","10871","15076","","","",""
"Drums","DRUMS","","0","0.00","0.00","143.00","10872","15076","","","",""
"Drums","DRUMS","","0","0.00","0.00","184.00","10873","15076","","","",""
"Drums","DRUMS","","0","0.00","0.00","0.00","10874","15076","","","",""
"Drums","DRUMS","","0","0.00","0.00","0.00","10875","15076","","","",""
"Drums","DRUMS","","0","0.00","0.00","0.00","10876","15076","","","",""
"Drums","DRUMS","","0","0.00","0.00","0.00","10877","15076","","","",""
"Drums","DRUMS","","0","0.00","0.00","0.00","10878","15076","","","",""
"Drums","DRUMS","","0","0.00","0.00","0.00","10879","15076","","","",""
"Drums","DRUMS","","0","0.00","0.00","0.00","10880","15076","","","",""
"Drums","DRUMS","","0","0.00","0.00","0.00","10881","15076","","","",""
"Drums","DRUMS","","0","0.00","0.00","0.00","10882","15076","","","",""
"Drums","DRUMS","","0","0.00","0.00","0.00","10883","15076","","","",""
"Drums","DRUMS","","0","0.00","0.00","154.00","10884","15076","","","",""
"Medicine Wheel Coaster","MWCOASTER","","29","13.00","0.00","0.00","10925","15149","","","",""
"Medicine Wheel Coaster","MWCOASTER","","8","13.00","0.00","0.00","10926","15149","","","",""
"Medicine Wheel Coaster","MWCOASTER","","4","13.00","0.00","0.00","10927","15149","","","",""
"Ancestral Seeds (Sachet)","CS-Individual","","14","2.40","3.99","0.00","","15155","","","",""
"Moosehide Mitts","ELITE-260GEPE","","2","83.25","155.00","0.00","10949","15165","","","",""
"Moosehide Mitts","ELITE-260GEPE","","2","83.25","155.00","0.00","10950","15165","","","",""
"Moosehide Mitts","ELITE-260GEPE","","0","83.25","155.00","0.00","10951","15165","","","",""
"Moosehide Mitts","ELITE-260GEPE","","1","83.25","155.00","0.00","10952","15165","","","",""
"Moosehide Mitts","ELITE-260GEPE","","0","83.25","155.00","0.00","10953","15165","","","",""
"Ltd Edition - New Day","A08013-2","","0","0.00","74.00","0.00","10954","15167","","","",""
"Ltd Edition - New Day","A08013-2","","0","0.00","74.00","0.00","10955","15167","","","",""
"Ltd Edition - New Day","A08013-2","","0","0.00","74.00","0.00","10956","15167","","","",""
"Ltd Edition - New Day","A08013-2","","3","0.00","74.00","74.00","10957","15167","","","",""
"Ltd Edition - Merging Earth and Sky","A10004-2","","0","0.00","74.00","0.00","10958","15168","","","",""
"Ltd Edition - Merging Earth and Sky","A10004-2","","0","0.00","74.00","0.00","10959","15168","","","",""
"Ltd Edition - Merging Earth and Sky","A10004-2","","0","0.00","74.00","0.00","10960","15168","","","",""
"Ltd Edition - Merging Earth and Sky","A10004-2","","3","0.00","74.00","70.73","10961","15168","","","",""
"Ltd Edition - Sky Sisters","A10012-2","","0","0.00","74.00","0.00","10962","15169","","","",""
"Ltd Edition - Sky Sisters","A10012-2","","0","0.00","74.00","0.00","10963","15169","","","",""
"Ltd Edition - Sky Sisters","A10012-2","","0","0.00","74.00","0.00","10964","15169","","","",""
"Ltd Edition - Sky Sisters","A10012-2","","3","0.00","74.00","74.00","10965","15169","","","",""
"Ltd Edition - Whisper","A08011-2","","0","0.00","74.00","0.00","10966","15170","","","",""
"Ltd Edition - Whisper","A08011-2","","0","0.00","74.00","0.00","10967","15170","","","",""
"Ltd Edition - Whisper","A08011-2","","0","0.00","74.00","0.00","10968","15170","","","",""
"Ltd Edition - Whisper","A08011-2","","3","0.00","74.00","65.00","10969","15170","","","",""
"Matted Print - Passage","W13025-POD2569","","2","7.50","20.00","0.00","","15173","","","",""
"Matted Print - Early Evening Flowing Into Fall","W12018-POD2551","","2","7.50","20.00","0.00","","15175","","","",""
"Matted Print - Inner Memories","W13047-POD2560","","2","7.50","20.00","0.00","","15176","","","",""
"Matted Print - Northern Masters","W18053-POD2883","","2","7.50","20.00","0.00","","15177","","","",""
"Aspen Scarf ""Wisdom Keepers""","SCA0201NC0IA","","3","19.55","79.00","0.00","","15178","","","",""
"Matted Print - Geese Spirit","A10046-POD2553","","2","7.50","20.00","0.00","","15179","","","",""
"Arthur Pillow ""Silent Seekers""","A16058-UAC6201NC04A","","4","21.00","59.00","0.00","","15181","","","",""
"Canvas - Wisdom Keepers","A16059-POD2582C","","0","17.00","0.00","0.00","10978","15190","","","",""
"Canvas - Wisdom Keepers","A16059-POD2582C","","0","17.00","0.00","17.00","10979","15190","","","",""
"Canvas - Wisdom Keepers","A16059-POD2582C","","3","17.00","0.00","0.00","13195","15190","","","",""
"Canvas - Sky Sisters","A10012-POD2565C","","2","17.00","40.00","0.00","","15191","","","",""
"Canvas - Giving Thanks","A01028-POD2555C","","3","17.00","40.00","0.00","","15195","","","",""
"Arthur Pillow ""Early Evening Flowing into Fall""","W12018-UAC1201NC0DA","","3","21.00","59.00","0.00","","15216","","","",""
"Ltd Edition - The Return","A10044-2","","0","0.00","74.00","0.00","11332","15296","","","",""
"Ltd Edition - The Return","A10044-2","","0","0.00","74.00","0.00","11333","15296","","","",""
"Ltd Edition - The Return","A10044-2","","0","0.00","74.00","0.00","11334","15296","","","",""
"Ltd Edition - The Return","A10044-2","","2","0.00","74.00","70.73","11335","15296","","","",""
"Ltd Edition - Journey to the Spirit World","A07020-2","","0","0.00","74.00","0.00","11336","15297","","","",""
"Ltd Edition - Journey to the Spirit World","A07020-2","","0","0.00","74.00","0.00","11337","15297","","","",""
"Ltd Edition - Journey to the Spirit World","A07020-2","","0","0.00","74.00","0.00","11338","15297","","","",""
"Ltd Edition - Journey to the Spirit World","A07020-2","","2","0.00","74.00","74.00","11339","15297","","","",""
"Ltd Edition - Giving Thanks","A01028-2","","0","0.00","74.00","0.00","11340","15298","","","",""
"Ltd Edition - Giving Thanks","A01028-2","","0","0.00","74.00","0.00","11341","15298","","","",""
"Ltd Edition - Giving Thanks","A01028-2","","0","0.00","74.00","0.00","11342","15298","","","",""
"Ltd Edition - Giving Thanks","A01028-2","","3","0.00","74.00","73.00","11343","15298","","","",""
"BBSS1 Pendant ''Birch Bark''","BBSS1-P","","5","15.00","34.95","0.00","","15305","","","",""
"Semences variées","","","123","0.00","3.99","0.00","","15309","","","",""
"Semences fleurs sauvages","","","3","0.00","3.99","0.00","","15313","","","",""
"Ancestral wildflowers seeds","","","125","0.00","3.99","0.00","","15317","","","",""
"Pierre polies","","","10","0.00","0.95","0.00","","15379","","","",""
"Round Earrings","BHMEDROUND","","1","35.00","70.00","0.00","11575","15431","","","",""
"Round Earrings","BHMEDROUND","eagle","1","35.00","70.00","0.00","11576","15431","","","",""
"Round Earrings","BHMEDROUND","","1","35.00","70.00","0.00","11577","15431","","","",""
"Round Earrings","BHMEDROUND","","1","35.00","70.00","0.00","11578","15431","","","",""
"Round Earrings","BHMEDROUND","","1","35.00","70.00","0.00","11579","15431","","","",""
"Triangular Earrings","BHTRIANGLE","","1","35.00","70.00","0.00","11580","15432","","","",""
"Triangular Earrings","BHTRIANGLE","","1","35.00","70.00","0.00","11581","15432","","","",""
"Triangular Earrings","BHTRIANGLE","","0","35.00","70.00","0.00","11582","15432","","","",""
"Triangular Earrings","BHTRIANGLE","","0","35.00","70.00","0.00","11583","15432","","","",""
"Triangular Earrings","BHTRIANGLE","","1","35.00","70.00","0.00","11584","15432","","","",""
"Triangular Earrings","BHTRIANGLE","","0","35.00","70.00","0.00","11585","15432","","","",""
"Gustave Pillow ""Giving Thanks""","UAC6101NC08A","","1","23.00","59.00","0.00","","15446","","","",""
"Gustave Pillow ""Early Evening Flowing Into Fall""","UAC6101NC0DA","","2","23.00","59.00","0.00","","15447","","","",""
"Gustave Pillow ""Under the Same Sky""","UAC6101NC0UA","","3","23.00","59.00","0.00","","15449","","","",""
"Gustave Pillow ""Northern Keepers""","UAC6101NC05A","","2","23.00","59.00","0.00","","15451","","","",""
"River Keeper","POD2579magnets","","12","2.80","6.95","0.00","","15485","","","",""
"Silent Seekers","POD2574magnets","","5","2.80","6.95","0.00","","15486","","","",""
"Passage","POD2569magnets","","12","2.80","6.95","0.00","","15487","","","",""
"Northern Keepers","POD2566magnets","","7","2.80","6.95","0.00","","15488","","","",""
"Going Home","POD2556magnets","","5","2.80","6.95","0.00","","15489","","","",""
"Gezaluwejit","POD2554magnets","","5","2.70","6.95","0.00","","15490","","","",""
"Depth","POD2550magnets","","6","2.80","6.95","0.00","","15491","","","",""
"Giving Thanks","POD2555magnets","","19","2.80","6.95","0.00","","15492","","","",""
"Honoring the Giver of Life","POD2558magnets","","20","2.80","6.95","0.00","","15493","","","",""
"Key Chain - Dream Catcher","MM13","MM13BLK","1","4.00","8.95","0.00","11690","15549","","","",""
"Key Chain - Dream Catcher","MM13","MM13PUR","3","4.00","8.95","0.00","11691","15549","","","",""
"Key Chain - Dream Catcher","MM13","MM13RBL","1","4.00","8.95","0.00","11692","15549","","","",""
"Key Chain - Dream Catcher","MM13","MM13RED","2","4.00","8.95","0.00","11693","15549","","","",""
"Key Chain - Dream Catcher","MM13","MM13TAN","1","4.00","8.95","0.00","11694","15549","","","",""
"Key Chain - Dream Catcher","MM13","MM13TUR","2","4.00","8.95","0.00","11695","15549","","","",""
"Seal Keychain","S1","","10","7.50","16.00","0.00","","15561","","","",""
"Seal Cardholder","CEL-05","","4","13.50","29.00","0.00","","15562","","","",""
"Seal Skin Coin Purse","PML","PML-01","2","25.50","54.95","25.25","11698","15572","","","",""
"Seal Skin Coin Purse","PML","PML-05","0","25.50","54.95","25.75","11699","15572","","","",""
"Room Sprays","ES100","ES101","3","12.99","29.95","0.00","11708","15605","","","",""
"Room Sprays","ES100","ES102","0","12.99","29.95","0.00","11709","15605","","","",""
"Room Sprays","ES100","ES103","2","12.99","29.95","0.00","11710","15605","","","",""
"Room Sprays","ES100","ES104","3","12.99","29.95","0.00","11711","15605","","","",""
"Room Sprays","ES100","ES105","2","12.99","29.95","0.00","11712","15605","","","",""
"Room Sprays","ES100","ES106","2","12.99","29.95","0.00","11713","15605","","","",""
"Room Sprays","ES100","ES107","2","12.99","29.95","0.00","11714","15605","","","",""
"Room Sprays","ES100","ES108","3","12.99","29.95","0.00","11715","15605","","","",""
"Room Sprays","ES100","ES109","1","12.99","29.95","0.00","11716","15605","","","",""
"Lena Dress ""Inner Memories""","WDR5801NC17A","","1","74.00","179.00","0.00","11737","15614","","","",""
"Lena Dress ""Inner Memories""","WDR5801NC17A","","0","74.00","179.00","0.00","11738","15614","","","",""
"Lena Dress ""Inner Memories""","WDR5801NC17A","","0","74.00","179.00","0.00","11739","15614","","","",""
"Lena Dress ""Inner Memories""","WDR5801NC17A","","0","74.00","179.00","0.00","11740","15614","","","",""
"Lena Dress ""Inner Memories""","WDR5801NC17A","","1","74.00","179.00","0.00","11741","15614","","","",""
"Lena Dress ""Silent Seekers""","WDR5801NC04A","","1","74.00","179.00","0.00","11742","15615","","","",""
"Lena Dress ""Silent Seekers""","WDR5801NC04A","","1","74.00","179.00","0.00","11743","15615","","","",""
"Lena Dress ""Silent Seekers""","WDR5801NC04A","","0","74.00","179.00","0.00","11744","15615","","","",""
"Lena Dress ""Silent Seekers""","WDR5801NC04A","","0","74.00","179.00","0.00","11745","15615","","","",""
"Lena Dress ""Silent Seekers""","WDR5801NC04A","","1","74.00","179.00","0.00","11746","15615","","","",""
"Lena Dress ""Water and Spirit Buffalo at Sunset""","WDR5801NC11A","","0","74.00","179.00","0.00","11747","15616","","","",""
"Lena Dress ""Water and Spirit Buffalo at Sunset""","WDR5801NC11A","","0","74.00","179.00","0.00","11748","15616","","","",""
"Lena Dress ""Water and Spirit Buffalo at Sunset""","WDR5801NC11A","","1","74.00","179.00","0.00","11749","15616","","","",""
"Lena Dress ""Water and Spirit Buffalo at Sunset""","WDR5801NC11A","","0","74.00","179.00","0.00","11750","15616","","","",""
"Lena Dress ""Water and Spirit Buffalo at Sunset""","WDR5801NC11A","","1","74.00","179.00","0.00","11751","15616","","","",""
"Lena Dress ""Water and Spirit Buffalo""","WDR5801NC09A","","0","74.00","179.00","0.00","11752","15617","","","",""
"Lena Dress ""Water and Spirit Buffalo""","WDR5801NC09A","","0","74.00","179.00","0.00","11753","15617","","","",""
"Lena Dress ""Water and Spirit Buffalo""","WDR5801NC09A","","1","74.00","179.00","0.00","11754","15617","","","",""
"Lena Dress ""Water and Spirit Buffalo""","WDR5801NC09A","","1","74.00","179.00","0.00","11755","15617","","","",""
"Lena Dress ""Water and Spirit Buffalo""","WDR5801NC09A","","0","74.00","179.00","0.00","11756","15617","","","",""
"Lena Dress ""In Her World""","WDR5801NC1DA","","0","74.00","179.00","0.00","11757","15618","","","",""
"Lena Dress ""In Her World""","WDR5801NC1DA","","1","74.00","179.00","0.00","11758","15618","","","",""
"Lena Dress ""In Her World""","WDR5801NC1DA","","1","74.00","179.00","0.00","11759","15618","","","",""
"Lena Dress ""In Her World""","WDR5801NC1DA","","0","74.00","179.00","0.00","11760","15618","","","",""
"Lena Dress ""In Her World""","WDR5801NC1DA","","0","74.00","179.00","0.00","11761","15618","","","",""
"Steorra Birthstone Collection","PMSS100-P","PMSS101-P","0","18.50","42.95","0.00","11789","15645","","","",""
"Steorra Birthstone Collection","PMSS100-P","PMSS102-P","0","18.50","42.95","0.00","11790","15645","","","",""
"Steorra Birthstone Collection","PMSS100-P","PMSS103-P","0","18.50","42.95","0.00","11791","15645","","","",""
"Steorra Birthstone Collection","PMSS100-P","PMSS104-P","0","18.50","42.95","0.00","11792","15645","","","",""
"Steorra Birthstone Collection","PMSS100-P","PMSS105-P","0","18.50","42.95","0.00","11793","15645","","","",""
"Steorra Birthstone Collection","PMSS100-P","PMSS106-P","0","18.50","42.95","0.00","11794","15645","","","",""
"Steorra Birthstone Collection","PMSS100-P","PMSS107-P","0","18.50","42.95","0.00","11795","15645","","","",""
"Steorra Birthstone Collection","PMSS100-P","PMSS108-P","0","18.50","42.95","0.00","11796","15645","","","",""
"Steorra Birthstone Collection","PMSS100-P","PMSS109-P","0","18.50","42.95","0.00","11797","15645","","","",""
"Steorra Birthstone Collection","PMSS100-P","PMSS110-P","2","18.50","42.95","0.00","11798","15645","","","",""
"Steorra Birthstone Collection","PMSS100-P","PMSS111-P","0","18.50","42.95","0.00","11799","15645","","","",""
"Steorra Birthstone Collection","PMSS100-P","PMSS112-P","0","18.50","42.95","0.00","11800","15645","","","",""
"Dream Catcher ""Ombre""","DC802","","2","12.75","29.95","0.00","","15649","","","",""
"19D Ceramic Mobile - Multiple Small Fish","Fab-19D","","2","11.00","30.00","0.00","","15665","","","",""
"15B Mural Big","15B","","27","15.00","45.00","0.00","","15674","","","",""
"16A Wooden Dream Catcher","16A","","4","5.00","15.00","0.00","","15676","","","",""
"BB7 Pendant ""Birch Bark""","BB7-P","","6","7.05","15.95","0.00","","15730","","","",""
"BB7 Earrings ""Birch Bark""","BB7","","4","10.50","23.95","0.00","","15732","","","",""
"test","","","5","0.00","1.00","0.00","","15766","","","",""
"Product test","","","5","0.00","10.00","0.00","","15768","","","",""
"Copper Bracelet","","","10","0.00","18.00","0.00","","15769","","","",""
"test","","","3","0.00","1.00","0.00","","15770","","","",""
"test","","","2","0.00","1.00","0.00","","15771","","","",""
"test","","","3","0.00","1.00","0.00","","15772","","","",""
"Ribbon Skirts","SKIRTS","","0","60.00","120.00","0.00","13120","15774","","","",""
"Ribbon Skirts","SKIRTS","","0","60.00","120.00","0.00","13121","15774","","","",""
"Ribbon Skirts","SKIRTS","","1","60.00","120.00","0.00","13122","15774","","","",""
"Ribbon Skirts","SKIRTS","","1","60.00","120.00","0.00","13123","15774","","","",""
"Ribbon Skirts","SKIRTS","","2","60.00","120.00","0.00","13124","15774","","","",""
"Beautiful day 1 on","","","2","0.00","4.00","0.00","","15848","","","",""
"Epsom Salts","EPSALTS","SELR","2","18.00","30.00","0.00","11860","15863","","","",""
"Epsom Salts","EPSALTS","","2","18.00","30.00","0.00","11861","15863","","","",""
"Epsom Salts","EPSALTS","","1","18.00","30.00","0.00","11862","15863","","","",""
"Epsom Salts","EPSALTS","","2","18.00","30.00","0.00","11863","15863","","","",""
"1 Beaver Tooth (black round lace)","D","","5","13.00","32.25","0.00","","15884","","","",""
"3 Fox Claws","E","","6","13.00","32.25","0.00","","15885","","","",""
"1 Lynx Claw (deer lace)","G","","6","13.00","30.00","0.00","","15886","","","",""
"1 Lynx Claw (natural round lace)","I","","6","14.00","34.00","0.00","","15887","","","",""
"1 Wolf Tooth","J","","5","26.00","60.00","0.00","","15888","","","",""
"1 Wolf Claw","K","","5","24.00","56.00","0.00","","15889","","","",""
"1 Small Wolf Tooth","L","","6","14.00","30.00","0.00","","15890","","","",""
"1 Small Bear Claw (black lace)","M","","7","18.00","40.00","0.00","","15891","","","",""
"1 Bear Claw (bone and metal)","N","","8","23.00","52.00","0.00","","15892","","","",""
"1 Bear Claw (deer lace)","O","","3","20.00","46.00","0.00","","15893","","","",""
"3 Bear Claws","U","","4","28.00","65.00","0.00","","15894","","","",""
"1 Coyote Tooth (black lace)","X","","7","17.00","40.00","0.00","","15895","","","",""
"1 Bear Tooth (round natural lace)","Z","","8","26.00","60.00","0.00","","15896","","","",""
"1 Lynx Tooth and 2 Claws","LY","","7","17.00","40.00","0.00","","15897","","","",""
"Beaded Leather Keychain","KCHAINS","","44","10.00","23.00","0.00","","15899","","","",""
"1 Pekan Tooth and 2 Claws","A","","6","13.00","32.25","0.00","","15900","","","",""
"3 Small Bear Teeth","B","","5","13.00","32.25","0.00","","15901","","","",""
"3 Fox Teeth","C","","6","13.00","32.25","0.00","","15902","","","",""
"1 Beaver Tooth (deer lace)","F","","8","12.50","32.25","0.00","","15903","","","",""
"5 Bear Claws (deluxe)","Q","","7","50.00","115.00","0.00","","15904","","","",""
"1 Bear Tooth and 2 Claws","V","","8","28.00","65.00","0.00","","15905","","","",""
"1 Coyote Tooth and 2 Claws (Hematite)","W","","8","21.00","49.00","0.00","","15906","","","",""
"1 Bear Tooth (deer lace)","Y","","6","25.00","58.00","0.00","","15907","","","",""
"1 Wolf Claw (deer lace)","KL","","9","23.00","52.00","0.00","","15909","","","",""
"1 Coyote Tooth and 2 Claws","CO","","10","17.00","40.00","0.00","","15910","","","",""
"Beaded Earrings","BEADEAR","","0","0.00","0.00","20.00","11912","15965","","","",""
"Beaded Earrings","BEADEAR","","0","0.00","0.00","20.00","11913","15965","","","",""
"Beaded Earrings","BEADEAR","","0","0.00","0.00","20.00","11914","15965","","","",""
"Beaded Earrings","BEADEAR","","1","0.00","0.00","20.00","11915","15965","","","",""
"Beaded Earrings","BEADEAR","","0","0.00","0.00","20.00","11916","15965","","","",""
"Beaded Earrings","BEADEAR","","1","0.00","0.00","25.00","11917","15965","","","",""
"Beaded Earrings","BEADEAR","","0","0.00","0.00","25.00","11918","15965","","","",""
"Beaded Earrings","BEADEAR","","0","0.00","0.00","30.00","11919","15965","","","",""
"Beaded Earrings","BEADEAR","","0","0.00","0.00","40.00","11920","15965","","","",""
"Beaded Earrings","BEADEAR","","0","0.00","0.00","40.00","11921","15965","","","",""
"Beaded Earrings","BEADEAR","","0","0.00","0.00","40.00","11922","15965","","","",""
"Beaded Earrings","BEADEAR","","1","0.00","0.00","40.00","11923","15965","","","",""
"Beaded Earrings","BEADEAR","","1","0.00","0.00","40.00","11924","15965","","","",""
"Beaded Earrings","BEADEAR","","0","0.00","0.00","40.00","11925","15965","","","",""
"Beaded Earrings","BEADEAR","","0","0.00","0.00","40.00","11926","15965","","","",""
"Beaded Earrings","BEADEAR","","0","0.00","0.00","50.00","11927","15965","","","",""
"Anklet bracelet beads","","","3","0.00","13.00","0.00","","15978","","","",""
"Oxidized Wave Spin Ring","82572","","1","53.34","135.00","0.00","11940","16009","","","",""
"Oxidized Wave Spin Ring","82572","","1","53.34","135.00","0.00","11941","16009","","","",""
"Oxidized Wave Spin Ring","82572","","1","53.34","135.00","0.00","11942","16009","","","",""
"Oxidized Wave Spin Ring","82572","","0","53.34","135.00","0.00","11943","16009","","","",""
"Oxidized Wave Spin Ring","82572","","1","53.34","135.00","0.00","11944","16009","","","",""
"Oxidized Wave Spin Ring","82572","","1","53.34","135.00","0.00","11945","16009","","","",""
"Oxidized Wave Spin Ring","82572","","1","53.34","135.00","0.00","11946","16009","","","",""
"Oxidized Wave Spin Ring","82572","","1","53.34","135.00","0.00","11947","16009","","","",""
"Turquoise Flower Ring","82668","","1","26.76","67.00","0.00","11968","16066","","","",""
"Turquoise Flower Ring","82668","","1","26.76","67.00","0.00","11969","16066","","","",""
"Turquoise Flower Ring","82668","7","0","26.76","67.00","0.00","11970","16066","","","",""
"Turquoise Flower Ring","82668","","0","26.76","67.00","0.00","11971","16066","","","",""
"Turquoise Flower Ring","82668","","0","26.76","67.00","0.00","11972","16066","","","",""
"Oxidized Curb Chain Ring","83263","","0","19.57","50.00","0.00","11997","16071","","","",""
"Oxidized Curb Chain Ring","83263","","0","19.57","50.00","0.00","11998","16071","","","",""
"Oxidized Curb Chain Ring","83263","","1","19.57","50.00","0.00","11999","16071","","","",""
"Oxidized Curb Chain Ring","83263","","0","19.57","50.00","0.00","12000","16071","","","",""
"Oxidized Curb Chain Ring","83263","","0","19.57","50.00","0.00","12001","16071","","","",""
"Oxidized Curb Chain Ring","83263","","1","19.57","50.00","0.00","12212","16071","","","",""
"Oxidized Curb Chain Ring","83263","","0","19.57","50.00","0.00","12213","16071","","","",""
"Turquoise Ring","83310","","0","91.10","210.00","0.00","12020","16075","","","",""
"Turquoise Ring","83310","","1","91.10","210.00","0.00","12021","16075","","","",""
"Turquoise Ring","83310","","0","91.10","210.00","0.00","12022","16075","","","",""
"Turquoise Ring","83310","","1","91.10","210.00","0.00","12023","16075","","","",""
"Turquoise Ring","83310","","0","91.10","210.00","0.00","12024","16075","","","",""
"3mm Silver Band","83813","","0","16.88","40.00","0.00","12106","16088","","","",""
"3mm Silver Band","83813","","1","16.88","40.00","0.00","12107","16088","","","",""
"3mm Silver Band","83813","","0","16.88","40.00","0.00","12108","16088","","","",""
"3mm Silver Band","83813","","0","16.88","40.00","0.00","12109","16088","","","",""
"3mm Silver Band","83813","","1","16.88","40.00","0.00","12110","16088","","","",""
"3mm Silver Band","83813","","0","16.88","40.00","0.00","12111","16088","","","",""
"3mm Silver Band","83813","","0","16.88","40.00","0.00","12112","16088","","","",""
"3mm Silver Band","83813","","0","16.88","40.00","0.00","12113","16088","","","",""
"Turquoise Ring","83831","","1","152.17","350.00","0.00","12218","16106","","","",""
"Turquoise Ring","83831","","0","152.17","350.00","0.00","12219","16106","","","",""
"Turquoise Ring","83831","","1","152.17","350.00","0.00","12220","16106","","","",""
"Turquoise Ring","83831","","1","152.17","350.00","0.00","12221","16106","","","",""
"Turquoise Ring","83831","","1","152.17","350.00","0.00","12222","16106","","","",""
"Oxidized Rope Chain","OXRP","","0","0.00","0.00","0.00","12229","16111","","","",""
"Oxidized Rope Chain","OXRP","","2","0.00","0.00","95.00","12230","16111","","","",""
"Oxidized Rope Chain","OXRP","","1","0.00","0.00","104.00","12231","16111","","","",""
"Oxidized Rope Chain","OXRP","","1","0.00","0.00","113.00","12232","16111","","","",""
"Oxidized Rope Chain","OXRP","","0","0.00","0.00","137.00","12233","16111","","","",""
"Oxidized Rope Chain","OXRP","","0","0.00","0.00","0.00","12234","16111","","","",""
"Rabbit Skins","RS LS","RS LS B","6","6.75","15.95","6.00","12302","16149","","","",""
"Rabbit Skins","RS LS","RS LS N","0","6.75","15.95","6.00","12303","16149","","","",""
"Rabbit Skins","RS LS","RS LS W","15","6.75","15.95","6.00","12304","16149","","","",""
"Mink Tail Key Chain","MTKC","","6","5.00","10.95","0.00","","16151","","","",""
"Lynx Tail Key Chain","LTKC","","3","6.75","15.95","0.00","","16153","","","",""
"Beaver Tail Key Chain","BFKC","","2","4.50","9.95","0.00","","16154","","","",""
"Fox Tail Key Chain","FTKC","FTKC S","1","0.00","0.00","4.00","12312","16155","","","",""
"Fox Tail Key Chain","FTKC","FTKC M","3","0.00","0.00","5.00","12313","16155","","","",""
"Fox Tail Key Chain","FTKC","FTKC L","1","0.00","0.00","8.00","12314","16155","","","",""
"Fox Tail Key Chain","FTKC","FTKC XL","0","0.00","0.00","10.00","12315","16155","","","",""
"Fox Tail Key Chain","FTKC","FTKC XXL","0","0.00","0.00","15.00","12316","16155","","","",""
"Coyote Tail Key Chain","CTKC","RTKC L","0","6.00","0.00","5.00","12317","16156","","","",""
"Coyote Tail Key Chain","CTKC","CTKC XL","3","6.00","0.00","8.00","12318","16156","","","",""
"Sterling Silver Necklace","33050","","2","60.87","140.00","0.00","","16166","","","",""
"Poncho ""Nibi""","NIB700-06","NIB700SS-06","1","0.00","0.00","51.00","12328","16167","","","",""
"Poncho ""Nibi""","NIB700-06","NIB700LL-06","2","0.00","0.00","53.00","12329","16167","","","",""
"Poncho ""Grey Thunderbird""","BGTH700-06","BGTH700LL06","1","0.00","0.00","53.00","12330","16168","","","",""
"Poncho ""Grey Thunderbird""","BGTH700-06","BGTH700SS06","1","0.00","0.00","51.00","12331","16168","","","",""
"Poncho ""Brown Thunderbird""","INTH700-06","INTH700LL06","2","0.00","0.00","53.00","12332","16169","","","",""
"Poncho ""Brown Thunderbird""","INTH700-06","INTH700SS06","1","0.00","0.00","51.00","12333","16169","","","",""
"Kokopelli Charm","73615","","3","18.83","45.00","0.00","","16203","","","",""
"Thunderbird Charm","74735","","2","16.20","42.00","0.00","","16218","","","",""
"Beaded Earrings","RED4","","3","9.50","22.00","0.00","","16231","","","",""
"Beaded Necklace","RED4-P","","2","5.50","14.00","0.00","","16232","","","",""
"Birthstone Coil Bracelet","WR","WR1","0","5.75","13.95","0.00","12359","16233","","","",""
"Birthstone Coil Bracelet","WR","WR2","0","5.75","13.95","0.00","12360","16233","","","",""
"Birthstone Coil Bracelet","WR","WR3","0","5.75","13.95","0.00","12361","16233","","","",""
"Birthstone Coil Bracelet","WR","WR4","0","5.75","13.95","0.00","12362","16233","","","",""
"Birthstone Coil Bracelet","WR","WR5","0","5.75","13.95","0.00","12363","16233","","","",""
"Birthstone Coil Bracelet","WR","WR6","0","5.75","13.95","0.00","12364","16233","","","",""
"Birthstone Coil Bracelet","WR","WR7","0","5.75","13.95","0.00","12365","16233","","","",""
"Birthstone Coil Bracelet","WR","WR8","0","5.75","13.95","0.00","12366","16233","","","",""
"Birthstone Coil Bracelet","WR","WR9","2","5.75","13.95","0.00","12367","16233","","","",""
"Birthstone Coil Bracelet","WR","WR10","0","5.75","13.95","0.00","12368","16233","","","",""
"Birthstone Coil Bracelet","WR","WR11","0","5.75","13.95","0.00","12369","16233","","","",""
"Birthstone Coil Bracelet","WR","WR12","0","5.75","13.95","0.00","12370","16233","","","",""
"Kate Dress ""Geese Spirit""","WDR2601NC1BA","","2","64.50","169.00","0.00","12376","16245","","","",""
"Kate Dress ""Geese Spirit""","WDR2601NC1BA","","0","64.50","169.00","0.00","12377","16245","","","",""
"Kate Dress ""Geese Spirit""","WDR2601NC1BA","","0","64.50","169.00","0.00","12378","16245","","","",""
"Kate Dress ""Geese Spirit""","WDR2601NC1BA","","0","64.50","169.00","0.00","12379","16245","","","",""
"Kate Dress ""Geese Spirit""","WDR2601NC1BA","","2","64.50","169.00","0.00","12380","16245","","","",""
"Parma Capri ""Geese Spirit""","WPA0701NC1BA","","1","55.50","129.00","0.00","12407","16248","","","",""
"Parma Capri ""Geese Spirit""","WPA0701NC1BA","","0","55.50","129.00","0.00","12408","16248","","","",""
"Parma Capri ""Geese Spirit""","WPA0701NC1BA","","0","55.50","129.00","0.00","12409","16248","","","",""
"Parma Capri ""Geese Spirit""","WPA0701NC1BA","","0","55.50","129.00","0.00","12410","16248","","","",""
"Parma Capri ""Geese Spirit""","WPA0701NC1BA","","0","55.50","129.00","0.00","12411","16248","","","",""
"Patti Tunic II ""Zenith""","WLS1001NC0BA","","0","50.50","129.00","0.00","12481","16256","","","",""
"Patti Tunic II ""Zenith""","WLS1001NC0BA","","0","50.50","129.00","0.00","12482","16256","","","",""
"Patti Tunic II ""Zenith""","WLS1001NC0BA","","1","50.50","129.00","0.00","12483","16256","","","",""
"Patti Tunic II ""Zenith""","WLS1001NC0BA","","1","50.50","129.00","0.00","12484","16256","","","",""
"Patti Tunic II ""Zenith""","WLS1001NC0BA","","0","50.50","129.00","0.00","12485","16256","","","",""
"Autumn Half-Zip Top - ""Silent Seekers""","WLS350101NC04B","","0","59.50","149.00","0.00","12491","16264","","","",""
"Autumn Half-Zip Top - ""Silent Seekers""","WLS350101NC04B","","1","59.50","149.00","0.00","12492","16264","","","",""
"Autumn Half-Zip Top - ""Silent Seekers""","WLS350101NC04B","","1","59.50","149.00","0.00","12493","16264","","","",""
"Autumn Half-Zip Top - ""Silent Seekers""","WLS350101NC04B","","1","59.50","149.00","0.00","12494","16264","","","",""
"Autumn Half-Zip Top - ""Silent Seekers""","WLS350101NC04B","","0","59.50","149.00","0.00","12495","16264","","","",""
"Multipurpose Anti-Odor Mist","HPA120","","12","8.00","18.00","0.00","","16269","","","",""
"Voucher","VOUCHER","","999","0.00","0.00","0.00","12531","16284","","","",""
"Voucher","VOUCHER","","999","0.00","0.00","0.00","12533","16284","","","",""
"Voucher","VOUCHER","","999","0.00","0.00","0.00","12535","16284","","","",""
"CAP Canvas","CAPCANVAS","","4","17.00","40.00","0.00","","16297","","","",""
"Men Urban Boots","DL-05T","","0","350.00","750.00","0.00","12579","16307","","","",""
"Men Urban Boots","DL-05T","","0","350.00","750.00","0.00","12580","16307","","","",""
"Men Urban Boots","DL-05T","","0","350.00","750.00","0.00","12581","16307","","","",""
"Men Urban Boots","DL-05T","","1","350.00","750.00","0.00","12582","16307","","","",""
"Men Urban Boots","DL-05T","","0","350.00","750.00","0.00","12583","16307","","","",""
"Men Urban Boots","DL-05T","","0","350.00","750.00","0.00","12584","16307","","","",""
"Men Urban Boots","DL-05T","","0","350.00","750.00","0.00","12585","16307","","","",""
"Men Urban Boots","DL-05T","","0","350.00","750.00","0.00","12586","16307","","","",""
"Men Urban Boots","DL-05T","","1","350.00","750.00","0.00","12587","16307","","","",""
"Men Urban Boots","DL-05T","","0","350.00","750.00","0.00","12588","16307","","","",""
"Bracelet - Mink","BV-05","BV-05-M","1","0.00","0.00","12.50","12589","16308","","","",""
"Bracelet - Mink","BV-05","BV-05-M","1","0.00","0.00","13.00","12590","16308","","","",""
"Bracelet - Mink","BV-05","BV-05-L","1","0.00","0.00","13.75","12591","16308","","","",""
"Pompoms","POMPOMS","","1","0.00","0.00","8.00","12731","16370","","","",""
"Pompoms","POMPOMS","","1","0.00","0.00","12.00","12732","16370","","","",""
"Pompoms","POMPOMS","","1","0.00","0.00","12.00","12733","16370","","","",""
"3mm Copper Ring","82642","","0","4.20","15.00","0.00","12745","16398","","","",""
"3mm Copper Ring","82642","","1","4.20","15.00","0.00","12746","16398","","","",""
"3mm Copper Ring","82642","","1","4.20","15.00","0.00","12747","16398","","","",""
"3mm Copper Ring","82642","","1","4.20","15.00","0.00","12748","16398","","","",""
"3mm Copper Ring","82642","","2","4.20","15.00","0.00","12749","16398","","","",""
"3mm Copper Ring","82642","","1","4.20","15.00","0.00","13008","16398","","","",""
"3mm Copper Ring","82642","","0","4.20","15.00","0.00","13009","16398","","","",""
"3mm Copper Ring","82642","","1","4.20","15.00","0.00","13010","16398","","","",""
"3mm Copper Ring","82642","","1","4.20","15.00","0.00","13020","16398","","","",""
"6mm Copper Ring","82644","","1","6.95","18.00","0.00","12751","16399","","","",""
"6mm Copper Ring","82644","","3","6.95","18.00","0.00","12752","16399","","","",""
"6mm Copper Ring","82644","","2","6.95","18.00","0.00","12753","16399","","","",""
"6mm Copper Ring","82644","","2","6.95","18.00","0.00","12754","16399","","","",""
"6mm Copper Ring","82644","","1","6.95","18.00","0.00","12755","16399","","","",""
"6mm Copper Ring","82644","","1","6.95","18.00","0.00","12756","16399","","","",""
"6mm Copper Ring","82644","","1","6.95","18.00","0.00","12757","16399","","","",""
"6mm Copper Ring","82644","","1","6.95","18.00","0.00","13011","16399","","","",""
"8mm Hammered Copper Ring","82646","","2","7.79","20.00","0.00","12758","16400","","","",""
"8mm Hammered Copper Ring","82646","","2","7.79","20.00","0.00","12759","16400","","","",""
"8mm Hammered Copper Ring","82646","","0","7.79","20.00","0.00","12760","16400","","","",""
"8mm Hammered Copper Ring","82646","","2","7.79","20.00","0.00","12761","16400","","","",""
"8mm Hammered Copper Ring","82646","","0","7.79","20.00","0.00","12762","16400","","","",""
"8mm Hammered Copper Ring","82646","","0","7.79","20.00","0.00","12763","16400","","","",""
"8mm Hammered Copper Ring","82646","","1","7.79","20.00","0.00","12764","16400","","","",""
"8mm Hammered Copper Ring","82646","","1","7.79","20.00","0.00","13012","16400","","","",""
"Marble Horse","HORSE","","2","80.00","160.00","0.00","","16441","","","",""
"Brooch Arnaktauyok","BROOCH","","7","40.00","80.00","0.00","","16449","","","",""
"Matted Print - Ice Dream","A12050-POD2559","","2","7.50","20.00","0.00","","16450","","","",""
"Matted Print - Returning","A10044-POD2572","","2","7.50","20.00","0.00","","16452","","","",""
"Canvas - Early evening flowing into fall","W12018-POD2551C","","4","17.00","40.00","0.00","","16454","","","",""
"Canvas - New Fire","A01033-POD2581C","","3","17.00","40.00","0.00","","16457","","","",""
"Canvas - The Return","A10044-POD2572C","","2","17.00","40.00","0.00","","16458","","","",""
"Canvas - Winter Wolves","W12008-POD2581C","","4","17.00","40.00","0.00","","16460","","","",""
"Matted Print - Sky Sisters","A10012-POD2565","","2","7.50","20.00","0.00","","16463","","","",""
"Pochette Tissus","","","3","0.00","0.00","0.00","","16479","","","",""
"Pierre fee xl","","","5","0.00","24.00","0.00","","16481","","","",""
"Canvas - In Her World","W13026-20079C","","2","17.00","40.00","0.00","","16504","","","",""
"Woven Leather Bracelet","BR-CT","","14","0.00","0.00","7.50","12802","16517","","","",""
"Woven Leather Bracelet","BR-CT","","16","0.00","0.00","9.75","12803","16517","","","",""
"Woven Leather Bracelet","BR-CT","","0","0.00","0.00","9.75","12804","16517","","","",""
"The Protector","POD2884magnets","","15","2.80","6.95","0.00","","16530","","","",""
"Early Evening Flowing into Fall","POD2551magnets","","23","2.80","6.95","0.00","","16531","","","",""
"Refuge","POD2571magnets","","2","2.80","6.95","0.00","","16532","","","",""
"Hematite Bracelet","BR-HEMATITE","","10","5.21","12.00","0.00","","16537","","","",""
"Joni Cape Dress ""Lapinx""","WDR1101NC0EA","","1","59.50","139.00","0.00","12820","16545","","","",""
"Joni Cape Dress ""Lapinx""","WDR1101NC0EA","","1","59.50","139.00","0.00","12821","16545","","","",""
"Joni Cape Dress ""Lapinx""","WDR1101NC0EA","","1","59.50","139.00","0.00","12822","16545","","","",""
"Joni Cape Dress ""Lapinx""","WDR1101NC0EA","","1","59.50","139.00","0.00","12823","16545","","","",""
"Joni Cape Dress ""Lapinx""","WDR1101NC0EA","","0","59.50","139.00","0.00","12824","16545","","","",""
"Magnetic Hematite Bracelet","BMH6","","6","5.21","12.00","0.00","","16551","","","",""
"Rings","CRings","","18","3.00","6.00","0.00","","16554","","","",""
"Suede Pouch ""Depth""","UAC71001NC02A","","3","11.00","29.00","0.00","","16575","","","",""
"Suede Pouch ""Gezaluwejit""","UAC71001NC0TA","","2","11.00","29.00","0.00","","16576","","","",""
"Leather Card Holder","222","","4","7.75","18.00","0.00","12853","16596","","","",""
"Leather Card Holder","222","","3","7.75","18.00","0.00","12854","16596","","","",""
"Leather Wallet","560","","11","8.75","22.00","0.00","12855","16598","","","",""
"Leather Wallet","560","","12","8.75","22.00","0.00","12856","16598","","","",""
"Leather Medicine Pouch","7LX","","15","7.75","18.00","0.00","","16599","","","",""
"Leather Medicine Pouch","8LX","","6","9.75","23.00","0.00","13452","16600","","","",""
"Leather Medicine Pouch","8LX","","9","9.75","23.00","0.00","13453","16600","","","",""
"Early Evening Flowing Into Fall 8x10 matted print","","","25","0.00","0.00","0.00","","16625","","","",""
"Early Evening Flowing Into Fall 8x10 matted print","","","25","0.00","0.00","0.00","","16626","","","",""
"White Leather Mittens","K-310WH","","6","84.00","194.00","0.00","","16636","","","",""
"Obsidian Pendulum","OBSIPEN","","6","10.00","25.00","0.00","","16637","","","",""
"Obsidian Mirror","OBSIMIR","","4","20.00","65.00","0.00","","16638","","","",""
"Obsidian for Eyes","OBSIEYE","","3","12.00","25.00","0.00","","16639","","","",""
"Palo Santo / Sage","PALOSAGE","","12","8.45","19.50","0.00","","16658","","","",""
"Mink Fur Key Chain","MFKC","","8","5.00","10.95","0.00","","16679","","","",""
"Carried Away","POD105832magnets","","1","2.80","6.95","0.00","","16683","","","",""
"Canvas - Earth keeper","POD2552C","","3","17.00","40.00","0.00","","16684","","","",""
"Canvas - Teachings","POD2577C","","2","17.00","40.00","0.00","","16685","","","",""
"Earrings","BOFRANCINE","","7","0.00","0.00","30.00","12986","16697","","","",""
"Earrings","BOFRANCINE","","1","0.00","0.00","25.00","12987","16697","","","",""
"Sterling Silver Bracelet","22285","22285-7","2","0.00","0.00","20.56","12992","16721","","","",""
"Sterling Silver Bracelet","22285","8\\\""","1","0.00","0.00","22.69","12993","16721","","","",""
"Sterling Silver Bracelet","22285","9\\\""","0","0.00","0.00","25.00","12994","16721","","","",""
"Matted Print - Wisdom Keepers","A16059-POD2582","","3","7.50","20.00","0.00","","16861","","","",""
"Charge surplus sur échange","","","2","0.00","40.00","0.00","","16876","","","",""
"Protect the Earth Dream Catcher","DC861","","3","6.25","14.95","0.00","","16910","","","",""
"Protect the Earth Dream Catcher","DC862","","2","6.25","14.95","0.00","","16911","","","",""
"Protect the Earth Dream Catcher","DC863","","2","6.25","14.95","0.00","","16912","","","",""
"Beaded Dream Catcher","DC301","DC301BLK","0","14.00","32.95","0.00","13109","16913","","","",""
"Beaded Dream Catcher","DC301","DC301GRY","2","14.00","32.95","0.00","13110","16913","","","",""
"Beaded Dream Catcher","DC301","DC301BRN","3","14.00","32.95","0.00","13111","16913","","","",""
"Beaded Dream Catcher","DC301","DC301TAN","0","14.00","32.95","0.00","13112","16913","","","",""
"""Seasons"" Dream Catcher","DCW6","","2","58.25","134.00","0.00","","16914","","","",""
"Oyster Shell Dream Catcher","DC1450","","6","9.50","22.95","0.00","","16916","","","",""
"Twig Dream Catcher","DCTW1","","3","6.00","16.95","0.00","","16919","","","",""
"Twig Dream Catcher","DCTW2","","3","8.75","16.95","0.00","","16920","","","",""
"Feathered Earrings","MFE2","","4","2.50","5.95","0.00","","16924","","","",""
"Feathered Earrings","MFE3","","3","2.50","5.95","0.00","","16925","","","",""
"Feathered Earrings","MFE4","","4","2.50","5.95","0.00","","16926","","","",""
"Feathered Earrings","MFE5","","2","2.50","5.95","0.00","","16927","","","",""
"Feathered Earrings","MFE6","","3","2.50","5.95","0.00","","16928","","","",""
"DC6 Pendant","DC6-P","","3","5.25","14.00","0.00","","16930","","","",""
"DC8 Pendant","DC8-P","","3","5.25","14.00","0.00","","16932","","","",""
"DC1430 Earrings","DC1430","","4","6.25","14.95","0.00","","16949","","","",""
"DC1430 Necklace","DC1430-P","","7","4.25","10.95","0.00","","16960","","","",""
"DC1431 Necklace","DC1431-P","","9","4.25","10.95","0.00","","16961","","","",""
"DC1432 Necklace","DC1432-P","","2","7.50","17.95","0.00","","16962","","","",""
"Beaded Choker","MN213","","3","8.00","18.95","0.00","","16967","","","",""
"Beaded Bracelet","WR212","","3","5.50","12.95","0.00","","16968","","","",""
"Beaded Bracelet","WR213","","3","5.50","12.95","0.00","","16969","","","",""
"Beaded Moccasins","MINIMOCS","","16","35.00","80.00","0.00","","16978","","","",""
"Dreamweaver CD","Dreamweaver","","14","10.00","15.00","0.00","","16979","","","",""
"Incense Burners","INCENSEBURNER","BR03","4","16.50","40.00","0.00","13129","16980","","","",""
"Incense Burners","INCENSEBURNER","","2","16.50","40.00","0.00","13130","16980","","","",""
"Incense Burners","INCENSEBURNER","","3","16.50","40.00","0.00","13131","16980","","","",""
"Incense Burners","INCENSEBURNER","","5","16.50","40.00","0.00","13132","16980","","","",""
"Incense Burners","INCENSEBURNER","","2","16.50","40.00","0.00","13371","16980","","","",""
"Ceremonial Bundle Pouches","BRPR0002","","4","11.00","13.75","0.00","","16983","","","",""
"Beaded Earrings","BOMARTINE","","5","37.50","75.00","0.00","","16986","","","",""
"Card - Geese Spirit","A10046-POD2553","","14","2.75","6.35","0.00","","16990","","","",""
"Card - Merging Earth and Sky","A10004-POD2561","","12","2.75","6.35","0.00","","16991","","","",""
"Canvas - Roots of Another World","20086","","3","17.00","40.00","0.00","","16996","","","",""
"Matted Print - A Moose and Goose","A08007-POD2548","","2","7.50","20.00","0.00","","17040","","","",""
"Beaded Earrings","66970","","2","37.15","95.00","0.00","","17162","","","",""
"4.7mm Hammered Copper Ring","84032","","0","8.70","22.00","0.00","13234","17182","","","",""
"4.7mm Hammered Copper Ring","84032","","0","8.70","22.00","0.00","13235","17182","","","",""
"4.7mm Hammered Copper Ring","84032","","1","8.70","22.00","0.00","13236","17182","","","",""
"4.7mm Hammered Copper Ring","84032","","0","8.70","22.00","0.00","13237","17182","","","",""
"4.7mm Hammered Copper Ring","84032","","0","8.70","22.00","0.00","13238","17182","","","",""
"4.7mm Hammered Copper Ring","84032","","0","8.70","22.00","0.00","13239","17182","","","",""
"4.7mm Hammered Copper Ring","84032","","1","8.70","22.00","0.00","13240","17182","","","",""
"4.7mm Hammered Copper Ring","84032","","1","8.70","22.00","0.00","13241","17182","","","",""
"4.7mm Hammered Copper Ring","84032","","0","8.70","22.00","0.00","13242","17182","","","",""
"4.7mm Hammered Copper Ring","84032","","0","8.70","22.00","0.00","13243","17182","","","",""
"3.2mm Flat Edge Copper Ring","84033","","0","6.52","18.00","0.00","13244","17183","","","",""
"3.2mm Flat Edge Copper Ring","84033","","0","6.52","18.00","0.00","13245","17183","","","",""
"3.2mm Flat Edge Copper Ring","84033","","1","6.52","18.00","0.00","13246","17183","","","",""
"3.2mm Flat Edge Copper Ring","84033","","1","6.52","18.00","0.00","13247","17183","","","",""
"3.2mm Flat Edge Copper Ring","84033","","1","6.52","18.00","0.00","13248","17183","","","",""
"3.2mm Flat Edge Copper Ring","84033","","1","6.52","18.00","0.00","13249","17183","","","",""
"3.2mm Flat Edge Copper Ring","84033","","1","6.52","18.00","0.00","13250","17183","","","",""
"3.2mm Flat Edge Copper Ring","84033","","0","6.52","18.00","0.00","13251","17183","","","",""
"3.2mm Flat Edge Copper Ring","84033","","0","6.52","18.00","0.00","13252","17183","","","",""
"3.2mm Flat Edge Copper Ring","84033","","0","6.52","18.00","0.00","13253","17183","","","",""
"Turquoise Ring","84039","","0","18.37","48.00","0.00","13269","17185","","","",""
"Turquoise Ring","84039","","1","18.37","48.00","0.00","13270","17185","","","",""
"Turquoise Ring","84039","","1","18.37","48.00","0.00","13271","17185","","","",""
"Turquoise Ring","84039","","1","18.37","48.00","0.00","13272","17185","","","",""
"Sterling Silver Bracelet","23707","","2","47.34","120.00","0.00","","17201","","","",""
"Card - Sky Sisters","A10012-7","","219","2.50","5.50","0.00","","17226","","","",""
"Sherpa Baby Blanket ""Nibi""","NIBI600OS-07","","2","51.00","85.00","0.00","","17231","","","",""
"Elastic Navaho Turquoise","","","2","0.00","75.00","0.00","","17237","","","",""
"Beaded Anklets","Guaklets","Beaded Anklet 1","34","0.00","0.00","0.00","13361","17268","","","",""
"Beaded Anklets","Guaklets","Beaded Anklet 2","12","0.00","0.00","0.00","13362","17268","","","",""
"Beaded Anklets","Guaklets","","22","0.00","0.00","0.00","13367","17268","","","",""
"Beaded Anklets","Guaklets","","7","0.00","0.00","0.00","13368","17268","","","",""
"Beaded Necklaces","Guacolli","Beaded Necklace 1 ","10","0.00","0.00","0.00","13365","17269","","","",""
"Beaded Necklaces","Guacolli","Beaded Necklace 2","8","0.00","0.00","0.00","13366","17269","","","",""
"Incense Holders","JRIH","","2","24.00","56.50","0.00","13372","17276","","","",""
"Incense Holders","JRIH","","2","24.00","56.50","0.00","13373","17276","","","",""
"Incense Holder Canoe","JRIHC","","4","34.50","79.95","0.00","","17277","","","",""
"Worry Dolls","JRIH","","5","7.50","15.95","0.00","","17278","","","",""
"Embroided Coin Purse","JRCPB","","6","20.00","42.00","0.00","","17279","","","",""
"Beaded Necklace","MN809","","3","8.00","18.95","0.00","","17282","","","",""
"Beaded Earrings","ME805","","3","5.00","11.95","0.00","","17284","","","",""
"Beaded Necklace","MN805","","2","8.00","18.95","0.00","","17285","","","",""
"Beaded Bracelet","WR805","","3","5.50","12.95","0.00","","17286","","","",""
"Beaded Bracelet","WR809","","2","5.50","12.95","0.00","","17287","","","",""
"Beaded Bracelet - Soul Sisters","FRBR6","","2","8.25","18.95","0.00","","17288","","","",""
"Beaded Bracelet - Dearest Mama","FRBR3","","2","8.25","18.95","0.00","","17289","","","",""
"Stone Spiral Key Chain","KCC12","","6","175.00","4.00","0.00","","17293","","","",""
"Stone Spiral Necklace","CJD12","","8","175.00","4.00","0.00","","17294","","","",""
"Exfoliating Face Cream","CVEMT1","","3","27.50","55.00","0.00","","17316","","","",""
"Stones - Earth","ESR","","15","1.70","3.95","0.00","","17335","","","",""
"Beaded Bracelet","BR8","","8","3.30","20.00","0.00","","17337","","","",""
"Beaded Bracelet","BR10","","8","3.30","22.00","0.00","","17338","","","",""
"""Kwe"" Blanket","KWE600OS-01","","2","105.00","198.00","0.00","","17357","","","",""
