"Product name","Reference code","Product ID","Combinations (Attribute - value pair)","Product Combinations ID","Show price","Pre-tax wholesale price","Pre-tax retail price","Retail price with tax","Final price (with-tax)","Quantity"
"Card - Eagle Moon","A01030-7","14","Carte - Lune de l'Aigle","","1","2.50","5.50","6.32","6.32","121"
"Card - Giving Thanks","A01028-POD2555","17","Carte - Rendre Grâce","","1","2.75","6.35","7.30","7.30","3"
"Card - Honoring the Giver of Life","A01031","20","Carte - Hommage à la Source de Vie","","1","2.50","5.50","6.32","6.32","184"
"Card - Moon Wisdom","A01032-7","23","Carte - Sagesse de la Lune","","1","2.50","5.50","6.32","6.32","63"
"Card - Teachings","A01036-7","30","Carte - Le Chant du Tambour","","1","2.50","5.50","6.32","6.32","28"
"Card - Strength Within","A01035-7","34","Carte - La force Intérieur","","1","2.50","5.50","6.32","6.32","353"
"Card - Reaching Out","A01034-POD2570","35","Carte - Chaleur de Terre","","1","2.75","6.35","7.30","7.30","5"
"Card - Trust","A01037-7","40","Carte - La Confiance","","1","2.50","5.50","6.32","6.32","124"
"Card - Whisper","A08011-7","44","Carte - Murmure","","1","2.50","5.50","6.32","6.32","98"
"Card - A Moose and Goose","A08007-POD2548","47","Carte - Un Orignal et une Outarde","","1","2.75","6.35","7.30","7.30","13"
"Card - Sky Sisters","A10012-POD2565","51","Carte - Nos Soeurs du Ciel","","1","2.75","6.35","7.30","7.30","15"
"Card - Merging Earth and Sky","A10004-7","54","Carte - Fusion Entre Terre et Ciel","","1","2.50","5.50","6.32","6.32","209"
"Card - Geese Spirit","A10046-7","58","Carte - L'Esprit de l'Outarde","","1","2.50","5.50","6.32","6.32","0"
"Card - New Day","A08013-POD2584","61","Carte - Nouveau Jour","","1","2.75","6.35","7.30","7.30","9"
"Card - Patience","A08045-20084","64","Carte - Patience","","1","2.75","6.35","7.30","7.30","10"
"Card - Birth of Eagle Shadow","A01029-POD2882","67","Carte - Naissance de l'Ombre de l'Aigle","","1","2.75","6.35","7.30","7.30","12"
"Card - Unity","A08019-POD2886","70","Carte - Union","","1","2.75","6.35","7.30","7.30","14"
"Card - River Keeper","A09006-POD2579","73","Carte - La Gardienne de l'Eau","","1","2.75","6.35","7.30","7.30","15"
"Card - Rebirth","A04015-20085","76","Carte - Renaissance","","1","2.75","6.35","7.30","7.30","23"
"Card - Nostalgia","A04039-7","79","Carte - Nostalgia","","1","2.50","5.50","6.32","6.32","0"
"Card - Passage","W13025-POD2569","85","Carte - Passage","","1","2.75","6.35","7.30","7.30","7"
"Card - Breath of Life","W12024-20076","88","Carte - Souffle de Vie","","1","2.75","6.35","7.30","7.30","0"
"Card - Winter Wolves","W12008-POD2581","95","Carte - Loups d'Hiver","","1","2.75","6.35","7.30","7.30","11"
"Card - Gate of Silk","W12014-7","101","Carte - Portail de Soie","","1","2.50","5.50","6.32","6.32","0"
"Card - Earth Keeper","W12005-POD2552","104","Carte - Gardienne de la Terre","","1","2.75","6.35","7.30","7.30","10"
"Card - Going Home","W12016-POD2556","107","Carte - Retour Chez Soi","","1","2.75","6.35","7.30","7.30","10"
"Card - Early Evening Flowing Into Fall","W12018-POD2551","113","Carte - Soirée Glissant Vers l'Automne","","1","2.75","6.35","7.30","7.30","9"
"Card - The Protector","A00048-7-POD2884","251","Carte - Le Protecteur","","1","2.75","6.35","7.30","7.30","14"
"Card - Sky Girl","A01003-POD2575","257","Carte - Fille du Ciel","","1","2.75","6.35","7.30","7.30","18"
"Card - Passing Through","A04060-20083","262","Carte - Traversée","","1","2.75","6.35","7.30","7.30","8"
"Card - Tranquility","A09054-20087","268","Carte - Tranquillité","","1","2.75","6.35","7.30","7.30","12"
"Card - The Return","A10044-POD2572","285","Carte - Le Retour","","1","2.75","6.35","7.30","7.30","19"
"Card - Otherness","A13056-POD2568","290","Carte - Altérité","","1","2.75","6.35","7.30","7.30","7"
"Card - Origins","A13057-POD2567","294","Carte - Origines","","1","2.75","6.35","7.30","7.30","7"
"Card - Northern Keepers","A16051-POD2566","299","Carte - Gardiens du Nord","","1","2.75","6.35","7.30","7.30","3"
"Card - Zenith","A16052-POD2586","304","Carte - Zénith","","1","2.75","6.35","7.30","7.30","20"
"Card - Silent Seekers","A16058-POD2574","309","Carte - En quête de silence","","1","2.75","6.35","7.30","7.30","8"
"Card - Wisdom Keepers","A16059-POD2582","313","Carte - Gardiens de la Sagesse","","1","2.75","6.35","7.30","7.30","0"
"Card - Messenger","A95053-20081","315","Carte - Messager","","1","2.75","6.35","7.30","7.30","16"
"Card - Gezaluwejit","A14051-POD2554","318","Carte - Gezaluwejit","","1","2.75","6.35","7.30","7.30","11"
"Card - In Her World","W13026-7","321","Carte - Dans Son Monde","","1","2.50","5.50","6.32","6.32","7"
"Card - Inner Memories","W13047-POD2560","324","Carte - Mémoires Ancestrales","","1","2.75","6.35","7.30","7.30","11"
"Card - Curiously","A11052-7","331","Carte - Curieusement","","1","2.50","5.50","6.32","6.32","0"
"Card - Ice Dream","A12050-POD2559","332","Carte - Rêve de Glace","","1","2.75","6.35","7.30","7.30","7"
"Card - Playing With Shadows","W13027-7","335","Carte - Jeux d'Ombres","","1","2.50","5.50","6.32","6.32","0"
"Card - Roots Of Another World","W13053-20086","338","Carte - Racines d'un Autre Monde","","1","2.75","6.35","7.30","7.30","12"
"Card - Harmony","A01038-7","341","Carte - Harmonie","","1","2.50","5.50","6.32","6.32","99"
"Card - Sharing","A01040-7","344","Carte - Partage","","1","2.50","5.50","6.32","6.32","230"
"Card - Carried Away","A13042-POD2549","347","Carte - Emportée","","1","2.75","6.35","7.30","7.30","0"
"Card - Water and Spirit Buffalo","W13023-POD2887","350","Carte - Eau et Esprit du Bison","","1","2.75","6.35","7.30","7.30","6"
"Small Print - Eagle Moon","A01030-6","607","Petite Repro - Lune de l'Aigle","","1","10.87","25.00","28.74","28.74","0"
"Matted Print - Giving Thanks","A01028-POD2555","608","Impression avec Passe-Partout - Rendre Grâce","","1","7.50","20.00","23.00","23.00","1"
"Small Print - Honoring the Giver of Life","A01031-6","609","Petite Repro - Hommage à la Source de Vie","","1","10.87","25.00","28.74","28.74","19"
"Small Print - Moon Wisdom","A01032-6","610","Petite Repro - Sagesse de la Lune","","1","10.87","25.00","28.74","28.74","73"
"Small Print - New Fire","A01033-6","611","Petite Repro - Nouveau Feu","","1","10.87","25.00","28.74","28.74","87"
"Small Print - Teachings","A01036-6","612","Petite Repro - Le Chant du Tambour","","1","10.87","25.00","28.74","28.74","94"
"Small Print - Trust","A01037-6","615","Petite Repro - La Confiance","","1","10.87","25.00","28.74","28.74","2"
"Small Print - Whisper","A08011-6","616","Petite Repro - Murmure","","1","10.87","25.00","28.74","28.74","0"
"Small Print - A Moose and Goose","A08007-6","617","Petite Repro - Un Orignal et une Outarde","","1","10.87","25.00","28.74","28.74","0"
"Small Print - Sky Sisters","A10012-6","618","Petite Repro - Nos Soeurs du Ciel","","1","10.87","25.00","28.74","28.74","1"
"Small Print - Merging Earth and Sky","A10004-6","619","Petite Repro - Fusion Entre Terre et Ciel","","1","10.87","25.00","28.74","28.74","0"
"Matted Print - New Day","A08013-POD2584","621","Impression avec Passe-Partout - Nouveau Jour","","1","7.50","20.00","23.00","23.00","0"
"Matted Print - Patience","A08045-20084","622","Impression avec Passe-Partout - Patience","","1","7.50","20.00","23.00","23.00","1"
"Small Print - Birth of an Eagle Shadow","A01029-6","623","Petite Repro - Naissance de l'Ombre de l'Aigle","","1","10.87","25.00","28.74","28.74","4"
"Small Print - Unity","A08019-6","624","Petite Repro - Union","","1","10.87","25.00","28.74","28.74","0"
"Small Print - River Keeper","A09006-6","625","Petite Repro - La Gardienne de l'Eau","","1","10.87","25.00","28.74","28.74","38"
"Small Print - Rebirth","A04015-6","626","Petite Repro - Renaissance","","1","10.87","25.00","28.74","28.74","0"
"Small Print - Nostalgia","A04039-6","627","Petite Repro - Nostalgia","","1","10.87","25.00","28.74","28.74","13"
"Small Print - Journey to the Spirit World","A07020-6","628","Petite Repro - Voyage Vers le Monde du Songe","","1","10.87","25.00","28.74","28.74","6"
"Small Print - Breath of Life","W12024-6","630","Petite Repro - Souffle de Vie","","1","10.87","25.00","28.74","28.74","71"
"Small Print - Synchronicity","W12017-6","631","Petite Repro - Synchronicité","","1","10.87","25.00","28.74","28.74","66"
"Small Print - Winter Wolves","W12008-6","632","Petite Repro - Loups d'Hiver","","1","10.87","25.00","28.74","28.74","24"
"Small Print - Dialogue","W12001-6","633","Petite Repro - Dialogue","","1","10.87","25.00","28.74","28.74","9"
"Small Print - Gate of Silk","W12014-6","634","Petite Repro - Portail de Soie","","1","10.87","25.00","28.74","28.74","6"
"Small Print - Earth Keeper","W12005-6","635","Petite Repro - Gardienne de la Terre","","1","10.87","25.00","28.74","28.74","42"
"Small Print - Going Home","W12016-6","636","Petite Repro - Retour Chez Soi","","1","10.87","25.00","28.74","28.74","9"
"Small Print - Early Evening Flowing Into Fall","W12018-6","638","Petite Repro - Soirée Glissant Vers l'Automne","","1","10.87","25.00","28.74","28.74","11"
"Small Print - The Protector","A00048-6","640","Petite Repro - Le Protecteur","","1","10.87","25.00","28.74","28.74","3"
"Small Print - Sky Girl","A01003-6","641","Petite Repro - Fille du Ciel","","1","10.87","25.00","28.74","28.74","7"
"Small Print - Passing Through","A04060-6","642","Petite Repro - Traversée","","1","10.87","25.00","28.74","28.74","0"
"Small print - Tranquility","A09054-6","643","Petite repro - Tranquillité","","1","10.87","25.00","28.74","28.74","5"
"Small Print - Abundance","A16055-6","644","Petite Repro - Abondance","","1","10.87","25.00","28.74","28.74","12"
"Small Print - Lapinx","A13041-6","645","Petite Repro - Lapinx","","1","10.87","25.00","28.74","28.74","14"
"Small Print - Returning","A10044-6","646","Petite Repro - Le Retour","","1","10.87","25.00","28.74","28.74","4"
"Small print - Otherness","A13056-6","647","Petite repro - Altérité","","1","10.87","25.00","28.74","28.74","12"
"Small Print - Origins","A13057-6","648","Petite Repro - Origines","","1","10.87","25.00","28.74","28.74","10"
"Matted Print - Northern Keepers","A16051-POD2566","649","Impression avec Passe-Partout - Gardiens du Nord","","1","7.50","20.00","23.00","23.00","1"
"Small Print - Silent Seekers","A16058-6","651","Petite Repro - En Quête de Silence","","1","10.87","25.00","28.74","28.74","9"
"Small Print - Wisdom Keepers","A16059-6","652","Petite Repro - Gardiens de la Sagesse","","1","10.87","25.00","28.74","28.74","0"
"Small Print - Messenger","A95053-6","653","Petite repro - Messager","","1","10.87","25.00","28.74","28.74","3"
"Matted Print - Gezaluwejit","A14051-POD2554","654","Impression avec Passe-Partout - Gezaluwejit","","1","7.50","20.00","23.00","23.00","3"
"Small Print - In Her World","W13026-6","655","Petite Repro - Dans son Monde","","1","10.87","25.00","28.74","28.74","15"
"Small Print - Ice Dream","A12050-6","658","Petite Repro - Rêve de Glace","","1","10.87","25.00","28.74","28.74","0"
"Small Print - Playing With Shadows","W13027-6","659","Petite Repro - Jeux d'Ombres","","1","10.87","25.00","28.74","28.74","15"
"Small Print - Roots Of Another World","A13053-6","660","Petite Repro - Racines d'un Autre Monde","","1","10.87","25.00","28.74","28.74","8"
"Small Print - Harmony","A01038-6","661","Petite Repro - Harmonie","","1","10.87","25.00","28.74","28.74","50"
"Small Print - Water and Spirit Buffalo","W13023-6","664","Petite Repro - Eau et Esprit du Bison","","1","10.87","25.00","28.74","28.74","11"
"Ltd Edition - Eagle Moon","A01030-2","665","Édition Ltée - Lune de l'Aigle : Options d'encadrement - Sans cadre","1593","1","0.00","0.00","0.00","195.46","2"
"Ltd Edition - Eagle Moon","A01030-2","665","Édition Ltée - Lune de l'Aigle : Options d'encadrement - Cadre rustique noir 1""","1594","1","0.00","0.00","0.00","385.17","0"
"Ltd Edition - Eagle Moon","A01030-2","665","Édition Ltée - Lune de l'Aigle : Options d'encadrement - Cadre rustique brun 1""","1595","1","0.00","0.00","0.00","385.17","0"
"Ltd Edition - Eagle Moon","A01030-2","665","Édition Ltée - Lune de l'Aigle : Options d'encadrement - Cadre rustique gris 1""","1596","1","0.00","0.00","0.00","385.17","0"
"Ltd Edition - Honoring the Giver of Life","A01031-2","667","Édition Ltée - Hommage à la Source de Vie : Options d'encadrement - Sans cadre","1601","1","0.00","0.00","0.00","195.46","2"
"Ltd Edition - Honoring the Giver of Life","A01031-2","667","Édition Ltée - Hommage à la Source de Vie : Options d'encadrement - Cadre rustique noir 1""","1602","1","0.00","0.00","0.00","385.17","0"
"Ltd Edition - Honoring the Giver of Life","A01031-2","667","Édition Ltée - Hommage à la Source de Vie : Options d'encadrement - Cadre rustique brun 1""","1603","1","0.00","0.00","0.00","385.17","0"
"Ltd Edition - Honoring the Giver of Life","A01031-2","667","Édition Ltée - Hommage à la Source de Vie : Options d'encadrement - Cadre rustique gris 1""","1604","1","0.00","0.00","0.00","385.17","0"
"Ltd Edition - Moon Wisdom","A01032-2","668","Édition Ltée - Sagesse de la Lune : Options d'encadrement - Sans cadre","1605","1","0.00","0.00","0.00","195.46","2"
"Ltd Edition - Moon Wisdom","A01032-2","668","Édition Ltée - Sagesse de la Lune : Options d'encadrement - Cadre rustique brun 1""","1606","1","0.00","0.00","0.00","385.17","0"
"Ltd Edition - Moon Wisdom","A01032-2","668","Édition Ltée - Sagesse de la Lune : Options d'encadrement - Cadre rustique noir 1""","1607","1","0.00","0.00","0.00","385.17","0"
"Ltd Edition - Moon Wisdom","A01032-2","668","Édition Ltée - Sagesse de la Lune : Options d'encadrement - Cadre rustique gris 1""","1608","1","0.00","0.00","0.00","385.17","0"
"Ltd Edition - New Fire","A01033-2","669","Édition Ltée - Nouveau Feu : Options d'encadrement - Sans cadre","1609","1","0.00","0.00","0.00","195.46","1"
"Ltd Edition - New Fire","A01033-2","669","Édition Ltée - Nouveau Feu : Options d'encadrement - Cadre rustique noir 1""","1610","1","0.00","0.00","0.00","385.17","0"
"Ltd Edition - New Fire","A01033-2","669","Édition Ltée - Nouveau Feu : Options d'encadrement - Cadre rustique brun 1""","1611","1","0.00","0.00","0.00","385.17","0"
"Ltd Edition - New Fire","A01033-2","669","Édition Ltée - Nouveau Feu : Options d'encadrement - Cadre rustique gris 1""","1612","1","0.00","0.00","0.00","385.17","0"
"Ltd Edition - Teachings","A01036-2","670","Édition Ltée - Le Chant du Tambour : Options d'encadrement - Sans cadre","1613","1","0.00","0.00","0.00","195.46","3"
"Ltd Edition - Teachings","A01036-2","670","Édition Ltée - Le Chant du Tambour : Options d'encadrement - Cadre rustique noir 1""","1614","1","0.00","0.00","0.00","385.17","0"
"Ltd Edition - Teachings","A01036-2","670","Édition Ltée - Le Chant du Tambour : Options d'encadrement - Cadre rustique brun 1""","1615","1","0.00","0.00","0.00","385.17","0"
"Ltd Edition - Teachings","A01036-2","670","Édition Ltée - Le Chant du Tambour : Options d'encadrement - Cadre rustique gris 1""","1616","1","0.00","0.00","0.00","385.17","0"
"Ltd Edition - Reaching Out","A01034-2","672","Édition Ltée - Chaleur de Terre : Options d'encadrement - Sans cadre","1617","1","0.00","0.00","0.00","195.46","1"
"Ltd Edition - Reaching Out","A01034-2","672","Édition Ltée - Chaleur de Terre : Options d'encadrement - Cadre rustique noir 1""","1618","1","0.00","0.00","0.00","385.17","0"
"Ltd Edition - Reaching Out","A01034-2","672","Édition Ltée - Chaleur de Terre : Options d'encadrement - Cadre rustique brun 1""","1619","1","0.00","0.00","0.00","385.17","0"
"Ltd Edition - Reaching Out","A01034-2","672","Édition Ltée - Chaleur de Terre : Options d'encadrement - Cadre rustique gris 1""","1620","1","0.00","0.00","0.00","385.17","0"
"Ltd Edition - A Moose and Goose","A08007-2","675","Édition Ltée - Un Orignal et une Outarde : Options d'encadrement - Sans cadre","1801","1","0.00","0.00","0.00","195.46","1"
"Ltd Edition - A Moose and Goose","A08007-2","675","Édition Ltée - Un Orignal et une Outarde : Options d'encadrement - Cadre rustique noir 1""","1802","1","0.00","0.00","0.00","385.17","0"
"Ltd Edition - A Moose and Goose","A08007-2","675","Édition Ltée - Un Orignal et une Outarde : Options d'encadrement - Cadre rustique brun 1""","1803","1","0.00","0.00","0.00","385.17","0"
"Ltd Edition - A Moose and Goose","A08007-2","675","Édition Ltée - Un Orignal et une Outarde : Options d'encadrement - Cadre rustique gris 1""","1804","1","0.00","0.00","0.00","385.17","0"
"Ltd Edition - Geese Spirit","A10046-2","678","Édition Ltée - L'Esprit de l'Outarde : Options d'encadrement - Sans cadre","1725","1","0.00","0.00","0.00","195.46","1"
"Ltd Edition - Geese Spirit","A10046-2","678","Édition Ltée - L'Esprit de l'Outarde : Options d'encadrement - Cadre rustique noir 1""","1726","1","0.00","0.00","0.00","385.17","0"
"Ltd Edition - Geese Spirit","A10046-2","678","Édition Ltée - L'Esprit de l'Outarde : Options d'encadrement - Cadre rustique brun 1""","1727","1","0.00","0.00","0.00","385.17","0"
"Ltd Edition - Geese Spirit","A10046-2","678","Édition Ltée - L'Esprit de l'Outarde : Options d'encadrement - Cadre rustique gris 1""","1728","1","0.00","0.00","0.00","385.17","0"
"Ltd Edition - Patience","A08045-2","680","Édition Ltée - Patience : Options d'encadrement - Sans cadre","1889","1","0.00","0.00","0.00","160.97","4"
"Ltd Edition - Patience","A08045-2","680","Édition Ltée - Patience : Options d'encadrement - Cadre rustique noir 1""","1890","1","0.00","0.00","0.00","350.68","0"
"Ltd Edition - Patience","A08045-2","680","Édition Ltée - Patience : Options d'encadrement - Cadre rustique brun 1""","1891","1","0.00","0.00","0.00","350.68","0"
"Ltd Edition - Patience","A08045-2","680","Édition Ltée - Patience : Options d'encadrement - Cadre rustique gris 1""","1892","1","0.00","0.00","0.00","350.68","0"
"Ltd Edition - Unity","A08019-2","682","Édition Ltée - Union : Options d'encadrement - Sans cadre","1805","1","0.00","0.00","0.00","195.46","2"
"Ltd Edition - Unity","A08019-2","682","Édition Ltée - Union : Options d'encadrement - Cadre rustique noir 1""","1806","1","0.00","0.00","0.00","385.17","0"
"Ltd Edition - Unity","A08019-2","682","Édition Ltée - Union : Options d'encadrement - Cadre rustique brun 1""","1807","1","0.00","0.00","0.00","385.17","0"
"Ltd Edition - Unity","A08019-2","682","Édition Ltée - Union : Options d'encadrement - Cadre rustique gris 1""","1808","1","0.00","0.00","0.00","385.17","0"
"Ltd Edition - River Keeper","A09006-2","683","Édition Ltée - La Gardienne de l'Eau : Options d'encadrement - Sans cadre","1909","1","0.00","0.00","0.00","178.21","2"
"Ltd Edition - River Keeper","A09006-2","683","Édition Ltée - La Gardienne de l'Eau : Options d'encadrement - Cadre rustique noir 1""","1910","1","0.00","0.00","0.00","367.92","0"
"Ltd Edition - River Keeper","A09006-2","683","Édition Ltée - La Gardienne de l'Eau : Options d'encadrement - Cadre rustique brun 1""","1911","1","0.00","0.00","0.00","367.92","0"
"Ltd Edition - River Keeper","A09006-2","683","Édition Ltée - La Gardienne de l'Eau : Options d'encadrement - Cadre rustique gris 1""","1912","1","0.00","0.00","0.00","367.92","0"
"Ltd Edition - Rebirth","A04015-2","684","Édition Ltée - Renaissance : Options d'encadrement - Sans cadre","1809","1","0.00","0.00","0.00","195.46","2"
"Ltd Edition - Rebirth","A04015-2","684","Édition Ltée - Renaissance : Options d'encadrement - Cadre rustique noir 1""","1810","1","0.00","0.00","0.00","385.17","0"
"Ltd Edition - Rebirth","A04015-2","684","Édition Ltée - Renaissance : Options d'encadrement - Cadre rustique brun 1""","1811","1","0.00","0.00","0.00","385.17","0"
"Ltd Edition - Rebirth","A04015-2","684","Édition Ltée - Renaissance : Options d'encadrement - Cadre rustique gris 1""","1812","1","0.00","0.00","0.00","385.17","0"
"Ltd Edition - Nostalgia","A04039-2","685","Édition Ltée - Nostalgia : Options d'encadrement - Sans cadre","1813","1","0.00","0.00","0.00","195.46","3"
"Ltd Edition - Nostalgia","A04039-2","685","Édition Ltée - Nostalgia : Options d'encadrement - Cadre rustique noir 1""","1814","1","0.00","0.00","0.00","385.17","0"
"Ltd Edition - Nostalgia","A04039-2","685","Édition Ltée - Nostalgia : Options d'encadrement - Cadre rustique gris 1""","1815","1","0.00","0.00","0.00","385.17","0"
"Ltd Edition - Nostalgia","A04039-2","685","Édition Ltée - Nostalgia : Options d'encadrement - Cadre rustique brun 1""","1816","1","0.00","0.00","0.00","385.17","0"
"Ltd Edition - Passage","W13025-2","687","Édition Ltée - Passage : Options d'encadrement - Sans cadre","1625","1","0.00","0.00","0.00","195.46","0"
"Ltd Edition - Passage","W13025-2","687","Édition Ltée - Passage : Options d'encadrement - Cadre rustique noir 1""","1626","1","0.00","0.00","0.00","385.17","0"
"Ltd Edition - Passage","W13025-2","687","Édition Ltée - Passage : Options d'encadrement - Cadre rustique brun 1""","1627","1","0.00","0.00","0.00","385.17","0"
"Ltd Edition - Passage","W13025-2","687","Édition Ltée - Passage : Options d'encadrement - Cadre rustique gris 1""","1628","1","0.00","0.00","0.00","385.17","0"
"Ltd Edition - Breath of life","W12024-2","688","Édition Ltée - Souffle de Vie : Options d'encadrement - Sans cadre","1729","1","0.00","0.00","0.00","195.46","1"
"Ltd Edition - Breath of life","W12024-2","688","Édition Ltée - Souffle de Vie : Options d'encadrement - Cadre rustique noir 1""","1730","1","0.00","0.00","0.00","385.17","0"
"Ltd Edition - Breath of life","W12024-2","688","Édition Ltée - Souffle de Vie : Options d'encadrement - Cadre rustique brun 1""","1731","1","0.00","0.00","0.00","385.17","0"
"Ltd Edition - Breath of life","W12024-2","688","Édition Ltée - Souffle de Vie : Options d'encadrement - Cadre rustique gris 1""","1732","1","0.00","0.00","0.00","385.17","0"
"Ltd Edition - Synchronicity","W12017-2","689","Édition Ltée - Synchronicité : Options d'encadrement - Sans cadre","1629","1","0.00","0.00","0.00","195.46","3"
"Ltd Edition - Synchronicity","W12017-2","689","Édition Ltée - Synchronicité : Options d'encadrement - Cadre rustique noir 1""","1630","1","0.00","0.00","0.00","385.17","0"
"Ltd Edition - Synchronicity","W12017-2","689","Édition Ltée - Synchronicité : Options d'encadrement - Cadre rustique gris 1""","1631","1","0.00","0.00","0.00","385.17","0"
"Ltd Edition - Synchronicity","W12017-2","689","Édition Ltée - Synchronicité : Options d'encadrement - Cadre rustique brun 1""","1632","1","0.00","0.00","0.00","385.17","0"
"Ltd Edition - Winter wolves","W12008-2","690","Édition Ltée - Loups d'Hiver : Options d'encadrement - Sans cadre","1733","1","0.00","0.00","0.00","195.46","0"
"Ltd Edition - Winter wolves","W12008-2","690","Édition Ltée - Loups d'Hiver : Options d'encadrement - Cadre rustique noir 1""","1734","1","0.00","0.00","0.00","385.17","0"
"Ltd Edition - Winter wolves","W12008-2","690","Édition Ltée - Loups d'Hiver : Options d'encadrement - Cadre rustique brun 1""","1735","1","0.00","0.00","0.00","385.17","0"
"Ltd Edition - Winter wolves","W12008-2","690","Édition Ltée - Loups d'Hiver : Options d'encadrement - Cadre rustique gris 1""","1736","1","0.00","0.00","0.00","385.17","0"
"Ltd Edition - Dialogue","W12001-2","691","Édition Ltée - Dialogue : Options d'encadrement - Sans cadre","1873","1","0.00","0.00","0.00","155.22","1"
"Ltd Edition - Dialogue","W12001-2","691","Édition Ltée - Dialogue : Options d'encadrement - Cadre rustique noir 1""","1874","1","0.00","0.00","0.00","350.68","0"
"Ltd Edition - Dialogue","W12001-2","691","Édition Ltée - Dialogue : Options d'encadrement - Cadre rustique brun 1""","1875","1","0.00","0.00","0.00","350.68","0"
"Ltd Edition - Dialogue","W12001-2","691","Édition Ltée - Dialogue : Options d'encadrement - Cadre rustique gris 1""","1876","1","0.00","0.00","0.00","350.68","0"
"Ltd Edition - Gate of Silk","W12014-2","692","Édition Ltée - Portail de Soie : Options d'encadrement - Sans cadre","1737","1","0.00","0.00","0.00","195.46","4"
"Ltd Edition - Gate of Silk","W12014-2","692","Édition Ltée - Portail de Soie : Options d'encadrement - Cadre rustique noir 1""","1738","1","0.00","0.00","0.00","385.17","0"
"Ltd Edition - Gate of Silk","W12014-2","692","Édition Ltée - Portail de Soie : Options d'encadrement - Cadre rustique brun 1""","1739","1","0.00","0.00","0.00","385.17","0"
"Ltd Edition - Gate of Silk","W12014-2","692","Édition Ltée - Portail de Soie : Options d'encadrement - Cadre rustique gris 1""","1740","1","0.00","0.00","0.00","385.17","0"
"Ltd Edition - Earth Keeper","W12005-2","693","Édition ltée - Gardienne de la Terre : Options d'encadrement - Sans cadre","1633","1","0.00","0.00","0.00","195.46","1"
"Ltd Edition - Earth Keeper","W12005-2","693","Édition ltée - Gardienne de la Terre : Options d'encadrement - Cadre rustique noir 1""","1634","1","0.00","0.00","0.00","385.17","0"
"Ltd Edition - Earth Keeper","W12005-2","693","Édition ltée - Gardienne de la Terre : Options d'encadrement - Cadre rustique brun 1""","1635","1","0.00","0.00","0.00","385.17","0"
"Ltd Edition - Earth Keeper","W12005-2","693","Édition ltée - Gardienne de la Terre : Options d'encadrement - Cadre rustique gris 1""","1636","1","0.00","0.00","0.00","385.17","0"
"Ltd Edition - Going Home","W12016-2","694","Édition Ltée - Retour chez Soi : Options d'encadrement - Sans cadre","1637","1","0.00","0.00","0.00","195.46","1"
"Ltd Edition - Going Home","W12016-2","694","Édition Ltée - Retour chez Soi : Options d'encadrement - Cadre rustique noir 1""","1638","1","0.00","0.00","0.00","385.17","0"
"Ltd Edition - Going Home","W12016-2","694","Édition Ltée - Retour chez Soi : Options d'encadrement - Cadre rustique brun 1""","1639","1","0.00","0.00","0.00","385.17","0"
"Ltd Edition - Going Home","W12016-2","694","Édition Ltée - Retour chez Soi : Options d'encadrement - Cadre rustique gris 1""","1640","1","0.00","0.00","0.00","385.17","0"
"Ltd Edition - Early Evening Flowing into Fall","W12018-2","696","Édition Ltée - Soirée Glissant vers l'Automne : Options d'encadrement - Sans cadre","1741","1","0.00","0.00","0.00","195.46","2"
"Ltd Edition - Early Evening Flowing into Fall","W12018-2","696","Édition Ltée - Soirée Glissant vers l'Automne : Options d'encadrement - Cadre rustique noir 1""","1742","1","0.00","0.00","0.00","385.17","0"
"Ltd Edition - Early Evening Flowing into Fall","W12018-2","696","Édition Ltée - Soirée Glissant vers l'Automne : Options d'encadrement - Cadre rustique brun 1""","1743","1","0.00","0.00","0.00","385.17","0"
"Ltd Edition - Early Evening Flowing into Fall","W12018-2","696","Édition Ltée - Soirée Glissant vers l'Automne : Options d'encadrement - Cadre rustique gris 1""","1744","1","0.00","0.00","0.00","385.17","0"
"Ltd Edition - The Protector","A00048-2","698","Édition Ltée - Le Protecteur : Options d'encadrement - Sans cadre","1653","1","0.00","0.00","0.00","195.46","2"
"Ltd Edition - The Protector","A00048-2","698","Édition Ltée - Le Protecteur : Options d'encadrement - Cadre rustique noir 1""","1654","1","0.00","0.00","0.00","385.17","0"
"Ltd Edition - The Protector","A00048-2","698","Édition Ltée - Le Protecteur : Options d'encadrement - Cadre rustique brun 1""","1655","1","0.00","0.00","0.00","385.17","0"
"Ltd Edition - The Protector","A00048-2","698","Édition Ltée - Le Protecteur : Options d'encadrement - Cadre rustique gris 1""","1656","1","0.00","0.00","0.00","385.17","0"
"Ltd Edition - Sky Girl","A01003-2","699","Édition Ltée - Fille du Ciel : Options d'encadrement - Sans cadre","1641","1","0.00","0.00","0.00","195.46","3"
"Ltd Edition - Sky Girl","A01003-2","699","Édition Ltée - Fille du Ciel : Options d'encadrement - Cadre rustique noir 1""","1642","1","0.00","0.00","0.00","385.17","0"
"Ltd Edition - Sky Girl","A01003-2","699","Édition Ltée - Fille du Ciel : Options d'encadrement - Cadre rustique brun 1""","1643","1","0.00","0.00","0.00","385.17","0"
"Ltd Edition - Sky Girl","A01003-2","699","Édition Ltée - Fille du Ciel : Options d'encadrement - Cadre rustique gris 1""","1644","1","0.00","0.00","0.00","385.17","0"
"Ltd Edition - Passing Through","A04060-2","700","Édition Ltée - Traversée : Options d'encadrement - Sans cadre","1817","1","0.00","0.00","0.00","195.46","1"
"Ltd Edition - Passing Through","A04060-2","700","Édition Ltée - Traversée : Options d'encadrement - Cadre rustique noir 1""","1818","1","0.00","0.00","0.00","385.17","0"
"Ltd Edition - Passing Through","A04060-2","700","Édition Ltée - Traversée : Options d'encadrement - Cadre rustique brun 1""","1819","1","0.00","0.00","0.00","385.17","0"
"Ltd Edition - Passing Through","A04060-2","700","Édition Ltée - Traversée : Options d'encadrement - Cadre rustique gris 1""","1820","1","0.00","0.00","0.00","385.17","0"
"Ltd Edition - Tranquility","A09054-2","701","Édition Ltée - Tranquillité : Options d'encadrement - Sans cadre","1645","1","0.00","0.00","0.00","195.46","2"
"Ltd Edition - Tranquility","A09054-2","701","Édition Ltée - Tranquillité : Options d'encadrement - Cadre rustique noir 1""","1646","1","0.00","0.00","0.00","385.17","0"
"Ltd Edition - Tranquility","A09054-2","701","Édition Ltée - Tranquillité : Options d'encadrement - Cadre rustique brun 1""","1647","1","0.00","0.00","0.00","385.17","0"
"Ltd Edition - Tranquility","A09054-2","701","Édition Ltée - Tranquillité : Options d'encadrement - Cadre rustique gris 1""","1648","1","0.00","0.00","0.00","385.17","0"
"Ltd Edition - Abundance","A16055-2","702","Édition Ltée - Abondance : Options d'encadrement - Sans cadre","1649","1","0.00","0.00","0.00","195.46","2"
"Ltd Edition - Abundance","A16055-2","702","Édition Ltée - Abondance : Options d'encadrement - Cadre rustique brun 1""","1650","1","0.00","0.00","0.00","385.17","0"
"Ltd Edition - Abundance","A16055-2","702","Édition Ltée - Abondance : Options d'encadrement - Cadre rustique noir 1""","1651","1","0.00","0.00","0.00","385.17","0"
"Ltd Edition - Abundance","A16055-2","702","Édition Ltée - Abondance : Options d'encadrement - Cadre rustique gris 1""","1652","1","0.00","0.00","0.00","385.17","0"
"Ltd Edition - Lapinx","A13041-2","703","Édition Ltée - Lapinx : Options d'encadrement - Cadre rustique noir 1""","1918","1","0.00","0.00","0.00","367.92","0"
"Ltd Edition - Lapinx","A13041-2","703","Édition Ltée - Lapinx : Options d'encadrement - Cadre rustique brun 1""","1919","1","0.00","0.00","0.00","367.92","0"
"Ltd Edition - Lapinx","A13041-2","703","Édition Ltée - Lapinx : Options d'encadrement - Cadre rustique gris 1""","1920","1","0.00","0.00","0.00","367.92","0"
"Ltd Edition - Lapinx","A13041-2","703","Édition Ltée - Lapinx : Options d'encadrement - Sans cadre 4.5"" x 13.25""","11347","1","0.00","0.00","0.00","178.21","2"
"Ltd Edition - Lapinx","A13041-2","703","Édition Ltée - Lapinx : Options d'encadrement - Sans cadre 6"" x 18""","11348","1","0.00","0.00","0.00","195.46","3"
"Ltd Edition - Otherness","A13056-2","705","Édition Ltée - Altérité : Options d'encadrement - Sans cadre","1877","1","0.00","0.00","0.00","160.97","2"
"Ltd Edition - Otherness","A13056-2","705","Édition Ltée - Altérité : Options d'encadrement - Cadre rustique noir 1""","1878","1","0.00","0.00","0.00","350.68","0"
"Ltd Edition - Otherness","A13056-2","705","Édition Ltée - Altérité : Options d'encadrement - Cadre rustique brun 1""","1879","1","0.00","0.00","0.00","350.68","0"
"Ltd Edition - Otherness","A13056-2","705","Édition Ltée - Altérité : Options d'encadrement - Cadre rustique gris 1""","1880","1","0.00","0.00","0.00","350.68","0"
"Ltd Edition - Origins","A13057-2","706","Édition Ltée - Origines : Options d'encadrement - Sans cadre","1821","1","0.00","0.00","0.00","195.46","1"
"Ltd Edition - Origins","A13057-2","706","Édition Ltée - Origines : Options d'encadrement - Cadre rustique noir 1""","1822","1","0.00","0.00","0.00","385.17","0"
"Ltd Edition - Origins","A13057-2","706","Édition Ltée - Origines : Options d'encadrement - Cadre rustique brun 1""","1823","1","0.00","0.00","0.00","385.17","0"
"Ltd Edition - Origins","A13057-2","706","Édition Ltée - Origines : Options d'encadrement - Cadre rustique gris 1""","1824","1","0.00","0.00","0.00","385.17","0"
"Ltd Edition - Northern Keepers","A16051-2","707","Édition Ltée - Gardiens du Nord : Options d'encadrement - Sans cadre","1521","1","0.00","0.00","0.00","195.46","0"
"Ltd Edition - Northern Keepers","A16051-2","707","Édition Ltée - Gardiens du Nord : Options d'encadrement - Cadre rustique noir 1""","1522","1","0.00","0.00","0.00","385.17","0"
"Ltd Edition - Northern Keepers","A16051-2","707","Édition Ltée - Gardiens du Nord : Options d'encadrement - Cadre rustique brun 1""","1523","1","0.00","0.00","0.00","385.17","0"
"Ltd Edition - Northern Keepers","A16051-2","707","Édition Ltée - Gardiens du Nord : Options d'encadrement - Cadre rustique gris 1""","1524","1","0.00","0.00","0.00","385.17","0"
"Ltd Edition - Silent Seekers","A16058-2","709","Édition Ltée - En Quête de Silence : Options d'encadrement - Sans cadre","1881","1","0.00","0.00","0.00","166.72","2"
"Ltd Edition - Silent Seekers","A16058-2","709","Édition Ltée - En Quête de Silence : Options d'encadrement - Cadre rustique noir 1""","1882","1","0.00","0.00","0.00","350.68","0"
"Ltd Edition - Silent Seekers","A16058-2","709","Édition Ltée - En Quête de Silence : Options d'encadrement - Cadre rustique brun 1""","1883","1","0.00","0.00","0.00","350.68","0"
"Ltd Edition - Silent Seekers","A16058-2","709","Édition Ltée - En Quête de Silence : Options d'encadrement - Cadre rustique gris 1""","1884","1","0.00","0.00","0.00","350.68","0"
"Ltd Edition - Wisdom Keepers","A16059-2","710","Édition Ltée - Gardiens de la Sagesse : Options d'encadrement - Sans cadre","1885","1","0.00","0.00","0.00","166.72","1"
"Ltd Edition - Wisdom Keepers","A16059-2","710","Édition Ltée - Gardiens de la Sagesse : Options d'encadrement - Cadre rustique noir 1""","1886","1","0.00","0.00","0.00","350.68","0"
"Ltd Edition - Wisdom Keepers","A16059-2","710","Édition Ltée - Gardiens de la Sagesse : Options d'encadrement - Cadre rustique brun 1""","1887","1","0.00","0.00","0.00","350.68","0"
"Ltd Edition - Wisdom Keepers","A16059-2","710","Édition Ltée - Gardiens de la Sagesse : Options d'encadrement - Cadre rustique gris 1""","1888","1","0.00","0.00","0.00","350.68","0"
"Ltd Edition - Messenger","A95053-2","711","Édition Ltée - Messager : Options d'encadrement - Sans cadre","1893","1","0.00","0.00","0.00","160.97","3"
"Ltd Edition - Messenger","A95053-2","711","Édition Ltée - Messager : Options d'encadrement - Cadre rustique noir 1""","1894","1","0.00","0.00","0.00","350.68","0"
"Ltd Edition - Messenger","A95053-2","711","Édition Ltée - Messager : Options d'encadrement - Cadre rustique brun 1""","1895","1","0.00","0.00","0.00","350.68","0"
"Ltd Edition - Messenger","A95053-2","711","Édition Ltée - Messager : Options d'encadrement - Cadre rustique gris 1""","1896","1","0.00","0.00","0.00","350.68","0"
"Ltd Edition - Gezaluwejit","A14051-2","712","Édition Ltée - Gezaluwejit : Options d'encadrement - Sans cadre","1529","1","0.00","0.00","0.00","195.46","2"
"Ltd Edition - Gezaluwejit","A14051-2","712","Édition Ltée - Gezaluwejit : Options d'encadrement - Cadre rustique noir 1""","1530","1","0.00","0.00","0.00","385.17","0"
"Ltd Edition - Gezaluwejit","A14051-2","712","Édition Ltée - Gezaluwejit : Options d'encadrement - Cadre rustique brun 1""","1531","1","0.00","0.00","0.00","385.17","0"
"Ltd Edition - Gezaluwejit","A14051-2","712","Édition Ltée - Gezaluwejit : Options d'encadrement - Cadre rustique gris 1""","1532","1","0.00","0.00","0.00","385.17","0"
"Ltd Edition - Inner Memories","W13047-2","714","Édition ltée - Mémoires Ancestrales : Options d'encadrement - Sans cadre","1753","1","0.00","0.00","0.00","195.46","4"
"Ltd Edition - Inner Memories","W13047-2","714","Édition ltée - Mémoires Ancestrales : Options d'encadrement - Cadre rustique noir 1""","1754","1","0.00","0.00","0.00","385.17","0"
"Ltd Edition - Inner Memories","W13047-2","714","Édition ltée - Mémoires Ancestrales : Options d'encadrement - Cadre rustique brun 1""","1755","1","0.00","0.00","0.00","385.17","0"
"Ltd Edition - Inner Memories","W13047-2","714","Édition ltée - Mémoires Ancestrales : Options d'encadrement - Cadre rustique gris 1""","1756","1","0.00","0.00","0.00","385.17","0"
"Ltd Edition - Ice Dream","A12050-2","716","Édition Ltée - Rêve de Glace : Options d'encadrement - Sans cadre","1757","1","0.00","0.00","0.00","195.46","3"
"Ltd Edition - Ice Dream","A12050-2","716","Édition Ltée - Rêve de Glace : Options d'encadrement - Cadre rustique noir 1""","1758","1","0.00","0.00","0.00","385.17","0"
"Ltd Edition - Ice Dream","A12050-2","716","Édition Ltée - Rêve de Glace : Options d'encadrement - Cadre rustique brun 1""","1759","1","0.00","0.00","0.00","385.17","0"
"Ltd Edition - Ice Dream","A12050-2","716","Édition Ltée - Rêve de Glace : Options d'encadrement - Cadre rustique gris 1""","1760","1","0.00","0.00","0.00","385.17","0"
"Ltd Edition - Roots Of Another World","A13053-2","718","Édition Ltée - Racines d'un Autre Monde : Options d'encadrement - Sans cadre","1765","1","0.00","0.00","0.00","195.46","1"
"Ltd Edition - Roots Of Another World","A13053-2","718","Édition Ltée - Racines d'un Autre Monde : Options d'encadrement - Cadre rustique noir 1""","1766","1","0.00","0.00","0.00","385.17","0"
"Ltd Edition - Roots Of Another World","A13053-2","718","Édition Ltée - Racines d'un Autre Monde : Options d'encadrement - Cadre rustique brun 1""","1767","1","0.00","0.00","0.00","385.17","0"
"Ltd Edition - Roots Of Another World","A13053-2","718","Édition Ltée - Racines d'un Autre Monde : Options d'encadrement - Cadre rustique gris 1""","1768","1","0.00","0.00","0.00","385.17","0"
"Ltd Edition - Harmony","A01038-2","719","Édition ltée - Harmonie : Options d'encadrement - Sans cadre","1930","1","0.00","0.00","0.00","195.46","2"
"Ltd Edition - Harmony","A01038-2","719","Édition ltée - Harmonie : Options d'encadrement - Cadre rustique noir 1""","1931","1","0.00","0.00","0.00","385.17","0"
"Ltd Edition - Harmony","A01038-2","719","Édition ltée - Harmonie : Options d'encadrement - Cadre rustique brun 1""","1932","1","0.00","0.00","0.00","385.17","0"
"Ltd Edition - Harmony","A01038-2","719","Édition ltée - Harmonie : Options d'encadrement - Cadre rustique gris 1""","1933","1","0.00","0.00","0.00","385.17","0"
"Ltd Edition - Carried Away","A13042-2","721","Édition Ltée - Emportée : Options d'encadrement - Sans cadre","1897","1","0.00","0.00","0.00","160.97","2"
"Ltd Edition - Carried Away","A13042-2","721","Édition Ltée - Emportée : Options d'encadrement - Cadre rustique noir 1""","1898","1","0.00","0.00","0.00","350.68","0"
"Ltd Edition - Carried Away","A13042-2","721","Édition Ltée - Emportée : Options d'encadrement - Cadre rustique brun 1""","1899","1","0.00","0.00","0.00","350.68","0"
"Ltd Edition - Carried Away","A13042-2","721","Édition Ltée - Emportée : Options d'encadrement - Cadre rustique gris 1""","1900","1","0.00","0.00","0.00","350.68","0"
"Ltd Edition - Water and Spirit Buffalo","W13023-2","722","Édition Ltée - Eau et Esprit du Bison : Options d'encadrement - Sans cadre","1769","1","0.00","0.00","0.00","195.46","1"
"Ltd Edition - Water and Spirit Buffalo","W13023-2","722","Édition Ltée - Eau et Esprit du Bison : Options d'encadrement - Cadre rustique noir 1""","1770","1","0.00","0.00","0.00","385.17","0"
"Ltd Edition - Water and Spirit Buffalo","W13023-2","722","Édition Ltée - Eau et Esprit du Bison : Options d'encadrement - Cadre rustique brun 1""","1771","1","0.00","0.00","0.00","385.17","0"
"Ltd Edition - Water and Spirit Buffalo","W13023-2","722","Édition Ltée - Eau et Esprit du Bison : Options d'encadrement - Cadre rustique gris 1""","1772","1","0.00","0.00","0.00","385.17","0"
"Canvas - Honoring the Giver of Life","A01031-1","725","Toile - Hommage à la Source de Vie : Options d'encadrement - Sans cadre","1589","1","0.00","0.00","0.00","339.18","0"
"Canvas - Honoring the Giver of Life","A01031-1","725","Toile - Hommage à la Source de Vie : Options d'encadrement - Cadre flottant bois noir","1590","1","0.00","0.00","0.00","454.16","0"
"Canvas - Honoring the Giver of Life","A01031-1","725","Toile - Hommage à la Source de Vie : Options d'encadrement - Cadre flottant bois brun","1591","1","0.00","0.00","0.00","454.16","0"
"Canvas - Honoring the Giver of Life","A01031-1","725","Toile - Hommage à la Source de Vie : Options d'encadrement - Cadre flottant bois étain","1592","1","0.00","0.00","0.00","454.16","0"
"Canvas - A Moose and Goose","A08007-1","733","Toile - Un Orignal et une Outarde : Options d'encadrement - Sans cadre","1777","1","0.00","0.00","0.00","218.45","1"
"Canvas - A Moose and Goose","A08007-1","733","Toile - Un Orignal et une Outarde : Options d'encadrement - Cadre flottant bois noir","1778","1","0.00","0.00","0.00","333.43","0"
"Canvas - A Moose and Goose","A08007-1","733","Toile - Un Orignal et une Outarde : Options d'encadrement - Cadre flottant bois brun","1779","1","0.00","0.00","0.00","333.43","0"
"Canvas - A Moose and Goose","A08007-1","733","Toile - Un Orignal et une Outarde : Options d'encadrement - Cadre flottant bois étain","1780","1","0.00","0.00","0.00","333.43","0"
"Canvas - Geese Spirit","A10046-1","736","Toile - L'Esprit de l'Outarde : Options d'encadrement - Sans cadre","1665","1","0.00","0.00","0.00","339.18","0"
"Canvas - Geese Spirit","A10046-1","736","Toile - L'Esprit de l'Outarde : Options d'encadrement - Cadre flottant bois noir","1666","1","0.00","0.00","0.00","454.16","0"
"Canvas - Geese Spirit","A10046-1","736","Toile - L'Esprit de l'Outarde : Options d'encadrement - Cadre flottant bois brun","1667","1","0.00","0.00","0.00","454.16","0"
"Canvas - Geese Spirit","A10046-1","736","Toile - L'Esprit de l'Outarde : Options d'encadrement - Cadre flottant bois étain","1668","1","0.00","0.00","0.00","454.16","0"
"Canvas - New Day","A08013-1","737","Toile - Nouveau Jour : Options d'encadrement - Sans cadre","1561","1","0.00","0.00","0.00","339.18","1"
"Canvas - New Day","A08013-1","737","Toile - Nouveau Jour : Options d'encadrement - Cadre flottant bois noir","1562","1","0.00","0.00","0.00","454.16","0"
"Canvas - New Day","A08013-1","737","Toile - Nouveau Jour : Options d'encadrement - Cadre flottant bois brun","1563","1","0.00","0.00","0.00","454.16","0"
"Canvas - New Day","A08013-1","737","Toile - Nouveau Jour : Options d'encadrement - Cadre flottant bois étain","1564","1","0.00","0.00","0.00","454.16","0"
"Canvas - Patience","A08045-1","738","Toile - Patience : Options d'encadrement - Sans cadre","1837","1","0.00","0.00","0.00","258.70","1"
"Canvas - Patience","A08045-1","738","Toile - Patience : Options d'encadrement - Cadre flottant bois noir","1838","1","0.00","0.00","0.00","373.67","0"
"Canvas - Patience","A08045-1","738","Toile - Patience : Options d'encadrement - Cadre flottant bois brun","1839","1","0.00","0.00","0.00","373.67","0"
"Canvas - Patience","A08045-1","738","Toile - Patience : Options d'encadrement - Cadre flottant bois étain","1840","1","0.00","0.00","0.00","373.67","0"
"Canvas - Unity","A08019-1","740","Toile - Union : Options d'encadrement - Sans cadre","1781","1","0.00","0.00","0.00","385.17","1"
"Canvas - Unity","A08019-1","740","Toile - Union : Options d'encadrement - Cadre flottant bois noir","1782","1","0.00","0.00","0.00","500.15","0"
"Canvas - Unity","A08019-1","740","Toile - Union : Options d'encadrement - Cadre flottant bois brun","1783","1","0.00","0.00","0.00","500.15","0"
"Canvas - Unity","A08019-1","740","Toile - Union : Options d'encadrement - Cadre flottant bois étain","1784","1","0.00","0.00","0.00","500.15","0"
"Canvas - River Keeper","A09006-1","741","Toile - La Gardienne de l'Eau : Options d'encadrement - Cadre flottant bois noir","1854","1","0.00","0.00","0.00","569.13","0"
"Canvas - River Keeper","A09006-1","741","Toile - La Gardienne de l'Eau : Options d'encadrement - Cadre flottant bois brun","1855","1","0.00","0.00","0.00","569.13","0"
"Canvas - River Keeper","A09006-1","741","Toile - La Gardienne de l'Eau : Options d'encadrement - Cadre flottant bois étain","1856","1","0.00","0.00","0.00","569.13","0"
"Canvas - River Keeper","A09006-1","741","Toile - La Gardienne de l'Eau : Options d'encadrement - Sans cadre - 15"" x 24""","8134","1","0.00","0.00","0.00","362.17","1"
"Canvas - River Keeper","A09006-1","741","Toile - La Gardienne de l'Eau : Options d'encadrement - Sans cadre - 30"" x 48""","8135","1","0.00","0.00","0.00","799.08","0"
"Canvas - River Keeper","A09006-1","741","Toile - La Gardienne de l'Eau : Options d'encadrement - Sans cadre 29"" x 48""","9712","1","0.00","0.00","0.00","799.08","1"
"Canvas - Journey to the Spirit World","A07020-1","744","Toile - Voyage vers le Monde du Songe : Options d'encadrement - Sans cadre","1857","1","0.00","0.00","0.00","603.62","0"
"Canvas - Journey to the Spirit World","A07020-1","744","Toile - Voyage vers le Monde du Songe : Options d'encadrement - Cadre flottant bois noir","1858","1","0.00","0.00","0.00","799.08","0"
"Canvas - Journey to the Spirit World","A07020-1","744","Toile - Voyage vers le Monde du Songe : Options d'encadrement - Cadre flottant bois brun","1859","1","0.00","0.00","0.00","799.08","0"
"Canvas - Journey to the Spirit World","A07020-1","744","Toile - Voyage vers le Monde du Songe : Options d'encadrement - Cadre flottant bois étain","1860","1","0.00","0.00","0.00","799.08","0"
"Canvas - Breath of life","W12024-1","746","Toile - Souffle de vie : Options d'encadrement - Sans cadre","1669","1","0.00","0.00","0.00","373.67","0"
"Canvas - Breath of life","W12024-1","746","Toile - Souffle de vie : Options d'encadrement - Cadre flottant bois noir","1670","1","0.00","0.00","0.00","488.65","0"
"Canvas - Breath of life","W12024-1","746","Toile - Souffle de vie : Options d'encadrement - Cadre flottant bois brun","1671","1","0.00","0.00","0.00","488.65","0"
"Canvas - Breath of life","W12024-1","746","Toile - Souffle de vie : Options d'encadrement - Cadre flottant bois étain","1672","1","0.00","0.00","0.00","488.65","0"
"Canvas - Lapinx","A13041-1","761","Toile - Lapinx : Options d'encadrement - Sans cadre","1861","1","0.00","0.00","0.00","454.16","1"
"Canvas - Lapinx","A13041-1","761","Toile - Lapinx : Options d'encadrement - Cadre flottant bois noir","1862","1","0.00","0.00","0.00","569.13","0"
"Canvas - Lapinx","A13041-1","761","Toile - Lapinx : Options d'encadrement - Cadre flottant bois brun","1863","1","0.00","0.00","0.00","569.13","0"
"Canvas - Lapinx","A13041-1","761","Toile - Lapinx : Options d'encadrement - Cadre flottant bois étain","1864","1","0.00","0.00","0.00","569.13","0"
"Canvas - Zenith","A16052-1","766","Toile - Zénith : Options d'encadrement - Cadre flottant bois noir","1866","1","0.00","0.00","0.00","396.67","0"
"Canvas - Zenith","A16052-1","766","Toile - Zénith : Options d'encadrement - Cadre flottant bois brun","1867","1","0.00","0.00","0.00","396.67","0"
"Canvas - Zenith","A16052-1","766","Toile - Zénith : Options d'encadrement - Cadre flottant bois étain","1868","1","0.00","0.00","0.00","396.67","0"
"Canvas - Zenith","A16052-1","766","Toile - Zénith : Options d'encadrement - Sans cadre","9715","1","0.00","0.00","0.00","281.69","0"
"Canvas - Silent Seekers","A16058-1","767","Toile - En Quête de Silence : Options d'encadrement - Sans cadre","1829","1","0.00","0.00","0.00","339.18","0"
"Canvas - Silent Seekers","A16058-1","767","Toile - En Quête de Silence : Options d'encadrement - Cadre flottant bois noir","1830","1","0.00","0.00","0.00","488.65","1"
"Canvas - Silent Seekers","A16058-1","767","Toile - En Quête de Silence : Options d'encadrement - Cadre flottant bois brun","1831","1","0.00","0.00","0.00","488.65","0"
"Canvas - Silent Seekers","A16058-1","767","Toile - En Quête de Silence : Options d'encadrement - Cadre flottant bois étain","1832","1","0.00","0.00","0.00","488.65","0"
"Canvas - Wisdom Keepers","A16059-1","768","Toile - Gardiens de la Sagesse : Options d'encadrement - Sans cadre","1833","1","0.00","0.00","0.00","258.70","0"
"Canvas - Wisdom Keepers","A16059-1","768","Toile - Gardiens de la Sagesse : Options d'encadrement - Cadre flottant bois noir","1834","1","0.00","0.00","0.00","373.67","0"
"Canvas - Wisdom Keepers","A16059-1","768","Toile - Gardiens de la Sagesse : Options d'encadrement - Cadre flottant bois brun","1835","1","0.00","0.00","0.00","373.67","0"
"Canvas - Wisdom Keepers","A16059-1","768","Toile - Gardiens de la Sagesse : Options d'encadrement - Cadre flottant bois étain","1836","1","0.00","0.00","0.00","373.67","0"
"Canvas - Wisdom Keepers","A16059-1","768","Toile - Gardiens de la Sagesse : Options d'encadrement - Sans cadre 24"" x 12""","7802","1","0.00","0.00","0.00","339.18","0"
"Canvas - Wisdom Keepers","A16059-1","768","Toile - Gardiens de la Sagesse : Options d'encadrement - Cadre flottant noir","7803","1","0.00","0.00","0.00","454.16","0"
"Canvas - Wisdom Keepers","A16059-1","768","Toile - Gardiens de la Sagesse : Options d'encadrement - Cadre flottant brun","7804","1","0.00","0.00","0.00","454.16","0"
"Canvas - Wisdom Keepers","A16059-1","768","Toile - Gardiens de la Sagesse : Options d'encadrement - Cadre flottant étain","7805","1","0.00","0.00","0.00","454.16","0"
"Canvas - Gezaluwejit","A14051-1","770","Toile - Gezaluwejit : Options d'encadrement - Sans cadre","1525","1","0.00","0.00","0.00","339.18","1"
"Canvas - Gezaluwejit","A14051-1","770","Toile - Gezaluwejit : Options d'encadrement - Cadre flottant bois noir","1526","1","0.00","0.00","0.00","454.16","0"
"Canvas - Gezaluwejit","A14051-1","770","Toile - Gezaluwejit : Options d'encadrement - Cadre flottant bois brun","1527","1","0.00","0.00","0.00","454.16","0"
"Canvas - Gezaluwejit","A14051-1","770","Toile - Gezaluwejit : Options d'encadrement - Cadre flottant bois étain","1528","1","0.00","0.00","0.00","454.16","0"
"Canvas - Inner Memories","W13047-1","772","Toile - Mémoires Ancestrales : Options d'encadrement - Sans cadre","1693","1","0.00","0.00","0.00","339.18","1"
"Canvas - Inner Memories","W13047-1","772","Toile - Mémoires Ancestrales : Options d'encadrement - Cadre flottant bois noir","1694","1","0.00","0.00","0.00","454.16","0"
"Canvas - Inner Memories","W13047-1","772","Toile - Mémoires Ancestrales : Options d'encadrement - Cadre flottant bois brun","1695","1","0.00","0.00","0.00","454.16","0"
"Canvas - Inner Memories","W13047-1","772","Toile - Mémoires Ancestrales : Options d'encadrement - Cadre flottant bois étain","1696","1","0.00","0.00","0.00","454.16","0"
"Canvas - Ice Dream","A12050-1","774","Toile - Rêve de Glace : Options d'encadrement - Sans cadre","1697","1","0.00","0.00","0.00","339.18","1"
"Canvas - Ice Dream","A12050-1","774","Toile - Rêve de Glace : Options d'encadrement - Cadre flottant bois noir","1698","1","0.00","0.00","0.00","454.16","0"
"Canvas - Ice Dream","A12050-1","774","Toile - Rêve de Glace : Options d'encadrement - Cadre flottant bois brun","1699","1","0.00","0.00","0.00","454.16","0"
"Canvas - Ice Dream","A12050-1","774","Toile - Rêve de Glace : Options d'encadrement - Cadre flottant bois étain","1700","1","0.00","0.00","0.00","454.16","0"
"Canvas - Carried Away","A13042-1","779","Toile - Emportée : Options d'encadrement - Cadre flottant bois noir","1846","1","0.00","0.00","0.00","373.67","0"
"Canvas - Carried Away","A13042-1","779","Toile - Emportée : Options d'encadrement - Cadre flottant bois brun","1847","1","0.00","0.00","0.00","373.67","0"
"Canvas - Carried Away","A13042-1","779","Toile - Emportée : Options d'encadrement - Cadre flottant bois étain","1848","1","0.00","0.00","0.00","373.67","0"
"Canvas - Carried Away","A13042-1","779","Toile - Emportée : Options d'encadrement - Sans cadre","7728","1","0.00","0.00","0.00","287.44","1"
"Card - The Forest Temple","A17065-POD2578","781","Carte - Temple de la Forêt","","1","2.75","6.35","7.30","7.30","5"
"Card - Depth","A17063-POD2550","782","Carte - Profondeur","","1","2.75","6.35","7.30","7.30","8"
"Card - Horizon","W17062-7","783","Carte - Horizon","","1","2.50","5.50","6.32","6.32","0"
"Card - M'Otter love","A17064-POD2563","784","Carte - L'Outre Mère","","1","2.75","6.35","7.30","7.30","3"
"Matted Print - Depth","A17063-POD2550","785","Impression avec Passe-Partout - Profondeur","","1","7.50","20.00","23.00","23.00","2"
"Small Print - Horizon","W17062-6","786","Petite Repro - Horizon","","1","10.87","25.00","28.74","28.74","11"
"Matted Print - M'Otter Love","A17064-POD2563","787","Impression avec Passe-Partout - L'Outre Mère","","1","7.50","20.00","23.00","23.00","0"
"Small Print - The Forest Temple","A17065-6","788","Petite Repro - Temple de la Forêt","","1","10.87","25.00","28.74","28.74","1"
"Ltd Edition - The Forest Temple","A17065-2","789","Édition Ltée - Temple de la Forêt : Options d'encadrement - Sans cadre","1901","1","0.00","0.00","0.00","160.97","1"
"Ltd Edition - The Forest Temple","A17065-2","789","Édition Ltée - Temple de la Forêt : Options d'encadrement - Cadre rustique noir 1""","1902","1","0.00","0.00","0.00","350.68","0"
"Ltd Edition - The Forest Temple","A17065-2","789","Édition Ltée - Temple de la Forêt : Options d'encadrement - Cadre rustique brun 1""","1903","1","0.00","0.00","0.00","350.68","0"
"Ltd Edition - The Forest Temple","A17065-2","789","Édition Ltée - Temple de la Forêt : Options d'encadrement - Cadre rustique gris 1""","1904","1","0.00","0.00","0.00","350.68","0"
"Ltd Edition - M'Otter Love","A17064-2","790","Édition Ltée - L'Outre Mère : Options d'encadrement - Cadre rustique noir 1""","1926","1","0.00","0.00","0.00","385.17","0"
"Ltd Edition - M'Otter Love","A17064-2","790","Édition Ltée - L'Outre Mère : Options d'encadrement - Cadre rustique brun 1""","1927","1","0.00","0.00","0.00","385.17","0"
"Ltd Edition - M'Otter Love","A17064-2","790","Édition Ltée - L'Outre Mère : Options d'encadrement - Cadre rustique gris 1""","1928","1","0.00","0.00","0.00","385.17","0"
"Ltd Edition - M'Otter Love","A17064-2","790","Édition Ltée - L'Outre Mère : Options d'encadrement - Sans cadre 3.30"" x 13.5""","11349","1","0.00","0.00","0.00","155.22","0"
"Ltd Edition - M'Otter Love","A17064-2","790","Édition Ltée - L'Outre Mère : Options d'encadrement - Sans cadre - 6"" x 24""","11350","1","0.00","0.00","0.00","218.45","2"
"Ltd Edition - Depth","A17063-2","791","Édition Ltée - Profondeur : Options d'encadrement - Sans cadre","1513","1","0.00","0.00","0.00","195.46","2"
"Ltd Edition - Depth","A17063-2","791","Édition Ltée - Profondeur : Options d'encadrement - Cadre rustique noir 1""","1514","1","0.00","0.00","0.00","385.17","0"
"Ltd Edition - Depth","A17063-2","791","Édition Ltée - Profondeur : Options d'encadrement - Cadre rustique brun 1""","1515","1","0.00","0.00","0.00","385.17","0"
"Ltd Edition - Depth","A17063-2","791","Édition Ltée - Profondeur : Options d'encadrement - Cadre rustique gris 1""","1516","1","0.00","0.00","0.00","385.17","0"
"Ltd Edition - Horizon","W17062-2","792","Édition Ltée - Horizon : Options d'encadrement - Sans cadre","1773","1","0.00","0.00","0.00","195.46","2"
"Ltd Edition - Horizon","W17062-2","792","Édition Ltée - Horizon : Options d'encadrement - Cadre rustique noir 1""","1774","1","0.00","0.00","0.00","385.17","0"
"Ltd Edition - Horizon","W17062-2","792","Édition Ltée - Horizon : Options d'encadrement - Cadre rustique brun 1""","1775","1","0.00","0.00","0.00","385.17","0"
"Ltd Edition - Horizon","W17062-2","792","Édition Ltée - Horizon : Options d'encadrement - Cadre rustique gris 1""","1776","1","0.00","0.00","0.00","385.17","0"
"Canvas - The Forest Temple","A17065-1","793","Toile - Temple de la Forêt : Options d'encadrement - Sans cadre","1849","1","0.00","0.00","0.00","511.64","1"
"Canvas - The Forest Temple","A17065-1","793","Toile - Temple de la Forêt : Options d'encadrement - Cadre flottant bois noir","1850","1","0.00","0.00","0.00","626.62","0"
"Canvas - The Forest Temple","A17065-1","793","Toile - Temple de la Forêt : Options d'encadrement - Cadre flottant bois brun","1851","1","0.00","0.00","0.00","626.62","0"
"Canvas - The Forest Temple","A17065-1","793","Toile - Temple de la Forêt : Options d'encadrement - Cadre flottant bois étain","1852","1","0.00","0.00","0.00","626.62","0"
"Canvas - Motter Love","A17064-1","794","Toile - Loutre Mère : Options d'encadrement - Sans cadre","1869","1","0.00","0.00","0.00","270.19","2"
"Canvas - Motter Love","A17064-1","794","Toile - Loutre Mère : Options d'encadrement - Cadre flottant bois noir","1870","1","0.00","0.00","0.00","362.17","0"
"Canvas - Motter Love","A17064-1","794","Toile - Loutre Mère : Options d'encadrement - Cadre flottant bois brun","1871","1","0.00","0.00","0.00","362.17","0"
"Canvas - Motter Love","A17064-1","794","Toile - Loutre Mère : Options d'encadrement - Cadre flottant bois étain","1872","1","0.00","0.00","0.00","362.17","0"
"Canvas - Depth","A17063-1","795","Toile - Profondeur : Options d'encadrement - Cadre flottant bois noir","1509","1","0.00","0.00","0.00","396.67","0"
"Canvas - Depth","A17063-1","795","Toile - Profondeur : Options d'encadrement - Cadre flottant bois brun","1510","1","0.00","0.00","0.00","396.67","0"
"Canvas - Depth","A17063-1","795","Toile - Profondeur : Options d'encadrement - Cadre flottant bois étain","1511","1","0.00","0.00","0.00","396.67","0"
"Canvas - Depth","A17063-1","795","Toile - Profondeur : Options d'encadrement - Sans cadre","1512","1","0.00","0.00","0.00","339.18","0"
"Canvas - Depth","A17063-1","795","Toile - Profondeur : Options d'encadrement - Sans cadre 24"" x 30""","6668","1","0.00","0.00","0.00","569.13","1"
"Card - Wikwemikong","A08021-7","797","Carte - Wikwemikong","","1","2.50","5.50","6.32","6.32","0"
"Card - Abundance","A09055-7","798","Carte - Abondance","","1","2.50","5.50","6.32","6.32","7"
"Card - Northern Masters","W18053-7-POD2883","799","Carte - Maîtres du Nord","","1","2.75","6.35","7.30","7.30","7"
"Small Print - Northern Masters","W18053-6","800","Petite Repro - Maîtres du Nord","","1","10.87","25.00","28.74","28.74","0"
"Ltd Edition - Northern Masters","W18053-2","801","Édition Ltée - Maîtres du Nord : Options d'encadrement - Cadre rustique noir 1""","1316","1","0.00","0.00","0.00","385.17","0"
"Ltd Edition - Northern Masters","W18053-2","801","Édition Ltée - Maîtres du Nord : Options d'encadrement - Cadre rustique brun 1""","1317","1","0.00","0.00","0.00","385.17","0"
"Ltd Edition - Northern Masters","W18053-2","801","Édition Ltée - Maîtres du Nord : Options d'encadrement - Cadre rustique gris 1""","1318","1","0.00","0.00","0.00","385.17","1"
"Ltd Edition - Northern Masters","W18053-2","801","Édition Ltée - Maîtres du Nord : Options d'encadrement - Sans cadre","1319","1","0.00","0.00","0.00","195.46","0"
"Ltd Edition - All my Relations","A20067-2","4079","Édition Ltée - Toutes mes Relations : Options d'encadrement - Sans cadre","7699","1","0.00","0.00","0.00","195.46","2"
"Ltd Edition - All my Relations","A20067-2","4079","Édition Ltée - Toutes mes Relations : Options d'encadrement - Cadre rustique noir 1""","7700","1","0.00","0.00","0.00","385.17","0"
"Ltd Edition - All my Relations","A20067-2","4079","Édition Ltée - Toutes mes Relations : Options d'encadrement - Cadre rustique brun 1""","7701","1","0.00","0.00","0.00","385.17","0"
"Ltd Edition - All my Relations","A20067-2","4079","Édition Ltée - Toutes mes Relations : Options d'encadrement - Cadre rustique gris 1""","7702","1","0.00","0.00","0.00","385.17","0"
"Card - All my Relations","A20067-POD2580","4080","Carte - Toutes mes Relations","","1","2.75","6.35","7.30","7.30","7"
"Small Print - All my Relations","A20067-6","4081","Petite Repro - Toutes mes Relations","","1","10.87","25.00","28.74","28.74","4"
"Ltd Edition - Footprint","A19054-2","4082","Édition Ltée - Empreintes Ancestrales : Options d'encadrement - Cadre rustique noir 1""","7703","1","0.00","0.00","0.00","385.17","0"
"Ltd Edition - Footprint","A19054-2","4082","Édition Ltée - Empreintes Ancestrales : Options d'encadrement - Cadre rustique brun 1""","7704","1","0.00","0.00","0.00","385.17","0"
"Ltd Edition - Footprint","A19054-2","4082","Édition Ltée - Empreintes Ancestrales : Options d'encadrement - Cadre rustique gris 1""","7705","1","0.00","0.00","0.00","385.17","0"
"Ltd Edition - Footprint","A19054-2","4082","Édition Ltée - Empreintes Ancestrales : Options d'encadrement - Sans cadre","7706","1","0.00","0.00","0.00","195.46","2"
"Card - Footprint","A19054-7","4083","Carte - Empreintes Ancestrales","","1","2.50","5.50","6.32","6.32","1"
"Canvas - All my Relations","A20067-1","4086","Toile - Toutes mes Relations : Options d'encadrement - Sans cadre","7718","1","0.00","0.00","0.00","373.67","0"
"Canvas - All my Relations","A20067-1","4086","Toile - Toutes mes Relations : Options d'encadrement - Cadre flottant bois noir","7720","1","0.00","0.00","0.00","488.65","0"
"Canvas - All my Relations","A20067-1","4086","Toile - Toutes mes Relations : Options d'encadrement - Cadre flottant bois brun","7721","1","0.00","0.00","0.00","488.65","0"
"Canvas - All my Relations","A20067-1","4086","Toile - Toutes mes Relations : Options d'encadrement - Cadre flottant bois étain","7722","1","0.00","0.00","0.00","488.65","0"
"Small Print - Footprint","A19054-6","4088","Petite Repro - Empreintes Ancestrales","","1","10.87","25.00","25.00","25.00","12"
"Card - Humility","A18062-7","4126","Carte - Humilité","","1","2.50","5.50","6.32","6.32","0"
"Small Print - Humility","A18062-6","4127","Petite Repro - Humilité","","1","10.87","25.00","28.74","28.74","4"
"Ltd Edition - Humility","A18062-2","4129","Édition Ltée - Humilité : Options d'encadrement - Cadre rustique noir 1""","7729","1","0.00","0.00","0.00","385.17","0"
"Ltd Edition - Humility","A18062-2","4129","Édition Ltée - Humilité : Options d'encadrement - Cadre rustique brun 1""","7730","1","0.00","0.00","0.00","385.17","0"
"Ltd Edition - Humility","A18062-2","4129","Édition Ltée - Humilité : Options d'encadrement - Cadre rustique gris 1""","7731","1","0.00","0.00","0.00","385.17","0"
"Ltd Edition - Humility","A18062-2","4129","Édition Ltée - Humilité : Options d'encadrement - Sans cadre","7732","1","0.00","0.00","0.00","195.46","1"
"Canvas - Refuge","A20055-1","4144","Toile - Refuge : Options d'encadrement - Cadre flottant bois noir","7789","1","0.00","0.00","0.00","488.65","0"
"Canvas - Refuge","A20055-1","4144","Toile - Refuge : Options d'encadrement - Cadre flottant bois brun","7790","1","0.00","0.00","0.00","488.65","0"
"Canvas - Refuge","A20055-1","4144","Toile - Refuge : Options d'encadrement - Cadre flottant bois étain","7791","1","0.00","0.00","0.00","488.65","0"
"Canvas - Refuge","A20055-1","4144","Toile - Refuge : Options d'encadrement - Sans cadre","7792","1","0.00","0.00","0.00","373.67","0"
"Canvas - Refuge","A20055-1","4144","Toile - Refuge : Options d'encadrement - Sans cadre - 48"" x 30""","7793","1","0.00","0.00","0.00","799.08","1"
"Canvas - Refuge","A20055-1","4144","Toile - Refuge : Options d'encadrement - Cadre flottant noir","7806","1","0.00","0.00","0.00","948.55","0"
"Canvas - Refuge","A20055-1","4144","Toile - Refuge : Options d'encadrement - Cadre flottant brun","7807","1","0.00","0.00","0.00","948.55","0"
"Canvas - Refuge","A20055-1","4144","Toile - Refuge : Options d'encadrement - Cadre flottant étain","7808","1","0.00","0.00","0.00","948.55","0"
"Canvas - Seed of Life","A18061-1","4145","Toile - Semence de Vie : Options d'encadrement - Cadre flottant bois noir","7794","1","0.00","0.00","0.00","500.15","0"
"Canvas - Seed of Life","A18061-1","4145","Toile - Semence de Vie : Options d'encadrement - Cadre flottant bois brun","7795","1","0.00","0.00","0.00","500.15","0"
"Canvas - Seed of Life","A18061-1","4145","Toile - Semence de Vie : Options d'encadrement - Cadre flottant bois étain","7796","1","0.00","0.00","0.00","500.15","0"
"Canvas - Seed of Life","A18061-1","4145","Toile - Semence de Vie : Options d'encadrement - Sans cadre","7797","1","0.00","0.00","0.00","385.17","0"
"Canvas - Under the Same Sky","A18066-1","4146","Toile - Sous le Même Ciel : Options d'encadrement - Cadre flottant bois noir","7798","1","0.00","0.00","0.00","454.16","0"
"Canvas - Under the Same Sky","A18066-1","4146","Toile - Sous le Même Ciel : Options d'encadrement - Cadre flottant bois brun","7799","1","0.00","0.00","0.00","454.16","0"
"Canvas - Under the Same Sky","A18066-1","4146","Toile - Sous le Même Ciel : Options d'encadrement - Cadre flottant bois étain","7800","1","0.00","0.00","0.00","454.16","0"
"Canvas - Under the Same Sky","A18066-1","4146","Toile - Sous le Même Ciel : Options d'encadrement - Sans cadre","7801","1","0.00","0.00","0.00","339.18","1"
"Ltd Edition - Refuge","A20055-2","4148","Édition Ltée - Refuge : Options d'encadrement - Cadre rustique noir 1""","7809","1","0.00","0.00","0.00","385.17","0"
"Ltd Edition - Refuge","A20055-2","4148","Édition Ltée - Refuge : Options d'encadrement - Cadre rustique brun 1""","7810","1","0.00","0.00","0.00","385.17","0"
"Ltd Edition - Refuge","A20055-2","4148","Édition Ltée - Refuge : Options d'encadrement - Cadre rustique gris 1""","7811","1","0.00","0.00","0.00","385.17","0"
"Ltd Edition - Refuge","A20055-2","4148","Édition Ltée - Refuge : Options d'encadrement - Sans cadre","7812","1","0.00","0.00","0.00","178.21","4"
"Ltd Edition - Seed of Life","A18061-2","4149","Édition Ltée - Semence de Vie : Options d'encadrement - Cadre rustique noir 1""","7813","1","0.00","0.00","0.00","385.17","0"
"Ltd Edition - Seed of Life","A18061-2","4149","Édition Ltée - Semence de Vie : Options d'encadrement - Cadre rustique brun 1""","7814","1","0.00","0.00","0.00","385.17","0"
"Ltd Edition - Seed of Life","A18061-2","4149","Édition Ltée - Semence de Vie : Options d'encadrement - Cadre rustique gris 1""","7815","1","0.00","0.00","0.00","385.17","0"
"Ltd Edition - Seed of Life","A18061-2","4149","Édition Ltée - Semence de Vie : Options d'encadrement - Sans cadre","7816","1","0.00","0.00","0.00","195.46","0"
"Ltd Edition - Under the Same Sky","A18066-2","4150","Édition Ltée - Sous le Même Ciel : Options d'encadrement - Cadre rustique noir 1""","7817","1","0.00","0.00","0.00","385.17","0"
"Ltd Edition - Under the Same Sky","A18066-2","4150","Édition Ltée - Sous le Même Ciel : Options d'encadrement - Cadre rustique brun 1""","7818","1","0.00","0.00","0.00","385.17","0"
"Ltd Edition - Under the Same Sky","A18066-2","4150","Édition Ltée - Sous le Même Ciel : Options d'encadrement - Cadre rustique gris 1""","7819","1","0.00","0.00","0.00","385.17","0"
"Ltd Edition - Under the Same Sky","A18066-2","4150","Édition Ltée - Sous le Même Ciel : Options d'encadrement - Sans cadre","7820","1","0.00","0.00","0.00","195.46","2"
"Card - Refuge","A20055-POD2571","4156","Carte - Refuge","","1","2.75","6.35","7.30","7.30","13"
"Card - Seed of Life","A18061-POD2573","4157","Carte - Semence de Vie","","1","2.75","6.35","7.30","7.30","7"
"Small Print - Refuge","A20055-6","4169","Petite Repro - Refuge","","1","10.87","25.00","28.74","28.74","0"
"Small Print - Seed of Life","A18061-6","4170","Petite Repro - Semence de Vie","","1","10.87","25.00","28.74","28.74","4"
"Small Print - Under the Same Sky","A18066-6","4171","Petite Repro - Sous le Même Ciel","","1","10.87","25.00","28.74","28.74","0"
"Small Print - Wikwemikong","A08021-6","4173","Petite Repro - Wikwemikong","","1","10.87","25.00","28.74","28.74","2"
"Small Print - Kouragimut","A09010-6","4174","Petite Repro - Kouragimut","","1","10.87","25.00","28.74","28.74","0"
"Card - New Fire","A01033-7","5389","Carte - Nouveau Feu","","1","2.50","5.50","6.32","6.32","162"
"Bookmarks","BKM","7977","Signets : Art - Retour Chez Soi","12346","1","1.25","2.90","3.33","3.33","0"
"Bookmarks","BKM","7977","Signets : Art - Voyage au Monde du Songe","12347","1","1.25","2.90","3.33","3.33","9"
"Bookmarks","BKM","7977","Signets : Art - Lapynx","12348","1","1.25","2.90","3.33","3.33","8"
"Bookmarks","BKM","7977","Signets : Art - Messager","12349","1","1.25","2.90","3.33","3.33","4"
"Bookmarks","BKM","7977","Signets : Art - Loutre Mère","12350","1","1.25","2.90","3.33","3.33","0"
"Bookmarks","BKM","7977","Signets : Art - Altérité","12351","1","1.25","2.90","3.33","3.33","18"
"Bookmarks","BKM","7977","Signets : Art - Passage","12352","1","1.25","2.90","3.33","3.33","13"
"Bookmarks","BKM","7977","Signets : Art - Chaleur de Terre","12353","1","1.25","2.90","3.33","3.33","4"
"Bookmarks","BKM","7977","Signets : Art - No Soeurs du Ciel","12354","1","1.25","2.90","3.33","3.33","4"
"Bookmarks","BKM","7977","Signets : Art - Murmure","12355","1","1.25","2.90","3.33","3.33","8"
"Bookmarks","BKM","7977","Signets : Art - Zenith","12356","1","1.25","2.90","3.33","3.33","0"
"Bookmarks","BKM","7977","Signets : Art - Temple de la Forêt","13128","1","1.25","2.90","3.33","3.33","16"
"Spirit of the Wild","BOX249","8740","L'Esprit de la Faune","","1","9.25","21.95","25.24","25.24","0"
"Women Strength","BOX250","8741","La Forces des Femmes","","1","9.25","21.95","25.24","25.24","0"
"Colouring Book ""Northern Keepers""","SKU: Colouring027","9382","Livre à Colorier ""Gardiens du Nord""","","1","4.00","9.25","10.64","10.64","6"
"Colouring Cards ""Northern Residents""","SKU: Box285","11536","Cartes à Colorier ""Les Habitants du Nord""","","1","7.25","21.95","25.24","25.24","11"
"Matted Print - Seed of Life","A18061-POD2573","11972","Impression avec Passe-Partout - Semence de Vie","","1","7.50","20.00","23.00","23.00","3"
"Matted Print - Carried Away","A13042-POD2549","11973","Impression avec Passe-Partout - Emportée","","1","7.50","20.00","23.00","23.00","2"
"Matted Print - Reaching Out","A01034-POD2570","11975","Impression avec Passe-Partout - Chaleur de Terre","","1","7.50","20.00","23.00","23.00","1"
"Matted Print - Refuge","A20055-POD2571","12086","Impression avec Passe-Partout - Refuge","","1","7.50","20.00","23.00","23.00","5"
"Canvas - Carried Away","A13042-POD2549C","12702","Toile - Emportée","","1","17.00","40.00","45.99","45.99","0"
"Canvas - Depth","A17063-POD2550C","12703","Toile - Profondeur","","1","17.00","40.00","45.99","45.99","1"
"Canvas - Geese Spirit","A10046-POD2553C","12704","Toile - L'Esprit de l'Outarde","","1","17.00","40.00","45.99","45.99","3"
"Canvas - Gezaluwejit","A14051-POD2554C","12705","Toile - Gezaluwejit","","1","17.00","40.00","45.99","45.99","0"
"Canvas - Honoring the Giver of Life","A01031-POD2558C","12707","Toile - Hommage à la Source de Vie","","1","17.00","40.00","45.99","45.99","2"
"Canvas - Lapinx","A13041-POD2583C","12708","Toile - Lapinx","","1","17.00","45.00","51.74","51.74","0"
"Canvas - Merging Earth and Sky","A10004-POD2561C","12710","Toile - Fusion entre Terre et Ciel","","1","17.00","40.00","45.99","45.99","2"
"Canvas - Northern Keepers","A16051-POD2566C","12712","Toile - Gardiens du Nord","","1","17.00","40.00","45.99","45.99","0"
"Canvas - Protector","A00048-POD2884C","12714","Toile - Protecteur","","1","17.00","40.00","45.99","45.99","2"
"Canvas - Reaching Out","A01034-POD2570C","12715","Toile - Chaleur de Terre","","1","17.00","40.00","45.99","45.99","0"
"Canvas - Refuge","A20055-POD2571C","12716","Toile - Refuge","","1","17.00","40.00","45.99","45.99","3"
"Canvas - River Keeper","A09006-POD2579C","12717","Toile - La Gardienne de l'Eau","","1","17.00","40.00","45.99","45.99","3"
"Canvas - Silent Seekers","A16058-POD2574C","12718","Toile - En Quête de Silence","","1","17.00","40.00","45.99","45.99","0"
"Canvas - Sky Girl","A01003-POD2575C","12719","Toile - Fille du Ciel","","1","17.00","40.00","45.99","45.99","3"
"Canvas - The Forest Temple","A17065-POD2578C","12722","Toile - Temple de la Forêt","","1","17.00","40.00","45.99","45.99","1"
"Card - Synchronicity","W12017-POD2576","13550","Carte - Synchronicité","","1","2.75","6.35","7.30","7.30","12"
"Card - Lapinx","A13041-POD2583","13551","Carte - Lapinx","","1","2.75","6.35","7.30","7.30","21"
"Canvas - Seed of Life","A18061-POD2573C","13718","Toile - Semence de Vie","","1","17.00","45.00","51.74","51.74","3"
"Canvas - Whisper","A08011-POD2585C","13736","Toile - Murmure","","1","17.00","55.00","63.24","63.24","0"
"Canvas - Patience","A08045-20084C","14177","Toile - Patience","","1","17.00","40.00","45.99","45.99","3"
"Canvas - Journey to the Spirit World","A07020-20080C","14178","Toile - Voyage Vers le Monde du Songe","","1","17.00","45.00","51.74","51.74","2"
"Canvas - Inner Memories","W13047-POD2560C","14179","Toile - Mémoires Ancestrales","","1","17.00","40.00","45.99","45.99","3"
"Canvas - Ice Dream","A12050-POD2559C","14180","Toile - Rêves de Glace","","1","17.00","40.00","45.99","45.99","2"
"Canvas - Harmony","A01038-POD2557C","14181","Toile - Harmonie","","1","17.00","40.00","45.99","45.99","2"
"Gift Enclosures - Mini cards pack of 8","GENC","14626","Étiquettes Cadeaux - Paquet de 8 mini cartes : Art - Emportée","10571","1","3.25","7.95","9.14","9.14","0"
"Gift Enclosures - Mini cards pack of 8","GENC","14626","Étiquettes Cadeaux - Paquet de 8 mini cartes : Art - Profondeur","10572","1","3.25","7.95","9.14","9.14","3"
"Gift Enclosures - Mini cards pack of 8","GENC","14626","Étiquettes Cadeaux - Paquet de 8 mini cartes : Art - Gezaluwejit","10573","1","3.25","7.95","9.14","9.14","19"
"Gift Enclosures - Mini cards pack of 8","GENC","14626","Étiquettes Cadeaux - Paquet de 8 mini cartes : Art - Retour Chez Soi","10574","1","3.25","7.95","9.14","9.14","2"
"Gift Enclosures - Mini cards pack of 8","GENC","14626","Étiquettes Cadeaux - Paquet de 8 mini cartes : Art - Lapynx","10575","1","3.25","7.95","9.14","9.14","11"
"Gift Enclosures - Mini cards pack of 8","GENC","14626","Étiquettes Cadeaux - Paquet de 8 mini cartes : Art - Nouveau Jour","10576","1","3.25","7.95","9.14","9.14","6"
"Gift Enclosures - Mini cards pack of 8","GENC","14626","Étiquettes Cadeaux - Paquet de 8 mini cartes : Art - Gardiens du Nord","10577","1","3.25","7.95","9.14","9.14","6"
"Gift Enclosures - Mini cards pack of 8","GENC","14626","Étiquettes Cadeaux - Paquet de 8 mini cartes : Art - Passage","10578","1","3.25","7.95","9.14","9.14","0"
"Gift Enclosures - Mini cards pack of 8","GENC","14626","Étiquettes Cadeaux - Paquet de 8 mini cartes : Art - Gardienne de l'Eau","10579","1","3.25","7.95","9.14","9.14","6"
"Gift Enclosures - Mini cards pack of 8","GENC","14626","Étiquettes Cadeaux - Paquet de 8 mini cartes : Art - En Quête de Silence","10580","1","3.25","7.95","9.14","9.14","6"
"Gift Enclosures - Mini cards pack of 8","GENC","14626","Étiquettes Cadeaux - Paquet de 8 mini cartes : Art - Synchronicité","10581","1","3.25","7.95","9.14","9.14","7"
"Gift Enclosures - Mini cards pack of 8","GENC","14626","Étiquettes Cadeaux - Paquet de 8 mini cartes : Art - Gardiens de la Sagesse","10582","1","3.25","7.95","9.14","9.14","0"
"Gift Enclosures - Mini cards pack of 8","GENC","14626","Étiquettes Cadeaux - Paquet de 8 mini cartes : Art - Rêve de Glace","13320","1","3.25","7.95","9.14","9.14","6"
"Matted Print - Merging Earth and Sky","A10004-POD2561","14715","Impression avec Passe-Partout - Fusion Entre Terre et Ciel","","1","7.50","20.00","23.00","23.00","2"
"Matted Print - Whisper","A08011-POD2585","14716","Impression avec Passe-Partout - Murmure","","1","7.50","20.00","23.00","23.00","0"
"Card - Dialogue","W12001-7","15166","Carte - Dialogue","","1","2.50","5.50","6.32","6.32","0"
"Ltd Edition - New Day","A08013-2","15167","Édition Ltée - Nouveau Jour : Options d'encadrement - Cadre rustique noir 1""","10954","1","0.00","0.00","0.00","385.17","0"
"Ltd Edition - New Day","A08013-2","15167","Édition Ltée - Nouveau Jour : Options d'encadrement - Cadre rustique brun 1""","10955","1","0.00","0.00","0.00","385.17","0"
"Ltd Edition - New Day","A08013-2","15167","Édition Ltée - Nouveau Jour : Options d'encadrement - Cadre rustique gris 1""","10956","1","0.00","0.00","0.00","385.17","0"
"Ltd Edition - New Day","A08013-2","15167","Édition Ltée - Nouveau Jour : Options d'encadrement - Sans cadre","10957","1","0.00","0.00","0.00","195.46","3"
"Ltd Edition - Merging Earth and Sky","A10004-2","15168","Édition Ltée - Fusion entre Terre et Ciel : Options d'encadrement - Cadre rustique noir 1""","10958","1","0.00","0.00","0.00","385.17","0"
"Ltd Edition - Merging Earth and Sky","A10004-2","15168","Édition Ltée - Fusion entre Terre et Ciel : Options d'encadrement - Cadre rustique brun 1""","10959","1","0.00","0.00","0.00","385.17","0"
"Ltd Edition - Merging Earth and Sky","A10004-2","15168","Édition Ltée - Fusion entre Terre et Ciel : Options d'encadrement - Cadre rustique gris 1""","10960","1","0.00","0.00","0.00","385.17","0"
"Ltd Edition - Merging Earth and Sky","A10004-2","15168","Édition Ltée - Fusion entre Terre et Ciel : Options d'encadrement - Sans cadre","10961","1","0.00","0.00","0.00","195.46","3"
"Ltd Edition - Sky Sisters","A10012-2","15169","Édition Ltée - Nos Soeurs du Ciel : Options d'encadrement - Cadre rustique noir 1""","10962","1","0.00","0.00","0.00","385.17","0"
"Ltd Edition - Sky Sisters","A10012-2","15169","Édition Ltée - Nos Soeurs du Ciel : Options d'encadrement - Cadre rustique brun 1""","10963","1","0.00","0.00","0.00","385.17","0"
"Ltd Edition - Sky Sisters","A10012-2","15169","Édition Ltée - Nos Soeurs du Ciel : Options d'encadrement - Cadre rustique gris 1""","10964","1","0.00","0.00","0.00","385.17","0"
"Ltd Edition - Sky Sisters","A10012-2","15169","Édition Ltée - Nos Soeurs du Ciel : Options d'encadrement - Sans cadre","10965","1","0.00","0.00","0.00","195.46","3"
"Ltd Edition - Whisper","A08011-2","15170","Édition Ltée - Murmure : Options d'encadrement - Cadre rustique noir 1""","10966","1","0.00","0.00","0.00","339.18","0"
"Ltd Edition - Whisper","A08011-2","15170","Édition Ltée - Murmure : Options d'encadrement - Cadre rustique brun 1""","10967","1","0.00","0.00","0.00","339.18","0"
"Ltd Edition - Whisper","A08011-2","15170","Édition Ltée - Murmure : Options d'encadrement - Cadre rustique gris 1""","10968","1","0.00","0.00","0.00","339.18","0"
"Ltd Edition - Whisper","A08011-2","15170","Édition Ltée - Murmure : Options d'encadrement - Sans cadre","10969","1","0.00","0.00","0.00","149.47","3"
"Small Print - Inner Memories","W13047-6","15171","Petite Repro - Mémoires Ancestrales","","1","10.87","25.00","28.74","28.74","0"
"Small Print - Zenith","A16052-6","15172","Petite Repro - Zénith","","1","10.87","25.00","28.74","28.74","0"
"Matted Print - Passage","W13025-POD2569","15173","Impression avec Passe-Partout - Passage","","1","7.50","20.00","23.00","23.00","2"
"Card - Journey to the Spirit World","A07020-20080","15174","Carte - Voyage Vers le Monde du Songe","","1","2.75","6.35","7.30","7.30","1"
"Matted Print - Early Evening Flowing Into Fall","W12018-POD2551","15175","Impression avec Passe-Partout - Soirée Glissant Vers l'Automne","","1","7.50","20.00","23.00","23.00","2"
"Matted Print - Inner Memories","W13047-POD2560","15176","Impression avec Passe-Partout - Mémoires Ancestrales","","1","7.50","20.00","23.00","23.00","2"
"Matted Print - Northern Masters","W18053-POD2883","15177","Impression avec Passe-Partout - Maîtres du Nord","","1","7.50","20.00","23.00","23.00","2"
"Matted Print - Geese Spirit","A10046-POD2553","15179","Impression avec Passe-Partout - L'Esprit de l'Outarde","","1","7.50","20.00","23.00","23.00","2"
"Canvas - Wisdom Keepers","A16059-POD2582C","15190","Toile - Gardiens de la Sagesse : Options d'encadrement - Sans cadre 20"" x 10""","10978","1","17.00","0.00","0.00","74.73","0"
"Canvas - Wisdom Keepers","A16059-POD2582C","15190","Toile - Gardiens de la Sagesse : Options d'encadrement - Sans cadre 10"" x 8"" ","10979","1","17.00","0.00","0.00","45.99","0"
"Canvas - Wisdom Keepers","A16059-POD2582C","15190","Toile - Gardiens de la Sagesse : Options d'encadrement - Sans cadre 12"" x 6""","13195","1","17.00","0.00","0.00","45.99","3"
"Canvas - Sky Sisters","A10012-POD2565C","15191","Toile - Nos Soeurs du Ciel","","1","17.00","40.00","45.99","45.99","2"
"Canvas - Passage","A13025-POD2569C","15192","Toile - Passage","","1","17.00","40.00","45.99","45.99","1"
"Canvas - New Day","A08013-POD2584C","15193","Toile - Nouveau Jour","","1","17.00","40.00","45.99","45.99","0"
"Canvas - Motter Love","A17064-POD2563C","15194","Toile - Loutre Mère","","1","17.00","55.00","63.24","63.24","0"
"Canvas - Giving Thanks","A01028-POD2555C","15195","Toile - Rendre Grâce","","1","17.00","40.00","45.99","45.99","3"
"Canvas - Protector","A00048-6","15196","Toile - Protecteur : Options d'encadrement - Cadre flottant bois noir","10980","1","0.00","0.00","0.00","454.16","0"
"Canvas - Protector","A00048-6","15196","Toile - Protecteur : Options d'encadrement - Cadre flottant bois brun","10981","1","0.00","0.00","0.00","454.16","0"
"Canvas - Protector","A00048-6","15196","Toile - Protecteur : Options d'encadrement - Cadre flottant bois étain","10982","1","0.00","0.00","0.00","454.16","0"
"Canvas - Protector","A00048-6","15196","Toile - Protecteur : Options d'encadrement - Sans cadre","10983","1","0.00","0.00","0.00","339.18","0"
"Canvas - Kouragimut","A91063-1","15219","Toile - Kouragimut : Options d'encadrement - Cadre flottant bois noir","11042","1","0.00","0.00","0.00","454.16","0"
"Canvas - Kouragimut","A91063-1","15219","Toile - Kouragimut : Options d'encadrement - Cadre flottant bois brun","11043","1","0.00","0.00","0.00","454.16","0"
"Canvas - Kouragimut","A91063-1","15219","Toile - Kouragimut : Options d'encadrement - Cadre flottant bois étain","11044","1","0.00","0.00","0.00","454.16","0"
"Canvas - Kouragimut","A91063-1","15219","Toile - Kouragimut : Options d'encadrement - Sans cadre","11045","1","0.00","0.00","0.00","339.18","0"
"Ltd Edition - Kouragimut","A91063-2","15220","Édition Ltée - Kouragimut : Options d'encadrement - Cadre rustique noir 1""","11046","1","0.00","0.00","0.00","385.17","0"
"Ltd Edition - Kouragimut","A91063-2","15220","Édition Ltée - Kouragimut : Options d'encadrement - Cadre rustique brun 1""","11047","1","0.00","0.00","0.00","385.17","0"
"Ltd Edition - Kouragimut","A91063-2","15220","Édition Ltée - Kouragimut : Options d'encadrement - Cadre rustique gris 1""","11048","1","0.00","0.00","0.00","385.17","0"
"Ltd Edition - Kouragimut","A91063-2","15220","Édition Ltée - Kouragimut : Options d'encadrement - Sans cadre","11049","1","0.00","0.00","0.00","195.46","0"
"Card - Kouragimut","A91063-7","15221","Carte - Kouragimut","","1","2.50","5.50","6.32","6.32","0"
"Card - Under the Same Sky","A18066-POD2885","15222","Carte - Sous le Même Ciel","","1","2.75","6.35","7.30","7.30","0"
"Canvas - Humility","A18062-1","15223","Toile - Humilité : Options d'encadrement - Cadre flottant bois noir","11050","1","0.00","0.00","0.00","333.43","0"
"Canvas - Humility","A18062-1","15223","Toile - Humilité : Options d'encadrement - Cadre flottant bois brun","11051","1","0.00","0.00","0.00","333.43","0"
"Canvas - Humility","A18062-1","15223","Toile - Humilité : Options d'encadrement - Cadre flottant bois étain","11052","1","0.00","0.00","0.00","333.43","0"
"Canvas - Humility","A18062-1","15223","Toile - Humilité : Options d'encadrement - Sans cadre","11053","1","0.00","0.00","0.00","218.45","0"
"Canvas - Footprint","A19054-1","15224","Toile - Empreintes Ancestrales : Options d'encadrement - Cadre flottant bois noir","11054","1","0.00","0.00","0.00","454.16","0"
"Canvas - Footprint","A19054-1","15224","Toile - Empreintes Ancestrales : Options d'encadrement - Cadre flottant bois brun","11055","1","0.00","0.00","0.00","454.16","0"
"Canvas - Footprint","A19054-1","15224","Toile - Empreintes Ancestrales : Options d'encadrement - Cadre flottant bois étain","11056","1","0.00","0.00","0.00","454.16","0"
"Canvas - Footprint","A19054-1","15224","Toile - Empreintes Ancestrales : Options d'encadrement - Sans cadre","11057","1","0.00","0.00","0.00","339.18","0"
"Canvas - Northern Masters","W18053-1","15261","Toile - Maîtres du Nord : Options d'encadrement - Cadre flottant bois noir","11190","1","0.00","0.00","0.00","454.16","0"
"Canvas - Northern Masters","W18053-1","15261","Toile - Maîtres du Nord : Options d'encadrement - Cadre flottant bois brun","11191","1","0.00","0.00","0.00","454.16","0"
"Canvas - Northern Masters","W18053-1","15261","Toile - Maîtres du Nord : Options d'encadrement - Cadre flottant bois étain","11192","1","0.00","0.00","0.00","454.16","0"
"Canvas - Northern Masters","W18053-1","15261","Toile - Maîtres du Nord : Options d'encadrement - Sans cadre","11193","1","0.00","0.00","0.00","339.18","0"
"Canvas - Horizon","W17062-1","15262","Toile - Horizon : Options d'encadrement - Cadre flottant bois noir","11194","1","0.00","0.00","0.00","454.16","0"
"Canvas - Horizon","W17062-1","15262","Toile - Horizon : Options d'encadrement - Cadre flottant bois brun","11195","1","0.00","0.00","0.00","454.16","0"
"Canvas - Horizon","W17062-1","15262","Toile - Horizon : Options d'encadrement - Cadre flottant bois étain","11196","1","0.00","0.00","0.00","454.16","0"
"Canvas - Horizon","W17062-1","15262","Toile - Horizon : Options d'encadrement - Sans cadre","11197","1","0.00","0.00","0.00","339.18","0"
"Canvas - Water and Spirit Buffalo","W13023-1","15263","Toile - Eau et Esprit du Bison : Options d'encadrement - Cadre flottant bois noir","11198","1","0.00","0.00","0.00","454.16","0"
"Canvas - Water and Spirit Buffalo","W13023-1","15263","Toile - Eau et Esprit du Bison : Options d'encadrement - Cadre flottant bois brun","11199","1","0.00","0.00","0.00","454.16","0"
"Canvas - Water and Spirit Buffalo","W13023-1","15263","Toile - Eau et Esprit du Bison : Options d'encadrement - Cadre flottant bois étain","11200","1","0.00","0.00","0.00","454.16","0"
"Canvas - Water and Spirit Buffalo","W13023-1","15263","Toile - Eau et Esprit du Bison : Options d'encadrement - Sans cadre","11201","1","0.00","0.00","0.00","339.18","0"
"Canvas - Roots Of Another World","A13053-1","15264","Toile - Racines d'un Autre Monde : Options d'encadrement - Cadre flottant bois noir","11202","1","0.00","0.00","0.00","454.16","0"
"Canvas - Roots Of Another World","A13053-1","15264","Toile - Racines d'un Autre Monde : Options d'encadrement - Cadre flottant bois brun","11203","1","0.00","0.00","0.00","454.16","0"
"Canvas - Roots Of Another World","A13053-1","15264","Toile - Racines d'un Autre Monde : Options d'encadrement - Cadre flottant bois étain","11204","1","0.00","0.00","0.00","454.16","0"
"Canvas - Roots Of Another World","A13053-1","15264","Toile - Racines d'un Autre Monde : Options d'encadrement - Sans cadre","11205","1","0.00","0.00","0.00","339.18","0"
"Canvas - Playing With Shadows","W13027-1","15265","Toile - Jeux d'Ombres : Options d'encadrement - Cadre flottant bois noir","11206","1","0.00","0.00","0.00","454.16","0"
"Canvas - Playing With Shadows","W13027-1","15265","Toile - Jeux d'Ombres : Options d'encadrement - Cadre flottant bois brun","11207","1","0.00","0.00","0.00","454.16","0"
"Canvas - Playing With Shadows","W13027-1","15265","Toile - Jeux d'Ombres : Options d'encadrement - Cadre flottant bois étain","11208","1","0.00","0.00","0.00","454.16","0"
"Canvas - Playing With Shadows","W13027-1","15265","Toile - Jeux d'Ombres : Options d'encadrement - Sans cadre","11209","1","0.00","0.00","0.00","339.18","0"
"Canvas - In Her World","W13026-1","15266","Toile - Dans son Monde : Options d'encadrement - Cadre flottant bois noir","11210","1","0.00","0.00","0.00","454.16","0"
"Canvas - In Her World","W13026-1","15266","Toile - Dans son Monde : Options d'encadrement - Cadre flottant bois brun","11211","1","0.00","0.00","0.00","454.16","0"
"Canvas - In Her World","W13026-1","15266","Toile - Dans son Monde : Options d'encadrement - Cadre flottant bois étain","11212","1","0.00","0.00","0.00","454.16","0"
"Canvas - In Her World","W13026-1","15266","Toile - Dans son Monde : Options d'encadrement - Sans cadre","11213","1","0.00","0.00","0.00","339.18","0"
"Canvas - Messenger","A95053-1","15267","Toile - Messager : Options d'encadrement - Cadre flottant bois noir","11214","1","0.00","0.00","0.00","454.16","0"
"Canvas - Messenger","A95053-1","15267","Toile - Messager : Options d'encadrement - Cadre flottant bois brun","11215","1","0.00","0.00","0.00","454.16","0"
"Canvas - Messenger","A95053-1","15267","Toile - Messager : Options d'encadrement - Cadre flottant bois étain","11216","1","0.00","0.00","0.00","454.16","0"
"Canvas - Messenger","A95053-1","15267","Toile - Messager : Options d'encadrement - Sans cadre","11217","1","0.00","0.00","0.00","339.18","0"
"Canvas - Northern Keepers","A16051-1","15268","Toile - Gardiens du Nord : Options d'encadrement - Cadre flottant bois noir","11218","1","0.00","0.00","0.00","569.13","0"
"Canvas - Northern Keepers","A16051-1","15268","Toile - Gardiens du Nord : Options d'encadrement - Cadre flottant bois brun","11219","1","0.00","0.00","0.00","569.13","0"
"Canvas - Northern Keepers","A16051-1","15268","Toile - Gardiens du Nord : Options d'encadrement - Cadre flottant bois étain","11220","1","0.00","0.00","0.00","569.13","0"
"Canvas - Northern Keepers","A16051-1","15268","Toile - Gardiens du Nord : Options d'encadrement - Sans cadre - 16"" x 20""","11221","1","0.00","0.00","0.00","339.18","0"
"Canvas - Northern Keepers","A16051-1","15268","Toile - Gardiens du Nord : Options d'encadrement - Sans cadre 33"" x 44""","11222","1","0.00","0.00","0.00","799.08","0"
"Canvas - Northern Keepers","A16051-1","15268","Toile - Gardiens du Nord : Options d'encadrement - Sans cadre - 18"" x 24""","11223","1","0.00","0.00","0.00","454.16","0"
"Canvas - Origins","A13057-1","15269","Toile - Origines : Options d'encadrement - Cadre flottant bois noir","11224","1","0.00","0.00","0.00","333.43","0"
"Canvas - Origins","A13057-1","15269","Toile - Origines : Options d'encadrement - Cadre flottant bois brun","11225","1","0.00","0.00","0.00","333.43","0"
"Canvas - Origins","A13057-1","15269","Toile - Origines : Options d'encadrement - Cadre flottant bois étain","11226","1","0.00","0.00","0.00","333.43","0"
"Canvas - Origins","A13057-1","15269","Toile - Origines : Options d'encadrement - Sans cadre","11227","1","0.00","0.00","0.00","218.45","0"
"Canvas - Otherness","A13056-1","15270","Toile - Altérité : Options d'encadrement - Cadre flottant bois noir","11228","1","0.00","0.00","0.00","373.67","0"
"Canvas - Otherness","A13056-1","15270","Toile - Altérité : Options d'encadrement - Cadre flottant bois brun","11229","1","0.00","0.00","0.00","373.67","0"
"Canvas - Otherness","A13056-1","15270","Toile - Altérité : Options d'encadrement - Cadre flottant bois étain","11230","1","0.00","0.00","0.00","373.67","0"
"Canvas - Otherness","A13056-1","15270","Toile - Altérité : Options d'encadrement - Sans cadre","11231","1","0.00","0.00","0.00","258.70","0"
"Canvas - The Return","A10044-1","15271","Toile - Le Retour : Options d'encadrement - Cadre flottant bois noir","11232","1","0.00","0.00","0.00","454.16","0"
"Canvas - The Return","A10044-1","15271","Toile - Le Retour : Options d'encadrement - Cadre flottant bois brun","11233","1","0.00","0.00","0.00","454.16","0"
"Canvas - The Return","A10044-1","15271","Toile - Le Retour : Options d'encadrement - Cadre flottant bois étain","11234","1","0.00","0.00","0.00","454.16","0"
"Canvas - The Return","A10044-1","15271","Toile - Le Retour : Options d'encadrement - Sans cadre","11235","1","0.00","0.00","0.00","339.18","0"
"Canvas - Abundance","A16055-1","15272","Toile - Abondance : Options d'encadrement - Cadre flottant bois noir","11236","1","0.00","0.00","0.00","454.16","0"
"Canvas - Abundance","A16055-1","15272","Toile - Abondance : Options d'encadrement - Cadre flottant bois brun","11237","1","0.00","0.00","0.00","454.16","0"
"Canvas - Abundance","A16055-1","15272","Toile - Abondance : Options d'encadrement - Cadre flottant bois étain","11238","1","0.00","0.00","0.00","454.16","0"
"Canvas - Abundance","A16055-1","15272","Toile - Abondance : Options d'encadrement - Sans cadre","11239","1","0.00","0.00","0.00","339.18","0"
"Canvas - Tranquility","A09054-1","15273","Toile - Tranquillité : Options d'encadrement - Cadre flottant bois noir","11240","1","0.00","0.00","0.00","454.16","0"
"Canvas - Tranquility","A09054-1","15273","Toile - Tranquillité : Options d'encadrement - Cadre flottant bois brun","11241","1","0.00","0.00","0.00","454.16","0"
"Canvas - Tranquility","A09054-1","15273","Toile - Tranquillité : Options d'encadrement - Cadre flottant bois étain","11242","1","0.00","0.00","0.00","454.16","0"
"Canvas - Tranquility","A09054-1","15273","Toile - Tranquillité : Options d'encadrement - Sans cadre","11243","1","0.00","0.00","0.00","339.18","0"
"Canvas - Passing Through","A04060-1","15274","Toile - Traversée : Options d'encadrement - Cadre flottant bois noir","11244","1","0.00","0.00","0.00","333.43","0"
"Canvas - Passing Through","A04060-1","15274","Toile - Traversée : Options d'encadrement - Cadre flottant bois brun","11245","1","0.00","0.00","0.00","333.43","0"
"Canvas - Passing Through","A04060-1","15274","Toile - Traversée : Options d'encadrement - Cadre flottant bois étain","11246","1","0.00","0.00","0.00","333.43","0"
"Canvas - Passing Through","A04060-1","15274","Toile - Traversée : Options d'encadrement - Sans cadre","11247","1","0.00","0.00","0.00","218.45","0"
"Canvas - Sky Girl","A01003-1","15275","Toile - Fille du Ciel : Options d'encadrement - Cadre flottant bois brun","11248","1","0.00","0.00","0.00","454.16","0"
"Canvas - Sky Girl","A01003-1","15275","Toile - Fille du Ciel : Options d'encadrement - Cadre flottant bois noir","11249","1","0.00","0.00","0.00","454.16","0"
"Canvas - Sky Girl","A01003-1","15275","Toile - Fille du Ciel : Options d'encadrement - Cadre flottant bois étain","11250","1","0.00","0.00","0.00","454.16","0"
"Canvas - Sky Girl","A01003-1","15275","Toile - Fille du Ciel : Options d'encadrement - Sans cadre","11251","1","0.00","0.00","0.00","339.18","1"
"Canvas - Early evening flowing into fall","W12018-1","15276","Toile - Soirée glissant vers l'automne : Options d'encadrement - Cadre flottant bois noir","11252","1","0.00","0.00","0.00","454.16","0"
"Canvas - Early evening flowing into fall","W12018-1","15276","Toile - Soirée glissant vers l'automne : Options d'encadrement - Cadre flottant bois brun","11253","1","0.00","0.00","0.00","454.16","0"
"Canvas - Early evening flowing into fall","W12018-1","15276","Toile - Soirée glissant vers l'automne : Options d'encadrement - Cadre flottant bois étain","11254","1","0.00","0.00","0.00","454.16","0"
"Canvas - Early evening flowing into fall","W12018-1","15276","Toile - Soirée glissant vers l'automne : Options d'encadrement - Sans cadre","11255","1","0.00","0.00","0.00","339.18","1"
"Canvas - Going Home","W12016-1","15277","Toile - Retour Chez Soi : Options d'encadrement - Cadre flottant bois noir","11256","1","0.00","0.00","0.00","454.16","0"
"Canvas - Going Home","W12016-1","15277","Toile - Retour Chez Soi : Options d'encadrement - Cadre flottant bois brun","11257","1","0.00","0.00","0.00","454.16","0"
"Canvas - Going Home","W12016-1","15277","Toile - Retour Chez Soi : Options d'encadrement - Cadre flottant bois étain","11258","1","0.00","0.00","0.00","454.16","0"
"Canvas - Going Home","W12016-1","15277","Toile - Retour Chez Soi : Options d'encadrement - Sans cadre","11259","1","0.00","0.00","0.00","339.18","0"
"Canvas - Earth keeper","W12005-1","15278","Toile - Gardienne de la terre : Options d'encadrement - Cadre flottant bois noir","11260","1","0.00","0.00","0.00","454.16","0"
"Canvas - Earth keeper","W12005-1","15278","Toile - Gardienne de la terre : Options d'encadrement - Cadre flottant bois brun","11261","1","0.00","0.00","0.00","454.16","0"
"Canvas - Earth keeper","W12005-1","15278","Toile - Gardienne de la terre : Options d'encadrement - Cadre flottant bois étain","11262","1","0.00","0.00","0.00","454.16","0"
"Canvas - Earth keeper","W12005-1","15278","Toile - Gardienne de la terre : Options d'encadrement - Sans cadre","11263","1","0.00","0.00","0.00","339.18","0"
"Canvas - Gate of Silk","W12014-1","15279","Toile - Portail de Soie : Options d'encadrement - Cadre flottant bois noir","11264","1","0.00","0.00","0.00","454.16","0"
"Canvas - Gate of Silk","W12014-1","15279","Toile - Portail de Soie : Options d'encadrement - Cadre flottant bois brun","11265","1","0.00","0.00","0.00","454.16","0"
"Canvas - Gate of Silk","W12014-1","15279","Toile - Portail de Soie : Options d'encadrement - Cadre flottant bois étain","11266","1","0.00","0.00","0.00","454.16","0"
"Canvas - Gate of Silk","W12014-1","15279","Toile - Portail de Soie : Options d'encadrement - Sans cadre","11267","1","0.00","0.00","0.00","339.18","0"
"Canvas - Winter Wolves","W12008-1","15280","Toile - Loups d'Hiver : Options d'encadrement - Cadre flottant bois noir","11268","1","0.00","0.00","0.00","454.16","0"
"Canvas - Winter Wolves","W12008-1","15280","Toile - Loups d'Hiver : Options d'encadrement - Cadre flottant bois brun","11269","1","0.00","0.00","0.00","454.16","0"
"Canvas - Winter Wolves","W12008-1","15280","Toile - Loups d'Hiver : Options d'encadrement - Cadre flottant bois étain","11270","1","0.00","0.00","0.00","454.16","0"
"Canvas - Winter Wolves","W12008-1","15280","Toile - Loups d'Hiver : Options d'encadrement - Sans cadre","11271","1","0.00","0.00","0.00","339.18","1"
"Canvas - Synchronicity","W12017-1","15281","Toile - Synchronicité : Options d'encadrement - Cadre flottant bois noir","11272","1","0.00","0.00","0.00","454.16","0"
"Canvas - Synchronicity","W12017-1","15281","Toile - Synchronicité : Options d'encadrement - Cadre flottant bois brun","11273","1","0.00","0.00","0.00","454.16","0"
"Canvas - Synchronicity","W12017-1","15281","Toile - Synchronicité : Options d'encadrement - Cadre flottant bois étain","11274","1","0.00","0.00","0.00","454.16","0"
"Canvas - Synchronicity","W12017-1","15281","Toile - Synchronicité : Options d'encadrement - Sans cadre","11275","1","0.00","0.00","0.00","339.18","0"
"Canvas - Passage","W13025-1","15282","Toile - Passage : Options d'encadrement - Cadre flottant bois noir","11276","1","0.00","0.00","0.00","454.16","0"
"Canvas - Passage","W13025-1","15282","Toile - Passage : Options d'encadrement - Cadre flottant bois brun","11277","1","0.00","0.00","0.00","454.16","0"
"Canvas - Passage","W13025-1","15282","Toile - Passage : Options d'encadrement - Cadre flottant bois étain","11278","1","0.00","0.00","0.00","454.16","0"
"Canvas - Passage","W13025-1","15282","Toile - Passage : Options d'encadrement - Sans cadre","11279","1","0.00","0.00","0.00","339.18","1"
"Canvas - Nostalgia","A04039-1","15283","Toile - Nostalgia : Options d'encadrement - Cadre flottant bois noir","11280","1","0.00","0.00","0.00","333.43","0"
"Canvas - Nostalgia","A04039-1","15283","Toile - Nostalgia : Options d'encadrement - Cadre flottant bois brun","11281","1","0.00","0.00","0.00","333.43","0"
"Canvas - Nostalgia","A04039-1","15283","Toile - Nostalgia : Options d'encadrement - Cadre flottant bois étain","11282","1","0.00","0.00","0.00","333.43","0"
"Canvas - Nostalgia","A04039-1","15283","Toile - Nostalgia : Options d'encadrement - Sans cadre","11283","1","0.00","0.00","0.00","218.45","0"
"Canvas - Rebirth","A04015-1","15284","Toile - Renaissance : Options d'encadrement - Cadre flottant bois noir","11284","1","0.00","0.00","0.00","333.43","0"
"Canvas - Rebirth","A04015-1","15284","Toile - Renaissance : Options d'encadrement - Cadre flottant bois brun","11285","1","0.00","0.00","0.00","333.43","0"
"Canvas - Rebirth","A04015-1","15284","Toile - Renaissance : Options d'encadrement - Cadre flottant bois étain","11286","1","0.00","0.00","0.00","333.43","0"
"Canvas - Rebirth","A04015-1","15284","Toile - Renaissance : Options d'encadrement - Sans cadre","11287","1","0.00","0.00","0.00","218.45","0"
"Canvas - Merging Earth and Sky","A10004-1","15285","Toile - Fusion entre Terre et Ciel : Options d'encadrement - Cadre flottant bois noir","11288","1","0.00","0.00","0.00","454.16","0"
"Canvas - Merging Earth and Sky","A10004-1","15285","Toile - Fusion entre Terre et Ciel : Options d'encadrement - Cadre flottant bois brun","11289","1","0.00","0.00","0.00","454.16","0"
"Canvas - Merging Earth and Sky","A10004-1","15285","Toile - Fusion entre Terre et Ciel : Options d'encadrement - Cadre flottant bois étain","11290","1","0.00","0.00","0.00","454.16","0"
"Canvas - Merging Earth and Sky","A10004-1","15285","Toile - Fusion entre Terre et Ciel : Options d'encadrement - Sans cadre","11291","1","0.00","0.00","0.00","339.18","1"
"Canvas - Sky Sisters","A10012-1","15286","Toile - Nos Soeurs du Ciel : Options d'encadrement - Cadre flottant bois noir","11292","1","0.00","0.00","0.00","454.16","0"
"Canvas - Sky Sisters","A10012-1","15286","Toile - Nos Soeurs du Ciel : Options d'encadrement - Cadre flottant bois brun","11293","1","0.00","0.00","0.00","454.16","0"
"Canvas - Sky Sisters","A10012-1","15286","Toile - Nos Soeurs du Ciel : Options d'encadrement - Cadre flottant bois étain","11294","1","0.00","0.00","0.00","454.16","0"
"Canvas - Sky Sisters","A10012-1","15286","Toile - Nos Soeurs du Ciel : Options d'encadrement - Sans cadre","11295","1","0.00","0.00","0.00","339.18","0"
"Canvas - Reaching Out","A01034-1","15287","Toile - Chaleur de Terre : Options d'encadrement - Cadre flottant bois noir","11296","1","0.00","0.00","0.00","454.16","0"
"Canvas - Reaching Out","A01034-1","15287","Toile - Chaleur de Terre : Options d'encadrement - Cadre flottant bois brun","11297","1","0.00","0.00","0.00","454.16","0"
"Canvas - Reaching Out","A01034-1","15287","Toile - Chaleur de Terre : Options d'encadrement - Cadre flottant bois étain","11298","1","0.00","0.00","0.00","454.16","0"
"Canvas - Reaching Out","A01034-1","15287","Toile - Chaleur de Terre : Options d'encadrement - Sans cadre","11299","1","0.00","0.00","0.00","339.18","1"
"Canvas - Teachings","A01036-1","15288","Toile - Le Chant du Tambour : Options d'encadrement - Cadre flottant bois noir","11300","1","0.00","0.00","0.00","454.16","0"
"Canvas - Teachings","A01036-1","15288","Toile - Le Chant du Tambour : Options d'encadrement - Cadre flottant bois brun","11301","1","0.00","0.00","0.00","454.16","0"
"Canvas - Teachings","A01036-1","15288","Toile - Le Chant du Tambour : Options d'encadrement - Cadre flottant bois étain","11302","1","0.00","0.00","0.00","454.16","0"
"Canvas - Teachings","A01036-1","15288","Toile - Le Chant du Tambour : Options d'encadrement - Sans cadre","11303","1","0.00","0.00","0.00","339.18","1"
"Canvas - New Fire","A01033-1","15289","Toile - Nouveau Feu : Options d'encadrement - Cadre flottant bois noir","11304","1","0.00","0.00","0.00","454.16","0"
"Canvas - New Fire","A01033-1","15289","Toile - Nouveau Feu : Options d'encadrement - Cadre flottant bois brun","11305","1","0.00","0.00","0.00","454.16","0"
"Canvas - New Fire","A01033-1","15289","Toile - Nouveau Feu : Options d'encadrement - Cadre flottant bois étain","11306","1","0.00","0.00","0.00","454.16","0"
"Canvas - New Fire","A01033-1","15289","Toile - Nouveau Feu : Options d'encadrement - Sans cadre","11307","1","0.00","0.00","0.00","339.18","0"
"Canvas - Moon Wisdom","A01032-1","15290","Toile - Sagesse de la Lune : Options d'encadrement - Cadre flottant bois noir","11308","1","0.00","0.00","0.00","454.16","0"
"Canvas - Moon Wisdom","A01032-1","15290","Toile - Sagesse de la Lune : Options d'encadrement - Cadre flottant bois brun","11309","1","0.00","0.00","0.00","454.16","0"
"Canvas - Moon Wisdom","A01032-1","15290","Toile - Sagesse de la Lune : Options d'encadrement - Cadre flottant bois étain","11310","1","0.00","0.00","0.00","454.16","0"
"Canvas - Moon Wisdom","A01032-1","15290","Toile - Sagesse de la Lune : Options d'encadrement - Sans cadre","11311","1","0.00","0.00","0.00","339.18","0"
"Canvas - Giving Thanks","A01028-1","15291","Toile - Rendre Grâce : Options d'encadrement - Cadre flottant bois noir","11312","1","0.00","0.00","0.00","454.16","0"
"Canvas - Giving Thanks","A01028-1","15291","Toile - Rendre Grâce : Options d'encadrement - Cadre flottant bois brun","11313","1","0.00","0.00","0.00","454.16","0"
"Canvas - Giving Thanks","A01028-1","15291","Toile - Rendre Grâce : Options d'encadrement - Cadre flottant bois étain","11314","1","0.00","0.00","0.00","454.16","0"
"Canvas - Giving Thanks","A01028-1","15291","Toile - Rendre Grâce : Options d'encadrement - Sans cadre","11315","1","0.00","0.00","0.00","339.18","1"
"Canvas - Eagle Moon","A01030-1","15292","Toile - Lune de l'Aigle : Options d'encadrement - Cadre flottant bois noir","11316","1","0.00","0.00","0.00","454.16","0"
"Canvas - Eagle Moon","A01030-1","15292","Toile - Lune de l'Aigle : Options d'encadrement - Cadre flottant bois brun","11317","1","0.00","0.00","0.00","454.16","0"
"Canvas - Eagle Moon","A01030-1","15292","Toile - Lune de l'Aigle : Options d'encadrement - Cadre flottant bois étain","11318","1","0.00","0.00","0.00","454.16","0"
"Canvas - Eagle Moon","A01030-1","15292","Toile - Lune de l'Aigle : Options d'encadrement - Sans cadre","11319","1","0.00","0.00","0.00","339.18","0"
"Ltd Edition - Playing With Shadows","W13027-2","15293","Édition Ltée - Jeux d'Ombres : Options d'encadrement - Cadre rustique noir 1""","11320","1","0.00","0.00","0.00","385.17","0"
"Ltd Edition - Playing With Shadows","W13027-2","15293","Édition Ltée - Jeux d'Ombres : Options d'encadrement - Cadre rustique brun 1""","11321","1","0.00","0.00","0.00","385.17","0"
"Ltd Edition - Playing With Shadows","W13027-2","15293","Édition Ltée - Jeux d'Ombres : Options d'encadrement - Cadre rustique gris 1""","11322","1","0.00","0.00","0.00","385.17","0"
"Ltd Edition - Playing With Shadows","W13027-2","15293","Édition Ltée - Jeux d'Ombres : Options d'encadrement - Sans cadre","11323","1","0.00","0.00","0.00","195.46","0"
"Ltd Edition - In Her World","W13026-2","15294","Édition Ltée - Dans son Monde : Options d'encadrement - Cadre rustique noir 1""","11324","1","0.00","0.00","0.00","385.17","0"
"Ltd Edition - In Her World","W13026-2","15294","Édition Ltée - Dans son Monde : Options d'encadrement - Cadre rustique brun 1""","11325","1","0.00","0.00","0.00","385.17","0"
"Ltd Edition - In Her World","W13026-2","15294","Édition Ltée - Dans son Monde : Options d'encadrement - Cadre rustique gris 1""","11326","1","0.00","0.00","0.00","385.17","0"
"Ltd Edition - In Her World","W13026-2","15294","Édition Ltée - Dans son Monde : Options d'encadrement - Sans cadre","11327","1","0.00","0.00","0.00","195.46","0"
"Ltd Edition - Zenith","A16052-2","15295","Édition Ltée - Zénith : Options d'encadrement - Cadre rustique noir 1""","11328","1","0.00","0.00","0.00","350.68","0"
"Ltd Edition - Zenith","A16052-2","15295","Édition Ltée - Zénith : Options d'encadrement - Cadre rustique brun 1""","11329","1","0.00","0.00","0.00","350.68","0"
"Ltd Edition - Zenith","A16052-2","15295","Édition Ltée - Zénith : Options d'encadrement - Cadre rustique gris 1""","11330","1","0.00","0.00","0.00","350.68","0"
"Ltd Edition - Zenith","A16052-2","15295","Édition Ltée - Zénith : Options d'encadrement - Sans cadre 2.25"" x 13.25""","11351","1","0.00","0.00","0.00","143.72","0"
"Ltd Edition - Zenith","A16052-2","15295","Édition Ltée - Zénith : Options d'encadrement - Sans cadre 3"" x 18""","11352","1","0.00","0.00","0.00","178.21","2"
"Ltd Edition - Zenith","A16052-2","15295","Édition Ltée - Zénith : Options d'encadrement - Sans cadre 4.5"" x 13.25""","11353","1","0.00","0.00","0.00","178.21","0"
"Ltd Edition - The Return","A10044-2","15296","Édition Ltée - Le Retour : Options d'encadrement - Cadre rustique noir 1""","11332","1","0.00","0.00","0.00","385.17","0"
"Ltd Edition - The Return","A10044-2","15296","Édition Ltée - Le Retour : Options d'encadrement - Cadre rustique brun 1""","11333","1","0.00","0.00","0.00","385.17","0"
"Ltd Edition - The Return","A10044-2","15296","Édition Ltée - Le Retour : Options d'encadrement - Cadre rustique gris 1""","11334","1","0.00","0.00","0.00","385.17","0"
"Ltd Edition - The Return","A10044-2","15296","Édition Ltée - Le Retour : Options d'encadrement - Sans cadre","11335","1","0.00","0.00","0.00","195.46","2"
"Ltd Edition - Journey to the Spirit World","A07020-2","15297","Édition Ltée - Voyage vers le Monde du Songe : Options d'encadrement - Cadre rustique noir 1""","11336","1","0.00","0.00","0.00","367.92","0"
"Ltd Edition - Journey to the Spirit World","A07020-2","15297","Édition Ltée - Voyage vers le Monde du Songe : Options d'encadrement - Cadre rustique brun 1""","11337","1","0.00","0.00","0.00","367.92","0"
"Ltd Edition - Journey to the Spirit World","A07020-2","15297","Édition Ltée - Voyage vers le Monde du Songe : Options d'encadrement - Cadre rustique gris 1""","11338","1","0.00","0.00","0.00","367.92","0"
"Ltd Edition - Journey to the Spirit World","A07020-2","15297","Édition Ltée - Voyage vers le Monde du Songe : Options d'encadrement - Sans cadre","11339","1","0.00","0.00","0.00","195.46","2"
"Ltd Edition - Giving Thanks","A01028-2","15298","Édition Ltée - Rendre Grâce : Options d'encadrement - Cadre rustique noir 1""","11340","1","0.00","0.00","0.00","385.17","0"
"Ltd Edition - Giving Thanks","A01028-2","15298","Édition Ltée - Rendre Grâce : Options d'encadrement - Cadre rustique brun 1""","11341","1","0.00","0.00","0.00","385.17","0"
"Ltd Edition - Giving Thanks","A01028-2","15298","Édition Ltée - Rendre Grâce : Options d'encadrement - Cadre rustique gris 1""","11342","1","0.00","0.00","0.00","385.17","0"
"Ltd Edition - Giving Thanks","A01028-2","15298","Édition Ltée - Rendre Grâce : Options d'encadrement - Sans cadre","11343","1","0.00","0.00","0.00","195.46","3"
"Small Print - Carried Away","A13042-6","15299","Petite Repro - Emportée","","1","10.87","25.00","28.74","28.74","0"
"Small Print - Mahigan","A09010-6","15300","Petite Repro - Mahigan","","1","10.87","25.00","28.74","28.74","0"
"Small Print - Geese Spirit","A10046-6","15301","Petite Repro - L'Esprit de l'Outarde","","1","10.87","25.00","28.74","28.74","0"
"Small Print - Strength Within","A01035-6","15302","Petite Repro - La Force Intérieur","","1","10.87","25.00","28.74","28.74","0"
"Card - Mahigan","A09010-7","15303","Carte - Mahigan","","1","2.50","5.50","6.32","6.32","0"
"Wisdom Keepers","POD2582magnets","15484","Gardiens de la Sagesse","","1","2.80","6.95","7.99","7.99","0"
"River Keeper","POD2579magnets","15485","La Gardienne de l'Eau","","1","2.80","6.95","7.99","7.99","12"
"Silent Seekers","POD2574magnets","15486","En Quête de Silence","","1","2.80","6.95","7.99","7.99","5"
"Passage","POD2569magnets","15487","Passage","","1","2.80","6.95","7.99","7.99","12"
"Northern Keepers","POD2566magnets","15488","Gardiens du Nord","","1","2.80","6.95","7.99","7.99","7"
"Going Home","POD2556magnets","15489","Retour Chez Soi","","1","2.80","6.95","7.99","7.99","5"
"Gezaluwejit","POD2554magnets","15490","Gezaluwejit","","1","2.70","6.95","7.99","7.99","5"
"Depth","POD2550magnets","15491","Profondeur","","1","2.80","6.95","7.99","7.99","6"
"Giving Thanks","POD2555magnets","15492","Rendre Grâce","","1","2.80","6.95","7.99","7.99","19"
"Honoring the Giver of Life","POD2558magnets","15493","Hommage à la Source de Vie","","1","2.80","6.95","7.99","7.99","20"
"Nathalie Coutou 2025 Calendar","CALENDAR1302025","15869","Nathalie Coutou Calendrier 2025","","1","9.50","22.00","25.29","25.29","0"
"Matted Print - Ice Dream","A12050-POD2559","16450","Impression avec Passe-Partout - Rêve de Glace","","1","7.50","20.00","23.00","23.00","2"
"Matted Print - Sky Girl","A01003-POD2565","16451","Impression avec Passe-Partout - Fille du Ciel","","1","7.50","20.00","23.00","23.00","0"
"Matted Print - Returning","A10044-POD2572","16452","Impression avec Passe-Partout - Le Retour","","1","7.50","20.00","23.00","23.00","2"
"Canvas - Early evening flowing into fall","W12018-POD2551C","16454","Toile - Soirée glissant vers l'automne","","1","17.00","40.00","45.99","45.99","4"
"Canvas - New Fire","A01033-POD2581C","16457","Toile - Nouveau Feu","","1","17.00","40.00","45.99","45.99","3"
"Canvas - The Return","A10044-POD2572C","16458","Toile - Le Retour","","1","17.00","40.00","45.99","45.99","2"
"Canvas - Winter Wolves","W12008-POD2581C","16460","Toile - Loups d'Hiver","","1","17.00","40.00","45.99","45.99","4"
"Matted Print - Sky Girl","A01003-POD2565","16462","Impression avec Passe-Partout - Fille du Ciel","","1","7.50","20.00","23.00","23.00","0"
"Matted Print - Sky Sisters","A10012-POD2565","16463","Impression avec Passe-Partout - Nos Soeurs du Ciel","","1","7.50","20.00","23.00","23.00","2"
"Canvas - In Her World","W13026-20079C","16504","Toile - Dans son Monde","","1","17.00","40.00","45.99","45.99","2"
"Coloring Cards N.C","1-COLORX3","16525","Carte à Colorier N.C","","1","0.00","1.80","2.07","2.07","16"
"The Protector","POD2884magnets","16530","Le Protecteur","","1","2.80","6.95","7.99","7.99","15"
"Early Evening Flowing into Fall","POD2551magnets","16531","Soirée Glissant vers l'Automne","","1","2.80","6.95","7.99","7.99","23"
"Refuge","POD2571magnets","16532","Refuge","","1","2.80","6.95","7.99","7.99","3"
"In Her World","POD20079magnets","16682","Dans son Monde","","1","2.80","6.95","7.99","7.99","15"
"Carried Away","POD105832magnets","16683","Emportée","","1","2.80","6.95","7.99","7.99","1"
"Canvas - Earth keeper","POD2552C","16684","Toile - Gardienne de la Terre","","1","17.00","40.00","45.99","45.99","3"
"Canvas - Teachings","POD2577C","16685","Toile - Le Chant du Tambour","","1","17.00","40.00","45.99","45.99","2"
"Matted Print - Passing Through","A04060-20083","16860","Impression avec Passe-Partout - Traversée","","1","7.50","20.00","23.00","23.00","1"
"Matted Print - Wisdom Keepers","A16059-POD2582","16861","Impression avec Passe-Partout - Gardiens de la Sagesse","","1","7.50","20.00","23.00","23.00","3"
"Card - Geese Spirit","A10046-POD2553","16990","Carte - L'Esprit de l'Outarde","","1","2.75","6.35","7.30","7.30","14"
"Card - Merging Earth and Sky","A10004-POD2561","16991","Carte - Fusion Entre Terre et Ciel","","1","2.75","6.35","7.30","7.30","12"
"Canvas - Roots of Another World","20086","16996","Toile - Racines d'un Autre Monde","","1","17.00","40.00","45.99","45.99","3"
"Matted Print - A Moose and Goose","A08007-POD2548","17040","Impression avec Passe-Partout - Un Orignal et une Outarde","","1","7.50","20.00","23.00","23.00","2"
"Card - Honoring the Giver of Life","POD2558","17150","Carte - Hommage à la Source de Vie","","1","2.75","6.35","7.30","7.30","9"
"Card - Sky Girl","A01003","17225","Carte - Fille du Ciel","","1","2.50","5.50","6.32","6.32","0"
"Card - Sky Sisters","A10012-7","17226","Carte - Nos Soeurs du Ciel","","1","2.50","5.50","6.32","6.32","219"
