"Reference code","Product ID","Product name","Product Combinations ID","Combinations (Attribute - value pair)","Quantity","Final price (pre-tax)","Pre-tax wholesale price","Combinations wholesale price"
"A01030-7","14","Card - Eagle Moon","","Carte - Lune de l'Aigle","24","5.5","2.5","0"
"A01028-POD2555","17","Card - Giving Thanks","","Carte - Rendre Grâce","16","6.35","2.75","0"
"A01031-7","20","Card - Honoring the Giver of Life","","Carte - Hommage à la Source de Vie","49","5.5","2.5","0"
"A01032-7","23","Card - Moon Wisdom","","Carte - Sagesse de la Lune","71","5.5","2.5","0"
"A01036-7","30","Card - Teachings","","Carte - Le Chant du Tambour","32","5.5","2.5","0"
"A01035-7","34","Card - Strength Within","","Carte - La force Intérieur","52","5.5","2.5","0"
"A01034-POD2570","35","Card - Reaching Out","","Carte - Chaleur de Terre","10","6.35","2.75","0"
"A01037-7","40","Card - Trust","","Carte - La Confiance","35","5.5","2.5","0"
"A08011-7","44","Card - Whisper","","Carte - Murmure","107","5.5","2.5","0"
"A08007-POD2548","47","Card - A Moose and Goose","","Carte - Un Orignal et une Outarde","15","6.35","2.75","0"
"A10012-POD2565","51","Card - Sky Sisters","","Carte - Nos Soeurs du Ciel","11","6.35","2.75","0"
"A10004-7","54","Card - Merging Earth and Sky","","Carte - Fusion Entre Terre et Ciel","32","5.5","2.5","0"
"A10046-7","58","Card - Geese Spirit","","Carte - L'Esprit de l'Outarde","25","5.5","2.5","0"
"A08013-POD2584","61","Card - New Day","","Carte - Nouveau Jour","9","6.35","2.75","0"
"A08045-20084","64","Card - Patience","","Carte - Patience","12","6.35","2.75","0"
"A01029-POD2882","67","Card - Birth of Eagle Shadow","","Carte - Naissance de l'Ombre de l'Aigle","9","6.35","2.75","0"
"A08019-POD2886","70","Card - Unity","","Carte - Union","5","6.35","2.75","0"
"A09006-POD2579","73","Card - River Keeper","","Carte - La Gardienne de l'Eau","7","6.35","2.75","0"
"A04015-20085","76","Card - Rebirth","","Carte - Renaissance","4","6.35","2.75","0"
"A04039-7","79","Card - Nostalgia","","Carte - Nostalgia","2","5.5","2.5","0"
"W13025-POD2569","85","Card - Passage","","Carte - Passage","14","6.35","2.75","0"
"W12024-20076","88","Card - Breath of Life","","Carte - Souffle de Vie","8","6.35","2.75","0"
"W12008-POD2581","95","Card - Winter Wolves","","Carte - Loups d'Hiver","14","6.35","2.75","0"
"W12014-7","101","Card - Gate of Silk","","Carte - Portail de Soie","1","5.5","2.5","0"
"W12005-POD2552","104","Card - Earth Keeper","","Carte - Gardienne de la Terre","11","6.35","2.75","0"
"W12016-POD2556","107","Card - Going Home","","Carte - Retour Chez Soi","13","6.35","2.75","0"
"W12018-POD2551","113","Card - Early Evening Flowing Into Fall","","Carte - Soirée Glissant Vers l'Automne","14","6.35","2.75","0"
"SKU:53-53-617","119","Bill Helin Killer Whale Halo Mug","","Bill Helin Tasse épaulard","0","11","4.75","0"
"SKU: 53-53-613","122","Bill Helin Killer Whale Apron","","Bill Helin Tablier Épaulard","0","34.5","15","0"
"SKU: 53-53-612","123","Bill Helin Killer Whale Oven Mitt","","Bill Helin mitaines à four épaulard","1","17.25","6.95","0"
"SKU: 53-53-610","125","Bill Helin Killer Whale Dish Towel","","Bill Helin Linge à vaisselle","0","15","6.52","0"
"SKU: 53-53-616x2","126","Bill Helin Killer Whale Trivet or Coasters","","Bill Helin Sous-plat ou Sous-verre épaulard","0","14","6.52","0"
"SKU: 53-53-620","127","Bill Helin Killer Whale Pot Holder","","Bill Helin Poignées de four Épaulard bleu et noir","2","14.95","5.75","0"
"SKU: 53-53-611","128","Bill Helin Killer Whale Pocket Pot Holder","","Bill Helin Linge à vaisselle en pochette épaulard bleu et noir","0","27","11.7","0"
"SKU: 53-53-510","129","Bill Helin Chilkat Apron","","Bill Helin Tablier de cuisine Chilkat","0","36.95","16","0"
"SKU: 53-53-528","130","Bill Helin Chilkat Trivet or Coasters","","Bill Helin Sous-plat ou Sous-verre Chilkat","0","14.95","6.3","0"
"SKU: 53-53-521","131","Bill Helin Chilkat Halo Mug","","Bill Helin Tasse Chilkat","0","11","4.75","0"
"SKU: 53-53-582","132","Bill Helin Chilkat Oven Mitt","1081","Bill Helin Mitaines à four Chilkat : Couleurs - Rouge/noir","0","18.95","7.5","0"
"SKU: 53-53-582","132","Bill Helin Chilkat Oven Mitt","1082","Bill Helin Mitaines à four Chilkat : Couleurs - Rouge/noir/blanc","1","18.95","7.5","0"
"SKU: 53-53-581","133","Bill Helin Chilkat Pot Holder","1079","Bill Helin Poignées de four Chilkat : Couleurs - Rouge/noir","0","14.95","6.5","0"
"SKU: 53-53-581","133","Bill Helin Chilkat Pot Holder","1080","Bill Helin Poignées de four Chilkat : Couleurs - Rouge/noir/blanc","0","14.95","6.5","0"
"SKU: 53-53-507x2","134","Bill Helin Chilkat Dish Towel","1077","Bill Helin Linge à vaisselle Chilkat : Couleurs - Rouge/noir","0","15","6.5","0"
"SKU: 53-53-507x2","134","Bill Helin Chilkat Dish Towel","1078","Bill Helin Linge à vaisselle Chilkat : Couleurs - Rouge/noir/blanc","0","15","6.5","0"
"SKU: 53-53-672","135","Bill Helin Eagle Oven Mitt","","Bill Helin - Mitaines à four - Aigle","0","18.95","8","0"
"SKU: 53-53-671","138","Bill Helin Eagle Pot Holder","","Bill Helin Poignée de four Aigle","0","14.95","6.5","0"
"SKU: 53-53-670","139","Bill Helin Eagle Dish Towel","","Bill Helin Linge à Vaisselle Aigle","0","15","6.5","0"
"SKU: 53-53-676x2","140","Bill Helin Eagle Trivet or Coasters","","Bill Helin Sous-plats ou Sous-verre Aigle","0","14.95","6.3","0"
"SKU: 53-53-417","142","Bill Helin Frog Halo Mug","","Bill Helin Tasse Grenouille","0","11","4.75","0"
"SKU: 53-53-413","143","Bill Helin Frog  Oven Mitt","","Bill Helin Mitaines à four Grenouille","0","17.25","6.95","0"
"SKU: 53-53-412","144","Bill Helin Frog Pocket Pot Holder","","Bill Helin Linge à Vaisselle en Pochette Grenouille","0","27","11.75","0"
"SKU: 53-53-414","145","Bill Helin Frog Pot Holder","","Bill Helin Poignée de four Grenouille","0","12.95","4.75","0"
"SKU53-53-411","146","Bill Helin Frog Dish Towell","","Bill Helin Linge à Vaisselle Grenouille","0","15","6.5","0"
"SKU: 53-53-416x2","147","Bill Helin Frog Trivel or Coasters","","Bill Helin Sous-plat ou Sous-verre Grenouille","0","14","6.3","0"
"SKU: 53-53-554","148","Bill Helin Hummingbird Apron","","Bill Helin Tablier Colibri","0","36.95","16","0"
"SKU: 53-53-550","149","Bill Helin Hummingbird Embroidered Tea Towel","","Bill Helin Linge à Vaisselle Brodé Colibri","0","15","6.5","0"
"SKU: 53-53-559","150","Bill Helin Hummingbird Halo Mug","","Bill Helin Tasse Colibri","0","11","4.75","0"
"SKU: 53-53-553","151","Bill Helin Hummingbird Oven Mitt","","Bill Helin Mitaine à four Colibri","0","18.95","8","0"
"SKU: 53-53-552","152","Bill Helin Hummingbird Pot Holder","","Bill Helin Poignée à four Colibri","3","14.95","5.75","0"
"SKU: 53-53-551","153","Bill Helin Hummingbird Dish Towel","","Bill Helin Linge à Vaisselle Colibri","0","15","6.5","0"
"SKU: 53-53-558x2","154","Bill Helin Hummingbird Trivet or Coasters","","Bill Helin Sous-plat ou Sous-verre Colibri","0","14.95","6.3","0"
"SKU: 53-53-657","155","Bill Helin Killer Whale Halo Mug","","Bill Helin Tasse Epaulard Noir","0","11","4.75","0"
"SKU: 53-53-652","156","Bill Helin Killer Whale Oven Mitt","","Bill Helin Mitaine à four Epaulard Noir","0","17.25","6.95","0"
"SKU: 53-53-651","157","Bill Helin Killer Whale Pocket Pot Holder","","Bill Helin Linge à Vaisselle en Pochette Epaulard","0","27","11.75","0"
"SKU: 53-53-653","158","Bill Helin Killer Whale Pot Holder","","Bill Helin Poignée à Four Epaulard","3","14.95","5.75","0"
"SKU: 53-53-650","159","Bill Helin Killer Whale Dish Towel","","Bill Helin Linge à Vaisselle Epaulard Noir","0","15","6.5","0"
"SKU: 53-53-656x2","160","Bill Helin Killer Whale Trivet or Coasters","","Bill Helin Sous-plat ou Sous-verre Epaulard Noir","0","14.95","6.3","0"
"SKU: 53-53-437","161","Bill Helin Moose Halo Mug","","Bill Helin Tasse Orignal","0","11","4.75","0"
"SKU: 53-53-432","162","Bill Helin Moose Oven Mitt","","Bill Helin Mitaine à Four Orignal","0","17.25","6.95","0"
"SKU: 53-53-434","163","Bill Helin Moose Pocket Pot Holder","","Bill Helin Linge à Vaisselle en Pochette Orignal","0","27","11.75","0"
"SKU: 53-53-431","164","Bill Helin Moose Pot Holder","","Bill Helin Poignée à four Orignal","0","12.95","4.75","0"
"SKU: 53-53-430","165","Bill Helin Moose Dish Towel","","Bill Helin Linge à Vaisselle Orignal","0","15","6.5","0"
"SKU: 53-53-436x2","166","Bill Helin Moose Trivet or Coasters","","Bill Helin Sous-plat ou Sous-verre Orignal","0","14","6.3","0"
"SKU: 53-53-010","167","Bill Helin Raven Apron","","Bill Helin Tablier de Cuisine Corbeau","1","36.95","16","0"
"SKU: 53-53-016","168","Bill Helin Raven Mug","","Bill Helin Tasse Corbeau","0","11","4.75","0"
"SKU: 53-53-405","169","Bill Helin Raven Embroidered Pot Holder","","Bill Helin Poignée à Four Brodé Corbeau","0","12.95","4.75","0"
"SKU: 53-53-040","170","Bill Helin Raven Halo Mug","","Bill Helin Tasse Corbeau","0","11","4.75","0"
"SKU: 53-53-007","171","Bill Helin Raven Oven Mitt","","Bill Helin Mitaine à Four Corbeau","0","18.95","8","0"
"SKU: 53-53-006","172","Bill Helin Raven Pot Holder","","Bill Helin Poignée à four Corbeau","2","14.95","6.5","0"
"SKU: 53-53-005","173","Bill Helin Raven Dish Towel","","Bill Helin Linge à Vaisselle Corbeau","0","15","6.5","0"
"SKU: 53-53-013x2","174","Bill Helin Raven Trivet or Coasters","","Bill Helin Sous-plat ou Sous-verre Corbeau","0","14","6.3","0"
"SKU: 53-53-045","175","Bill Helin Raven Salad Servers","1063","Bill Helin Ustensiles de Service Corbeau Noir : Couleurs - Rosewood","0","67","29","0"
"SKU: 53-53-045","175","Bill Helin Raven Salad Servers","1064","Bill Helin Ustensiles de Service Corbeau Noir : Couleurs - Charcoal","2","67","29","0"
"SKU: 52-52-797","178","Andrew Williams Hummingbird Mug","","Andrew William Tasse Colibri","0","11","4.75","0"
"SKU: 52-52-792","179","Andrew Williams Hummingbird Oven Mitt","","Andrew William Mitaine à Four Colibri","0","18.95","8","0"
"SKU: 52-52-794","180","Andrew Williams Hummingbird Pocket Pot Holder","","Andrew William Linge à Vaisselle en Pochette Colibri","0","27","11.75","0"
"SKU: 52-52-791","181","Andrew Williams Hummingbird Pot Holder","","Andrew William Poignée à Four Colibri","0","14.95","6.5","0"
"SKU: 52-52-790","182","Andrew Williams Hummingbird Dish Towel","","Andrew William Linge à Vaisselle Colibri","0","15","6.5","0"
"SKU: 52-52-796x2","183","Andrew Williams Hummingbird Trivet or Coasters","","Andrew William Sous-plat ou Sous-verre Colibri","0","14","6.3","0"
"SKU: 52-52-747","184","Andrew Williams Octopus Halo Mug","","Andrew William Tasse Pieuvre","0","11","4.75","0"
"SKU: 52-52-737","185","Andrew Williams Octopus Halo Mug","","Andrew William Tasse Pieuvre","0","11","4.75","0"
"SKU: 52-52-742","186","Andrew Williams Octopus Oven Mitt","","Andrew William Mitaine à Four Pieuvre","0","18.95","8","0"
"SKU: 52-52-732","187","Andrew Williams Octopus Oven Mitt","","Andrew William Mitaine à Four Pieuvre","0","18.95","8","0"
"SKU: 52-52-744","188","Andrew Williams Octopus Pocket Pot Holder","","Andrew William Linge à Vaisselle en Pochette Pieuvre","0","27","11.75","0"
"SKU: 52-52-734","189","Andrew Williams Octopus Pocket Pot Holder","","Andrew William Linge à Vaisselle en Pochette Pieuvre","0","27","11.75","0"
"SKU: 52-52-741","190","Andrew Williams Octopus Pot Holder","","Andrew William Poignée à Four Pieuvre","0","14.95","6.5","0"
"SKU: 52-52-731","191","Andrew Williams Octopus Pot Holder","","Andrew William Poignée à Four Pieuvre","0","14.95","6.5","0"
"SKU: 52-52-740","192","Andrew Williams Octopus Dish Towel","","Andrew William Linge à Vaisselle Pieuvre","0","15","6.5","0"
"SKU: 52-52-730","193","Andrew Williams Octopus Dish Towel","","Andrew William Linge à Vaisselle Pieuvre","0","15","6.5","0"
"SKU: 52-52-745x2","194","Andrew Williams Octopus Trivet or Coasters","","Andrew William Sous-plat ou Sous-verre Pieuvre","0","14.95","6.3","0"
"SKU: 52-52-735x2","195","Andrew Williams Octopus Trivet or Coasters","","Andrew William Sous-plat ou Sous-verre Pieuvre","0","14.95","6.3","0"
"SKU: 51-51-320","196","Anthony Joseph Salmon Glass Charger","","Anthony Joseph Assiette Saumon","0","50","21.75","0"
"SKU: 51-51-322","197","Anthony Joseph Salmon Bowl","","Anthony Joseph Bol Saumon","0","50","21.75","0"
"SKU: 51-51-209","198","Anthony Joseph Salmon Apron","","Anthony Joseph Tablier de Cuisine Saumon","0","36.95","16","0"
"SKU: 51-51-195","199","Anthony Joseph Salmon Tea Towel","","Anthony Joseph Linge à Vaisselle Brodé Saumon","0","15","6.5","0"
"SKU: 51-51-337","200","Anthony Joseph Salmon Halo Mug","","Anthony Joseph Tasse Saumon","0","11","4.75","0"
"SKU: 51-51-332","201","Anthony Joseph Salmon Oven Mitt","","Anthony Joseph Mitaine à Four Saumon","0","18.95","8","0"
"SKU: 51-51-333","202","Anthony Joseph Salmon Pot Holder","","Anthony Joseph Poignée à Four Saumon","0","14.95","6.5","0"
"SKU: 51-51-330","203","Anthony Joseph Salmon Dish Towel","","Anthony Joseph Linge à Vaisselle Saumon","0","15","6.5","0"
"SKU: 51-51-336x2","204","Anthony Joseph Salmon Trivet or Coasters","","Anthony Joseph Sous-plat ou Sous-verre Saumon","0","14.95","6.3","0"
"SKU: 51-51-032","205","Bill Reid ""Children of the Raven"" Apron","","Bill Reid Tablier de Cuisine Les Enfants du Corbeau","0","36.95","16","0"
"SKU: 51-51-019","206","Bill Reid  ""Children of the Raven"" Mug","","Bill Reid Tasse ""Children of the Raven""","0","11","4.75","0"
"SKU: 51-51-006","207","Bill Reid  ""Children of the Raven"" Magnet","","Bill Reid Aimant ""Children of the Raven""","0","6","2.6","0"
"SKU: 51-51-030","208","Bill Reid  ""Children of the Raven"" Oven Mitt","","Bill Reid Mitaine à Four ""Children of the Raven""","0","18.95","6.95","0"
"SKU: 51-51-027","209","Bill Reid ""Children of the Raven"" Pot Holder","","Bill Reid Poignée à Four ""Children of the Raven""","0","14.95","4.75","0"
"SKU: 51-51-001","210","Bill Reid  ""Children of the Raven"" Dish Towel","","Bill Reid Linge à Vaisselle ""Children of the Raven""","0","15","6.5","0"
"SKU: 51-51-018x2","211","Bill Reil  ""Children of the Raven"" Trivet or Coasters","","Bill Reil Sous-plat ou Sous-verre ""Children of the Raven""","0","14","6.3","0"
"SKU: 51-51-523","212","Clifton Fred ""Bear Box"" Mug","","Clifton Fred Tasse ""Bear Box""","0","11","4.75","0"
"SKU: 51-51-503","213","Clifton Fred ""Bear Box"" Oven Mitt","","Clifton Fred Mitaine à Four ""Bear Box""","0","17.25","6.95","0"
"SKU: 51-51-502","214","Clifton Fred ""Bear Box"" Pot Holder","","Clifton Fred Poignée à Four ""Bear Box""","0","12.95","4.75","0"
"SKU: 51-51-501","215","Clifton Fred ""Bear Box"" Dish Towel","","Clifton Fred Linge à Vaisselle ""Bear Box""","0","15","6.5","0"
"SKU: 51-51-521x2","216","Clifton Fred ""Bear Box"" Trivet or Coasters","","Clifton Fred Sous-plat ou Sous-verre ""Bear Box""","0","14","6.3","0"
"SKU: 52-52-432","217","Connie Dickens Raven Oven Mitt","","Connie Dickens Mitaines à Four Corbeau","0","18.95","8","0"
"SKU: 52-52-442","218","Connie Dickens Raven Oven Mitt","","Connie Dickens Mitaines à Four Corbeau","0","18.95","8","0"
"SKU: 52-52-431","221","Connie Dickens Raven Pot Holder","","Connie Dickens Poignée à Four Corbeau","0","14.95","6.5","0"
"SKU: 52-52-441","222","Connie Dickens Raven Pot Holder","","Connie Dickens Poignée à Four Corbeau","0","14.95","6.5","0"
"SKU: 52-52-430","223","Connie Dickens Raven Dish Towel","","Connie Dickens Linge à Vaisselle Corbeau","0","15","6.5","0"
"SKU: 52-52-430","224","Connie Dickens Raven Dish Towel","","Connie Dickens Linge à Vaisselle Corbeau","0","15","6.5","0"
"SKU: 52-52-435x2","225","Connie Dickens Raven Trivet or Coasters","","Connie Dickens Sous-plat ou Sous-verre Corbeau","0","14.95","6.3","0"
"SKU: 52-52-446x2","226","Connie Dickens Raven Trivet or Coasters","","Connie Dickens Sous-plat ou Sous-verre Corbeau","0","14","6.3","0"
"SKU: 52-52-ziptissus","227","Zip Pouch","","Pochette Zip","0","16","6.75","0"
"SKU: 00-04-566","229","Corrine Hunt Namwayut Collection Large Bowl","","Namwayut Large Bol","2","80","34","0"
"SKU: 00-04-561","230","Corrine Hunt Namwayut Collection Large Bowl","","Corrine Hunt Collection Namwayut  Large Bol en forme libre","0","80","34","0"
"SKU: 00-04-567","231","Corrine Hunt Namwayut Collection Large Bowl Set","","Namwayut Large Bol","0","144","62","0"
"SKU: 00-04-562","232","Corrine Hunt Namwayut Collection Large Bowl Set","","Namwayut Large Bol","0","144","62","0"
"SKU: 00-04-565","233","Corrine Hunt Namwayut Collection Small Bowl","","Namwayut Large Bol","0","65","28","0"
"SKU: 00-04-560","234","Corrine Hunt Namwayut Collection Small Bowl","","Namwayut Large Bol","0","65","28","0"
"SKU: 00-04-568","235","Corrine Hunt Collection Namwayut  Salad Servers","","Corrine Hunt Collection Namwayut  Service à Salade","0","67","29","0"
"SKU: 00-04-563","236","Corrine Hunt Collection Namwayut  Salad Servers","","Corrine Hunt Collection Namwayut  Service à Salade","1","67","29","0"
"SKU: 00-04-526","238","Corrine Hunt Sea to Sky Candle Holder","","Corrine Hunt Sea to Sky Chandelier","0","50.95","22","0"
"SKU: 00-04-525","239","Corrine Hunt Sea to Sky Candle Holder","","Corrine Hunt Sea to Sky Chandelier","0","48.45","21","0"
"SKU: 00-04-531","240","Corrine Hunt Sea to Sky Cheese Knife","","Corrine Hunt Sea to Sky Couteau à Fromage","2","56","22","0"
"SKU: 00-04-528","241","Corrine Hunt Sea to Sky Table Napkin Ring","","Corrine Hunt Sea to Sky Anneau de Serviette de Table","1","14","6.05","0"
"SKU: 00-04-523","242","Corrine Hunt Sea to Sky Hostess Platter","","Corrine Hunt Sea to Sky Plateau d'Hôte","0","42","18","0"
"SKU: 00-04-522","243","Corrine Hunt Sea to Sky Hostess Platter","","Corrine Hunt Sea to Sky Plateau d'Hôte","0","78","34","0"
"SKU: 04-04-521","244","Corrine Hunt Sea to Sky Hostess Platter","","Corrine Hunt Sea to Sky Plateau d'Hôte","0","70","30","0"
"SKU: 00-04-520","245","Corrine Hunt Sea to Sky Hostess Platter","","Corrine Hunt Sea to Sky Plateau d'Hôte","0","63","27","0"
"SKU: 00-04-532","246","Corrine Hunt Sea to Sky Pâté Knife","","Corrine Hunt Sea to Sky Couteau à Pâté","0","46","20","0"
"SKU: 00-06-914","247","Corrine Hunt Sea to Sky Cheese Knife","","Corrine Hunt Sea to Sky Couteau à Fromage","0","74","32","0"
"SKU: 00-06-915","248","Corrine Hunt Sea to Sky Cheese Knife and Fork Set","","Corrine Hunt Sea to Sky Couteau à Fromage","1","88","38","0"
"SKU: 00-04-524","249","Corrine Hunt Collection Namwayut  Salad Servers","","Corrine Hunt Collection Namwayut  Service à Salade","0","67","29","0"
"A00048-7-POD2884","251","Card - The Protector","","Carte - Le Protecteur","5","6.35","2.75","0"
"SKU: 52-52-618","253","Jim Charlie Tablier Raven Apron","","Jim Charlie Tablier de cuisine Corbeau","1","36.95","16","0"
"SKU: 52-52-622","255","Jim Charlie Raven Halo Mug","","Jim Charlie Tasse Corbeau","0","11","4.75","0"
"SKU: 52-52-617","256","Jim Charlie Mitaine Raven Oven Mitt","","Jim Charlie Mitaine à four Corbeau","0","18.95","8","0"
"A01003-POD2575","257","Card - Sky Girl","","Carte - Fille du Ciel","12","6.35","2.75","0"
"SKU: 52-52-627","259","Jim Charlie Raven Oven Mitt","","Jim Charlie Mitaine à four Corbeau","1","18.95","8","0"
"SKU:52-52-616","261","Jim Charlie Raven Pocket Pot Holder","","Jim Charlie Linge à vaisselle en pochette Corbeau","0","32","14","0"
"A04060-20083","262","Card - Passing Through","","Carte - Traversée","11","6.35","2.75","0"
"SKU:52-52-626","264","Jim Charlie Raven Pocket Pot Holder","","Jim Charlie Linge à vaisselle en pochette Corbeau","0","32","14","0"
"SKU: 52-52-619","266","Jim Charlie Raven Pot Holder","","Jim Charlie Poignée à four Corbeau","1","14.95","5.75","0"
"SKU: 52-52-629","267","Jim Charlie Raven Pot Holder","","Jim Charlie Poignée à four Corbeau","0","14.95","6.5","0"
"A09054-20087","268","Card - Tranquility","","Carte - Tranquillité","9","6.35","2.75","0"
"SK52-52-615","269","Jim Charlie Raven Dish Towel","","Jim Charlie Linge à vaisselle Corbeau","0","15","5.9","0"
"SK52-52-625","272","Jim Charlie Raven Dish Towel","","Jim Charlie Linge à vaisselle Corbeau","0","15","5.9","0"
"SKU: 52-52-621x2","274","Jim Charlie Raven Trivet or Coasters","","Jim Charlie Sous-plat ou Sous-verre Corbeau","0","14.95","5.25","0"
"SKU: 52-52-647","277","Jim Charlie Salmon Halo Mug","","Jim Charlie Tasse Saumon","0","11","4.75","0"
"SKU: 52-52-607","279","Jim Charlie Wolf Oven Mitt","","Jim Charlie Mitaine à four  Loup","0","17.25","6.95","0"
"SKU:52-52-644","281","Jim Charlie Salmon Pocket Pot Holder","","Jim Charlie Linge à vaisselle en pochette Corbeau","0","32","14","0"
"SKU: 52-52-609","283","Jim Charlie Wolf Pot Holder","","Jim Charlie Poignée à four Loup","2","12.95","4.75","0"
"SK52-52-640","284","Jim Charlie Salmon Dish Towel","","Jim Charlie Linge à vaisselle Saumon","0","15","5.9","0"
"A10044-POD2572","285","Card - The Return","","Carte - Le Retour","9","6.35","2.75","0"
"SKU: 52-52-646x2","286","Jim Charlie Salmon Trivet or Coasters","","Jim Charlie Sous-plat ou Sous-verre Saumon","0","14.95","5.25","0"
"SKU:52-52-606","289","Jim Charlie Linge Wolf Pocket Pot Holder","","Jim Charlie Linge à vaisselle en pochette Loup","0","27","11.5","0"
"A13056-POD2568","290","Card - Otherness","","Carte - Altérité","11","6.35","2.75","0"
"SK52-52-605","291","Jim Charlie Wolf Dish Towel","","Jim Charlie Linge à vaisselle Loup","0","15","5.9","0"
"A13057-POD2567","294","Card - Origins","","Carte - Origines","8","6.35","2.75","0"
"SKU: 51-51-805","296","Klatle-Bhi Killer Whale Apron","","Klatle-Bhi Tablier de cuisine Épaulard","0","36.95","16","0"
"SKU: 51-51-811","298","Klatle-Bhi Killer Whale Mug","","Klatle-Bhi Tasse Épaulard","0","11","4.75","0"
"A16051-POD2566","299","Card - Northern Keepers","","Carte - Gardiens du Nord","10","6.35","2.75","0"
"SKU: 51-51-801","300","Klatle-Bhi Killer Whale Pot Holder","","Klatle-Bhi Poignée à four Épaulard","0","12.95","4.75","0"
"SKU: 51-51-718","302","Klatle-Bhi Moon Mask Dish Towel","","Klatle-Bhi Linge à vaisselle Moon Mask","0","15","5.9","0"
"A16052-POD2586","304","Card - Zenith","","Carte - Zénith","27","6.35","2.75","0"
"SKU: 51-51-710x2","306","Klatle-Bhi Moon Mask Trivet or Coasters","","Klatle-Bhi Sous-plat ou Sous-verre Moon Mask","0","14.95","6.3","0"
"SKU: 51-51-702","308","Klatle-Bhi Moon Mask Oven Mitt","","Klatle-Bhi Mitaine à four Moon Mask","0","18.95","8","0"
"A16058-POD2574","309","Card - Silent Seekers","","Carte - En quête de silence","9","6.35","2.75","0"
"A16059-POD2582","313","Card - Wisdom Keepers","","Carte - Gardiens de la Sagesse","9","6.35","2.75","0"
"A95053-20081","315","Card - Messenger","","Carte - Messager","15","6.35","2.75","0"
"A14051-POD2554","318","Card - Gezaluwejit","","Carte - Gezaluwejit","11","6.35","2.75","0"
"W13026-7","321","Card - In Her World","","Carte - Dans Son Monde","9","5.5","2.5","0"
"W13047-POD2560","324","Card - Inner Memories","","Carte - Mémoires Ancestrales","11","6.35","2.75","0"
"SKU: 51-51-713","327","Klatle-Bhi Moon Mask Mug","","Klatle-Bhi Tasse Moon Mask","0","11","4.75","0"
"SKU: 51-51-717","328","Klatle-Bhi Moon Mask Halo Mug","","Klatle-Bhi Tasse Moon Mask","0","11","4.75","0"
"SKU: 51-51-802","329","Klatle-Bhi Killer Whale Oven Mitt","","Klatle-Bhi Mitaine à four Épaulard","0","17.25","6.95","0"
"SKU: 51-51-701","330","Klatle-Bhi Moon Mask Pot Holder","","Klatle-Bhi Poignée à four Moon Mask","0","14.95","6.5","0"
"A11052-7","331","Card - Curiously","","Carte - Curieusement","0","5.5","2.5","0"
"A12050-POD2559","332","Card - Ice Dream","","Carte - Rêve de Glace","9","6.35","2.75","0"
"W13027-7","335","Card - Playing With Shadows","","Carte - Jeux d'Ombres","2","5.5","2.5","0"
"W13053-20086","338","Card - Roots Of Another World","","Carte - Racines d'un Autre Monde","9","6.35","2.75","0"
"A01038-7","341","Card - Harmony","","Carte - Harmonie","17","5.5","2.5","0"
"A01040-7","344","Card - Sharing","","Carte - Partage","42","5.5","2.5","0"
"A13042-POD2549","347","Card - Carried Away","","Carte - Emportée","7","6.35","2.75","0"
"W13023-POD2887","350","Card - Water and Spirit Buffalo","","Carte - Eau et Esprit du Bison","11","6.35","2.75","0"
"SKU: 00-04-529","353","Corrine Hunt Sea to Sky Belt Buckle","","Corrine Hunt Sea to Sky Boucle de Ceinture","0","34","14.5","0"
"SKU: 00-04-530","354","Corrine Hunt Sea to Sky Belt Buckle","","Corrine Hunt Boucle de Ceinture","0","34","14.5","0"
"SKU: 52-52-414","355","Connie Dickens Raven Bucket Tote Bag","","Connie Dickens Sac Bandoulière Corbeau","0","56","24","0"
"SKU: 52-52-413","356","Connie Dickens Raven Zip Tote Bag","","Connie Dickens Sac Bandoulière Corbeau","0","52","22","0"
"SKU: 52-52-412","357","Connie Dickens Raven Town Bag","","Connie Dickens Sacoche Bandoulière Corbeau","2","56","24","0"
"SKU: 52-52-411","358","Connie Dickens Raven Passport Bag","","Connie Dickens Sacoche à Passeport Corbeau","3","40","16.75","0"
"SKU: 52-52-410","359","Connie Dickens Raven Zip Pouch","","Connie Dickens Pochette Zip Corbeau","2","20","8.25","0"
"SKU: 52-52-415","360","Connie Dickens Raven Coin Purse","","Connie Dickens Porte-Monnaie Corbeau","0","15","6.5","0"
"SKU: 52-52-865","361","Kelly Robinson Eagle Bucket Tote Bag","","Kelly Robinson Sac à Bandoulière Aigle","0","56","24","0"
"SKU: 52-52-855","362","Kelly Robinson Eagle Bucket Tote Bag","","Kelly Robinson Sac à Bandoulière Aigle","0","56","24","0"
"SKU: 52-52-864","363","Kelly Robinson Eagle Zip Tote Bag","","Kelly Robinson Sac à Bandoulière Aigle","0","52","22","0"
"SKU: 52-52-854","364","Kelly Robinson Eagle Zip Tote Bag","","Kelly Robinson Sac à Bandoulière Aigle","0","52","22","0"
"SKU: 52-52-866","365","Kelly Robinson Eagle Coin Purse","","Kelly Robinson Porte-Monnaie Aigle","0","15","6.5","0"
"SKU: 52-52-856","366","Kelly Robinson Eagle Coin Purse","","Kelly Robinson Porte-Monnaie Aigle","1","15","6.5","0"
"SKU: 52-52-861","367","Kelly Robinson Eagle Passport Purse","","Kelly Robinson Sacoche à Passeport Aigle","1","40","16.75","0"
"SKU: 52-52-851","368","Kelly Robinson Eagle Passport Purse","","Kelly Robinson Sacoche à Passeport Aigle","2","40","16.75","0"
"SKU: 52-52-863","369","Kelly Robinson Eagle Town Bag","","Kelly Robinson Sacoche Bandoulière Aigle","2","56","24","0"
"SKU: 52-52-853","370","Kelly Robinson Eagle Town Bag","","Kelly Robinson Sacoche Bandoulière Aigle","3","56","21","0"
"SKU: 52-52-860","371","Kelly Robinson Eagle Zip Pouch","","Kelly Robinson Pochette Zip Aigle","2","20","8.25","0"
"SKU: 52-52-850","372","Kelly Robinson Eagle Zip Pouch","","Kelly Robinson Pochette Zip Aigle","1","20","8.25","0"
"SKU: 00-07-730x3","373","Corrine Hunt Silk Inspiration Bangle","1038","Corrine Hunt Inspiration de Soie - Bracelet : Taille - P","0","54","23.5","0"
"SKU: 00-07-730x3","373","Corrine Hunt Silk Inspiration Bangle","1039","Corrine Hunt Inspiration de Soie - Bracelet : Taille - M","1","54","23.5","0"
"SKU: 00-07-730x3","373","Corrine Hunt Silk Inspiration Bangle","1040","Corrine Hunt Inspiration de Soie - Bracelet : Taille - L","0","54","23.5","0"
"SKU: 00-07-733x3","374","Corrine Hunt Silk Inspiration Bangle","1035","Corrine Hunt Inspiration de Soie - Bracelet : Taille - P","0","54","23.5","0"
"SKU: 00-07-733x3","374","Corrine Hunt Silk Inspiration Bangle","1036","Corrine Hunt Inspiration de Soie - Bracelet : Taille - M","1","54","23.5","0"
"SKU: 00-07-733x3","374","Corrine Hunt Silk Inspiration Bangle","1037","Corrine Hunt Inspiration de Soie - Bracelet : Taille - L","1","54","23.5","0"
"SKU: 00-07-750x2","375","Corrine Hunt Silk Inspiration Cuff Bracelet","1033","Corrine Hunt Inspiration de Soie Bracelet : Taille - P","1","60","26","0"
"SKU: 00-07-750x2","375","Corrine Hunt Silk Inspiration Cuff Bracelet","1034","Corrine Hunt Inspiration de Soie Bracelet : Taille - M","1","60","26","0"
"SKU: 00-07-752x2","376","Corrine Hunt Silk Inspiration Cuff Bracelet","1031","Corrine Hunt Inspiration de Soie Bracelet : Taille - P","0","60","26","0"
"SKU: 00-07-752x2","376","Corrine Hunt Silk Inspiration Cuff Bracelet","1032","Corrine Hunt Inspiration de Soie Bracelet : Taille - M","0","60","26","0"
"SKU: 00-07-666","377","Corrine Hunt Silk Inspiration Drop Earrings","","Corrine Hunt Inspiration de Soie Boucles d'Oreilles","1","50","21.5","0"
"SKU: 00-07-662","378","Corrine Hunt Silk Inspiration Drop Earrings","","Corrine Hunt Inspiration de Soie Boucles d'Oreilles","2","50","21.5","0"
"SKU: 00-07-664","379","Corrine Hunt Silk Inspiration Oval Earrings","","Corrine Hunt Inspiration de Soie Boucles d'Oreilles","2","50","21.5","0"
"SKU: 00-07-674","380","Corrine Hunt Silk Inspiration Drop Earrings","","Corrine Hunt Inspiration de Soie Boucles d'Oreilles","3","50","21.5","0"
"SKU: 00-07-660","381","Corrine Hunt Silk Inspiration Oval Earrings","","Corrine Hunt Inspiration de Soie Boucles d'Oreilles","1","50","21.5","0"
"SKU: 00-07-672","382","Corrine Hunt Silk Inspiration Oval Earrings","","Corrine Hunt Inspiration de Soie Boucles d'Oreilles","1","50","21.5","0"
"SKU: 00-07-667","383","Corrine Hunt Silk Inspiration Trapezoid Earrings","","Corrine Hunt Inspiration de Soie Boucles d'Oreilles","2","50","21.5","0"
"SKU: 00-07-663","384","Corrine Hunt Silk Inspiration Trapezoid Earrings","","Corrine Hunt Inspiration de Soie Boucles d'Oreilles","2","50","21.5","0"
"SKU: 00-07-675","385","Corrine Hunt Silk Inspiration Trapezoid Earrings","","Corrine Hunt Inspiration de Soie Boucles d'Oreilles","1","50","21.5","0"
"SKU: 00-07-665","386","Corrine Hunt Silk Inspiration Triangle Earrings","","Corrine Hunt Inspiration de Soie Boucles d'Oreilles","1","50","21.5","0"
"SKU: 00-07-661","387","Corrine Hunt Silk Inspiration Triangle Earrings","","Corrine Hunt Inspiration de Soie Boucles d'Oreilles","1","50","21.5","0"
"SKU: 00-07-673","388","Corrine Hunt Silk Inspiration Triangle Earrings","","Corrine Hunt Inspiration de Soie Boucles d'Oreilles","2","50","21.5","0"
"SKU: 00-07-653","389","Corrine Hunt Silk Inspiration Oval Pendant","","Corrine Hunt Inspiration de Soie Pendentif","0","46","20","0"
"SKU: 00-07-657","391","Corrine Hunt Silk Inspiration Oval Pendant","","Corrine Hunt Inspiration de Soie Pendentif","2","46","20","0"
"SKU: 00-07-654","392","Corrine Hunt Silk Inspiration Round Pendant","","Corrine Hunt Inspiration de Soie Pendentif","1","46","20","0"
"SKU: 00-07-652","393","Corrine Hunt Silk Inspiration Round Pendant","","Corrine Hunt Inspiration de Soie Pendentif","1","46","20","0"
"SKU: 00-07-658","394","Corrine Hunt Silk Inspiration Round Pendant","","Corrine Hunt Inspiration de Soie Pendentif","1","46","20","0"
"SKU: 00-07-739x3","395","Kelly Robinson Silk Inspiration Bangle","1028","Kelly Robinson Inspiration de Soie Bracelet : Taille - P","2","54","23.5","0"
"SKU: 00-07-739x3","395","Kelly Robinson Silk Inspiration Bangle","1029","Kelly Robinson Inspiration de Soie Bracelet : Taille - M","0","54","23.5","0"
"SKU: 00-07-739x3","395","Kelly Robinson Silk Inspiration Bangle","1030","Kelly Robinson Inspiration de Soie Bracelet : Taille - L","2","54","23.5","0"
"SKU: 00-07-736x3","396","Kelly Robinson Silk Inspiration Bangle","1025","Kelly Robinson Inspiration de Soie Bracelet : Taille - P","0","54","23.5","0"
"SKU: 00-07-736x3","396","Kelly Robinson Silk Inspiration Bangle","1026","Kelly Robinson Inspiration de Soie Bracelet : Taille - M","0","54","23.5","0"
"SKU: 00-07-736x3","396","Kelly Robinson Silk Inspiration Bangle","1027","Kelly Robinson Inspiration de Soie Bracelet : Taille - L","0","54","23.5","0"
"SKU: 00-07-756x2","397","Kelly Robinson Silk Inspiration Cuff Bracelet","1023","Kelly Robinson Inspiration de Soie Bracelet : Taille - P","1","60","26","0"
"SKU: 00-07-756x2","397","Kelly Robinson Silk Inspiration Cuff Bracelet","1024","Kelly Robinson Inspiration de Soie Bracelet : Taille - M","1","60","26","0"
"SKU: 00-07-754x2","398","Kelly Robinson Silk Inspiration Cuff Bracelet","1021","Kelly Robinson Inspiration de Soie Bracelet : Taille - P","1","60","26","0"
"SKU: 00-07-754x2","398","Kelly Robinson Silk Inspiration Cuff Bracelet","1022","Kelly Robinson Inspiration de Soie Bracelet : Taille - M","1","60","26","0"
"SKU: 00-07-670","399","Kelly Robinson Silk Inspiration Drop Earrings","","Kelly Robinson Inspiration de Soie Boucles d'Oreilles","2","50","21.5","0"
"SKU: 00-07-678","400","Kelly Robinson Silk Inspiration Drop Earrings","","Kelly Robinson Inspiration de Soie Boucles d'Oreilles","1","50","21.5","0"
"SKU: 00-07-668","401","Kelly Robinson Silk Inspiration Oval Earrings","","Kelly Robinson Inspiration de Soie Boucles d'Oreilles","2","50","21.5","0"
"SKU: 00-07-676","402","Kelly Robinson Silk Inspiration Oval Earrings","","Kelly Robinson Inspiration de Soie Boucles d'Oreilles","0","50","21.5","0"
"SKU: 00-07-679","403","Kelly Robinson Silk Inspiration Trapezoid Earrings","","Kelly Robinson Inspiration de Soie Boucles d'Oreilles","0","50","21.5","0"
"SKU: 00-07-671","404","Kelly Robinson Silk Inspiration Trapezoid Earrings","","Kelly Robinson Inspiration de Soie Boucles d'Oreilles","2","50","21.5","0"
"SKU: 00-07-669","405","Kelly Robinson Silk Inspiration Triangle Earrings","","Kelly Robinson Inspiration de Soie Boucles d'Oreilles","2","50","21.5","0"
"SKU: 00-07-677","406","Kelly Robinson Silk Inspiration Triangle Earrings","","Kelly Robinson Inspiration de Soie Boucles d'Oreilles","1","50","21.5","0"
"SKU: 00-07-655","407","Kelly Robinson Silk Inspiration Oval Pendant","","Kelly Robinson Inspiration de Soie Pendentif","2","46","20","0"
"SKU: 00-07-631","408","Kelly Robinson Silk Inspiration Oval Pendant","","Kelly Robinson Inspiration de Soie Pendentif","1","46","20","0"
"SKU: 00-07-632","409","Kelly Robinson Silk Inspiration Round Pendant","","Kelly Robinson Inspiration de Soie Pendentif","2","46","20","0"
"SKU: 00-07-656","410","Kelly Robinson Silk Inspiration Round Pendant","","Kelly Robinson Inspiration de Soie Pendentif","2","46","16.5","0"
"SKU: 00-07-562x2","418","Andrew Williams Octopus Bracelet","7525","Andrew Williams Bracelet Pieuvre : Taille - 6.5""","0","110.95","45","0"
"SKU: 00-07-562x2","418","Andrew Williams Octopus Bracelet","7526","Andrew Williams Bracelet Pieuvre : Taille - 8""","2","110.95","45","0"
"SKU: 00-07-563x2","420","Andrew Williams Octopus Pendant","","Andrew Williams Pendentif Pieuvre","1","90","39","0"
"SKU: 00-07-560x2","422","Andrew Williams Raven Pendant","","Andrew Williams Pendentif Corbeau","1","90","39","0"
"00-07-581","423","Bill Helin Raven Bracelet","","Andrew Williams Bracelet Corbeau","0","110.95","48","0"
"SKU: 00-07-528","424","Corrine Hunt Eagle Earrings","","Corrine Hunt Boucles d'Oreilles Aigle (Air)","1","80","34.5","0"
"SKU: 00-07-503","425","Corrine Hunt Killer Whale Pendant","","Corrine Hunt Pendentif  Épaulard","1","82","35.5","0"
"SKU: 00-07-520","426","Corrine Hunt Eagle Earrings","","Corrine Hunt Boucles d'Oreilles Aigle","1","85","37","0"
"SKU: 00-07-530","427","Corrine Hunt Eagle Earrings","","Corrine Hunt Boucles d'Oreilles Aigle","0","85","37","0"
"SKU: 00-07-504","428","Corrine Hunt Wolf Pendant","","Corrine Hunt Pendentif Loup","2","82","35.5","0"
"SKU: 00-07-529","429","Corrine Hunt Wolf Earrings","","Corrine Hunt Boucles d'Oreilles Loup","1","80","34.5","0"
"SKU: 00-07-521","430","Corrine Hunt Killer Whale Earrings","","Corrine Hunt Boucles d'Oreilles Épaulard","1","85","37","0"
"SKU: 00-07-508","431","Corrine Hunt Eagle Pendant","","Corrine Hunt Pendentif Aigle","1","90","39","0"
"SKU: 00-07-523","434","Corrine Hunt Killer Whale Earrings","","Corrine Hunt Boucles d'Oreilles Épaulard","0","85","37","0"
"SKU: 00-07-501","435","Corrine Hunt Killer Whale Pendant","1015","Corrine Hunt Pendentif  Épaulard : Taille - P","0","60","27","35.5"
"SKU: 00-07-501","435","Corrine Hunt Killer Whale Pendant","1016","Corrine Hunt Pendentif  Épaulard : Taille - L","1","86","27","37.5"
"SKU: 00-07-500","436","Corrine Hunt Eagle Pendant","","Corrine Hunt Pendentif Aigle","2","82","35.5","0"
"SKU: 00-07-524","437","Corrine Hunt Wolf Earrings","","Corrine Hunt Boucles d'Oreilles Loup","1","85","37","0"
"SKU: 00-07-509","439","Corrine Hunt Wolf Pendant","11700","Corrine Hunt Pendentif Loup : Bijoux - Chaîne en argent","1","90","39","39"
"SKU: 00-07-509","439","Corrine Hunt Wolf Pendant","11701","Corrine Hunt Pendentif Loup : Bijoux - Cordon Satin Noir","0","74","39","32"
"SKU: 00-07-594","440","Corrine Hunt Eagle Pendant","","Corrine  Hunt Pendentif Aigle","0","82","28","0"
"SKU: 00-07-507","442","Corrine Hunt Eagle Pendant","6556","Corrine  Hunt Pendentif Aigle : Bijoux - Chaîne en argent","1","82","28","35.5"
"SKU: 00-07-507","442","Corrine Hunt Eagle Pendant","6557","Corrine  Hunt Pendentif Aigle : Bijoux - Cordon Satin Noir","0","74","28","31.5"
"SKU: 00-07-505","443","Corrine Hunt Eagle Pendant","","Corrine  Hunt Pendentif Aigle","1","82","35.5","0"
"SKU: 00-07-595","444","Corrine Hunt Killer Whale Pendant","","Corrine  Hunt Pendentif Épaulard","1","76","32","0"
"SKU: 00-07-506","445","Corrine Hunt Eagle Pendant","","Corrine Hunt Pendentif Aigle","0","82","35.5","0"
"SKU: 00-07-570x2","447","Kelly Robinson Eagle Bracelet","7830","Kelly Robinson Bracelet Aigle : Taille - 6.5""","0","110.95","48","0"
"SKU: 00-07-570x2","447","Kelly Robinson Eagle Bracelet","7831","Kelly Robinson Bracelet Aigle : Taille - 8""","0","110.95","48","0"
"SKU: 00-07-571x2","448","Kelly Robinson Hummingbird Bracelet","7523","Kelly Robinson Bracelet Colibri : Taille - 6.5""","0","110.95","0","48"
"SKU: 00-07-571x2","448","Kelly Robinson Hummingbird Bracelet","7524","Kelly Robinson Bracelet Colibri : Taille - 8""","0","110.95","0","45"
"SKU: 00-04-703","449","Moon Mask Cribbage Board","","Jeu de Crib Moon Mask","0","196","85","0"
"SKU: 00-04-702","451","Cribbage Board","","Jeu de Crib","1","180","72","0"
"SKU: 00-04-495","452","Keith Tait Frog Box","","Keith Tait Coffret  Grenouille","1","81","35","0"
"SKU: 90-90-252","454","John Robson CMH Clamshell Box Watch","11706","John Robson Coffret Coquille de Mollusque : Taille - M","0","345","450","150"
"SKU: 90-90-252","454","John Robson CMH Clamshell Box Watch","11707","John Robson Coffret Coquille de Mollusque : Taille - L","0","1050","450","450"
"SKU: 90-90-250","455","CMH Dogfish Box","","Coffret Haida Gwaii Chien de Mer","0","62","27","0"
"SKU: 90-90-251","456","CMH Sea Monster Box","","Coffret Haida Gwaii Loup de Mer","0","76","33","0"
"SKU: 90-90-152","457","Haida Gwaii Beaver Bowl","","Bol Haida Gwaii Castor","1","230","92","0"
"SKU: 90-90-150","458","Haida Gwaii Frog Bowl","","Bol Haida Gwaii Grenouille","1","65","28","0"
"SKU: 90-90-151","459","Haida Gwaii Frog Bowl","","Bol Haida Gwaii Grenouille","0","80.95","35","0"
"SKU: 90-90-200","460","Haida Gwaii Halibut Plate","","Plat Potlatch Haida Gwaii Flétan","0","152","66","0"
"SKU: 90-90-201","461","Haida Gwaii Killer Whale Plate","","Plat Haida Gwaii Épaulard","1","182","72","0"
"SKU: 90-90-208","462","Haida Gwaii Octopus Platter","","Plat Potlatch  Haida Gwaii Pieuvre","1","355","154","0"
"SKU: 90-90-203","463","Haida Gwaii Sea Wolf Platter","","Plat Haida Gwaii Loup de Mer","1","448","180","0"
"SKU: 90-90-206","464","Haida Gwaii Dogfish Platter","","Plat Potlatch  Haida Gwaii Chien de Mer","0","230","97","0"
"SKU: 90-90-202","465","Haida Gwaii Thunderbird/Whale Platter","","Plat Haida Gwaii L'Oiseau-Tonnerre/Baleine","0","254","110","0"
"SKU: 90-90-003","466","Haida Gwaii Bear/Dogfish Totem","","Totem Haida Gwaii Ours/Chien de Mer","0","50.95","22","0"
"SKU: 90-90-001","467","Haida Gwaii Bear/Halibut Totem","","Totem Haida Gwaii Ours/Flétan","0","38.5","16.75","0"
"SKU: 90-90-009","468","Haida Gwaii Bear Mother Totem","","Totem Haida Gwaii Ours/Mère","0","230","100","0"
"SKU: 90-90-004","469","Haida Gwaii Bear/Raven Totem","","Totem Haida Gwaii Ours/Corbeau","0","76","33","0"
"SKU: 90-90-002","471","Haida Gwaii Bear/Salmon Totem","","Totem Haida Gwaii Ours/Saumon","0","50.95","22","0"
"SKU: 90-90-008","472","Haida Gwaii Beaver/Bear/Killer Whale Totem","","Totem Haida Gwaii Castor/Ours/Épaulard","0","104","45","0"
"SKU: 90-90-010","473","Haida Gwaii Eagle Totem","","Totem Haida Gwaii Aigle","0","299","130","0"
"SKU: 90-90-006","474","Haida Gwaii Raven Totem","","Totem Haida Gwaii Corbeau","0","82.95","36","0"
"SKU: 90-90-005","475","Haida Gwaii Raven/Beaver Totem","","Totem Haida Gwaii Corbeau/Castor","0","76","33","0"
"SKU: 90-90-007","476","Haida Gwaii Shaman/Raven/Beaver Totem","","Totem Haida Gwaii Shaman/Corbeau/Castor","0","104","45","0"
"SKU: 00-02-826","477","Potlatch Bear Dish","","Plat Potlatch Ours","2","116","50.5","0"
"SKU: 00-02-816","478","Potlatch Bear Bowl","","Bol Potlatch Ours","0","299","130","0"
"SKU: 00-02-815","479","Potlatch Dogfish Bowl","","Bol Potlatch Chien de Mer en bois","0","222","96","0"
"SKU: 00-02-822","480","Potlatch Frog Bowl","","Bol Potlatch Grenouille","3","116","50.5","0"
"SKU: 00-02-823","481","Potlatch Loon Bowl","","Bol Potlatch Huard","0","116","50.5","0"
"SKU: 00-02-824","482","Potlatch Raven Bowl","","Bol Potlatch Corbeau","1","116","50.5","0"
"SKU: 00-02-814","483","Potlatch Raven Bowl","","Bol Potlatch Corbeau","1","184","96","0"
"SKU: 54-54-116","485","Moccasins Bear Box","1087","Mocassins Bear Box : Pointure - 18 mois","0","92","40","0"
"SKU: 54-54-116","485","Moccasins Bear Box","1088","Mocassins Bear Box : Pointure - 24 mois","0","92","40","0"
"SKU: 54-54-116","485","Moccasins Bear Box","1089","Mocassins Bear Box : Pointure - 36 mois","4","92","40","0"
"SKU-54-54-380","489","City Bag, Bear Box","4027","Sacoche à Bandoulière, Bear Box : Couleurs - Noir","0","110","48","0"
"SKU-54-54-380","489","City Bag, Bear Box","4029","Sacoche à Bandoulière, Bear Box : Couleurs - Turquoise","0","110","48","0"
"SKU-54-54-380","489","City Bag, Bear Box","4030","Sacoche à Bandoulière, Bear Box : Couleurs - Noisette","1","110","48","0"
"SKU: 54-54-206x12","501","Bear Box Coin Purse","106","Porte-monnaie Bear Box : Couleurs - Noir","0","34.5","15","0"
"SKU: 54-54-206x12","501","Bear Box Coin Purse","107","Porte-monnaie Bear Box : Couleurs - Rouge","0","34.5","15","0"
"SKU: 54-54-206x12","501","Bear Box Coin Purse","110","Porte-monnaie Bear Box : Couleurs - Turquoise","0","34.5","15","0"
"SKU: 54-54-206x12","501","Bear Box Coin Purse","112","Porte-monnaie Bear Box : Couleurs - Noir chevreuil","0","34.5","15","0"
"SKU: 54-54-206x12","501","Bear Box Coin Purse","113","Porte-monnaie Bear Box : Couleurs - Rouge chevreuil","0","34.5","15","0"
"SKU: 54-54-206x12","501","Bear Box Coin Purse","114","Porte-monnaie Bear Box : Couleurs - Brun pâle chevreuil","0","34.5","15","0"
"SKU: 54-54-206x12","501","Bear Box Coin Purse","115","Porte-monnaie Bear Box : Couleurs - Turquoise chevreuil","0","34.5","15","0"
"SKU: 54-54-206x12","501","Bear Box Coin Purse","9223","Porte-monnaie Bear Box : Couleurs - Beige","1","34.5","15","0"
"SKU: 54-54-395","502","Mini Coin Purse Bear Box","102","Petit Porte-Monnaie Bear Box : Couleurs - Noir","0","32.95","14.5","0"
"SKU: 54-54-395","502","Mini Coin Purse Bear Box","103","Petit Porte-Monnaie Bear Box : Couleurs - Rouge","4","32.95","14.5","0"
"SKU: 54-54-395","502","Mini Coin Purse Bear Box","104","Petit Porte-Monnaie Bear Box : Couleurs - Turquoise","4","32.95","14.5","0"
"SKU: 54-54-395","502","Mini Coin Purse Bear Box","105","Petit Porte-Monnaie Bear Box : Couleurs - Brun pâle","3","32.95","14.5","0"
"SKU: 54-54-395","502","Mini Coin Purse Bear Box","2069","Petit Porte-Monnaie Bear Box : Couleurs - Noisette","0","32.95","14.5","0"
"SKU: 54-54-395","502","Mini Coin Purse Bear Box","3952","Petit Porte-Monnaie Bear Box : Couleurs - Jaune","3","32.95","14.5","0"
"SKU: 54-54-208","509","Passport Pouch Bear Box","4097","Sacoche à Passeport Bear Box : Couleurs - Noir","0","72","31","0"
"SKU: 54-54-208","509","Passport Pouch Bear Box","4098","Sacoche à Passeport Bear Box : Couleurs - Rouge","0","72","31","0"
"SKU: 54-54-208","509","Passport Pouch Bear Box","4099","Sacoche à Passeport Bear Box : Couleurs - Noisette","0","72","31","0"
"SKU: 54-54-208","509","Passport Pouch Bear Box","4100","Sacoche à Passeport Bear Box : Couleurs - Turquoise","1","72","31","0"
"SKU: 54-54-208","509","Passport Pouch Bear Box","4102","Sacoche à Passeport Bear Box : Couleurs - Bleu sarcelle","1","72","31","0"
"SKU: 54-54-208","509","Passport Pouch Bear Box","4121","Sacoche à Passeport Bear Box : Couleurs - Bronze","0","72","31","0"
"SKU: 54-54-208","509","Passport Pouch Bear Box","7834","Sacoche à Passeport Bear Box : Couleurs - Crème","0","72","31","0"
"SKU: 54-54-208","509","Passport Pouch Bear Box","9129","Sacoche à Passeport Bear Box : Couleurs - Jaune","0","72","31","0"
"SKU: 54-54-203","518","Embossed Solo Bag Bear Box","8523","Sacoche à Bandoulière, Bear Box : Couleurs - Noir","0","120","52","0"
"SKU: 54-54-203","518","Embossed Solo Bag Bear Box","8524","Sacoche à Bandoulière, Bear Box : Couleurs - Rouge","0","120","52","0"
"SKU: 54-54-203","518","Embossed Solo Bag Bear Box","8525","Sacoche à Bandoulière, Bear Box : Couleurs - Brun","0","120","52","0"
"SKU: 54-54-203","518","Embossed Solo Bag Bear Box","8526","Sacoche à Bandoulière, Bear Box : Couleurs - Turquoise","0","120","52","0"
"SKU: 54-54-203","518","Embossed Solo Bag Bear Box","8527","Sacoche à Bandoulière, Bear Box : Couleurs - Noir chevreuil","0","120","52","0"
"SKU: 54-54-203","518","Embossed Solo Bag Bear Box","8528","Sacoche à Bandoulière, Bear Box : Couleurs - Rouge chevreuil","0","120","52","0"
"SKU: 54-54-203","518","Embossed Solo Bag Bear Box","8529","Sacoche à Bandoulière, Bear Box : Couleurs - Beige Chevreuil","0","120","52","0"
"SKU: 54-54-203","518","Embossed Solo Bag Bear Box","8530","Sacoche à Bandoulière, Bear Box : Couleurs - Tan Chevreuil","0","120","52","0"
"SKU: 54-54-203","518","Embossed Solo Bag Bear Box","8531","Sacoche à Bandoulière, Bear Box : Couleurs - Turquoise chevreuil","1","120","52","0"
"SKU: 54-54-232","525","Wristlet Bear Box","4078","Sacoche de Soirée, Bear Box : Couleurs - Noir","0","56","24","0"
"SKU: 54-54-232","525","Wristlet Bear Box","4079","Sacoche de Soirée, Bear Box : Couleurs - Rouge","0","56","24","0"
"SKU: 54-54-232","525","Wristlet Bear Box","4081","Sacoche de Soirée, Bear Box : Couleurs - Turquoise","0","56","24","0"
"SKU: 54-54-232","525","Wristlet Bear Box","4082","Sacoche de Soirée, Bear Box : Couleurs - Tan","0","56","24","0"
"SKU: 54-54-232","525","Wristlet Bear Box","4090","Sacoche de Soirée, Bear Box : Couleurs - Cerise","0","56","24","0"
"SKU: 54-54-232","525","Wristlet Bear Box","8532","Sacoche de Soirée, Bear Box : Couleurs - Brun","0","56","24","0"
"SKU: 54-54-134x7","531","Bill Helin Eagle Coin Purse","62","Bill Helin Porte-Monnaie Aigle : Couleurs - Noir","0","34","14.5","0"
"SKU: 54-54-134x7","531","Bill Helin Eagle Coin Purse","63","Bill Helin Porte-Monnaie Aigle : Couleurs - Rouge","0","34","14.5","0"
"SKU: 54-54-134x7","531","Bill Helin Eagle Coin Purse","64","Bill Helin Porte-Monnaie Aigle : Couleurs - Turquoise","0","34","14.5","0"
"SKU: 54-54-134x7","531","Bill Helin Eagle Coin Purse","65","Bill Helin Porte-Monnaie Aigle : Couleurs - Brun pâle","0","34","14.5","0"
"SKU: 54-54-134x7","531","Bill Helin Eagle Coin Purse","67","Bill Helin Porte-Monnaie Aigle : Couleurs - Brun pâle chevreuil","0","28","14.5","28"
"SKU: 54-54-134x7","531","Bill Helin Eagle Coin Purse","68","Bill Helin Porte-Monnaie Aigle : Couleurs - Rouge chevreuil","0","28","14.5","0"
"6017-0408-00VI-600VI","534","Ladies Suede Slippers","507","Pantoufles Suède Dames : Pointure - 4","0","108","46.9","0"
"6017-0408-00VI-600VI","534","Ladies Suede Slippers","508","Pantoufles Suède Dames : Pointure - 5","0","108","46.9","0"
"6017-0408-00VI-600VI","534","Ladies Suede Slippers","509","Pantoufles Suède Dames : Pointure - 6","0","108","46.9","0"
"6017-0408-00VI-600VI","534","Ladies Suede Slippers","510","Pantoufles Suède Dames : Pointure - 7","0","108","46.9","0"
"6017-0408-00VI-600VI","534","Ladies Suede Slippers","511","Pantoufles Suède Dames : Pointure - 8","0","108","46.9","0"
"6017-0408-00VI-600VI","534","Ladies Suede Slippers","512","Pantoufles Suède Dames : Pointure - 9","0","108","46.9","0"
"6017-0408-00VI-600VI","534","Ladies Suede Slippers","513","Pantoufles Suède Dames : Pointure - 10","0","108","46.9","0"
"6017-0408-00VI-600VI","534","Ladies Suede Slippers","514","Pantoufles Suède Dames : Pointure - 11","0","108","46.9","0"
"6017-0408-00VI-600VI","534","Ladies Suede Slippers","515","Pantoufles Suède Dames : Pointure - 12","0","108","46.9","0"
"6080-0408-41AQ-600AQ","535","Ladies Suede Slippers","522","Pantoufles Suède Dames : Pointure - 11","0","108","46.9","0"
"6080-0408-41AQ-600AQ","535","Ladies Suede Slippers","7058","Pantoufles Suède Dames : Pointure - 4","0","108","46.9","0"
"6080-0408-41AQ-600AQ","535","Ladies Suede Slippers","7059","Pantoufles Suède Dames : Pointure - 5","0","108","46.9","0"
"6080-0408-41AQ-600AQ","535","Ladies Suede Slippers","7060","Pantoufles Suède Dames : Pointure - 6","0","108","46.9","0"
"6080-0408-41AQ-600AQ","535","Ladies Suede Slippers","7061","Pantoufles Suède Dames : Pointure - 7","0","108","46.9","0"
"6080-0408-41AQ-600AQ","535","Ladies Suede Slippers","7062","Pantoufles Suède Dames : Pointure - 8","0","108","46.9","0"
"6080-0408-41AQ-600AQ","535","Ladies Suede Slippers","7063","Pantoufles Suède Dames : Pointure - 9","0","108","46.9","0"
"6080-0408-41AQ-600AQ","535","Ladies Suede Slippers","7064","Pantoufles Suède Dames : Pointure - 10","0","108","46.9","0"
"6080-0408-41AQ-600AQ","535","Ladies Suede Slippers","7065","Pantoufles Suède Dames : Pointure - 12","0","108","46.9","0"
"6080-0408-41BU-600BU","537","Ladies Suede Slippers","534","Pantoufles Suède Dames : Pointure - 5","1","108","46.9","0"
"6080-0408-41BU-600BU","537","Ladies Suede Slippers","535","Pantoufles Suède Dames : Pointure - 6","1","108","46.9","0"
"6080-0408-41BU-600BU","537","Ladies Suede Slippers","536","Pantoufles Suède Dames : Pointure - 7","0","108","46.9","0"
"6080-0408-41BU-600BU","537","Ladies Suede Slippers","537","Pantoufles Suède Dames : Pointure - 8","0","108","46.9","0"
"6080-0408-41BU-600BU","537","Ladies Suede Slippers","538","Pantoufles Suède Dames : Pointure - 9","1","108","46.9","0"
"6080-0408-41BU-600BU","537","Ladies Suede Slippers","539","Pantoufles Suède Dames : Pointure - 10","0","108","46.9","0"
"6080-0408-41BU-600BU","537","Ladies Suede Slippers","540","Pantoufles Suède Dames : Pointure - 11","0","108","46.9","0"
"6080-0408-41BU-600BU","537","Ladies Suede Slippers","541","Pantoufles Suède Dames : Pointure - 12","0","108","46.9","0"
"6080-0408-41BU-600BU","537","Ladies Suede Slippers","542","Pantoufles Suède Dames : Pointure - 4","0","108","46.9","0"
"6080-0408-41CO-600CO","538","Ladies Suede Slippers","543","Pantoufles Suède Dames : Pointure - 5","0","108","46.9","0"
"6080-0408-41CO-600CO","538","Ladies Suede Slippers","544","Pantoufles Suède Dames : Pointure - 6","0","108","46.9","0"
"6080-0408-41CO-600CO","538","Ladies Suede Slippers","545","Pantoufles Suède Dames : Pointure - 7","0","108","46.9","0"
"6080-0408-41CO-600CO","538","Ladies Suede Slippers","546","Pantoufles Suède Dames : Pointure - 8","0","108","46.9","0"
"6080-0408-41CO-600CO","538","Ladies Suede Slippers","547","Pantoufles Suède Dames : Pointure - 9","0","108","46.9","0"
"6080-0408-41CO-600CO","538","Ladies Suede Slippers","548","Pantoufles Suède Dames : Pointure - 10","0","108","46.9","0"
"6080-0408-41CO-600CO","538","Ladies Suede Slippers","549","Pantoufles Suède Dames : Pointure - 11","0","108","46.9","0"
"6080-0408-41CO-600CO","538","Ladies Suede Slippers","550","Pantoufles Suède Dames : Pointure - 12","0","108","46.9","0"
"6080-0408-41CO-600CO","538","Ladies Suede Slippers","551","Pantoufles Suède Dames : Pointure - 4","0","108","46.9","0"
"6080-0408-41COTO-600COTO","539","Ladies Suede Slippers","558","Pantoufles Suède Dames : Pointure - 11","0","108","46.9","0"
"6080-0408-41COTO-600COTO","539","Ladies Suede Slippers","7066","Pantoufles Suède Dames : Pointure - 4","0","108","46.9","0"
"6080-0408-41COTO-600COTO","539","Ladies Suede Slippers","7067","Pantoufles Suède Dames : Pointure - 5","0","108","46.9","0"
"6080-0408-41COTO-600COTO","539","Ladies Suede Slippers","7068","Pantoufles Suède Dames : Pointure - 6","0","108","46.9","0"
"6080-0408-41COTO-600COTO","539","Ladies Suede Slippers","7069","Pantoufles Suède Dames : Pointure - 7","0","108","46.9","0"
"6080-0408-41COTO-600COTO","539","Ladies Suede Slippers","7070","Pantoufles Suède Dames : Pointure - 8","0","108","46.9","0"
"6080-0408-41COTO-600COTO","539","Ladies Suede Slippers","7071","Pantoufles Suède Dames : Pointure - 9","0","108","46.9","0"
"6080-0408-41COTO-600COTO","539","Ladies Suede Slippers","7072","Pantoufles Suède Dames : Pointure - 10","0","108","46.9","0"
"6080-0408-41COTO-600COTO","539","Ladies Suede Slippers","7073","Pantoufles Suède Dames : Pointure - 12","0","108","46.9","0"
"6080-0408-41DKTCK-600DKTCK","540","Ladies Suede/Leather Slippers","561","Pantoufles Suède/Cuir Dames : Pointure - 5","0","115","49.7","0"
"6080-0408-41DKTCK-600DKTCK","540","Ladies Suede/Leather Slippers","562","Pantoufles Suède/Cuir Dames : Pointure - 6","0","115","49.7","0"
"6080-0408-41DKTCK-600DKTCK","540","Ladies Suede/Leather Slippers","563","Pantoufles Suède/Cuir Dames : Pointure - 7","0","115","49.7","0"
"6080-0408-41DKTCK-600DKTCK","540","Ladies Suede/Leather Slippers","564","Pantoufles Suède/Cuir Dames : Pointure - 8","0","115","49.7","0"
"6080-0408-41DKTCK-600DKTCK","540","Ladies Suede/Leather Slippers","565","Pantoufles Suède/Cuir Dames : Pointure - 9","0","115","49.7","0"
"6080-0408-41DKTCK-600DKTCK","540","Ladies Suede/Leather Slippers","566","Pantoufles Suède/Cuir Dames : Pointure - 10","0","115","49.7","0"
"6080-0408-41DKTCK-600DKTCK","540","Ladies Suede/Leather Slippers","567","Pantoufles Suède/Cuir Dames : Pointure - 11","0","115","49.7","0"
"6080-0408-41DKTCK-600DKTCK","540","Ladies Suede/Leather Slippers","568","Pantoufles Suède/Cuir Dames : Pointure - 12","0","115","49.7","0"
"6080-0408-41DKTCK-600DKTCK","540","Ladies Suede/Leather Slippers","569","Pantoufles Suède/Cuir Dames : Pointure - 4","0","115","49.7","0"
"6080-0408-41NBCK-600NBCK","541","Ladies Suede/Leather Slippers","574","Pantoufles Suède/Cuir Dames : Pointure - 9","0","115","49.7","0"
"6080-0408-41NBCK-600NBCK","541","Ladies Suede/Leather Slippers","7074","Pantoufles Suède/Cuir Dames : Pointure - 4","0","115","49.7","0"
"6080-0408-41NBCK-600NBCK","541","Ladies Suede/Leather Slippers","7075","Pantoufles Suède/Cuir Dames : Pointure - 5","0","115","49.7","0"
"6080-0408-41NBCK-600NBCK","541","Ladies Suede/Leather Slippers","7076","Pantoufles Suède/Cuir Dames : Pointure - 6","0","115","49.7","0"
"6080-0408-41NBCK-600NBCK","541","Ladies Suede/Leather Slippers","7077","Pantoufles Suède/Cuir Dames : Pointure - 7","0","115","49.7","0"
"6080-0408-41NBCK-600NBCK","541","Ladies Suede/Leather Slippers","7078","Pantoufles Suède/Cuir Dames : Pointure - 8","0","115","49.7","0"
"6080-0408-41NBCK-600NBCK","541","Ladies Suede/Leather Slippers","7079","Pantoufles Suède/Cuir Dames : Pointure - 10","0","115","49.7","0"
"6080-0408-41NBCK-600NBCK","541","Ladies Suede/Leather Slippers","7080","Pantoufles Suède/Cuir Dames : Pointure - 11","0","115","49.7","0"
"6080-0408-41NBCK-600NBCK","541","Ladies Suede/Leather Slippers","7081","Pantoufles Suède/Cuir Dames : Pointure - 12","0","115","49.7","0"
"6080-0408-41PU-600PU","542","Ladies Suede Slippers","584","Pantoufles Suède Dames : Pointure - 10","0","108","46.9","0"
"6080-0408-41PU-600PU","542","Ladies Suede Slippers","7082","Pantoufles Suède Dames : Pointure - 4","0","108","46.9","0"
"6080-0408-41PU-600PU","542","Ladies Suede Slippers","7083","Pantoufles Suède Dames : Pointure - 5","1","108","46.9","0"
"6080-0408-41PU-600PU","542","Ladies Suede Slippers","7084","Pantoufles Suède Dames : Pointure - 6","0","108","46.9","0"
"6080-0408-41PU-600PU","542","Ladies Suede Slippers","7085","Pantoufles Suède Dames : Pointure - 7","1","108","46.9","0"
"6080-0408-41PU-600PU","542","Ladies Suede Slippers","7086","Pantoufles Suède Dames : Pointure - 8","1","108","46.9","0"
"6080-0408-41PU-600PU","542","Ladies Suede Slippers","7087","Pantoufles Suède Dames : Pointure - 9","1","108","46.9","0"
"6080-0408-41PU-600PU","542","Ladies Suede Slippers","7088","Pantoufles Suède Dames : Pointure - 11","1","108","46.9","0"
"6080-0408-41PU-600PU","542","Ladies Suede Slippers","7089","Pantoufles Suède Dames : Pointure - 12","0","108","46.9","0"
"6080-0408-41RBBL-600RBBL","543","Ladies Suede Slippers","588","Pantoufles Suède Dames : Pointure - 5","0","108","46.9","0"
"6080-0408-41RBBL-600RBBL","543","Ladies Suede Slippers","589","Pantoufles Suède Dames : Pointure - 6","0","108","46.9","0"
"6080-0408-41RBBL-600RBBL","543","Ladies Suede Slippers","590","Pantoufles Suède Dames : Pointure - 7","0","108","46.9","0"
"6080-0408-41RBBL-600RBBL","543","Ladies Suede Slippers","591","Pantoufles Suède Dames : Pointure - 8","0","108","46.9","0"
"6080-0408-41RBBL-600RBBL","543","Ladies Suede Slippers","592","Pantoufles Suède Dames : Pointure - 9","0","108","46.9","0"
"6080-0408-41RBBL-600RBBL","543","Ladies Suede Slippers","593","Pantoufles Suède Dames : Pointure - 10","0","108","46.9","0"
"6080-0408-41RBBL-600RBBL","543","Ladies Suede Slippers","594","Pantoufles Suède Dames : Pointure - 11","0","108","46.9","0"
"6080-0408-41RBBL-600RBBL","543","Ladies Suede Slippers","595","Pantoufles Suède Dames : Pointure - 12","0","108","46.9","0"
"6080-0408-41RBBL-600RBBL","543","Ladies Suede Slippers","596","Pantoufles Suède Dames : Pointure - 4","0","108","46.9","0"
"6080-0408-41RB-600RB","544","Ladies Suede Slippers","597","Pantoufles Suède Dames : Pointure - 5","0","108","46.9","0"
"6080-0408-41RB-600RB","544","Ladies Suede Slippers","598","Pantoufles Suède Dames : Pointure - 6","0","108","46.9","0"
"6080-0408-41RB-600RB","544","Ladies Suede Slippers","599","Pantoufles Suède Dames : Pointure - 7","0","108","46.9","0"
"6080-0408-41RB-600RB","544","Ladies Suede Slippers","600","Pantoufles Suède Dames : Pointure - 8","0","108","46.9","0"
"6080-0408-41RB-600RB","544","Ladies Suede Slippers","601","Pantoufles Suède Dames : Pointure - 9","0","108","46.9","0"
"6080-0408-41RB-600RB","544","Ladies Suede Slippers","602","Pantoufles Suède Dames : Pointure - 10","0","108","46.9","0"
"6080-0408-41RB-600RB","544","Ladies Suede Slippers","603","Pantoufles Suède Dames : Pointure - 11","0","108","46.9","0"
"6080-0408-41RB-600RB","544","Ladies Suede Slippers","604","Pantoufles Suède Dames : Pointure - 12","0","108","46.9","0"
"6080-0408-41RB-600RB","544","Ladies Suede Slippers","605","Pantoufles Suède Dames : Pointure - 4","0","108","46.9","0"
"6080-0408-41SMFD-600SMFD","545","Ladies Suede/Leather Slippers","606","Pantoufles Suède/Cuir Dames : Pointure - 5","0","115","49.7","0"
"6080-0408-41SMFD-600SMFD","545","Ladies Suede/Leather Slippers","607","Pantoufles Suède/Cuir Dames : Pointure - 6","0","115","49.7","0"
"6080-0408-41SMFD-600SMFD","545","Ladies Suede/Leather Slippers","608","Pantoufles Suède/Cuir Dames : Pointure - 7","0","115","49.7","0"
"6080-0408-41SMFD-600SMFD","545","Ladies Suede/Leather Slippers","609","Pantoufles Suède/Cuir Dames : Pointure - 8","0","115","49.7","0"
"6080-0408-41SMFD-600SMFD","545","Ladies Suede/Leather Slippers","610","Pantoufles Suède/Cuir Dames : Pointure - 9","0","115","49.7","0"
"6080-0408-41SMFD-600SMFD","545","Ladies Suede/Leather Slippers","611","Pantoufles Suède/Cuir Dames : Pointure - 10","0","115","49.7","0"
"6080-0408-41SMFD-600SMFD","545","Ladies Suede/Leather Slippers","612","Pantoufles Suède/Cuir Dames : Pointure - 11","0","115","49.7","0"
"6080-0408-41SMFD-600SMFD","545","Ladies Suede/Leather Slippers","613","Pantoufles Suède/Cuir Dames : Pointure - 12","0","115","49.7","0"
"6080-0408-41SMFD-600SMFD","545","Ladies Suede/Leather Slippers","614","Pantoufles Suède/Cuir Dames : Pointure - 4","0","115","49.7","0"
"6080-0408-41STO-600STO","546","Ladies Suede Slippers","615","Pantoufles Suède Dames : Pointure - 5","0","108","46.9","0"
"6080-0408-41STO-600STO","546","Ladies Suede Slippers","616","Pantoufles Suède Dames : Pointure - 6","0","108","46.9","0"
"6080-0408-41STO-600STO","546","Ladies Suede Slippers","617","Pantoufles Suède Dames : Pointure - 7","0","108","46.9","0"
"6080-0408-41STO-600STO","546","Ladies Suede Slippers","618","Pantoufles Suède Dames : Pointure - 8","0","108","46.9","0"
"6080-0408-41STO-600STO","546","Ladies Suede Slippers","619","Pantoufles Suède Dames : Pointure - 9","0","108","46.9","0"
"6080-0408-41STO-600STO","546","Ladies Suede Slippers","620","Pantoufles Suède Dames : Pointure - 10","0","108","46.9","0"
"6080-0408-41STO-600STO","546","Ladies Suede Slippers","621","Pantoufles Suède Dames : Pointure - 11","0","108","46.9","0"
"6080-0408-41STO-600STO","546","Ladies Suede Slippers","622","Pantoufles Suède Dames : Pointure - 12","0","108","46.9","0"
"6080-0408-41STO-600STO","546","Ladies Suede Slippers","623","Pantoufles Suède Dames : Pointure - 4","0","108","46.9","0"
"6080-0408-41VIGR-600VIGR","547","Ladies Suede Slippers","624","Pantoufles Suède Dames : Pointure - 5","0","108","46.9","0"
"6080-0408-41VIGR-600VIGR","547","Ladies Suede Slippers","625","Pantoufles Suède Dames : Pointure - 6","0","108","46.9","0"
"6080-0408-41VIGR-600VIGR","547","Ladies Suede Slippers","626","Pantoufles Suède Dames : Pointure - 7","0","108","46.9","0"
"6080-0408-41VIGR-600VIGR","547","Ladies Suede Slippers","627","Pantoufles Suède Dames : Pointure - 8","0","108","46.9","0"
"6080-0408-41VIGR-600VIGR","547","Ladies Suede Slippers","628","Pantoufles Suède Dames : Pointure - 9","0","108","46.9","0"
"6080-0408-41VIGR-600VIGR","547","Ladies Suede Slippers","629","Pantoufles Suède Dames : Pointure - 10","0","108","46.9","0"
"6080-0408-41VIGR-600VIGR","547","Ladies Suede Slippers","630","Pantoufles Suède Dames : Pointure - 11","0","108","46.9","0"
"6080-0408-41VIGR-600VIGR","547","Ladies Suede Slippers","631","Pantoufles Suède Dames : Pointure - 12","0","108","46.9","0"
"6080-0408-41VIGR-600VIGR","547","Ladies Suede Slippers","632","Pantoufles Suède Dames : Pointure - 4","0","108","46.9","0"
"6080-0208-41BL-613BL","550","Ladies Suede Slippers","656","Pantoufles Suède Dames : Pointure - 10","0","108","46.9","0"
"6080-0208-41BL-613BL","550","Ladies Suede Slippers","658","Pantoufles Suède Dames : Pointure - 12","0","108","46.9","0"
"6080-0208-41BL-613BL","550","Ladies Suede Slippers","7053","Pantoufles Suède Dames : Pointure - 9","0","108","46.9","0"
"6080-0208-41BL-613BL","550","Ladies Suede Slippers","7054","Pantoufles Suède Dames : Pointure - 7","0","108","46.9","0"
"6080-0208-41BL-613BL","550","Ladies Suede Slippers","7055","Pantoufles Suède Dames : Pointure - 8","0","108","46.9","0"
"6080-0208-41BL-613BL","550","Ladies Suede Slippers","7056","Pantoufles Suède Dames : Pointure - 11","0","108","46.9","0"
"6080-0208-41BL-613BL","550","Ladies Suede Slippers","7057","Pantoufles Suède Dames : Pointure - 6","0","108","46.9","0"
"6080-0426-41DKDKP-626DKDKP","551","Ladies Suede Slippers","660","Pantoufles Suède Dames : Pointure - 5","0","108","46.9","0"
"6080-0426-41DKDKP-626DKDKP","551","Ladies Suede Slippers","661","Pantoufles Suède Dames : Pointure - 6","0","108","46.9","0"
"6080-0426-41DKDKP-626DKDKP","551","Ladies Suede Slippers","662","Pantoufles Suède Dames : Pointure - 7","0","108","46.9","0"
"6080-0426-41DKDKP-626DKDKP","551","Ladies Suede Slippers","663","Pantoufles Suède Dames : Pointure - 8","0","108","46.9","0"
"6080-0426-41DKDKP-626DKDKP","551","Ladies Suede Slippers","664","Pantoufles Suède Dames : Pointure - 9","0","108","46.9","0"
"6080-0426-41DKDKP-626DKDKP","551","Ladies Suede Slippers","665","Pantoufles Suède Dames : Pointure - 10","0","108","46.9","0"
"6080-0426-41DKDKP-626DKDKP","551","Ladies Suede Slippers","666","Pantoufles Suède Dames : Pointure - 11","0","108","46.9","0"
"6080-0426-41DKDKP-626DKDKP","551","Ladies Suede Slippers","667","Pantoufles Suède Dames : Pointure - 12","0","108","46.9","0"
"6080-0426-41DKDKP-626DKDKP","551","Ladies Suede Slippers","668","Pantoufles Suède Dames : Pointure - 4","0","108","46.9","0"
"6080-0408-41IND-648","552","Ladies Suede Slippers","669","Pantoufles Suède Dames : Pointure - 5","0","108","46.9","0"
"6080-0408-41IND-648","552","Ladies Suede Slippers","670","Pantoufles Suède Dames : Pointure - 6","0","108","46.9","0"
"6080-0408-41IND-648","552","Ladies Suede Slippers","671","Pantoufles Suède Dames : Pointure - 7","0","108","46.9","0"
"6080-0408-41IND-648","552","Ladies Suede Slippers","672","Pantoufles Suède Dames : Pointure - 8","0","108","46.9","0"
"6080-0408-41IND-648","552","Ladies Suede Slippers","673","Pantoufles Suède Dames : Pointure - 9","0","108","46.9","0"
"6080-0408-41IND-648","552","Ladies Suede Slippers","674","Pantoufles Suède Dames : Pointure - 10","0","108","46.9","0"
"6080-0408-41IND-648","552","Ladies Suede Slippers","675","Pantoufles Suède Dames : Pointure - 11","0","108","46.9","0"
"6080-0408-41IND-648","552","Ladies Suede Slippers","676","Pantoufles Suède Dames : Pointure - 12","0","108","46.9","0"
"6080-0408-41IND-648","552","Ladies Suede Slippers","677","Pantoufles Suède Dames : Pointure - 4","0","108","46.9","0"
"6080-0408-41IC-652","553","Ladies Suede Slippers","682","Pantoufles Suède Dames : Pointure - 9","1","108","46.9","0"
"6080-0408-41IC-652","553","Ladies Suede Slippers","7090","Pantoufles Suède Dames : Pointure - 4","0","108","46.9","0"
"6080-0408-41IC-652","553","Ladies Suede Slippers","7091","Pantoufles Suède Dames : Pointure - 5","0","108","46.9","0"
"6080-0408-41IC-652","553","Ladies Suede Slippers","7092","Pantoufles Suède Dames : Pointure - 6","0","108","46.9","0"
"6080-0408-41IC-652","553","Ladies Suede Slippers","7093","Pantoufles Suède Dames : Pointure - 7","0","108","46.9","0"
"6080-0408-41IC-652","553","Ladies Suede Slippers","7094","Pantoufles Suède Dames : Pointure - 8","0","108","46.9","0"
"6080-0408-41IC-652","553","Ladies Suede Slippers","7095","Pantoufles Suède Dames : Pointure - 10","0","108","46.9","0"
"6080-0408-41IC-652","553","Ladies Suede Slippers","7096","Pantoufles Suède Dames : Pointure - 11","0","108","46.9","0"
"6080-0408-41IC-652","553","Ladies Suede Slippers","7097","Pantoufles Suède Dames : Pointure - 12","0","108","46.9","0"
"6080-0408-41BL-653","554","Ladies Suede Slippers","692","Pantoufles Suède Dames : Pointure - 10","1","108","46.9","0"
"6080-0408-41BL-653","554","Ladies Suede Slippers","7098","Pantoufles Suède Dames : Pointure - 4","1","108","46.9","0"
"6080-0408-41BL-653","554","Ladies Suede Slippers","7099","Pantoufles Suède Dames : Pointure - 5","0","108","46.9","0"
"6080-0408-41BL-653","554","Ladies Suede Slippers","7100","Pantoufles Suède Dames : Pointure - 6","0","108","46.9","0"
"6080-0408-41BL-653","554","Ladies Suede Slippers","7101","Pantoufles Suède Dames : Pointure - 7","0","108","46.9","0"
"6080-0408-41BL-653","554","Ladies Suede Slippers","7102","Pantoufles Suède Dames : Pointure - 8","0","108","46.9","0"
"6080-0408-41BL-653","554","Ladies Suede Slippers","7103","Pantoufles Suède Dames : Pointure - 9","0","108","46.9","0"
"6080-0408-41BL-653","554","Ladies Suede Slippers","7104","Pantoufles Suède Dames : Pointure - 11","1","108","46.9","0"
"6080-0408-41BL-653","554","Ladies Suede Slippers","7105","Pantoufles Suède Dames : Pointure - 12","1","108","46.9","0"
"6080-0408-41NB-658","555","Ladies Suede Slippers","696","Pantoufles Suède Dames : Pointure - 5","0","108","46.9","0"
"6080-0408-41NB-658","555","Ladies Suede Slippers","697","Pantoufles Suède Dames : Pointure - 6","0","108","46.9","0"
"6080-0408-41NB-658","555","Ladies Suede Slippers","698","Pantoufles Suède Dames : Pointure - 7","0","108","46.9","0"
"6080-0408-41NB-658","555","Ladies Suede Slippers","699","Pantoufles Suède Dames : Pointure - 8","0","108","46.9","0"
"6080-0408-41NB-658","555","Ladies Suede Slippers","700","Pantoufles Suède Dames : Pointure - 9","0","108","46.9","0"
"6080-0408-41NB-658","555","Ladies Suede Slippers","701","Pantoufles Suède Dames : Pointure - 10","0","108","46.9","0"
"6080-0408-41NB-658","555","Ladies Suede Slippers","702","Pantoufles Suède Dames : Pointure - 11","0","108","46.9","0"
"6080-0408-41NB-658","555","Ladies Suede Slippers","703","Pantoufles Suède Dames : Pointure - 12","1","108","46.9","0"
"6080-0408-41NB-658","555","Ladies Suede Slippers","704","Pantoufles Suède Dames : Pointure - 4","0","108","46.9","0"
"6080-0408-41PL-659","556","Ladies Suede Slippers","711","Pantoufles Suède Dames : Pointure - 11","0","108","46.9","0"
"6080-0408-41PL-659","556","Ladies Suede Slippers","7106","Pantoufles Suède Dames : Pointure - 12","0","108","46.9","0"
"6080-0408-41PL-659","556","Ladies Suede Slippers","7107","Pantoufles Suède Dames : Pointure - 4","0","108","46.9","0"
"6080-0408-41PL-659","556","Ladies Suede Slippers","7108","Pantoufles Suède Dames : Pointure - 5","0","108","46.9","0"
"6080-0408-41PL-659","556","Ladies Suede Slippers","7109","Pantoufles Suède Dames : Pointure - 6","0","108","46.9","0"
"6080-0408-41PL-659","556","Ladies Suede Slippers","7110","Pantoufles Suède Dames : Pointure - 7","0","108","46.9","0"
"6080-0408-41PL-659","556","Ladies Suede Slippers","7111","Pantoufles Suède Dames : Pointure - 8","0","108","46.9","0"
"6080-0408-41PL-659","556","Ladies Suede Slippers","7112","Pantoufles Suède Dames : Pointure - 9","0","108","46.9","0"
"6080-0408-41PL-659","556","Ladies Suede Slippers","7113","Pantoufles Suède Dames : Pointure - 10","0","108","46.9","0"
"6080-0408-41GR-660","557","Ladies Suede Slippers","714","Pantoufles Suède Dames : Pointure - 5","0","108","46.9","0"
"6080-0408-41GR-660","557","Ladies Suede Slippers","715","Pantoufles Suède Dames : Pointure - 6","0","108","46.9","0"
"6080-0408-41GR-660","557","Ladies Suede Slippers","716","Pantoufles Suède Dames : Pointure - 7","0","108","46.9","0"
"6080-0408-41GR-660","557","Ladies Suede Slippers","717","Pantoufles Suède Dames : Pointure - 8","0","108","46.9","0"
"6080-0408-41GR-660","557","Ladies Suede Slippers","718","Pantoufles Suède Dames : Pointure - 9","0","108","46.9","0"
"6080-0408-41GR-660","557","Ladies Suede Slippers","719","Pantoufles Suède Dames : Pointure - 10","0","108","46.9","0"
"6080-0408-41GR-660","557","Ladies Suede Slippers","720","Pantoufles Suède Dames : Pointure - 11","0","108","46.9","0"
"6080-0408-41GR-660","557","Ladies Suede Slippers","721","Pantoufles Suède Dames : Pointure - 12","0","108","46.9","0"
"6080-0408-41GR-660","557","Ladies Suede Slippers","722","Pantoufles Suède Dames : Pointure - 4","0","108","46.9","0"
"6080-0408-41SBL-661","558","Ladies Suede Slippers","723","Pantoufles Suède Dames : Pointure - 5","0","108","46.9","0"
"6080-0408-41SBL-661","558","Ladies Suede Slippers","724","Pantoufles Suède Dames : Pointure - 6","0","108","46.9","0"
"6080-0408-41SBL-661","558","Ladies Suede Slippers","725","Pantoufles Suède Dames : Pointure - 7","0","108","46.9","0"
"6080-0408-41SBL-661","558","Ladies Suede Slippers","726","Pantoufles Suède Dames : Pointure - 8","1","108","46.9","0"
"6080-0408-41SBL-661","558","Ladies Suede Slippers","727","Pantoufles Suède Dames : Pointure - 9","1","108","46.9","0"
"6080-0408-41SBL-661","558","Ladies Suede Slippers","728","Pantoufles Suède Dames : Pointure - 10","0","108","46.9","0"
"6080-0408-41SBL-661","558","Ladies Suede Slippers","729","Pantoufles Suède Dames : Pointure - 11","0","108","46.9","0"
"6080-0408-41SBL-661","558","Ladies Suede Slippers","730","Pantoufles Suède Dames : Pointure - 12","1","108","46.9","0"
"6080-0408-41SBL-661","558","Ladies Suede Slippers","731","Pantoufles Suède Dames : Pointure - 4","0","108","46.9","0"
"6080-0408-41FG-669","561","Ladies Suede Slippers","751","Pantoufles Suède Dames : Pointure - 6","0","108","46.9","0"
"6080-0408-41FG-669","561","Ladies Suede Slippers","756","Pantoufles Suède Dames : Pointure - 11","0","108","46.9","0"
"6080-0408-41FG-669","561","Ladies Suede Slippers","7114","Pantoufles Suède Dames : Pointure - 4","0","108","46.9","0"
"6080-0408-41FG-669","561","Ladies Suede Slippers","7115","Pantoufles Suède Dames : Pointure - 5","1","108","46.9","0"
"6080-0408-41FG-669","561","Ladies Suede Slippers","7116","Pantoufles Suède Dames : Pointure - 7","1","108","46.9","0"
"6080-0408-41FG-669","561","Ladies Suede Slippers","7117","Pantoufles Suède Dames : Pointure - 12","0","108","46.9","0"
"6080-0408-41FG-669","561","Ladies Suede Slippers","7118","Pantoufles Suède Dames : Pointure - 8","0","108","46.9","0"
"6080-0408-41FG-669","561","Ladies Suede Slippers","7119","Pantoufles Suède Dames : Pointure - 9","1","108","46.9","0"
"6080-0408-41FG-669","561","Ladies Suede Slippers","7120","Pantoufles Suède Dames : Pointure - 10","0","108","46.9","0"
"6080-0408-41NA-671NA","562","Ladies Leather Slippers","762","Pantoufles Cuir  Dames : Pointure - 8","0","157","68.2","0"
"6080-0408-41NA-671NA","562","Ladies Leather Slippers","7121","Pantoufles Cuir  Dames : Pointure - 12","0","157","68.2","0"
"6080-0408-41NA-671NA","562","Ladies Leather Slippers","7122","Pantoufles Cuir  Dames : Pointure - 4","0","157","68.2","0"
"6080-0408-41NA-671NA","562","Ladies Leather Slippers","7123","Pantoufles Cuir  Dames : Pointure - 5","0","157","68.2","0"
"6080-0408-41NA-671NA","562","Ladies Leather Slippers","7124","Pantoufles Cuir  Dames : Pointure - 6","0","157","68.2","0"
"6080-0408-41NA-671NA","562","Ladies Leather Slippers","7125","Pantoufles Cuir  Dames : Pointure - 7","0","157","68.2","0"
"6080-0408-41NA-671NA","562","Ladies Leather Slippers","7126","Pantoufles Cuir  Dames : Pointure - 9","0","157","68.2","0"
"6080-0408-41NA-671NA","562","Ladies Leather Slippers","7127","Pantoufles Cuir  Dames : Pointure - 10","0","157","68.2","0"
"6080-0408-41NA-671NA","562","Ladies Leather Slippers","7128","Pantoufles Cuir  Dames : Pointure - 11","0","157","68.2","0"
"6080-0408-41CK-671CK","563","Ladies Leather Slippers","768","Pantoufles Cuir  Dames : Pointure - 5","0","157","68.2","0"
"6080-0408-41CK-671CK","563","Ladies Leather Slippers","769","Pantoufles Cuir  Dames : Pointure - 6","0","157","68.2","0"
"6080-0408-41CK-671CK","563","Ladies Leather Slippers","770","Pantoufles Cuir  Dames : Pointure - 7","0","157","68.2","0"
"6080-0408-41CK-671CK","563","Ladies Leather Slippers","771","Pantoufles Cuir  Dames : Pointure - 8","0","157","68.2","0"
"6080-0408-41CK-671CK","563","Ladies Leather Slippers","772","Pantoufles Cuir  Dames : Pointure - 9","0","157","68.2","0"
"6080-0408-41CK-671CK","563","Ladies Leather Slippers","773","Pantoufles Cuir  Dames : Pointure - 10","0","157","68.2","0"
"6080-0408-41CK-671CK","563","Ladies Leather Slippers","774","Pantoufles Cuir  Dames : Pointure - 11","0","157","68.2","0"
"6080-0408-41CK-671CK","563","Ladies Leather Slippers","775","Pantoufles Cuir  Dames : Pointure - 12","0","157","68.2","0"
"6080-0408-41CK-671CK","563","Ladies Leather Slippers","776","Pantoufles Cuir  Dames : Pointure - 4","0","157","68.2","0"
"6080-0408-41CHO-673","564","Ladies Suede Slippers","777","Pantoufle Suède Dames : Pointure - 5","0","108","46.9","0"
"6080-0408-41CHO-673","564","Ladies Suede Slippers","778","Pantoufle Suède Dames : Pointure - 6","0","108","46.9","0"
"6080-0408-41CHO-673","564","Ladies Suede Slippers","779","Pantoufle Suède Dames : Pointure - 7","0","108","46.9","0"
"6080-0408-41CHO-673","564","Ladies Suede Slippers","780","Pantoufle Suède Dames : Pointure - 8","0","108","46.9","0"
"6080-0408-41CHO-673","564","Ladies Suede Slippers","781","Pantoufle Suède Dames : Pointure - 9","1","108","46.9","0"
"6080-0408-41CHO-673","564","Ladies Suede Slippers","782","Pantoufle Suède Dames : Pointure - 10","0","108","46.9","0"
"6080-0408-41CHO-673","564","Ladies Suede Slippers","783","Pantoufle Suède Dames : Pointure - 11","0","108","46.9","0"
"6080-0408-41CHO-673","564","Ladies Suede Slippers","784","Pantoufle Suède Dames : Pointure - 12","0","108","46.9","0"
"6080-0408-41CHO-673","564","Ladies Suede Slippers","785","Pantoufle Suède Dames : Pointure - 4","0","108","46.9","0"
"6080-0408-41MO-677","565","Ladies Suede Slippers","786","Pantoufle Suède Dames : Pointure - 5","0","108","46.9","0"
"6080-0408-41MO-677","565","Ladies Suede Slippers","787","Pantoufle Suède Dames : Pointure - 6","0","108","46.9","0"
"6080-0408-41MO-677","565","Ladies Suede Slippers","788","Pantoufle Suède Dames : Pointure - 7","0","108","46.9","0"
"6080-0408-41MO-677","565","Ladies Suede Slippers","789","Pantoufle Suède Dames : Pointure - 8","0","108","46.9","0"
"6080-0408-41MO-677","565","Ladies Suede Slippers","790","Pantoufle Suède Dames : Pointure - 9","0","108","46.9","0"
"6080-0408-41MO-677","565","Ladies Suede Slippers","791","Pantoufle Suède Dames : Pointure - 10","0","108","46.9","0"
"6080-0408-41MO-677","565","Ladies Suede Slippers","792","Pantoufle Suède Dames : Pointure - 11","0","108","46.9","0"
"6080-0408-41MO-677","565","Ladies Suede Slippers","793","Pantoufle Suède Dames : Pointure - 12","0","108","46.9","0"
"6080-0408-41MO-677","565","Ladies Suede Slippers","794","Pantoufle Suède Dames : Pointure - 4","0","108","46.9","0"
"6080-0408-41FU-698","569","Ladies Suede Slippers","822","Pantoufle Suède Dames : Pointure - 5","0","108","46.9","0"
"6080-0408-41FU-698","569","Ladies Suede Slippers","823","Pantoufle Suède Dames : Pointure - 6","0","108","46.9","0"
"6080-0408-41FU-698","569","Ladies Suede Slippers","824","Pantoufle Suède Dames : Pointure - 7","0","108","46.9","0"
"6080-0408-41FU-698","569","Ladies Suede Slippers","825","Pantoufle Suède Dames : Pointure - 8","0","108","46.9","0"
"6080-0408-41FU-698","569","Ladies Suede Slippers","826","Pantoufle Suède Dames : Pointure - 9","0","108","46.9","0"
"6080-0408-41FU-698","569","Ladies Suede Slippers","827","Pantoufle Suède Dames : Pointure - 10","0","108","46.9","0"
"6080-0408-41FU-698","569","Ladies Suede Slippers","828","Pantoufle Suède Dames : Pointure - 11","0","108","46.9","0"
"6080-0408-41FU-698","569","Ladies Suede Slippers","829","Pantoufle Suède Dames : Pointure - 12","0","108","46.9","0"
"6080-0408-41FU-698","569","Ladies Suede Slippers","830","Pantoufle Suède Dames : Pointure - 4","1","108","46.9","0"
"6080-0408-41TO-755TO","571","Ladies Suede Slippers","840","Pantoufle Suède Dames : Pointure - 5","0","108","46.9","0"
"6080-0408-41TO-755TO","571","Ladies Suede Slippers","841","Pantoufle Suède Dames : Pointure - 6","0","108","46.9","0"
"6080-0408-41TO-755TO","571","Ladies Suede Slippers","842","Pantoufle Suède Dames : Pointure - 7","0","108","46.9","0"
"6080-0408-41TO-755TO","571","Ladies Suede Slippers","843","Pantoufle Suède Dames : Pointure - 8","0","108","46.9","0"
"6080-0408-41TO-755TO","571","Ladies Suede Slippers","844","Pantoufle Suède Dames : Pointure - 9","0","108","46.9","0"
"6080-0408-41TO-755TO","571","Ladies Suede Slippers","845","Pantoufle Suède Dames : Pointure - 10","0","108","46.9","0"
"6080-0408-41TO-755TO","571","Ladies Suede Slippers","846","Pantoufle Suède Dames : Pointure - 11","0","108","46.9","0"
"6080-0408-41TO-755TO","571","Ladies Suede Slippers","847","Pantoufle Suède Dames : Pointure - 12","0","108","46.9","0"
"6080-0408-41TO-755TO","571","Ladies Suede Slippers","848","Pantoufle Suède Dames : Pointure - 4","0","108","46.9","0"
"6080-0408-41BLPL-6531","572","Ladies Suede Slippers","854","Pantoufle Suède Dames : Pointure - 10","1","108","46.9","0"
"6080-0408-41BLPL-6531","572","Ladies Suede Slippers","7129","Pantoufle Suède Dames : Pointure - 12","0","108","46.9","0"
"6080-0408-41BLPL-6531","572","Ladies Suede Slippers","7130","Pantoufle Suède Dames : Pointure - 4","0","108","46.9","0"
"6080-0408-41BLPL-6531","572","Ladies Suede Slippers","7131","Pantoufle Suède Dames : Pointure - 5","0","108","46.9","0"
"6080-0408-41BLPL-6531","572","Ladies Suede Slippers","7132","Pantoufle Suède Dames : Pointure - 6","1","108","46.9","0"
"6080-0408-41BLPL-6531","572","Ladies Suede Slippers","7133","Pantoufle Suède Dames : Pointure - 7","1","108","46.9","0"
"6080-0408-41BLPL-6531","572","Ladies Suede Slippers","7134","Pantoufle Suède Dames : Pointure - 8","1","108","46.9","0"
"6080-0408-41BLPL-6531","572","Ladies Suede Slippers","7135","Pantoufle Suède Dames : Pointure - 9","1","108","46.9","0"
"6080-0408-41BLPL-6531","572","Ladies Suede Slippers","7136","Pantoufle Suède Dames : Pointure - 11","0","108","46.9","0"
"6080-0408-REBL-6541","573","Ladies Suede Slippers","864","Pantoufle Suède Dames : Pointure - 11","0","108","46.9","0"
"6080-0408-REBL-6541","573","Ladies Suede Slippers","7146","Pantoufle Suède Dames : Pointure - 12","0","108","46.9","0"
"6080-0408-REBL-6541","573","Ladies Suede Slippers","7147","Pantoufle Suède Dames : Pointure - 4","0","108","46.9","0"
"6080-0408-REBL-6541","573","Ladies Suede Slippers","7148","Pantoufle Suède Dames : Pointure - 5","0","108","46.9","0"
"6080-0408-REBL-6541","573","Ladies Suede Slippers","7149","Pantoufle Suède Dames : Pointure - 6","1","108","46.9","0"
"6080-0408-REBL-6541","573","Ladies Suede Slippers","7150","Pantoufle Suède Dames : Pointure - 7","1","108","46.9","0"
"6080-0408-REBL-6541","573","Ladies Suede Slippers","7151","Pantoufle Suède Dames : Pointure - 8","1","108","46.9","0"
"6080-0408-REBL-6541","573","Ladies Suede Slippers","7152","Pantoufle Suède Dames : Pointure - 9","1","108","46.9","0"
"6080-0408-REBL-6541","573","Ladies Suede Slippers","7153","Pantoufle Suède Dames : Pointure - 10","0","108","46.9","0"
"6080-0408-41GRBL-6601","575","Ladies Suede Slippers","878","Pantoufle Suède Dames : Pointure - 7","1","108","46.9","0"
"6080-0408-41GRBL-6601","575","Ladies Suede Slippers","7154","Pantoufle Suède Dames : Pointure - 12","0","108","46.9","0"
"6080-0408-41GRBL-6601","575","Ladies Suede Slippers","7155","Pantoufle Suède Dames : Pointure - 4","0","108","46.9","0"
"6080-0408-41GRBL-6601","575","Ladies Suede Slippers","7156","Pantoufle Suède Dames : Pointure - 5","0","108","46.9","0"
"6080-0408-41GRBL-6601","575","Ladies Suede Slippers","7157","Pantoufle Suède Dames : Pointure - 6","1","108","46.9","0"
"6080-0408-41GRBL-6601","575","Ladies Suede Slippers","7158","Pantoufle Suède Dames : Pointure - 8","1","108","46.9","0"
"6080-0408-41GRBL-6601","575","Ladies Suede Slippers","7159","Pantoufle Suède Dames : Pointure - 9","1","108","46.9","0"
"6080-0408-41GRBL-6601","575","Ladies Suede Slippers","7160","Pantoufle Suède Dames : Pointure - 10","0","108","46.9","0"
"6080-0408-41GRBL-6601","575","Ladies Suede Slippers","7161","Pantoufle Suède Dames : Pointure - 11","1","108","46.9","0"
"6080-0408-41CHOBL-6733","576","Ladies Suede Slippers","885","Pantoufle Suède Dames : Pointure - 5","0","108","46.9","0"
"6080-0408-41CHOBL-6733","576","Ladies Suede Slippers","886","Pantoufle Suède Dames : Pointure - 6","1","108","46.9","0"
"6080-0408-41CHOBL-6733","576","Ladies Suede Slippers","887","Pantoufle Suède Dames : Pointure - 7","1","108","46.9","0"
"6080-0408-41CHOBL-6733","576","Ladies Suede Slippers","888","Pantoufle Suède Dames : Pointure - 8","1","108","46.9","0"
"6080-0408-41CHOBL-6733","576","Ladies Suede Slippers","889","Pantoufle Suède Dames : Pointure - 9","1","108","46.9","0"
"6080-0408-41CHOBL-6733","576","Ladies Suede Slippers","890","Pantoufle Suède Dames : Pointure - 10","0","108","46.9","0"
"6080-0408-41CHOBL-6733","576","Ladies Suede Slippers","891","Pantoufle Suède Dames : Pointure - 11","0","108","46.9","0"
"6080-0408-41CHOBL-6733","576","Ladies Suede Slippers","892","Pantoufle Suède Dames : Pointure - 12","0","108","46.9","0"
"6080-0408-41CHOBL-6733","576","Ladies Suede Slippers","893","Pantoufle Suède Dames : Pointure - 4","0","108","46.9","0"
"6080-0408-41MOCHO-6773","577","Ladies Suede Slippers","894","Pantoufle Suède Dames : Pointure - 5","0","108","46.9","0"
"6080-0408-41MOCHO-6773","577","Ladies Suede Slippers","895","Pantoufle Suède Dames : Pointure - 6","1","108","46.9","0"
"6080-0408-41MOCHO-6773","577","Ladies Suede Slippers","896","Pantoufle Suède Dames : Pointure - 7","1","108","46.9","0"
"6080-0408-41MOCHO-6773","577","Ladies Suede Slippers","897","Pantoufle Suède Dames : Pointure - 8","1","108","46.9","0"
"6080-0408-41MOCHO-6773","577","Ladies Suede Slippers","898","Pantoufle Suède Dames : Pointure - 9","1","108","46.9","0"
"6080-0408-41MOCHO-6773","577","Ladies Suede Slippers","899","Pantoufle Suède Dames : Pointure - 10","0","108","46.9","0"
"6080-0408-41MOCHO-6773","577","Ladies Suede Slippers","900","Pantoufle Suède Dames : Pointure - 11","0","108","46.9","0"
"6080-0408-41MOCHO-6773","577","Ladies Suede Slippers","901","Pantoufle Suède Dames : Pointure - 12","0","108","46.9","0"
"6080-0408-41MOCHO-6773","577","Ladies Suede Slippers","902","Pantoufle Suède Dames : Pointure - 4","0","108","46.9","0"
"6080-0408-41TUCHO-69773","579","Ladies Suede Slippers","912","Pantoufle Suède Dames : Pointure - 5","0","108","46.9","0"
"6080-0408-41TUCHO-69773","579","Ladies Suede Slippers","913","Pantoufle Suède Dames : Pointure - 6","0","108","46.9","0"
"6080-0408-41TUCHO-69773","579","Ladies Suede Slippers","914","Pantoufle Suède Dames : Pointure - 7","0","108","46.9","0"
"6080-0408-41TUCHO-69773","579","Ladies Suede Slippers","915","Pantoufle Suède Dames : Pointure - 8","0","108","46.9","0"
"6080-0408-41TUCHO-69773","579","Ladies Suede Slippers","916","Pantoufle Suède Dames : Pointure - 9","0","108","46.9","0"
"6080-0408-41TUCHO-69773","579","Ladies Suede Slippers","917","Pantoufle Suède Dames : Pointure - 10","0","108","46.9","0"
"6080-0408-41TUCHO-69773","579","Ladies Suede Slippers","918","Pantoufle Suède Dames : Pointure - 11","0","108","46.9","0"
"6080-0408-41TUCHO-69773","579","Ladies Suede Slippers","919","Pantoufle Suède Dames : Pointure - 12","0","108","46.9","0"
"6080-0408-41TUCHO-69773","579","Ladies Suede Slippers","920","Pantoufle Suède Dames : Pointure - 4","0","108","46.9","0"
"6080-0408-12BU-12600BU","581","Suede slippers with sole","930","Pantoufle en suède avec semelle : Pointure - 4","0","132","57.3","0"
"6080-0408-12BU-12600BU","581","Suede slippers with sole","931","Pantoufle en suède avec semelle : Pointure - 5","0","132","57.3","0"
"6080-0408-12BU-12600BU","581","Suede slippers with sole","932","Pantoufle en suède avec semelle : Pointure - 6","0","132","57.3","0"
"6080-0408-12BU-12600BU","581","Suede slippers with sole","933","Pantoufle en suède avec semelle : Pointure - 7","0","132","57.3","0"
"6080-0408-12BU-12600BU","581","Suede slippers with sole","934","Pantoufle en suède avec semelle : Pointure - 8","0","132","57.3","0"
"6080-0408-12BU-12600BU","581","Suede slippers with sole","935","Pantoufle en suède avec semelle : Pointure - 9","1","132","57.3","0"
"6080-0408-12BU-12600BU","581","Suede slippers with sole","936","Pantoufle en suède avec semelle : Pointure - 10","0","132","57.3","0"
"6080-0408-12BU-12600BU","581","Suede slippers with sole","937","Pantoufle en suède avec semelle : Pointure - 11","0","132","57.3","0"
"6080-0408-12BU-12600BU","581","Suede slippers with sole","938","Pantoufle en suède avec semelle : Pointure - 12","0","132","57.3","0"
"6080-0408-12BL-12653","582","Suede Slippers with sole","939","Pantoufle en suède avec semelle : Pointure - 5","0","132","57.3","0"
"6080-0408-12BL-12653","582","Suede Slippers with sole","940","Pantoufle en suède avec semelle : Pointure - 6","0","132","57.3","0"
"6080-0408-12BL-12653","582","Suede Slippers with sole","941","Pantoufle en suède avec semelle : Pointure - 7","0","132","57.3","0"
"6080-0408-12BL-12653","582","Suede Slippers with sole","942","Pantoufle en suède avec semelle : Pointure - 8","0","132","57.3","0"
"6080-0408-12BL-12653","582","Suede Slippers with sole","943","Pantoufle en suède avec semelle : Pointure - 9","0","132","57.3","0"
"6080-0408-12BL-12653","582","Suede Slippers with sole","944","Pantoufle en suède avec semelle : Pointure - 10","0","132","57.3","0"
"6080-0408-12BL-12653","582","Suede Slippers with sole","945","Pantoufle en suède avec semelle : Pointure - 11","0","132","57.3","0"
"6080-0408-12BL-12653","582","Suede Slippers with sole","946","Pantoufle en suède avec semelle : Pointure - 12","0","132","57.3","0"
"6080-0408-12BL-12653","582","Suede Slippers with sole","947","Pantoufle en suède avec semelle : Pointure - 4","0","132","57.3","0"
"6080-0408-12NB-12658","583","Suede Slippers with sole","949","Pantoufle en suède avec semelle : Pointure - 6","1","132","57.3","0"
"6080-0408-12NB-12658","583","Suede Slippers with sole","954","Pantoufle en suède avec semelle : Pointure - 11","0","132","57.3","0"
"6080-0408-12NB-12658","583","Suede Slippers with sole","7162","Pantoufle en suède avec semelle : Pointure - 12","0","132","57.3","0"
"6080-0408-12NB-12658","583","Suede Slippers with sole","7163","Pantoufle en suède avec semelle : Pointure - 4","0","132","57.3","0"
"6080-0408-12NB-12658","583","Suede Slippers with sole","7164","Pantoufle en suède avec semelle : Pointure - 5","0","132","57.3","0"
"6080-0408-12NB-12658","583","Suede Slippers with sole","7165","Pantoufle en suède avec semelle : Pointure - 7","0","132","57.3","0"
"6080-0408-12NB-12658","583","Suede Slippers with sole","7166","Pantoufle en suède avec semelle : Pointure - 8","1","132","57.3","0"
"6080-0408-12NB-12658","583","Suede Slippers with sole","7167","Pantoufle en suède avec semelle : Pointure - 9","0","132","57.3","0"
"6080-0408-12NB-12658","583","Suede Slippers with sole","7168","Pantoufle en suède avec semelle : Pointure - 10","0","132","57.3","0"
"6080-0408-13GR-13660","584","Suede Slippers with sole","964","Pantoufle en suède avec semelle : Pointure - 12","0","132","57.3","0"
"6080-0408-13GR-13660","584","Suede Slippers with sole","7169","Pantoufle en suède avec semelle : Pointure - 4","0","132","57.3","0"
"6080-0408-13GR-13660","584","Suede Slippers with sole","7170","Pantoufle en suède avec semelle : Pointure - 5","0","132","57.3","0"
"6080-0408-13GR-13660","584","Suede Slippers with sole","7171","Pantoufle en suède avec semelle : Pointure - 8","0","132","57.3","0"
"6080-0408-13GR-13660","584","Suede Slippers with sole","7172","Pantoufle en suède avec semelle : Pointure - 7","0","132","57.3","0"
"6080-0408-13GR-13660","584","Suede Slippers with sole","7173","Pantoufle en suède avec semelle : Pointure - 6","0","132","57.3","0"
"6080-0408-13GR-13660","584","Suede Slippers with sole","7174","Pantoufle en suède avec semelle : Pointure - 10","0","132","57.3","0"
"6080-0408-13GR-13660","584","Suede Slippers with sole","7175","Pantoufle en suède avec semelle : Pointure - 9","0","132","57.3","0"
"6080-0408-13GR-13660","584","Suede Slippers with sole","7176","Pantoufle en suède avec semelle : Pointure - 11","0","132","57.3","0"
"6080-0408-13CHO-13673","585","Suede Slippers with sole","966","Pantoufle en suède avec semelle : Pointure - 5","0","132","57.3","57"
"6080-0408-13CHO-13673","585","Suede Slippers with sole","967","Pantoufle en suède avec semelle : Pointure - 6","1","132","57.3","57"
"6080-0408-13CHO-13673","585","Suede Slippers with sole","968","Pantoufle en suède avec semelle : Pointure - 7","1","132","57.3","57"
"6080-0408-13CHO-13673","585","Suede Slippers with sole","969","Pantoufle en suède avec semelle : Pointure - 8","1","132","57.3","57"
"6080-0408-13CHO-13673","585","Suede Slippers with sole","970","Pantoufle en suède avec semelle : Pointure - 9","0","132","57.3","57"
"6080-0408-13CHO-13673","585","Suede Slippers with sole","971","Pantoufle en suède avec semelle : Pointure - 10","1","132","57.3","57"
"6080-0408-13CHO-13673","585","Suede Slippers with sole","972","Pantoufle en suède avec semelle : Pointure - 11","0","132","57.3","57"
"6080-0408-13CHO-13673","585","Suede Slippers with sole","973","Pantoufle en suède avec semelle : Pointure - 12","0","132","57.3","57"
"6080-0408-13CHO-13673","585","Suede Slippers with sole","974","Pantoufle en suède avec semelle : Pointure - 4","0","132","57.3","57"
"6080-0408-13MO-13677","586","Suede Slippers with sole","975","Pantoufle en suède avec semelle : Pointure - 5","0","132","57.3","0"
"6080-0408-13MO-13677","586","Suede Slippers with sole","976","Pantoufle en suède avec semelle : Pointure - 6","0","132","57.3","0"
"6080-0408-13MO-13677","586","Suede Slippers with sole","977","Pantoufle en suède avec semelle : Pointure - 7","0","132","57.3","0"
"6080-0408-13MO-13677","586","Suede Slippers with sole","978","Pantoufle en suède avec semelle : Pointure - 8","0","132","57.3","0"
"6080-0408-13MO-13677","586","Suede Slippers with sole","979","Pantoufle en suède avec semelle : Pointure - 9","0","132","57.3","0"
"6080-0408-13MO-13677","586","Suede Slippers with sole","980","Pantoufle en suède avec semelle : Pointure - 10","0","132","57.3","0"
"6080-0408-13MO-13677","586","Suede Slippers with sole","981","Pantoufle en suède avec semelle : Pointure - 11","0","132","57.3","0"
"6080-0408-13MO-13677","586","Suede Slippers with sole","982","Pantoufle en suède avec semelle : Pointure - 12","0","132","57.3","0"
"6080-0408-13MO-13677","586","Suede Slippers with sole","983","Pantoufle en suède avec semelle : Pointure - 4","0","132","57.3","0"
"6080-0408-13MT-13695","587","Suede Slippers with sole","984","Pantoufle en suède avec semelle : Pointure - 5","0","132","57.3","0"
"6080-0408-13MT-13695","587","Suede Slippers with sole","985","Pantoufle en suède avec semelle : Pointure - 6","0","132","57.3","0"
"6080-0408-13MT-13695","587","Suede Slippers with sole","986","Pantoufle en suède avec semelle : Pointure - 7","0","132","57.3","0"
"6080-0408-13MT-13695","587","Suede Slippers with sole","987","Pantoufle en suède avec semelle : Pointure - 8","0","132","57.3","0"
"6080-0408-13MT-13695","587","Suede Slippers with sole","988","Pantoufle en suède avec semelle : Pointure - 9","0","132","57.3","0"
"6080-0408-13MT-13695","587","Suede Slippers with sole","989","Pantoufle en suède avec semelle : Pointure - 10","0","132","57.3","0"
"6080-0408-13MT-13695","587","Suede Slippers with sole","990","Pantoufle en suède avec semelle : Pointure - 11","0","132","57.3","0"
"6080-0408-13MT-13695","587","Suede Slippers with sole","991","Pantoufle en suède avec semelle : Pointure - 12","0","132","57.3","0"
"6080-0408-13MT-13695","587","Suede Slippers with sole","992","Pantoufle en suède avec semelle : Pointure - 4","0","132","57.3","0"
"A01030-6","607","Small Print - Eagle Moon","","Petite Repro - Lune de l'Aigle","2","25","10.87","0"
"A01028-POD2555","608","Matted Print - Giving Thanks","","Impression avec Passe-Partout - Rendre Grâce","4","20","7.5","0"
"A01031-6","609","Small Print - Honoring the Giver of Life","","Petite Repro - Hommage à la Source de Vie","19","25","10.87","0"
"A01032-6","610","Small Print - Moon Wisdom","","Petite Repro - Sagesse de la Lune","75","25","10.87","0"
"A01033-6","611","Small Print - New Fire","","Petite Repro - Nouveau Feu","91","25","10.87","0"
"A01036-6","612","Small Print - Teachings","","Petite Repro - Le Chant du Tambour","98","25","10.87","0"
"A01037-6","615","Small Print - Trust","","Petite Repro - La Confiance","5","25","10.87","0"
"A08011-6","616","Small Print - Whisper","","Petite Repro - Murmure","2","25","10.87","0"
"A08007-6","617","Small Print - A Moose and Goose","","Petite Repro - Un Orignal et une Outarde","4","25","10.87","0"
"A10012-6","618","Small Print - Sky Sisters","","Petite Repro - Nos Soeurs du Ciel","10","25","10.87","0"
"A10004-6","619","Small Print - Merging Earth and Sky","","Petite Repro - Fusion Entre Terre et Ciel","1","25","10.87","0"
"A08013-POD2584","621","Matted Print - New Day","","Impression avec Passe-Partout - Nouveau Jour","2","20","7.5","0"
"A08045-20084","622","Matted Print - Patience","","Impression avec Passe-Partout - Patience","2","20","7.5","0"
"A01029-6","623","Small Print - Birth of an Eagle Shadow","","Petite Repro - Naissance de l'Ombre de l'Aigle","7","25","10.87","0"
"A08019-6","624","Small Print - Unity","","Petite Repro - Union","0","25","10.87","0"
"A09006-6","625","Small Print - River Keeper","","Petite Repro - La Gardienne de l'Eau","42","25","10.87","0"
"A04015-6","626","Small Print - Rebirth","","Petite Repro - Renaissance","1","25","10.87","0"
"A04039-6","627","Small Print - Nostalgia","","Petite Repro - Nostalgia","16","25","10.87","0"
"A07020-6","628","Small Print - Journey to the Spirit World","","Petite Repro - Voyage Vers le Monde du Songe","11","25","10.87","0"
"W12024-6","630","Small Print - Breath of Life","","Petite Repro - Souffle de Vie","74","25","10.87","0"
"W12017-6","631","Small Print - Synchronicity","","Petite Repro - Synchronicité","67","25","10.87","0"
"W12008-6","632","Small Print - Winter Wolves","","Petite Repro - Loups d'Hiver","30","25","10.87","0"
"W12001-6","633","Small Print - Dialogue","","Petite Repro - Dialogue","9","25","10.87","0"
"W12014-6","634","Small Print - Gate of Silk","","Petite Repro - Portail de Soie","10","25","10.87","0"
"W12005-6","635","Small Print - Earth Keeper","","Petite Repro - Gardienne de la Terre","42","25","10.87","0"
"W12016-6","636","Small Print - Going Home","","Petite Repro - Retour Chez Soi","11","25","10.87","0"
"W12018-6","638","Small Print - Early Evening Flowing Into Fall","","Petite Repro - Soirée Glissant Vers l'Automne","15","25","10.87","0"
"A00048-6","640","Small Print - The Protector","","Petite Repro - Le Protecteur","9","25","10.87","0"
"A01003-6","641","Small Print - Sky Girl","","Petite Repro - Fille du Ciel","10","25","10.87","0"
"A04060-6","642","Small Print - Passing Through","","Petite Repro - Traversée","5","25","10.87","0"
"A09054-6","643","Small print - Tranquility","","Petite repro - Tranquillité","8","25","10.87","0"
"A16055-6","644","Small Print - Abundance","","Petite Repro - Abondance","14","25","10.87","0"
"A13041-6","645","Small Print - Lapinx","","Petite Repro - Lapinx","17","25","10.87","0"
"A10044-6","646","Small Print - Returning","","Petite Repro - Le Retour","7","25","10.87","0"
"A13056-6","647","Small print - Otherness","","Petite repro - Altérité","12","25","10.87","0"
"A13057-6","648","Small Print - Origins","","Petite Repro - Origines","11","25","10.87","0"
"A16051-POD2566","649","Matted Print - Northern Keepers","","Impression avec Passe-Partout - Gardiens du Nord","0","20","7.5","0"
"A16058-6","651","Small Print - Silent Seekers","","Petite Repro - En Quête de Silence","11","25","10.87","0"
"A16059-6","652","Small Print - Wisdom Keepers","","Petite Repro - Gardiens de la Sagesse","2","25","10.87","0"
"A95053-6","653","Small Print - Messenger","","Petite repro - Messager","7","25","10.87","0"
"A14051-POD2554","654","Matted Print - Gezaluwejit","","Impression avec Passe-Partout - Gezaluwejit","1","20","7.5","0"
"W13026-6","655","Small Print - In Her World","","Petite Repro - Dans son Monde","15","25","10.87","0"
"A12050-6","658","Small Print - Ice Dream","","Petite Repro - Rêve de Glace","1","25","10.87","0"
"W13027-6","659","Small Print - Playing With Shadows","","Petite Repro - Jeux d'Ombres","15","25","10.87","0"
"A13053-6","660","Small Print - Roots Of Another World","","Petite Repro - Racines d'un Autre Monde","10","25","10.87","0"
"A01038-6","661","Small Print - Harmony","","Petite Repro - Harmonie","52","25","10.87","0"
"W13023-6","664","Small Print - Water and Spirit Buffalo","","Petite Repro - Eau et Esprit du Bison","14","25","10.87","0"
"A01030-2","665","Ltd Edition - Eagle Moon","1593","Édition Ltée - Lune de l'Aigle : Options d'encadrement - Sans cadre","2","170","0","70.73"
"A01030-2","665","Ltd Edition - Eagle Moon","1594","Édition Ltée - Lune de l'Aigle : Options d'encadrement - Cadre rustique noir 1""","0","335","0","0"
"A01030-2","665","Ltd Edition - Eagle Moon","1595","Édition Ltée - Lune de l'Aigle : Options d'encadrement - Cadre rustique brun 1""","0","335","0","0"
"A01030-2","665","Ltd Edition - Eagle Moon","1596","Édition Ltée - Lune de l'Aigle : Options d'encadrement - Cadre rustique gris 1""","0","335","0","0"
"A01031-2","667","Ltd Edition - Honoring the Giver of Life","1601","Édition Ltée - Hommage à la Source de Vie : Options d'encadrement - Sans cadre","2","170","0","70.73"
"A01031-2","667","Ltd Edition - Honoring the Giver of Life","1602","Édition Ltée - Hommage à la Source de Vie : Options d'encadrement - Cadre rustique noir 1""","0","335","0","0"
"A01031-2","667","Ltd Edition - Honoring the Giver of Life","1603","Édition Ltée - Hommage à la Source de Vie : Options d'encadrement - Cadre rustique brun 1""","0","335","0","0"
"A01031-2","667","Ltd Edition - Honoring the Giver of Life","1604","Édition Ltée - Hommage à la Source de Vie : Options d'encadrement - Cadre rustique gris 1""","0","335","0","0"
"A01032-2","668","Ltd Edition - Moon Wisdom","1605","Édition Ltée - Sagesse de la Lune : Options d'encadrement - Sans cadre","2","170","0","74"
"A01032-2","668","Ltd Edition - Moon Wisdom","1606","Édition Ltée - Sagesse de la Lune : Options d'encadrement - Cadre rustique brun 1""","0","335","0","0"
"A01032-2","668","Ltd Edition - Moon Wisdom","1607","Édition Ltée - Sagesse de la Lune : Options d'encadrement - Cadre rustique noir 1""","0","335","0","0"
"A01032-2","668","Ltd Edition - Moon Wisdom","1608","Édition Ltée - Sagesse de la Lune : Options d'encadrement - Cadre rustique gris 1""","0","335","0","0"
"A01033-2","669","Ltd Edition - New Fire","1609","Édition Ltée - Nouveau Feu : Options d'encadrement - Sans cadre","1","170","0","74"
"A01033-2","669","Ltd Edition - New Fire","1610","Édition Ltée - Nouveau Feu : Options d'encadrement - Cadre rustique noir 1""","0","335","0","0"
"A01033-2","669","Ltd Edition - New Fire","1611","Édition Ltée - Nouveau Feu : Options d'encadrement - Cadre rustique brun 1""","0","335","0","0"
"A01033-2","669","Ltd Edition - New Fire","1612","Édition Ltée - Nouveau Feu : Options d'encadrement - Cadre rustique gris 1""","0","335","0","0"
"A01036-2","670","Ltd Edition - Teachings","1613","Édition Ltée - Le Chant du Tambour : Options d'encadrement - Sans cadre","1","170","0","74"
"A01036-2","670","Ltd Edition - Teachings","1614","Édition Ltée - Le Chant du Tambour : Options d'encadrement - Cadre rustique noir 1""","0","335","0","0"
"A01036-2","670","Ltd Edition - Teachings","1615","Édition Ltée - Le Chant du Tambour : Options d'encadrement - Cadre rustique brun 1""","0","335","0","0"
"A01036-2","670","Ltd Edition - Teachings","1616","Édition Ltée - Le Chant du Tambour : Options d'encadrement - Cadre rustique gris 1""","0","335","0","0"
"A01034-2","672","Ltd Edition - Reaching Out","1617","Édition Ltée - Chaleur de Terre : Options d'encadrement - Sans cadre","2","170","0","74"
"A01034-2","672","Ltd Edition - Reaching Out","1618","Édition Ltée - Chaleur de Terre : Options d'encadrement - Cadre rustique noir 1""","0","335","0","0"
"A01034-2","672","Ltd Edition - Reaching Out","1619","Édition Ltée - Chaleur de Terre : Options d'encadrement - Cadre rustique brun 1""","0","335","0","0"
"A01034-2","672","Ltd Edition - Reaching Out","1620","Édition Ltée - Chaleur de Terre : Options d'encadrement - Cadre rustique gris 1""","0","335","0","0"
"A08007-2","675","Ltd Edition - A Moose and Goose","1801","Édition Ltée - Un Orignal et une Outarde : Options d'encadrement - Sans cadre","1","170","0","74"
"A08007-2","675","Ltd Edition - A Moose and Goose","1802","Édition Ltée - Un Orignal et une Outarde : Options d'encadrement - Cadre rustique noir 1""","0","335","0","0"
"A08007-2","675","Ltd Edition - A Moose and Goose","1803","Édition Ltée - Un Orignal et une Outarde : Options d'encadrement - Cadre rustique brun 1""","0","335","0","0"
"A08007-2","675","Ltd Edition - A Moose and Goose","1804","Édition Ltée - Un Orignal et une Outarde : Options d'encadrement - Cadre rustique gris 1""","0","335","0","0"
"A10046-2","678","Ltd Edition - Geese Spirit","1725","Édition Ltée - L'Esprit de l'Outarde : Options d'encadrement - Sans cadre","2","170","0","74"
"A10046-2","678","Ltd Edition - Geese Spirit","1726","Édition Ltée - L'Esprit de l'Outarde : Options d'encadrement - Cadre rustique noir 1""","0","335","0","0"
"A10046-2","678","Ltd Edition - Geese Spirit","1727","Édition Ltée - L'Esprit de l'Outarde : Options d'encadrement - Cadre rustique brun 1""","0","335","0","0"
"A10046-2","678","Ltd Edition - Geese Spirit","1728","Édition Ltée - L'Esprit de l'Outarde : Options d'encadrement - Cadre rustique gris 1""","0","335","0","0"
"A08045-2","680","Ltd Edition - Patience","1889","Édition Ltée - Patience : Options d'encadrement - Sans cadre","4","140","0","62.7"
"A08045-2","680","Ltd Edition - Patience","1890","Édition Ltée - Patience : Options d'encadrement - Cadre rustique noir 1""","0","305","0","0"
"A08045-2","680","Ltd Edition - Patience","1891","Édition Ltée - Patience : Options d'encadrement - Cadre rustique brun 1""","0","305","0","0"
"A08045-2","680","Ltd Edition - Patience","1892","Édition Ltée - Patience : Options d'encadrement - Cadre rustique gris 1""","0","305","0","0"
"A08019-2","682","Ltd Edition - Unity","1805","Édition Ltée - Union : Options d'encadrement - Sans cadre","2","170","0","70.73"
"A08019-2","682","Ltd Edition - Unity","1806","Édition Ltée - Union : Options d'encadrement - Cadre rustique noir 1""","0","335","0","0"
"A08019-2","682","Ltd Edition - Unity","1807","Édition Ltée - Union : Options d'encadrement - Cadre rustique brun 1""","0","335","0","0"
"A08019-2","682","Ltd Edition - Unity","1808","Édition Ltée - Union : Options d'encadrement - Cadre rustique gris 1""","0","335","0","0"
"A09006-2","683","Ltd Edition - River Keeper","1909","Édition Ltée - La Gardienne de l'Eau : Options d'encadrement - Sans cadre","2","155","0","67.3"
"A09006-2","683","Ltd Edition - River Keeper","1910","Édition Ltée - La Gardienne de l'Eau : Options d'encadrement - Cadre rustique noir 1""","0","320","0","0"
"A09006-2","683","Ltd Edition - River Keeper","1911","Édition Ltée - La Gardienne de l'Eau : Options d'encadrement - Cadre rustique brun 1""","0","320","0","0"
"A09006-2","683","Ltd Edition - River Keeper","1912","Édition Ltée - La Gardienne de l'Eau : Options d'encadrement - Cadre rustique gris 1""","0","320","0","0"
"A04015-2","684","Ltd Edition - Rebirth","1809","Édition Ltée - Renaissance : Options d'encadrement - Sans cadre","2","170","0","74"
"A04015-2","684","Ltd Edition - Rebirth","1810","Édition Ltée - Renaissance : Options d'encadrement - Cadre rustique noir 1""","0","335","0","0"
"A04015-2","684","Ltd Edition - Rebirth","1811","Édition Ltée - Renaissance : Options d'encadrement - Cadre rustique brun 1""","0","335","0","0"
"A04015-2","684","Ltd Edition - Rebirth","1812","Édition Ltée - Renaissance : Options d'encadrement - Cadre rustique gris 1""","0","335","0","0"
"A04039-2","685","Ltd Edition - Nostalgia","1813","Édition Ltée - Nostalgia : Options d'encadrement - Sans cadre","3","170","0","74"
"A04039-2","685","Ltd Edition - Nostalgia","1814","Édition Ltée - Nostalgia : Options d'encadrement - Cadre rustique noir 1""","0","335","0","0"
"A04039-2","685","Ltd Edition - Nostalgia","1815","Édition Ltée - Nostalgia : Options d'encadrement - Cadre rustique gris 1""","0","335","0","0"
"A04039-2","685","Ltd Edition - Nostalgia","1816","Édition Ltée - Nostalgia : Options d'encadrement - Cadre rustique brun 1""","0","335","0","0"
"W13025-2","687","Ltd Edition - Passage","1625","Édition Ltée - Passage : Options d'encadrement - Sans cadre","1","170","0","74"
"W13025-2","687","Ltd Edition - Passage","1626","Édition Ltée - Passage : Options d'encadrement - Cadre rustique noir 1""","0","335","0","0"
"W13025-2","687","Ltd Edition - Passage","1627","Édition Ltée - Passage : Options d'encadrement - Cadre rustique brun 1""","0","335","0","0"
"W13025-2","687","Ltd Edition - Passage","1628","Édition Ltée - Passage : Options d'encadrement - Cadre rustique gris 1""","0","335","0","0"
"W12024-2","688","Ltd Edition - Breath of life","1729","Édition Ltée - Souffle de Vie : Options d'encadrement - Sans cadre","2","170","0","74"
"W12024-2","688","Ltd Edition - Breath of life","1730","Édition Ltée - Souffle de Vie : Options d'encadrement - Cadre rustique noir 1""","0","335","0","0"
"W12024-2","688","Ltd Edition - Breath of life","1731","Édition Ltée - Souffle de Vie : Options d'encadrement - Cadre rustique brun 1""","0","335","0","0"
"W12024-2","688","Ltd Edition - Breath of life","1732","Édition Ltée - Souffle de Vie : Options d'encadrement - Cadre rustique gris 1""","0","335","0","0"
"W12017-2","689","Ltd Edition - Synchronicity","1629","Édition Ltée - Synchronicité : Options d'encadrement - Sans cadre","3","170","0","70.73"
"W12017-2","689","Ltd Edition - Synchronicity","1630","Édition Ltée - Synchronicité : Options d'encadrement - Cadre rustique noir 1""","0","335","0","0"
"W12017-2","689","Ltd Edition - Synchronicity","1631","Édition Ltée - Synchronicité : Options d'encadrement - Cadre rustique gris 1""","0","335","0","0"
"W12017-2","689","Ltd Edition - Synchronicity","1632","Édition Ltée - Synchronicité : Options d'encadrement - Cadre rustique brun 1""","0","335","0","0"
"W12008-2","690","Ltd Edition - Winter wolves","1733","Édition Ltée - Loups d'Hiver : Options d'encadrement - Sans cadre","2","170","0","70.73"
"W12008-2","690","Ltd Edition - Winter wolves","1734","Édition Ltée - Loups d'Hiver : Options d'encadrement - Cadre rustique noir 1""","0","335","0","0"
"W12008-2","690","Ltd Edition - Winter wolves","1735","Édition Ltée - Loups d'Hiver : Options d'encadrement - Cadre rustique brun 1""","0","335","0","0"
"W12008-2","690","Ltd Edition - Winter wolves","1736","Édition Ltée - Loups d'Hiver : Options d'encadrement - Cadre rustique gris 1""","0","335","0","0"
"W12001-2","691","Ltd Edition - Dialogue","1873","Édition Ltée - Dialogue : Options d'encadrement - Sans cadre","2","135","0","60.85"
"W12001-2","691","Ltd Edition - Dialogue","1874","Édition Ltée - Dialogue : Options d'encadrement - Cadre rustique noir 1""","0","305","0","0"
"W12001-2","691","Ltd Edition - Dialogue","1875","Édition Ltée - Dialogue : Options d'encadrement - Cadre rustique brun 1""","0","305","0","0"
"W12001-2","691","Ltd Edition - Dialogue","1876","Édition Ltée - Dialogue : Options d'encadrement - Cadre rustique gris 1""","0","305","0","0"
"W12014-2","692","Ltd Edition - Gate of Silk","1737","Édition Ltée - Portail de Soie : Options d'encadrement - Sans cadre","4","170","0","74"
"W12014-2","692","Ltd Edition - Gate of Silk","1738","Édition Ltée - Portail de Soie : Options d'encadrement - Cadre rustique noir 1""","0","335","0","0"
"W12014-2","692","Ltd Edition - Gate of Silk","1739","Édition Ltée - Portail de Soie : Options d'encadrement - Cadre rustique brun 1""","0","335","0","0"
"W12014-2","692","Ltd Edition - Gate of Silk","1740","Édition Ltée - Portail de Soie : Options d'encadrement - Cadre rustique gris 1""","0","335","0","0"
"W12005-2","693","Ltd Edition - Earth Keeper","1633","Édition ltée - Gardienne de la Terre : Options d'encadrement - Sans cadre","3","170","0","74"
"W12005-2","693","Ltd Edition - Earth Keeper","1634","Édition ltée - Gardienne de la Terre : Options d'encadrement - Cadre rustique noir 1""","0","335","0","0"
"W12005-2","693","Ltd Edition - Earth Keeper","1635","Édition ltée - Gardienne de la Terre : Options d'encadrement - Cadre rustique brun 1""","0","335","0","0"
"W12005-2","693","Ltd Edition - Earth Keeper","1636","Édition ltée - Gardienne de la Terre : Options d'encadrement - Cadre rustique gris 1""","0","335","0","0"
"W12016-2","694","Ltd Edition - Going Home","1637","Édition Ltée - Retour chez Soi : Options d'encadrement - Sans cadre","2","170","0","74"
"W12016-2","694","Ltd Edition - Going Home","1638","Édition Ltée - Retour chez Soi : Options d'encadrement - Cadre rustique noir 1""","0","335","0","0"
"W12016-2","694","Ltd Edition - Going Home","1639","Édition Ltée - Retour chez Soi : Options d'encadrement - Cadre rustique brun 1""","0","335","0","0"
"W12016-2","694","Ltd Edition - Going Home","1640","Édition Ltée - Retour chez Soi : Options d'encadrement - Cadre rustique gris 1""","0","335","0","0"
"W12018-2","696","Ltd Edition - Early Evening Flowing into Fall","1741","Édition Ltée - Soirée Glissant vers l'Automne : Options d'encadrement - Sans cadre","2","170","0","74"
"W12018-2","696","Ltd Edition - Early Evening Flowing into Fall","1742","Édition Ltée - Soirée Glissant vers l'Automne : Options d'encadrement - Cadre rustique noir 1""","0","335","0","0"
"W12018-2","696","Ltd Edition - Early Evening Flowing into Fall","1743","Édition Ltée - Soirée Glissant vers l'Automne : Options d'encadrement - Cadre rustique brun 1""","0","335","0","0"
"W12018-2","696","Ltd Edition - Early Evening Flowing into Fall","1744","Édition Ltée - Soirée Glissant vers l'Automne : Options d'encadrement - Cadre rustique gris 1""","0","335","0","0"
"A00048-2","698","Ltd Edition - The Protector","1653","Édition Ltée - Le Protecteur : Options d'encadrement - Sans cadre","2","170","0","70.73"
"A00048-2","698","Ltd Edition - The Protector","1654","Édition Ltée - Le Protecteur : Options d'encadrement - Cadre rustique noir 1""","0","335","0","0"
"A00048-2","698","Ltd Edition - The Protector","1655","Édition Ltée - Le Protecteur : Options d'encadrement - Cadre rustique brun 1""","0","335","0","0"
"A00048-2","698","Ltd Edition - The Protector","1656","Édition Ltée - Le Protecteur : Options d'encadrement - Cadre rustique gris 1""","0","335","0","0"
"A01003-2","699","Ltd Edition - Sky Girl","1641","Édition Ltée - Fille du Ciel : Options d'encadrement - Sans cadre","3","170","0","70.73"
"A01003-2","699","Ltd Edition - Sky Girl","1642","Édition Ltée - Fille du Ciel : Options d'encadrement - Cadre rustique noir 1""","0","335","0","0"
"A01003-2","699","Ltd Edition - Sky Girl","1643","Édition Ltée - Fille du Ciel : Options d'encadrement - Cadre rustique brun 1""","0","335","0","0"
"A01003-2","699","Ltd Edition - Sky Girl","1644","Édition Ltée - Fille du Ciel : Options d'encadrement - Cadre rustique gris 1""","0","335","0","0"
"A04060-2","700","Ltd Edition - Passing Through","1817","Édition Ltée - Traversée : Options d'encadrement - Sans cadre","1","170","0","74"
"A04060-2","700","Ltd Edition - Passing Through","1818","Édition Ltée - Traversée : Options d'encadrement - Cadre rustique noir 1""","0","335","0","0"
"A04060-2","700","Ltd Edition - Passing Through","1819","Édition Ltée - Traversée : Options d'encadrement - Cadre rustique brun 1""","0","335","0","0"
"A04060-2","700","Ltd Edition - Passing Through","1820","Édition Ltée - Traversée : Options d'encadrement - Cadre rustique gris 1""","0","335","0","0"
"A09054-2","701","Ltd Edition - Tranquility","1645","Édition Ltée - Tranquillité : Options d'encadrement - Sans cadre","2","170","0","70.73"
"A09054-2","701","Ltd Edition - Tranquility","1646","Édition Ltée - Tranquillité : Options d'encadrement - Cadre rustique noir 1""","0","335","0","0"
"A09054-2","701","Ltd Edition - Tranquility","1647","Édition Ltée - Tranquillité : Options d'encadrement - Cadre rustique brun 1""","0","335","0","0"
"A09054-2","701","Ltd Edition - Tranquility","1648","Édition Ltée - Tranquillité : Options d'encadrement - Cadre rustique gris 1""","0","335","0","0"
"A16055-2","702","Ltd Edition - Abundance","1649","Édition Ltée - Abondance : Options d'encadrement - Sans cadre","2","170","0","74"
"A16055-2","702","Ltd Edition - Abundance","1650","Édition Ltée - Abondance : Options d'encadrement - Cadre rustique brun 1""","0","335","0","0"
"A16055-2","702","Ltd Edition - Abundance","1651","Édition Ltée - Abondance : Options d'encadrement - Cadre rustique noir 1""","0","335","0","0"
"A16055-2","702","Ltd Edition - Abundance","1652","Édition Ltée - Abondance : Options d'encadrement - Cadre rustique gris 1""","0","335","0","0"
"A13041-2","703","Ltd Edition - Lapinx","1918","Édition Ltée - Lapinx : Options d'encadrement - Cadre rustique noir 1""","0","320","0","0"
"A13041-2","703","Ltd Edition - Lapinx","1919","Édition Ltée - Lapinx : Options d'encadrement - Cadre rustique brun 1""","0","320","0","0"
"A13041-2","703","Ltd Edition - Lapinx","1920","Édition Ltée - Lapinx : Options d'encadrement - Cadre rustique gris 1""","0","320","0","0"
"A13041-2","703","Ltd Edition - Lapinx","11347","Édition Ltée - Lapinx : Options d'encadrement - Sans cadre 4.5"" x 13.25""","0","155","0","0"
"A13041-2","703","Ltd Edition - Lapinx","11348","Édition Ltée - Lapinx : Options d'encadrement - Sans cadre 6"" x 18""","3","170","0","74"
"A13056-2","705","Ltd Edition - Otherness","1877","Édition Ltée - Altérité : Options d'encadrement - Sans cadre","2","140","0","62.7"
"A13056-2","705","Ltd Edition - Otherness","1878","Édition Ltée - Altérité : Options d'encadrement - Cadre rustique noir 1""","0","305","0","0"
"A13056-2","705","Ltd Edition - Otherness","1879","Édition Ltée - Altérité : Options d'encadrement - Cadre rustique brun 1""","0","305","0","0"
"A13056-2","705","Ltd Edition - Otherness","1880","Édition Ltée - Altérité : Options d'encadrement - Cadre rustique gris 1""","0","305","0","0"
"A13057-2","706","Ltd Edition - Origins","1821","Édition Ltée - Origines : Options d'encadrement - Sans cadre","1","170","0","74"
"A13057-2","706","Ltd Edition - Origins","1822","Édition Ltée - Origines : Options d'encadrement - Cadre rustique noir 1""","0","335","0","0"
"A13057-2","706","Ltd Edition - Origins","1823","Édition Ltée - Origines : Options d'encadrement - Cadre rustique brun 1""","0","335","0","0"
"A13057-2","706","Ltd Edition - Origins","1824","Édition Ltée - Origines : Options d'encadrement - Cadre rustique gris 1""","0","335","0","0"
"A16051-2","707","Ltd Edition - Northern Keepers","1521","Édition Ltée - Gardiens du Nord : Options d'encadrement - Sans cadre","1","170","0","74"
"A16051-2","707","Ltd Edition - Northern Keepers","1522","Édition Ltée - Gardiens du Nord : Options d'encadrement - Cadre rustique noir 1""","0","335","0","0"
"A16051-2","707","Ltd Edition - Northern Keepers","1523","Édition Ltée - Gardiens du Nord : Options d'encadrement - Cadre rustique brun 1""","0","335","0","0"
"A16051-2","707","Ltd Edition - Northern Keepers","1524","Édition Ltée - Gardiens du Nord : Options d'encadrement - Cadre rustique gris 1""","0","335","0","0"
"A16058-2","709","Ltd Edition - Silent Seekers","1881","Édition Ltée - En Quête de Silence : Options d'encadrement - Sans cadre","1","140","0","62.7"
"A16058-2","709","Ltd Edition - Silent Seekers","1882","Édition Ltée - En Quête de Silence : Options d'encadrement - Cadre rustique noir 1""","0","305","0","0"
"A16058-2","709","Ltd Edition - Silent Seekers","1883","Édition Ltée - En Quête de Silence : Options d'encadrement - Cadre rustique brun 1""","0","305","0","0"
"A16058-2","709","Ltd Edition - Silent Seekers","1884","Édition Ltée - En Quête de Silence : Options d'encadrement - Cadre rustique gris 1""","0","305","0","0"
"A16059-2","710","Ltd Edition - Wisdom Keepers","1885","Édition Ltée - Gardiens de la Sagesse : Options d'encadrement - Sans cadre","0","140","0","62.7"
"A16059-2","710","Ltd Edition - Wisdom Keepers","1886","Édition Ltée - Gardiens de la Sagesse : Options d'encadrement - Cadre rustique noir 1""","0","305","0","0"
"A16059-2","710","Ltd Edition - Wisdom Keepers","1887","Édition Ltée - Gardiens de la Sagesse : Options d'encadrement - Cadre rustique brun 1""","0","305","0","0"
"A16059-2","710","Ltd Edition - Wisdom Keepers","1888","Édition Ltée - Gardiens de la Sagesse : Options d'encadrement - Cadre rustique gris 1""","0","305","0","0"
"A95053-2","711","Ltd Edition - Messenger","1893","Édition Ltée - Messager : Options d'encadrement - Sans cadre","3","140","0","62.7"
"A95053-2","711","Ltd Edition - Messenger","1894","Édition Ltée - Messager : Options d'encadrement - Cadre rustique noir 1""","0","305","0","0"
"A95053-2","711","Ltd Edition - Messenger","1895","Édition Ltée - Messager : Options d'encadrement - Cadre rustique brun 1""","0","305","0","0"
"A95053-2","711","Ltd Edition - Messenger","1896","Édition Ltée - Messager : Options d'encadrement - Cadre rustique gris 1""","0","305","0","0"
"A14051-2","712","Ltd Edition - Gezaluwejit","1529","Édition Ltée - Gezaluwejit : Options d'encadrement - Sans cadre","2","170","0","74"
"A14051-2","712","Ltd Edition - Gezaluwejit","1530","Édition Ltée - Gezaluwejit : Options d'encadrement - Cadre rustique noir 1""","0","335","0","0"
"A14051-2","712","Ltd Edition - Gezaluwejit","1531","Édition Ltée - Gezaluwejit : Options d'encadrement - Cadre rustique brun 1""","0","335","0","0"
"A14051-2","712","Ltd Edition - Gezaluwejit","1532","Édition Ltée - Gezaluwejit : Options d'encadrement - Cadre rustique gris 1""","0","335","0","0"
"W13047-2","714","Ltd Edition - Inner Memories","1753","Édition ltée - Mémoires Ancestrales : Options d'encadrement - Sans cadre","4","170","0","74"
"W13047-2","714","Ltd Edition - Inner Memories","1754","Édition ltée - Mémoires Ancestrales : Options d'encadrement - Cadre rustique noir 1""","0","335","0","0"
"W13047-2","714","Ltd Edition - Inner Memories","1755","Édition ltée - Mémoires Ancestrales : Options d'encadrement - Cadre rustique brun 1""","0","335","0","0"
"W13047-2","714","Ltd Edition - Inner Memories","1756","Édition ltée - Mémoires Ancestrales : Options d'encadrement - Cadre rustique gris 1""","0","335","0","0"
"A12050-2","716","Ltd Edition - Ice Dream","1757","Édition Ltée - Rêve de Glace : Options d'encadrement - Sans cadre","3","170","0","74"
"A12050-2","716","Ltd Edition - Ice Dream","1758","Édition Ltée - Rêve de Glace : Options d'encadrement - Cadre rustique noir 1""","0","335","0","0"
"A12050-2","716","Ltd Edition - Ice Dream","1759","Édition Ltée - Rêve de Glace : Options d'encadrement - Cadre rustique brun 1""","0","335","0","0"
"A12050-2","716","Ltd Edition - Ice Dream","1760","Édition Ltée - Rêve de Glace : Options d'encadrement - Cadre rustique gris 1""","0","335","0","0"
"A13053-2","718","Ltd Edition - Roots Of Another World","1765","Édition Ltée - Racines d'un Autre Monde : Options d'encadrement - Sans cadre","1","170","0","70.73"
"A13053-2","718","Ltd Edition - Roots Of Another World","1766","Édition Ltée - Racines d'un Autre Monde : Options d'encadrement - Cadre rustique noir 1""","0","335","0","0"
"A13053-2","718","Ltd Edition - Roots Of Another World","1767","Édition Ltée - Racines d'un Autre Monde : Options d'encadrement - Cadre rustique brun 1""","0","335","0","0"
"A13053-2","718","Ltd Edition - Roots Of Another World","1768","Édition Ltée - Racines d'un Autre Monde : Options d'encadrement - Cadre rustique gris 1""","0","335","0","0"
"A01038-2","719","Ltd Edition - Harmony","1930","Édition ltée - Harmonie : Options d'encadrement - Sans cadre","1","170","0","70.73"
"A01038-2","719","Ltd Edition - Harmony","1931","Édition ltée - Harmonie : Options d'encadrement - Cadre rustique noir 1""","0","335","0","0"
"A01038-2","719","Ltd Edition - Harmony","1932","Édition ltée - Harmonie : Options d'encadrement - Cadre rustique brun 1""","0","335","0","0"
"A01038-2","719","Ltd Edition - Harmony","1933","Édition ltée - Harmonie : Options d'encadrement - Cadre rustique gris 1""","0","335","0","0"
"A13042-2","721","Ltd Edition - Carried Away","1897","Édition Ltée - Emportée : Options d'encadrement - Sans cadre","1","140","0","62.7"
"A13042-2","721","Ltd Edition - Carried Away","1898","Édition Ltée - Emportée : Options d'encadrement - Cadre rustique noir 1""","0","305","0","0"
"A13042-2","721","Ltd Edition - Carried Away","1899","Édition Ltée - Emportée : Options d'encadrement - Cadre rustique brun 1""","0","305","0","0"
"A13042-2","721","Ltd Edition - Carried Away","1900","Édition Ltée - Emportée : Options d'encadrement - Cadre rustique gris 1""","0","305","0","0"
"W13023-2","722","Ltd Edition - Water and Spirit Buffalo","1769","Édition Ltée - Eau et Esprit du Bison : Options d'encadrement - Sans cadre","1","170","0","70.73"
"W13023-2","722","Ltd Edition - Water and Spirit Buffalo","1770","Édition Ltée - Eau et Esprit du Bison : Options d'encadrement - Cadre rustique noir 1""","0","335","0","0"
"W13023-2","722","Ltd Edition - Water and Spirit Buffalo","1771","Édition Ltée - Eau et Esprit du Bison : Options d'encadrement - Cadre rustique brun 1""","0","335","0","0"
"W13023-2","722","Ltd Edition - Water and Spirit Buffalo","1772","Édition Ltée - Eau et Esprit du Bison : Options d'encadrement - Cadre rustique gris 1""","0","335","0","0"
"A01031-1","725","Canvas - Honoring the Giver of Life","1589","Toile - Hommage à la Source de Vie : Options d'encadrement - Sans cadre","1","295","0","0"
"A01031-1","725","Canvas - Honoring the Giver of Life","1590","Toile - Hommage à la Source de Vie : Options d'encadrement - Cadre flottant bois noir","0","395","0","0"
"A01031-1","725","Canvas - Honoring the Giver of Life","1591","Toile - Hommage à la Source de Vie : Options d'encadrement - Cadre flottant bois brun","0","395","0","0"
"A01031-1","725","Canvas - Honoring the Giver of Life","1592","Toile - Hommage à la Source de Vie : Options d'encadrement - Cadre flottant bois étain","0","395","0","0"
"A08007-1","733","Canvas - A Moose and Goose","1777","Toile - Un Orignal et une Outarde : Options d'encadrement - Sans cadre","1","190","0","0"
"A08007-1","733","Canvas - A Moose and Goose","1778","Toile - Un Orignal et une Outarde : Options d'encadrement - Cadre flottant bois noir","0","290","0","0"
"A08007-1","733","Canvas - A Moose and Goose","1779","Toile - Un Orignal et une Outarde : Options d'encadrement - Cadre flottant bois brun","0","290","0","0"
"A08007-1","733","Canvas - A Moose and Goose","1780","Toile - Un Orignal et une Outarde : Options d'encadrement - Cadre flottant bois étain","0","290","0","0"
"A10046-1","736","Canvas - Geese Spirit","1665","Toile - L'Esprit de l'Outarde : Options d'encadrement - Sans cadre","0","295","0","84.27"
"A10046-1","736","Canvas - Geese Spirit","1666","Toile - L'Esprit de l'Outarde : Options d'encadrement - Cadre flottant bois noir","0","395","0","0"
"A10046-1","736","Canvas - Geese Spirit","1667","Toile - L'Esprit de l'Outarde : Options d'encadrement - Cadre flottant bois brun","0","395","0","0"
"A10046-1","736","Canvas - Geese Spirit","1668","Toile - L'Esprit de l'Outarde : Options d'encadrement - Cadre flottant bois étain","0","395","0","0"
"A08013-1","737","Canvas - New Day","1561","Toile - Nouveau Jour : Options d'encadrement - Sans cadre","1","295","0","0"
"A08013-1","737","Canvas - New Day","1562","Toile - Nouveau Jour : Options d'encadrement - Cadre flottant bois noir","0","395","0","0"
"A08013-1","737","Canvas - New Day","1563","Toile - Nouveau Jour : Options d'encadrement - Cadre flottant bois brun","0","395","0","0"
"A08013-1","737","Canvas - New Day","1564","Toile - Nouveau Jour : Options d'encadrement - Cadre flottant bois étain","0","395","0","0"
"A08045-1","738","Canvas - Patience","1837","Toile - Patience : Options d'encadrement - Sans cadre","1","225","0","0"
"A08045-1","738","Canvas - Patience","1838","Toile - Patience : Options d'encadrement - Cadre flottant bois noir","0","325","0","0"
"A08045-1","738","Canvas - Patience","1839","Toile - Patience : Options d'encadrement - Cadre flottant bois brun","0","325","0","0"
"A08045-1","738","Canvas - Patience","1840","Toile - Patience : Options d'encadrement - Cadre flottant bois étain","0","325","0","0"
"A08019-1","740","Canvas - Unity","1781","Toile - Union : Options d'encadrement - Sans cadre","1","335","0","0"
"A08019-1","740","Canvas - Unity","1782","Toile - Union : Options d'encadrement - Cadre flottant bois noir","0","435","0","0"
"A08019-1","740","Canvas - Unity","1783","Toile - Union : Options d'encadrement - Cadre flottant bois brun","0","435","0","0"
"A08019-1","740","Canvas - Unity","1784","Toile - Union : Options d'encadrement - Cadre flottant bois étain","0","435","0","0"
"A09006-1","741","Canvas - River Keeper","1854","Toile - La Gardienne de l'Eau : Options d'encadrement - Cadre flottant bois noir","0","495","0","0"
"A09006-1","741","Canvas - River Keeper","1855","Toile - La Gardienne de l'Eau : Options d'encadrement - Cadre flottant bois brun","0","495","0","0"
"A09006-1","741","Canvas - River Keeper","1856","Toile - La Gardienne de l'Eau : Options d'encadrement - Cadre flottant bois étain","0","495","0","0"
"A09006-1","741","Canvas - River Keeper","8134","Toile - La Gardienne de l'Eau : Options d'encadrement - Sans cadre - 15"" x 24""","1","315","0","0"
"A09006-1","741","Canvas - River Keeper","8135","Toile - La Gardienne de l'Eau : Options d'encadrement - Sans cadre - 30"" x 48""","0","695","0","0"
"A09006-1","741","Canvas - River Keeper","9712","Toile - La Gardienne de l'Eau : Options d'encadrement - Sans cadre 29"" x 48""","1","695","0","0"
"A07020-1","744","Canvas - Journey to the Spirit World","1857","Toile - Voyage vers le Monde du Songe : Options d'encadrement - Sans cadre","1","525","0","0"
"A07020-1","744","Canvas - Journey to the Spirit World","1858","Toile - Voyage vers le Monde du Songe : Options d'encadrement - Cadre flottant bois noir","0","695","0","0"
"A07020-1","744","Canvas - Journey to the Spirit World","1859","Toile - Voyage vers le Monde du Songe : Options d'encadrement - Cadre flottant bois brun","0","695","0","0"
"A07020-1","744","Canvas - Journey to the Spirit World","1860","Toile - Voyage vers le Monde du Songe : Options d'encadrement - Cadre flottant bois étain","0","695","0","0"
"W12024-1","746","Canvas - Breath of life","1669","Toile - Souffle de vie : Options d'encadrement - Sans cadre","1","325","0","0"
"W12024-1","746","Canvas - Breath of life","1670","Toile - Souffle de vie : Options d'encadrement - Cadre flottant bois noir","0","425","0","0"
"W12024-1","746","Canvas - Breath of life","1671","Toile - Souffle de vie : Options d'encadrement - Cadre flottant bois brun","0","425","0","0"
"W12024-1","746","Canvas - Breath of life","1672","Toile - Souffle de vie : Options d'encadrement - Cadre flottant bois étain","0","425","0","0"
"A13041-1","761","Canvas - Lapinx","1861","Toile - Lapinx : Options d'encadrement - Sans cadre","1","395","0","120"
"A13041-1","761","Canvas - Lapinx","1862","Toile - Lapinx : Options d'encadrement - Cadre flottant bois noir","0","495","0","0"
"A13041-1","761","Canvas - Lapinx","1863","Toile - Lapinx : Options d'encadrement - Cadre flottant bois brun","0","495","0","0"
"A13041-1","761","Canvas - Lapinx","1864","Toile - Lapinx : Options d'encadrement - Cadre flottant bois étain","0","495","0","0"
"A16052-1","766","Canvas - Zenith","1866","Toile - Zénith : Options d'encadrement - Cadre flottant bois noir","0","345","0","0"
"A16052-1","766","Canvas - Zenith","1867","Toile - Zénith : Options d'encadrement - Cadre flottant bois brun","0","345","0","0"
"A16052-1","766","Canvas - Zenith","1868","Toile - Zénith : Options d'encadrement - Cadre flottant bois étain","0","345","0","0"
"A16052-1","766","Canvas - Zenith","9715","Toile - Zénith : Options d'encadrement - Sans cadre","1","245","0","102"
"A16058-1","767","Canvas - Silent Seekers","1829","Toile - En Quête de Silence : Options d'encadrement - Sans cadre","0","295","0","0"
"A16058-1","767","Canvas - Silent Seekers","1830","Toile - En Quête de Silence : Options d'encadrement - Cadre flottant bois noir","1","425","0","0"
"A16058-1","767","Canvas - Silent Seekers","1831","Toile - En Quête de Silence : Options d'encadrement - Cadre flottant bois brun","0","425","0","0"
"A16058-1","767","Canvas - Silent Seekers","1832","Toile - En Quête de Silence : Options d'encadrement - Cadre flottant bois étain","0","425","0","0"
"A16059-1","768","Canvas - Wisdom Keepers","1833","Toile - Gardiens de la Sagesse : Options d'encadrement - Sans cadre","1","225","0","74.36"
"A16059-1","768","Canvas - Wisdom Keepers","1834","Toile - Gardiens de la Sagesse : Options d'encadrement - Cadre flottant bois noir","0","325","0","0"
"A16059-1","768","Canvas - Wisdom Keepers","1835","Toile - Gardiens de la Sagesse : Options d'encadrement - Cadre flottant bois brun","0","325","0","0"
"A16059-1","768","Canvas - Wisdom Keepers","1836","Toile - Gardiens de la Sagesse : Options d'encadrement - Cadre flottant bois étain","0","325","0","0"
"A16059-1","768","Canvas - Wisdom Keepers","7802","Toile - Gardiens de la Sagesse : Options d'encadrement - Sans cadre 24"" x 12""","0","295","0","0"
"A16059-1","768","Canvas - Wisdom Keepers","7803","Toile - Gardiens de la Sagesse : Options d'encadrement - Cadre flottant noir","0","395","0","0"
"A16059-1","768","Canvas - Wisdom Keepers","7804","Toile - Gardiens de la Sagesse : Options d'encadrement - Cadre flottant brun","0","395","0","0"
"A16059-1","768","Canvas - Wisdom Keepers","7805","Toile - Gardiens de la Sagesse : Options d'encadrement - Cadre flottant étain","0","395","0","0"
"A14051-1","770","Canvas - Gezaluwejit","1525","Toile - Gezaluwejit : Options d'encadrement - Sans cadre","1","295","0","0"
"A14051-1","770","Canvas - Gezaluwejit","1526","Toile - Gezaluwejit : Options d'encadrement - Cadre flottant bois noir","0","395","0","0"
"A14051-1","770","Canvas - Gezaluwejit","1527","Toile - Gezaluwejit : Options d'encadrement - Cadre flottant bois brun","0","395","0","0"
"A14051-1","770","Canvas - Gezaluwejit","1528","Toile - Gezaluwejit : Options d'encadrement - Cadre flottant bois étain","0","395","0","0"
"W13047-1","772","Canvas - Inner Memories","1693","Toile - Mémoires Ancestrales : Options d'encadrement - Sans cadre","0","295","0","0"
"W13047-1","772","Canvas - Inner Memories","1694","Toile - Mémoires Ancestrales : Options d'encadrement - Cadre flottant bois noir","0","395","0","0"
"W13047-1","772","Canvas - Inner Memories","1695","Toile - Mémoires Ancestrales : Options d'encadrement - Cadre flottant bois brun","0","395","0","0"
"W13047-1","772","Canvas - Inner Memories","1696","Toile - Mémoires Ancestrales : Options d'encadrement - Cadre flottant bois étain","0","395","0","0"
"A12050-1","774","Canvas - Ice Dream","1697","Toile - Rêve de Glace : Options d'encadrement - Sans cadre","1","295","0","0"
"A12050-1","774","Canvas - Ice Dream","1698","Toile - Rêve de Glace : Options d'encadrement - Cadre flottant bois noir","0","395","0","0"
"A12050-1","774","Canvas - Ice Dream","1699","Toile - Rêve de Glace : Options d'encadrement - Cadre flottant bois brun","0","395","0","0"
"A12050-1","774","Canvas - Ice Dream","1700","Toile - Rêve de Glace : Options d'encadrement - Cadre flottant bois étain","0","395","0","0"
"A13042-1","779","Canvas - Carried Away","1846","Toile - Emportée : Options d'encadrement - Cadre flottant bois noir","0","325","0","0"
"A13042-1","779","Canvas - Carried Away","1847","Toile - Emportée : Options d'encadrement - Cadre flottant bois brun","0","325","0","0"
"A13042-1","779","Canvas - Carried Away","1848","Toile - Emportée : Options d'encadrement - Cadre flottant bois étain","0","325","0","0"
"A13042-1","779","Canvas - Carried Away","7728","Toile - Emportée : Options d'encadrement - Sans cadre","1","250","0","0"
"A17065-POD2578","781","Card - The Forest Temple","","Carte - Temple de la Forêt","10","6.35","2.75","0"
"A17063-POD2550","782","Card - Depth","","Carte - Profondeur","13","6.35","2.75","0"
"W17062-7","783","Card - Horizon","","Carte - Horizon","0","5.5","2.5","0"
"A17064-POD2563","784","Card - M'Otter love","","Carte - L'Outre Mère","12","6.35","2.75","0"
"A17063-POD2550","785","Matted Print - Depth","","Impression avec Passe-Partout - Profondeur","4","20","7.5","0"
"W17062-6","786","Small Print - Horizon","","Petite Repro - Horizon","12","25","10.87","0"
"A17064-POD2563","787","Matted Print - M'Otter Love","","Impression avec Passe-Partout - L'Outre Mère","1","20","7.5","0"
"A17065-6","788","Small Print - The Forest Temple","","Petite Repro - Temple de la Forêt","7","25","10.87","0"
"A17065-2","789","Ltd Edition - The Forest Temple","1901","Édition Ltée - Temple de la Forêt : Options d'encadrement - Sans cadre","3","140","0","62.7"
"A17065-2","789","Ltd Edition - The Forest Temple","1902","Édition Ltée - Temple de la Forêt : Options d'encadrement - Cadre rustique noir 1""","0","305","0","0"
"A17065-2","789","Ltd Edition - The Forest Temple","1903","Édition Ltée - Temple de la Forêt : Options d'encadrement - Cadre rustique brun 1""","0","305","0","0"
"A17065-2","789","Ltd Edition - The Forest Temple","1904","Édition Ltée - Temple de la Forêt : Options d'encadrement - Cadre rustique gris 1""","0","305","0","0"
"A17064-2","790","Ltd Edition - M'Otter Love","1926","Édition Ltée - L'Outre Mère : Options d'encadrement - Cadre rustique noir 1""","0","335","0","0"
"A17064-2","790","Ltd Edition - M'Otter Love","1927","Édition Ltée - L'Outre Mère : Options d'encadrement - Cadre rustique brun 1""","0","335","0","0"
"A17064-2","790","Ltd Edition - M'Otter Love","1928","Édition Ltée - L'Outre Mère : Options d'encadrement - Cadre rustique gris 1""","0","335","0","0"
"A17064-2","790","Ltd Edition - M'Otter Love","11349","Édition Ltée - L'Outre Mère : Options d'encadrement - Sans cadre 3.30"" x 13.5""","2","135","0","58.5"
"A17064-2","790","Ltd Edition - M'Otter Love","11350","Édition Ltée - L'Outre Mère : Options d'encadrement - Sans cadre - 6"" x 24""","2","190","0","89.52"
"A17063-2","791","Ltd Edition - Depth","1513","Édition Ltée - Profondeur : Options d'encadrement - Sans cadre","2","170","0","74"
"A17063-2","791","Ltd Edition - Depth","1514","Édition Ltée - Profondeur : Options d'encadrement - Cadre rustique noir 1""","0","335","0","0"
"A17063-2","791","Ltd Edition - Depth","1515","Édition Ltée - Profondeur : Options d'encadrement - Cadre rustique brun 1""","0","335","0","0"
"A17063-2","791","Ltd Edition - Depth","1516","Édition Ltée - Profondeur : Options d'encadrement - Cadre rustique gris 1""","0","335","0","0"
"W17062-2","792","Ltd Edition - Horizon","1773","Édition Ltée - Horizon : Options d'encadrement - Sans cadre","2","170","0","74"
"W17062-2","792","Ltd Edition - Horizon","1774","Édition Ltée - Horizon : Options d'encadrement - Cadre rustique noir 1""","0","335","0","0"
"W17062-2","792","Ltd Edition - Horizon","1775","Édition Ltée - Horizon : Options d'encadrement - Cadre rustique brun 1""","0","335","0","0"
"W17062-2","792","Ltd Edition - Horizon","1776","Édition Ltée - Horizon : Options d'encadrement - Cadre rustique gris 1""","0","335","0","0"
"A17065-1","793","Canvas - The Forest Temple","1849","Toile - Temple de la Forêt : Options d'encadrement - Sans cadre","1","445","0","0"
"A17065-1","793","Canvas - The Forest Temple","1850","Toile - Temple de la Forêt : Options d'encadrement - Cadre flottant bois noir","0","545","0","0"
"A17065-1","793","Canvas - The Forest Temple","1851","Toile - Temple de la Forêt : Options d'encadrement - Cadre flottant bois brun","0","545","0","0"
"A17065-1","793","Canvas - The Forest Temple","1852","Toile - Temple de la Forêt : Options d'encadrement - Cadre flottant bois étain","0","545","0","0"
"A17064-1","794","Canvas - Motter Love","1869","Toile - Loutre Mère : Options d'encadrement - Sans cadre","0","225","0","0"
"A17064-1","794","Canvas - Motter Love","1870","Toile - Loutre Mère : Options d'encadrement - Cadre flottant bois noir","0","315","0","0"
"A17064-1","794","Canvas - Motter Love","1871","Toile - Loutre Mère : Options d'encadrement - Cadre flottant bois brun","0","315","0","0"
"A17064-1","794","Canvas - Motter Love","1872","Toile - Loutre Mère : Options d'encadrement - Cadre flottant bois étain","0","315","0","0"
"A17063-1","795","Canvas - Depth","1509","Toile - Profondeur : Options d'encadrement - Cadre flottant bois noir","0","345","0","0"
"A17063-1","795","Canvas - Depth","1510","Toile - Profondeur : Options d'encadrement - Cadre flottant bois brun","0","345","0","0"
"A17063-1","795","Canvas - Depth","1511","Toile - Profondeur : Options d'encadrement - Cadre flottant bois étain","0","345","0","0"
"A17063-1","795","Canvas - Depth","1512","Toile - Profondeur : Options d'encadrement - Sans cadre","0","295","0","295"
"A17063-1","795","Canvas - Depth","6668","Toile - Profondeur : Options d'encadrement - Sans cadre 24"" x 30""","1","495","0","0"
"A08021-7","797","Card - Wikwemikong","","Carte - Wikwemikong","4","5.5","2.5","0"
"A09055-7","798","Card - Abundance","","Carte - Abondance","13","5.5","2.5","0"
"W18053-7-POD2883","799","Card - Northern Masters","","Carte - Maîtres du Nord","8","6.35","2.75","0"
"W18053-6","800","Small Print - Northern Masters","","Petite Repro - Maîtres du Nord","0","25","10.87","0"
"W18053-2","801","Ltd Edition - Northern Masters","1316","Édition Ltée - Maîtres du Nord : Options d'encadrement - Cadre rustique noir 1""","0","335","0","0"
"W18053-2","801","Ltd Edition - Northern Masters","1317","Édition Ltée - Maîtres du Nord : Options d'encadrement - Cadre rustique brun 1""","0","335","0","0"
"W18053-2","801","Ltd Edition - Northern Masters","1318","Édition Ltée - Maîtres du Nord : Options d'encadrement - Cadre rustique gris 1""","0","335","0","0"
"W18053-2","801","Ltd Edition - Northern Masters","1319","Édition Ltée - Maîtres du Nord : Options d'encadrement - Sans cadre","3","170","0","74"
"A17064-WPA0301NC03C","804","Carla Palazzo ""M'Otter Love""","3022","Palazzo Carla ""L'Outre Mère"" : Taille - XP","0","169","68","0"
"A17064-WPA0301NC03C","804","Carla Palazzo ""M'Otter Love""","3023","Palazzo Carla ""L'Outre Mère"" : Taille - P","0","169","68","0"
"A17064-WPA0301NC03C","804","Carla Palazzo ""M'Otter Love""","3024","Palazzo Carla ""L'Outre Mère"" : Taille - M","0","169","68","0"
"A17064-WPA0301NC03C","804","Carla Palazzo ""M'Otter Love""","3025","Palazzo Carla ""L'Outre Mère"" : Taille - L","0","169","68","0"
"A17064-WPA0301NC03C","804","Carla Palazzo ""M'Otter Love""","3026","Palazzo Carla ""L'Outre Mère"" : Taille - XL","0","169","68","0"
"A16058-WPA0301NC04A","805","Carla Palazzo ""Silent Seekers""","1325","Palazzo Carla ""En Quête de Silence"" : Taille - XP","1","189","74","0"
"A16058-WPA0301NC04A","805","Carla Palazzo ""Silent Seekers""","1326","Palazzo Carla ""En Quête de Silence"" : Taille - P","0","189","74","0"
"A16058-WPA0301NC04A","805","Carla Palazzo ""Silent Seekers""","1327","Palazzo Carla ""En Quête de Silence"" : Taille - M","1","189","74","0"
"A16058-WPA0301NC04A","805","Carla Palazzo ""Silent Seekers""","1328","Palazzo Carla ""En Quête de Silence"" : Taille - L","1","189","74","0"
"A16058-WPA0301NC04A","805","Carla Palazzo ""Silent Seekers""","1329","Palazzo Carla ""En Quête de Silence"" : Taille - XL","1","189","74","0"
"A16058-WNS0701NC04A","807","Coco Tank ""Silent Seekers""","1435","Débardeur Coco ""En Quête de Silence"" : Taille - XP","1","79","34.35","0"
"A16058-WNS0701NC04A","807","Coco Tank ""Silent Seekers""","1436","Débardeur Coco ""En Quête de Silence"" : Taille - P","1","79","34.35","0"
"A16058-WNS0701NC04A","807","Coco Tank ""Silent Seekers""","1437","Débardeur Coco ""En Quête de Silence"" : Taille - M","2","79","34.35","0"
"A16058-WNS0701NC04A","807","Coco Tank ""Silent Seekers""","1438","Débardeur Coco ""En Quête de Silence"" : Taille - L","1","79","34.35","0"
"A16058-WNS0701NC04A","807","Coco Tank ""Silent Seekers""","1439","Débardeur Coco ""En Quête de Silence"" : Taille - XL","1","79","34.35","0"
"A16051-WNS0701NC05A","808","Coco Tank ""Northern Keepers""","1430","Débardeur Coco ""Gardiens du Nord"" : Taille - XP","0","79","34.35","0"
"A16051-WNS0701NC05A","808","Coco Tank ""Northern Keepers""","1431","Débardeur Coco ""Gardiens du Nord"" : Taille - P","1","79","34.35","0"
"A16051-WNS0701NC05A","808","Coco Tank ""Northern Keepers""","1432","Débardeur Coco ""Gardiens du Nord"" : Taille - M","1","79","34.35","0"
"A16051-WNS0701NC05A","808","Coco Tank ""Northern Keepers""","1433","Débardeur Coco ""Gardiens du Nord"" : Taille - L","1","79","34.35","0"
"A16051-WNS0701NC05A","808","Coco Tank ""Northern Keepers""","1434","Débardeur Coco ""Gardiens du Nord"" : Taille - XL","0","79","34.35","0"
"A01028-WNS0701NC08A","809","Coco Tank ""Giving Thanks""","1425","Débardeur Coco ""Rendre Grâce"" : Taille - XP","2","79","34.35","0"
"A01028-WNS0701NC08A","809","Coco Tank ""Giving Thanks""","1426","Débardeur Coco ""Rendre Grâce"" : Taille - P","0","79","34.35","0"
"A01028-WNS0701NC08A","809","Coco Tank ""Giving Thanks""","1427","Débardeur Coco ""Rendre Grâce"" : Taille - M","0","79","34.35","0"
"A01028-WNS0701NC08A","809","Coco Tank ""Giving Thanks""","1428","Débardeur Coco ""Rendre Grâce"" : Taille - L","1","79","34.35","0"
"A01028-WNS0701NC08A","809","Coco Tank ""Giving Thanks""","1429","Débardeur Coco ""Rendre Grâce"" : Taille - XL","0","79","34.35","0"
"A16051-WLS0401NC05A","810","Dolly Top ""Northern Keepers""","2194","Dolly Top ""Gardiens du Nord"" : Taille - XP","0","119","50","0"
"A16051-WLS0401NC05A","810","Dolly Top ""Northern Keepers""","2195","Dolly Top ""Gardiens du Nord"" : Taille - P","0","119","50","0"
"A16051-WLS0401NC05A","810","Dolly Top ""Northern Keepers""","2196","Dolly Top ""Gardiens du Nord"" : Taille - M","0","119","50","0"
"A16051-WLS0401NC05A","810","Dolly Top ""Northern Keepers""","2197","Dolly Top ""Gardiens du Nord"" : Taille - L","0","119","50","0"
"A16051-WLS0401NC05A","810","Dolly Top ""Northern Keepers""","2198","Dolly Top ""Gardiens du Nord"" : Taille - XL","0","119","50","0"
"A17063-WPA0401NC02A","812","Jackie Legging ""Depth""","1350","Legging Jackie ""Profondeur"" : Taille - XP","0","109","45","0"
"A17063-WPA0401NC02A","812","Jackie Legging ""Depth""","1351","Legging Jackie ""Profondeur"" : Taille - P","0","109","45","0"
"A17063-WPA0401NC02A","812","Jackie Legging ""Depth""","1352","Legging Jackie ""Profondeur"" : Taille - M","0","109","45","0"
"A17063-WPA0401NC02A","812","Jackie Legging ""Depth""","1353","Legging Jackie ""Profondeur"" : Taille - L","0","109","45","0"
"A17063-WPA0401NC02A","812","Jackie Legging ""Depth""","1354","Legging Jackie ""Profondeur"" : Taille - XL","0","109","45","0"
"A17064-WPA0401NC03A","813","Jackie Legging ""M'Otter Love""","1345","Legging Jackie ""L'Outre Mère"" : Taille - XP","0","109","45","0"
"A17064-WPA0401NC03A","813","Jackie Legging ""M'Otter Love""","1346","Legging Jackie ""L'Outre Mère"" : Taille - P","0","109","45","0"
"A17064-WPA0401NC03A","813","Jackie Legging ""M'Otter Love""","1347","Legging Jackie ""L'Outre Mère"" : Taille - M","0","109","45","0"
"A17064-WPA0401NC03A","813","Jackie Legging ""M'Otter Love""","1348","Legging Jackie ""L'Outre Mère"" : Taille - L","0","109","45","0"
"A17064-WPA0401NC03A","813","Jackie Legging ""M'Otter Love""","1349","Legging Jackie ""L'Outre Mère"" : Taille - XL","1","109","45","0"
"A09006-WPA0401NC06A","815","Jackie Legging ""The River Keeper""","1335","Legging Jackie ""La Gardienne de l'Eau"" : Taille - XP","0","109","45","0"
"A09006-WPA0401NC06A","815","Jackie Legging ""The River Keeper""","1336","Legging Jackie ""La Gardienne de l'Eau"" : Taille - P","0","109","45","0"
"A09006-WPA0401NC06A","815","Jackie Legging ""The River Keeper""","1337","Legging Jackie ""La Gardienne de l'Eau"" : Taille - M","0","109","45","0"
"A09006-WPA0401NC06A","815","Jackie Legging ""The River Keeper""","1338","Legging Jackie ""La Gardienne de l'Eau"" : Taille - L","0","109","45","0"
"A09006-WPA0401NC06A","815","Jackie Legging ""The River Keeper""","1339","Legging Jackie ""La Gardienne de l'Eau"" : Taille - XL","0","109","45","0"
"A17063-MTT0501NC02A","816","Jasper Tie ""Depth""","","Cravate Jasper ""Profondeur""","0","79","33","0"
"A16058-MTT0501NC04A","817","Jasper Tie ""Silent Seekers""","","Cravate Jasper ""Quête de Silence""","0","79","32","0"
"A16052-MTT0501NC0BA","818","Jasper Tie ""Zenith""","","Cravate Jasper ""Zenith""","0","79","32","0"
"A16059-WDR1001NC0IA","819","Jeanne Dress ""Wisdom Keepers""","3117","Robe Jeanne ""Gardiens de la Sagesse"" : Taille - XP","0","149","58","0"
"A16059-WDR1001NC0IA","819","Jeanne Dress ""Wisdom Keepers""","3118","Robe Jeanne ""Gardiens de la Sagesse"" : Taille - P","0","149","58","0"
"A16059-WDR1001NC0IA","819","Jeanne Dress ""Wisdom Keepers""","3119","Robe Jeanne ""Gardiens de la Sagesse"" : Taille - M","0","149","58","0"
"A16059-WDR1001NC0IA","819","Jeanne Dress ""Wisdom Keepers""","3120","Robe Jeanne ""Gardiens de la Sagesse"" : Taille - L","0","149","58","0"
"A16059-WDR1001NC0IA","819","Jeanne Dress ""Wisdom Keepers""","3121","Robe Jeanne ""Gardiens de la Sagesse"" : Taille - XL","1","149","58","0"
"A16058-WSS0901NC04A","820","K Smith T-Shirt ""Silent Seekers""","1405","K Smith T-Shirt ""En Quête de Silence"" : Taille - XP","1","89","35","0"
"A16058-WSS0901NC04A","820","K Smith T-Shirt ""Silent Seekers""","1406","K Smith T-Shirt ""En Quête de Silence"" : Taille - P","1","89","35","0"
"A16058-WSS0901NC04A","820","K Smith T-Shirt ""Silent Seekers""","1407","K Smith T-Shirt ""En Quête de Silence"" : Taille - M","1","89","35","0"
"A16058-WSS0901NC04A","820","K Smith T-Shirt ""Silent Seekers""","1408","K Smith T-Shirt ""En Quête de Silence"" : Taille - L","1","89","35","0"
"A16058-WSS0901NC04A","820","K Smith T-Shirt ""Silent Seekers""","1409","K Smith T-Shirt ""En Quête de Silence"" : Taille - XL","1","89","35","0"
"A17063-WSS0901NC02A","821","K Smith T-Shirt ""Depth""","2313","K Smith T-Shirt ""Profondeur"" : Taille - XP","0","89","35","0"
"A17063-WSS0901NC02A","821","K Smith T-Shirt ""Depth""","2314","K Smith T-Shirt ""Profondeur"" : Taille - P","0","89","35","0"
"A17063-WSS0901NC02A","821","K Smith T-Shirt ""Depth""","2315","K Smith T-Shirt ""Profondeur"" : Taille - M","0","89","35","0"
"A17063-WSS0901NC02A","821","K Smith T-Shirt ""Depth""","2316","K Smith T-Shirt ""Profondeur"" : Taille - L","0","89","35","0"
"A17063-WSS0901NC02A","821","K Smith T-Shirt ""Depth""","2317","K Smith T-Shirt ""Profondeur"" : Taille - XL","0","89","35","0"
"A17064-WNS0801NC03A","822","Kaplan Tank ""M'Otter Love""","1420","Débardeur Kaplan ""L'Outre Mère"" : Taille - XP","1","129","60","0"
"A17064-WNS0801NC03A","822","Kaplan Tank ""M'Otter Love""","1421","Débardeur Kaplan ""L'Outre Mère"" : Taille - P","1","129","60","0"
"A17064-WNS0801NC03A","822","Kaplan Tank ""M'Otter Love""","1422","Débardeur Kaplan ""L'Outre Mère"" : Taille - M","1","129","60","0"
"A17064-WNS0801NC03A","822","Kaplan Tank ""M'Otter Love""","1423","Débardeur Kaplan ""L'Outre Mère"" : Taille - L","1","129","60","0"
"A17064-WNS0801NC03A","822","Kaplan Tank ""M'Otter Love""","1424","Débardeur Kaplan ""L'Outre Mère"" : Taille - XL","1","129","60","0"
"A16058-WNS0801NC04B","823","Kaplan Tank ""Silent Seekers""","1415","Débardeur Kaplan ""En Quête de Silence"" : Taille - XP","1","129","60","0"
"A16058-WNS0801NC04B","823","Kaplan Tank ""Silent Seekers""","1416","Débardeur Kaplan ""En Quête de Silence"" : Taille - P","0","129","60","0"
"A16058-WNS0801NC04B","823","Kaplan Tank ""Silent Seekers""","1417","Débardeur Kaplan ""En Quête de Silence"" : Taille - M","1","129","60","0"
"A16058-WNS0801NC04B","823","Kaplan Tank ""Silent Seekers""","1418","Débardeur Kaplan ""En Quête de Silence"" : Taille - L","1","129","60","0"
"A16058-WNS0801NC04B","823","Kaplan Tank ""Silent Seekers""","1419","Débardeur Kaplan ""En Quête de Silence"" : Taille - XL","0","129","60","0"
"W13023-WNS0801NC09A","824","Kaplan Tank ""Water and Spirit Buffalo""","1410","Débardeur Kaplan ""Eau et Esprit du Bison"" : Taille - XP","0","129","60","0"
"W13023-WNS0801NC09A","824","Kaplan Tank ""Water and Spirit Buffalo""","1411","Débardeur Kaplan ""Eau et Esprit du Bison"" : Taille - P","0","129","60","0"
"W13023-WNS0801NC09A","824","Kaplan Tank ""Water and Spirit Buffalo""","1412","Débardeur Kaplan ""Eau et Esprit du Bison"" : Taille - M","1","129","60","0"
"W13023-WNS0801NC09A","824","Kaplan Tank ""Water and Spirit Buffalo""","1413","Débardeur Kaplan ""Eau et Esprit du Bison"" : Taille - L","0","129","60","0"
"W13023-WNS0801NC09A","824","Kaplan Tank ""Water and Spirit Buffalo""","1414","Débardeur Kaplan ""Eau et Esprit du Bison"" : Taille - XL","0","129","60","0"
"A17063-WDR2601NC02A","825","Kate Dress ""Depth""","1395","Robe Kate ""Profondeur"" : Taille - XP","0","169","64.5","0"
"A17063-WDR2601NC02A","825","Kate Dress ""Depth""","1396","Robe Kate ""Profondeur"" : Taille - P","1","169","64.5","0"
"A17063-WDR2601NC02A","825","Kate Dress ""Depth""","1397","Robe Kate ""Profondeur"" : Taille - M","0","169","64.5","0"
"A17063-WDR2601NC02A","825","Kate Dress ""Depth""","1398","Robe Kate ""Profondeur"" : Taille - L","0","169","64.5","0"
"A17063-WDR2601NC02A","825","Kate Dress ""Depth""","1399","Robe Kate ""Profondeur"" : Taille - XL","1","169","64.5","0"
"A17064-WDR2601NC03D","826","Kate Dress ""M'Otter Love""","1390","Robe Kate ""L'Outre Mère"" : Taille - XP","1","169","64.5","0"
"A17064-WDR2601NC03D","826","Kate Dress ""M'Otter Love""","1391","Robe Kate ""L'Outre Mère"" : Taille - P","1","169","64.5","0"
"A17064-WDR2601NC03D","826","Kate Dress ""M'Otter Love""","1392","Robe Kate ""L'Outre Mère"" : Taille - M","0","169","64.5","0"
"A17064-WDR2601NC03D","826","Kate Dress ""M'Otter Love""","1393","Robe Kate ""L'Outre Mère"" : Taille - L","0","169","64.5","0"
"A17064-WDR2601NC03D","826","Kate Dress ""M'Otter Love""","1394","Robe Kate ""L'Outre Mère"" : Taille - XL","1","169","64.5","0"
"A16058-WDR2601NC04A","827","Kate Dress ""Silent Seekers""","1385","Robe Kate ""En Quête de Silence"" : Taille - XP","1","169","64.5","0"
"A16058-WDR2601NC04A","827","Kate Dress ""Silent Seekers""","1386","Robe Kate ""En Quête de Silence"" : Taille - P","1","169","64.5","0"
"A16058-WDR2601NC04A","827","Kate Dress ""Silent Seekers""","1387","Robe Kate ""En Quête de Silence"" : Taille - M","1","169","64.5","0"
"A16058-WDR2601NC04A","827","Kate Dress ""Silent Seekers""","1388","Robe Kate ""En Quête de Silence"" : Taille - L","0","169","64.5","0"
"A16058-WDR2601NC04A","827","Kate Dress ""Silent Seekers""","1389","Robe Kate ""En Quête de Silence"" : Taille - XL","1","169","64.5","0"
"A16051-WDR2601NC05A","828","Kate Dress ""Northern Keepers""","1380","Robe Kate ""Gardiens du Nord"" : Taille - XP","1","169","64.5","0"
"A16051-WDR2601NC05A","828","Kate Dress ""Northern Keepers""","1381","Robe Kate ""Gardiens du Nord"" : Taille - P","0","169","64.5","0"
"A16051-WDR2601NC05A","828","Kate Dress ""Northern Keepers""","1382","Robe Kate ""Gardiens du Nord"" : Taille - M","1","169","64.5","0"
"A16051-WDR2601NC05A","828","Kate Dress ""Northern Keepers""","1383","Robe Kate ""Gardiens du Nord"" : Taille - L","0","169","64.5","0"
"A16051-WDR2601NC05A","828","Kate Dress ""Northern Keepers""","1384","Robe Kate ""Gardiens du Nord"" : Taille - XL","1","169","64.5","0"
"A09006-WDR2601NC06A","829","Kate Dress ""The River Keeper""","1375","Robe Kate ""La Gardienne de l'Eau"" : Taille - XP","0","169","64.5","0"
"A09006-WDR2601NC06A","829","Kate Dress ""The River Keeper""","1376","Robe Kate ""La Gardienne de l'Eau"" : Taille - P","0","169","64.5","0"
"A09006-WDR2601NC06A","829","Kate Dress ""The River Keeper""","1377","Robe Kate ""La Gardienne de l'Eau"" : Taille - M","0","169","64.5","0"
"A09006-WDR2601NC06A","829","Kate Dress ""The River Keeper""","1378","Robe Kate ""La Gardienne de l'Eau"" : Taille - L","0","169","64.5","0"
"A09006-WDR2601NC06A","829","Kate Dress ""The River Keeper""","1379","Robe Kate ""La Gardienne de l'Eau"" : Taille - XL","1","169","64.5","0"
"A01028-WDR2601NC08A","830","Kate Dress ""Giving Thanks""","3042","Robe Kate ""Rendre Grâce"" : Taille - XP","1","169","64.5","0"
"A01028-WDR2601NC08A","830","Kate Dress ""Giving Thanks""","3043","Robe Kate ""Rendre Grâce"" : Taille - P","1","169","64.5","0"
"A01028-WDR2601NC08A","830","Kate Dress ""Giving Thanks""","3044","Robe Kate ""Rendre Grâce"" : Taille - M","1","169","64.5","0"
"A01028-WDR2601NC08A","830","Kate Dress ""Giving Thanks""","3045","Robe Kate ""Rendre Grâce"" : Taille - L","0","169","64.5","0"
"A01028-WDR2601NC08A","830","Kate Dress ""Giving Thanks""","3046","Robe Kate ""Rendre Grâce"" : Taille - XL","0","169","64.5","0"
"W13023-WDR2601NC09A","831","Kate Dress ""Water and Spirit Buffalo""","1365","Robe Kate ""Eau et Esprit du Bison"" : Taille - XP","1","169","64.5","0"
"W13023-WDR2601NC09A","831","Kate Dress ""Water and Spirit Buffalo""","1366","Robe Kate ""Eau et Esprit du Bison"" : Taille - P","0","169","64.5","0"
"W13023-WDR2601NC09A","831","Kate Dress ""Water and Spirit Buffalo""","1367","Robe Kate ""Eau et Esprit du Bison"" : Taille - M","0","169","64.5","0"
"W13023-WDR2601NC09A","831","Kate Dress ""Water and Spirit Buffalo""","1368","Robe Kate ""Eau et Esprit du Bison"" : Taille - L","0","169","64.5","0"
"W13023-WDR2601NC09A","831","Kate Dress ""Water and Spirit Buffalo""","1369","Robe Kate ""Eau et Esprit du Bison"" : Taille - XL","2","169","64.5","0"
"A07020-WDR2601NC0AB","832","Kate Dress ""Journey to the Spirit World""","1360","Robe Kate ""Voyage vers le Monde du Songe"" : Taille - XP","0","169","64.5","0"
"A07020-WDR2601NC0AB","832","Kate Dress ""Journey to the Spirit World""","1361","Robe Kate ""Voyage vers le Monde du Songe"" : Taille - P","1","169","64.5","0"
"A07020-WDR2601NC0AB","832","Kate Dress ""Journey to the Spirit World""","1362","Robe Kate ""Voyage vers le Monde du Songe"" : Taille - M","0","169","64.5","0"
"A07020-WDR2601NC0AB","832","Kate Dress ""Journey to the Spirit World""","1363","Robe Kate ""Voyage vers le Monde du Songe"" : Taille - L","0","169","64.5","0"
"A07020-WDR2601NC0AB","832","Kate Dress ""Journey to the Spirit World""","1364","Robe Kate ""Voyage vers le Monde du Songe"" : Taille - XL","1","169","64.5","0"
"A08011-WDR3101NC0HA","833","Marianne Flare Dress ""Whisper""","1355","Robe Marianne ""Murmure"" : Taille - XP","0","139","58","0"
"A08011-WDR3101NC0HA","833","Marianne Flare Dress ""Whisper""","1356","Robe Marianne ""Murmure"" : Taille - P","0","139","58","0"
"A08011-WDR3101NC0HA","833","Marianne Flare Dress ""Whisper""","1357","Robe Marianne ""Murmure"" : Taille - M","0","139","58","0"
"A16058-UAC1801NC04A","835","Pablo Pillow ""Silent Seekers""","","Coussin Pablo ""En Quête de Silence""","3","59","21","0"
"W13023-UAC1801NC09A","837","Pablo Pillow ""Water and Spirit Buffalo""","","Coussin Pablo ""Eau et Esprit du Bison""","2","59","21","0"
"A07020-UAC1801NC0AB","838","Pablo Pillow ""Journey to the Spirit World""","","Coussin Pablo ""Voyage Vers le Monde du Songe""","3","59","21","0"
"A16051-WDR1601NC05A","841","Patti Tunic ""Northern Keepers""","1480","Tunique Patti ""Gardiens du Nord"" : Taille - XP","1","129","50.5","0"
"A16051-WDR1601NC05A","841","Patti Tunic ""Northern Keepers""","1481","Tunique Patti ""Gardiens du Nord"" : Taille - P","0","129","50.5","0"
"A16051-WDR1601NC05A","841","Patti Tunic ""Northern Keepers""","1482","Tunique Patti ""Gardiens du Nord"" : Taille - M","0","129","50.5","0"
"A16051-WDR1601NC05A","841","Patti Tunic ""Northern Keepers""","1483","Tunique Patti ""Gardiens du Nord"" : Taille - L","0","129","50.5","0"
"A16051-WDR1601NC05A","841","Patti Tunic ""Northern Keepers""","1484","Tunique Patti ""Gardiens du Nord"" : Taille - XL","0","129","50.5","0"
"A17063-WAC0201NC02A","845","Vivienne Scarf ""Depth""","","Foulard Vivienne ""Profondeur""","3","59","23","0"
"A17064-WAC0201NC03A","846","Vivienne Scarf ""M'Otter Love""","","Foulard Vivienne ""L'Outre Mère""","4","59","23","0"
"A16058-WAC0201NC04A","847","Vivienne Scarf ""Silent Seekers""","","Foulard Vivienne ""En Quête du Silence""","3","59","23","0"
"A16051-WAC0201NC05A","848","Vivienne Scarf ""Northern Keepers""","","Foulard Vivienne ""Gardiens du Nord""","5","59","23","0"
"A09006-WAC0201NC06A","849","Vivienne Scarf ""The River Keeper""","","Foulard Vivienne ""La Gardienne de l'Eau""","5","59","23","0"
"W12001-WAC0201NC07B","850","Vivienne Scarf ""Dialogue""","","Foulard Vivienne ""Dialogue""","4","59","23","0"
"A01028-WAC0201NC08A","851","Vivienne Scarf ""Giving Thanks""","","Foulard Vivienne ""Rendre Grâce""","3","59","23","0"
"W13023-WAC0201NC09A","852","Vivienne Scarf ""Water and Spirit Buffalo""","","Foulard Vivienne ""Eau et Esprit du Bison""","4","59","23","0"
"A07020-WAC0201NC0AA","853","Vivienne Scarf ""Journey to the Spirit World""","","Foulard Vivienne ""Voyage Vers le Monde du Songe""","5","59","23","0"
"A16052-WAC0201NC0BA","854","Vivienne Scarf ""Zenith""","","Foulard Vivienne ""Zenith""","4","59","23","0"
"A17065-WAC0201NC0CA","855","Vivienne Scarf ""Forest Temple""","","Foulard Vivienne ""Temple de la Forêt""","6","59","23","0"
"A17063-WSS0701NC02A","856","Yoko Cape Tunic ""Depth""","3177","Yoko Tunique ""Profondeur"" : Taille - XP","0","139","65","0"
"A17063-WSS0701NC02A","856","Yoko Cape Tunic ""Depth""","3178","Yoko Tunique ""Profondeur"" : Taille - P","0","139","65","0"
"A17063-WSS0701NC02A","856","Yoko Cape Tunic ""Depth""","3179","Yoko Tunique ""Profondeur"" : Taille - M","1","139","65","0"
"A17063-WSS0701NC02A","856","Yoko Cape Tunic ""Depth""","3180","Yoko Tunique ""Profondeur"" : Taille - L","0","139","65","0"
"A17063-WSS0701NC02A","856","Yoko Cape Tunic ""Depth""","3181","Yoko Tunique ""Profondeur"" : Taille - XL","0","139","65","0"
"A17064-WSS0701NC03C","858","Yoko Cape Tunic ""M'Otter Love""","1465","Yoko Tunique ""L'Outre Mère"" : Taille - XP","1","139","65","0"
"A17064-WSS0701NC03C","858","Yoko Cape Tunic ""M'Otter Love""","2070","Yoko Tunique ""L'Outre Mère"" : Taille - P","1","139","65","0"
"A17064-WSS0701NC03C","858","Yoko Cape Tunic ""M'Otter Love""","2071","Yoko Tunique ""L'Outre Mère"" : Taille - M","1","139","65","0"
"A17064-WSS0701NC03C","858","Yoko Cape Tunic ""M'Otter Love""","2072","Yoko Tunique ""L'Outre Mère"" : Taille - L","1","139","65","0"
"A17064-WSS0701NC03C","858","Yoko Cape Tunic ""M'Otter Love""","2073","Yoko Tunique ""L'Outre Mère"" : Taille - XL","1","139","65","0"
"A16058-WSS0701NC04A","859","Yoko Cape Tunic ""Silent Seekers""","1460","Yoko Tunique ""En Quête de Silence"" : Taille - XP","1","139","65","0"
"A16058-WSS0701NC04A","859","Yoko Cape Tunic ""Silent Seekers""","1461","Yoko Tunique ""En Quête de Silence"" : Taille - P","1","139","65","0"
"A16058-WSS0701NC04A","859","Yoko Cape Tunic ""Silent Seekers""","1462","Yoko Tunique ""En Quête de Silence"" : Taille - M","1","139","65","0"
"A16058-WSS0701NC04A","859","Yoko Cape Tunic ""Silent Seekers""","1463","Yoko Tunique ""En Quête de Silence"" : Taille - L","0","139","65","0"
"A16058-WSS0701NC04A","859","Yoko Cape Tunic ""Silent Seekers""","1464","Yoko Tunique ""En Quête de Silence"" : Taille - XL","1","139","65","0"
"A16051-WSS0701NC05A","861","Yoko Cape Tunic ""Nothern Keepers""","3182","Yoko Tunique ""Gardiens du Nord"" : Taille - XP","1","139","65","0"
"A16051-WSS0701NC05A","861","Yoko Cape Tunic ""Nothern Keepers""","3183","Yoko Tunique ""Gardiens du Nord"" : Taille - P","0","139","65","0"
"A16051-WSS0701NC05A","861","Yoko Cape Tunic ""Nothern Keepers""","3184","Yoko Tunique ""Gardiens du Nord"" : Taille - M","0","139","65","0"
"A16051-WSS0701NC05A","861","Yoko Cape Tunic ""Nothern Keepers""","3185","Yoko Tunique ""Gardiens du Nord"" : Taille - L","0","139","65","0"
"A16051-WSS0701NC05A","861","Yoko Cape Tunic ""Nothern Keepers""","3186","Yoko Tunique ""Gardiens du Nord"" : Taille - XL","0","139","65","0"
"W13023-WSS0701NC09A","862","Yoko Cape Tunic ""Water & Spirit Buffalo""","3187","Yoko Tunique ""Eau et Esprit du Bison"" : Taille - XP","1","139","65","0"
"W13023-WSS0701NC09A","862","Yoko Cape Tunic ""Water & Spirit Buffalo""","3188","Yoko Tunique ""Eau et Esprit du Bison"" : Taille - P","1","139","65","0"
"W13023-WSS0701NC09A","862","Yoko Cape Tunic ""Water & Spirit Buffalo""","3189","Yoko Tunique ""Eau et Esprit du Bison"" : Taille - M","0","139","65","0"
"W13023-WSS0701NC09A","862","Yoko Cape Tunic ""Water & Spirit Buffalo""","3190","Yoko Tunique ""Eau et Esprit du Bison"" : Taille - L","0","139","65","0"
"W13023-WSS0701NC09A","862","Yoko Cape Tunic ""Water & Spirit Buffalo""","3191","Yoko Tunique ""Eau et Esprit du Bison"" : Taille - XL","0","139","65","0"
"WSS0701NC0AA","863","Yoko Cape Tunic ""Journey to the Spirit World""","3192","Yoko Tunique ""Voyage Vers le Monde du Songe"" : Taille - XP","0","139","65","0"
"WSS0701NC0AA","863","Yoko Cape Tunic ""Journey to the Spirit World""","3193","Yoko Tunique ""Voyage Vers le Monde du Songe"" : Taille - P","0","139","65","0"
"WSS0701NC0AA","863","Yoko Cape Tunic ""Journey to the Spirit World""","3194","Yoko Tunique ""Voyage Vers le Monde du Songe"" : Taille - M","0","139","65","0"
"WSS0701NC0AA","863","Yoko Cape Tunic ""Journey to the Spirit World""","3195","Yoko Tunique ""Voyage Vers le Monde du Songe"" : Taille - L","0","139","65","0"
"WSS0701NC0AA","863","Yoko Cape Tunic ""Journey to the Spirit World""","3196","Yoko Tunique ""Voyage Vers le Monde du Songe"" : Taille - XL","0","139","65","0"
"A16059-WSS0701NC0IA","864","Yoko Cape Tunic ""Wisdom Keepers""","1440","Yoko Tunique ""Gardiens de la Sagesse"" : Taille - XP","0","139","65","0"
"A16059-WSS0701NC0IA","864","Yoko Cape Tunic ""Wisdom Keepers""","1441","Yoko Tunique ""Gardiens de la Sagesse"" : Taille - P","1","139","65","0"
"A16059-WSS0701NC0IA","864","Yoko Cape Tunic ""Wisdom Keepers""","1442","Yoko Tunique ""Gardiens de la Sagesse"" : Taille - M","0","139","65","0"
"A16059-WSS0701NC0IA","864","Yoko Cape Tunic ""Wisdom Keepers""","1443","Yoko Tunique ""Gardiens de la Sagesse"" : Taille - L","0","139","65","0"
"A16059-WSS0701NC0IA","864","Yoko Cape Tunic ""Wisdom Keepers""","1444","Yoko Tunique ""Gardiens de la Sagesse"" : Taille - XL","1","139","65","0"
"A17064-WSS0901NC03B","865","K Smith T-Shirt ""M'Otter Love""","3312","K Smith T-Shirt ""L'Outre Mère"" : Taille - XP","1","89","35","0"
"A17064-WSS0901NC03B","865","K Smith T-Shirt ""M'Otter Love""","3313","K Smith T-Shirt ""L'Outre Mère"" : Taille - P","1","89","35","0"
"A17064-WSS0901NC03B","865","K Smith T-Shirt ""M'Otter Love""","3314","K Smith T-Shirt ""L'Outre Mère"" : Taille - M","1","89","35","0"
"A17064-WSS0901NC03B","865","K Smith T-Shirt ""M'Otter Love""","3315","K Smith T-Shirt ""L'Outre Mère"" : Taille - L","1","89","35","0"
"A17064-WSS0901NC03B","865","K Smith T-Shirt ""M'Otter Love""","3316","K Smith T-Shirt ""L'Outre Mère"" : Taille - XL","0","89","35","0"
"W12018-UAC1801NC0DB","868","Pablo Pillow ""Early Evening Flowing into Fall""","","Coussin Pablo ""Soirée Glissant vers l'Automne""","2","59","21","0"
"A13041-UAC1801NC0EB","869","Pablo Pillow ""Lapinx""","","Coussin Pablo ""Lapinx""","3","59","21","0"
"A17065-UAC0301NC0CC","870","Pablo Pillow ""Forest Temple""","","Coussin Pablo ""Temple de la Forêt""","2","59","21","0"
"A17065-UAC0301NCOCA","874","Reuben Tote Bag ""Forest Temple""","","Sac Reuben ""Temple de la Forêt""","0","49","21","0"
"W12018-UAC0301NC0DA","875","Reuben Tote Bag ""Early Evening Flowing into Fall""","","Sac Reuben ""Soirée Glissant vers l'Automne""","0","49","21","0"
"A08011-UAC0301NC0HA","876","Reuben Tote Bag ""Whisper""","","Sac Reuben ""Murmure""","3","49","21","0"
"A16059-UAC0301NC0IA","877","Reuben Tote Bag ""Wisdom Seekers""","","Sac Reuben ""Gardiens de la Sagesse""","2","49","21","0"
"A16059-WDR2901NC0IB","879","Joni Dress ""Wisdom Keepers""","3087","Robe Joni ""Gardiens de la Sagesse"" : Taille - XP","0","139","0","0"
"A16059-WDR2901NC0IB","879","Joni Dress ""Wisdom Keepers""","3088","Robe Joni ""Gardiens de la Sagesse"" : Taille - P","0","139","0","0"
"A16059-WDR2901NC0IB","879","Joni Dress ""Wisdom Keepers""","3089","Robe Joni ""Gardiens de la Sagesse"" : Taille - M","0","139","0","0"
"A16059-WDR2901NC0IB","879","Joni Dress ""Wisdom Keepers""","3090","Robe Joni ""Gardiens de la Sagesse"" : Taille - L","0","139","0","0"
"A16059-WDR2901NC0IB","879","Joni Dress ""Wisdom Keepers""","3091","Robe Joni ""Gardiens de la Sagesse"" : Taille - XL","0","139","0","0"
"A13041-WDR2901NC0EB","881","Joni Dress ""Lapinx""","3097","Robe Joni ""Lapinx"" : Taille - XP","0","139","59.1","0"
"A13041-WDR2901NC0EB","881","Joni Dress ""Lapinx""","3098","Robe Joni ""Lapinx"" : Taille - P","1","139","59.1","0"
"A13041-WDR2901NC0EB","881","Joni Dress ""Lapinx""","3099","Robe Joni ""Lapinx"" : Taille - M","0","139","59.1","0"
"A13041-WDR2901NC0EB","881","Joni Dress ""Lapinx""","3100","Robe Joni ""Lapinx"" : Taille - L","0","139","59.1","0"
"A13041-WDR2901NC0EB","881","Joni Dress ""Lapinx""","3101","Robe Joni ""Lapinx"" : Taille - XL","0","139","59.1","0"
"A07020-MTT0501NC0AA","892","Jasper Tie ""Journey to the Spirit World""","","Cravate Jasper ""Voyage Vers le Monde du Songe""","2","79","32","0"
"W13023-MTT0501NC09A","893","Jasper Tie ""Water and Spirit Buffalo""","","Cravate Jasper ""Eau et Esprit du Bison""","0","79","32","0"
"A16059-WPA0401NC0IB","894","Jackie Legging ""Wisdom Keepers""","3007","Legging Jackie ""Gardiens de la Sagesse"" : Taille - XP","0","109","44.01","0"
"A16059-WPA0401NC0IB","894","Jackie Legging ""Wisdom Keepers""","3008","Legging Jackie ""Gardiens de la Sagesse"" : Taille - P","0","109","44.01","0"
"A16059-WPA0401NC0IB","894","Jackie Legging ""Wisdom Keepers""","3009","Legging Jackie ""Gardiens de la Sagesse"" : Taille - M","0","109","44.01","0"
"A16059-WPA0401NC0IB","894","Jackie Legging ""Wisdom Keepers""","3010","Legging Jackie ""Gardiens de la Sagesse"" : Taille - L","0","109","44.01","0"
"A16059-WPA0401NC0IB","894","Jackie Legging ""Wisdom Keepers""","3011","Legging Jackie ""Gardiens de la Sagesse"" : Taille - XL","1","109","44.01","0"
"W12018-WSS0701NC0DB","895","Yoko Cape Tunic ""Early Evening Flowing into Fall""","3197","Yoko Tunique ""Soirée Glissant Vers l'Automne"" : Taille - XP","1","139","65","0"
"W12018-WSS0701NC0DB","895","Yoko Cape Tunic ""Early Evening Flowing into Fall""","3198","Yoko Tunique ""Soirée Glissant Vers l'Automne"" : Taille - P","0","139","65","0"
"W12018-WSS0701NC0DB","895","Yoko Cape Tunic ""Early Evening Flowing into Fall""","3199","Yoko Tunique ""Soirée Glissant Vers l'Automne"" : Taille - M","0","139","65","0"
"W12018-WSS0701NC0DB","895","Yoko Cape Tunic ""Early Evening Flowing into Fall""","3200","Yoko Tunique ""Soirée Glissant Vers l'Automne"" : Taille - L","0","139","65","0"
"W12018-WSS0701NC0DB","895","Yoko Cape Tunic ""Early Evening Flowing into Fall""","3201","Yoko Tunique ""Soirée Glissant Vers l'Automne"" : Taille - XL","0","139","65","0"
"WSS0701NC0CC","896","Yoko Cape Tunic ""The Forest Temple""","2062","Yoko Tunique ""Le Temple de la Forêt"" : Taille - XP","0","139","65","0"
"WSS0701NC0CC","896","Yoko Cape Tunic ""The Forest Temple""","2063","Yoko Tunique ""Le Temple de la Forêt"" : Taille - P","0","139","65","0"
"WSS0701NC0CC","896","Yoko Cape Tunic ""The Forest Temple""","2064","Yoko Tunique ""Le Temple de la Forêt"" : Taille - M","0","139","65","0"
"WSS0701NC0CC","896","Yoko Cape Tunic ""The Forest Temple""","2065","Yoko Tunique ""Le Temple de la Forêt"" : Taille - L","0","139","65","0"
"WSS0701NC0CC","896","Yoko Cape Tunic ""The Forest Temple""","2066","Yoko Tunique ""Le Temple de la Forêt"" : Taille - XL","0","139","65","0"
"A08011-MSS0701NC0HA","898","Salvadore Tee for Men ""Whisper""","3332","Salvador Tee pour Homme ""Murmure"" : Taille - XP","0","89","36","0"
"A08011-MSS0701NC0HA","898","Salvadore Tee for Men ""Whisper""","3333","Salvador Tee pour Homme ""Murmure"" : Taille - P","1","89","36","0"
"A08011-MSS0701NC0HA","898","Salvadore Tee for Men ""Whisper""","3334","Salvador Tee pour Homme ""Murmure"" : Taille - M","1","89","36","0"
"A08011-MSS0701NC0HA","898","Salvadore Tee for Men ""Whisper""","3335","Salvador Tee pour Homme ""Murmure"" : Taille - L","1","89","36","0"
"A08011-MSS0701NC0HA","898","Salvadore Tee for Men ""Whisper""","3336","Salvador Tee pour Homme ""Murmure"" : Taille - XL","1","89","36","0"
"W12018-WDR3101NC0DB","907","Marianne Flare Dress ""Early Evening Flowing into Fall""","3144","Robe Marianne ""Soirée Glissant vers l'Automne"" : Taille - M","0","139","64.5","0"
"W12018-WDR3101NC0DB","907","Marianne Flare Dress ""Early Evening Flowing into Fall""","3145","Robe Marianne ""Soirée Glissant vers l'Automne"" : Taille - L","0","139","64.5","0"
"W12018-WDR3101NC0DB","907","Marianne Flare Dress ""Early Evening Flowing into Fall""","3146","Robe Marianne ""Soirée Glissant vers l'Automne"" : Taille - XL","0","139","64.5","0"
"W12018-WDR3101NC0DB","907","Marianne Flare Dress ""Early Evening Flowing into Fall""","8319","Robe Marianne ""Soirée Glissant vers l'Automne"" : Taille - XP","0","139","64.5","0"
"W12018-WDR3101NC0DB","907","Marianne Flare Dress ""Early Evening Flowing into Fall""","8320","Robe Marianne ""Soirée Glissant vers l'Automne"" : Taille - P","0","139","64.5","0"
"W12018-WDR2601NC0DB","911","Kate Dress ""Early Evening Flowing into Fall""","3037","Robe Kate ""Soirée Glissant vers l'Automne"" : Taille - XP","1","169","64.5","0"
"W12018-WDR2601NC0DB","911","Kate Dress ""Early Evening Flowing into Fall""","3038","Robe Kate ""Soirée Glissant vers l'Automne"" : Taille - P","2","169","64.5","0"
"W12018-WDR2601NC0DB","911","Kate Dress ""Early Evening Flowing into Fall""","3039","Robe Kate ""Soirée Glissant vers l'Automne"" : Taille - M","0","169","64.5","0"
"W12018-WDR2601NC0DB","911","Kate Dress ""Early Evening Flowing into Fall""","3040","Robe Kate ""Soirée Glissant vers l'Automne"" : Taille - L","1","169","64.5","0"
"W12018-WDR2601NC0DB","911","Kate Dress ""Early Evening Flowing into Fall""","3041","Robe Kate ""Soirée Glissant vers l'Automne"" : Taille - XL","0","169","64.5","0"
"A17065-WDR1001NC0CB","912","Jeanne Dress ""Forest Temple""","3107","Robe Jeanne ""Temple de la Forêt"" : Taille - XP","1","149","67","0"
"A17065-WDR1001NC0CB","912","Jeanne Dress ""Forest Temple""","3108","Robe Jeanne ""Temple de la Forêt"" : Taille - P","0","149","67","0"
"A17065-WDR1001NC0CB","912","Jeanne Dress ""Forest Temple""","3109","Robe Jeanne ""Temple de la Forêt"" : Taille - M","1","149","67","0"
"A17065-WDR1001NC0CB","912","Jeanne Dress ""Forest Temple""","3110","Robe Jeanne ""Temple de la Forêt"" : Taille - L","1","149","67","0"
"A17065-WDR1001NC0CB","912","Jeanne Dress ""Forest Temple""","3111","Robe Jeanne ""Temple de la Forêt"" : Taille - XL","1","149","67","0"
"W13023-WLS0401NC09A","913","Dolly Top ""Spirit and Water Buffalo""","3217","Dolly Top ""Eau et Esprit du Bison"" : Taille - XP","0","119","50","0"
"W13023-WLS0401NC09A","913","Dolly Top ""Spirit and Water Buffalo""","3218","Dolly Top ""Eau et Esprit du Bison"" : Taille - P","1","119","50","0"
"W13023-WLS0401NC09A","913","Dolly Top ""Spirit and Water Buffalo""","3219","Dolly Top ""Eau et Esprit du Bison"" : Taille - M","0","119","50","0"
"W13023-WLS0401NC09A","913","Dolly Top ""Spirit and Water Buffalo""","3220","Dolly Top ""Eau et Esprit du Bison"" : Taille - L","0","119","50","0"
"W13023-WLS0401NC09A","913","Dolly Top ""Spirit and Water Buffalo""","3221","Dolly Top ""Eau et Esprit du Bison"" : Taille - XL","0","119","50","0"
"A17065-WLS0401NC0CB","914","Dolly Top ""Forest Temple""","3222","Dolly Top ""Temple de la Forêt"" : Taille - XP","0","119","50","0"
"A17065-WLS0401NC0CB","914","Dolly Top ""Forest Temple""","3223","Dolly Top ""Temple de la Forêt"" : Taille - P","0","119","50","0"
"A17065-WLS0401NC0CB","914","Dolly Top ""Forest Temple""","3224","Dolly Top ""Temple de la Forêt"" : Taille - M","0","119","50","0"
"A17065-WLS0401NC0CB","914","Dolly Top ""Forest Temple""","3225","Dolly Top ""Temple de la Forêt"" : Taille - L","0","119","50","0"
"A17065-WLS0401NC0CB","914","Dolly Top ""Forest Temple""","3226","Dolly Top ""Temple de la Forêt"" : Taille - XL","0","119","50","0"
"W12018-WLS0401NC0DB","915","Dolly Top ""Early Evening Flowing into Fall""","3227","Dolly Top ""Soirée Glissant vers l'Automne"" : Taille - XP","0","119","50","0"
"W12018-WLS0401NC0DB","915","Dolly Top ""Early Evening Flowing into Fall""","3228","Dolly Top ""Soirée Glissant vers l'Automne"" : Taille - P","0","119","50","0"
"W12018-WLS0401NC0DB","915","Dolly Top ""Early Evening Flowing into Fall""","3229","Dolly Top ""Soirée Glissant vers l'Automne"" : Taille - M","0","119","50","0"
"W12018-WLS0401NC0DB","915","Dolly Top ""Early Evening Flowing into Fall""","3230","Dolly Top ""Soirée Glissant vers l'Automne"" : Taille - L","0","119","50","0"
"W12018-WLS0401NC0DB","915","Dolly Top ""Early Evening Flowing into Fall""","3231","Dolly Top ""Soirée Glissant vers l'Automne"" : Taille - XL","0","119","50","0"
"A16059-WBL0301NC0IA","916","Frida Cardigan ""Wisdom Keepers""","2927","Cardigan Frida ""Gardiens de la Sagesse"" : Taille - XP","1","129","52.5","0"
"A16059-WBL0301NC0IA","916","Frida Cardigan ""Wisdom Keepers""","2928","Cardigan Frida ""Gardiens de la Sagesse"" : Taille - P","1","129","52.5","0"
"A16059-WBL0301NC0IA","916","Frida Cardigan ""Wisdom Keepers""","2929","Cardigan Frida ""Gardiens de la Sagesse"" : Taille - M","1","129","52.5","0"
"A16059-WBL0301NC0IA","916","Frida Cardigan ""Wisdom Keepers""","2930","Cardigan Frida ""Gardiens de la Sagesse"" : Taille - L","1","129","52.5","0"
"A16059-WBL0301NC0IA","916","Frida Cardigan ""Wisdom Keepers""","2931","Cardigan Frida ""Gardiens de la Sagesse"" : Taille - XL","1","129","52.5","0"
"A08011-WBL0301NC0HB","917","Frida Cardigan ""Whisper""","2942","Cardigan Frida ""Murmure"" : Taille - XP","0","129","52.5","0"
"A08011-WBL0301NC0HB","917","Frida Cardigan ""Whisper""","2943","Cardigan Frida ""Murmure"" : Taille - P","0","129","52.5","0"
"A08011-WBL0301NC0HB","917","Frida Cardigan ""Whisper""","2944","Cardigan Frida ""Murmure"" : Taille - M","1","129","52.5","0"
"A08011-WBL0301NC0HB","917","Frida Cardigan ""Whisper""","2945","Cardigan Frida ""Murmure"" : Taille - L","1","129","52.5","0"
"A08011-WBL0301NC0HB","917","Frida Cardigan ""Whisper""","2946","Cardigan Frida ""Murmure"" : Taille - XL","0","129","52.5","0"
"A17065-WBL0301NC0CB","918","Frida Cardigan ""The Forest Temple""","2937","Cardigan Frida ""Temple de la Forêt"" : Taille - XP","1","129","52.5","0"
"A17065-WBL0301NC0CB","918","Frida Cardigan ""The Forest Temple""","2938","Cardigan Frida ""Temple de la Forêt"" : Taille - P","0","129","52.5","0"
"A17065-WBL0301NC0CB","918","Frida Cardigan ""The Forest Temple""","2939","Cardigan Frida ""Temple de la Forêt"" : Taille - M","0","129","52.5","0"
"A17065-WBL0301NC0CB","918","Frida Cardigan ""The Forest Temple""","2940","Cardigan Frida ""Temple de la Forêt"" : Taille - L","0","129","52.5","0"
"A17065-WBL0301NC0CB","918","Frida Cardigan ""The Forest Temple""","2941","Cardigan Frida ""Temple de la Forêt"" : Taille - XL","0","129","52.5","0"
"A07020-WBL0301NC0AA","920","Frida Cardigan ""Journey to the Spirit World""","2922","Cardigan Frida ""Voyage vers le Monde du Songe"" : Taille - XP","0","129","52.5","0"
"A07020-WBL0301NC0AA","920","Frida Cardigan ""Journey to the Spirit World""","2923","Cardigan Frida ""Voyage vers le Monde du Songe"" : Taille - P","1","129","52.5","0"
"A07020-WBL0301NC0AA","920","Frida Cardigan ""Journey to the Spirit World""","2924","Cardigan Frida ""Voyage vers le Monde du Songe"" : Taille - M","1","129","52.5","0"
"A07020-WBL0301NC0AA","920","Frida Cardigan ""Journey to the Spirit World""","2925","Cardigan Frida ""Voyage vers le Monde du Songe"" : Taille - L","1","129","52.5","0"
"A07020-WBL0301NC0AA","920","Frida Cardigan ""Journey to the Spirit World""","2926","Cardigan Frida ""Voyage vers le Monde du Songe"" : Taille - XL","1","129","52.5","0"
"189","927","Leather Moccasins for Men","2127","Mocassins en Cuir pour Hommes : Pointure - 13","1","103","55","0"
"189","927","Leather Moccasins for Men","2128","Mocassins en Cuir pour Hommes : Pointure - 12","2","103","55","0"
"189","927","Leather Moccasins for Men","2129","Mocassins en Cuir pour Hommes : Pointure - 11","1","103","55","0"
"189","927","Leather Moccasins for Men","2566","Mocassins en Cuir pour Hommes : Pointure - 15","1","113","55","0"
"189","927","Leather Moccasins for Men","2567","Mocassins en Cuir pour Hommes : Pointure - 14","1","113","55","0"
"189","927","Leather Moccasins for Men","7177","Mocassins en Cuir pour Hommes : Pointure - 6","0","103","55","0"
"189","927","Leather Moccasins for Men","7178","Mocassins en Cuir pour Hommes : Pointure - 7","1","103","55","0"
"189","927","Leather Moccasins for Men","7179","Mocassins en Cuir pour Hommes : Pointure - 8","0","103","55","0"
"189","927","Leather Moccasins for Men","7180","Mocassins en Cuir pour Hommes : Pointure - 9","1","103","55","0"
"189","927","Leather Moccasins for Men","7181","Mocassins en Cuir pour Hommes : Pointure - 10","0","103","55","0"
"188","928","Leather Moccasins for Men","2135","Mocassins en Cuir pour Hommes : Pointure - 12","0","103","0","0"
"188","928","Leather Moccasins for Men","2136","Mocassins en Cuir pour Hommes : Pointure - 11","0","103","0","0"
"188","928","Leather Moccasins for Men","2137","Mocassins en Cuir pour Hommes : Pointure - 10","0","103","0","0"
"188","928","Leather Moccasins for Men","2138","Mocassins en Cuir pour Hommes : Pointure - 6","0","103","0","0"
"188","928","Leather Moccasins for Men","2139","Mocassins en Cuir pour Hommes : Pointure - 7","0","103","0","0"
"188","928","Leather Moccasins for Men","2140","Mocassins en Cuir pour Hommes : Pointure - 8","0","103","0","0"
"188","928","Leather Moccasins for Men","2141","Mocassins en Cuir pour Hommes : Pointure - 9","0","103","0","0"
"188","928","Leather Moccasins for Men","2142","Mocassins en Cuir pour Hommes : Pointure - 13","0","103","0","0"
"188","928","Leather Moccasins for Men","2552","Mocassins en Cuir pour Hommes : Pointure - 14","0","113","0","0"
"188","928","Leather Moccasins for Men","2553","Mocassins en Cuir pour Hommes : Pointure - 15","0","113","0","0"
"186","930","Leather Moccasins for Men","2153","Mocassins en Cuir pour Hommes : Pointure - 12","0","103","0","101"
"186","930","Leather Moccasins for Men","2154","Mocassins en Cuir pour Hommes : Pointure - 11","0","103","0","101"
"186","930","Leather Moccasins for Men","2155","Mocassins en Cuir pour Hommes : Pointure - 10","0","103","0","101"
"186","930","Leather Moccasins for Men","2156","Mocassins en Cuir pour Hommes : Pointure - 6","0","103","0","101"
"186","930","Leather Moccasins for Men","2159","Mocassins en Cuir pour Hommes : Pointure - 9","0","103","0","101"
"186","930","Leather Moccasins for Men","2160","Mocassins en Cuir pour Hommes : Pointure - 13","0","103","0","101"
"186","930","Leather Moccasins for Men","7182","Mocassins en Cuir pour Hommes : Pointure - 7","0","103","0","101"
"186","930","Leather Moccasins for Men","7183","Mocassins en Cuir pour Hommes : Pointure - 8","2","103","0","101"
"186","930","Leather Moccasins for Men","7184","Mocassins en Cuir pour Hommes : Pointure - 14","0","113","0","0"
"186","930","Leather Moccasins for Men","7185","Mocassins en Cuir pour Hommes : Pointure - 15","0","113","0","0"
"193","932","Leather Moccasins for Men","12334","Mocassins en Cuir pour Hommes : Pointure - 6","0","122","52.5","0"
"193","932","Leather Moccasins for Men","12335","Mocassins en Cuir pour Hommes : Pointure - 7","0","122","52.5","0"
"193","932","Leather Moccasins for Men","12336","Mocassins en Cuir pour Hommes : Pointure - 8","0","122","52.5","0"
"193","932","Leather Moccasins for Men","12337","Mocassins en Cuir pour Hommes : Pointure - 9","0","122","52.5","0"
"193","932","Leather Moccasins for Men","12338","Mocassins en Cuir pour Hommes : Pointure - 10","0","122","52.5","0"
"193","932","Leather Moccasins for Men","12339","Mocassins en Cuir pour Hommes : Pointure - 11","0","122","52.5","0"
"193","932","Leather Moccasins for Men","12340","Mocassins en Cuir pour Hommes : Pointure - 12","0","122","52.5","0"
"193","932","Leather Moccasins for Men","12341","Mocassins en Cuir pour Hommes : Pointure - 13","0","122","52.5","0"
"A17063-UAC1801NC02A","933","Pablo Pillow ""Depth""","","Coussin Pablo ""Profondeur""","3","59","23","0"
"A17063-WLS0401NC02A","939","Dolly Top ""Depth""","3232","Dolly Top ""Profondeur"" : Taille - XP","0","119","50","0"
"A17063-WLS0401NC02A","939","Dolly Top ""Depth""","3233","Dolly Top ""Profondeur"" : Taille - P","0","119","50","0"
"A17063-WLS0401NC02A","939","Dolly Top ""Depth""","3234","Dolly Top ""Profondeur"" : Taille - M","0","119","50","0"
"A17063-WLS0401NC02A","939","Dolly Top ""Depth""","3235","Dolly Top ""Profondeur"" : Taille - L","0","119","50","0"
"A17063-WLS0401NC02A","939","Dolly Top ""Depth""","3236","Dolly Top ""Profondeur"" : Taille - XL","0","119","50","0"
"A08013-WLS0401NC0FB","940","Dolly Top ""New Day""","3237","Dolly Top ""Nouveau Jour"" : Taille - XP","0","119","50","0"
"A08013-WLS0401NC0FB","940","Dolly Top ""New Day""","3238","Dolly Top ""Nouveau Jour"" : Taille - P","0","119","50","0"
"A08013-WLS0401NC0FB","940","Dolly Top ""New Day""","3239","Dolly Top ""Nouveau Jour"" : Taille - M","0","119","50","0"
"A08013-WLS0401NC0FB","940","Dolly Top ""New Day""","3240","Dolly Top ""Nouveau Jour"" : Taille - L","0","119","50","0"
"A08013-WLS0401NC0FB","940","Dolly Top ""New Day""","3241","Dolly Top ""Nouveau Jour"" : Taille - XL","0","119","50","0"
"A16058-WLS0401NC04A","941","Dolly Top ""Silent Seekers""","3242","Dolly Top ""En Quête de Silence"" : Taille - XP","0","119","50","0"
"A16058-WLS0401NC04A","941","Dolly Top ""Silent Seekers""","3243","Dolly Top ""En Quête de Silence"" : Taille - P","0","119","50","0"
"A16058-WLS0401NC04A","941","Dolly Top ""Silent Seekers""","3244","Dolly Top ""En Quête de Silence"" : Taille - M","0","119","50","0"
"A16058-WLS0401NC04A","941","Dolly Top ""Silent Seekers""","3245","Dolly Top ""En Quête de Silence"" : Taille - L","0","119","50","0"
"A16058-WLS0401NC04A","941","Dolly Top ""Silent Seekers""","3246","Dolly Top ""En Quête de Silence"" : Taille - XL","0","119","50","0"
"W12018-WNS0801NC0DB","942","Kaplan Tank ""Early Evening Flowing Into Fall""","3267","Débardeur Kaplan ""Soirée Glissant Vers l'Automne"" : Taille - XP","0","129","60","0"
"W12018-WNS0801NC0DB","942","Kaplan Tank ""Early Evening Flowing Into Fall""","3268","Débardeur Kaplan ""Soirée Glissant Vers l'Automne"" : Taille - P","0","129","60","0"
"W12018-WNS0801NC0DB","942","Kaplan Tank ""Early Evening Flowing Into Fall""","3269","Débardeur Kaplan ""Soirée Glissant Vers l'Automne"" : Taille - M","0","129","60","0"
"W12018-WNS0801NC0DB","942","Kaplan Tank ""Early Evening Flowing Into Fall""","3270","Débardeur Kaplan ""Soirée Glissant Vers l'Automne"" : Taille - L","0","129","60","0"
"W12018-WNS0801NC0DB","942","Kaplan Tank ""Early Evening Flowing Into Fall""","3271","Débardeur Kaplan ""Soirée Glissant Vers l'Automne"" : Taille - XL","1","129","60","0"
"A08013-WNS0801NC0FC","944","Kaplan Tank ""New Day""","3277","Débardeur Kaplan ""Nouveau Jour"" : Taille - XP","1","129","60","0"
"A08013-WNS0801NC0FC","944","Kaplan Tank ""New Day""","3278","Débardeur Kaplan ""Nouveau Jour"" : Taille - P","1","129","60","0"
"A08013-WNS0801NC0FC","944","Kaplan Tank ""New Day""","3279","Débardeur Kaplan ""Nouveau Jour"" : Taille - M","0","129","60","0"
"A08013-WNS0801NC0FC","944","Kaplan Tank ""New Day""","3280","Débardeur Kaplan ""Nouveau Jour"" : Taille - L","0","129","60","0"
"A08013-WNS0801NC0FC","944","Kaplan Tank ""New Day""","3281","Débardeur Kaplan ""Nouveau Jour"" : Taille - XL","0","129","60","0"
"W18053-WNS0801NC0JB","945","Kaplan Tank ""Northern Masters""","3282","Débardeur Kaplan ""Maîtres du Nord"" : Taille - XP","0","129","60","0"
"W18053-WNS0801NC0JB","945","Kaplan Tank ""Northern Masters""","3283","Débardeur Kaplan ""Maîtres du Nord"" : Taille - P","1","129","60","0"
"W18053-WNS0801NC0JB","945","Kaplan Tank ""Northern Masters""","3284","Débardeur Kaplan ""Maîtres du Nord"" : Taille - M","0","129","60","0"
"W18053-WNS0801NC0JB","945","Kaplan Tank ""Northern Masters""","3285","Débardeur Kaplan ""Maîtres du Nord"" : Taille - L","0","129","60","0"
"W18053-WNS0801NC0JB","945","Kaplan Tank ""Northern Masters""","3286","Débardeur Kaplan ""Maîtres du Nord"" : Taille - XL","0","129","60","0"
"W12008-WNS0801NC07B","947","Kaplan Tank ""Winter Wolves""","3292","Débardeur Kaplan ""Loups d'Hiver"" : Taille - XP","0","129","60","0"
"W12008-WNS0801NC07B","947","Kaplan Tank ""Winter Wolves""","3293","Débardeur Kaplan ""Loups d'Hiver"" : Taille - P","0","129","60","0"
"W12008-WNS0801NC07B","947","Kaplan Tank ""Winter Wolves""","3294","Débardeur Kaplan ""Loups d'Hiver"" : Taille - M","0","129","60","0"
"W12008-WNS0801NC07B","947","Kaplan Tank ""Winter Wolves""","3295","Débardeur Kaplan ""Loups d'Hiver"" : Taille - L","1","129","60","0"
"W12008-WNS0801NC07B","947","Kaplan Tank ""Winter Wolves""","3296","Débardeur Kaplan ""Loups d'Hiver"" : Taille - XL","0","129","60","0"
"A01028-UAC1801NC08B","948","Pablo Pillow ""Giving Thanks""","","Coussin Pablo ""Rendre Grâce""","1","59","21","0"
"A16059-MSS0701NC0IA","951","Salvadore Tee for Men ""Wisdom Keepers""","3337","Salvador Tee pour Homme ""Gardiens de la Sagesse"" : Taille - XP","0","89","36","0"
"A16059-MSS0701NC0IA","951","Salvadore Tee for Men ""Wisdom Keepers""","3338","Salvador Tee pour Homme ""Gardiens de la Sagesse"" : Taille - P","0","89","36","0"
"A16059-MSS0701NC0IA","951","Salvadore Tee for Men ""Wisdom Keepers""","3339","Salvador Tee pour Homme ""Gardiens de la Sagesse"" : Taille - M","1","89","36","0"
"A16059-MSS0701NC0IA","951","Salvadore Tee for Men ""Wisdom Keepers""","3340","Salvador Tee pour Homme ""Gardiens de la Sagesse"" : Taille - L","0","89","36","0"
"A16059-MSS0701NC0IA","951","Salvadore Tee for Men ""Wisdom Keepers""","3341","Salvador Tee pour Homme ""Gardiens de la Sagesse"" : Taille - XL","0","89","36","0"
"A16059-MSS0701NC0DA","952","Salvadore Tee for Men ""Early Evening Flowing Into Fall""","3342","Salvador Tee pour Homme ""Soirée Glissant Vers l'Automne"" : Taille - XP","0","89","36","0"
"A16059-MSS0701NC0DA","952","Salvadore Tee for Men ""Early Evening Flowing Into Fall""","3343","Salvador Tee pour Homme ""Soirée Glissant Vers l'Automne"" : Taille - P","0","89","36","0"
"A16059-MSS0701NC0DA","952","Salvadore Tee for Men ""Early Evening Flowing Into Fall""","3344","Salvador Tee pour Homme ""Soirée Glissant Vers l'Automne"" : Taille - M","1","89","36","0"
"A16059-MSS0701NC0DA","952","Salvadore Tee for Men ""Early Evening Flowing Into Fall""","3345","Salvador Tee pour Homme ""Soirée Glissant Vers l'Automne"" : Taille - L","1","89","36","0"
"A16059-MSS0701NC0DA","952","Salvadore Tee for Men ""Early Evening Flowing Into Fall""","3346","Salvador Tee pour Homme ""Soirée Glissant Vers l'Automne"" : Taille - XL","1","89","36","0"
"WSS0701NC0FB","953","Yoko Cape Tunic ""New Day""","3202","Yoko Tunique ""Nouveau Jour"" : Taille - XP","0","139","65","0"
"WSS0701NC0FB","953","Yoko Cape Tunic ""New Day""","3203","Yoko Tunique ""Nouveau Jour"" : Taille - P","0","139","65","0"
"WSS0701NC0FB","953","Yoko Cape Tunic ""New Day""","3204","Yoko Tunique ""Nouveau Jour"" : Taille - M","0","139","65","0"
"WSS0701NC0FB","953","Yoko Cape Tunic ""New Day""","3205","Yoko Tunique ""Nouveau Jour"" : Taille - L","0","139","65","0"
"WSS0701NC0FB","953","Yoko Cape Tunic ""New Day""","3206","Yoko Tunique ""Nouveau Jour"" : Taille - XL","0","139","65","0"
"A10004-WBL0301NC01C","954","Frida Cardigan ""Merging Earth and Sky""","2947","Cardigan  Frida ""Fusion entre Terre et Ciel"" : Taille - XP","1","129","52.5","0"
"A10004-WBL0301NC01C","954","Frida Cardigan ""Merging Earth and Sky""","2948","Cardigan  Frida ""Fusion entre Terre et Ciel"" : Taille - P","0","129","52.5","0"
"A10004-WBL0301NC01C","954","Frida Cardigan ""Merging Earth and Sky""","2949","Cardigan  Frida ""Fusion entre Terre et Ciel"" : Taille - M","1","129","52.5","0"
"A10004-WBL0301NC01C","954","Frida Cardigan ""Merging Earth and Sky""","2950","Cardigan  Frida ""Fusion entre Terre et Ciel"" : Taille - L","0","129","52.5","0"
"A10004-WBL0301NC01C","954","Frida Cardigan ""Merging Earth and Sky""","2951","Cardigan  Frida ""Fusion entre Terre et Ciel"" : Taille - XL","0","129","52.5","0"
"A17064-WBL0301NC03A","955","Frida Cardigan ""M'Otter Love""","2952","Cardigan Frida ""L'Outre Mère"" : Taille - XP","1","129","52.5","0"
"A17064-WBL0301NC03A","955","Frida Cardigan ""M'Otter Love""","2953","Cardigan Frida ""L'Outre Mère"" : Taille - P","1","129","52.5","0"
"A17064-WBL0301NC03A","955","Frida Cardigan ""M'Otter Love""","2954","Cardigan Frida ""L'Outre Mère"" : Taille - M","1","129","52.5","0"
"A17064-WBL0301NC03A","955","Frida Cardigan ""M'Otter Love""","2955","Cardigan Frida ""L'Outre Mère"" : Taille - L","1","129","52.5","0"
"A17064-WBL0301NC03A","955","Frida Cardigan ""M'Otter Love""","2956","Cardigan Frida ""L'Outre Mère"" : Taille - XL","1","129","52.5","0"
"A16058-WBL0301NC04A","956","Frida Cardigan ""Silent Seekers""","2957","Cardigan Frida ""En Quête de Silence"" : Taille - XP","1","129","52.5","0"
"A16058-WBL0301NC04A","956","Frida Cardigan ""Silent Seekers""","2958","Cardigan Frida ""En Quête de Silence"" : Taille - P","1","129","52.5","0"
"A16058-WBL0301NC04A","956","Frida Cardigan ""Silent Seekers""","2959","Cardigan Frida ""En Quête de Silence"" : Taille - M","1","129","52.5","0"
"A16058-WBL0301NC04A","956","Frida Cardigan ""Silent Seekers""","2960","Cardigan Frida ""En Quête de Silence"" : Taille - L","0","129","52.5","0"
"A16058-WBL0301NC04A","956","Frida Cardigan ""Silent Seekers""","2961","Cardigan Frida ""En Quête de Silence"" : Taille - XL","1","129","52.5","0"
"A10004-UAC0301NC01A","958","Reuben Tote Bag ""Merging Earth and Sky""","","Sac Reuben ""Fusion entre Terre et Ciel""","1","49","21","0"
"A13041-WDR1001NC0EC","960","Jeanne Dress ""Lapinx""","3112","Robe Jeanne ""Lapinx"" : Taille - XP","0","149","67","0"
"A13041-WDR1001NC0EC","960","Jeanne Dress ""Lapinx""","3113","Robe Jeanne ""Lapinx"" : Taille - P","0","149","67","0"
"A13041-WDR1001NC0EC","960","Jeanne Dress ""Lapinx""","3114","Robe Jeanne ""Lapinx"" : Taille - M","0","149","67","0"
"A13041-WDR1001NC0EC","960","Jeanne Dress ""Lapinx""","3115","Robe Jeanne ""Lapinx"" : Taille - L","0","149","67","0"
"A13041-WDR1001NC0EC","960","Jeanne Dress ""Lapinx""","3116","Robe Jeanne ""Lapinx"" : Taille - XL","1","149","67","0"
"A10004-WAC0201NC01A","961","Vivienne Scarf ""Merging Earth and Sky""","","Foulard Vivienne ""Fusion entre Terre et Ciel""","3","59","23","0"
"W12018-WAC0201NC0DB","962","Vivienne Scarf ""Early Evening Flowing into Fall""","","Foulard Vivienne ""Soirée Glissant vers l'Automne""","4","59","23","0"
"WSS0701NC02A","963","Yoko Cape Tunic ""Whisper""","3207","Yoko Tunique ""Murmure"" : Taille - XP","0","139","65","0"
"WSS0701NC02A","963","Yoko Cape Tunic ""Whisper""","3208","Yoko Tunique ""Murmure"" : Taille - P","0","139","65","0"
"WSS0701NC02A","963","Yoko Cape Tunic ""Whisper""","3209","Yoko Tunique ""Murmure"" : Taille - M","0","139","65","0"
"WSS0701NC02A","963","Yoko Cape Tunic ""Whisper""","3210","Yoko Tunique ""Murmure"" : Taille - L","0","139","65","0"
"WSS0701NC02A","963","Yoko Cape Tunic ""Whisper""","3211","Yoko Tunique ""Murmure"" : Taille - XL","0","139","65","0"
"A17063-WNS0701NC02A","964","Coco Tank ""Depth""","3297","Débardeur Coco ""Profondeur"" : Taille - XP","1","79","34.35","0"
"A17063-WNS0701NC02A","964","Coco Tank ""Depth""","3298","Débardeur Coco ""Profondeur"" : Taille - P","1","79","34.35","0"
"A17063-WNS0701NC02A","964","Coco Tank ""Depth""","3299","Débardeur Coco ""Profondeur"" : Taille - M","1","79","34.35","0"
"A17063-WNS0701NC02A","964","Coco Tank ""Depth""","3300","Débardeur Coco ""Profondeur"" : Taille - L","1","79","34.35","0"
"A17063-WNS0701NC02A","964","Coco Tank ""Depth""","3301","Débardeur Coco ""Profondeur"" : Taille - XL","1","79","34.35","0"
"A08013-WNS0701NC0FA","965","Coco Tank ""New Day""","3302","Débardeur Coco ""Nouveau Jour"" : Taille - XP","0","79","34.35","0"
"A08013-WNS0701NC0FA","965","Coco Tank ""New Day""","3303","Débardeur Coco ""Nouveau Jour"" : Taille - P","1","79","34.35","0"
"A08013-WNS0701NC0FA","965","Coco Tank ""New Day""","3304","Débardeur Coco ""Nouveau Jour"" : Taille - M","1","79","34.35","0"
"A08013-WNS0701NC0FA","965","Coco Tank ""New Day""","3305","Débardeur Coco ""Nouveau Jour"" : Taille - L","0","79","34.35","0"
"A08013-WNS0701NC0FA","965","Coco Tank ""New Day""","3306","Débardeur Coco ""Nouveau Jour"" : Taille - XL","1","79","34.35","0"
"A17064-WNS0701NC03A","966","Coco Tank ""M'Otter Love""","3307","Débardeur Coco ""L'Outre Mère"" : Taille - XP","1","79","34.35","0"
"A17064-WNS0701NC03A","966","Coco Tank ""M'Otter Love""","3308","Débardeur Coco ""L'Outre Mère"" : Taille - P","1","79","34.35","0"
"A17064-WNS0701NC03A","966","Coco Tank ""M'Otter Love""","3309","Débardeur Coco ""L'Outre Mère"" : Taille - M","1","79","34.35","0"
"A17064-WNS0701NC03A","966","Coco Tank ""M'Otter Love""","3310","Débardeur Coco ""L'Outre Mère"" : Taille - L","1","79","34.35","0"
"A17064-WNS0701NC03A","966","Coco Tank ""M'Otter Love""","3311","Débardeur Coco ""L'Outre Mère"" : Taille - XL","1","79","34.35","0"
"A17065-WSS0901NC0CB","968","K Smith T-Shirt ""The Forest Temple""","3322","K Smith T-Shirt ""Temple de la Forêt"" : Taille - XP","0","89","35","0"
"A17065-WSS0901NC0CB","968","K Smith T-Shirt ""The Forest Temple""","3323","K Smith T-Shirt ""Temple de la Forêt"" : Taille - P","1","89","35","0"
"A17065-WSS0901NC0CB","968","K Smith T-Shirt ""The Forest Temple""","3324","K Smith T-Shirt ""Temple de la Forêt"" : Taille - M","0","89","35","0"
"A17065-WSS0901NC0CB","968","K Smith T-Shirt ""The Forest Temple""","3325","K Smith T-Shirt ""Temple de la Forêt"" : Taille - L","0","89","35","0"
"A17065-WSS0901NC0CB","968","K Smith T-Shirt ""The Forest Temple""","3326","K Smith T-Shirt ""Temple de la Forêt"" : Taille - XL","0","89","35","0"
"A17065-WDR2601NC0CC","969","Kate Dress ""Forest Temple""","3052","Robe Kate ""Temple de la Forêt"" : Taille - XP","1","169","64.5","0"
"A17065-WDR2601NC0CC","969","Kate Dress ""Forest Temple""","3053","Robe Kate ""Temple de la Forêt"" : Taille - P","1","169","64.5","0"
"A17065-WDR2601NC0CC","969","Kate Dress ""Forest Temple""","3054","Robe Kate ""Temple de la Forêt"" : Taille - M","1","169","64.5","0"
"A17065-WDR2601NC0CC","969","Kate Dress ""Forest Temple""","3055","Robe Kate ""Temple de la Forêt"" : Taille - L","0","169","64.5","0"
"A17065-WDR2601NC0CC","969","Kate Dress ""Forest Temple""","3056","Robe Kate ""Temple de la Forêt"" : Taille - XL","0","169","64.5","0"
"A08011-WDR2601NC0HC","971","Kate Dress ""Whisper""","3047","Robe Kate ""Murmure"" : Taille - XP","0","169","64.5","0"
"A08011-WDR2601NC0HC","971","Kate Dress ""Whisper""","3048","Robe Kate ""Murmure"" : Taille - P","0","169","64.5","0"
"A08011-WDR2601NC0HC","971","Kate Dress ""Whisper""","3049","Robe Kate ""Murmure"" : Taille - M","0","169","64.5","0"
"A08011-WDR2601NC0HC","971","Kate Dress ""Whisper""","3050","Robe Kate ""Murmure"" : Taille - L","0","169","64.5","0"
"A08011-WDR2601NC0HC","971","Kate Dress ""Whisper""","3051","Robe Kate ""Murmure"" : Taille - XL","1","169","64.5","0"
"A10004-WDR2601NC01G","972","Kate Dress ""Merging Earth and Sky""","3062","Robe Kate ""Fusion entre Terre et Ciel"" : Taille - XP","0","169","64.5","0"
"A10004-WDR2601NC01G","972","Kate Dress ""Merging Earth and Sky""","3063","Robe Kate ""Fusion entre Terre et Ciel"" : Taille - P","1","169","64.5","0"
"A10004-WDR2601NC01G","972","Kate Dress ""Merging Earth and Sky""","3064","Robe Kate ""Fusion entre Terre et Ciel"" : Taille - M","0","169","64.5","0"
"A10004-WDR2601NC01G","972","Kate Dress ""Merging Earth and Sky""","3065","Robe Kate ""Fusion entre Terre et Ciel"" : Taille - L","0","169","64.5","0"
"A10004-WDR2601NC01G","972","Kate Dress ""Merging Earth and Sky""","3066","Robe Kate ""Fusion entre Terre et Ciel"" : Taille - XL","0","169","64.5","0"
"A08013-WDR3501NC0FE","974","Amanda Dress ""New Day""","3137","Robe Amanda ""Nouveau Jour"" : Taille - XP","0","119","0","0"
"A08013-WDR3501NC0FE","974","Amanda Dress ""New Day""","3138","Robe Amanda ""Nouveau Jour"" : Taille - P","0","119","0","0"
"A08013-WDR3501NC0FE","974","Amanda Dress ""New Day""","3139","Robe Amanda ""Nouveau Jour"" : Taille - M","0","119","0","0"
"A08013-WDR3501NC0FE","974","Amanda Dress ""New Day""","3140","Robe Amanda ""Nouveau Jour"" : Taille - L","0","119","0","0"
"A08013-WDR3501NC0FE","974","Amanda Dress ""New Day""","3141","Robe Amanda ""Nouveau Jour"" : Taille - XL","0","119","0","0"
"A08011-WDR2301NC0HB","975","Camille Dress ""Whisper""","3172","Robe Camille ""Murmure"" : Taille - XP","0","149","58","0"
"A08011-WDR2301NC0HB","975","Camille Dress ""Whisper""","3173","Robe Camille ""Murmure"" : Taille - P","0","149","58","0"
"A08011-WDR2301NC0HB","975","Camille Dress ""Whisper""","3174","Robe Camille ""Murmure"" : Taille - M","0","149","58","0"
"A08011-WDR2301NC0HB","975","Camille Dress ""Whisper""","3175","Robe Camille ""Murmure"" : Taille - L","0","149","58","0"
"A08011-WDR2301NC0HB","975","Camille Dress ""Whisper""","3176","Robe Camille ""Murmure"" : Taille - XL","0","149","58","0"
"A17064-WBL0601NCO3A","977","Kimono ""M'Otter Love""","2368","Kimono ""L'Outre Mère"" : Taille - TU/OS","3","129","49.5","0"
"W12018-WBL0601NCODA","978","Kimono ""Early Evening Flowing into Fall""","2369","Kimono ""Soirée Glissant vers l'Automne"" : Taille - TU/OS","2","129","49.5","0"
"A17063-WBL0601NCO2A","980","Kimono ""Depth""","2371","Kimono ""Profondeur"" : Taille - TU/OS","1","129","49.5","0"
"A08011-WDR3201NC0HA","981","Michelle Dress ""Whisper""","3157","Robe Michelle ""Murmure"" : Taille - XP","0","159","67.5","0"
"A08011-WDR3201NC0HA","981","Michelle Dress ""Whisper""","3158","Robe Michelle ""Murmure"" : Taille - P","0","159","67.5","0"
"A08011-WDR3201NC0HA","981","Michelle Dress ""Whisper""","3159","Robe Michelle ""Murmure"" : Taille - M","0","159","67.5","0"
"A08011-WDR3201NC0HA","981","Michelle Dress ""Whisper""","3160","Robe Michelle ""Murmure"" : Taille - L","0","159","67.5","0"
"A08011-WDR3201NC0HA","981","Michelle Dress ""Whisper""","3161","Robe Michelle ""Murmure"" : Taille - XL","1","159","67.5","0"
"A08013-WSK040NCOFB","982","Alex Skirt ""New Day""","2377","Jupe Alex ""Nouveau Jour"" : Taille - XP","0","139","64","0"
"A08013-WSK040NCOFB","982","Alex Skirt ""New Day""","2378","Jupe Alex ""Nouveau Jour"" : Taille - P","0","139","64","0"
"A08013-WSK040NCOFB","982","Alex Skirt ""New Day""","2379","Jupe Alex ""Nouveau Jour"" : Taille - M","0","139","64","0"
"A08013-WSK040NCOFB","982","Alex Skirt ""New Day""","2380","Jupe Alex ""Nouveau Jour"" : Taille - L","0","139","64","0"
"A08013-WSK040NCOFB","982","Alex Skirt ""New Day""","2381","Jupe Alex ""Nouveau Jour"" : Taille - XL","1","139","64","0"
"A08013-WBL0301NC0FB","986","Frida Cardigan ""New Day""","2962","Cardigan Frida ""Nouveau Jour"" : Taille - XP","1","129","52.5","0"
"A08013-WBL0301NC0FB","986","Frida Cardigan ""New Day""","2963","Cardigan Frida ""Nouveau Jour"" : Taille - P","1","129","52.5","0"
"A08013-WBL0301NC0FB","986","Frida Cardigan ""New Day""","2964","Cardigan Frida ""Nouveau Jour"" : Taille - M","0","129","52.5","0"
"A08013-WBL0301NC0FB","986","Frida Cardigan ""New Day""","2965","Cardigan Frida ""Nouveau Jour"" : Taille - L","0","129","52.5","0"
"A08013-WBL0301NC0FB","986","Frida Cardigan ""New Day""","2966","Cardigan Frida ""Nouveau Jour"" : Taille - XL","0","129","52.5","0"
"A17063-WBL0301NC02A","987","Frida Cardigan ""Depth""","2967","Cardigan Frida ""Profondeur"" : Taille - XP","1","129","52.5","0"
"A17063-WBL0301NC02A","987","Frida Cardigan ""Depth""","2968","Cardigan Frida ""Profondeur"" : Taille - P","1","129","52.5","0"
"A17063-WBL0301NC02A","987","Frida Cardigan ""Depth""","2969","Cardigan Frida ""Profondeur"" : Taille - M","1","129","52.5","0"
"A17063-WBL0301NC02A","987","Frida Cardigan ""Depth""","2970","Cardigan Frida ""Profondeur"" : Taille - L","1","129","52.5","0"
"A17063-WBL0301NC02A","987","Frida Cardigan ""Depth""","2971","Cardigan Frida ""Profondeur"" : Taille - XL","1","129","52.5","0"
"W12018-WBL0301NC0DA","988","Frida Cardigan ""Early Evening Flowing into Fall""","2972","Cardigan Frida ""Soirée Glissant vers l'Automne"" : Taille - XP","0","129","52.5","0"
"W12018-WBL0301NC0DA","988","Frida Cardigan ""Early Evening Flowing into Fall""","2973","Cardigan Frida ""Soirée Glissant vers l'Automne"" : Taille - P","0","129","52.5","0"
"W12018-WBL0301NC0DA","988","Frida Cardigan ""Early Evening Flowing into Fall""","2974","Cardigan Frida ""Soirée Glissant vers l'Automne"" : Taille - M","1","129","52.5","0"
"W12018-WBL0301NC0DA","988","Frida Cardigan ""Early Evening Flowing into Fall""","2975","Cardigan Frida ""Soirée Glissant vers l'Automne"" : Taille - L","1","129","52.5","0"
"W12018-WBL0301NC0DA","988","Frida Cardigan ""Early Evening Flowing into Fall""","2976","Cardigan Frida ""Soirée Glissant vers l'Automne"" : Taille - XL","1","129","52.5","0"
"A08011-WPA0401NC0HE","989","Jackie Legging ""Whisper""","3012","Legging Jackie ""Murmure"" : Taille - XP","0","109","45","0"
"A08011-WPA0401NC0HE","989","Jackie Legging ""Whisper""","3013","Legging Jackie ""Murmure"" : Taille - P","0","109","45","0"
"A08011-WPA0401NC0HE","989","Jackie Legging ""Whisper""","3014","Legging Jackie ""Murmure"" : Taille - M","0","109","45","0"
"A08011-WPA0401NC0HE","989","Jackie Legging ""Whisper""","3015","Legging Jackie ""Murmure"" : Taille - L","0","109","45","0"
"A08011-WPA0401NC0HE","989","Jackie Legging ""Whisper""","3016","Legging Jackie ""Murmure"" : Taille - XL","0","109","45","0"
"A08013-WPA0401NC0FB","990","Jackie Legging ""New Day""","3017","Legging Jackie ""Nouveau Jour"" : Taille - XP","1","109","44.01","0"
"A08013-WPA0401NC0FB","990","Jackie Legging ""New Day""","3018","Legging Jackie ""Nouveau Jour"" : Taille - P","0","109","44.01","0"
"A08013-WPA0401NC0FB","990","Jackie Legging ""New Day""","3019","Legging Jackie ""Nouveau Jour"" : Taille - M","0","109","44.01","0"
"A08013-WPA0401NC0FB","990","Jackie Legging ""New Day""","3020","Legging Jackie ""Nouveau Jour"" : Taille - L","1","109","44.01","0"
"A08013-WPA0401NC0FB","990","Jackie Legging ""New Day""","3021","Legging Jackie ""Nouveau Jour"" : Taille - XL","0","109","44.01","0"
"A17063-WPA0301NC02A","992","Carla Palazzo ""Depth""","3032","Palazzo Carla ""Profondeur"" : Taille - XP","0","189","74","0"
"A17063-WPA0301NC02A","992","Carla Palazzo ""Depth""","3033","Palazzo Carla ""Profondeur"" : Taille - P","1","189","74","0"
"A17063-WPA0301NC02A","992","Carla Palazzo ""Depth""","3034","Palazzo Carla ""Profondeur"" : Taille - M","0","189","74","0"
"A17063-WPA0301NC02A","992","Carla Palazzo ""Depth""","3035","Palazzo Carla ""Profondeur"" : Taille - L","0","189","74","0"
"A17063-WPA0301NC02A","992","Carla Palazzo ""Depth""","3036","Palazzo Carla ""Profondeur"" : Taille - XL","0","189","74","0"
"A13041-WAC0201NC0EA","994","Vivienne Scarf ""Lapinx""","","Foulard Vivienne ""Lapinx""","4","59","23","0"
"W18053-WAC0201NC0JB","995","Vivienne Scarf ""Northern Masters""","","Foulard Vivienne ""Maîtres du Nord""","3","59","23","0"
"W17062-WAC0201NC0GC","996","Vivienne Scarf ""Horizon""","","Foulard Vivienne ""Horizon""","3","59","23","0"
"A08013-WAC0201NC0FC","997","Vivienne Scarf ""New Day""","","Foulard Vivienne ""Nouveau Jour""","3","59","23","0"
"A08011-WAC0201NC0HB","998","Vivienne Scarf ""Whisper""","","Foulard Vivienne ""Murmure""","2","59","23","0"
"A16059-WAC0201NC0IA","999","Vivienne Scarf ""Wisdom Keepers""","","Foulard Vivienne ""Gardiens de la Sagesse""","2","59","23","0"
"W18053-UAC0301NCOJB","1002","Reuben Tote Bag ""Northern Masters""","","Sac Reuben ""Maîtres du Nord""","1","49","21","0"
"A108013-UAC0301NCOFB","1003","Reuben Tote Bag ""New Day""","","Sac Reuben ""Nouveau Jour""","0","49","21","0"
"A13041-UAC0301NCOEB","1004","Reuben Tote Bag ""Lapinx""","","Sac Reuben ""Lapinx""","3","49","21","0"
"A16059-WDR2601NC01B","1006","Kate Dress ""Wisdom Keepers""","3067","Robe Kate ""Gardiens de la Sagesse"" : Taille - XP","1","169","64.5","0"
"A16059-WDR2601NC01B","1006","Kate Dress ""Wisdom Keepers""","3068","Robe Kate ""Gardiens de la Sagesse"" : Taille - P","1","169","64.5","0"
"A16059-WDR2601NC01B","1006","Kate Dress ""Wisdom Keepers""","3069","Robe Kate ""Gardiens de la Sagesse"" : Taille - M","0","169","64.5","0"
"A16059-WDR2601NC01B","1006","Kate Dress ""Wisdom Keepers""","3070","Robe Kate ""Gardiens de la Sagesse"" : Taille - L","0","169","64.5","0"
"A16059-WDR2601NC01B","1006","Kate Dress ""Wisdom Keepers""","3071","Robe Kate ""Gardiens de la Sagesse"" : Taille - XL","1","169","64.5","0"
"W12018-WDR3201NC0DA","1007","Michelle Dress ""Early Evening Flowing into Fall""","3162","Robe Michelle ""Soirée Glissant vers l'Automne"" : Taille - XP","0","129","0","0"
"W12018-WDR3201NC0DA","1007","Michelle Dress ""Early Evening Flowing into Fall""","3163","Robe Michelle ""Soirée Glissant vers l'Automne"" : Taille - P","0","129","0","0"
"W12018-WDR3201NC0DA","1007","Michelle Dress ""Early Evening Flowing into Fall""","3164","Robe Michelle ""Soirée Glissant vers l'Automne"" : Taille - M","0","129","0","0"
"W12018-WDR3201NC0DA","1007","Michelle Dress ""Early Evening Flowing into Fall""","3165","Robe Michelle ""Soirée Glissant vers l'Automne"" : Taille - L","0","129","0","0"
"W12018-WDR3201NC0DA","1007","Michelle Dress ""Early Evening Flowing into Fall""","3166","Robe Michelle ""Soirée Glissant vers l'Automne"" : Taille - XL","0","129","0","0"
"W12018-WAC0401NCODB","1008","Duncan Shawl ""Early Evening Flowing into Fall""","","Châle Duncan ""Soirée Glissant vers l'Automne""","1","69","67","0"
"A16058-WAC0401NCODB","1009","Duncan Shawl ""Silent Seekers""","","Châle Duncan ""En Quête de Silence""","0","69","19","0"
"A01028-WBL0301NC08A","1010","Frida Cardigan ""Giving Thanks""","2977","Cardigan Frida ""Rendre Grâce"" : Taille - XP","1","129","52.5","0"
"A01028-WBL0301NC08A","1010","Frida Cardigan ""Giving Thanks""","2978","Cardigan Frida ""Rendre Grâce"" : Taille - P","0","129","52.5","0"
"A01028-WBL0301NC08A","1010","Frida Cardigan ""Giving Thanks""","2979","Cardigan Frida ""Rendre Grâce"" : Taille - M","1","129","52.5","0"
"A01028-WBL0301NC08A","1010","Frida Cardigan ""Giving Thanks""","2980","Cardigan Frida ""Rendre Grâce"" : Taille - L","1","129","52.5","0"
"A01028-WBL0301NC08A","1010","Frida Cardigan ""Giving Thanks""","2981","Cardigan Frida ""Rendre Grâce"" : Taille - XL","0","129","52.5","0"
"A16051-WBL0301NC05A","1012","Frida Cardigan ""Northern Keepers""","2982","Cardigan Frida ""Gardiens du Nord"" : Taille - XP","1","129","52.5","0"
"A16051-WBL0301NC05A","1012","Frida Cardigan ""Northern Keepers""","2983","Cardigan Frida ""Gardiens du Nord"" : Taille - P","1","129","52.5","0"
"A16051-WBL0301NC05A","1012","Frida Cardigan ""Northern Keepers""","2984","Cardigan Frida ""Gardiens du Nord"" : Taille - M","1","129","52.5","0"
"A16051-WBL0301NC05A","1012","Frida Cardigan ""Northern Keepers""","2985","Cardigan Frida ""Gardiens du Nord"" : Taille - L","1","129","52.5","0"
"A16051-WBL0301NC05A","1012","Frida Cardigan ""Northern Keepers""","2986","Cardigan Frida ""Gardiens du Nord"" : Taille - XL","1","129","52.5","0"
"W18053-WDR2601NC0JB","1014","Kate Dress ""Northern Masters""","3077","Robe Kate ""Maîtres du Nord"" : Taille - XP","1","169","64.5","0"
"W18053-WDR2601NC0JB","1014","Kate Dress ""Northern Masters""","3078","Robe Kate ""Maîtres du Nord"" : Taille - P","1","169","64.5","0"
"W18053-WDR2601NC0JB","1014","Kate Dress ""Northern Masters""","3079","Robe Kate ""Maîtres du Nord"" : Taille - M","0","169","64.5","0"
"W18053-WDR2601NC0JB","1014","Kate Dress ""Northern Masters""","3080","Robe Kate ""Maîtres du Nord"" : Taille - L","0","169","64.5","0"
"W18053-WDR2601NC0JB","1014","Kate Dress ""Northern Masters""","3081","Robe Kate ""Maîtres du Nord"" : Taille - XL","0","169","64.5","0"
"A17063-WSK040NCO2A","1016","Alex Skirt ""Depth""","3002","Jupe Alex ""Profondeur"" : Taille - XP","0","139","64","0"
"A17063-WSK040NCO2A","1016","Alex Skirt ""Depth""","3003","Jupe Alex ""Profondeur"" : Taille - P","0","139","64","0"
"A17063-WSK040NCO2A","1016","Alex Skirt ""Depth""","3004","Jupe Alex ""Profondeur"" : Taille - M","0","139","64","0"
"A17063-WSK040NCO2A","1016","Alex Skirt ""Depth""","3005","Jupe Alex ""Profondeur"" : Taille - L","0","139","64","0"
"A17063-WSK040NCO2A","1016","Alex Skirt ""Depth""","3006","Jupe Alex ""Profondeur"" : Taille - XL","0","139","64","0"
"W17062-WDR1001NC0GB","1018","Jeanne Dress ""Horizon""","3122","Robe Jeanne ""Horizon"" : Taille - XP","0","149","67","0"
"W17062-WDR1001NC0GB","1018","Jeanne Dress ""Horizon""","3123","Robe Jeanne ""Horizon"" : Taille - P","0","149","67","0"
"W17062-WDR1001NC0GB","1018","Jeanne Dress ""Horizon""","3124","Robe Jeanne ""Horizon"" : Taille - M","0","149","67","0"
"W17062-WDR1001NC0GB","1018","Jeanne Dress ""Horizon""","3125","Robe Jeanne ""Horizon"" : Taille - L","1","149","67","0"
"W17062-WDR1001NC0GB","1018","Jeanne Dress ""Horizon""","3126","Robe Jeanne ""Horizon"" : Taille - XL","0","149","67","0"
"197","1019","Suede Moccasins for Men","2497","Mocassins en Suède pour Hommes : Pointure - 10","0","85","35.6","0"
"197","1019","Suede Moccasins for Men","2498","Mocassins en Suède pour Hommes : Pointure - 11","0","85","35.6","0"
"197","1019","Suede Moccasins for Men","2499","Mocassins en Suède pour Hommes : Pointure - 12","0","85","35.6","0"
"197","1019","Suede Moccasins for Men","2500","Mocassins en Suède pour Hommes : Pointure - 13","0","85","35.6","0"
"197","1019","Suede Moccasins for Men","2501","Mocassins en Suède pour Hommes : Pointure - 7","0","85","35.6","0"
"197","1019","Suede Moccasins for Men","2502","Mocassins en Suède pour Hommes : Pointure - 6","0","85","35.6","0"
"197","1019","Suede Moccasins for Men","2503","Mocassins en Suède pour Hommes : Pointure - 8","1","85","35.6","0"
"197","1019","Suede Moccasins for Men","2504","Mocassins en Suède pour Hommes : Pointure - 9","0","85","35.6","0"
"197","1019","Suede Moccasins for Men","2580","Mocassins en Suède pour Hommes : Pointure - 14","0","95","35.6","0"
"197","1019","Suede Moccasins for Men","2581","Mocassins en Suède pour Hommes : Pointure - 15","0","95","35.6","0"
"142","1020","Suede Moccasins for Men","2508","Mocassins en suède pour Hommes : Pointure - 12","2","152","33","0"
"142","1020","Suede Moccasins for Men","2512","Mocassins en suède pour Hommes : Pointure - 8","0","152","33","0"
"142","1020","Suede Moccasins for Men","7186","Mocassins en suède pour Hommes : Pointure - 6","0","152","33","0"
"142","1020","Suede Moccasins for Men","7187","Mocassins en suède pour Hommes : Pointure - 7","0","152","33","0"
"142","1020","Suede Moccasins for Men","7188","Mocassins en suède pour Hommes : Pointure - 13","0","152","33","0"
"142","1020","Suede Moccasins for Men","7189","Mocassins en suède pour Hommes : Pointure - 14","0","152","33","0"
"142","1020","Suede Moccasins for Men","7190","Mocassins en suède pour Hommes : Pointure - 15","0","152","33","0"
"142","1020","Suede Moccasins for Men","7191","Mocassins en suède pour Hommes : Pointure - 9","0","152","33","0"
"142","1020","Suede Moccasins for Men","7192","Mocassins en suède pour Hommes : Pointure - 10","0","152","33","0"
"142","1020","Suede Moccasins for Men","7193","Mocassins en suède pour Hommes : Pointure - 11","0","152","33","0"
"142","1021","Suede Moccasins for Women","2520","Mocassins en Suède pour Dames : Pointure - 10","0","87","37.5","0"
"142","1021","Suede Moccasins for Women","2521","Mocassins en Suède pour Dames : Pointure - 9","0","87","37.5","0"
"142","1021","Suede Moccasins for Women","2522","Mocassins en Suède pour Dames : Pointure - 8","0","87","37.5","0"
"142","1021","Suede Moccasins for Women","2523","Mocassins en Suède pour Dames : Pointure - 7","0","87","37.5","0"
"142","1021","Suede Moccasins for Women","2524","Mocassins en Suède pour Dames : Pointure - 6","0","87","37.5","0"
"142","1021","Suede Moccasins for Women","2538","Mocassins en Suède pour Dames : Pointure - 4","0","87","37.5","0"
"142","1021","Suede Moccasins for Women","2539","Mocassins en Suède pour Dames : Pointure - 5","0","87","37.5","0"
"142","1022","Suede Moccasins for Juniors","2526","Mocassins en Suède pour Juniors : Pointure - 13","0","64","27.5","0"
"142","1022","Suede Moccasins for Juniors","2527","Mocassins en Suède pour Juniors : Pointure - 12","0","64","27.5","0"
"142","1022","Suede Moccasins for Juniors","2528","Mocassins en Suède pour Juniors : Pointure - 11","0","64","27.5","0"
"142","1022","Suede Moccasins for Juniors","2535","Mocassins en Suède pour Juniors : Pointure - 1","0","64","27.5","0"
"142","1022","Suede Moccasins for Juniors","2536","Mocassins en Suède pour Juniors : Pointure - 2","0","64","27.5","0"
"142","1022","Suede Moccasins for Juniors","2537","Mocassins en Suède pour Juniors : Pointure - 3","0","64","27.5","0"
"142","1023","Suede Moccasins for Children","2546","Mocassins en Suède pour Enfants : Pointure - 7","0","57","24.5","0"
"142","1023","Suede Moccasins for Children","2547","Mocassins en Suède pour Enfants : Pointure - 8","0","57","24.5","0"
"142","1023","Suede Moccasins for Children","2548","Mocassins en Suède pour Enfants : Pointure - 9","0","57","24.5","0"
"142","1023","Suede Moccasins for Children","2549","Mocassins en Suède pour Enfants : Pointure - 10","0","57","24.5","0"
"188","1024","Leather Moccasins for Women","2556","Mocassins en Cuir pour Dames : Pointure - 10","0","89","38.5","0"
"188","1024","Leather Moccasins for Women","2557","Mocassins en Cuir pour Dames : Pointure - 6","0","89","38.5","0"
"188","1024","Leather Moccasins for Women","2558","Mocassins en Cuir pour Dames : Pointure - 7","0","89","38.5","0"
"188","1024","Leather Moccasins for Women","2559","Mocassins en Cuir pour Dames : Pointure - 8","0","89","38.5","0"
"188","1024","Leather Moccasins for Women","2560","Mocassins en Cuir pour Dames : Pointure - 9","0","89","38.5","0"
"188","1024","Leather Moccasins for Women","2564","Mocassins en Cuir pour Dames : Pointure - 4","0","89","38.5","0"
"188","1024","Leather Moccasins for Women","2565","Mocassins en Cuir pour Dames : Pointure - 5","0","89","38.5","0"
"193","1025","Leather Moccasins for Women","2572","Mocassins en Cuir pour Dames : Pointure - 10","0","106","46","0"
"193","1025","Leather Moccasins for Women","2573","Mocassins en Cuir pour Dames : Pointure - 6","0","106","46","0"
"193","1025","Leather Moccasins for Women","2574","Mocassins en Cuir pour Dames : Pointure - 7","0","106","46","0"
"193","1025","Leather Moccasins for Women","2575","Mocassins en Cuir pour Dames : Pointure - 8","0","106","46","0"
"193","1025","Leather Moccasins for Women","2576","Mocassins en Cuir pour Dames : Pointure - 9","0","106","46","0"
"193","1025","Leather Moccasins for Women","7194","Mocassins en Cuir pour Dames : Pointure - 4","0","106","46","0"
"193","1025","Leather Moccasins for Women","7195","Mocassins en Cuir pour Dames : Pointure - 5","0","106","46","0"
"189","1026","Leather Moccasins for Women","2585","Mocassins en Cuir pour Dames : Pointure - 6","0","114","49","0"
"189","1026","Leather Moccasins for Women","2586","Mocassins en Cuir pour Dames : Pointure - 7","0","114","49","0"
"189","1026","Leather Moccasins for Women","2587","Mocassins en Cuir pour Dames : Pointure - 8","0","114","49","0"
"189","1026","Leather Moccasins for Women","2588","Mocassins en Cuir pour Dames : Pointure - 9","0","114","49","0"
"189","1026","Leather Moccasins for Women","2592","Mocassins en Cuir pour Dames : Pointure - 4","0","114","49","0"
"189","1026","Leather Moccasins for Women","2593","Mocassins en Cuir pour Dames : Pointure - 5","0","114","49","0"
"189","1026","Leather Moccasins for Women","7900","Mocassins en Cuir pour Dames : Pointure - 10","0","114","49","0"
"186","1027","Leather Moccasins for Women","2596","Mocassins en Cuir pour Dames : Pointure - 10","0","89","38.5","0"
"186","1027","Leather Moccasins for Women","2597","Mocassins en Cuir pour Dames : Pointure - 6","0","89","38.5","0"
"186","1027","Leather Moccasins for Women","2598","Mocassins en Cuir pour Dames : Pointure - 7","0","89","38.5","0"
"186","1027","Leather Moccasins for Women","2599","Mocassins en Cuir pour Dames : Pointure - 8","0","89","38.5","0"
"186","1027","Leather Moccasins for Women","2600","Mocassins en Cuir pour Dames : Pointure - 9","0","89","38.5","0"
"186","1027","Leather Moccasins for Women","2604","Mocassins en Cuir pour Dames : Pointure - 4","0","89","38.5","0"
"186","1027","Leather Moccasins for Women","2605","Mocassins en Cuir pour Dames : Pointure - 5","0","89","38.5","0"
"197","1028","Suede Moccasins for Women","2609","Mocassins en Suède pour Dames : Pointure - 7","0","97","42","0"
"197","1028","Suede Moccasins for Women","2610","Mocassins en Suède pour Dames : Pointure - 6","0","97","42","0"
"197","1028","Suede Moccasins for Women","2611","Mocassins en Suède pour Dames : Pointure - 8","0","97","42","0"
"197","1028","Suede Moccasins for Women","2612","Mocassins en Suède pour Dames : Pointure - 9","0","97","42","0"
"197","1028","Suede Moccasins for Women","2615","Mocassins en Suède pour Dames : Pointure - 10","0","97","42","0"
"197","1028","Suede Moccasins for Women","2616","Mocassins en Suède pour Dames : Pointure - 4","0","97","42","0"
"197","1028","Suede Moccasins for Women","2617","Mocassins en Suède pour Dames : Pointure - 5","0","97","42","0"
"258","1029","Mousecassins for Babies","2618","Mocassins Souris pour Bébés : Pointure - 2","3","42","18.25","0"
"258","1029","Mousecassins for Babies","2619","Mocassins Souris pour Bébés : Pointure - 3","3","42","18.25","0"
"258","1029","Mousecassins for Babies","2620","Mocassins Souris pour Bébés : Pointure - 4","0","42","18.25","0"
"258","1029","Mousecassins for Babies","2621","Mocassins Souris pour Bébés : Pointure - 5","2","42","18.25","0"
"258","1029","Mousecassins for Babies","2622","Mocassins Souris pour Bébés : Pointure - 6","4","42","18.25","0"
"258","1030","Mousecassins for Children","2628","Mocassins Souris pour Enfants : Pointure - 7","4","44.5","19","0"
"258","1030","Mousecassins for Children","2629","Mocassins Souris pour Enfants : Pointure - 8","3","44.5","19","0"
"258","1030","Mousecassins for Children","2630","Mocassins Souris pour Enfants : Pointure - 9","4","44.5","19","0"
"258","1030","Mousecassins for Children","2631","Mocassins Souris pour Enfants : Pointure - 10","4","44.5","19","0"
"404","1031","Suede Moccasins for Women","2633","Mocassins en Suède pour Dames : Pointure - 5","3","135","61.5","0"
"404","1031","Suede Moccasins for Women","2635","Mocassins en Suède pour Dames : Pointure - 7","2","135","61.5","0"
"404","1031","Suede Moccasins for Women","2637","Mocassins en Suède pour Dames : Pointure - 9","2","135","61.5","0"
"404","1031","Suede Moccasins for Women","2638","Mocassins en Suède pour Dames : Pointure - 10","1","135","61.5","0"
"404","1031","Suede Moccasins for Women","7196","Mocassins en Suède pour Dames : Pointure - 4","2","135","61.5","0"
"404","1031","Suede Moccasins for Women","7197","Mocassins en Suède pour Dames : Pointure - 6","2","135","61.5","0"
"404","1031","Suede Moccasins for Women","7198","Mocassins en Suède pour Dames : Pointure - 8","2","135","61.5","0"
"240","1032","Suede Moccasins for Women","2639","Mocassins en Suède pour Dames : Pointure - 5","0","146","63.5","0"
"240","1032","Suede Moccasins for Women","2640","Mocassins en Suède pour Dames : Pointure - 6","0","146","63.5","0"
"240","1032","Suede Moccasins for Women","2641","Mocassins en Suède pour Dames : Pointure - 7","0","146","63.5","0"
"240","1032","Suede Moccasins for Women","2642","Mocassins en Suède pour Dames : Pointure - 8","0","146","63.5","0"
"240","1032","Suede Moccasins for Women","2643","Mocassins en Suède pour Dames : Pointure - 9","0","146","63.5","0"
"240","1032","Suede Moccasins for Women","2644","Mocassins en Suède pour Dames : Pointure - 10","0","146","63.5","0"
"240","1032","Suede Moccasins for Women","2645","Mocassins en Suède pour Dames : Pointure - 4","1","146","63.5","0"
"X242","1033","Suede Moccasins for Women","2646","Mocassins en Suède pour Dames : Pointure - 5","0","146","63.5","0"
"X242","1033","Suede Moccasins for Women","2647","Mocassins en Suède pour Dames : Pointure - 6","0","146","63.5","0"
"X242","1033","Suede Moccasins for Women","2648","Mocassins en Suède pour Dames : Pointure - 7","0","146","63.5","0"
"X242","1033","Suede Moccasins for Women","2649","Mocassins en Suède pour Dames : Pointure - 8","0","146","63.5","0"
"X242","1033","Suede Moccasins for Women","2650","Mocassins en Suède pour Dames : Pointure - 9","0","146","63.5","0"
"X242","1033","Suede Moccasins for Women","2651","Mocassins en Suède pour Dames : Pointure - 10","0","146","63.5","0"
"X242","1033","Suede Moccasins for Women","2652","Mocassins en Suède pour Dames : Pointure - 4","0","146","63.5","0"
"402","1034","Suede Moccasins for Women","7041","Mocassins en Suède pour Dames : Pointure - 6","0","61","36.5","0"
"402","1034","Suede Moccasins for Women","7042","Mocassins en Suède pour Dames : Pointure - 7","1","61","36.5","0"
"402","1034","Suede Moccasins for Women","7043","Mocassins en Suède pour Dames : Pointure - 8","0","61","36.5","0"
"402","1034","Suede Moccasins for Women","7044","Mocassins en Suède pour Dames : Pointure - 9","0","61","36.5","0"
"402","1034","Suede Moccasins for Women","7045","Mocassins en Suède pour Dames : Pointure - 10","0","61","36.5","0"
"402","1034","Suede Moccasins for Women","7199","Mocassins en Suède pour Dames : Pointure - 4","0","61","36.5","0"
"402","1034","Suede Moccasins for Women","7200","Mocassins en Suède pour Dames : Pointure - 5","1","61","36.5","0"
"402","1035","Suede Moccasins for Junior","2667","Mocassins en Suède pour Juniors : Pointure - 1","2","63","27","0"
"402","1035","Suede Moccasins for Junior","2668","Mocassins en Suède pour Juniors : Pointure - 2","1","63","27","0"
"402","1035","Suede Moccasins for Junior","2669","Mocassins en Suède pour Juniors : Pointure - 3","1","63","27","0"
"402","1035","Suede Moccasins for Junior","2670","Mocassins en Suède pour Juniors : Pointure - 11","2","63","27","0"
"402","1035","Suede Moccasins for Junior","2671","Mocassins en Suède pour Juniors : Pointure - 12","3","63","27","0"
"402","1035","Suede Moccasins for Junior","2672","Mocassins en Suède pour Juniors : Pointure - 13","2","63","27","0"
"402","1036","Suede Moccasins for Children","2679","Mocassins en Suède pour Enfants : Pointure - 7","0","49","25","0"
"402","1036","Suede Moccasins for Children","2680","Mocassins en Suède pour Enfants : Pointure - 8","1","49","25","0"
"402","1036","Suede Moccasins for Children","2681","Mocassins en Suède pour Enfants : Pointure - 9","1","49","25","0"
"402","1036","Suede Moccasins for Children","2682","Mocassins en Suède pour Enfants : Pointure - 10","3","49","25","0"
"402","1037","Suede Moccasins for Babies","2689","Mocassins en Suède pour Bébés : Pointure - 2","0","46","20","0"
"402","1037","Suede Moccasins for Babies","2690","Mocassins en Suède pour Bébés : Pointure - 3","1","46","20","0"
"402","1037","Suede Moccasins for Babies","2691","Mocassins en Suède pour Bébés : Pointure - 4","1","46","20","0"
"402","1037","Suede Moccasins for Babies","2692","Mocassins en Suède pour Bébés : Pointure - 5","2","46","20","0"
"402","1037","Suede Moccasins for Babies","2693","Mocassins en Suède pour Bébés : Pointure - 6","1","46","20","0"
"842","1038","Suede Moccasins for Women","2694","Mocassins en Suède pour Dames : Pointure - 5","0","114","63.5","0"
"842","1038","Suede Moccasins for Women","2695","Mocassins en Suède pour Dames : Pointure - 6","1","114","63.5","0"
"842","1038","Suede Moccasins for Women","2696","Mocassins en Suède pour Dames : Pointure - 7","0","114","63.5","0"
"842","1038","Suede Moccasins for Women","2697","Mocassins en Suède pour Dames : Pointure - 8","0","114","63.5","0"
"842","1038","Suede Moccasins for Women","2698","Mocassins en Suède pour Dames : Pointure - 9","0","114","63.5","0"
"842","1038","Suede Moccasins for Women","2699","Mocassins en Suède pour Dames : Pointure - 10","1","114","63.5","0"
"842","1038","Suede Moccasins for Women","2700","Mocassins en Suède pour Dames : Pointure - 4","0","114","63.5","0"
"542","1039","Suede Moccasins for Women","2705","Mocassins en Suède pour Dames : Pointure - 9","0","146","63.5","0"
"542","1039","Suede Moccasins for Women","2706","Mocassins en Suède pour Dames : Pointure - 10","0","146","63.5","0"
"542","1039","Suede Moccasins for Women","7201","Mocassins en Suède pour Dames : Pointure - 4","0","146","63.5","0"
"542","1039","Suede Moccasins for Women","7202","Mocassins en Suède pour Dames : Pointure - 5","0","146","63.5","0"
"542","1039","Suede Moccasins for Women","7203","Mocassins en Suède pour Dames : Pointure - 6","0","146","63.5","0"
"542","1039","Suede Moccasins for Women","7204","Mocassins en Suède pour Dames : Pointure - 7","0","146","63.5","0"
"542","1039","Suede Moccasins for Women","7205","Mocassins en Suède pour Dames : Pointure - 8","0","146","63.5","0"
"642","1040","Suede Moccasins for Women","2708","Mocassins en Suède pour Dames : Pointure - 5","0","146","63.5","0"
"642","1040","Suede Moccasins for Women","2711","Mocassins en Suède pour Dames : Pointure - 8","0","146","63.5","0"
"642","1040","Suede Moccasins for Women","2712","Mocassins en Suède pour Dames : Pointure - 9","0","146","63.5","0"
"642","1040","Suede Moccasins for Women","7206","Mocassins en Suède pour Dames : Pointure - 4","0","146","63.5","0"
"642","1040","Suede Moccasins for Women","7207","Mocassins en Suède pour Dames : Pointure - 6","0","146","63.5","0"
"642","1040","Suede Moccasins for Women","7208","Mocassins en Suède pour Dames : Pointure - 7","0","146","63.5","0"
"642","1040","Suede Moccasins for Women","7209","Mocassins en Suède pour Dames : Pointure - 10","0","146","63.5","0"
"B468","1041","Leather Moccasins for Women","2715","Mocassins en Cuir pour Dames : Pointure - 6","0","145","63","0"
"B468","1041","Leather Moccasins for Women","2716","Mocassins en Cuir pour Dames : Pointure - 7","0","145","63","0"
"B468","1041","Leather Moccasins for Women","2717","Mocassins en Cuir pour Dames : Pointure - 8","0","145","63","0"
"B468","1041","Leather Moccasins for Women","2718","Mocassins en Cuir pour Dames : Pointure - 9","0","145","63","0"
"B468","1041","Leather Moccasins for Women","2719","Mocassins en Cuir pour Dames : Pointure - 4","0","145","63","0"
"B468","1041","Leather Moccasins for Women","2720","Mocassins en Cuir pour Dames : Pointure - 5","0","145","63","0"
"B468","1041","Leather Moccasins for Women","2721","Mocassins en Cuir pour Dames : Pointure - 10","0","145","63","0"
"4890","1042","Leather Moccasins for Women","2722","Mocassins en Cuir pour Dames : Pointure - 6","2","120","60","0"
"4890","1042","Leather Moccasins for Women","2723","Mocassins en Cuir pour Dames : Pointure - 7","8","120","60","0"
"4890","1042","Leather Moccasins for Women","2724","Mocassins en Cuir pour Dames : Pointure - 8","7","120","60","0"
"4890","1042","Leather Moccasins for Women","2725","Mocassins en Cuir pour Dames : Pointure - 9","11","120","60","0"
"4890","1042","Leather Moccasins for Women","2726","Mocassins en Cuir pour Dames : Pointure - 4","7","120","60","0"
"4890","1042","Leather Moccasins for Women","2728","Mocassins en Cuir pour Dames : Pointure - 10","9","120","60","0"
"4890","1042","Leather Moccasins for Women","7210","Mocassins en Cuir pour Dames : Pointure - 5","8","120","60","0"
"B468","1043","Leather Moccasins for Men","2729","Mocassins en Cuir pour Hommes : Pointure - 6","0","164","71","0"
"B468","1043","Leather Moccasins for Men","2730","Mocassins en Cuir pour Hommes : Pointure - 7","0","164","71","0"
"B468","1043","Leather Moccasins for Men","2731","Mocassins en Cuir pour Hommes : Pointure - 8","0","164","71","0"
"B468","1043","Leather Moccasins for Men","2732","Mocassins en Cuir pour Hommes : Pointure - 9","0","164","71","0"
"B468","1043","Leather Moccasins for Men","2735","Mocassins en Cuir pour Hommes : Pointure - 10","0","164","71","0"
"B468","1043","Leather Moccasins for Men","7211","Mocassins en Cuir pour Hommes : Pointure - 11","0","164","71","0"
"B468","1043","Leather Moccasins for Men","7212","Mocassins en Cuir pour Hommes : Pointure - 12","0","164","71","0"
"B468","1043","Leather Moccasins for Men","7213","Mocassins en Cuir pour Hommes : Pointure - 13","0","164","71","0"
"B468","1043","Leather Moccasins for Men","7214","Mocassins en Cuir pour Hommes : Pointure - 14","0","164","71","0"
"B468","1043","Leather Moccasins for Men","7215","Mocassins en Cuir pour Hommes : Pointure - 15","0","164","71","0"
"B489","1044","Leather Moccasins for Men","2744","Mocassins en Cuir pour Hommes : Pointure - 7","3","108","58.5","0"
"B489","1044","Leather Moccasins for Men","2745","Mocassins en Cuir pour Hommes : Pointure - 8","0","108","58.5","0"
"B489","1044","Leather Moccasins for Men","2746","Mocassins en Cuir pour Hommes : Pointure - 10","0","108","58.5","0"
"B489","1044","Leather Moccasins for Men","2748","Mocassins en Cuir pour Hommes : Pointure - 12","4","108","58.5","0"
"B489","1044","Leather Moccasins for Men","2749","Mocassins en Cuir pour Hommes : Pointure - 13","6","108","58.5","0"
"B489","1044","Leather Moccasins for Men","5997","Mocassins en Cuir pour Hommes : Pointure - 9","0","108","58.5","0"
"B489","1044","Leather Moccasins for Men","7216","Mocassins en Cuir pour Hommes : Pointure - 6","0","108","58.5","0"
"B489","1044","Leather Moccasins for Men","7217","Mocassins en Cuir pour Hommes : Pointure - 14","6","118","58.5","0"
"B489","1044","Leather Moccasins for Men","7218","Mocassins en Cuir pour Hommes : Pointure - 15","0","118","58.5","0"
"B489","1044","Leather Moccasins for Men","7219","Mocassins en Cuir pour Hommes : Pointure - 11","2","108","58.5","0"
"B489","1045","Leather Moccasins for Women","2761","Mocassins en Cuir pour Dames : Pointure - 4","3","98","53","0"
"B489","1045","Leather Moccasins for Women","2763","Mocassins en Cuir pour Dames : Pointure - 6","0","98","53","0"
"B489","1045","Leather Moccasins for Women","2764","Mocassins en Cuir pour Dames : Pointure - 7","8","98","53","0"
"B489","1045","Leather Moccasins for Women","2765","Mocassins en Cuir pour Dames : Pointure - 8","4","98","53","0"
"B489","1045","Leather Moccasins for Women","2766","Mocassins en Cuir pour Dames : Pointure - 9","5","98","53","0"
"B489","1045","Leather Moccasins for Women","2767","Mocassins en Cuir pour Dames : Pointure - 10","4","98","53","0"
"B489","1045","Leather Moccasins for Women","7220","Mocassins en Cuir pour Dames : Pointure - 5","6","98","53","0"
"220","1046","Suede Moccasins for Juniors","2775","Mocassins en Suède pour Juniors : Pointure - 11","5","68","44","0"
"220","1046","Suede Moccasins for Juniors","2776","Mocassins en Suède pour Juniors : Pointure - 12","3","68","44","0"
"220","1046","Suede Moccasins for Juniors","2777","Mocassins en Suède pour Juniors : Pointure - 13","2","68","44","0"
"220","1046","Suede Moccasins for Juniors","2779","Mocassins en Suède pour Juniors : Pointure - 2","5","68","44","0"
"220","1046","Suede Moccasins for Juniors","2780","Mocassins en Suède pour Juniors : Pointure - 3","6","68","44","0"
"220","1046","Suede Moccasins for Juniors","7221","Mocassins en Suède pour Juniors : Pointure - 1","3","68","44","0"
"220","1047","Suede Moccasins for Children","2787","Mocassins en Suède pour Enfants : Pointure - 7","6","65","38.5","0"
"220","1047","Suede Moccasins for Children","2790","Mocassins en Suède pour Enfants : Pointure - 10","3","65","38.5","0"
"220","1047","Suede Moccasins for Children","7222","Mocassins en Suède pour Enfants : Pointure - 8","3","65","38.5","0"
"220","1047","Suede Moccasins for Children","7223","Mocassins en Suède pour Enfants : Pointure - 9","4","65","38.5","0"
"220","1048","Suede Moccasins for Babies","8148","Mocassins en Suède pour Bébés : Pointure - 2","2","58","33.25","0"
"220","1048","Suede Moccasins for Babies","8149","Mocassins en Suède pour Bébés : Pointure - 3","2","58","33.25","0"
"220","1048","Suede Moccasins for Babies","8150","Mocassins en Suède pour Bébés : Pointure - 4","5","58","33.25","0"
"220","1048","Suede Moccasins for Babies","8151","Mocassins en Suède pour Bébés : Pointure - 5","4","58","33.25","0"
"220","1048","Suede Moccasins for Babies","8152","Mocassins en Suède pour Bébés : Pointure - 6","0","58","33.25","0"
"540","1049","Suede Moccasins for Babies","8153","Mocassins en Suède pour Bébés : Pointure - 2","0","77","33.25","0"
"540","1049","Suede Moccasins for Babies","8154","Mocassins en Suède pour Bébés : Pointure - 3","0","77","33.25","0"
"540","1049","Suede Moccasins for Babies","8155","Mocassins en Suède pour Bébés : Pointure - 4","0","77","33.25","0"
"540","1049","Suede Moccasins for Babies","8156","Mocassins en Suède pour Bébés : Pointure - 5","0","77","33.25","0"
"540","1049","Suede Moccasins for Babies","8157","Mocassins en Suède pour Bébés : Pointure - 6","0","77","33.25","0"
"540","1050","Suede Moccasins for Children","2799","Mocassins en Suède pour Enfants : Pointure - 8","0","89","38.5","0"
"540","1050","Suede Moccasins for Children","2800","Mocassins en Suède pour Enfants : Pointure - 9","0","89","38.5","0"
"540","1050","Suede Moccasins for Children","2801","Mocassins en Suède pour Enfants : Pointure - 10","0","89","38.5","0"
"540","1050","Suede Moccasins for Children","2802","Mocassins en Suède pour Enfants : Pointure - 7","0","89","38.5","0"
"540","1051","Suede Moccasins for Juniors","2803","Mocassins en Suède pour Juniors : Pointure - 11","0","120","44","0"
"540","1051","Suede Moccasins for Juniors","2804","Mocassins en Suède pour Juniors : Pointure - 12","0","120","44","0"
"540","1051","Suede Moccasins for Juniors","2805","Mocassins en Suède pour Juniors : Pointure - 13","0","120","44","0"
"540","1051","Suede Moccasins for Juniors","2806","Mocassins en Suède pour Juniors : Pointure - 2","0","120","44","0"
"540","1051","Suede Moccasins for Juniors","2807","Mocassins en Suède pour Juniors : Pointure - 3","0","120","44","0"
"540","1051","Suede Moccasins for Juniors","2808","Mocassins en Suède pour Juniors : Pointure - 1","0","120","44","0"
"A13053-UAC1801NC0KA","1052","Pablo Pillow ""Roots of Another World""","","Coussin Pablo ""Racines d'un Autre Monde""","0","49","21","0"
"204","1053","Suede Moccasins for Women","2809","Mocassins en Suède pour Dames : Pointure - 5","0","150","65","0"
"204","1053","Suede Moccasins for Women","2810","Mocassins en Suède pour Dames : Pointure - 6","0","150","65","0"
"204","1053","Suede Moccasins for Women","2811","Mocassins en Suède pour Dames : Pointure - 7","0","150","65","0"
"204","1053","Suede Moccasins for Women","2812","Mocassins en Suède pour Dames : Pointure - 8","0","150","65","0"
"204","1053","Suede Moccasins for Women","2813","Mocassins en Suède pour Dames : Pointure - 9","0","150","65","0"
"204","1053","Suede Moccasins for Women","2814","Mocassins en Suède pour Dames : Pointure - 10","0","150","65","0"
"204","1053","Suede Moccasins for Women","2815","Mocassins en Suède pour Dames : Pointure - 4","0","150","65","0"
"304","1054","Suede Moccasins for Women","2816","Mocassins en Suède pour Dames : Pointure - 5","0","150","65","0"
"304","1054","Suede Moccasins for Women","2817","Mocassins en Suède pour Dames : Pointure - 6","0","150","65","0"
"304","1054","Suede Moccasins for Women","2818","Mocassins en Suède pour Dames : Pointure - 7","0","150","65","0"
"304","1054","Suede Moccasins for Women","2819","Mocassins en Suède pour Dames : Pointure - 8","0","150","65","0"
"304","1054","Suede Moccasins for Women","2820","Mocassins en Suède pour Dames : Pointure - 9","0","150","65","0"
"304","1054","Suede Moccasins for Women","2821","Mocassins en Suède pour Dames : Pointure - 10","0","150","65","0"
"304","1054","Suede Moccasins for Women","2822","Mocassins en Suède pour Dames : Pointure - 4","0","150","65","0"
"804","1055","Suede Moccasins for Women","2823","Mocassins en Suède pour Dames : Pointure - 5","0","150","65","0"
"804","1055","Suede Moccasins for Women","2824","Mocassins en Suède pour Dames : Pointure - 6","0","150","65","0"
"804","1055","Suede Moccasins for Women","2825","Mocassins en Suède pour Dames : Pointure - 7","0","150","65","0"
"804","1055","Suede Moccasins for Women","2826","Mocassins en Suède pour Dames : Pointure - 8","0","150","65","0"
"804","1055","Suede Moccasins for Women","2827","Mocassins en Suède pour Dames : Pointure - 9","0","150","65","0"
"804","1055","Suede Moccasins for Women","2828","Mocassins en Suède pour Dames : Pointure - 10","0","150","65","0"
"804","1055","Suede Moccasins for Women","2829","Mocassins en Suède pour Dames : Pointure - 4","0","150","65","0"
"204","1056","Suede Moccasins for Men","2837","Mocassins en Suède pour Hommes : Pointure - 15","0","258","56","0"
"204","1056","Suede Moccasins for Men","2838","Mocassins en Suède pour Hommes : Pointure - 14","0","258","56","0"
"204","1056","Suede Moccasins for Men","2839","Mocassins en Suède pour Hommes : Pointure - 13","2","258","56","0"
"204","1056","Suede Moccasins for Men","2840","Mocassins en Suède pour Hommes : Pointure - 12","2","258","56","0"
"204","1056","Suede Moccasins for Men","2841","Mocassins en Suède pour Hommes : Pointure - 11","0","258","56","0"
"204","1056","Suede Moccasins for Men","2842","Mocassins en Suède pour Hommes : Pointure - 10","0","258","56","0"
"204","1056","Suede Moccasins for Men","2843","Mocassins en Suède pour Hommes : Pointure - 9","0","258","56","0"
"204","1056","Suede Moccasins for Men","2844","Mocassins en Suède pour Hommes : Pointure - 8","1","258","56","0"
"204","1056","Suede Moccasins for Men","2845","Mocassins en Suède pour Hommes : Pointure - 7","2","258","56","0"
"204","1056","Suede Moccasins for Men","2846","Mocassins en Suède pour Hommes : Pointure - 6","0","258","56","0"
"304","1057","Suede Moccasins for Men","2847","Mocassins en Suède pour Hommes : Pointure - 14","0","164","70.5","0"
"304","1057","Suede Moccasins for Men","2848","Mocassins en Suède pour Hommes : Pointure - 13","0","164","70.5","0"
"304","1057","Suede Moccasins for Men","2849","Mocassins en Suède pour Hommes : Pointure - 12","0","164","70.5","0"
"304","1057","Suede Moccasins for Men","2850","Mocassins en Suède pour Hommes : Pointure - 11","0","164","70.5","0"
"304","1057","Suede Moccasins for Men","2851","Mocassins en Suède pour Hommes : Pointure - 10","0","164","70.5","0"
"304","1057","Suede Moccasins for Men","2852","Mocassins en Suède pour Hommes : Pointure - 9","0","164","70.5","0"
"304","1057","Suede Moccasins for Men","2853","Mocassins en Suède pour Hommes : Pointure - 8","0","164","70.5","0"
"304","1057","Suede Moccasins for Men","2854","Mocassins en Suède pour Hommes : Pointure - 7","0","164","70.5","0"
"304","1057","Suede Moccasins for Men","2855","Mocassins en Suède pour Hommes : Pointure - 6","0","164","70.5","0"
"304","1057","Suede Moccasins for Men","2856","Mocassins en Suède pour Hommes : Pointure - 15","0","164","70.5","0"
"804","1058","Suede Moccasins for Men","7890","Mocassins en Suède pour Hommes : Pointure - 6","0","164","70.5","0"
"804","1058","Suede Moccasins for Men","7891","Mocassins en Suède pour Hommes : Pointure - 7","0","164","70.5","0"
"804","1058","Suede Moccasins for Men","7892","Mocassins en Suède pour Hommes : Pointure - 8","0","164","70.5","0"
"804","1058","Suede Moccasins for Men","7893","Mocassins en Suède pour Hommes : Pointure - 9","0","164","70.5","0"
"804","1058","Suede Moccasins for Men","7894","Mocassins en Suède pour Hommes : Pointure - 10","0","164","70.5","0"
"804","1058","Suede Moccasins for Men","7895","Mocassins en Suède pour Hommes : Pointure - 11","0","164","70.5","0"
"804","1058","Suede Moccasins for Men","7896","Mocassins en Suède pour Hommes : Pointure - 12","0","164","70.5","0"
"804","1058","Suede Moccasins for Men","7897","Mocassins en Suède pour Hommes : Pointure - 13","0","164","70.5","0"
"804","1058","Suede Moccasins for Men","7898","Mocassins en Suède pour Hommes : Pointure - 14","0","164","70.5","0"
"804","1058","Suede Moccasins for Men","7899","Mocassins en Suède pour Hommes : Pointure - 15","0","164","70.5","0"
"A16058-WBL0601NCO4A","1059","Kimono ""Silent Seekers""","2867","Kimono ""En Quête de Silence"" : Taille - TU/OS","7","129","49.5","0"
"A17063-UAC0201NC02A","1060","Nina Tablecloth ""Depth""","","Nappe Nina ""Profondeur""","0","119","0","0"
"A16058-UAC0201NC04B","1061","Nina Tablecloth ""Silent Seekers""","","Nappe Nina ""En Quête de Silence""","1","119","50","0"
"A17063-UAC0401NC02A","1062","Nino Place Mats ""Depth""","","Napperons Nino ""Profondeur""","10","15","6.5","0"
"A16058-UAC0401NC04A","1063","Nino Place Mats ""Silent Seekers""","","Napperons Nino ""En Quête de Silence""","11","15","6.5","0"
"A17063-WLS1701NC02A","1064","Mia Turtleneck ""Depth""","2868","Col Roulé Mia ""Profondeur"" : Taille - XP","0","149","59.5","0"
"A17063-WLS1701NC02A","1064","Mia Turtleneck ""Depth""","2869","Col Roulé Mia ""Profondeur"" : Taille - P","0","149","59.5","0"
"A17063-WLS1701NC02A","1064","Mia Turtleneck ""Depth""","2870","Col Roulé Mia ""Profondeur"" : Taille - M","1","149","59.5","0"
"A17063-WLS1701NC02A","1064","Mia Turtleneck ""Depth""","2871","Col Roulé Mia ""Profondeur"" : Taille - L","1","149","59.5","0"
"A17063-WLS1701NC02A","1064","Mia Turtleneck ""Depth""","2872","Col Roulé Mia ""Profondeur"" : Taille - XL","0","149","59.5","0"
"A16058-WLS1701NC04A","1065","Mia Turtleneck ""Silent Seekers""","3262","Col Roulé Mia ""En Quête de Silence"" : Taille - XP","1","149","59.5","0"
"A16058-WLS1701NC04A","1065","Mia Turtleneck ""Silent Seekers""","3263","Col Roulé Mia ""En Quête de Silence"" : Taille - P","1","149","59.5","0"
"A16058-WLS1701NC04A","1065","Mia Turtleneck ""Silent Seekers""","3264","Col Roulé Mia ""En Quête de Silence"" : Taille - M","1","149","59.5","0"
"A16058-WLS1701NC04A","1065","Mia Turtleneck ""Silent Seekers""","3265","Col Roulé Mia ""En Quête de Silence"" : Taille - L","1","149","59.5","0"
"A16058-WLS1701NC04A","1065","Mia Turtleneck ""Silent Seekers""","3266","Col Roulé Mia ""En Quête de Silence"" : Taille - XL","1","149","59.5","0"
"WSS0701NC0EB","1066","Yoko Cape Tunic ""Lapinx""","3212","Yoko Tunique ""Lapinx"" : Taille - XP","0","139","65","0"
"WSS0701NC0EB","1066","Yoko Cape Tunic ""Lapinx""","3213","Yoko Tunique ""Lapinx"" : Taille - P","0","139","65","0"
"WSS0701NC0EB","1066","Yoko Cape Tunic ""Lapinx""","3214","Yoko Tunique ""Lapinx"" : Taille - M","0","139","65","0"
"WSS0701NC0EB","1066","Yoko Cape Tunic ""Lapinx""","3215","Yoko Tunique ""Lapinx"" : Taille - L","0","139","65","0"
"WSS0701NC0EB","1066","Yoko Cape Tunic ""Lapinx""","3216","Yoko Tunique ""Lapinx"" : Taille - XL","0","139","65","0"
"A17065-WDR3101NC0CA","1069","Marianne Flare Dress ""The Forest Temple""","3147","Robe Marianne ""Temple de la Forêt"" : Taille - XP","0","139","58","0"
"A17065-WDR3101NC0CA","1069","Marianne Flare Dress ""The Forest Temple""","3148","Robe Marianne ""Temple de la Forêt"" : Taille - P","0","139","58","0"
"A17065-WDR3101NC0CA","1069","Marianne Flare Dress ""The Forest Temple""","3149","Robe Marianne ""Temple de la Forêt"" : Taille - M","0","139","58","0"
"A17065-WDR3101NC0CA","1069","Marianne Flare Dress ""The Forest Temple""","3150","Robe Marianne ""Temple de la Forêt"" : Taille - L","0","139","58","0"
"A17065-WDR3101NC0CA","1069","Marianne Flare Dress ""The Forest Temple""","8321","Robe Marianne ""Temple de la Forêt"" : Taille - XL","0","139","58","0"
"W12008-WDR2601NC0","1072","Kate Dress ""Winter Wolves""","3082","Robe Kate ""Loup d'Hiver"" : Taille - XP","0","149","62","0"
"W12008-WDR2601NC0","1072","Kate Dress ""Winter Wolves""","3083","Robe Kate ""Loup d'Hiver"" : Taille - P","0","149","62","0"
"W12008-WDR2601NC0","1072","Kate Dress ""Winter Wolves""","3084","Robe Kate ""Loup d'Hiver"" : Taille - M","0","149","62","0"
"W12008-WDR2601NC0","1072","Kate Dress ""Winter Wolves""","3085","Robe Kate ""Loup d'Hiver"" : Taille - L","0","149","62","0"
"W12008-WDR2601NC0","1072","Kate Dress ""Winter Wolves""","3086","Robe Kate ""Loup d'Hiver"" : Taille - XL","0","149","62","0"
"A08011-WAC0201NC0HB","1073","Duncan Shawl ""Whisper""","","Châle Duncan ""Murmure""","0","69","19","0"
"150CR","1076","Ballerina Slippers","3378","Mocassins Ballerine : Pointure - 5","3","115","57.75","0"
"150CR","1076","Ballerina Slippers","3382","Mocassins Ballerine : Pointure - 9","4","115","57.75","0"
"150CR","1076","Ballerina Slippers","3383","Mocassins Ballerine : Pointure - 10","4","115","57.75","0"
"150CR","1076","Ballerina Slippers","7224","Mocassins Ballerine : Pointure - 6","2","115","57.75","0"
"150CR","1076","Ballerina Slippers","7225","Mocassins Ballerine : Pointure - 7","0","115","57.75","0"
"150CR","1076","Ballerina Slippers","7226","Mocassins Ballerine : Pointure - 8","2","115","57.75","0"
"150CR","1076","Ballerina Slippers","9579","Mocassins Ballerine : Pointure - 11","0","115","57.75","0"
"150CR","1076","Ballerina Slippers","9580","Mocassins Ballerine : Pointure - 12","0","115","57.75","0"
"150BL","1078","Ballerina Slippers","3396","Mocassins Ballerine : Pointure - 5","4","115","57.75","0"
"150BL","1078","Ballerina Slippers","3401","Mocassins Ballerine : Pointure - 10","1","115","57.75","0"
"150BL","1078","Ballerina Slippers","7227","Mocassins Ballerine : Pointure - 6","1","115","57.75","0"
"150BL","1078","Ballerina Slippers","7228","Mocassins Ballerine : Pointure - 7","3","115","57.75","0"
"150BL","1078","Ballerina Slippers","7229","Mocassins Ballerine : Pointure - 8","0","115","57.75","0"
"150BL","1078","Ballerina Slippers","7230","Mocassins Ballerine : Pointure - 9","2","115","57.75","0"
"150BL","1078","Ballerina Slippers","9271","Mocassins Ballerine : Pointure - 11","1","115","57.75","0"
"150BL","1078","Ballerina Slippers","9272","Mocassins Ballerine : Pointure - 12","2","115","57.75","0"
"150BR","1079","Ballerina Slippers","3408","Mocassins Ballerine : Pointure - 5","2","115","57.75","0"
"150BR","1079","Ballerina Slippers","3413","Mocassins Ballerine : Pointure - 10","2","115","57.75","0"
"150BR","1079","Ballerina Slippers","7231","Mocassins Ballerine : Pointure - 6","2","115","57.75","0"
"150BR","1079","Ballerina Slippers","7232","Mocassins Ballerine : Pointure - 7","0","115","57.75","0"
"150BR","1079","Ballerina Slippers","7233","Mocassins Ballerine : Pointure - 8","0","115","57.75","0"
"150BR","1079","Ballerina Slippers","7234","Mocassins Ballerine : Pointure - 9","2","115","57.75","0"
"150BR","1079","Ballerina Slippers","9581","Mocassins Ballerine : Pointure - 11","0","115","57.75","0"
"150BR","1079","Ballerina Slippers","9582","Mocassins Ballerine : Pointure - 12","0","115","57.75","0"
"150P","1080","Ballerina Slippers","3421","Mocassins Ballerine : Pointure - 6","1","115","57.75","0"
"150P","1080","Ballerina Slippers","7235","Mocassins Ballerine : Pointure - 5","0","115","57.75","0"
"150P","1080","Ballerina Slippers","7236","Mocassins Ballerine : Pointure - 7","0","115","57.75","0"
"150P","1080","Ballerina Slippers","7237","Mocassins Ballerine : Pointure - 8","0","115","57.75","0"
"150P","1080","Ballerina Slippers","7238","Mocassins Ballerine : Pointure - 9","0","115","57.75","0"
"150P","1080","Ballerina Slippers","7239","Mocassins Ballerine : Pointure - 10","0","115","57.75","0"
"150P","1080","Ballerina Slippers","9583","Mocassins Ballerine : Pointure - 11","0","115","57.75","0"
"150P","1080","Ballerina Slippers","9584","Mocassins Ballerine : Pointure - 12","0","115","57.75","0"
"150PR","1081","Ballerina Slippers","3432","Mocassins Ballerine : Pointure - 5","2","115","57.75","0"
"150PR","1081","Ballerina Slippers","3433","Mocassins Ballerine : Pointure - 6","0","115","57.75","0"
"150PR","1081","Ballerina Slippers","3436","Mocassins Ballerine : Pointure - 9","1","115","57.75","0"
"150PR","1081","Ballerina Slippers","3437","Mocassins Ballerine : Pointure - 10","0","115","57.75","0"
"150PR","1081","Ballerina Slippers","7240","Mocassins Ballerine : Pointure - 7","0","115","57.75","0"
"150PR","1081","Ballerina Slippers","7241","Mocassins Ballerine : Pointure - 8","0","115","57.75","0"
"150PR","1081","Ballerina Slippers","9585","Mocassins Ballerine : Pointure - 11","0","115","57.75","0"
"150PR","1081","Ballerina Slippers","9586","Mocassins Ballerine : Pointure - 12","0","115","57.75","0"
"150RD","1082","Ballerina Slippers","3444","Mocassins Ballerine : Pointure - 5","2","115","57.75","0"
"150RD","1082","Ballerina Slippers","3445","Mocassins Ballerine : Pointure - 6","1","115","57.75","0"
"150RD","1082","Ballerina Slippers","3448","Mocassins Ballerine : Pointure - 9","2","115","57.75","0"
"150RD","1082","Ballerina Slippers","3449","Mocassins Ballerine : Pointure - 10","1","115","57.75","0"
"150RD","1082","Ballerina Slippers","7242","Mocassins Ballerine : Pointure - 7","2","115","57.75","0"
"150RD","1082","Ballerina Slippers","7243","Mocassins Ballerine : Pointure - 8","0","115","57.75","0"
"150RD","1082","Ballerina Slippers","9587","Mocassins Ballerine : Pointure - 11","0","115","57.75","0"
"150RD","1082","Ballerina Slippers","9588","Mocassins Ballerine : Pointure - 12","0","115","57.75","0"
"150ST","1083","Ballerina Slippers","3456","Mocassins Ballerine : Pointure - 5","1","115","57.75","0"
"150ST","1083","Ballerina Slippers","3461","Mocassins Ballerine : Pointure - 10","2","115","57.75","0"
"150ST","1083","Ballerina Slippers","7244","Mocassins Ballerine : Pointure - 6","0","115","57.75","0"
"150ST","1083","Ballerina Slippers","7245","Mocassins Ballerine : Pointure - 7","0","115","57.75","0"
"150ST","1083","Ballerina Slippers","7246","Mocassins Ballerine : Pointure - 8","3","115","57.75","0"
"150ST","1083","Ballerina Slippers","7247","Mocassins Ballerine : Pointure - 9","1","115","57.75","0"
"150ST","1083","Ballerina Slippers","9314","Mocassins Ballerine : Pointure - 11","2","115","57.75","0"
"150ST","1083","Ballerina Slippers","9589","Mocassins Ballerine : Pointure - 12","1","115","57.75","0"
"150TQ","1084","Ballerina Slippers","3468","Mocassins Ballerine : Pointure - 5","1","115","57.75","0"
"150TQ","1084","Ballerina Slippers","3469","Mocassins Ballerine : Pointure - 6","2","115","57.75","0"
"150TQ","1084","Ballerina Slippers","3470","Mocassins Ballerine : Pointure - 7","0","115","57.75","0"
"150TQ","1084","Ballerina Slippers","3471","Mocassins Ballerine : Pointure - 8","0","115","57.75","0"
"150TQ","1084","Ballerina Slippers","3473","Mocassins Ballerine : Pointure - 10","1","115","57.75","0"
"150TQ","1084","Ballerina Slippers","7248","Mocassins Ballerine : Pointure - 9","2","115","57.75","0"
"150TQ","1084","Ballerina Slippers","9590","Mocassins Ballerine : Pointure - 11","0","115","57.75","0"
"150TQ","1084","Ballerina Slippers","9591","Mocassins Ballerine : Pointure - 12","0","115","57.75","0"
"Sauge","1089","Buffalo Sage","6881","Sauge Buffalo : Fumigation - 5"" mince","0","9","0","3"
"Sauge","1089","Buffalo Sage","6882","Sauge Buffalo : Fumigation - 5"" large","9","15","0","6"
"Sauge","1089","Buffalo Sage","6883","Sauge Buffalo : Fumigation - 5"" mince avec lavande","2","9.949999999999999","0","4"
"Sauge","1089","Buffalo Sage","6884","Sauge Buffalo : Fumigation - 9"" large","16","23","0","7"
"Sauge","1089","Buffalo Sage","6885","Sauge Buffalo : Fumigation - 9"" l'immortelle","0","14","0","7"
"Sauge","1089","Buffalo Sage","6886","Sauge Buffalo : Fumigation - Vrac 1oz","0","9.449999999999999","0","4.75"
"Sauge","1089","Buffalo Sage","7849","Sauge Buffalo : Fumigation - 5"" mince avec romarin","2","9.949999999999999","0","4"
"Sauge","1089","Buffalo Sage","10357","Sauge Buffalo : Fumigation - 5"" l'immortelle","3","12.95","0","4"
"Sweetgrass","1090","Sweetgrass","9208","Foin d'Odeur : Fumigation - 12"" à 15""","0","12.95","0","5.5"
"Sweetgrass","1090","Sweetgrass","9209","Foin d'Odeur : Fumigation - 19"" à 21""","5","15.95","0","7.5"
"A10004-WPA0401NC01B","1091","Jackie Legging ""Merging Earth and Sky""","3487","Legging Jackie ""Fusion entre Terre et Ciel"" : Taille - P","0","109","45","0"
"A10004-WPA0401NC01B","1091","Jackie Legging ""Merging Earth and Sky""","3488","Legging Jackie ""Fusion entre Terre et Ciel"" : Taille - M","0","109","45","0"
"A10004-WPA0401NC01B","1091","Jackie Legging ""Merging Earth and Sky""","3489","Legging Jackie ""Fusion entre Terre et Ciel"" : Taille - L","0","109","45","0"
"A10004-WPA0401NC01B","1091","Jackie Legging ""Merging Earth and Sky""","3490","Legging Jackie ""Fusion entre Terre et Ciel"" : Taille - XL","0","109","45","0"
"A10004-WPA0401NC01B","1091","Jackie Legging ""Merging Earth and Sky""","3491","Legging Jackie ""Fusion entre Terre et Ciel"" : Taille - XP","0","109","45","0"
"3700-0408-13DKT-37504DKT","1092","Ladies Concho","3565","Concho pour Dames : Pointure - 5","0","160","69.59999999999999","0"
"3700-0408-13DKT-37504DKT","1092","Ladies Concho","3566","Concho pour Dames : Pointure - 6","0","160","69.59999999999999","0"
"3700-0408-13DKT-37504DKT","1092","Ladies Concho","7249","Concho pour Dames : Pointure - 4","0","160","69.59999999999999","0"
"3700-0408-13DKT-37504DKT","1092","Ladies Concho","7250","Concho pour Dames : Pointure - 7","0","160","69.59999999999999","0"
"3700-0408-13DKT-37504DKT","1092","Ladies Concho","7251","Concho pour Dames : Pointure - 8","0","160","69.59999999999999","0"
"3700-0408-13DKT-37504DKT","1092","Ladies Concho","7252","Concho pour Dames : Pointure - 9","0","160","69.59999999999999","0"
"3700-0408-13DKT-37504DKT","1092","Ladies Concho","7253","Concho pour Dames : Pointure - 10","0","160","69.59999999999999","0"
"3700-0408-13DKT-37504DKT","1092","Ladies Concho","7254","Concho pour Dames : Pointure - 11","0","160","69.59999999999999","0"
"3700-0408-13DKT-37504DKT","1092","Ladies Concho","7255","Concho pour Dames : Pointure - 12","0","160","69.59999999999999","0"
"3700-0000-13CK-137597CK","1093","Ladies Concho","3574","Concho pour Dames : Pointure - 5","0","175","75.7","0"
"3700-0000-13CK-137597CK","1093","Ladies Concho","7256","Concho pour Dames : Pointure - 4","0","175","75.7","0"
"3700-0000-13CK-137597CK","1093","Ladies Concho","7257","Concho pour Dames : Pointure - 6","0","175","75.7","0"
"3700-0000-13CK-137597CK","1093","Ladies Concho","7258","Concho pour Dames : Pointure - 7","0","175","75.7","0"
"3700-0000-13CK-137597CK","1093","Ladies Concho","7259","Concho pour Dames : Pointure - 8","0","175","75.7","0"
"3700-0000-13CK-137597CK","1093","Ladies Concho","7260","Concho pour Dames : Pointure - 9","0","175","75.7","0"
"3700-0000-13CK-137597CK","1093","Ladies Concho","7261","Concho pour Dames : Pointure - 10","0","175","75.7","0"
"3700-0000-13CK-137597CK","1093","Ladies Concho","7262","Concho pour Dames : Pointure - 11","0","175","75.7","0"
"3700-0000-13CK-137597CK","1093","Ladies Concho","7263","Concho pour Dames : Pointure - 12","0","175","75.7","0"
"2719-0408-13MO-37717MO","1094","Ladies Concho","3537","Concho pour Dames : Pointure - 4","0","0","52","0"
"2719-0408-13MO-37717MO","1094","Ladies Concho","3538","Concho pour Dames : Pointure - 5","0","0","52","0"
"2719-0408-13MO-37717MO","1094","Ladies Concho","3539","Concho pour Dames : Pointure - 6","0","0","52","0"
"2719-0408-13MO-37717MO","1094","Ladies Concho","3540","Concho pour Dames : Pointure - 7","0","0","52","0"
"2719-0408-13MO-37717MO","1094","Ladies Concho","3541","Concho pour Dames : Pointure - 8","0","0","52","0"
"2719-0408-13MO-37717MO","1094","Ladies Concho","3542","Concho pour Dames : Pointure - 9","0","0","52","0"
"2719-0408-13MO-37717MO","1094","Ladies Concho","3543","Concho pour Dames : Pointure - 10","0","0","52","0"
"2719-0408-13MO-37717MO","1094","Ladies Concho","3544","Concho pour Dames : Pointure - 11","0","0","52","0"
"2719-0408-13MO-37717MO","1094","Ladies Concho","3545","Concho pour Dames : Pointure - 12","0","0","52","0"
"2719-0408-13MO-377717NA","1095","Ladies Concho","3555","Concho pour Dames : Pointure - 4","0","162","70","0"
"2719-0408-13MO-377717NA","1095","Ladies Concho","3556","Concho pour Dames : Pointure - 5","0","162","70","0"
"2719-0408-13MO-377717NA","1095","Ladies Concho","3557","Concho pour Dames : Pointure - 6","0","162","70","0"
"2719-0408-13MO-377717NA","1095","Ladies Concho","3558","Concho pour Dames : Pointure - 7","0","162","70","0"
"2719-0408-13MO-377717NA","1095","Ladies Concho","3559","Concho pour Dames : Pointure - 8","0","162","70","0"
"2719-0408-13MO-377717NA","1095","Ladies Concho","3560","Concho pour Dames : Pointure - 9","0","162","70","0"
"2719-0408-13MO-377717NA","1095","Ladies Concho","3561","Concho pour Dames : Pointure - 10","1","162","70","0"
"2719-0408-13MO-377717NA","1095","Ladies Concho","3562","Concho pour Dames : Pointure - 11","0","162","70","0"
"2719-0408-13MO-377717NA","1095","Ladies Concho","3563","Concho pour Dames : Pointure - 12","0","162","70","0"
"3700-0008-13CHO-37500CHO","1096","Ladies Concho","3591","Concho pour Dames : Pointure - 4","0","142","61.4","0"
"3700-0008-13CHO-37500CHO","1096","Ladies Concho","3592","Concho pour Dames : Pointure - 5","0","142","61.4","0"
"3700-0008-13CHO-37500CHO","1096","Ladies Concho","3593","Concho pour Dames : Pointure - 6","0","142","61.4","0"
"3700-0008-13CHO-37500CHO","1096","Ladies Concho","3594","Concho pour Dames : Pointure - 7","0","142","61.4","0"
"3700-0008-13CHO-37500CHO","1096","Ladies Concho","3595","Concho pour Dames : Pointure - 8","0","142","61.4","0"
"3700-0008-13CHO-37500CHO","1096","Ladies Concho","3596","Concho pour Dames : Pointure - 9","1","142","61.4","0"
"3700-0008-13CHO-37500CHO","1096","Ladies Concho","3597","Concho pour Dames : Pointure - 10","0","142","61.4","0"
"3700-0008-13CHO-37500CHO","1096","Ladies Concho","3598","Concho pour Dames : Pointure - 11","0","142","61.4","0"
"3700-0008-13CHO-37500CHO","1096","Ladies Concho","3599","Concho pour Dames : Pointure - 12","0","142","61.4","0"
"2895-1600-53CHO-3870109CHO","1097","Ladies Concho","3612","Concho pour Dames : Pointure - 7","0","146","63.3","0"
"2895-1600-53CHO-3870109CHO","1097","Ladies Concho","7264","Concho pour Dames : Pointure - 4","0","146","63.3","0"
"2895-1600-53CHO-3870109CHO","1097","Ladies Concho","7265","Concho pour Dames : Pointure - 5","0","146","63.3","0"
"2895-1600-53CHO-3870109CHO","1097","Ladies Concho","7266","Concho pour Dames : Pointure - 6","0","146","63.3","0"
"2895-1600-53CHO-3870109CHO","1097","Ladies Concho","7267","Concho pour Dames : Pointure - 8","0","146","63.3","0"
"2895-1600-53CHO-3870109CHO","1097","Ladies Concho","7268","Concho pour Dames : Pointure - 9","0","146","63.3","0"
"2895-1600-53CHO-3870109CHO","1097","Ladies Concho","7269","Concho pour Dames : Pointure - 10","0","146","63.3","0"
"2895-1600-53CHO-3870109CHO","1097","Ladies Concho","7270","Concho pour Dames : Pointure - 11","0","146","63.3","0"
"2895-1600-53CHO-3870109CHO","1097","Ladies Concho","7271","Concho pour Dames : Pointure - 12","0","146","63.3","0"
"5109-0048-13-13136DKDKP","1098","Ladies Moccasins","3624","Mocassins pour Dames : Pointure - 10","1","102","44","0"
"5109-0048-13-13136DKDKP","1098","Ladies Moccasins","7273","Mocassins pour Dames : Pointure - 4","0","102","44","0"
"5109-0048-13-13136DKDKP","1098","Ladies Moccasins","7274","Mocassins pour Dames : Pointure - 5","0","102","44","0"
"5109-0048-13-13136DKDKP","1098","Ladies Moccasins","7275","Mocassins pour Dames : Pointure - 6","0","102","44","0"
"5109-0048-13-13136DKDKP","1098","Ladies Moccasins","7276","Mocassins pour Dames : Pointure - 7","2","102","44","0"
"5109-0048-13-13136DKDKP","1098","Ladies Moccasins","7277","Mocassins pour Dames : Pointure - 8","1","102","44","0"
"5109-0048-13-13136DKDKP","1098","Ladies Moccasins","7278","Mocassins pour Dames : Pointure - 9","1","102","44","0"
"5000-0008-12BL-1493BL","1099","Suede Moccasins for Men","3638","Mocassins en Suède pour Hommes : Pointure - 6","0","98","42.5","0"
"5000-0008-12BL-1493BL","1099","Suede Moccasins for Men","3639","Mocassins en Suède pour Hommes : Pointure - 7","0","98","42.5","0"
"5000-0008-12BL-1493BL","1099","Suede Moccasins for Men","3640","Mocassins en Suède pour Hommes : Pointure - 8","0","98","42.5","0"
"5000-0008-12BL-1493BL","1099","Suede Moccasins for Men","3641","Mocassins en Suède pour Hommes : Pointure - 9","0","98","42.5","0"
"5000-0008-12BL-1493BL","1099","Suede Moccasins for Men","3642","Mocassins en Suède pour Hommes : Pointure - 10","0","98","42.5","0"
"5000-0008-12BL-1493BL","1099","Suede Moccasins for Men","3643","Mocassins en Suède pour Hommes : Pointure - 11","0","98","42.5","0"
"5000-0008-12BL-1493BL","1099","Suede Moccasins for Men","3644","Mocassins en Suède pour Hommes : Pointure - 12","0","98","42.5","0"
"5000-0008-12BL-1493BL","1099","Suede Moccasins for Men","6543","Mocassins en Suède pour Hommes : Pointure - 13","0","98","42.5","0"
"5000-0008-12-1493CHO","1100","Ladies Suede Moccasins","3656","Mocassins en Suède pour Dames : Pointure - 6","2","96","41.5","0"
"5000-0008-12-1493CHO","1100","Ladies Suede Moccasins","3657","Mocassins en Suède pour Dames : Pointure - 7","0","96","41.5","0"
"5000-0008-12-1493CHO","1100","Ladies Suede Moccasins","3661","Mocassins en Suède pour Dames : Pointure - 11","1","96","41.5","0"
"5000-0008-12-1493CHO","1100","Ladies Suede Moccasins","7280","Mocassins en Suède pour Dames : Pointure - 4","0","96","41.5","0"
"5000-0008-12-1493CHO","1100","Ladies Suede Moccasins","7281","Mocassins en Suède pour Dames : Pointure - 5","0","96","41.5","0"
"5000-0008-12-1493CHO","1100","Ladies Suede Moccasins","7282","Mocassins en Suède pour Dames : Pointure - 8","1","96","41.5","0"
"5000-0008-12-1493CHO","1100","Ladies Suede Moccasins","7283","Mocassins en Suède pour Dames : Pointure - 9","1","96","41.5","0"
"5000-0008-12-1493CHO","1100","Ladies Suede Moccasins","7284","Mocassins en Suède pour Dames : Pointure - 10","0","96","41.5","0"
"5000-0008-12-1493CHO","1100","Ladies Suede Moccasins","7285","Mocassins en Suède pour Dames : Pointure - 12","0","96","41.5","0"
"6019-0300-41BR-9133BR","1101","Leather Moccasins for Men","3663","Mocassins en Cuir pour Hommes : Pointure - 6","0","174","0","72"
"6019-0300-41BR-9133BR","1101","Leather Moccasins for Men","3664","Mocassins en Cuir pour Hommes : Pointure - 7","2","174","0","72"
"6019-0300-41BR-9133BR","1101","Leather Moccasins for Men","3665","Mocassins en Cuir pour Hommes : Pointure - 8","1","174","0","72"
"6019-0300-41BR-9133BR","1101","Leather Moccasins for Men","3668","Mocassins en Cuir pour Hommes : Pointure - 11","1","174","0","72"
"6019-0300-41BR-9133BR","1101","Leather Moccasins for Men","3670","Mocassins en Cuir pour Hommes : Pointure - 13","1","174","0","72"
"6019-0300-41BR-9133BR","1101","Leather Moccasins for Men","6905","Mocassins en Cuir pour Hommes : Pointure - 14","0","174","0","72"
"6019-0300-41BR-9133BR","1101","Leather Moccasins for Men","7286","Mocassins en Cuir pour Hommes : Pointure - 9","1","174","0","72"
"6019-0300-41BR-9133BR","1101","Leather Moccasins for Men","7287","Mocassins en Cuir pour Hommes : Pointure - 10","1","174","0","72"
"6019-0300-41BR-9133BR","1101","Leather Moccasins for Men","7288","Mocassins en Cuir pour Hommes : Pointure - 12","1","174","0","72"
"6019-0300-41BR-9133BR","1101","Leather Moccasins for Men","7289","Mocassins en Cuir pour Hommes : Pointure - 15","0","174","0","72"
"6019-0300-41BR-9113MODKT-9113MO","1102","Suede Moccasins for Men","3683","Mocassins en Suède pour Hommes : Pointure - 6","0","170","0","73"
"6019-0300-41BR-9113MODKT-9113MO","1102","Suede Moccasins for Men","3685","Mocassins en Suède pour Hommes : Pointure - 8","1","170","0","73"
"6019-0300-41BR-9113MODKT-9113MO","1102","Suede Moccasins for Men","3686","Mocassins en Suède pour Hommes : Pointure - 9","1","170","0","73"
"6019-0300-41BR-9113MODKT-9113MO","1102","Suede Moccasins for Men","3689","Mocassins en Suède pour Hommes : Pointure - 12","1","170","0","73"
"6019-0300-41BR-9113MODKT-9113MO","1102","Suede Moccasins for Men","3690","Mocassins en Suède pour Hommes : Pointure - 13","1","170","0","73"
"6019-0300-41BR-9113MODKT-9113MO","1102","Suede Moccasins for Men","7290","Mocassins en Suède pour Hommes : Pointure - 7","1","170","0","73"
"6019-0300-41BR-9113MODKT-9113MO","1102","Suede Moccasins for Men","7291","Mocassins en Suède pour Hommes : Pointure - 10","1","170","0","73"
"6019-0300-41BR-9113MODKT-9113MO","1102","Suede Moccasins for Men","7292","Mocassins en Suède pour Hommes : Pointure - 11","1","170","0","73"
"6019-0300-41BR-9113MODKT-9113MO","1102","Suede Moccasins for Men","7293","Mocassins en Suède pour Hommes : Pointure - 14","1","170","0","73"
"6019-0300-41BR-9113MODKT-9113MO","1102","Suede Moccasins for Men","7294","Mocassins en Suède pour Hommes : Pointure - 15","0","170","0","73"
"5000-0008-12BL-1493BL","1103","Ladies Suede Moccasins","3702","Mocassins en Suède pour Dames : Pointure - 6","1","96","41.5","0"
"5000-0008-12BL-1493BL","1103","Ladies Suede Moccasins","3707","Mocassins en Suède pour Dames : Pointure - 11","0","96","41.5","0"
"5000-0008-12BL-1493BL","1103","Ladies Suede Moccasins","7295","Mocassins en Suède pour Dames : Pointure - 4","0","96","41.5","0"
"5000-0008-12BL-1493BL","1103","Ladies Suede Moccasins","7296","Mocassins en Suède pour Dames : Pointure - 5","0","96","41.5","0"
"5000-0008-12BL-1493BL","1103","Ladies Suede Moccasins","7297","Mocassins en Suède pour Dames : Pointure - 7","1","96","41.5","0"
"5000-0008-12BL-1493BL","1103","Ladies Suede Moccasins","7298","Mocassins en Suède pour Dames : Pointure - 8","1","96","41.5","0"
"5000-0008-12BL-1493BL","1103","Ladies Suede Moccasins","7299","Mocassins en Suède pour Dames : Pointure - 9","1","96","41.5","0"
"5000-0008-12BL-1493BL","1103","Ladies Suede Moccasins","7300","Mocassins en Suède pour Dames : Pointure - 10","0","96","41.5","0"
"5000-0008-12BL-1493BL","1103","Ladies Suede Moccasins","7301","Mocassins en Suède pour Dames : Pointure - 12","0","96","41.5","0"
"6080-0408-41BL-653","1105","Suede Slippers for Men","3718","Pantoufles Suède pour Hommes : Pointure - 6","0","125","0","52"
"6080-0408-41BL-653","1105","Suede Slippers for Men","3719","Pantoufles Suède pour Hommes : Pointure - 7","1","125","0","52"
"6080-0408-41BL-653","1105","Suede Slippers for Men","3720","Pantoufles Suède pour Hommes : Pointure - 8","1","125","0","52"
"6080-0408-41BL-653","1105","Suede Slippers for Men","3721","Pantoufles Suède pour Hommes : Pointure - 9","1","125","0","52"
"6080-0408-41BL-653","1105","Suede Slippers for Men","3722","Pantoufles Suède pour Hommes : Pointure - 10","0","125","0","52"
"6080-0408-41BL-653","1105","Suede Slippers for Men","3723","Pantoufles Suède pour Hommes : Pointure - 11","2","125","0","52"
"6080-0408-41BL-653","1105","Suede Slippers for Men","3724","Pantoufles Suède pour Hommes : Pointure - 12","1","125","0","52"
"6080-0408-41BL-653","1105","Suede Slippers for Men","6907","Pantoufles Suède pour Hommes : Pointure - 15","0","125","0","57"
"6080-0408-41BL-653","1105","Suede Slippers for Men","7302","Pantoufles Suède pour Hommes : Pointure - 13","1","125","0","52"
"6080-0408-41BL-653","1105","Suede Slippers for Men","7303","Pantoufles Suède pour Hommes : Pointure - 14","1","125","0","57"
"5000-0000-27-78CHORK","1106","Suede Moccasins for Men","3735","Mocassins en Suède pour Hommes : Pointure - 6","0","98","42.6","0"
"5000-0000-27-78CHORK","1106","Suede Moccasins for Men","3736","Mocassins en Suède pour Hommes : Pointure - 7","2","98","42.6","0"
"5000-0000-27-78CHORK","1106","Suede Moccasins for Men","3737","Mocassins en Suède pour Hommes : Pointure - 8","0","98","42.6","0"
"5000-0000-27-78CHORK","1106","Suede Moccasins for Men","3738","Mocassins en Suède pour Hommes : Pointure - 9","0","98","42.6","0"
"5000-0000-27-78CHORK","1106","Suede Moccasins for Men","3739","Mocassins en Suède pour Hommes : Pointure - 10","0","98","42.6","0"
"5000-0000-27-78CHORK","1106","Suede Moccasins for Men","3740","Mocassins en Suède pour Hommes : Pointure - 11","0","98","42.6","0"
"5000-0000-27-78CHORK","1106","Suede Moccasins for Men","3741","Mocassins en Suède pour Hommes : Pointure - 12","1","98","42.6","0"
"5000-0000-27-78CHORK","1106","Suede Moccasins for Men","3742","Mocassins en Suède pour Hommes : Pointure - 13","0","98","42.6","0"
"5000-0000-27-78CHORK","1106","Suede Moccasins for Men","7304","Mocassins en Suède pour Hommes : Pointure - 14","0","98","42.6","0"
"5000-0000-27-78CHORK","1106","Suede Moccasins for Men","7305","Mocassins en Suède pour Hommes : Pointure - 15","0","98","42.6","0"
"5000-0000-27-78DKTCK","1107","Suede Moccasins for Men","3755","Mocassins en Suède pour Hommes : Pointure - 6","0","98","42.6","0"
"5000-0000-27-78DKTCK","1107","Suede Moccasins for Men","3756","Mocassins en Suède pour Hommes : Pointure - 7","0","98","42.6","0"
"5000-0000-27-78DKTCK","1107","Suede Moccasins for Men","3757","Mocassins en Suède pour Hommes : Pointure - 8","0","98","42.6","0"
"5000-0000-27-78DKTCK","1107","Suede Moccasins for Men","3758","Mocassins en Suède pour Hommes : Pointure - 9","0","98","42.6","0"
"5000-0000-27-78DKTCK","1107","Suede Moccasins for Men","3759","Mocassins en Suède pour Hommes : Pointure - 10","0","98","42.6","0"
"5000-0000-27-78DKTCK","1107","Suede Moccasins for Men","3760","Mocassins en Suède pour Hommes : Pointure - 11","0","98","42.6","0"
"5000-0000-27-78DKTCK","1107","Suede Moccasins for Men","3761","Mocassins en Suède pour Hommes : Pointure - 12","0","98","42.6","0"
"5000-0000-27-78DKTCK","1107","Suede Moccasins for Men","3762","Mocassins en Suède pour Hommes : Pointure - 13","0","98","42.6","0"
"5000-0000-27-78DKTCK","1107","Suede Moccasins for Men","3763","Mocassins en Suède pour Hommes : Pointure - 14","1","98","42.6","0"
"5000-0000-27-78DKTCK","1107","Suede Moccasins for Men","3764","Mocassins en Suède pour Hommes : Pointure - 15","0","98","42.6","0"
"9813-0408-49-985447BL","1108","Ladies Mukluks","3766","Mukluks pour Dames : Pointure - 5","0","414","179.7","0"
"9813-0408-49-985447BL","1108","Ladies Mukluks","3767","Mukluks pour Dames : Pointure - 6","0","414","179.7","0"
"9813-0408-49-985447BL","1108","Ladies Mukluks","3768","Mukluks pour Dames : Pointure - 7","0","414","179.7","0"
"9813-0408-49-985447BL","1108","Ladies Mukluks","3769","Mukluks pour Dames : Pointure - 8","0","414","179.7","0"
"9813-0408-49-985447BL","1108","Ladies Mukluks","3770","Mukluks pour Dames : Pointure - 9","0","414","179.7","0"
"9813-0408-49-985447BL","1108","Ladies Mukluks","3771","Mukluks pour Dames : Pointure - 10","0","414","179.7","0"
"9813-0408-49-985447BL","1108","Ladies Mukluks","3772","Mukluks pour Dames : Pointure - 11","0","414","179.7","0"
"9813-0408-49-985447BL","1108","Ladies Mukluks","3773","Mukluks pour Dames : Pointure - 12","0","414","179.7","0"
"9813-0408-49-985447BL","1108","Ladies Mukluks","6568","Mukluks pour Dames : Pointure - 4","0","414","179.7","0"
"9813-0408-47-985447CHO","1109","Ladies Mukluks","3958","Mukluks pour Dames : Pointure - 9","0","414","179.7","0"
"9813-0408-47-985447CHO","1109","Ladies Mukluks","7561","Mukluks pour Dames : Pointure - 4","0","414","179.7","0"
"9813-0408-47-985447CHO","1109","Ladies Mukluks","7562","Mukluks pour Dames : Pointure - 5","0","414","179.7","0"
"9813-0408-47-985447CHO","1109","Ladies Mukluks","7563","Mukluks pour Dames : Pointure - 6","0","414","179.7","0"
"9813-0408-47-985447CHO","1109","Ladies Mukluks","7564","Mukluks pour Dames : Pointure - 7","0","414","179.7","0"
"9813-0408-47-985447CHO","1109","Ladies Mukluks","7565","Mukluks pour Dames : Pointure - 8","0","414","179.7","0"
"9813-0408-47-985447CHO","1109","Ladies Mukluks","7566","Mukluks pour Dames : Pointure - 10","0","414","179.7","0"
"9813-0408-47-985447CHO","1109","Ladies Mukluks","7567","Mukluks pour Dames : Pointure - 11","0","414","179.7","0"
"9813-0408-47-985447CHO","1109","Ladies Mukluks","7568","Mukluks pour Dames : Pointure - 12","0","414","179.7","0"
"9813-0408-47-985447MO","1110","Ladies Mukluks","3964","Mukluks pour Dames : Pointure - 6","0","414","179.7","0"
"9813-0408-47-985447MO","1110","Ladies Mukluks","7569","Mukluks pour Dames : Pointure - 4","0","414","179.7","0"
"9813-0408-47-985447MO","1110","Ladies Mukluks","7570","Mukluks pour Dames : Pointure - 5","0","414","179.7","0"
"9813-0408-47-985447MO","1110","Ladies Mukluks","7571","Mukluks pour Dames : Pointure - 7","0","414","179.7","0"
"9813-0408-47-985447MO","1110","Ladies Mukluks","7572","Mukluks pour Dames : Pointure - 8","0","414","179.7","0"
"9813-0408-47-985447MO","1110","Ladies Mukluks","7573","Mukluks pour Dames : Pointure - 9","0","414","179.7","0"
"9813-0408-47-985447MO","1110","Ladies Mukluks","7574","Mukluks pour Dames : Pointure - 10","0","414","179.7","0"
"9813-0408-47-985447MO","1110","Ladies Mukluks","7575","Mukluks pour Dames : Pointure - 11","0","414","179.7","0"
"9813-0408-47-985447MO","1110","Ladies Mukluks","7576","Mukluks pour Dames : Pointure - 12","0","414","179.7","0"
"9816-0408-47-980447MO","1111","Ladies Mukluks","3975","Mukluks pour Dames : Pointure - 8","1","422","198","0"
"9816-0408-47-980447MO","1111","Ladies Mukluks","7577","Mukluks pour Dames : Pointure - 4","0","422","198","0"
"9816-0408-47-980447MO","1111","Ladies Mukluks","7578","Mukluks pour Dames : Pointure - 5","0","422","198","0"
"9816-0408-47-980447MO","1111","Ladies Mukluks","7579","Mukluks pour Dames : Pointure - 6","0","422","198","0"
"9816-0408-47-980447MO","1111","Ladies Mukluks","7580","Mukluks pour Dames : Pointure - 7","0","422","198","0"
"9816-0408-47-980447MO","1111","Ladies Mukluks","7581","Mukluks pour Dames : Pointure - 9","1","422","198","0"
"9816-0408-47-980447MO","1111","Ladies Mukluks","7582","Mukluks pour Dames : Pointure - 10","0","422","198","0"
"9816-0408-47-980447MO","1111","Ladies Mukluks","7583","Mukluks pour Dames : Pointure - 11","0","422","198","0"
"9816-0408-47-980447MO","1111","Ladies Mukluks","7584","Mukluks pour Dames : Pointure - 12","0","422","198","0"
"9813-0408-86BL2-986486BL","1112","Ladies Mukluks","3982","Mukluks pour Dames : Pointure - 6","0","445","199.6","0"
"9813-0408-86BL2-986486BL","1112","Ladies Mukluks","7585","Mukluks pour Dames : Pointure - 4","0","445","199.6","0"
"9813-0408-86BL2-986486BL","1112","Ladies Mukluks","7586","Mukluks pour Dames : Pointure - 5","0","445","199.6","0"
"9813-0408-86BL2-986486BL","1112","Ladies Mukluks","7587","Mukluks pour Dames : Pointure - 7","0","445","199.6","0"
"9813-0408-86BL2-986486BL","1112","Ladies Mukluks","7588","Mukluks pour Dames : Pointure - 8","0","445","199.6","0"
"9813-0408-86BL2-986486BL","1112","Ladies Mukluks","7589","Mukluks pour Dames : Pointure - 9","1","445","199.6","0"
"9813-0408-86BL2-986486BL","1112","Ladies Mukluks","7590","Mukluks pour Dames : Pointure - 10","0","445","199.6","0"
"9026-0467-85-1964385RK","1113","Ladies Mukluks","3995","Mukluks pour Dames : Pointure - 10","0","240","105","0"
"9026-0467-85-1964385RK","1113","Ladies Mukluks","7593","Mukluks pour Dames : Pointure - 4","0","240","105","0"
"9026-0467-85-1964385RK","1113","Ladies Mukluks","7594","Mukluks pour Dames : Pointure - 5","0","240","105","0"
"9026-0467-85-1964385RK","1113","Ladies Mukluks","7595","Mukluks pour Dames : Pointure - 6","0","240","105","0"
"9026-0467-85-1964385RK","1113","Ladies Mukluks","7596","Mukluks pour Dames : Pointure - 7","0","240","105","0"
"9026-0467-85-1964385RK","1113","Ladies Mukluks","7597","Mukluks pour Dames : Pointure - 8","0","240","105","0"
"9026-0467-85-1964385RK","1113","Ladies Mukluks","7598","Mukluks pour Dames : Pointure - 9","0","240","105","0"
"9026-0467-85-1964385RK","1113","Ladies Mukluks","7599","Mukluks pour Dames : Pointure - 11","0","240","105","0"
"9026-0467-85-1964385RK","1113","Ladies Mukluks","7600","Mukluks pour Dames : Pointure - 12","0","240","105","0"
"9026-0468-85-1964585RMADKT","1114","Ladies Mukluks","3998","Mukluks pour Dames : Pointure - 4","0","227","124.2","0"
"9026-0468-85-1964585RMADKT","1114","Ladies Mukluks","3999","Mukluks pour Dames : Pointure - 5","0","227","124.2","0"
"9026-0468-85-1964585RMADKT","1114","Ladies Mukluks","4000","Mukluks pour Dames : Pointure - 6","0","227","124.2","0"
"9026-0468-85-1964585RMADKT","1114","Ladies Mukluks","4001","Mukluks pour Dames : Pointure - 7","0","227","124.2","0"
"9026-0468-85-1964585RMADKT","1114","Ladies Mukluks","4002","Mukluks pour Dames : Pointure - 8","1","227","124.2","0"
"9026-0468-85-1964585RMADKT","1114","Ladies Mukluks","4003","Mukluks pour Dames : Pointure - 9","0","227","124.2","0"
"9026-0468-85-1964585RMADKT","1114","Ladies Mukluks","4004","Mukluks pour Dames : Pointure - 10","0","227","124.2","0"
"9026-0468-85-1964585RMADKT","1114","Ladies Mukluks","4005","Mukluks pour Dames : Pointure - 11","0","227","124.2","0"
"9026-0468-85-1964585RMADKT","1114","Ladies Mukluks","4006","Mukluks pour Dames : Pointure - 12","0","227","124.2","0"
"9013-0481-85-1904485RK","1115","Ladies Mukluks","4009","Mukluks pour Dames : Pointure - 6","1","362","156.9","0"
"9013-0481-85-1904485RK","1115","Ladies Mukluks","4010","Mukluks pour Dames : Pointure - 7","0","362","156.9","0"
"9013-0481-85-1904485RK","1115","Ladies Mukluks","4011","Mukluks pour Dames : Pointure - 8","0","362","156.9","0"
"9013-0481-85-1904485RK","1115","Ladies Mukluks","4012","Mukluks pour Dames : Pointure - 9","0","362","156.9","0"
"9013-0481-85-1904485RK","1115","Ladies Mukluks","7601","Mukluks pour Dames : Pointure - 4","0","362","156.9","0"
"9013-0481-85-1904485RK","1115","Ladies Mukluks","7602","Mukluks pour Dames : Pointure - 5","0","362","156.9","0"
"9013-0481-85-1904485RK","1115","Ladies Mukluks","7603","Mukluks pour Dames : Pointure - 10","0","362","156.9","0"
"9013-0481-85-1904485RK","1115","Ladies Mukluks","7604","Mukluks pour Dames : Pointure - 11","0","362","156.9","0"
"9013-0481-85-1904485RK","1115","Ladies Mukluks","7605","Mukluks pour Dames : Pointure - 12","0","362","156.9","0"
"3700-0970-24-37599CKRK","1116","Conchos for Men","3843","Conchos pour Hommes : Pointure - 8","0","210","90.09999999999999","0"
"3700-0970-24-37599CKRK","1116","Conchos for Men","7540","Conchos pour Hommes : Pointure - 7","0","210","90.09999999999999","0"
"3700-0970-24-37599CKRK","1116","Conchos for Men","7541","Conchos pour Hommes : Pointure - 9","0","210","90.09999999999999","0"
"3700-0970-24-37599CKRK","1116","Conchos for Men","7542","Conchos pour Hommes : Pointure - 10","0","210","90.09999999999999","0"
"3700-0970-24-37599CKRK","1116","Conchos for Men","7543","Conchos pour Hommes : Pointure - 11","0","210","90.09999999999999","0"
"3700-0970-24-37599CKRK","1116","Conchos for Men","7544","Conchos pour Hommes : Pointure - 12","0","210","90.09999999999999","0"
"3700-0970-24-37599CKRK","1116","Conchos for Men","7545","Conchos pour Hommes : Pointure - 13","0","210","90.09999999999999","0"
"3700-0970-24-37599CKRK","1116","Conchos for Men","7546","Conchos pour Hommes : Pointure - 14","0","210","90.09999999999999","0"
"3700-0970-24-37599CKRK","1116","Conchos for Men","7547","Conchos pour Hommes : Pointure - 15","0","210","90.09999999999999","0"
"9026-0308-85-1964185OBSM","1117","Mukluks for Men","3850","Mukluks pour Hommes : Pointure - 11","0","360","155.9","0"
"9026-0308-85-1964185OBSM","1117","Mukluks for Men","3851","Mukluks pour Hommes : Pointure - 12","0","360","155.9","0"
"9026-0308-85-1964185OBSM","1117","Mukluks for Men","3853","Mukluks pour Hommes : Pointure - 10","0","360","155.9","0"
"9026-0308-85-1964185OBSM","1117","Mukluks for Men","7548","Mukluks pour Hommes : Pointure - 7","0","360","155.9","0"
"9026-0308-85-1964185OBSM","1117","Mukluks for Men","7549","Mukluks pour Hommes : Pointure - 8","0","360","155.9","0"
"9026-0308-85-1964185OBSM","1117","Mukluks for Men","7550","Mukluks pour Hommes : Pointure - 9","0","360","155.9","0"
"9026-0308-85-1964185OBSM","1117","Mukluks for Men","7551","Mukluks pour Hommes : Pointure - 13","0","360","155.9","0"
"9026-0308-85-1964185OBSM","1117","Mukluks for Men","7552","Mukluks pour Hommes : Pointure - 14","0","360","155.9","0"
"9026-0308-85-1964185OBSM","1117","Mukluks for Men","7553","Mukluks pour Hommes : Pointure - 15","0","360","155.9","0"
"9013-0300-47RK-19245RK","1118","Mukluks for Men","3862","Mukluks pour Hommes : Pointure - 10","0","343","149.1","0"
"9013-0300-47RK-19245RK","1118","Mukluks for Men","3863","Mukluks pour Hommes : Pointure - 9","0","343","149.1","0"
"9013-0300-47RK-19245RK","1118","Mukluks for Men","7554","Mukluks pour Hommes : Pointure - 7","1","343","149.1","0"
"9013-0300-47RK-19245RK","1118","Mukluks for Men","7555","Mukluks pour Hommes : Pointure - 8","0","343","149.1","0"
"9013-0300-47RK-19245RK","1118","Mukluks for Men","7556","Mukluks pour Hommes : Pointure - 11","0","343","149.1","0"
"9013-0300-47RK-19245RK","1118","Mukluks for Men","7557","Mukluks pour Hommes : Pointure - 12","0","343","149.1","0"
"9013-0300-47RK-19245RK","1118","Mukluks for Men","7558","Mukluks pour Hommes : Pointure - 13","0","343","149.1","0"
"9013-0300-47RK-19245RK","1118","Mukluks for Men","7559","Mukluks pour Hommes : Pointure - 14","0","343","149.1","0"
"9013-0300-47RK-19245RK","1118","Mukluks for Men","7560","Mukluks pour Hommes : Pointure - 15","0","343","149.1","0"
"1614-LAD","1131","Ladies Mukluks","3948","Mukluks pour Dames : Pointure - 8","1","455","230","0"
"1614-LAD","1131","Ladies Mukluks","7614","Mukluks pour Dames : Pointure - 4","0","455","230","0"
"1614-LAD","1131","Ladies Mukluks","7615","Mukluks pour Dames : Pointure - 5","0","455","230","0"
"1614-LAD","1131","Ladies Mukluks","7616","Mukluks pour Dames : Pointure - 6","0","455","230","0"
"1614-LAD","1131","Ladies Mukluks","7617","Mukluks pour Dames : Pointure - 7","0","455","230","0"
"1614-LAD","1131","Ladies Mukluks","7618","Mukluks pour Dames : Pointure - 9","0","455","230","0"
"1614-LAD","1131","Ladies Mukluks","7619","Mukluks pour Dames : Pointure - 10","0","455","230","0"
"1614-LAD","1131","Ladies Mukluks","7620","Mukluks pour Dames : Pointure - 11","0","455","230","0"
"1614-LAD","1131","Ladies Mukluks","7621","Mukluks pour Dames : Pointure - 12","0","455","230","0"
"SKU-54-54-541","1132","Crossbody City Bag, Bear Box","4020","Sacoche à Bandoulière, Bear Box : Couleurs - Noir chevreuil","1","185","80","0"
"SKU-54-54-541","1132","Crossbody City Bag, Bear Box","4021","Sacoche à Bandoulière, Bear Box : Couleurs - Rouge chevreuil","2","185","80","0"
"SKU-54-54-541","1132","Crossbody City Bag, Bear Box","4022","Sacoche à Bandoulière, Bear Box : Couleurs - Turquoise chevreuil","2","185","80","0"
"SKU: 54-54-350","1142","Wristlet, Raven","4058","Sacoche à Poignet, Corbeau : Couleurs - Rouge","0","56","24","0"
"SKU: 54-54-350","1142","Wristlet, Raven","4059","Sacoche à Poignet, Corbeau : Couleurs - Cerise","0","56","24","0"
"SKU: 54-54-350","1142","Wristlet, Raven","4060","Sacoche à Poignet, Corbeau : Couleurs - Turquoise","0","56","24","0"
"SKU: 54-54-350","1142","Wristlet, Raven","4061","Sacoche à Poignet, Corbeau : Couleurs - Noisette","2","56","24","0"
"SKU: 54-54-350","1142","Wristlet, Raven","4067","Sacoche à Poignet, Corbeau : Couleurs - Noir","0","56","24","0"
"SKU: 54-54-350","1142","Wristlet, Raven","4068","Sacoche à Poignet, Corbeau : Couleurs - Tan","0","56","24","0"
"SKU: 54-54-308","1143","Corrine Hunt Coin Purse, Raven","4069","Corrine Hunt Porte-Monnaie, Corbeau : Couleurs - Rouge","0","34","14.5","0"
"SKU: 54-54-308","1143","Corrine Hunt Coin Purse, Raven","4070","Corrine Hunt Porte-Monnaie, Corbeau : Couleurs - Turquoise","1","34","14.5","0"
"SKU: 54-54-308","1143","Corrine Hunt Coin Purse, Raven","4072","Corrine Hunt Porte-Monnaie, Corbeau : Couleurs - Noisette","0","34","14.5","0"
"SKU: 54-54-308","1143","Corrine Hunt Coin Purse, Raven","4075","Corrine Hunt Porte-Monnaie, Corbeau : Couleurs - Noir","1","34","14.5","0"
"SKU: 54-54-308","1143","Corrine Hunt Coin Purse, Raven","4076","Corrine Hunt Porte-Monnaie, Corbeau : Couleurs - Cerise","0","34","14.5","0"
"SKU: 54-54-308","1143","Corrine Hunt Coin Purse, Raven","4077","Corrine Hunt Porte-Monnaie, Corbeau : Couleurs - Tan","0","34","14.5","0"
"SKU: 12-12-403","1144","Polar Bear Oven Mitt","","Mitaines à Four Ours Polaire","1","18.95","8","0"
"SKU: 12-12-722","1145","Moose Oven Mitt","","Mitaines à four Orignal","1","18.95","8","0"
"SKU: 12-12-101","1146","Inuksuk Pot Holder","","Poignée de four Inuksuk","0","14.95","5.75","0"
"3020","1147","Bear Pendant","","Pendentif Ours","0","600","260","0"
"3099","1148","Bear Pendant","","Pendentif Ours","1","560","240","0"
"CC20","1151","GIFT CARD $20","","CARTE CADEAU 20$","990","20","0","0"
"SKU: 00-07-414","1158","Bill Helin Hummingbird Pendant","","Bill Helin Pendentif Colibri","1","82","25","0"
"SKU: 00-07-417","1159","Bill Helin Raven Whale Pendant","","Bill Helin Pendentif Corbeau Orque","2","82","35.5","0"
"SKU: 00-07-412","1160","Bill Helin Orca Pendant","","Bill Helin Pendentif Orque","1","82","35.5","0"
"SKU: 00-07-415","1161","Bill Helin Eagle Pendant","","Bill Helin Pendentif Aigle","1","82","35.5","0"
"SKU: 00-07-426","1162","Bill Helin Eagle Feather Earrings","","Bill Helin Boucles d'Oreille Plumes d'Aigle","2","85","37","0"
"SKU: 00-07-424","1163","Bill Helin Hummingbird Earrings","","Bill Helin Boucles d'Oreille Colibri","1","85","37","0"
"SKU: 00-06-095","1164","Eagle Serving Set - (sold separately)","4134","Ensemble de Service Aigle - (vendu séparément) : Style - Louche à fente","0","120","19.55","0"
"SKU: 00-06-095","1164","Eagle Serving Set - (sold separately)","4135","Ensemble de Service Aigle - (vendu séparément) : Style - Louche","0","120","19.55","0"
"SKU: 00-01-026","1165","Bookend Bear Frog","","Serre-livre Ours Grenouille","0","76","33","0"
"SKU: 00-04-701","1167","Cribbage Board","","Jeu de Crib","0","125","54","0"
"CC25","1170","GIFT CARD $25","","CARTE CADEAU 25$","988","25","0","0"
"CC50","1171","GIFT CARD $50","","CARTE CADEAU 50$","980","50","0","0"
"CC75","1172","GIFT CARD $75","","CARTE CADEAU 75$","993","75","0","0"
"CC100","1173","GIFT CARD $100","","CARTE CADEAU 100$","987","100","0","0"
"981485WH","1185","Ladies Mukluks","6343","Mukluks pour Dames : Pointure - 7","0","474","205.7","0"
"981485WH","1185","Ladies Mukluks","6344","Mukluks pour Dames : Pointure - 8","0","474","205.7","0"
"981485WH","1185","Ladies Mukluks","7622","Mukluks pour Dames : Pointure - 4","0","474","205.7","0"
"981485WH","1185","Ladies Mukluks","7623","Mukluks pour Dames : Pointure - 5","0","474","205.7","0"
"981485WH","1185","Ladies Mukluks","7624","Mukluks pour Dames : Pointure - 6","0","474","205.7","0"
"981485WH","1185","Ladies Mukluks","7625","Mukluks pour Dames : Pointure - 9","0","474","205.7","0"
"981485WH","1185","Ladies Mukluks","7626","Mukluks pour Dames : Pointure - 10","0","474","205.7","0"
"981485WH","1185","Ladies Mukluks","7627","Mukluks pour Dames : Pointure - 11","0","474","205.7","0"
"981485WH","1185","Ladies Mukluks","7628","Mukluks pour Dames : Pointure - 12","0","474","205.7","0"
"SKU: 00-04-324","1187","Chief Grinder Salt/Pepper/Herbs","5587","Moulins à Sel/Poivre/Herbes Chef : Couleurs - Rosewood","1","105.95","46","0"
"SKU: 00-04-324","1187","Chief Grinder Salt/Pepper/Herbs","5589","Moulins à Sel/Poivre/Herbes Chef : Couleurs - Ivoire","0","105.95","46","0"
"SKU: 00-04-324","1187","Chief Grinder Salt/Pepper/Herbs","5590","Moulins à Sel/Poivre/Herbes Chef : Couleurs - Ardoise","1","105.95","46","0"
"SKU: 00-04-330","1188","Princess Grinder Salt/Pepper/Herbs","5600","Moulins à Sel/Poivre/Herbes Princesse : Couleurs - Ivoire","1","105.95","46","0"
"SKU: 00-04-330","1188","Princess Grinder Salt/Pepper/Herbs","5601","Moulins à Sel/Poivre/Herbes Princesse : Couleurs - Ardoise","1","105.95","46","46"
"SKU: 00-04-330","1188","Princess Grinder Salt/Pepper/Herbs","5602","Moulins à Sel/Poivre/Herbes Princesse : Couleurs - Rosewood","0","105.95","46","46"
"3098","1193","Bear Pendant","","Pendentif Ours","1","460","16.5","0"
"3031","1194","Bear Pendant","","Pendentif Ours","1","440","190","0"
"3032","1195","Bear Pendant","","Pendentif Ours","1","440","190","0"
"3033","1196","Bear Pendant","","Pendentif Ours","0","440","190","0"
"3057","1197","Bear Pendant","","Pendentif Ours","0","440","190","0"
"3059","1198","Bear Pendant","","Pendentif Ours","1","440","190","0"
"3013","1199","Bear Pendant","","Pendentif Ours","0","515","220","0"
"3014","1200","Bear Pendant","","Pendentif Ours","2","480","200","0"
"3019","1201","Bear Pendant","","Pendentif Ours","0","350","16.5","0"
"3016","1202","Bear Pendant","","Pendentif Ours","1","350","150","0"
"3018","1203","Bear Pendant","","Pendentif Ours","0","350","16.5","0"
"3011","1205","Bear Pendant","","Pendentif Ours","0","485","16.5","0"
"3021","1206","Bear Pendant/Brooch","","Pendentif/Broche Ours","0","215","16.5","0"
"3071","1207","Bear Pendant","","Pendentif Ours","0","215","16.5","0"
"3043","1208","Feather Pendant","","Pendentif Plume","0","295","16.5","0"
"3044","1209","Feather Pendant","","Pendentif Plume","0","295","16.5","0"
"3049","1210","Feather Pendant","","Pendentif Plume","0","295","16.5","0"
"3041","1211","Feather Pendant","","Pendentif Plume","2","460","200","0"
"3042","1212","Feather Pendant","","Pendentif Plume","0","460","16.5","0"
"3052","1213","Feather Brooch","","Broche Plume","1","150","65","0"
"3053","1214","Feather Pendant","","Pendentif Plume","0","150","16.5","0"
"3062","1215","Feather Pendant","","Pendentif Plume","0","160","16.5","0"
"3063","1216","Feather Pendant","","Pendentif Plume","0","355","16.5","0"
"3064","1217","Feather Pendant","","Pendentif Plume","0","65","16.5","0"
"3066","1218","Feather Pendant","","Pendentif Plume","0","195","16.5","0"
"3067","1219","Feather Pendant","","Pendentif Plume","1","375","160","0"
"3068","1220","Feather Pendant","","Pendentif Plume","1","295","125","0"
"3070","1221","Feather Pendant","","Pendentif Plume","0","95","16.5","0"
"3073","1222","Feather Pendant","","Pendentif Plume","0","140","16.5","0"
"3045","1223","Feather Pendant","","Pendentif Plume","0","175","16.5","0"
"3046","1224","Feather Pendant","","Pendentif Plume","0","175","16.5","0"
"3047","1225","Feather Pendant","","Pendentif Plume","0","175","16.5","0"
"3050","1226","Feather Pendant","","Pendentif Plume","0","515","223.9","0"
"3075","1227","Pueblo Pendant","","Pendentif Pueblo","0","160","16.5","0"
"3076","1228","Pueblo Pendant","","Pendentif Pueblo","0","160","16.5","0"
"3077","1229","Pueblo Pendant","","Pendentif Pueblo","0","160","16.5","0"
"3079","1230","Pueblo Pendant","","Pendentif Pueblo","0","195","16.5","0"
"3102","1231","Pueblo Pendant","","Pendentif Pueblo","1","750","325","0"
"3072","1232","Bear Pendant","","Pendentif Ours","0","85","16.5","0"
"SKU:15-15-321","1234","Black Bear Halo Mug","","Tasse Ours Noir","0","11","4.75","0"
"SKU:12-12-408","1235","Polar Bear Halo Mug","","Tasse Ours Polaire","0","11","4.75","0"
"3085","1237","Pueblo Pendant","","Pendentif Pueblo","0","145","16.5","0"
"3088","1238","Pueblo Pendant","","Pendentif Pueblo","0","225","16.5","0"
"3090","1239","Pueblo Pendant","","Pendentif Pueblo","1","295","125","0"
"3101","1240","Sungod Pendant","","Pendentif Dieu Soleil","1","495","215","0"
"3106","1241","Sun God Brooch","","Broche Dieu Soleil","0","195","16.5","0"
"3107","1242","Sungod Pendant/Brooch","","Pendentif/Broche Dieu Soleil","0","195","16.5","0"
"3108","1243","Rectangular Pendant","","Pendentif Rectangulaire","0","135","16.5","0"
"3109","1244","Rectangular Pendant","","Pendentif Rectangulaire","0","135","16.5","0"
"3110","1245","Rectangular Pendant","","Pendentif Rectangulaire","0","135","16.5","0"
"3112","1246","Rectangular Pendant","","Pendentif Rectangulaire","1","135","55","0"
"3114","1247","Rectangular Pendant","","Pendentif Rectangulaire","0","135","16.5","0"
"3115","1248","Oval Pendant","","Pendentif Ovale","0","140","16.5","0"
"3116","1249","Triangular Pendant","","Pendentif Triangulaire","0","175","16.5","0"
"3117","1250","Tear Drop Pendant","","Pendentif Larme d'Opalite","1","195","80","0"
"3118","1251","Arrow Pendant","","Pendentif Rectangulaire","1","225","95","0"
"3119","1252","Oval Pendant","","Pendentif Ovale","0","140","16.5","0"
"3123","1253","Trapezoid Pendant","","Pendentif Triangulaire","0","325","16.5","0"
"3124","1254","Tear Drop Pendant","","Pendentif Larme de Jasper","1","325","140","0"
"3125","1255","Oval Pendant","","Pendentif Ovale","0","115","16.5","0"
"3127","1256","Triangular Pendant","","Pendentif Triangulaire","0","175","16.5","0"
"3129","1257","Infinity Pendant","","Pendentif Infinité","1","250","105","0"
"3130","1258","Triangular Pendant","","Pendentif Triangulaire","0","175","16.5","0"
"3134","1259","Square Pendant","","Pendentif Carré","0","320","16.5","0"
"3138","1260","Tear Drop Pendant","","Pendentif Larme de Turquoise","0","155","16.5","0"
"3141","1261","Triangular Pendant","","Pendentif Triangulaire","1","220","95","0"
"3142","1262","Ulu Pendant","","Pendentif Ulu","0","95","16.5","0"
"3143","1263","Tear Drop Pendant","","Pendentif Larme de Turquoise","1","210","90","0"
"3144","1264","Tear Drop Feather Pendant","","Pendentif Plume/Larme de Turquoise","0","95","16.5","0"
"3145","1265","Tear Drop Pendant","","Pendentif Larme de Turquoise","1","140","60","0"
"3146","1266","Round Pendant","","Pendentif Rond","0","145","16.5","0"
"3147","1267","Oval Pendant","","Pendentif Ovale","0","125","16.5","0"
"3148","1268","Tear Drop Pendant","","Pendentif Larme d'Huître","0","145","16.5","0"
"3150","1269","Oval Pendant","","Pendentif Ovale","0","145","16.5","0"
"3153","1270","Oval Pendant","","Pendentif Ovale","0","115","16.5","0"
"3154","1271","Square Pendant","","Pendentif Carré","0","95","16.5","0"
"3157","1272","Tear Drop Pendant","","Pendentif Larme de Lune","0","295","16.5","0"
"3155","1273","Butterfly Pendant","","Pendentif Libellule","0","275","16.5","0"
"3156","1274","Butterfly Pendant","","Pendentif Libellule","0","345","16.5","0"
"3158","1275","Tear Drop Pendant","","Pendentif Larme","1","230","100","0"
"3159","1276","Rectangular Pendant","","Pendentif Rectangulaire","0","215","16.5","0"
"3135","1277","Half Moon Pendant","","Pendentif Demi Lune","0","395","16.5","0"
"3162","1279","Feather Pendant","","Pendentif Plume","0","400","16.5","0"
"3163","1283","Horse Pendant","","Pendentif Cheval","1","685","295","0"
"3164","1284","Horse Pendant","","Pendentif Cheval","1","400","170","0"
"3165","1285","Horse Pendant","","Pendentif Cheval","0","325","16.5","0"
"3166","1286","Horse Pendant","","Pendentif Cheval","0","385","16.5","0"
"3167","1287","Horse Pendant","","Pendentif Cheval","0","385","16.5","0"
"3168","1288","Horse Pendant","","Pendentif Cheval","1","385","165","0"
"3169","1289","Horse Pendant","","Pendentif Cheval","0","385","16.5","0"
"3170","1290","Horse Pendant","","Pendentif Cheval","0","465","16.5","0"
"3171","1291","Horse Pendant","","Pendentif Cheval","0","295","16.5","0"
"3172","1292","Horse Pendant","","Pendentif Cheval","0","295","16.5","0"
"3174","1293","Horse Pendant/Brooch","","Pendentif/Broche Cheval","1","210","90","0"
"3175","1294","Horse Pendant/Brooch","","Pendentif/Broche Cheval","0","210","16.5","0"
"3177","1296","Horse Pendant","","Pendentif Cheval","0","310","16.5","0"
"3179","1297","Horse Pendant","","Pendentif Cheval","0","110","16.5","0"
"3180","1298","Gheko Pendant","","Pendentif Gheko","0","220","16.5","0"
"3184","1299","Gheko Pendant","","Pendentif Gheko","1","600","260","0"
"","1300","The gift card","","Carte cadeau","0","0","0","0"
"3186","1301","Kokopelli Pendant","","Pendentif Kokopelli","0","255","16.5","0"
"3187","1302","Kokopelli Pendant","","Pendentif Kokopelli","0","140","16.5","0"
"3190","1303","Kokopelli Pendant","","Pendentif Kokopelli","1","150","65","0"
"3191","1304","Kokopelli Pendant","","Pendentif Kokopelli","0","25","16.5","0"
"3193","1305","Kokopelli Pendant","","Pendentif Kokopelli","0","185","16.5","0"
"3194","1306","Kokopelli Pendant","","Pendentif Kokopelli","0","275","16.5","0"
"3196","1307","Kokopelli Pendant","","Pendentif Kokopelli","0","275","16.5","0"
"3200","1308","Kokopelli Pendant","","Pendentif Kokopelli","0","300","16.5","0"
"3198","1309","Kokopelli Pendant","","Pendentif Kokopelli","0","230","16.5","0"
"3199","1310","Kokopelli Pendant","","Pendentif Kokopelli","0","230","16.5","0"
"3203","1311","Kokopelli Pendant","","Pendentif Kokopelli","0","195","16.5","0"
"3207","1312","Kokopelli Pendant","","Pendentif Kokopelli","0","195","16.5","0"
"3206","1313","Kokopelli Pendant","","Pendentif Kokopelli","0","40","16.5","0"
"3210","1314","Kokopelli Pendant","","Pendentif Kokopelli","0","230","16.5","0"
"3212","1315","Kokopelli Pendant","","Pendentif Kokopelli","0","215","16.5","0"
"3214","1316","Kokopelli Pendant","","Pendentif Kokopelli","0","125","16.5","0"
"3215","1317","Bear Pendant","","Pendentif Ours","0","150","16.5","0"
"3216","1318","Pueblo Pendant","","Pendentif Pueblo","1","140","60","0"
"3217","1319","Pueblo Pendant","","Pendentif Pueblo","1","140","60","0"
"3219","1320","Vase Pendant","","Pendentif Vase","0","160","16.5","0"
"3221","1321","Vase Pendant","","Pendentif Vase","0","120","16.5","0"
"3222","1322","Wedding Vase Pendant","","Pendentif Vase de Marriage","0","120","16.5","0"
"3232","1323","Vase Pendant","","Pendentif Vase","1","160","65","0"
"3223","1324","Chief Pendant","","Pendentif Chef","1","185","80","0"
"3224","1325","Chief Pendant","","Pendentif Chef","0","85","16.5","0"
"3225","1326","Chief Pendant","","Pendentif Chef","0","85","16.5","0"
"3226","1327","Turtle Pendant","","Pendentif Tortue","0","600","16.5","0"
"3227","1328","Butterfly Pendant","","Pendentif Papillon","1","400","170","0"
"3228","1329","Butterfly Pendant","","Pendentif Papillon","0","110","16.5","0"
"3234","1330","Bear Pendant","","Pendentif Ours","0","45","16.5","0"
"3231","1331","Butterfly Pendant","","Pendentif Papillon","0","110","16.5","0"
"3244","1332","Buffalo Pendant","","Pendentif Bison","0","75","16.5","0"
"3239","1333","Buffalo Pendant/Whistle","","Pendentif/Sifflet Bison","0","195","16.5","0"
"3240","1334","Buffalo Pendant","","Pendentif Bison","0","385","16.5","0"
"3245","1335","Buffalo Pendant","","Pendentif Bison","0","65","16.5","0"
"3260","1336","Sungod Pendant","","Pendentif Dieu Soleil","1","450","195","0"
"3249","1337","Wolf Pendant","","Pendentif Loup","0","325","16.5","0"
"3252","1338","Wolf Pendant","","Pendentif Loup","0","160","16.5","0"
"3253","1339","Wolf Pendant","","Pendentif Loup","0","165","16.5","0"
"3254","1340","Wolf Pendant","","Pendentif Loup","0","85","16.5","0"
"3255","1341","Wolf Pendant","","Pendentif Loup","0","85","16.5","0"
"3261","1342","Wolf Pendant","","Pendentif Loup","0","60","16.5","0"
"3262","1343","Arrowhead Wolf Pendant","","Pendentif Pointe de Flèche et Loup","0","245","16.5","0"
"3266","1344","Arrowhead Wolf Pendant","","Pendentif Pointe de Flèche et Loup","0","115","16.5","0"
"3263","1345","Arrowhead Wolf Pendant","","Pendentif Pointe de Flèche et Loup","0","275","16.5","0"
"3267","1346","Arrowhead Wolf Pendant","","Pendentif Pointe de Flèche et Loup","0","140","16.5","0"
"3269","1347","Arrowhead Bear Pendant","","Pendentif Pointe de Flèche et Ours","0","275","16.5","0"
"3270","1348","Arrowhead Bear Pendant","","Pendentif Pointe de Flèche et Ours","0","140","16.5","0"
"3271","1349","Arrowhead Bear Pendant","","Pendentif Pointe de Flèche et Ours","0","115","16.5","0"
"3272","1350","Arrowhead Eagle Pendant","","Pendentif Pointe de Flèche et Aigle","0","115","16.5","0"
"3273","1351","Arrowhead Eagle Pendant","","Pendentif Pointe de Flèche et Aigle","0","95","16.5","0"
"3274","1352","Thunderbird Pendant","","Pendentif L'Oiseau du Tonnerre","0","140","16.5","0"
"3275","1353","Cross Pendant","","Pendentif Croix","0","175","16.5","0"
"3276","1354","Flower Pendant","","Pendentif Fleur","0","85","16.5","0"
"3278","1355","Dolphin Pendant","","Pendentif Dauphin","0","35","16.5","0"
"3282","1356","Sunburst Pendant","","Pendentif Éclosion Solaire","0","425","16.5","0"
"3284","1357","Oval Pendant","","Pendentif Ovale","1","830","360","0"
"3285","1358","Oval Pendant","","Pendentif Ovale","1","355","150","0"
"3277","1359","Wedding Brooch","","Pendentif de Marriage","0","95","16.5","0"
"3371","1361","Turtle Pendant","","Pendentif Tortue","0","650","16.5","0"
"3372","1362","Turtle Pendant","","Pendentif Tortue","0","425","16.5","0"
"3373","1363","Turtle Pendant","","Pendentif Tortue","0","465","16.5","0"
"3374","1364","Butterfly Pendant","","Pendentif Papillon","0","275","16.5","0"
"3353","1366","Bear Earrings","","Boucles d'Oreilles Ours","1","335","145","0"
"3369","1367","Tear Drop Earrings","","Boucles d'Oreilles Larme de Turquoise","0","95","25","0"
"3375","1368","Bear/Feather Earrings","","Boucles d'Oreilles Ours/Plumes","0","115","25","0"
"3376","1369","Buffalo Earrings","","Boucles d'Oreilles Bison","0","240","25","0"
"3377","1370","Buffalo Earrings","","Boucles d'Oreilles Bison","0","75","25","0"
"3378","1371","Buffalo Earrings","","Boucles d'Oreilles Bison","1","195","80","0"
"3379","1372","Turtle Earrings","","Boucles d'Oreilles Tortue","0","85","25","0"
"3380","1373","Turtle Earrings","","Boucles d'Oreilles Tortue","0","115","25","0"
"3382","1374","Turtle Earrings","","Boucles d'Oreilles Tortue","0","55","25","0"
"3383","1375","Turtle Earrings","","Boucles d'Oreilles Tortue","0","55","25","0"
"3384","1376","Turtle Earrings","","Boucles d'Oreilles Tortue","0","80","25","0"
"3385","1377","Turtle Earrings","","Boucles d'Oreilles Tortue","0","55","25","0"
"3386","1378","Turtle Earrings","","Boucles d'Oreilles Tortue","0","48","25","0"
"3387","1379","Turtle Earrings","","Boucles d'Oreilles Tortue","0","48","25","0"
"3388","1380","Turtle Earrings","","Boucles d'Oreilles Tortue","0","48","25","0"
"3389-65041","1381","Round Earrings","","Boucles d'Oreilles Cercle","0","68","28.9","0"
"3390","1382","Tear Drop Earrings","","Boucles d'Oreilles Larme de Turquoise","0","70","25","0"
"3391","1383","Sungod Earrings","","Boucles d'Oreilles Dieu du Soleil","0","105","25","0"
"3392","1384","Bear Paw Earrings","","Boucles d'Oreilles Pattes d'Ours","0","50","25","0"
"3394","1385","Bear Paw Earrings","","Boucles d'Oreilles Pattes d'Ours","0","35","25","0"
"3395","1386","Bear Paw Earrings","","Boucles d'Oreilles Pattes d'Ours","0","38","25","0"
"3396","1387","Bear Paw Earrings","","Boucles d'Oreilles Pattes d'Ours","0","38","25","0"
"3398","1388","Bear Paw Earrings","","Boucles d'Oreilles Pattes d'Ours","0","38","25","0"
"3399","1389","Bear Paw Earrings","","Boucles d'Oreilles Pattes d'Ours","0","38","25","0"
"3397","1390","Butterfly Earrings","","Boucles d'Oreilles Papillon","0","125","25","0"
"3400","1391","Floral Earrings","","Boucles d'Oreilles Florale","0","70","25","0"
"3401","1392","Seahorse Earrings","","Boucles d'Oreilles Hippocampe","0","115","25","0"
"3402-64607","1393","Starfish Earrings","","Boucles d'Oreilles Étoiles de Mer","0","35","14.69","0"
"3403","1394","Oval Earrings","","Boucles d'Oreilles Ovale","0","115","25","0"
"3404","1395","Bird Earrings","","Boucles d'Oreilles Oiseau","0","145","25","0"
"3405","1396","Wolf Earrings","","Boucles d'Oreilles Loup","1","140","60","0"
"3406","1397","Dream Catcher/Feather Earrings","","Boucles d'Oreilles Capteur de Rêves/Plume","0","25","25","0"
"3407","1398","Horse Earrings","","Boucles d'Oreilles Cheval","1","195","80","0"
"3408","1399","Gheko Earrings","","Boucles d'Oreilles Gheko","0","195","25","0"
"3409","1400","Gheko Earrings","","Boucles d'Oreilles Gheko","0","195","25","0"
"3410","1401","Heart Earrings","","Boucles d'Oreilles Coeur","0","55","25","0"
"3411","1402","Round Earrings","","Boucles d'Oreilles Cercle","0","55","25","0"
"5100-0700-27-7710SM","1403","Suede Moccasins for Men","6123","Mocassins en Suède pour Hommes : Pointure - 6","0","99.95","43.4","0"
"5100-0700-27-7710SM","1403","Suede Moccasins for Men","6124","Mocassins en Suède pour Hommes : Pointure - 7","0","99.95","43.4","0"
"5100-0700-27-7710SM","1403","Suede Moccasins for Men","6125","Mocassins en Suède pour Hommes : Pointure - 8","0","99.95","43.4","0"
"5100-0700-27-7710SM","1403","Suede Moccasins for Men","6126","Mocassins en Suède pour Hommes : Pointure - 9","0","99.95","43.4","0"
"5100-0700-27-7710SM","1403","Suede Moccasins for Men","6127","Mocassins en Suède pour Hommes : Pointure - 10","0","99.95","43.4","0"
"5100-0700-27-7710SM","1403","Suede Moccasins for Men","6128","Mocassins en Suède pour Hommes : Pointure - 11","0","99.95","43.4","0"
"5100-0700-27-7710SM","1403","Suede Moccasins for Men","6129","Mocassins en Suède pour Hommes : Pointure - 12","0","99.95","43.4","0"
"5100-0700-27-7710SM","1403","Suede Moccasins for Men","6130","Mocassins en Suède pour Hommes : Pointure - 13","0","99.95","43.4","0"
"5100-0700-27-7710SM","1403","Suede Moccasins for Men","6131","Mocassins en Suède pour Hommes : Pointure - 14","0","99.95","43.4","0"
"5100-0700-27-7710SM","1403","Suede Moccasins for Men","6132","Mocassins en Suède pour Hommes : Pointure - 15","0","99.95","43.4","0"
"9013-0481-85-1904485DT","1404","Ladies Mukluks","6017","Mukluks pour Dames : Pointure - 8","0","360","156.9","0"
"9013-0481-85-1904485DT","1404","Ladies Mukluks","7606","Mukluks pour Dames : Pointure - 4","0","360","156.9","0"
"9013-0481-85-1904485DT","1404","Ladies Mukluks","7607","Mukluks pour Dames : Pointure - 5","0","360","156.9","0"
"9013-0481-85-1904485DT","1404","Ladies Mukluks","7608","Mukluks pour Dames : Pointure - 6","0","360","156.9","0"
"9013-0481-85-1904485DT","1404","Ladies Mukluks","7609","Mukluks pour Dames : Pointure - 7","0","360","156.9","0"
"9013-0481-85-1904485DT","1404","Ladies Mukluks","7610","Mukluks pour Dames : Pointure - 9","0","360","156.9","0"
"9013-0481-85-1904485DT","1404","Ladies Mukluks","7611","Mukluks pour Dames : Pointure - 10","0","360","156.9","0"
"9013-0481-85-1904485DT","1404","Ladies Mukluks","7612","Mukluks pour Dames : Pointure - 11","0","360","156.9","0"
"9013-0481-85-1904485DT","1404","Ladies Mukluks","7613","Mukluks pour Dames : Pointure - 12","0","360","156.9","0"
"5000-0000-27-11563DT","1405","Leather Moccasins for Men","6133","Mocassins en Cuir pour Hommes : Pointure - 6","0","140","60.7","0"
"5000-0000-27-11563DT","1405","Leather Moccasins for Men","6134","Mocassins en Cuir pour Hommes : Pointure - 7","0","140","60.7","0"
"5000-0000-27-11563DT","1405","Leather Moccasins for Men","6135","Mocassins en Cuir pour Hommes : Pointure - 8","0","140","60.7","0"
"5000-0000-27-11563DT","1405","Leather Moccasins for Men","6136","Mocassins en Cuir pour Hommes : Pointure - 9","0","140","60.7","0"
"5000-0000-27-11563DT","1405","Leather Moccasins for Men","6137","Mocassins en Cuir pour Hommes : Pointure - 10","0","140","60.7","0"
"5000-0000-27-11563DT","1405","Leather Moccasins for Men","6138","Mocassins en Cuir pour Hommes : Pointure - 11","0","140","60.7","0"
"5000-0000-27-11563DT","1405","Leather Moccasins for Men","6139","Mocassins en Cuir pour Hommes : Pointure - 12","0","140","60.7","0"
"5000-0000-27-11563DT","1405","Leather Moccasins for Men","6140","Mocassins en Cuir pour Hommes : Pointure - 13","0","140","60.7","0"
"5000-0000-27-11563DT","1405","Leather Moccasins for Men","6141","Mocassins en Cuir pour Hommes : Pointure - 14","0","140","60.7","0"
"5000-0000-27-11563DT","1405","Leather Moccasins for Men","6142","Mocassins en Cuir pour Hommes : Pointure - 15","0","140","60.7","0"
"5000-0000-27-11563BL","1406","Leather Moccasins for Men","6143","Mocassins en Cuir pour Hommes : Pointure - 6","0","140","60.7","53"
"5000-0000-27-11563BL","1406","Leather Moccasins for Men","6144","Mocassins en Cuir pour Hommes : Pointure - 7","0","140","60.7","53"
"5000-0000-27-11563BL","1406","Leather Moccasins for Men","6145","Mocassins en Cuir pour Hommes : Pointure - 8","0","140","60.7","53"
"5000-0000-27-11563BL","1406","Leather Moccasins for Men","6146","Mocassins en Cuir pour Hommes : Pointure - 9","0","140","60.7","53"
"5000-0000-27-11563BL","1406","Leather Moccasins for Men","6147","Mocassins en Cuir pour Hommes : Pointure - 10","0","140","60.7","53"
"5000-0000-27-11563BL","1406","Leather Moccasins for Men","6148","Mocassins en Cuir pour Hommes : Pointure - 11","0","140","60.7","53"
"5000-0000-27-11563BL","1406","Leather Moccasins for Men","6149","Mocassins en Cuir pour Hommes : Pointure - 12","0","140","60.7","53"
"5000-0000-27-11563BL","1406","Leather Moccasins for Men","6150","Mocassins en Cuir pour Hommes : Pointure - 13","0","140","60.7","53"
"5000-0000-27-11563BL","1406","Leather Moccasins for Men","6151","Mocassins en Cuir pour Hommes : Pointure - 14","0","140","60.7","57"
"5000-0000-27-11563BL","1406","Leather Moccasins for Men","6152","Mocassins en Cuir pour Hommes : Pointure - 15","0","140","60.7","57"
"5000-0400-00-2479DT","1407","Leather Moccasins for Men","6158","Mocassins en Cuir pour Hommes : Pointure - 11","0","106","45.9","0"
"5000-0400-00-2479DT","1407","Leather Moccasins for Men","7306","Mocassins en Cuir pour Hommes : Pointure - 12","0","106","45.9","0"
"5000-0400-00-2479DT","1407","Leather Moccasins for Men","7307","Mocassins en Cuir pour Hommes : Pointure - 13","0","106","45.9","0"
"5000-0400-00-2479DT","1407","Leather Moccasins for Men","7308","Mocassins en Cuir pour Hommes : Pointure - 14","0","106","45.9","0"
"5000-0400-00-2479DT","1407","Leather Moccasins for Men","7309","Mocassins en Cuir pour Hommes : Pointure - 15","0","106","45.9","0"
"5000-0400-00-2479DT","1407","Leather Moccasins for Men","7310","Mocassins en Cuir pour Hommes : Pointure - 6","0","106","45.9","0"
"5000-0400-00-2479DT","1407","Leather Moccasins for Men","7311","Mocassins en Cuir pour Hommes : Pointure - 7","0","106","45.9","0"
"5000-0400-00-2479DT","1407","Leather Moccasins for Men","7312","Mocassins en Cuir pour Hommes : Pointure - 8","0","106","45.9","0"
"5000-0400-00-2479DT","1407","Leather Moccasins for Men","7313","Mocassins en Cuir pour Hommes : Pointure - 9","0","106","45.9","0"
"5000-0400-00-2479DT","1407","Leather Moccasins for Men","7314","Mocassins en Cuir pour Hommes : Pointure - 10","0","106","45.9","0"
"5000-0800-17-7055RK","1408","Leather Moccasins for Men","6166","Mocassins en Cuir pour Hommes : Pointure - 9","1","143","0","62"
"5000-0800-17-7055RK","1408","Leather Moccasins for Men","6167","Mocassins en Cuir pour Hommes : Pointure - 10","2","143","0","62"
"5000-0800-17-7055RK","1408","Leather Moccasins for Men","6169","Mocassins en Cuir pour Hommes : Pointure - 12","1","143","0","62"
"5000-0800-17-7055RK","1408","Leather Moccasins for Men","7315","Mocassins en Cuir pour Hommes : Pointure - 6","0","143","0","62"
"5000-0800-17-7055RK","1408","Leather Moccasins for Men","7316","Mocassins en Cuir pour Hommes : Pointure - 7","0","143","0","62"
"5000-0800-17-7055RK","1408","Leather Moccasins for Men","7317","Mocassins en Cuir pour Hommes : Pointure - 8","0","143","0","62"
"5000-0800-17-7055RK","1408","Leather Moccasins for Men","7318","Mocassins en Cuir pour Hommes : Pointure - 11","1","143","0","62"
"5000-0800-17-7055RK","1408","Leather Moccasins for Men","7319","Mocassins en Cuir pour Hommes : Pointure - 13","0","143","0","62"
"5000-0800-17-7055RK","1408","Leather Moccasins for Men","7320","Mocassins en Cuir pour Hommes : Pointure - 14","0","143","0","62"
"5000-0800-17-7055RK","1408","Leather Moccasins for Men","7321","Mocassins en Cuir pour Hommes : Pointure - 15","0","143","0","62"
"5100-0400-27-7709MO","1409","Suede Moccasins for Men","6171","Mocassins en Suède pour Hommes : Pointure - 6","0","98","42","82"
"5100-0400-27-7709MO","1409","Suede Moccasins for Men","6172","Mocassins en Suède pour Hommes : Pointure - 7","0","98","42","82"
"5100-0400-27-7709MO","1409","Suede Moccasins for Men","6173","Mocassins en Suède pour Hommes : Pointure - 8","0","98","42","82"
"5100-0400-27-7709MO","1409","Suede Moccasins for Men","6174","Mocassins en Suède pour Hommes : Pointure - 9","0","98","42","82"
"5100-0400-27-7709MO","1409","Suede Moccasins for Men","6175","Mocassins en Suède pour Hommes : Pointure - 10","0","98","42","82"
"5100-0400-27-7709MO","1409","Suede Moccasins for Men","6176","Mocassins en Suède pour Hommes : Pointure - 11","0","98","42","82"
"5100-0400-27-7709MO","1409","Suede Moccasins for Men","6177","Mocassins en Suède pour Hommes : Pointure - 12","0","98","42","82"
"5100-0400-27-7709MO","1409","Suede Moccasins for Men","6178","Mocassins en Suède pour Hommes : Pointure - 13","0","98","42","82"
"5100-0400-27-7709MO","1409","Suede Moccasins for Men","6179","Mocassins en Suède pour Hommes : Pointure - 14","0","98","42","82"
"5100-0400-27-7709MO","1409","Suede Moccasins for Men","6180","Mocassins en Suède pour Hommes : Pointure - 15","0","98","42","82"
"5000-0800-17-7055BL","1410","Leather Moccasins for Men","6181","Mocassins en Cuir pour Hommes : Pointure - 6","0","143","62","0"
"5000-0800-17-7055BL","1410","Leather Moccasins for Men","6182","Mocassins en Cuir pour Hommes : Pointure - 7","0","143","62","0"
"5000-0800-17-7055BL","1410","Leather Moccasins for Men","6183","Mocassins en Cuir pour Hommes : Pointure - 8","0","143","62","0"
"5000-0800-17-7055BL","1410","Leather Moccasins for Men","6184","Mocassins en Cuir pour Hommes : Pointure - 9","0","143","62","0"
"5000-0800-17-7055BL","1410","Leather Moccasins for Men","6185","Mocassins en Cuir pour Hommes : Pointure - 10","0","143","62","0"
"5000-0800-17-7055BL","1410","Leather Moccasins for Men","6186","Mocassins en Cuir pour Hommes : Pointure - 11","0","143","62","0"
"5000-0800-17-7055BL","1410","Leather Moccasins for Men","6187","Mocassins en Cuir pour Hommes : Pointure - 12","1","143","62","0"
"5000-0800-17-7055BL","1410","Leather Moccasins for Men","6188","Mocassins en Cuir pour Hommes : Pointure - 13","0","143","62","0"
"5000-0800-17-7055BL","1410","Leather Moccasins for Men","7322","Mocassins en Cuir pour Hommes : Pointure - 14","0","143","62","0"
"5000-0800-17-7055BL","1410","Leather Moccasins for Men","7323","Mocassins en Cuir pour Hommes : Pointure - 15","0","143","62","0"
"5100-0000-41-3107CK","1411","Leather Moccasins for Men","6087","Mocassins en Cuir pour Hommes : Pointure - 12","0","109","47.2","0"
"5100-0000-41-3107CK","1411","Leather Moccasins for Men","6088","Mocassins en Cuir pour Hommes : Pointure - 13","0","109","47.2","0"
"5100-0000-41-3107CK","1411","Leather Moccasins for Men","6089","Mocassins en Cuir pour Hommes : Pointure - 14","0","109","47.2","0"
"5100-0000-41-3107CK","1411","Leather Moccasins for Men","7324","Mocassins en Cuir pour Hommes : Pointure - 6","0","109","47.2","0"
"5100-0000-41-3107CK","1411","Leather Moccasins for Men","7325","Mocassins en Cuir pour Hommes : Pointure - 7","0","109","47.2","0"
"5100-0000-41-3107CK","1411","Leather Moccasins for Men","7326","Mocassins en Cuir pour Hommes : Pointure - 8","0","109","47.2","0"
"5100-0000-41-3107CK","1411","Leather Moccasins for Men","7327","Mocassins en Cuir pour Hommes : Pointure - 9","0","109","47.2","0"
"5100-0000-41-3107CK","1411","Leather Moccasins for Men","7328","Mocassins en Cuir pour Hommes : Pointure - 10","0","109","47.2","0"
"5100-0000-41-3107CK","1411","Leather Moccasins for Men","7329","Mocassins en Cuir pour Hommes : Pointure - 15","0","109","47.2","0"
"5100-0000-41-3107CK","1411","Leather Moccasins for Men","10507","Mocassins en Cuir pour Hommes : Pointure - 11","0","109","47.2","0"
"5000-0400-00-749DKT","1412","Suede Moccasins for Men","6093","Mocassins en Suède pour Hommes : Pointure - 7","0","85","36.7","35"
"5000-0400-00-749DKT","1412","Suede Moccasins for Men","6094","Mocassins en Suède pour Hommes : Pointure - 8","0","85","36.7","35"
"5000-0400-00-749DKT","1412","Suede Moccasins for Men","6095","Mocassins en Suède pour Hommes : Pointure - 9","0","85","36.7","35"
"5000-0400-00-749DKT","1412","Suede Moccasins for Men","6096","Mocassins en Suède pour Hommes : Pointure - 10","0","85","36.7","35"
"5000-0400-00-749DKT","1412","Suede Moccasins for Men","6097","Mocassins en Suède pour Hommes : Pointure - 11","0","85","36.7","35"
"5000-0400-00-749DKT","1412","Suede Moccasins for Men","6098","Mocassins en Suède pour Hommes : Pointure - 12","0","85","36.7","35"
"5000-0400-00-749DKT","1412","Suede Moccasins for Men","6099","Mocassins en Suède pour Hommes : Pointure - 13","0","85","36.7","35"
"5000-0400-00-749DKT","1412","Suede Moccasins for Men","6100","Mocassins en Suède pour Hommes : Pointure - 14","0","85","36.7","39"
"5000-0400-00-749DKT","1412","Suede Moccasins for Men","6101","Mocassins en Suède pour Hommes : Pointure - 15","0","85","36.7","39"
"5000-0400-00-749DKT","1412","Suede Moccasins for Men","6102","Mocassins en Suède pour Hommes : Pointure - 6","0","85","36.7","35"
"5000-0500-41-2474DT","1413","Leather Moccasins for Men","6110","Mocassins en Cuir pour Hommes : Pointure - 14","0","148","64","152"
"5000-0500-41-2474DT","1413","Leather Moccasins for Men","7330","Mocassins en Cuir pour Hommes : Pointure - 12","0","148","64","0"
"5000-0500-41-2474DT","1413","Leather Moccasins for Men","7331","Mocassins en Cuir pour Hommes : Pointure - 13","0","148","64","0"
"5000-0500-41-2474DT","1413","Leather Moccasins for Men","7332","Mocassins en Cuir pour Hommes : Pointure - 15","0","148","64","0"
"5000-0500-41-2474DT","1413","Leather Moccasins for Men","7333","Mocassins en Cuir pour Hommes : Pointure - 6","0","148","64","0"
"5000-0500-41-2474DT","1413","Leather Moccasins for Men","7334","Mocassins en Cuir pour Hommes : Pointure - 7","0","148","64","0"
"5000-0500-41-2474DT","1413","Leather Moccasins for Men","7335","Mocassins en Cuir pour Hommes : Pointure - 8","0","148","64","0"
"5000-0500-41-2474DT","1413","Leather Moccasins for Men","7336","Mocassins en Cuir pour Hommes : Pointure - 9","0","148","64","0"
"5000-0500-41-2474DT","1413","Leather Moccasins for Men","7337","Mocassins en Cuir pour Hommes : Pointure - 10","0","148","64","0"
"5000-0500-41-2474DT","1413","Leather Moccasins for Men","7338","Mocassins en Cuir pour Hommes : Pointure - 11","0","148","64","0"
"6080-0400-41IND-648","1414","Suede Slippers for Men","6190","Pantoufles Suède pour Hommes : Pointure - 7","0","125","54.3","0"
"6080-0400-41IND-648","1414","Suede Slippers for Men","6191","Pantoufles Suède pour Hommes : Pointure - 8","0","125","54.3","0"
"6080-0400-41IND-648","1414","Suede Slippers for Men","6193","Pantoufles Suède pour Hommes : Pointure - 10","2","125","54.3","0"
"6080-0400-41IND-648","1414","Suede Slippers for Men","6196","Pantoufles Suède pour Hommes : Pointure - 13","2","125","54.3","0"
"6080-0400-41IND-648","1414","Suede Slippers for Men","7339","Pantoufles Suède pour Hommes : Pointure - 6","0","125","54.3","0"
"6080-0400-41IND-648","1414","Suede Slippers for Men","7340","Pantoufles Suède pour Hommes : Pointure - 9","1","125","54.3","0"
"6080-0400-41IND-648","1414","Suede Slippers for Men","7341","Pantoufles Suède pour Hommes : Pointure - 11","2","125","54.3","0"
"6080-0400-41IND-648","1414","Suede Slippers for Men","7342","Pantoufles Suède pour Hommes : Pointure - 12","2","125","54.3","0"
"6080-0400-41IND-648","1414","Suede Slippers for Men","7343","Pantoufles Suède pour Hommes : Pointure - 14","0","125","54.3","0"
"6080-0400-41IND-648","1414","Suede Slippers for Men","7344","Pantoufles Suède pour Hommes : Pointure - 15","0","125","54.3","0"
"3286","1415","Tear Drop Pendant","","Pendentif Larme de Charoite","1","260","110","0"
"5125-0800-00-160GR","1416","Ladies Suede Moccasins","6207","Mocassins en Suède pour Dames : Pointure - 4","0","68","29.4","0"
"5125-0800-00-160GR","1416","Ladies Suede Moccasins","6208","Mocassins en Suède pour Dames : Pointure - 5","0","68","29.4","0"
"5125-0800-00-160GR","1416","Ladies Suede Moccasins","6209","Mocassins en Suède pour Dames : Pointure - 6","0","68","29.4","0"
"5125-0800-00-160GR","1416","Ladies Suede Moccasins","6210","Mocassins en Suède pour Dames : Pointure - 7","0","68","29.4","0"
"5125-0800-00-160GR","1416","Ladies Suede Moccasins","6211","Mocassins en Suède pour Dames : Pointure - 8","0","68","29.4","0"
"5125-0800-00-160GR","1416","Ladies Suede Moccasins","6212","Mocassins en Suède pour Dames : Pointure - 9","0","68","29.4","0"
"5125-0800-00-160GR","1416","Ladies Suede Moccasins","6213","Mocassins en Suède pour Dames : Pointure - 10","0","68","29.4","0"
"5000-0400-00-748IND","1417","Ladies Suede Moccasins","6228","Mocassins en Suède pour Dames : Pointure - 4","0","75","32.4","0"
"5000-0400-00-748IND","1417","Ladies Suede Moccasins","6229","Mocassins en Suède pour Dames : Pointure - 5","1","75","32.4","0"
"5000-0400-00-748IND","1417","Ladies Suede Moccasins","6230","Mocassins en Suède pour Dames : Pointure - 6","0","75","32.4","0"
"5000-0400-00-748IND","1417","Ladies Suede Moccasins","6233","Mocassins en Suède pour Dames : Pointure - 9","0","75","32.4","0"
"5000-0400-00-748IND","1417","Ladies Suede Moccasins","6236","Mocassins en Suède pour Dames : Pointure - 12","0","75","32.4","0"
"5000-0400-00-748IND","1417","Ladies Suede Moccasins","7345","Mocassins en Suède pour Dames : Pointure - 7","0","75","32.4","0"
"5000-0400-00-748IND","1417","Ladies Suede Moccasins","7346","Mocassins en Suède pour Dames : Pointure - 8","0","75","32.4","0"
"5000-0400-00-748IND","1417","Ladies Suede Moccasins","7347","Mocassins en Suède pour Dames : Pointure - 10","0","75","32.4","0"
"5000-0400-00-748IND","1417","Ladies Suede Moccasins","7348","Mocassins en Suède pour Dames : Pointure - 11","0","75","32.4","0"
"5000-0408-00-2479NA","1418","Ladies Leather Moccasins","6249","Mocassins en Cuir pour Dames : Pointure - 7","0","98","42.5","0"
"5000-0408-00-2479NA","1418","Ladies Leather Moccasins","6320","Mocassins en Cuir pour Dames : Pointure - 11","0","98","42.5","0"
"5000-0408-00-2479NA","1418","Ladies Leather Moccasins","7349","Mocassins en Cuir pour Dames : Pointure - 4","0","98","42.5","0"
"5000-0408-00-2479NA","1418","Ladies Leather Moccasins","7350","Mocassins en Cuir pour Dames : Pointure - 5","0","98","42.5","0"
"5000-0408-00-2479NA","1418","Ladies Leather Moccasins","7351","Mocassins en Cuir pour Dames : Pointure - 6","0","98","42.5","0"
"5000-0408-00-2479NA","1418","Ladies Leather Moccasins","7352","Mocassins en Cuir pour Dames : Pointure - 8","0","98","42.5","0"
"5000-0408-00-2479NA","1418","Ladies Leather Moccasins","7353","Mocassins en Cuir pour Dames : Pointure - 9","0","98","42.5","0"
"5000-0408-00-2479NA","1418","Ladies Leather Moccasins","7354","Mocassins en Cuir pour Dames : Pointure - 10","0","98","42.5","0"
"5000-0408-00-2479NA","1418","Ladies Leather Moccasins","7355","Mocassins en Cuir pour Dames : Pointure - 12","0","98","42.5","0"
"5000-0008-27-7463NA","1419","Ladies Leather Moccasins","6260","Mocassins en Cuir pour Dames : Pointure - 4","0","136","59.1","0"
"5000-0008-27-7463NA","1419","Ladies Leather Moccasins","6261","Mocassins en Cuir pour Dames : Pointure - 5","0","136","59.1","0"
"5000-0008-27-7463NA","1419","Ladies Leather Moccasins","6262","Mocassins en Cuir pour Dames : Pointure - 6","0","136","59.1","0"
"5000-0008-27-7463NA","1419","Ladies Leather Moccasins","6263","Mocassins en Cuir pour Dames : Pointure - 7","0","136","59.1","0"
"5000-0008-27-7463NA","1419","Ladies Leather Moccasins","6264","Mocassins en Cuir pour Dames : Pointure - 8","0","136","59.1","0"
"5000-0008-27-7463NA","1419","Ladies Leather Moccasins","6265","Mocassins en Cuir pour Dames : Pointure - 9","0","136","59.1","0"
"5000-0008-27-7463NA","1419","Ladies Leather Moccasins","6266","Mocassins en Cuir pour Dames : Pointure - 10","0","136","59.1","0"
"5000-0008-16-7456NA","1420","Ladies Leather Moccasins","6279","Mocassins en Cuir pour Dames : Pointure - 9","0","129","55.9","0"
"5000-0008-16-7456NA","1420","Ladies Leather Moccasins","7356","Mocassins en Cuir pour Dames : Pointure - 4","0","129","55.9","0"
"5000-0008-16-7456NA","1420","Ladies Leather Moccasins","7357","Mocassins en Cuir pour Dames : Pointure - 5","0","129","55.9","0"
"5000-0008-16-7456NA","1420","Ladies Leather Moccasins","7358","Mocassins en Cuir pour Dames : Pointure - 6","0","129","55.9","0"
"5000-0008-16-7456NA","1420","Ladies Leather Moccasins","7359","Mocassins en Cuir pour Dames : Pointure - 7","0","129","55.9","0"
"5000-0008-16-7456NA","1420","Ladies Leather Moccasins","7360","Mocassins en Cuir pour Dames : Pointure - 8","0","129","55.9","0"
"5000-0008-16-7456NA","1420","Ladies Leather Moccasins","7361","Mocassins en Cuir pour Dames : Pointure - 10","0","129","55.9","0"
"5000-0008-16-7456NA","1420","Ladies Leather Moccasins","7362","Mocassins en Cuir pour Dames : Pointure - 11","0","129","55.9","0"
"5000-0008-16-7456NA","1420","Ladies Leather Moccasins","7363","Mocassins en Cuir pour Dames : Pointure - 12","0","129","55.9","0"
"5000-0008-1-8536MO","1421","Ladies Suede Moccasins","6295","Mocassins en Suède pour Dames : Pointure - 11","1","94","40.6","0"
"5000-0008-1-8536MO","1421","Ladies Suede Moccasins","6296","Mocassins en Suède pour Dames : Pointure - 12","0","94","40.6","0"
"5000-0008-1-8536MO","1421","Ladies Suede Moccasins","7364","Mocassins en Suède pour Dames : Pointure - 4","0","94","40.6","0"
"5000-0008-1-8536MO","1421","Ladies Suede Moccasins","7365","Mocassins en Suède pour Dames : Pointure - 5","0","94","40.6","0"
"5000-0008-1-8536MO","1421","Ladies Suede Moccasins","7366","Mocassins en Suède pour Dames : Pointure - 6","0","94","40.6","0"
"5000-0008-1-8536MO","1421","Ladies Suede Moccasins","7367","Mocassins en Suède pour Dames : Pointure - 7","0","94","40.6","0"
"5000-0008-1-8536MO","1421","Ladies Suede Moccasins","7368","Mocassins en Suède pour Dames : Pointure - 8","0","94","40.6","0"
"5000-0008-1-8536MO","1421","Ladies Suede Moccasins","7369","Mocassins en Suède pour Dames : Pointure - 9","0","94","40.6","0"
"5000-0008-1-8536MO","1421","Ladies Suede Moccasins","7370","Mocassins en Suède pour Dames : Pointure - 10","0","94","40.6","0"
"5076-0500-36-KB841","1422","Ladies Leather Moccasins","6304","Mocassins en Cuir pour Dames : Pointure - 4","0","136","59","0"
"5076-0500-36-KB841","1422","Ladies Leather Moccasins","6305","Mocassins en Cuir pour Dames : Pointure - 5","0","136","59","0"
"5076-0500-36-KB841","1422","Ladies Leather Moccasins","6306","Mocassins en Cuir pour Dames : Pointure - 6","0","136","59","0"
"5076-0500-36-KB841","1422","Ladies Leather Moccasins","6307","Mocassins en Cuir pour Dames : Pointure - 7","0","136","59","0"
"5076-0500-36-KB841","1422","Ladies Leather Moccasins","6308","Mocassins en Cuir pour Dames : Pointure - 8","0","136","59","0"
"5076-0500-36-KB841","1422","Ladies Leather Moccasins","6309","Mocassins en Cuir pour Dames : Pointure - 9","0","136","59","0"
"5076-0500-36-KB841","1422","Ladies Leather Moccasins","6310","Mocassins en Cuir pour Dames : Pointure - 10","0","136","59","0"
"986442WH","1425","Ladies Mukluks","6363","Mukluks pour Dames : Pointure - 9","0","435","188.7","0"
"986442WH","1425","Ladies Mukluks","7629","Mukluks pour Dames : Pointure - 4","0","435","188.7","0"
"986442WH","1425","Ladies Mukluks","7630","Mukluks pour Dames : Pointure - 5","0","435","188.7","0"
"986442WH","1425","Ladies Mukluks","7631","Mukluks pour Dames : Pointure - 6","0","435","188.7","0"
"986442WH","1425","Ladies Mukluks","7632","Mukluks pour Dames : Pointure - 7","0","435","188.7","0"
"986442WH","1425","Ladies Mukluks","7633","Mukluks pour Dames : Pointure - 8","0","435","188.7","0"
"986442WH","1425","Ladies Mukluks","7634","Mukluks pour Dames : Pointure - 10","0","435","188.7","0"
"986442WH","1425","Ladies Mukluks","7635","Mukluks pour Dames : Pointure - 11","0","435","188.7","0"
"986442WH","1425","Ladies Mukluks","7636","Mukluks pour Dames : Pointure - 12","0","435","188.7","0"
"989","1426","Suede Moccasins for Men","6379","Mocassins en Suède pour Hommes : Pointure - 8","2","109","59","0"
"989","1426","Suede Moccasins for Men","6380","Mocassins en Suède pour Hommes : Pointure - 9","0","109","59","0"
"989","1426","Suede Moccasins for Men","7371","Mocassins en Suède pour Hommes : Pointure - 4","0","109","59","0"
"989","1426","Suede Moccasins for Men","7372","Mocassins en Suède pour Hommes : Pointure - 5","0","109","59","0"
"989","1426","Suede Moccasins for Men","7373","Mocassins en Suède pour Hommes : Pointure - 6","0","109","59","0"
"989","1426","Suede Moccasins for Men","7374","Mocassins en Suède pour Hommes : Pointure - 7","0","109","59","0"
"989","1426","Suede Moccasins for Men","7375","Mocassins en Suède pour Hommes : Pointure - 10","0","109","59","0"
"989","1426","Suede Moccasins for Men","7532","Mocassins en Suède pour Hommes : Pointure - 11","1","109","59","0"
"989","1426","Suede Moccasins for Men","7533","Mocassins en Suède pour Hommes : Pointure - 12","0","109","59","0"
"989","1426","Suede Moccasins for Men","7534","Mocassins en Suède pour Hommes : Pointure - 13","0","109","59","0"
"1973","1427","Suede Moccasins for Men","6398","Mocassins en Suède pour Hommes : Pointure - 7","0","110","47.5","0"
"1973","1427","Suede Moccasins for Men","7376","Mocassins en Suède pour Hommes : Pointure - 6","0","110","47.5","0"
"1973","1427","Suede Moccasins for Men","7377","Mocassins en Suède pour Hommes : Pointure - 8","0","110","47.5","0"
"1973","1427","Suede Moccasins for Men","7378","Mocassins en Suède pour Hommes : Pointure - 9","0","110","47.5","0"
"1973","1427","Suede Moccasins for Men","7379","Mocassins en Suède pour Hommes : Pointure - 10","0","110","47.5","0"
"1973","1427","Suede Moccasins for Men","7380","Mocassins en Suède pour Hommes : Pointure - 11","0","110","47.5","0"
"1973","1427","Suede Moccasins for Men","7381","Mocassins en Suède pour Hommes : Pointure - 12","0","110","47.5","0"
"1973","1427","Suede Moccasins for Men","7382","Mocassins en Suède pour Hommes : Pointure - 13","0","110","47.5","0"
"1973","1427","Suede Moccasins for Men","7383","Mocassins en Suède pour Hommes : Pointure - 14","0","110","47.5","0"
"1973","1427","Suede Moccasins for Men","7384","Mocassins en Suède pour Hommes : Pointure - 15","0","110","47.5","0"
"5000-0400-00-749BL","1428","Ladies Suede Moccasins","6417","Mocassins en Suède pour Dames : Pointure - 4","0","85","36.7","0"
"5000-0400-00-749BL","1428","Ladies Suede Moccasins","6418","Mocassins en Suède pour Dames : Pointure - 5","0","85","36.7","0"
"5000-0400-00-749BL","1428","Ladies Suede Moccasins","6419","Mocassins en Suède pour Dames : Pointure - 6","0","85","36.7","0"
"5000-0400-00-749BL","1428","Ladies Suede Moccasins","6420","Mocassins en Suède pour Dames : Pointure - 7","0","85","36.7","0"
"5000-0400-00-749BL","1428","Ladies Suede Moccasins","6421","Mocassins en Suède pour Dames : Pointure - 8","0","85","36.7","0"
"5000-0400-00-749BL","1428","Ladies Suede Moccasins","6422","Mocassins en Suède pour Dames : Pointure - 9","0","85","36.7","0"
"5000-0400-00-749BL","1428","Ladies Suede Moccasins","6423","Mocassins en Suède pour Dames : Pointure - 10","0","85","36.7","0"
"5000-0400-00-749BL","1428","Ladies Suede Moccasins","6424","Mocassins en Suède pour Dames : Pointure - 11","1","85","36.7","0"
"5000-0400-00-749BL","1428","Ladies Suede Moccasins","6425","Mocassins en Suède pour Dames : Pointure - 12","0","85","36.7","0"
"9813-0408-47-986447WH","1429","Ladies Mukluks","6435","Mukluks pour Dames : Pointure - 4","0","467","188.6","0"
"9813-0408-47-986447WH","1429","Ladies Mukluks","6436","Mukluks pour Dames : Pointure - 5","0","467","188.6","0"
"9813-0408-47-986447WH","1429","Ladies Mukluks","6437","Mukluks pour Dames : Pointure - 6","0","467","188.6","0"
"9813-0408-47-986447WH","1429","Ladies Mukluks","6438","Mukluks pour Dames : Pointure - 7","1","467","188.6","0"
"9813-0408-47-986447WH","1429","Ladies Mukluks","6439","Mukluks pour Dames : Pointure - 8","0","467","188.6","0"
"9813-0408-47-986447WH","1429","Ladies Mukluks","6440","Mukluks pour Dames : Pointure - 9","0","467","188.6","0"
"9813-0408-47-986447WH","1429","Ladies Mukluks","6441","Mukluks pour Dames : Pointure - 10","0","467","188.6","0"
"9813-0408-47-986447WH","1429","Ladies Mukluks","6442","Mukluks pour Dames : Pointure - 11","0","467","188.6","0"
"9813-0408-47-986447WH","1429","Ladies Mukluks","6443","Mukluks pour Dames : Pointure - 12","0","467","188.6","0"
"9816-0408-47-981447WH","1430","Ladies Mukluks","6453","Mukluks pour Dames : Pointure - 4","0","458","198.6","0"
"9816-0408-47-981447WH","1430","Ladies Mukluks","6454","Mukluks pour Dames : Pointure - 5","0","458","198.6","0"
"9816-0408-47-981447WH","1430","Ladies Mukluks","6455","Mukluks pour Dames : Pointure - 6","0","458","198.6","0"
"9816-0408-47-981447WH","1430","Ladies Mukluks","6456","Mukluks pour Dames : Pointure - 7","0","458","198.6","0"
"9816-0408-47-981447WH","1430","Ladies Mukluks","6457","Mukluks pour Dames : Pointure - 8","0","458","198.6","0"
"9816-0408-47-981447WH","1430","Ladies Mukluks","6458","Mukluks pour Dames : Pointure - 9","0","458","198.6","0"
"9816-0408-47-981447WH","1430","Ladies Mukluks","6459","Mukluks pour Dames : Pointure - 10","0","458","198.6","0"
"9816-0408-47-981447WH","1430","Ladies Mukluks","6460","Mukluks pour Dames : Pointure - 11","0","458","198.6","0"
"9816-0408-47-981447WH","1430","Ladies Mukluks","6461","Mukluks pour Dames : Pointure - 12","0","458","198.6","0"
"SKU: 12-12-737","1435","Moose Halo Mug","","Tasse Orignal","0","11","4.75","0"
"3288","1436","Tear Drop Pendant","","Pendentif Larme de Charoite","1","195","80","0"
"3289","1437","Diamond Shaped Pendant","","Pendentif Losange","1","195","80","0"
"3290","1438","Rectangular Pendant","","Pendentif Rectangulaire","1","200","85","0"
"3292","1439","Tear Drop Pendant","","Pendentif Larme de Charoite","0","215","16.5","0"
"3293","1440","Triangular Pendant","","Pendentif Triangulaire","0","125","16.5","0"
"3296","1441","Oval Pendant","","Pendentif Ovale","0","115","16.5","0"
"3300","1442","Oval Pendant","","Pendentif Ovale","0","215","16.5","0"
"3302","1443","Oval Pendant","","Pendentif Ovale","0","225","16.5","0"
"3304","1444","Oval Pendant","","Pendentif Ovale","0","595","16.5","0"
"3305","1445","Oval Pendant","","Pendentif Ovale","0","125","16.5","0"
"3306","1447","Tear Drop Pendant","","Pendentif Larme de Turquoise","0","265","16.5","0"
"3307","1448","Tear Drop Pendant","","Pendentif Larme de Turquoise","0","155","16.5","0"
"3309","1449","Round Pendant","","Pendentif Rond","0","180","16.5","0"
"3312","1450","Tear Drop Pendant","","Pendentif Larme de Turquoise","0","185","16.5","0"
"3313","1451","Tear Drop Pendant","","Pendentif Larme de Turquoise","0","145","16.5","0"
"3328","1452","Triangular Pendant","","Pendentif Triangulaire","0","175","16.5","0"
"3329","1453","Rectangular Pendant","","Pendentif Rectangulaire","0","295","16.5","0"
"3330","1454","Bear Claw Pendant","","Pendentif Griffe d'Ours","0","125","16.5","0"
"3334","1455","Buffalo Skull Pendant","","Pendentif Crâne de Bison","0","395","16.5","0"
"3348","1456","Flower Pendant","","Pendentif Fleur","1","115","50","0"
"3351","1457","Flower Pendant","","Pendentif Fleur","0","75","16.5","0"
"SKU: 12-12-726","1458","Moose Trivet","","Sous-plat Orignal","0","14.95","6.3","0"
"SKU: 15-15-314","1459","Black Bear Trivet","","Sous-plat Ours Noir","0","14.95","6.3","0"
"SKU: 12-12-736","1460","Moose Trivet","","Sous-plat Orignal","0","14.95","6.3","0"
"SKU: 46-46-301","1461","Moose Trivet","","Sous-plat Orignal","0","14","6.3","0"
"SKU: 55-55-004","1473","Passport Pouch ""Hands""","6466","Sacoche à Passeport ""Hands"" : Couleurs - Turquoise","0","72","31","0"
"SKU: 00-07-419","1496","Bill Helin Feather Pendant","","Bill Helin Pendentif Plume","0","82","35.5","0"
"3132","1497","Bear Pendant","","Pendentif Ours","0","190","16.5","0"
"3370","1498","Sungod Pendant","","Pendentif Dieu du Soleil","0","140","16.5","0"
"3160","1499","Triangular Pendant","","Pendentif Triangulaire","0","140","16.5","0"
"3314","1512","Oval Pendant","","Pendentif Ovale","0","125","0","0"
"3315","1513","Oval Pendant","","Pendentif Ovale","0","175","0","0"
"3316","1514","Oval Pendant","","Pendentif Ovale","0","115","0","0"
"3317","1515","Feather Pendant","","Pendentif Plume","0","175","0","0"
"3322","1516","Wheel Pendant","","Pendentif Rond","0","195","0","0"
"3323","1518","Oval Pendant","","Pendentif Ovale","0","180","0","0"
"3325","1519","Horseshoe Pendant","","Pendentif Fer à Cheval","0","75","0","0"
"3326","1520","Spider Pendant","","Pendentif Araignée","0","75","0","0"
"3327","1521","Spider Pendant","","Pendentif Araignée","0","75","0","0"
"3324","1522","Corn Pendant","","Pendentif Blé d'Inde","0","95","0","0"
"3338","1523","Wolf/Feather Pendant","","Pendentif Loup/Plume","0","170","0","0"
"3339","1525","Bear Paw Pendant","","Pendentif Patte d'Ours","1","95","40","0"
"3343","1526","Bear Paw Pendant","","Pendentif Patte d'Ours","0","50","0","0"
"3346","1527","Round Pendant","","Pendentif Rond","0","105","0","0"
"3344","1528","Chief Brooch","","Broche Chef","1","500","215","0"
"3332","1530","Loop Bail for Pendant","","Bélière pour Pendentif","2","40","15","0"
"3333","1531","Loop Bail for Pendant","","Bélière pour Pendentif","1","25","10","0"
"3357","1562","Bear Earrings","","Boucles d'Oreilles Ours","0","230","25","0"
"3358","1563","Bear Earrings","","Boucles d'Oreilles Ours","0","240","25","0"
"3360","1564","Bear Earrings","","Boucles d'Oreilles Ours","0","160","25","0"
"3363-66826","1565","Bear Earrings","","Boucles d'Oreilles Ours","0","28","10.86","0"
"3361","1566","Bear Earrings","","Boucles d'Oreilles Ours","0","240","25","0"
"3362","1567","Bear Earrings","","Boucles d'Oreilles Ours","0","240","25","0"
"3365","1568","Chief Earrings","","Boucles d'Oreilles Chef","1","105","45","0"
"3367","1569","Chief Earrings","","Boucles d'Oreilles Chef","1","105","45","0"
"3368","1570","Oval Earrings","","Boucles d'Oreilles Ovale","0","120","25","0"
"3412","1571","Round Earrings","","Boucles d'Oreilles Cercle","1","65","25","0"
"3413","1572","Spider Earrings","","Boucles d'Oreilles Araignée","0","95","25","0"
"3414","1573","Half Moon Earrings","","Boucles d'Oreilles Demi Lune","0","75","25","0"
"3416","1574","Rectangular Earrings","","Boucles d'Oreilles Rectangulaire","0","265","25","0"
"3417","1575","Rectangular Earrings","","copy of Boucles d'Oreilles Rectangulaire","0","265","25","0"
"3418","1576","Square Earrings","","Boucles d'Oreilles Carré","0","275","25","0"
"3419","1577","Triangular Earrings","","Boucles d'Oreilles Triangulaire","0","265","25","0"
"3421","1578","Tear Drop Earrings","","Boucles d'Oreilles Larme de Mohave","0","295","25","0"
"3422","1579","Rectangular Earrings","","Boucles d'Oreilles Rectangulaire","0","85","25","0"
"3423","1580","Triangular Earrings","","Boucles d'Oreilles Triangulaire","0","140","25","0"
"3425","1611","Rectangular Earrings","","Boucles d'Oreilles Rectangulaire","0","85","25","0"
"3426","1612","Half Moon Earrings","","Boucles d'Oreilles Demi Lune","0","135","25","0"
"3428","1613","Half Moon Earrings","","Boucles d'Oreilles Demi Lune","0","110","25","0"
"3430","1614","Half Moon Earrings","","Boucles d'Oreilles Demi Lune","1","110","45","0"
"3432","1615","Half Moon Earrings","","Boucles d'Oreilles Demi Lune","0","110","25","0"
"3434","1616","Half Moon Earrings","","Boucles d'Oreilles Demi Lune","0","75","25","0"
"3436","1617","Half Moon Earrings","","Boucles d'Oreilles Demi Lune","0","125","25","0"
"3438","1618","Half Moon Earrings","","Boucles d'Oreilles Demi Lune","0","115","25","0"
"3440","1619","Half Moon Earrings","","Boucles d'Oreilles Demi Lune","1","135","55","0"
"3442","1620","Half Moon Earrings","","Boucles d'Oreilles Demi Lune","0","95","25","0"
"3444","1621","Half Moon Earrings","","Boucles d'Oreilles Demi Lune","0","95","25","0"
"3446","1622","Half Moon Earrings","","Boucles d'Oreilles Demi Lune","0","95","25","0"
"3448","1623","Half Moon Earrings","","Boucles d'Oreilles Demi Lune","0","95","25","0"
"3450","1624","Half Moon Earrings","","Boucles d'Oreilles Demi Lune","0","95","25","0"
"3452","1625","Bear Paw/Feather Earrings","","Boucles d'Oreilles Pattes d'Ours/Plume","0","80","25","0"
"3453","1626","Bear Paw Earrings","","Boucles d'Oreilles Pattes d'Ours","0","38","25","0"
"3454","1627","Bear Paw Earrings","","Boucles d'Oreilles Pattes d'Ours","0","38","25","0"
"3455","1628","Bear Paw/Feather Earrings","","Boucles d'Oreilles Pattes d'Ours/Plume","0","60","25","0"
"3456","1629","Bear Paw Earrings","","Boucles d'Oreilles Pattes d'Ours","0","50","25","0"
"3457","1630","Bear Paw Earrings","","Boucles d'Oreilles Pattes d'Ours","0","35","25","0"
"3458","1631","Bear Paw Earrings","","Boucles d'Oreilles Pattes d'Ours","0","90","25","0"
"3459","1632","Bear Paw Earrings","","Boucles d'Oreilles Pattes d'Ours","0","35","25","0"
"3460-3","1633","Small Feather Earrings","","Boucles d'Oreilles Petite Plume","0","35","25","0"
"3461","1634","Flower Earrings","","Boucles d'Oreilles Floral","1","75","30","0"
"3462","1635","Half Moon Earrings","","Boucles d'Oreilles Demi Lune","0","105","25","0"
"3463","1636","Half Moon Earrings","","Boucles d'Oreilles Demi Lune","0","105","25","0"
"3464","1637","Tear Drop Earrings","","Boucles d'Oreilles Larme de Chat","0","125","25","0"
"3465","1638","Rectangular Earrings","","Boucles d'Oreilles Rectangular","0","125","25","0"
"3466","1639","Square Earrings","","Boucles d'Oreilles Carré","0","65","25","0"
"3467","1640","Round Earrings","","Boucles d'Oreilles Ronde","0","50","25","0"
"3469","1641","Stud Earrings","","Boucles d'Oreilles Ronde","0","30","25","0"
"3468","1642","Bear Paw Earrings","","Boucles d'Oreilles Pattes d'Ours","0","50","25","0"
"3470","1643","Oval Earrings","","Boucles d'Oreilles Ovale","0","45","25","0"
"3473","1644","Oval Earrings","","Boucles d'Oreilles Ovale","1","90","35","0"
"3474","1645","Floral Earrings","","Boucles d'Oreilles Florales","0","70","25","0"
"3475","1646","Stud Earrings","","Boucles d'Oreilles Ronde","3","28","25","0"
"3478","1647","Stud Earrings","","Boucles d'Oreilles Ronde","0","35","25","0"
"3476-65854","1648","Oval Earrings","","Boucles d'Oreilles Ovale","0","36","15.4","0"
"3477","1649","Turtle Earrings","","Boucles d'Oreilles Tortue","0","45","25","0"
"9816-0408-86-981486BL","1663","Ladies Mukluks","6579","Mukluks pour Dames : Pointure - 7","0","467","203.04","0"
"9816-0408-86-981486BL","1663","Ladies Mukluks","6581","Mukluks pour Dames : Pointure - 9","0","467","203.04","0"
"9816-0408-86-981486BL","1663","Ladies Mukluks","6582","Mukluks pour Dames : Pointure - 10","0","467","203.04","0"
"9816-0408-86-981486BL","1663","Ladies Mukluks","7637","Mukluks pour Dames : Pointure - 4","0","467","203.04","0"
"9816-0408-86-981486BL","1663","Ladies Mukluks","7638","Mukluks pour Dames : Pointure - 5","0","467","203.04","0"
"9816-0408-86-981486BL","1663","Ladies Mukluks","7639","Mukluks pour Dames : Pointure - 6","2","467","203.04","0"
"9816-0408-86-981486BL","1663","Ladies Mukluks","7640","Mukluks pour Dames : Pointure - 8","0","467","203.04","0"
"9816-0408-86-981486BL","1663","Ladies Mukluks","7641","Mukluks pour Dames : Pointure - 11","0","467","203.04","0"
"9816-0408-86-981486BL","1663","Ladies Mukluks","7642","Mukluks pour Dames : Pointure - 12","0","467","203.04","0"
"3479","1689","Stud Earrings","","Boucles d'Oreilles Ronde","0","75","25","0"
"3480","1690","Heart Earrings","","Boucles d'Oreilles Coeur","0","55","25","0"
"3481","1734","Feather Earrings","","Boucles d'Oreilles Plume","1","50","20","0"
"3482","1735","Corn Earrings","","Boucles d'Oreilles Blé d'Inde","1","125","50","0"
"3483","1737","Oval Earrings","","Boucles d'Oreilles Ovale","0","125","25","0"
"3484","1739","Half Moon Earrings","","Boucles d'Oreilles Demi Lune","0","75","25","0"
"3485","1744","Half Moon Earrings","","Boucles d'Oreilles Demi Lune","0","75","25","0"
"3487-66233","1745","Stud Earrings","","Boucles d'Oreilles Rondes","0","25","8.33","0"
"3488","1746","Round Earrings","","Boucles d'Oreilles Ronde","0","40","25","0"
"3489","1747","Tear Drop Earrings","","Boucles d'Oreilles Larme de Turquoise","0","165","25","0"
"3490","1748","Rectangular Earrings","","Boucles d'Oreilles Rectangulaire","0","190","25","0"
"3491","1749","Diamond Shaped Earrings","","Boucles d'Oreilles Losange","0","190","25","0"
"3492","1750","Spiral Earrings","","Boucles d'Oreilles Spirale","0","145","25","0"
"3493","1751","Oblong Earrings","","Boucles d'Oreilles Oblongues","0","35","25","0"
"3494","1752","Rabbit Earrings","","Boucles d'Oreilles Lapin","1","65","25","0"
"3495","1753","Rabbit Earrings","","Boucles d'Oreilles Lapin","0","65","25","0"
"3496","1754","Loop Earrings","","Boucles d'Oreilles Rondes","0","25","25","0"
"3497","1755","Round Earrings","","Boucles d'Oreilles Rondes","0","70","25","0"
"3498","1756","Oval Earrings","","Boucles d'Oreilles Ovales","0","115","25","0"
"3500","1757","Round Earrings","","Boucles d'Oreilles Rondes","0","60","25","0"
"3501","1758","Oval Earrings","","Boucles d'Oreilles Ovales","0","85","25","0"
"3504","1759","Oval Earrings","","Boucles d'Oreilles Ovales","0","75","25","0"
"3505","1760","Heart Earrings","","Boucles d'Oreilles Coeurs","1","95","40","0"
"3506","1761","Oval Earrings","","Boucles d'Oreilles Ovales","0","65","25","0"
"3507","1762","Rectangular Earrings","","Boucles d'Oreilles Rectangulaires","0","75","25","0"
"3508","1763","Rectangular Earrings","","Boucles d'Oreilles Rectangulaires","0","75","25","0"
"3509","1764","Oval Earrings","","Boucles d'Oreilles Ovales","0","65","25","0"
"3510","1765","Spiral Earrings","","Boucles d'Oreilles Spirales","0","95","25","0"
"3514","1771","Round Earrings","","Boucles d'Oreilles Rondes","0","195","25","0"
"3515","1772","Round Earrings","","Boucles d'Oreilles Rondes","0","175","25","0"
"3516","1773","Tear Drop Earrings","","Boucles d'Oreilles Larme d'Opalite","0","295","25","0"
"3542-66228","1774","Garnet Stud Earrings","","Boucles d'Oreilles Grenat","0","25","8.800000000000001","0"
"3543-66230","1775","Stud Earrings","","Boucles d'Oreilles Lolite","9","25","8.33","0"
"3544","1776","Stud Earrings","","Boucles d'Oreilles Rondes","0","30","25","0"
"3545-66229","1777","Stud Earrings","","Boucles d'Oreilles Lapis","1","25","8.33","0"
"3546","1778","Stud Earrings","","Boucles d'Oreilles Rondes","0","20","25","0"
"3547","1779","Stud Earrings","","Boucles d'Oreilles Rondes","0","20","25","0"
"3548-66230","1780","Stud Earrings","","Boucles d'Oreilles Rondes","0","25","8.33","0"
"3549","1781","Stud Earrings","","Boucles d'Oreilles Rondes","0","30","25","0"
"3550","1782","Stud Earrings","","Boucles d'Oreilles Rondes","0","20","25","0"
"3551","1783","Stud Earrings","","Boucles d'Oreilles Rondes","0","25","25","0"
"3552","1784","Stud Earrings","","Boucles d'Oreilles Rondes","0","30","25","0"
"3553","1785","Stud Earrings","","Boucles d'Oreilles Rondes","0","30","25","0"
"3554-64055","1786","Stud Earrings","","Boucles d'Oreilles Rondes","0","30","9.34","0"
"3558","1787","Stud Earrings","","Boucles d'Oreilles Rondes","0","30","25","0"
"3559","1788","Stud Earrings","","Boucles d'Oreilles Rondes","0","30","25","0"
"3560","1789","Stud Earrings","","Boucles d'Oreilles Rondes","0","30","25","0"
"3561","1791","Stud Earrings","","Boucles d'Oreilles Rondes","0","20","25","0"
"3562","1792","Stud Earrings","","Boucles d'Oreilles Rondes","0","20","25","0"
"3563","1794","Stud Earrings","","Boucles d'Oreilles Rondes","0","30","25","0"
"SKU: 00-07-410","2241","Bill Helin Hummingbird Pendant","","Bill Helin Pendentif Colibri","1","82","35.5","0"
"SKU: 00-07-411","2242","Bill Helin Hummingbird Pendant","","Bill Helin Pendentif Colibri","1","82","35.5","0"
"SKU: 00-07-413","2243","Bill Helin Salmon Pendant","","Bill Helin Pendentif Saumon","0","82","35.5","0"
"SKU: 00-07-420","2244","Bill Helin Hummingbird Earrings","","Bill Helin Boucles d'Oreille Colibri","1","85","37","0"
"5000-0000-27-78DKTCK","2284","Ladies Suede Moccasins","6614","Mocassins en Suède pour Dames : Pointure - 7","0","92","39.7","0"
"5000-0000-27-78DKTCK","2284","Ladies Suede Moccasins","6615","Mocassins en Suède pour Dames : Pointure - 8","0","92","39.7","0"
"5000-0000-27-78DKTCK","2284","Ladies Suede Moccasins","6616","Mocassins en Suède pour Dames : Pointure - 9","1","92","39.7","0"
"5000-0000-27-78DKTCK","2284","Ladies Suede Moccasins","6617","Mocassins en Suède pour Dames : Pointure - 10","1","92","39.7","0"
"5000-0000-27-78DKTCK","2284","Ladies Suede Moccasins","6618","Mocassins en Suède pour Dames : Pointure - 11","1","92","39.7","0"
"5000-0000-27-78DKTCK","2284","Ladies Suede Moccasins","7385","Mocassins en Suède pour Dames : Pointure - 4","0","92","39.7","0"
"5000-0000-27-78DKTCK","2284","Ladies Suede Moccasins","7386","Mocassins en Suède pour Dames : Pointure - 5","1","92","39.7","0"
"5000-0000-27-78DKTCK","2284","Ladies Suede Moccasins","7387","Mocassins en Suède pour Dames : Pointure - 6","1","92","39.7","0"
"5000-0000-27-78DKTCK","2284","Ladies Suede Moccasins","7388","Mocassins en Suède pour Dames : Pointure - 12","0","92","39.7","38"
"5060-0008-00IND-148IND","2286","Ladies Suede Moccasins","6623","Mocassins en Suède pour Dames : Pointure - 8","0","67","29.1","0"
"5060-0008-00IND-148IND","2286","Ladies Suede Moccasins","7389","Mocassins en Suède pour Dames : Pointure - 4","0","67","29.1","0"
"5060-0008-00IND-148IND","2286","Ladies Suede Moccasins","7390","Mocassins en Suède pour Dames : Pointure - 5","0","67","29.1","0"
"5060-0008-00IND-148IND","2286","Ladies Suede Moccasins","7391","Mocassins en Suède pour Dames : Pointure - 6","0","67","29.1","0"
"5060-0008-00IND-148IND","2286","Ladies Suede Moccasins","7392","Mocassins en Suède pour Dames : Pointure - 7","0","67","29.1","0"
"5060-0008-00IND-148IND","2286","Ladies Suede Moccasins","7393","Mocassins en Suède pour Dames : Pointure - 9","0","67","29.1","0"
"5060-0008-00IND-148IND","2286","Ladies Suede Moccasins","7394","Mocassins en Suède pour Dames : Pointure - 10","0","67","29.1","0"
"5060-0008-00IND-148IND","2286","Ladies Suede Moccasins","7395","Mocassins en Suède pour Dames : Pointure - 11","0","67","29.1","0"
"5060-0008-00IND-148IND","2286","Ladies Suede Moccasins","7396","Mocassins en Suède pour Dames : Pointure - 12","0","67","29.1","0"
"5061-0000-00-198IND","2288","Ladies Suede Moccasins","6631","Mocassins en Suède pour Dames : Pointure - 7","0","75","32.4","0"
"5061-0000-00-198IND","2288","Ladies Suede Moccasins","7397","Mocassins en Suède pour Dames : Pointure - 4","0","75","32.4","0"
"5061-0000-00-198IND","2288","Ladies Suede Moccasins","7398","Mocassins en Suède pour Dames : Pointure - 5","0","75","32.4","0"
"5061-0000-00-198IND","2288","Ladies Suede Moccasins","7399","Mocassins en Suède pour Dames : Pointure - 6","0","75","32.4","0"
"5061-0000-00-198IND","2288","Ladies Suede Moccasins","7400","Mocassins en Suède pour Dames : Pointure - 8","0","75","32.4","0"
"5061-0000-00-198IND","2288","Ladies Suede Moccasins","7401","Mocassins en Suède pour Dames : Pointure - 9","0","75","32.4","0"
"5061-0000-00-198IND","2288","Ladies Suede Moccasins","7402","Mocassins en Suède pour Dames : Pointure - 10","0","75","32.4","0"
"5061-0000-00-198IND","2288","Ladies Suede Moccasins","7403","Mocassins en Suède pour Dames : Pointure - 11","0","75","32.4","0"
"5061-0000-00-198IND","2288","Ladies Suede Moccasins","7404","Mocassins en Suède pour Dames : Pointure - 12","0","75","32.4","0"
"5000-0008-00-84IND","2290","Ladies Suede Moccasins","6644","Mocassins en Suède pour Dames : Pointure - 11","0","64","27.7","0"
"5000-0008-00-84IND","2290","Ladies Suede Moccasins","7405","Mocassins en Suède pour Dames : Pointure - 4","0","64","27.7","0"
"5000-0008-00-84IND","2290","Ladies Suede Moccasins","7406","Mocassins en Suède pour Dames : Pointure - 5","0","64","27.7","0"
"5000-0008-00-84IND","2290","Ladies Suede Moccasins","7407","Mocassins en Suède pour Dames : Pointure - 6","0","64","27.7","0"
"5000-0008-00-84IND","2290","Ladies Suede Moccasins","7408","Mocassins en Suède pour Dames : Pointure - 7","0","64","27.7","0"
"5000-0008-00-84IND","2290","Ladies Suede Moccasins","7409","Mocassins en Suède pour Dames : Pointure - 8","0","64","27.7","0"
"5000-0008-00-84IND","2290","Ladies Suede Moccasins","7410","Mocassins en Suède pour Dames : Pointure - 9","0","64","27.7","0"
"5000-0008-00-84IND","2290","Ladies Suede Moccasins","7411","Mocassins en Suède pour Dames : Pointure - 10","0","64","27.7","0"
"5000-0008-00-84IND","2290","Ladies Suede Moccasins","7412","Mocassins en Suède pour Dames : Pointure - 12","0","64","27.7","0"
"5000-0008-00-84MO","2291","Ladies Suede Moccasins","6653","Mocassins en Suède pour Dames : Pointure - 11","0","64","27.7","0"
"5000-0008-00-84MO","2291","Ladies Suede Moccasins","7413","Mocassins en Suède pour Dames : Pointure - 4","0","64","27.7","0"
"5000-0008-00-84MO","2291","Ladies Suede Moccasins","7414","Mocassins en Suède pour Dames : Pointure - 5","0","64","27.7","0"
"5000-0008-00-84MO","2291","Ladies Suede Moccasins","7415","Mocassins en Suède pour Dames : Pointure - 6","0","64","27.7","0"
"5000-0008-00-84MO","2291","Ladies Suede Moccasins","7416","Mocassins en Suède pour Dames : Pointure - 7","0","64","27.7","0"
"5000-0008-00-84MO","2291","Ladies Suede Moccasins","7417","Mocassins en Suède pour Dames : Pointure - 8","0","64","27.7","0"
"5000-0008-00-84MO","2291","Ladies Suede Moccasins","7418","Mocassins en Suède pour Dames : Pointure - 9","0","64","27.7","0"
"5000-0008-00-84MO","2291","Ladies Suede Moccasins","7419","Mocassins en Suède pour Dames : Pointure - 12","0","64","27.7","0"
"5000-0008-00-84MO","2291","Ladies Suede Moccasins","7420","Mocassins en Suède pour Dames : Pointure - 10","0","64","27.7","0"
"W13023-WNS0801NC0IB","2408","Kaplan Tank ""Wisdom Keepers""","6663","Débardeur Kaplan ""Gardiens de la Sagesse"" : Taille - P","1","129","60","0"
"W13023-WNS0801NC0IB","2408","Kaplan Tank ""Wisdom Keepers""","6664","Débardeur Kaplan ""Gardiens de la Sagesse"" : Taille - M","1","129","60","0"
"W13023-WNS0801NC0IB","2408","Kaplan Tank ""Wisdom Keepers""","6665","Débardeur Kaplan ""Gardiens de la Sagesse"" : Taille - L","0","129","60","0"
"W13023-WNS0801NC0IB","2408","Kaplan Tank ""Wisdom Keepers""","6666","Débardeur Kaplan ""Gardiens de la Sagesse"" : Taille - XL","0","129","60","0"
"W13023-WNS0801NC0IB","2408","Kaplan Tank ""Wisdom Keepers""","6667","Débardeur Kaplan ""Gardiens de la Sagesse"" : Taille - XP","1","129","60","0"
"3305-1008-26MUCR-KB88","2672","Ladies Suede Slippers","6681","Pantoufles Suède Dames : Pointure - 6","0","136","59.1","0"
"3305-1008-26MUCR-KB88","2672","Ladies Suede Slippers","6684","Pantoufles Suède Dames : Pointure - 9","0","136","59.1","0"
"3305-1008-26MUCR-KB88","2672","Ladies Suede Slippers","6685","Pantoufles Suède Dames : Pointure - 10","0","136","59.1","0"
"3305-1008-26MUCR-KB88","2672","Ladies Suede Slippers","7421","Pantoufles Suède Dames : Pointure - 4","0","136","59.1","0"
"3305-1008-26MUCR-KB88","2672","Ladies Suede Slippers","7422","Pantoufles Suède Dames : Pointure - 5","0","136","59.1","0"
"3305-1008-26MUCR-KB88","2672","Ladies Suede Slippers","7423","Pantoufles Suède Dames : Pointure - 7","0","136","59.1","0"
"3305-1008-26MUCR-KB88","2672","Ladies Suede Slippers","7424","Pantoufles Suède Dames : Pointure - 8","0","136","59.1","0"
"3305-1008-26MUCR-KB88","2672","Ladies Suede Slippers","7425","Pantoufles Suède Dames : Pointure - 11","0","136","59.1","0"
"3305-1008-26MUCR-KB88","2672","Ladies Suede Slippers","7426","Pantoufles Suède Dames : Pointure - 12","0","136","59.1","0"
"6019-0308-41MODKT-9113MO","2686","Ladies Suede Moccasins","6692","Mocassins en Suède pour Dames : Pointure - 9","1","157","68.3","0"
"6019-0308-41MODKT-9113MO","2686","Ladies Suede Moccasins","6694","Mocassins en Suède pour Dames : Pointure - 11","0","157","68.3","0"
"6019-0308-41MODKT-9113MO","2686","Ladies Suede Moccasins","6697","Mocassins en Suède pour Dames : Pointure - 6","0","157","68.3","0"
"6019-0308-41MODKT-9113MO","2686","Ladies Suede Moccasins","7427","Mocassins en Suède pour Dames : Pointure - 4","1","157","68.3","0"
"6019-0308-41MODKT-9113MO","2686","Ladies Suede Moccasins","7428","Mocassins en Suède pour Dames : Pointure - 5","1","157","68.3","0"
"6019-0308-41MODKT-9113MO","2686","Ladies Suede Moccasins","7429","Mocassins en Suède pour Dames : Pointure - 7","0","157","68.3","0"
"6019-0308-41MODKT-9113MO","2686","Ladies Suede Moccasins","7430","Mocassins en Suède pour Dames : Pointure - 8","3","157","68.3","0"
"6019-0308-41MODKT-9113MO","2686","Ladies Suede Moccasins","7431","Mocassins en Suède pour Dames : Pointure - 10","2","157","68.3","0"
"6019-0308-41MODKT-9113MO","2686","Ladies Suede Moccasins","7432","Mocassins en Suède pour Dames : Pointure - 12","0","157","68.3","0"
"6080-0408-41GR-600GR","2687","Ladies Suede Slippers","6698","Pantoufles Suède Dames : Pointure - 5","0","108","46.9","0"
"6080-0408-41GR-600GR","2687","Ladies Suede Slippers","6699","Pantoufles Suède Dames : Pointure - 6","0","108","46.9","0"
"6080-0408-41GR-600GR","2687","Ladies Suede Slippers","6700","Pantoufles Suède Dames : Pointure - 7","0","108","46.9","0"
"6080-0408-41GR-600GR","2687","Ladies Suede Slippers","6701","Pantoufles Suède Dames : Pointure - 8","0","108","46.9","0"
"6080-0408-41GR-600GR","2687","Ladies Suede Slippers","6702","Pantoufles Suède Dames : Pointure - 9","0","108","46.9","0"
"6080-0408-41GR-600GR","2687","Ladies Suede Slippers","6703","Pantoufles Suède Dames : Pointure - 10","0","108","46.9","0"
"6080-0408-41GR-600GR","2687","Ladies Suede Slippers","6704","Pantoufles Suède Dames : Pointure - 11","0","108","46.9","0"
"6080-0408-41GR-600GR","2687","Ladies Suede Slippers","6705","Pantoufles Suède Dames : Pointure - 12","0","108","46.9","0"
"6080-0408-41GR-600GR","2687","Ladies Suede Slippers","6706","Pantoufles Suède Dames : Pointure - 4","0","108","46.9","0"
"110","2693","Leather Moccasins for Babies","6712","Mocassins en Cuir pour Bébés : Pointure - 3","0","54","23.5","0"
"110","2693","Leather Moccasins for Babies","6713","Mocassins en Cuir pour Bébés : Pointure - 4","0","54","23.5","0"
"110","2693","Leather Moccasins for Babies","6714","Mocassins en Cuir pour Bébés : Pointure - 5","0","54","23.5","0"
"110","2693","Leather Moccasins for Babies","7433","Mocassins en Cuir pour Bébés : Pointure - 1","0","54","23.5","0"
"110","2693","Leather Moccasins for Babies","7434","Mocassins en Cuir pour Bébés : Pointure - 2","0","54","23.5","0"
"110","2693","Leather Moccasins for Babies","7435","Mocassins en Cuir pour Bébés : Pointure - 6","0","54","23.5","0"
"7142","2752","Suede Mules for Men","7528","Mules en Suède pour Hommes : Taille - P","0","140","61","0"
"7142","2752","Suede Mules for Men","7529","Mules en Suède pour Hommes : Taille - M","0","140","61","0"
"7142","2752","Suede Mules for Men","7530","Mules en Suède pour Hommes : Taille - L","0","140","61","0"
"7142","2752","Suede Mules for Men","7531","Mules en Suède pour Hommes : Taille - XL","0","140","61","0"
"7142","2753","Ladies Suede Mules","6822","Mules en Suède pour Dames : Pointure - P","0","134","58","0"
"7142","2753","Ladies Suede Mules","6823","Mules en Suède pour Dames : Pointure - M","0","134","58","0"
"7142","2753","Ladies Suede Mules","6824","Mules en Suède pour Dames : Pointure - L","0","134","58","0"
"7142","2753","Ladies Suede Mules","7436","Mules en Suède pour Dames : Pointure - XL","0","134","58","0"
"A10004-UAC0701NC01","2773","""Merging Earth and Sky"" Mask","6743","Masque ""Fusion Entre Terre et Ciel"" : Taille - XP","1","18","15.94","0"
"A10004-UAC0701NC01","2773","""Merging Earth and Sky"" Mask","6744","Masque ""Fusion Entre Terre et Ciel"" : Taille - P","5","18","15.94","0"
"A10004-UAC0701NC01","2773","""Merging Earth and Sky"" Mask","6745","Masque ""Fusion Entre Terre et Ciel"" : Taille - L","9","18","15.94","0"
"A10004-UAC0701NC01","2773","""Merging Earth and Sky"" Mask","6746","Masque ""Fusion Entre Terre et Ciel"" : Taille - XL","14","18","15.94","0"
"A10004-UAC0701NC01","2773","""Merging Earth and Sky"" Mask","6747","Masque ""Fusion Entre Terre et Ciel"" : Taille - M","9","18","15.94","0"
"A17063-UAC0701NC02","2791","""Depth"" Mask","6748","Masque ""Profondeur"" : Taille - XP","1","18","15.14","0"
"A17063-UAC0701NC02","2791","""Depth"" Mask","6749","Masque ""Profondeur"" : Taille - P","2","18","15.14","0"
"A17063-UAC0701NC02","2791","""Depth"" Mask","6750","Masque ""Profondeur"" : Taille - L","1","18","15.14","0"
"A17063-UAC0701NC02","2791","""Depth"" Mask","6751","Masque ""Profondeur"" : Taille - XL","11","18","15.14","0"
"A17063-UAC0701NC02","2791","""Depth"" Mask","6752","Masque ""Profondeur"" : Taille - M","9","18","15.14","0"
"A17064-UAC0701NC03","2792","""M'Otter Love"" Mask","6753","Masque ""L'Outre Mère"" : Taille - XP","2","18","15.94","0"
"A17064-UAC0701NC03","2792","""M'Otter Love"" Mask","6754","Masque ""L'Outre Mère"" : Taille - P","0","18","15.94","0"
"A17064-UAC0701NC03","2792","""M'Otter Love"" Mask","6755","Masque ""L'Outre Mère"" : Taille - L","15","18","15.94","0"
"A17064-UAC0701NC03","2792","""M'Otter Love"" Mask","6756","Masque ""L'Outre Mère"" : Taille - XL","12","18","15.94","0"
"A17064-UAC0701NC03","2792","""M'Otter Love"" Mask","6757","Masque ""L'Outre Mère"" : Taille - M","7","18","15.94","0"
"A16058-UAC0701NC04","2793","""Silent Seekers"" Mask","6758","Masque ""En Quête de Silence"" : Taille - XP","0","18","15.94","0"
"A16058-UAC0701NC04","2793","""Silent Seekers"" Mask","6759","Masque ""En Quête de Silence"" : Taille - P","2","18","15.94","0"
"A16058-UAC0701NC04","2793","""Silent Seekers"" Mask","6760","Masque ""En Quête de Silence"" : Taille - L","12","18","15.94","0"
"A16058-UAC0701NC04","2793","""Silent Seekers"" Mask","6761","Masque ""En Quête de Silence"" : Taille - XL","7","18","15.94","0"
"A16058-UAC0701NC04","2793","""Silent Seekers"" Mask","6762","Masque ""En Quête de Silence"" : Taille - M","23","18","15.94","0"
"A16051-UAC0701NC05","2794","""Northern Keepers"" Mask","6763","Masque ""Gardiens du Nord"" : Taille - XP","0","18","15.94","0"
"A16051-UAC0701NC05","2794","""Northern Keepers"" Mask","6764","Masque ""Gardiens du Nord"" : Taille - P","1","18","15.94","0"
"A16051-UAC0701NC05","2794","""Northern Keepers"" Mask","6765","Masque ""Gardiens du Nord"" : Taille - L","3","18","15.94","0"
"A16051-UAC0701NC05","2794","""Northern Keepers"" Mask","6766","Masque ""Gardiens du Nord"" : Taille - XL","4","18","15.94","0"
"A16051-UAC0701NC05","2794","""Northern Keepers"" Mask","6767","Masque ""Gardiens du Nord"" : Taille - M","6","18","15.94","0"
"A10044-UAC0701NC07","2795","""Going Home"" Mask","6768","Masque ""Retour Chez Soi"" : Taille - XP","2","18","15.94","0"
"A10044-UAC0701NC07","2795","""Going Home"" Mask","6769","Masque ""Retour Chez Soi"" : Taille - P","4","18","15.94","0"
"A10044-UAC0701NC07","2795","""Going Home"" Mask","6770","Masque ""Retour Chez Soi"" : Taille - L","0","18","15.94","0"
"A10044-UAC0701NC07","2795","""Going Home"" Mask","6771","Masque ""Retour Chez Soi"" : Taille - XL","16","18","15.94","0"
"A10044-UAC0701NC07","2795","""Going Home"" Mask","6772","Masque ""Retour Chez Soi"" : Taille - M","16","18","15.94","0"
"A01028-UAC0701NC08","2796","""Giving Thanks"" Mask","6773","Masque ""Rendre Homage"" : Taille - XP","0","18","15.94","0"
"A01028-UAC0701NC08","2796","""Giving Thanks"" Mask","6774","Masque ""Rendre Homage"" : Taille - P","0","18","15.94","0"
"A01028-UAC0701NC08","2796","""Giving Thanks"" Mask","6775","Masque ""Rendre Homage"" : Taille - L","0","18","15.94","0"
"A01028-UAC0701NC08","2796","""Giving Thanks"" Mask","6776","Masque ""Rendre Homage"" : Taille - XL","26","18","15.94","0"
"A01028-UAC0701NC08","2796","""Giving Thanks"" Mask","6777","Masque ""Rendre Homage"" : Taille - M","9","18","15.94","0"
"W13023-UAC0701NC09","2798","""Water and Spirit Buffalo"" Mask","6778","Masque ""Eau et Esprit du Bison"" : Taille - XP","2","18","15.94","0"
"W13023-UAC0701NC09","2798","""Water and Spirit Buffalo"" Mask","6779","Masque ""Eau et Esprit du Bison"" : Taille - P","0","18","15.94","0"
"W13023-UAC0701NC09","2798","""Water and Spirit Buffalo"" Mask","6780","Masque ""Eau et Esprit du Bison"" : Taille - L","5","18","15.94","0"
"W13023-UAC0701NC09","2798","""Water and Spirit Buffalo"" Mask","6781","Masque ""Eau et Esprit du Bison"" : Taille - XL","22","18","15.94","0"
"W13023-UAC0701NC09","2798","""Water and Spirit Buffalo"" Mask","6782","Masque ""Eau et Esprit du Bison"" : Taille - M","24","18","15.94","0"
"A17065-UAC0701NC0C","2799","""Forest Temple"" Mask","6783","Masque ""Temple de la Fôret"" : Taille - XP","0","18","15.94","0"
"A17065-UAC0701NC0C","2799","""Forest Temple"" Mask","6784","Masque ""Temple de la Fôret"" : Taille - P","4","18","15.94","0"
"A17065-UAC0701NC0C","2799","""Forest Temple"" Mask","6785","Masque ""Temple de la Fôret"" : Taille - L","9","18","15.94","0"
"A17065-UAC0701NC0C","2799","""Forest Temple"" Mask","6786","Masque ""Temple de la Fôret"" : Taille - XL","5","18","15.94","0"
"A17065-UAC0701NC0C","2799","""Forest Temple"" Mask","6787","Masque ""Temple de la Fôret"" : Taille - M","11","18","15.94","0"
"W12018-UAC0701NC0D","2800","""Early Evening Flowing into Fall"" Mask","6788","Masque ""Soirée Glissant vers l'Automne"" : Taille - XP","0","18","15.94","0"
"W12018-UAC0701NC0D","2800","""Early Evening Flowing into Fall"" Mask","6789","Masque ""Soirée Glissant vers l'Automne"" : Taille - P","4","18","15.94","0"
"W12018-UAC0701NC0D","2800","""Early Evening Flowing into Fall"" Mask","6790","Masque ""Soirée Glissant vers l'Automne"" : Taille - L","0","18","15.94","0"
"W12018-UAC0701NC0D","2800","""Early Evening Flowing into Fall"" Mask","6791","Masque ""Soirée Glissant vers l'Automne"" : Taille - XL","8","18","15.94","0"
"W12018-UAC0701NC0D","2800","""Early Evening Flowing into Fall"" Mask","6792","Masque ""Soirée Glissant vers l'Automne"" : Taille - M","6","18","15.94","0"
"A08013-UAC0701NC0F","2801","""New Day"" Mask","6793","Masque ""Nouveau Jour"" : Taille - XP","4","18","15.94","0"
"A08013-UAC0701NC0F","2801","""New Day"" Mask","6794","Masque ""Nouveau Jour"" : Taille - P","3","18","15.94","0"
"A08013-UAC0701NC0F","2801","""New Day"" Mask","6795","Masque ""Nouveau Jour"" : Taille - L","8","18","15.94","0"
"A08013-UAC0701NC0F","2801","""New Day"" Mask","6796","Masque ""Nouveau Jour"" : Taille - XL","11","18","15.94","0"
"A08013-UAC0701NC0F","2801","""New Day"" Mask","6797","Masque ""Nouveau Jour"" : Taille - M","4","18","15.94","0"
"A16059-UAC0701NC0I","2802","""Wisdom Keepers"" Mask","6798","Masque ""Gardiens de la Sagesse"" : Taille - XP","0","18","15.94","0"
"A16059-UAC0701NC0I","2802","""Wisdom Keepers"" Mask","6799","Masque ""Gardiens de la Sagesse"" : Taille - P","3","18","15.94","0"
"A16059-UAC0701NC0I","2802","""Wisdom Keepers"" Mask","6800","Masque ""Gardiens de la Sagesse"" : Taille - L","8","18","15.94","0"
"A16059-UAC0701NC0I","2802","""Wisdom Keepers"" Mask","6801","Masque ""Gardiens de la Sagesse"" : Taille - XL","13","18","15.94","0"
"A16059-UAC0701NC0I","2802","""Wisdom Keepers"" Mask","6802","Masque ""Gardiens de la Sagesse"" : Taille - M","12","18","15.94","0"
"5100-0400-27-7709MO","2896","Ladies Suede Moccasins","6819","Mocassins en Suède pour Dames : Pointure - 10","0","97","42","0"
"5100-0400-27-7709MO","2896","Ladies Suede Moccasins","7437","Mocassins en Suède pour Dames : Pointure - 4","0","97","42","0"
"5100-0400-27-7709MO","2896","Ladies Suede Moccasins","7438","Mocassins en Suède pour Dames : Pointure - 5","0","97","42","0"
"5100-0400-27-7709MO","2896","Ladies Suede Moccasins","7439","Mocassins en Suède pour Dames : Pointure - 12","0","97","42","0"
"5100-0400-27-7709MO","2896","Ladies Suede Moccasins","7440","Mocassins en Suède pour Dames : Pointure - 6","1","97","42","0"
"5100-0400-27-7709MO","2896","Ladies Suede Moccasins","7441","Mocassins en Suède pour Dames : Pointure - 7","0","97","42","0"
"5100-0400-27-7709MO","2896","Ladies Suede Moccasins","7442","Mocassins en Suède pour Dames : Pointure - 8","0","97","42","0"
"5100-0400-27-7709MO","2896","Ladies Suede Moccasins","7443","Mocassins en Suède pour Dames : Pointure - 9","0","97","42","0"
"5100-0400-27-7709MO","2896","Ladies Suede Moccasins","7444","Mocassins en Suède pour Dames : Pointure - 11","0","97","42","0"
"A13041-UAC0701NC0EA","2904","""Lapinx"" Mask","6830","Masque ""Lapinx"" : Taille - XP","0","18","15.94","0"
"A13041-UAC0701NC0EA","2904","""Lapinx"" Mask","6831","Masque ""Lapinx"" : Taille - P","2","18","15.94","0"
"A13041-UAC0701NC0EA","2904","""Lapinx"" Mask","6832","Masque ""Lapinx"" : Taille - L","11","18","15.94","0"
"A13041-UAC0701NC0EA","2904","""Lapinx"" Mask","6833","Masque ""Lapinx"" : Taille - XL","6","18","15.94","0"
"A13041-UAC0701NC0EA","2904","""Lapinx"" Mask","6834","Masque ""Lapinx"" : Taille - M","10","18","15.94","0"
"A07020-UAC0701NC0AA","2905","""Journey to the Spirit World"" Mask","6835","Masque ""Voyage Vers le Monde du Songe"" : Taille - XP","0","18","15.94","0"
"A07020-UAC0701NC0AA","2905","""Journey to the Spirit World"" Mask","6836","Masque ""Voyage Vers le Monde du Songe"" : Taille - P","0","18","15.94","0"
"A07020-UAC0701NC0AA","2905","""Journey to the Spirit World"" Mask","6837","Masque ""Voyage Vers le Monde du Songe"" : Taille - L","5","18","15.94","0"
"A07020-UAC0701NC0AA","2905","""Journey to the Spirit World"" Mask","6838","Masque ""Voyage Vers le Monde du Songe"" : Taille - XL","5","18","15.94","0"
"A07020-UAC0701NC0AA","2905","""Journey to the Spirit World"" Mask","6839","Masque ""Voyage Vers le Monde du Songe"" : Taille - M","1","18","15.94","0"
"W17062-UAC0701NC0GA","2907","""Horizon"" Mask","6840","Masque ""Horizon"" : Taille - XP","0","18","15.94","0"
"W17062-UAC0701NC0GA","2907","""Horizon"" Mask","6841","Masque ""Horizon"" : Taille - P","0","18","15.94","0"
"W17062-UAC0701NC0GA","2907","""Horizon"" Mask","6842","Masque ""Horizon"" : Taille - L","0","18","15.94","0"
"W17062-UAC0701NC0GA","2907","""Horizon"" Mask","6843","Masque ""Horizon"" : Taille - XL","6","18","15.94","0"
"W17062-UAC0701NC0GA","2907","""Horizon"" Mask","6844","Masque ""Horizon"" : Taille - M","7","18","15.94","0"
"A08011-UAC0701NC0HA","2908","""Whisper"" Mask","6845","Masque ""Murmure"" : Taille - XP","0","18","15.94","0"
"A08011-UAC0701NC0HA","2908","""Whisper"" Mask","6846","Masque ""Murmure"" : Taille - P","4","18","15.94","0"
"A08011-UAC0701NC0HA","2908","""Whisper"" Mask","6847","Masque ""Murmure"" : Taille - L","2","18","15.94","0"
"A08011-UAC0701NC0HA","2908","""Whisper"" Mask","6848","Masque ""Murmure"" : Taille - XL","26","18","15.94","0"
"A08011-UAC0701NC0HA","2908","""Whisper"" Mask","6849","Masque ""Murmure"" : Taille - M","2","18","15.94","0"
"A17064-WDR4101NC03A","2910","Michelle II Dress ""M'Otter Love""","6855","Robe Michelle II ""L'Outre Mère"" : Taille - P","1","159","67.5","0"
"A17064-WDR4101NC03A","2910","Michelle II Dress ""M'Otter Love""","6856","Robe Michelle II ""L'Outre Mère"" : Taille - M","1","159","67.5","0"
"A17064-WDR4101NC03A","2910","Michelle II Dress ""M'Otter Love""","6857","Robe Michelle II ""L'Outre Mère"" : Taille - L","1","159","67.5","0"
"A17064-WDR4101NC03A","2910","Michelle II Dress ""M'Otter Love""","6858","Robe Michelle II ""L'Outre Mère"" : Taille - XL","1","159","67.5","0"
"A17064-WDR4101NC03A","2910","Michelle II Dress ""M'Otter Love""","6859","Robe Michelle II ""L'Outre Mère"" : Taille - XP","1","159","67.5","0"
"Omega3","2985","Omega 3","","Omega 3","0","35","17.5","0"
"SKU: 54-54-336","2986","Moccasins Raven","6860","Mocassins Corbeau : Pointure - 24 mois","2","92","40","0"
"SKU: 54-54-336","2986","Moccasins Raven","6861","Mocassins Corbeau : Pointure - 36 mois","1","92","40","0"
"SKU: 54-54-336","2986","Moccasins Raven","6862","Mocassins Corbeau : Pointure - 18 mois","2","92","40","0"
"SKU: 00-07-416","2987","Bill Helin Eagle Pendant","","Bill Helin Pendentif Aigle","2","82","25","0"
"SKU: 00-07-421","2988","Bill Helin Lovebird Earrings","","Bill Helin Boucles d'Oreille Inséparables","2","85","37","0"
"A10004-WSK0401NC01B","3055","Alex Skirt ""Merging Earth and Sky""","6863","Jupe Alex ""Fusion Entre Terre et Ciel"" : Taille - P","0","149","64","0"
"A10004-WSK0401NC01B","3055","Alex Skirt ""Merging Earth and Sky""","6864","Jupe Alex ""Fusion Entre Terre et Ciel"" : Taille - M","0","149","64","0"
"A10004-WSK0401NC01B","3055","Alex Skirt ""Merging Earth and Sky""","6865","Jupe Alex ""Fusion Entre Terre et Ciel"" : Taille - L","0","149","64","0"
"A10004-WSK0401NC01B","3055","Alex Skirt ""Merging Earth and Sky""","6866","Jupe Alex ""Fusion Entre Terre et Ciel"" : Taille - XL","0","149","64","0"
"A10004-WSK0401NC01B","3055","Alex Skirt ""Merging Earth and Sky""","6867","Jupe Alex ""Fusion Entre Terre et Ciel"" : Taille - XP","0","149","64","0"
"3517","3061","Spider Earrings","","Boucles d'Oreilles Araignées","0","85","35","0"
"3518","3080","Feather Earrings","","Boucles d'Oreilles Plumes","0","350","150","0"
"3519","3081","Butterfly Earrings","","Boucles d'Oreilles Papillons","1","75","30","0"
"3520","3084","Horse Earrings","","Boucles d'Oreilles Cheval","0","85","0","0"
"3521","3085","Kokopelli Earrings","","Boucles d'Oreilles Kokopelli","0","95","0","0"
"3522","3086","Buffalo Earrings","","Boucles d'Oreilles Bisons","0","95","0","0"
"3523","3087","Turtle Earrings","","Boucles d'Oreilles Tortues","0","90","0","0"
"3524","3088","Medicine Wheel Earrings","","Boucles d'Oreilles Roues de Médecine","0","95","0","0"
"3525","3089","Medicine Wheel Earrings","","Boucles d'Oreilles Roues de Médecine","0","95","0","0"
"3528","3090","Round Earrings","","Boucles d'Oreilles Rondes","0","65","0","0"
"3529","3091","Dream Catcher Earrings","","Boucles d'Oreilles Capteurs de Rêves","0","50","0","0"
"3530","3092","Dream Catcher Earrings","","Boucles d'Oreilles Capteurs de Rêves","0","60","0","0"
"3531","3093","Dream Catcher Earrings","","Boucles d'Oreilles Capteurs de Rêves","0","50","0","0"
"3532","3094","Beaded Earrings","","Boucles d'Oreilles Perlées","1","70","30","0"
"3533","3096","Hexagon Earrings","","Boucles d'Oreilles Hexagone","0","75","0","0"
"3534","3101","Hexagon Earrings","","Boucles d'Oreilles Hexagone","0","75","0","0"
"3535","3102","Bear Paws/Feather Earrings","","Boucles d'Oreilles Pattes d'Ours/Plumes","0","60","0","0"
"3536","3103","Floral Earrings","","Boucles d'Oreilles Florales","0","75","0","0"
"3538","3104","Floral Earrings","","Boucles d'Oreilles Florales","0","85","0","0"
"3539","3106","Clip-on Rectangular Earrings","","Boucles d'Oreilles Clips Rectangulaires","0","85","0","0"
"3541","3112","Clip-on Bear Paw Earrings","","Boucles d'Oreilles Clips Pattes d'Ours","1","45","18","0"
"3540","3113","Clip-on Floral Earrings","","Boucles d'Oreilles Clips Florales","1","220","95","0"
"3593","3114","Oval Earrings","","Boucles d'Oreilles Ovales","0","70","0","0"
"3594","3115","Oval Earrings","","Boucles d'Oreilles Ovales","1","70","30","0"
"3595","3116","Oval Earrings","","Boucles d'Oreilles Ovales","0","70","0","0"
"3596","3117","Oval Earrings","","Boucles d'Oreilles Ovales","0","70","0","0"
"3597-64363","3118","Stud Earrings","","Boucles d'Oreilles Ovales","0","28","11.55","0"
"3598","3119","Stud Earrings","","Boucles d'Oreilles Ovales","0","80","0","0"
"3599","3121","Stud Earrings","","Boucles d'Oreilles Ovales","0","80","0","0"
"3600","3122","Stud Earrings","","Boucles d'Oreilles Ovales","0","80","0","0"
"3601","3125","Stud Earrings","","Boucles d'Oreilles Ovales","0","80","0","0"
"3602","3126","Stud Earrings","","Boucles d'Oreilles Ovales","0","80","0","0"
"3603","3127","Stud Earrings","","Boucles d'Oreilles Ovales","0","80","0","0"
"3604","3128","Stud Earrings","","Boucles d'Oreilles Rondes","0","80","0","0"
"3605","3129","Stud Earrings","","Boucles d'Oreilles Rondes","0","80","0","0"
"3615","3130","Beaded Earrings","","Boucles d'Oreilles Perlées","0","55","0","0"
"3616","3133","Beaded Earrings","","Boucles d'Oreilles Perlées","1","85","35","0"
"186/8","3162","Leather Moccasins for Men","6870","Mocassins en Cuir pour Hommes : Pointure - 12","0","103","55","0"
"186/8","3162","Leather Moccasins for Men","6872","Mocassins en Cuir pour Hommes : Pointure - 10","0","103","55","0"
"186/8","3162","Leather Moccasins for Men","7445","Mocassins en Cuir pour Hommes : Pointure - 6","0","103","55","0"
"186/8","3162","Leather Moccasins for Men","7446","Mocassins en Cuir pour Hommes : Pointure - 7","0","103","55","0"
"186/8","3162","Leather Moccasins for Men","7447","Mocassins en Cuir pour Hommes : Pointure - 8","1","103","55","0"
"186/8","3162","Leather Moccasins for Men","7448","Mocassins en Cuir pour Hommes : Pointure - 9","2","103","55","0"
"186/8","3162","Leather Moccasins for Men","7449","Mocassins en Cuir pour Hommes : Pointure - 11","0","103","55","0"
"186/8","3162","Leather Moccasins for Men","7450","Mocassins en Cuir pour Hommes : Pointure - 13","1","103","55","0"
"186/8","3162","Leather Moccasins for Men","7451","Mocassins en Cuir pour Hommes : Pointure - 14","0","113","55","0"
"186/8","3162","Leather Moccasins for Men","7452","Mocassins en Cuir pour Hommes : Pointure - 15","0","113","55","0"
"5508-0408-85-552485MO","3200","Ladies Mukluks","6888","Mukluks pour Dames : Pointure - 7","0","252","108.9","0"
"5508-0408-85-552485MO","3200","Ladies Mukluks","6889","Mukluks pour Dames : Pointure - 8","0","252","108.9","0"
"5508-0408-85-552485MO","3200","Ladies Mukluks","6890","Mukluks pour Dames : Pointure - 9","0","252","108.9","0"
"5508-0408-85-552485MO","3200","Ladies Mukluks","6891","Mukluks pour Dames : Pointure - 10","0","252","108.9","0"
"5508-0408-85-552485MO","3200","Ladies Mukluks","7643","Mukluks pour Dames : Pointure - 4","0","252","108.9","0"
"5508-0408-85-552485MO","3200","Ladies Mukluks","7644","Mukluks pour Dames : Pointure - 5","0","252","108.9","0"
"5508-0408-85-552485MO","3200","Ladies Mukluks","7645","Mukluks pour Dames : Pointure - 6","0","252","108.9","0"
"5508-0408-85-552485MO","3200","Ladies Mukluks","7646","Mukluks pour Dames : Pointure - 11","0","252","108.9","0"
"5508-0408-85-552485MO","3200","Ladies Mukluks","7647","Mukluks pour Dames : Pointure - 12","0","252","108.9","0"
"9813-0408-85-986485GC","3202","Ladies Mukluks","6897","Mukluks pour Dames : Pointure - 7","0","485","210","0"
"9813-0408-85-986485GC","3202","Ladies Mukluks","6898","Mukluks pour Dames : Pointure - 8","0","485","210","0"
"9813-0408-85-986485GC","3202","Ladies Mukluks","6899","Mukluks pour Dames : Pointure - 9","0","485","210","0"
"9813-0408-85-986485GC","3202","Ladies Mukluks","7509","Mukluks pour Dames : Pointure - 5","0","485","210","0"
"9813-0408-85-986485GC","3202","Ladies Mukluks","7510","Mukluks pour Dames : Pointure - 6","0","485","210","0"
"9813-0408-85-986485GC","3202","Ladies Mukluks","7511","Mukluks pour Dames : Pointure - 10","0","485","210","0"
"9813-0408-85-986485GC","3202","Ladies Mukluks","7512","Mukluks pour Dames : Pointure - 11","0","485","210","0"
"9813-0408-85-986485GC","3202","Ladies Mukluks","7513","Mukluks pour Dames : Pointure - 12","0","485","210","0"
"6080-0408-41-600AQRB","3275","Ladies Suede Slippers","6908","Pantoufles Suède Dames : Pointure - 5","0","108","46.9","0"
"6080-0408-41-600AQRB","3275","Ladies Suede Slippers","7453","Pantoufles Suède Dames : Pointure - 4","0","108","46.9","0"
"6080-0408-41-600AQRB","3275","Ladies Suede Slippers","7454","Pantoufles Suède Dames : Pointure - 6","0","108","46.9","0"
"6080-0408-41-600AQRB","3275","Ladies Suede Slippers","7455","Pantoufles Suède Dames : Pointure - 7","0","108","46.9","0"
"6080-0408-41-600AQRB","3275","Ladies Suede Slippers","7456","Pantoufles Suède Dames : Pointure - 12","0","108","46.9","0"
"6080-0408-41-600AQRB","3275","Ladies Suede Slippers","7457","Pantoufles Suède Dames : Pointure - 8","0","108","46.9","0"
"6080-0408-41-600AQRB","3275","Ladies Suede Slippers","7458","Pantoufles Suède Dames : Pointure - 10","0","108","46.9","0"
"6080-0408-41-600AQRB","3275","Ladies Suede Slippers","7459","Pantoufles Suède Dames : Pointure - 9","0","108","46.9","0"
"6080-0408-41-600AQRB","3275","Ladies Suede Slippers","7460","Pantoufles Suède Dames : Pointure - 11","0","108","46.9","0"
"1300-0000-13-137372GR","3276","Ladies Concho","6917","Concho pour Dames : Pointure - 4","1","128","55.5","0"
"1300-0000-13-137372GR","3276","Ladies Concho","6918","Concho pour Dames : Pointure - 5","0","128","55.5","0"
"1300-0000-13-137372GR","3276","Ladies Concho","6919","Concho pour Dames : Pointure - 6","1","128","55.5","0"
"1300-0000-13-137372GR","3276","Ladies Concho","6920","Concho pour Dames : Pointure - 8","1","128","55.5","0"
"1300-0000-13-137372GR","3276","Ladies Concho","6921","Concho pour Dames : Pointure - 9","0","128","55.5","0"
"1300-0000-13-137372GR","3276","Ladies Concho","6922","Concho pour Dames : Pointure - 10","0","128","55.5","0"
"1300-0000-13-137372GR","3276","Ladies Concho","6923","Concho pour Dames : Pointure - 11","0","128","55.5","0"
"1300-0000-13-137372GR","3276","Ladies Concho","6924","Concho pour Dames : Pointure - 12","0","128","55.5","0"
"1300-0000-13-137372GR","3276","Ladies Concho","6925","Concho pour Dames : Pointure - 7","0","128","55.5","0"
"3700-0000-41-137597NA","3277","Ladies Concho","6927","Concho pour Dames : Pointure - 6","0","175","75.7","0"
"3700-0000-41-137597NA","3277","Ladies Concho","6930","Concho pour Dames : Pointure - 9","0","175","75.7","0"
"3700-0000-41-137597NA","3277","Ladies Concho","7461","Concho pour Dames : Pointure - 4","0","175","75.7","0"
"3700-0000-41-137597NA","3277","Ladies Concho","7462","Concho pour Dames : Pointure - 5","0","175","75.7","0"
"3700-0000-41-137597NA","3277","Ladies Concho","7463","Concho pour Dames : Pointure - 7","0","175","75.7","0"
"3700-0000-41-137597NA","3277","Ladies Concho","7464","Concho pour Dames : Pointure - 8","0","175","75.7","0"
"3700-0000-41-137597NA","3277","Ladies Concho","7465","Concho pour Dames : Pointure - 10","0","175","75.7","0"
"3700-0000-41-137597NA","3277","Ladies Concho","7466","Concho pour Dames : Pointure - 11","0","175","75.7","0"
"3700-0000-41-137597NA","3277","Ladies Concho","7467","Concho pour Dames : Pointure - 12","0","175","75.7","0"
"1120","3281","Leather Moccasins for Children","6939","Mocassins en Cuir pour Enfants : Pointure - 3","0","58","25","0"
"1120","3281","Leather Moccasins for Children","6940","Mocassins en Cuir pour Enfants : Pointure - 4","0","58","25","0"
"1120","3281","Leather Moccasins for Children","6941","Mocassins en Cuir pour Enfants : Pointure - 5","0","58","25","0"
"1120","3281","Leather Moccasins for Children","6942","Mocassins en Cuir pour Enfants : Pointure - 6","0","58","25","0"
"5100-0400-41-31074CK","3288","Leather Moccasins for Men","6973","Mocassins en Cuir pour Hommes : Pointure - 6","0","116","50.4","0"
"5100-0400-41-31074CK","3288","Leather Moccasins for Men","6974","Mocassins en Cuir pour Hommes : Pointure - 7","0","116","50.4","0"
"5100-0400-41-31074CK","3288","Leather Moccasins for Men","6975","Mocassins en Cuir pour Hommes : Pointure - 8","0","116","50.4","0"
"5100-0400-41-31074CK","3288","Leather Moccasins for Men","6976","Mocassins en Cuir pour Hommes : Pointure - 9","0","116","50.4","0"
"5100-0400-41-31074CK","3288","Leather Moccasins for Men","6977","Mocassins en Cuir pour Hommes : Pointure - 10","0","116","50.4","0"
"5100-0400-41-31074CK","3288","Leather Moccasins for Men","6978","Mocassins en Cuir pour Hommes : Pointure - 11","0","116","50.4","0"
"5100-0400-41-31074CK","3288","Leather Moccasins for Men","6979","Mocassins en Cuir pour Hommes : Pointure - 12","1","116","50.4","0"
"5100-0400-41-31074CK","3288","Leather Moccasins for Men","6980","Mocassins en Cuir pour Hommes : Pointure - 13","0","116","50.4","0"
"5100-0400-41-31074CK","3288","Leather Moccasins for Men","6981","Mocassins en Cuir pour Hommes : Pointure - 14","0","116","50.4","0"
"5100-0400-41-31074CK","3288","Leather Moccasins for Men","6982","Mocassins en Cuir pour Hommes : Pointure - 15","0","116","50.4","0"
"6080-0408-41CAP-600CAP","3332","Ladies Suede Slippers","6985","Pantoufles Suède Dames : Pointure - 7","1","108","46.9","0"
"6080-0408-41CAP-600CAP","3332","Ladies Suede Slippers","7470","Pantoufles Suède Dames : Pointure - 4","0","108","46.9","0"
"6080-0408-41CAP-600CAP","3332","Ladies Suede Slippers","7471","Pantoufles Suède Dames : Pointure - 5","0","108","46.9","0"
"6080-0408-41CAP-600CAP","3332","Ladies Suede Slippers","7472","Pantoufles Suède Dames : Pointure - 6","0","108","46.9","0"
"6080-0408-41CAP-600CAP","3332","Ladies Suede Slippers","7473","Pantoufles Suède Dames : Pointure - 8","0","108","46.9","0"
"6080-0408-41CAP-600CAP","3332","Ladies Suede Slippers","7474","Pantoufles Suède Dames : Pointure - 9","1","108","46.9","0"
"6080-0408-41CAP-600CAP","3332","Ladies Suede Slippers","7475","Pantoufles Suède Dames : Pointure - 10","0","108","46.9","0"
"6080-0408-41CAP-600CAP","3332","Ladies Suede Slippers","7476","Pantoufles Suède Dames : Pointure - 11","0","108","46.9","0"
"6080-0408-41CAP-600CAP","3332","Ladies Suede Slippers","7477","Pantoufles Suède Dames : Pointure - 12","0","108","46.9","0"
"A10004-UAC1801NC01C","3333","Pablo Pillow ""Merging Earth and Sky""","","Coussin Pablo ""Fusion Entre Terre et Ciel""","1","59","21","0"
"GCDC35","3373","Dream Catcher ""Change""","","Capteur de Rêve ""Changement""","3","14","6","0"
"SF3","3378","Smudging Feather","","Plume de Fumigation","6","13.95","5.75","0"
"SF4","3381","Smudging Feather ""Nee Chee""","","Plume de Fumigation ""Nee Chee""","7","16.95","7.25","0"
"TS21","3382","Talking Stick - Mini","","Bâton de Parole - Petit","1","18.95","8.210000000000001","0"
"6006-1008-26-KB26118MU","3437","Ladies Suede Slippers","6996","Pantoufles Suède Dames : Pointure - 9","0","166","69","0"
"6006-1008-26-KB26118MU","3437","Ladies Suede Slippers","7478","Pantoufles Suède Dames : Pointure - 4","1","166","69","0"
"6006-1008-26-KB26118MU","3437","Ladies Suede Slippers","7479","Pantoufles Suède Dames : Pointure - 5","1","166","69","0"
"6006-1008-26-KB26118MU","3437","Ladies Suede Slippers","7480","Pantoufles Suède Dames : Pointure - 6","1","166","69","0"
"6006-1008-26-KB26118MU","3437","Ladies Suede Slippers","7481","Pantoufles Suède Dames : Pointure - 7","1","166","69","0"
"6006-1008-26-KB26118MU","3437","Ladies Suede Slippers","7482","Pantoufles Suède Dames : Pointure - 8","0","166","69","0"
"6006-1008-26-KB26118MU","3437","Ladies Suede Slippers","7483","Pantoufles Suède Dames : Pointure - 10","0","166","69","0"
"6006-1008-26-KB26118MU","3437","Ladies Suede Slippers","7484","Pantoufles Suède Dames : Pointure - 11","0","166","69","0"
"6006-1008-26-KB26118MU","3437","Ladies Suede Slippers","7485","Pantoufles Suède Dames : Pointure - 12","0","166","69","0"
"SKU: 45-45-213","3553","Mark Garfield Raven Trivet or Coasters","","Mark Garfield Sous-plat ou Sous-verre Corbeau","0","14.95","5.25","0"
"B442","3554","Leather Moccasins for Men","7008","Mocassins en Cuir pour Hommes : Pointure - 10","0","192","40","0"
"B442","3554","Leather Moccasins for Men","7009","Mocassins en Cuir pour Hommes : Pointure - 11","0","192","40","0"
"B442","3554","Leather Moccasins for Men","7010","Mocassins en Cuir pour Hommes : Pointure - 12","1","192","40","0"
"B442","3554","Leather Moccasins for Men","7011","Mocassins en Cuir pour Hommes : Pointure - 13","1","192","40","0"
"B442","3554","Leather Moccasins for Men","7014","Mocassins en Cuir pour Hommes : Pointure - 9","0","192","40","0"
"B442","3554","Leather Moccasins for Men","7486","Mocassins en Cuir pour Hommes : Pointure - 6","0","192","40","0"
"B442","3554","Leather Moccasins for Men","7487","Mocassins en Cuir pour Hommes : Pointure - 7","0","192","40","0"
"B442","3554","Leather Moccasins for Men","7488","Mocassins en Cuir pour Hommes : Pointure - 8","1","192","40","0"
"B442","3554","Leather Moccasins for Men","7489","Mocassins en Cuir pour Hommes : Pointure - 14","0","192","40","0"
"B442","3554","Leather Moccasins for Men","7490","Mocassins en Cuir pour Hommes : Pointure - 15","0","192","40","0"
"771","3556","Ladies Suede Slippers","7016","Pantoufles Suède Dames : Pointure - 6","1","200","87","0"
"771","3556","Ladies Suede Slippers","7017","Pantoufles Suède Dames : Pointure - 7","0","200","87","0"
"771","3556","Ladies Suede Slippers","7018","Pantoufles Suède Dames : Pointure - 8","0","200","87","0"
"771","3556","Ladies Suede Slippers","7019","Pantoufles Suède Dames : Pointure - 9","0","200","87","0"
"771","3556","Ladies Suede Slippers","7020","Pantoufles Suède Dames : Pointure - 10","0","200","87","0"
"771","3556","Ladies Suede Slippers","7491","Pantoufles Suède Dames : Pointure - 4","1","200","87","0"
"771","3556","Ladies Suede Slippers","7492","Pantoufles Suède Dames : Pointure - 5","0","200","87","0"
"SKU: 53-53-587x2","3557","Bill Helin Chilkat Trivet or Coasters","","Bill Helin Sous-plat ou Sous-verre Chilkat","0","14","6.3","0"
"SKU: 45-45-215x2","3558","Mark Garfield Raven Trivet or Coasters","","Mark Garfield Sous-plat ou Sous-verre Corbeau","0","14.95","5.25","0"
"698","3756","Suede Moccasins for Children","7493","Mocassins en Suède pour Enfants : Pointure - 10","0","74","32.15","0"
"698","3756","Suede Moccasins for Children","7494","Mocassins en Suède pour Enfants : Pointure - 8","1","74","32.15","0"
"698","3756","Suede Moccasins for Children","7495","Mocassins en Suède pour Enfants : Pointure - 9","0","74","32.15","0"
"698","3756","Suede Moccasins for Children","7496","Mocassins en Suède pour Enfants : Pointure - 7","1","74","32.15","0"
"698","3756","Suede Moccasins for Children","7497","Mocassins en Suède pour Enfants : Pointure - 3","2","74","32.15","0"
"698","3756","Suede Moccasins for Children","7498","Mocassins en Suède pour Enfants : Pointure - 4","0","74","32.15","0"
"698","3756","Suede Moccasins for Children","7499","Mocassins en Suède pour Enfants : Pointure - 5","1","74","32.15","0"
"698","3756","Suede Moccasins for Children","7500","Mocassins en Suède pour Enfants : Pointure - 6","0","74","32.15","0"
"150GRY","3840","Ballerina Slippers","7501","Mocassins Ballerine : Pointure - 10","2","115","57.75","0"
"150GRY","3840","Ballerina Slippers","7502","Mocassins Ballerine : Pointure - 6","1","115","57.75","0"
"150GRY","3840","Ballerina Slippers","7503","Mocassins Ballerine : Pointure - 7","4","115","57.75","0"
"150GRY","3840","Ballerina Slippers","7504","Mocassins Ballerine : Pointure - 8","1","115","57.75","0"
"150GRY","3840","Ballerina Slippers","7505","Mocassins Ballerine : Pointure - 9","2","115","57.75","0"
"150GRY","3840","Ballerina Slippers","7506","Mocassins Ballerine : Pointure - 5","2","115","57.75","0"
"150GRY","3840","Ballerina Slippers","9592","Mocassins Ballerine : Pointure - 11","0","115","57.75","0"
"150GRY","3840","Ballerina Slippers","9593","Mocassins Ballerine : Pointure - 12","0","115","57.75","0"
"Palo Santo","3853","Palo Santo","","Palo Santo","1","16","6.95","0"
"6481727CHO","3879","Ladies Conchos","7514","Conchos pour Dames : Pointure - 5","0","104","44.9","0"
"6481727CHO","3879","Ladies Conchos","7515","Conchos pour Dames : Pointure - 6","0","104","44.9","0"
"6481727CHO","3879","Ladies Conchos","7516","Conchos pour Dames : Pointure - 4","0","104","44.9","0"
"6481727CHO","3879","Ladies Conchos","7517","Conchos pour Dames : Pointure - 7","0","104","44.9","0"
"6481727CHO","3879","Ladies Conchos","7518","Conchos pour Dames : Pointure - 8","0","104","44.9","0"
"6481727CHO","3879","Ladies Conchos","7519","Conchos pour Dames : Pointure - 9","0","104","44.9","0"
"6481727CHO","3879","Ladies Conchos","7520","Conchos pour Dames : Pointure - 11","0","104","44.9","0"
"6481727CHO","3879","Ladies Conchos","7521","Conchos pour Dames : Pointure - 10","0","104","44.9","0"
"6481727CHO","3879","Ladies Conchos","7522","Conchos pour Dames : Pointure - 12","0","104","44.9","0"
"63-63-bearbell","3956","Bear Bell","","Cloche à Ours","1","16.45","7","0"
"SKU: 00-07-409","4048","Bill Helin Raven Pendant","","Bill Helin Pendentif Corbeau","0","82","35.5","0"
"SKU: 00-07-428","4049","Bill Helin Raven Sunlight Earrings","","Bill Helin Boucles Corbeau du Soleil","0","85","37","0"
"A16058-MSS0701NC04A","4056","Salvadore Tee for Men ""Silent Seekers""","7535","Salvador Tee pour Homme ""Quête de Silence"" : Taille - P","1","89","36","0"
"A16058-MSS0701NC04A","4056","Salvadore Tee for Men ""Silent Seekers""","7536","Salvador Tee pour Homme ""Quête de Silence"" : Taille - M","1","89","36","0"
"A16058-MSS0701NC04A","4056","Salvadore Tee for Men ""Silent Seekers""","7537","Salvador Tee pour Homme ""Quête de Silence"" : Taille - L","1","89","36","0"
"A16058-MSS0701NC04A","4056","Salvadore Tee for Men ""Silent Seekers""","7538","Salvador Tee pour Homme ""Quête de Silence"" : Taille - XL","1","89","36","0"
"A16058-MSS0701NC04A","4056","Salvadore Tee for Men ""Silent Seekers""","7539","Salvador Tee pour Homme ""Quête de Silence"" : Taille - XP","1","89","36","0"
"P-RENARD","4057","Plush made with Fox Fur","","Peluche en Renard","0","45","20.5","0"
"P-LAPIN","4058","Plush made with Rabbit Fur","","Peluche en Lapin","1","37","17.5","0"
"P-CASTOR","4059","Plush made with Beaver Fur","","Peluche en Castor","1","38","17.5","0"
"P-MOUFETTE","4060","Plush with Skunk","","Peluche en Moufette","2","38","17.5","0"
"90","4061","Sheepskin Insoles","9704","Semelles en Mouton : Pointure - XP","8","21","9.300000000000001","0"
"90","4061","Sheepskin Insoles","9705","Semelles en Mouton : Pointure - P","8","21","9.300000000000001","0"
"90","4061","Sheepskin Insoles","9706","Semelles en Mouton : Pointure - M","9","21","9.300000000000001","0"
"90","4061","Sheepskin Insoles","9707","Semelles en Mouton : Pointure - L","19","21","9.300000000000001","0"
"90","4061","Sheepskin Insoles","9708","Semelles en Mouton : Pointure - XL","2","21","9.300000000000001","0"
"90","4061","Sheepskin Insoles","9709","Semelles en Mouton : Pointure - XXL","9","21","9.300000000000001","0"
"GRO_1","4062","Bear Fat","","Graisse d'Ours","3","34.5","15","0"
"ML05","4063","Long Mittens in Natural Seal Fur","7654","Longues Mitaines en Fourrure de Loup Marin Naturel : Taille - XP","0","350","163","0"
"ML05","4063","Long Mittens in Natural Seal Fur","7655","Longues Mitaines en Fourrure de Loup Marin Naturel : Taille - P","0","350","163","0"
"ML05","4063","Long Mittens in Natural Seal Fur","7656","Longues Mitaines en Fourrure de Loup Marin Naturel : Taille - M","0","350","163","0"
"ML05","4063","Long Mittens in Natural Seal Fur","7657","Longues Mitaines en Fourrure de Loup Marin Naturel : Taille - L","1","350","163","0"
"ML05","4063","Long Mittens in Natural Seal Fur","7658","Longues Mitaines en Fourrure de Loup Marin Naturel : Taille - XL","0","350","163","0"
"ML05","4063","Long Mittens in Natural Seal Fur","7659","Longues Mitaines en Fourrure de Loup Marin Naturel : Taille - XXL","0","350","163","0"
"TUL-05","4068","Natural Seal Skin Beanie","7690","Tuque en Loup Marin Naturel : Taille - XP","0","360","172","0"
"TUL-05","4068","Natural Seal Skin Beanie","7691","Tuque en Loup Marin Naturel : Taille - P","0","360","172","0"
"TUL-05","4068","Natural Seal Skin Beanie","7692","Tuque en Loup Marin Naturel : Taille - M","0","360","172","0"
"TUL-05","4068","Natural Seal Skin Beanie","7693","Tuque en Loup Marin Naturel : Taille - L","1","360","172","0"
"TUL-05","4068","Natural Seal Skin Beanie","7694","Tuque en Loup Marin Naturel : Taille - XL","0","360","172","0"
"PMM4834","4069","Sheep Skin with Black Tips","","Peau de Mouton Moustaché","1","140","60","0"
"ML05C","4073","Mittens in Natural Seal Skin","7672","Mitaines en Fourrure de Loup Marin Naturel : Taille - P","0","239","112","0"
"ML05C","4073","Mittens in Natural Seal Skin","7673","Mitaines en Fourrure de Loup Marin Naturel : Taille - M","1","239","112","0"
"ML05C","4073","Mittens in Natural Seal Skin","7674","Mitaines en Fourrure de Loup Marin Naturel : Taille - L","1","239","112","0"
"ML05C","4073","Mittens in Natural Seal Skin","7675","Mitaines en Fourrure de Loup Marin Naturel : Taille - XL","1","239","112","0"
"ML05C","4073","Mittens in Natural Seal Skin","7676","Mitaines en Fourrure de Loup Marin Naturel : Taille - XXL","0","239","112","0"
"ML05C","4073","Mittens in Natural Seal Skin","7677","Mitaines en Fourrure de Loup Marin Naturel : Taille - XP","0","239","112","0"
"ML01","4074","Long Mittens in Black Seal Fur","7678","Longue Mitaines en Fourrure de Loup Marin Noir : Taille - P","0","325","157","0"
"ML01","4074","Long Mittens in Black Seal Fur","7679","Longue Mitaines en Fourrure de Loup Marin Noir : Taille - M","0","325","157","0"
"ML01","4074","Long Mittens in Black Seal Fur","7680","Longue Mitaines en Fourrure de Loup Marin Noir : Taille - L","0","325","157","0"
"ML01","4074","Long Mittens in Black Seal Fur","7681","Longue Mitaines en Fourrure de Loup Marin Noir : Taille - XL","0","325","157","0"
"ML01","4074","Long Mittens in Black Seal Fur","7682","Longue Mitaines en Fourrure de Loup Marin Noir : Taille - XXL","0","325","157","0"
"ML01","4074","Long Mittens in Black Seal Fur","7683","Longue Mitaines en Fourrure de Loup Marin Noir : Taille - XP","0","325","157","0"
"MVL-05","4075","Mittens in Natural Seal Skin","7684","Mitaines en Fourrure de Loup Marin Naturel : Taille - P","0","172","80","0"
"MVL-05","4075","Mittens in Natural Seal Skin","7685","Mitaines en Fourrure de Loup Marin Naturel : Taille - M","2","172","80","0"
"MVL-05","4075","Mittens in Natural Seal Skin","7686","Mitaines en Fourrure de Loup Marin Naturel : Taille - L","2","172","80","0"
"MVL-05","4075","Mittens in Natural Seal Skin","7687","Mitaines en Fourrure de Loup Marin Naturel : Taille - XL","2","172","80","0"
"MVL-05","4075","Mittens in Natural Seal Skin","7688","Mitaines en Fourrure de Loup Marin Naturel : Taille - XXL","0","172","80","0"
"MVL-05","4075","Mittens in Natural Seal Skin","7689","Mitaines en Fourrure de Loup Marin Naturel : Taille - XP","0","172","80","0"
"A20067-2","4079","Ltd Edition - All my Relations","7699","Édition Ltée - Toutes mes Relations : Options d'encadrement - Sans cadre","3","170","0","74"
"A20067-2","4079","Ltd Edition - All my Relations","7700","Édition Ltée - Toutes mes Relations : Options d'encadrement - Cadre rustique noir 1""","0","335","0","0"
"A20067-2","4079","Ltd Edition - All my Relations","7701","Édition Ltée - Toutes mes Relations : Options d'encadrement - Cadre rustique brun 1""","0","335","0","0"
"A20067-2","4079","Ltd Edition - All my Relations","7702","Édition Ltée - Toutes mes Relations : Options d'encadrement - Cadre rustique gris 1""","0","335","0","0"
"A20067-POD2580","4080","Card - All my Relations","","Carte - Toutes mes Relations","11","6.35","2.75","0"
"A20067-6","4081","Small Print - All my Relations","","Petite Repro - Toutes mes Relations","7","25","10.87","0"
"A19054-2","4082","Ltd Edition - Footprint","7703","Édition Ltée - Empreintes Ancestrales : Options d'encadrement - Cadre rustique noir 1""","0","335","0","0"
"A19054-2","4082","Ltd Edition - Footprint","7704","Édition Ltée - Empreintes Ancestrales : Options d'encadrement - Cadre rustique brun 1""","0","335","0","0"
"A19054-2","4082","Ltd Edition - Footprint","7705","Édition Ltée - Empreintes Ancestrales : Options d'encadrement - Cadre rustique gris 1""","0","335","0","0"
"A19054-2","4082","Ltd Edition - Footprint","7706","Édition Ltée - Empreintes Ancestrales : Options d'encadrement - Sans cadre","2","170","0","74"
"A19054-7","4083","Card - Footprint","","Carte - Empreintes Ancestrales","6","5.5","2.5","0"
"A20067-1","4086","Canvas - All my Relations","7718","Toile - Toutes mes Relations : Options d'encadrement - Sans cadre","1","325","0","0"
"A20067-1","4086","Canvas - All my Relations","7720","Toile - Toutes mes Relations : Options d'encadrement - Cadre flottant bois noir","0","425","0","0"
"A20067-1","4086","Canvas - All my Relations","7721","Toile - Toutes mes Relations : Options d'encadrement - Cadre flottant bois brun","0","425","0","0"
"A20067-1","4086","Canvas - All my Relations","7722","Toile - Toutes mes Relations : Options d'encadrement - Cadre flottant bois étain","0","425","0","0"
"A19054-6","4088","Small Print - Footprint","","Petite Repro - Empreintes Ancestrales","14","25","10.87","0"
"A18062-7","4126","Card - Humility","","Carte - Humilité","1","5.5","2.5","0"
"A18062-6","4127","Small Print - Humility","","Petite Repro - Humilité","10","25","10.87","0"
"Shell","4128","Abalone Shell","8576","Coquille d'Ormeau : Fumigation - Petit 3"" x 4""","4","28","0","14"
"Shell","4128","Abalone Shell","8577","Coquille d'Ormeau : Fumigation - Large 4.5"" x 5.5""","17","36","0","18"
"Shell","4128","Abalone Shell","11842","Coquille d'Ormeau : Fumigation - Moyen 3.5"" x 4.5""","10","32","0","16"
"A18062-2","4129","Ltd Edition - Humility","7729","Édition Ltée - Humilité : Options d'encadrement - Cadre rustique noir 1""","0","335","0","0"
"A18062-2","4129","Ltd Edition - Humility","7730","Édition Ltée - Humilité : Options d'encadrement - Cadre rustique brun 1""","0","335","0","0"
"A18062-2","4129","Ltd Edition - Humility","7731","Édition Ltée - Humilité : Options d'encadrement - Cadre rustique gris 1""","0","335","0","0"
"A18062-2","4129","Ltd Edition - Humility","7732","Édition Ltée - Humilité : Options d'encadrement - Sans cadre","2","170","0","74"
"8193TAN","4139","Leather Mukluks for Men","7737","Mukluks en Cuir pour Hommes : Pointure - 12","1","340","153","0"
"8193TAN","4139","Leather Mukluks for Men","7738","Mukluks en Cuir pour Hommes : Pointure - 11","1","340","153","0"
"8193TAN","4139","Leather Mukluks for Men","7739","Mukluks en Cuir pour Hommes : Pointure - 15","0","350","153","0"
"8193TAN","4139","Leather Mukluks for Men","7740","Mukluks en Cuir pour Hommes : Pointure - 14","0","350","153","0"
"8193TAN","4139","Leather Mukluks for Men","7741","Mukluks en Cuir pour Hommes : Pointure - 6","0","340","153","0"
"8193TAN","4139","Leather Mukluks for Men","7742","Mukluks en Cuir pour Hommes : Pointure - 7","0","340","153","0"
"8193TAN","4139","Leather Mukluks for Men","7743","Mukluks en Cuir pour Hommes : Pointure - 8","0","340","153","0"
"8193TAN","4139","Leather Mukluks for Men","7744","Mukluks en Cuir pour Hommes : Pointure - 9","1","340","153","0"
"8193TAN","4139","Leather Mukluks for Men","7745","Mukluks en Cuir pour Hommes : Pointure - 10","0","340","153","0"
"8193TAN","4139","Leather Mukluks for Men","7746","Mukluks en Cuir pour Hommes : Pointure - 13","0","340","153","0"
"8193BLK","4141","Leather Mukluks for Men","7754","Mukluks en Cuir pour Hommes : Pointure - 12","0","340","153","0"
"8193BLK","4141","Leather Mukluks for Men","7755","Mukluks en Cuir pour Hommes : Pointure - 11","0","340","153","0"
"8193BLK","4141","Leather Mukluks for Men","7756","Mukluks en Cuir pour Hommes : Pointure - 15","0","350","153","0"
"8193BLK","4141","Leather Mukluks for Men","7757","Mukluks en Cuir pour Hommes : Pointure - 14","0","350","153","0"
"8193BLK","4141","Leather Mukluks for Men","7759","Mukluks en Cuir pour Hommes : Pointure - 7","0","340","153","0"
"8193BLK","4141","Leather Mukluks for Men","7760","Mukluks en Cuir pour Hommes : Pointure - 8","0","340","153","0"
"8193BLK","4141","Leather Mukluks for Men","7761","Mukluks en Cuir pour Hommes : Pointure - 9","0","340","153","0"
"8193BLK","4141","Leather Mukluks for Men","7762","Mukluks en Cuir pour Hommes : Pointure - 10","0","340","153","0"
"8193BLK","4141","Leather Mukluks for Men","7763","Mukluks en Cuir pour Hommes : Pointure - 13","0","340","153","0"
"8193BLK","4141","Leather Mukluks for Men","7788","Mukluks en Cuir pour Hommes : Pointure - 6","1","340","153","0"
"8193TAN","4142","Ladies Mukluks","7764","Mukluks en Cuir pour Dames : Pointure - 12","0","331","0","0"
"8193TAN","4142","Ladies Mukluks","7765","Mukluks en Cuir pour Dames : Pointure - 11","0","331","0","0"
"8193TAN","4142","Ladies Mukluks","7768","Mukluks en Cuir pour Dames : Pointure - 6","0","331","0","0"
"8193TAN","4142","Ladies Mukluks","7769","Mukluks en Cuir pour Dames : Pointure - 7","0","331","0","0"
"8193TAN","4142","Ladies Mukluks","7770","Mukluks en Cuir pour Dames : Pointure - 8","0","331","0","0"
"8193TAN","4142","Ladies Mukluks","7771","Mukluks en Cuir pour Dames : Pointure - 9","0","331","0","0"
"8193TAN","4142","Ladies Mukluks","7772","Mukluks en Cuir pour Dames : Pointure - 10","0","331","0","0"
"8193TAN","4142","Ladies Mukluks","7774","Mukluks en Cuir pour Dames : Pointure - 4","0","331","0","0"
"8193TAN","4142","Ladies Mukluks","7775","Mukluks en Cuir pour Dames : Pointure - 5","0","331","0","0"
"8193BLK","4143","Ladies Mukluks","7776","Pointure - 12","0","331","0","0"
"8193BLK","4143","Ladies Mukluks","7777","Pointure - 11","0","331","0","0"
"8193BLK","4143","Ladies Mukluks","7780","Pointure - 6","0","331","0","0"
"8193BLK","4143","Ladies Mukluks","7781","Pointure - 7","0","331","0","0"
"8193BLK","4143","Ladies Mukluks","7782","Pointure - 8","0","331","0","0"
"8193BLK","4143","Ladies Mukluks","7783","Pointure - 9","0","331","0","0"
"8193BLK","4143","Ladies Mukluks","7784","Pointure - 10","0","331","0","0"
"8193BLK","4143","Ladies Mukluks","7786","Pointure - 4","0","331","0","0"
"8193BLK","4143","Ladies Mukluks","7787","Pointure - 5","0","331","0","0"
"A20055-1","4144","Canvas - Refuge","7789","Toile - Refuge : Options d'encadrement - Cadre flottant bois noir","0","425","0","0"
"A20055-1","4144","Canvas - Refuge","7790","Toile - Refuge : Options d'encadrement - Cadre flottant bois brun","0","425","0","0"
"A20055-1","4144","Canvas - Refuge","7791","Toile - Refuge : Options d'encadrement - Cadre flottant bois étain","0","425","0","0"
"A20055-1","4144","Canvas - Refuge","7792","Toile - Refuge : Options d'encadrement - Sans cadre","0","325","0","0"
"A20055-1","4144","Canvas - Refuge","7793","Toile - Refuge : Options d'encadrement - Sans cadre - 48"" x 30""","1","695","0","0"
"A20055-1","4144","Canvas - Refuge","7806","Toile - Refuge : Options d'encadrement - Cadre flottant noir","0","825","0","0"
"A20055-1","4144","Canvas - Refuge","7807","Toile - Refuge : Options d'encadrement - Cadre flottant brun","0","825","0","0"
"A20055-1","4144","Canvas - Refuge","7808","Toile - Refuge : Options d'encadrement - Cadre flottant étain","0","825","0","0"
"A18061-1","4145","Canvas - Seed of Life","7794","Toile - Semence de Vie : Options d'encadrement - Cadre flottant bois noir","0","435","0","0"
"A18061-1","4145","Canvas - Seed of Life","7795","Toile - Semence de Vie : Options d'encadrement - Cadre flottant bois brun","0","435","0","0"
"A18061-1","4145","Canvas - Seed of Life","7796","Toile - Semence de Vie : Options d'encadrement - Cadre flottant bois étain","0","435","0","0"
"A18061-1","4145","Canvas - Seed of Life","7797","Toile - Semence de Vie : Options d'encadrement - Sans cadre","1","335","0","0"
"A18066-1","4146","Canvas - Under the Same Sky","7798","Toile - Sous le Même Ciel : Options d'encadrement - Cadre flottant bois noir","0","395","0","0"
"A18066-1","4146","Canvas - Under the Same Sky","7799","Toile - Sous le Même Ciel : Options d'encadrement - Cadre flottant bois brun","0","395","0","0"
"A18066-1","4146","Canvas - Under the Same Sky","7800","Toile - Sous le Même Ciel : Options d'encadrement - Cadre flottant bois étain","0","395","0","0"
"A18066-1","4146","Canvas - Under the Same Sky","7801","Toile - Sous le Même Ciel : Options d'encadrement - Sans cadre","1","295","0","0"
"A20055-2","4148","Ltd Edition - Refuge","7809","Édition Ltée - Refuge : Options d'encadrement - Cadre rustique noir 1""","0","335","0","0"
"A20055-2","4148","Ltd Edition - Refuge","7810","Édition Ltée - Refuge : Options d'encadrement - Cadre rustique brun 1""","0","335","0","0"
"A20055-2","4148","Ltd Edition - Refuge","7811","Édition Ltée - Refuge : Options d'encadrement - Cadre rustique gris 1""","0","335","0","0"
"A20055-2","4148","Ltd Edition - Refuge","7812","Édition Ltée - Refuge : Options d'encadrement - Sans cadre","4","155","0","77.5"
"A18061-2","4149","Ltd Edition - Seed of Life","7813","Édition Ltée - Semence de Vie : Options d'encadrement - Cadre rustique noir 1""","0","335","0","0"
"A18061-2","4149","Ltd Edition - Seed of Life","7814","Édition Ltée - Semence de Vie : Options d'encadrement - Cadre rustique brun 1""","0","335","0","0"
"A18061-2","4149","Ltd Edition - Seed of Life","7815","Édition Ltée - Semence de Vie : Options d'encadrement - Cadre rustique gris 1""","0","335","0","0"
"A18061-2","4149","Ltd Edition - Seed of Life","7816","Édition Ltée - Semence de Vie : Options d'encadrement - Sans cadre","1","170","0","74"
"A18066-2","4150","Ltd Edition - Under the Same Sky","7817","Édition Ltée - Sous le Même Ciel : Options d'encadrement - Cadre rustique noir 1""","0","335","0","0"
"A18066-2","4150","Ltd Edition - Under the Same Sky","7818","Édition Ltée - Sous le Même Ciel : Options d'encadrement - Cadre rustique brun 1""","0","335","0","0"
"A18066-2","4150","Ltd Edition - Under the Same Sky","7819","Édition Ltée - Sous le Même Ciel : Options d'encadrement - Cadre rustique gris 1""","0","335","0","0"
"A18066-2","4150","Ltd Edition - Under the Same Sky","7820","Édition Ltée - Sous le Même Ciel : Options d'encadrement - Sans cadre","2","170","0","74"
"A20055-POD2571","4156","Card - Refuge","","Carte - Refuge","13","6.35","2.75","0"
"A18061-POD2573","4157","Card - Seed of Life","","Carte - Semence de Vie","5","6.35","2.75","0"
"A20055-6","4169","Small Print - Refuge","","Petite Repro - Refuge","2","25","10.87","0"
"A18061-6","4170","Small Print - Seed of Life","","Petite Repro - Semence de Vie","1","25","10.87","0"
"A18066-6","4171","Small Print - Under the Same Sky","","Petite Repro - Sous le Même Ciel","1","25","10.87","0"
"A08021-6","4173","Small Print - Wikwemikong","","Petite Repro - Wikwemikong","3","25","10.87","0"
"A09010-6","4174","Small Print - Kouragimut","","Petite Repro - Kouragimut","2","25","10.87","0"
"SKU:00-07-564x2","4241","Andrew Williams Double Eagle Bracelet","7832","Andrew William Bracelet Double Aigle : Taille - 6.5""","1","110.95","48","0"
"SKU:00-07-564x2","4241","Andrew Williams Double Eagle Bracelet","7833","Andrew William Bracelet Double Aigle : Taille - 8""","0","110.95","48","0"
"SKU:54-54-304","4303","Passport Pouch Raven","7835","Sacoche à Passeport Corbeau : Couleurs - Turquoise","0","72","31","0"
"SKU:54-54-304","4303","Passport Pouch Raven","7836","Sacoche à Passeport Corbeau : Couleurs - Noir","1","72","31","0"
"SKU:54-54-304","4303","Passport Pouch Raven","7837","Sacoche à Passeport Corbeau : Couleurs - Rouge","1","72","31","0"
"SKU:54-54-304","4303","Passport Pouch Raven","7838","Sacoche à Passeport Corbeau : Couleurs - Tan","0","72","31","0"
"SKU:54-54-556","4304","Passport Pouch Bear Box","","Sacoche à Passeport Bear Box","0","88","38","0"
"A18066-UAC0301NCOUA","4549","Reuben Tote Bag ""Under the Same Sky""","","Sac Reuben ""Sous le Même Ciel""","4","49","21","0"
"A08013-UAC0401NC0FA","4550","Nino Place Mats ""New Day""","10362","Napperons Nino ""Nouveau Jour"" : Style - Coins carrés","0","15","6.5","0"
"A08013-UAC0401NC0FA","4550","Nino Place Mats ""New Day""","10363","Napperons Nino ""Nouveau Jour"" : Style - Coins arrondis","1","15","6.5","0"
"A16059-UAC0401NC0IA","4551","Nino Place Mats ""Wisdom Keepers""","","Napperons Nino ""Gardiens de la Sagesse""","6","15","6.5","0"
"A18066-UAC0401NC0UA","4552","Nino Place Mats ""Under the Same Sky""","10360","Napperons Nino ""Sous le Même Ciel"" : Style - Coins carrés","0","15","6.5","0"
"A18066-UAC0401NC0UA","4552","Nino Place Mats ""Under the Same Sky""","10361","Napperons Nino ""Sous le Même Ciel"" : Style - Coins arrondis","1","15","6.5","0"
"A17064-UAC0401NC03A","4553","Nino Place Mats ""M'Otter Love""","","Napperons Nino ""L'Outre Mère""","11","15","6.5","0"
"4890/8","4562","Ladies Leather Moccasins","7901","Mocassins En Cuir pour Dames : Pointure - 4","0","138","60","0"
"4890/8","4562","Ladies Leather Moccasins","7902","Mocassins En Cuir pour Dames : Pointure - 5","0","138","60","0"
"4890/8","4562","Ladies Leather Moccasins","7903","Mocassins En Cuir pour Dames : Pointure - 6","0","138","60","0"
"4890/8","4562","Ladies Leather Moccasins","7904","Mocassins En Cuir pour Dames : Pointure - 7","0","138","60","0"
"4890/8","4562","Ladies Leather Moccasins","7905","Mocassins En Cuir pour Dames : Pointure - 8","0","138","60","0"
"4890/8","4562","Ladies Leather Moccasins","7906","Mocassins En Cuir pour Dames : Pointure - 9","0","138","60","0"
"4890/8","4562","Ladies Leather Moccasins","7907","Mocassins En Cuir pour Dames : Pointure - 10","0","138","60","0"
"9013-0020-13-1950980CHO","4569","Ladies Mukluks","7915","Mukluks pour Dames : Pointure - 7","0","192","83.29000000000001","0"
"9013-0020-13-1950980CHO","4569","Ladies Mukluks","7916","Mukluks pour Dames : Pointure - 8","2","192","83.29000000000001","0"
"9013-0020-13-1950980CHO","4569","Ladies Mukluks","7917","Mukluks pour Dames : Pointure - 9","2","192","83.29000000000001","0"
"9013-0020-13-1950980CHO","4569","Ladies Mukluks","11668","Mukluks pour Dames : Pointure - 6","0","192","83.29000000000001","0"
"9013-0020-13-1950980CHO","4569","Ladies Mukluks","11669","Mukluks pour Dames : Pointure - 10","0","192","83.29000000000001","0"
"9013-0020-13-1950980CHO","4569","Ladies Mukluks","11670","Mukluks pour Dames : Pointure - 11","0","192","83.29000000000001","0"
"9013-0020-13-1950980CHO","4569","Ladies Mukluks","11671","Mukluks pour Dames : Pointure - 12","0","192","83.29000000000001","0"
"2780-0408-85-377785MO","4572","Ladies Conchos","7927","Conchos pour Dames : Pointure - 4","0","209","90","0"
"2780-0408-85-377785MO","4572","Ladies Conchos","7928","Conchos pour Dames : Pointure - 5","0","209","90","0"
"2780-0408-85-377785MO","4572","Ladies Conchos","7929","Conchos pour Dames : Pointure - 6","0","209","90","0"
"2780-0408-85-377785MO","4572","Ladies Conchos","7930","Conchos pour Dames : Pointure - 7","0","209","90","0"
"2780-0408-85-377785MO","4572","Ladies Conchos","7931","Conchos pour Dames : Pointure - 8","0","209","90","0"
"2780-0408-85-377785MO","4572","Ladies Conchos","7932","Conchos pour Dames : Pointure - 9","0","209","90","0"
"2780-0408-85-377785MO","4572","Ladies Conchos","7933","Conchos pour Dames : Pointure - 10","0","209","90","0"
"2780-0408-85-377785MO","4572","Ladies Conchos","7934","Conchos pour Dames : Pointure - 11","0","209","90","0"
"2780-0408-85-377785IND","4573","Ladies Conchos","7943","Conchos pour Dames : Pointure - 4","0","209","90","0"
"2780-0408-85-377785IND","4573","Ladies Conchos","7944","Conchos pour Dames : Pointure - 5","0","209","90","0"
"2780-0408-85-377785IND","4573","Ladies Conchos","7945","Conchos pour Dames : Pointure - 6","0","209","90","0"
"2780-0408-85-377785IND","4573","Ladies Conchos","7946","Conchos pour Dames : Pointure - 7","0","209","90","0"
"2780-0408-85-377785IND","4573","Ladies Conchos","7947","Conchos pour Dames : Pointure - 8","0","209","90","0"
"2780-0408-85-377785IND","4573","Ladies Conchos","7948","Conchos pour Dames : Pointure - 9","0","209","90","0"
"2780-0408-85-377785IND","4573","Ladies Conchos","7949","Conchos pour Dames : Pointure - 10","1","209","90","0"
"2780-0408-85-377785IND","4573","Ladies Conchos","7950","Conchos pour Dames : Pointure - 11","0","209","90","0"
"2780-0408-85-377785CHO","4574","Ladies Conchos","7959","Conchos pour Dames : Pointure - 4","0","209","90","0"
"2780-0408-85-377785CHO","4574","Ladies Conchos","7960","Conchos pour Dames : Pointure - 5","0","209","90","0"
"2780-0408-85-377785CHO","4574","Ladies Conchos","7961","Conchos pour Dames : Pointure - 6","0","209","90","0"
"2780-0408-85-377785CHO","4574","Ladies Conchos","7962","Conchos pour Dames : Pointure - 7","0","209","90","0"
"2780-0408-85-377785CHO","4574","Ladies Conchos","7963","Conchos pour Dames : Pointure - 8","0","209","90","0"
"2780-0408-85-377785CHO","4574","Ladies Conchos","7964","Conchos pour Dames : Pointure - 9","0","209","90","0"
"2780-0408-85-377785CHO","4574","Ladies Conchos","7965","Conchos pour Dames : Pointure - 10","0","209","90","0"
"2780-0408-85-377785CHO","4574","Ladies Conchos","7966","Conchos pour Dames : Pointure - 11","0","209","90","0"
"CC15","4639","GIFT CARD $15","","CARTE CADEAU 15$","996","15","0","0"
"A18066-UAC0701NC0UA","4850","""Under the Same Sky"" Mask","7973","Masque ""Sous le Même Ciel"" : Taille - XP","0","18","15.94","0"
"A18066-UAC0701NC0UA","4850","""Under the Same Sky"" Mask","7974","Masque ""Sous le Même Ciel"" : Taille - P","0","18","15.94","0"
"A18066-UAC0701NC0UA","4850","""Under the Same Sky"" Mask","7975","Masque ""Sous le Même Ciel"" : Taille - L","2","18","15.94","0"
"A18066-UAC0701NC0UA","4850","""Under the Same Sky"" Mask","7976","Masque ""Sous le Même Ciel"" : Taille - XL","3","18","15.94","0"
"A18066-UAC0701NC0UA","4850","""Under the Same Sky"" Mask","7977","Masque ""Sous le Même Ciel"" : Taille - M","0","18","15.94","0"
"A14051-UAC0701NC0TA","4851","""Gezaluwegit"" Mask","7978","Masque ""Gezaluwegit"" : Taille - XP","0","18","15.94","0"
"A14051-UAC0701NC0TA","4851","""Gezaluwegit"" Mask","7979","Masque ""Gezaluwegit"" : Taille - P","0","18","15.94","0"
"A14051-UAC0701NC0TA","4851","""Gezaluwegit"" Mask","7980","Masque ""Gezaluwegit"" : Taille - L","1","18","15.94","0"
"A14051-UAC0701NC0TA","4851","""Gezaluwegit"" Mask","7981","Masque ""Gezaluwegit"" : Taille - XL","3","18","15.94","0"
"A14051-UAC0701NC0TA","4851","""Gezaluwegit"" Mask","7982","Masque ""Gezaluwegit"" : Taille - M","10","18","15.94","0"
"A14051-UAC1801NC0TA","4862","Pablo Pillow ""Gezaluwejit""","","Coussin Pablo ""Gezaluwejit""","2","59","21","0"
"A18066-UAC1201NC0UA","4863","Arthur & Bastien Pillow ""Under the Same Sky""","","Coussin Arthur et Bastien ""Sous le Même Ciel""","4","59","21","0"
"A14051-WAC0201NC0TA","4864","Vivienne Scarf ""Under the Same Sky""","","Foulard Vivienne ""Sous le Même Ciel""","4","59","23","0"
"A14051-WAC0201NC0UA","4865","Vivienne Scarf ""Gezaluwejit""","","Foulard Vivienne ""Gezaluwejit""","3","59","23","0"
"A14051-WBL0601NCOTA","4866","Kimono ""Gezaluwejit""","7983","Taille - TU/OS","0","129","49.5","0"
"A18066-WBL0601NCOUA","4867","Kimono ""Under the Same Sky""","7984","Kimono ""Sous le Même Ciel"" : Taille - TU/OS","2","129","49.5","0"
"A14051-WDR2601NC0TA","4871","Kate Dress ""Gezaluwejit""","7985","Robe Kate ""Gezaluwejit"" : Taille - P","1","169","64.5","0"
"A14051-WDR2601NC0TA","4871","Kate Dress ""Gezaluwejit""","7986","Robe Kate ""Gezaluwejit"" : Taille - M","0","169","64.5","0"
"A14051-WDR2601NC0TA","4871","Kate Dress ""Gezaluwejit""","7987","Robe Kate ""Gezaluwejit"" : Taille - L","0","169","64.5","0"
"A14051-WDR2601NC0TA","4871","Kate Dress ""Gezaluwejit""","7988","Robe Kate ""Gezaluwejit"" : Taille - XL","0","169","64.5","0"
"A14051-WDR2601NC0TA","4871","Kate Dress ""Gezaluwejit""","7989","Robe Kate ""Gezaluwejit"" : Taille - XP","0","169","64.5","0"
"A18066-WDR2601NC0UA","4872","Kate Dress ""Under the Same Sky""","7990","Robe Kate ""Sous le Même Ciel"" : Taille - P","0","169","64.5","0"
"A18066-WDR2601NC0UA","4872","Kate Dress ""Under the Same Sky""","7991","Robe Kate ""Sous le Même Ciel"" : Taille - M","0","169","64.5","0"
"A18066-WDR2601NC0UA","4872","Kate Dress ""Under the Same Sky""","7992","Robe Kate ""Sous le Même Ciel"" : Taille - L","0","169","64.5","0"
"A18066-WDR2601NC0UA","4872","Kate Dress ""Under the Same Sky""","7993","Robe Kate ""Sous le Même Ciel"" : Taille - XL","1","169","64.5","0"
"A18066-WDR2601NC0UA","4872","Kate Dress ""Under the Same Sky""","7994","Robe Kate ""Sous le Même Ciel"" : Taille - XP","1","169","64.5","0"
"1135","4919","Leather Moccasins for Women","7995","Mocassins en Cuir pour Dames : Pointure - 6","1","113","55","0"
"1135","4919","Leather Moccasins for Women","7996","Mocassins en Cuir pour Dames : Pointure - 7","2","113","55","0"
"1135","4919","Leather Moccasins for Women","7997","Mocassins en Cuir pour Dames : Pointure - 8","2","113","55","0"
"1135","4919","Leather Moccasins for Women","7998","Mocassins en Cuir pour Dames : Pointure - 9","2","113","55","0"
"1135","4919","Leather Moccasins for Women","7999","Mocassins en Cuir pour Dames : Pointure - 4","0","113","55","0"
"1135","4919","Leather Moccasins for Women","8000","Mocassins en Cuir pour Dames : Pointure - 5","0","113","55","0"
"1135","4919","Leather Moccasins for Women","8001","Mocassins en Cuir pour Dames : Pointure - 10","0","113","55","0"
"A18066-WPA0301NC0UA","5121","Carla Palazzo ""Under the Same Sky""","8002","Palazzo Carla ""Sous le Même Ciel"" : Taille - P","1","189","74","0"
"A18066-WPA0301NC0UA","5121","Carla Palazzo ""Under the Same Sky""","8003","Palazzo Carla ""Sous le Même Ciel"" : Taille - M","1","189","74","0"
"A18066-WPA0301NC0UA","5121","Carla Palazzo ""Under the Same Sky""","8004","Palazzo Carla ""Sous le Même Ciel"" : Taille - L","0","189","74","0"
"A18066-WPA0301NC0UA","5121","Carla Palazzo ""Under the Same Sky""","8005","Palazzo Carla ""Sous le Même Ciel"" : Taille - XL","0","189","74","0"
"A18066-WPA0301NC0UA","5121","Carla Palazzo ""Under the Same Sky""","8006","Palazzo Carla ""Sous le Même Ciel"" : Taille - XP","0","189","74","0"
"A14051-WPA0301NC0TA","5122","Carla Palazzo ""Gezaluwejit""","8007","Palazzo Carla ""Gezaluwejit"" : Taille - P","1","189","74","0"
"A14051-WPA0301NC0TA","5122","Carla Palazzo ""Gezaluwejit""","8008","Palazzo Carla ""Gezaluwejit"" : Taille - M","0","189","74","0"
"A14051-WPA0301NC0TA","5122","Carla Palazzo ""Gezaluwejit""","8009","Palazzo Carla ""Gezaluwejit"" : Taille - L","0","189","74","0"
"A14051-WPA0301NC0TA","5122","Carla Palazzo ""Gezaluwejit""","8010","Palazzo Carla ""Gezaluwejit"" : Taille - XL","1","189","74","0"
"A14051-WPA0301NC0TA","5122","Carla Palazzo ""Gezaluwejit""","8011","Palazzo Carla ""Gezaluwejit"" : Taille - XP","1","189","74","0"
"A14051-UAC1201NC0TA","5183","Arthur Pillow ""Gezaluwejit""","","Coussin Arthur ""Gezaluwejit""","3","59","21","0"
"A16058-WSS1401NC04A","5188","Kiki T-Shirt ""Silent Seekers"" Plus Size","8027","Kiki T-shirt ""En Quête de Silence"" Taille Plus : Taille - 1X","0","89","43.9","0"
"A16058-WSS1401NC04A","5188","Kiki T-Shirt ""Silent Seekers"" Plus Size","8028","Kiki T-shirt ""En Quête de Silence"" Taille Plus : Taille - 2X","3","89","43.9","0"
"A16058-WSS1401NC04A","5188","Kiki T-Shirt ""Silent Seekers"" Plus Size","8029","Kiki T-shirt ""En Quête de Silence"" Taille Plus : Taille - 3X","1","89","43.9","0"
"WAC0601NC0UA","5214","Claudia Shawl ""Under the Same Sky""","","Châle Claudia ""Sous le Même Ciel""","0","109","35","0"
"A14051-WNS0701NC0TA","5215","Coco Tank ""Gezaluwejit""","8036","Débardeur Coco ""Gezaluwejit"" : Taille - P","0","79","34.35","0"
"A14051-WNS0701NC0TA","5215","Coco Tank ""Gezaluwejit""","8037","Débardeur Coco ""Gezaluwejit"" : Taille - M","0","79","34.35","0"
"A14051-WNS0701NC0TA","5215","Coco Tank ""Gezaluwejit""","8038","Débardeur Coco ""Gezaluwejit"" : Taille - L","0","79","34.35","0"
"A14051-WNS0701NC0TA","5215","Coco Tank ""Gezaluwejit""","8039","Débardeur Coco ""Gezaluwejit"" : Taille - XL","1","79","34.35","0"
"A14051-WNS0701NC0TA","5215","Coco Tank ""Gezaluwejit""","8040","Débardeur Coco ""Gezaluwejit"" : Taille - XP","1","79","34.35","0"
"A18066-WNS0701NC0UA","5217","Coco Tank ""Under the Same Sky""","8041","Débardeur Coco ""Sous le Même Ciel"" : Taille - P","0","79","34.35","0"
"A18066-WNS0701NC0UA","5217","Coco Tank ""Under the Same Sky""","8042","Débardeur Coco ""Sous le Même Ciel"" : Taille - M","0","79","34.35","0"
"A18066-WNS0701NC0UA","5217","Coco Tank ""Under the Same Sky""","8043","Débardeur Coco ""Sous le Même Ciel"" : Taille - L","0","79","34.35","0"
"A18066-WNS0701NC0UA","5217","Coco Tank ""Under the Same Sky""","8044","Débardeur Coco ""Sous le Même Ciel"" : Taille - XL","0","79","34.35","0"
"A18066-WNS0701NC0UA","5217","Coco Tank ""Under the Same Sky""","8045","Débardeur Coco ""Sous le Même Ciel"" : Taille - XP","0","79","34.35","0"
"A18066-WLS01701NC0UA","5224","Mia Turtleneck ""Under the Same Sky""","8046","Col Roulé Mia ""Sous le Même Ciel"" : Taille - P","1","149","59.5","0"
"A18066-WLS01701NC0UA","5224","Mia Turtleneck ""Under the Same Sky""","8047","Col Roulé Mia ""Sous le Même Ciel"" : Taille - M","0","149","59.5","0"
"A18066-WLS01701NC0UA","5224","Mia Turtleneck ""Under the Same Sky""","8048","Col Roulé Mia ""Sous le Même Ciel"" : Taille - L","0","149","59.5","0"
"A18066-WLS01701NC0UA","5224","Mia Turtleneck ""Under the Same Sky""","8049","Col Roulé Mia ""Sous le Même Ciel"" : Taille - XL","0","149","59.5","0"
"A18066-WLS01701NC0UA","5224","Mia Turtleneck ""Under the Same Sky""","8050","Col Roulé Mia ""Sous le Même Ciel"" : Taille - XP","1","149","59.5","0"
"A14051-WAC0601NC0TA","5225","Claudia Shawl ""Gezaluwejit""","","Châle Claudia ""Gezaluwejit""","2","109","35","0"
"A01033-7","5389","Card - New Fire","","Carte - Nouveau Feu","71","5.5","2.5","0"
"150OG","5563","Ballerina Slippers","8057","Mocassins Ballerine : Pointure - 9","3","115","57.75","0"
"150OG","5563","Ballerina Slippers","8058","Mocassins Ballerine : Pointure - 10","2","115","57.75","0"
"150OG","5563","Ballerina Slippers","8059","Mocassins Ballerine : Pointure - 6","1","115","57.75","0"
"150OG","5563","Ballerina Slippers","8060","Mocassins Ballerine : Pointure - 7","0","115","57.75","0"
"150OG","5563","Ballerina Slippers","8061","Mocassins Ballerine : Pointure - 8","1","115","57.75","0"
"150OG","5563","Ballerina Slippers","8062","Mocassins Ballerine : Pointure - 5","0","115","57.75","0"
"150OG","5563","Ballerina Slippers","9594","Mocassins Ballerine : Pointure - 11","0","115","57.75","0"
"150OG","5563","Ballerina Slippers","9595","Mocassins Ballerine : Pointure - 12","0","115","57.75","0"
"150CO","5564","Ballerina Slippers","8063","Mocassins Ballerine : Pointure - 9","0","115","57.75","0"
"150CO","5564","Ballerina Slippers","8064","Mocassins Ballerine : Pointure - 10","0","115","57.75","0"
"150CO","5564","Ballerina Slippers","8065","Mocassins Ballerine : Pointure - 6","0","115","57.75","0"
"150CO","5564","Ballerina Slippers","8066","Mocassins Ballerine : Pointure - 7","0","115","57.75","0"
"150CO","5564","Ballerina Slippers","8067","Mocassins Ballerine : Pointure - 8","0","115","57.75","0"
"150CO","5564","Ballerina Slippers","8068","Mocassins Ballerine : Pointure - 5","0","115","57.75","0"
"150CO","5564","Ballerina Slippers","9596","Mocassins Ballerine : Pointure - 11","0","115","57.75","0"
"150CO","5564","Ballerina Slippers","9597","Mocassins Ballerine : Pointure - 12","0","115","57.75","0"
"A14051-WLS1301NCOTA","5708","Jamie Top ""Gezaluwejit""","8069","Haut Jamie ""Gezaluwejit"" : Taille - XP","1","129","49.5","0"
"A14051-WLS1301NCOTA","5708","Jamie Top ""Gezaluwejit""","8070","Haut Jamie ""Gezaluwejit"" : Taille - P","1","129","49.5","0"
"A14051-WLS1301NCOTA","5708","Jamie Top ""Gezaluwejit""","8071","Haut Jamie ""Gezaluwejit"" : Taille - M","1","129","49.5","0"
"A14051-WLS1301NCOTA","5708","Jamie Top ""Gezaluwejit""","8072","Haut Jamie ""Gezaluwejit"" : Taille - L","1","129","49.5","0"
"A14051-WLS1301NCOTA","5708","Jamie Top ""Gezaluwejit""","8073","Haut Jamie ""Gezaluwejit"" : Taille - XL","0","129","49.5","0"
"W12018-WPA0701NC0DA","5721","Parma Capri ""Early Evening Flowing into Fall""","8079","Capri Parma ""Soirée Glissant vers l'Automne"" : Taille - XP","0","129","55.5","0"
"W12018-WPA0701NC0DA","5721","Parma Capri ""Early Evening Flowing into Fall""","8080","Capri Parma ""Soirée Glissant vers l'Automne"" : Taille - P","1","129","55.5","0"
"W12018-WPA0701NC0DA","5721","Parma Capri ""Early Evening Flowing into Fall""","8081","Capri Parma ""Soirée Glissant vers l'Automne"" : Taille - M","0","129","55.5","0"
"W12018-WPA0701NC0DA","5721","Parma Capri ""Early Evening Flowing into Fall""","8082","Capri Parma ""Soirée Glissant vers l'Automne"" : Taille - L","0","129","55.5","0"
"W12018-WPA0701NC0DA","5721","Parma Capri ""Early Evening Flowing into Fall""","8083","Capri Parma ""Soirée Glissant vers l'Automne"" : Taille - XL","0","129","55.5","0"
"A14051-WLS0701NC0TA","5724","Marlene Top ""Gezaluwejit""","8104","Taille - XP","0","139","79.5","0"
"A14051-WLS0701NC0TA","5724","Marlene Top ""Gezaluwejit""","8105","Taille - P","0","139","79.5","0"
"A14051-WLS0701NC0TA","5724","Marlene Top ""Gezaluwejit""","8106","Taille - M","1","139","79.5","0"
"A14051-WLS0701NC0TA","5724","Marlene Top ""Gezaluwejit""","8107","Taille - XL","1","139","79.5","0"
"A14051-WLS0701NC0TA","5724","Marlene Top ""Gezaluwejit""","8108","Taille - L","1","139","79.5","0"
"W13023-WNS0701NC09A","5725","Coco Tank ""Water and Spirit Buffalo""","8110","Débardeur Coco ""Eau et Esprit du Bison"" : Taille - XP","0","79","34.35","0"
"W13023-WNS0701NC09A","5725","Coco Tank ""Water and Spirit Buffalo""","8111","Débardeur Coco ""Eau et Esprit du Bison"" : Taille - P","1","79","34.35","0"
"W13023-WNS0701NC09A","5725","Coco Tank ""Water and Spirit Buffalo""","8112","Débardeur Coco ""Eau et Esprit du Bison"" : Taille - M","0","79","34.35","0"
"W13023-WNS0701NC09A","5725","Coco Tank ""Water and Spirit Buffalo""","8113","Débardeur Coco ""Eau et Esprit du Bison"" : Taille - L","1","79","34.35","0"
"W13023-WNS0701NC09A","5725","Coco Tank ""Water and Spirit Buffalo""","8114","Débardeur Coco ""Eau et Esprit du Bison"" : Taille - XL","0","79","34.35","0"
"A18066-WLS0701NC0UA","6565","Marlene Top ""Under the Same Sky""","8129","Marlene Top ""Sous le Même Ciel"" : Taille - P","0","139","79.5","0"
"A18066-WLS0701NC0UA","6565","Marlene Top ""Under the Same Sky""","8130","Marlene Top ""Sous le Même Ciel"" : Taille - M","0","139","79.5","0"
"A18066-WLS0701NC0UA","6565","Marlene Top ""Under the Same Sky""","8131","Marlene Top ""Sous le Même Ciel"" : Taille - XL","1","139","79.5","0"
"A18066-WLS0701NC0UA","6565","Marlene Top ""Under the Same Sky""","8132","Marlene Top ""Sous le Même Ciel"" : Taille - L","0","139","79.5","0"
"A18066-WLS0701NC0UA","6565","Marlene Top ""Under the Same Sky""","8133","Marlene Top ""Sous le Même Ciel"" : Taille - XP","2","139","79.5","0"
"SKU:12-12-727","6784","Moose Halo Mug","","Tasse Orignal","0","11","4.75","0"
"SKU: 12-12-102","6785","Inuksuk Oven Mitt","","Mitaine à four Inuksuk","1","18.95","7.5","0"
"SKU: 54-54-565","7029","Moccasins Raven","8158","Mocassins Corbeau : Pointure - 24 mois","1","92","40","0"
"SKU: 54-54-565","7029","Moccasins Raven","8159","Mocassins Corbeau : Pointure - 36 mois","1","92","40","0"
"SKU: 54-54-565","7029","Moccasins Raven","8160","Mocassins Corbeau : Pointure - 18 mois","0","92","40","0"
"SKU: 12-12-406","7042","Boxed Trivet Polar Bear","","Sous-plat Ours Polaire","0","14","6.3","0"
"A01031-UAC2001NCOXA","7147","Pablo Pillow ""Honoring the Giver of life ""","","Coussin Pablo ""Hommage à la Source de Vie""","2","59","21","0"
"A20055-UAC2001NCOYA","7148","Pablo Pillow ""Refuge""","","Coussin Pablo ""Refuge""","1","59","21","0"
"W12005-UAC2001NCOWA","7149","Pablo Pillow ""Earth Keeper""","","Coussin Pablo ""Gardienne de la terre""","1","59","21","0"
"A18066-UAC2001NCOUA","7151","Pablo Pillow ""Under The Same Sky""","","Coussin Pablo ""Sous Le Même Ciel""","3","59","21","0"
"3730","7160","Sungod Earrings","","Boucles d'Oreilles Dieu du Soleil","0","55","25","0"
"3475-1","7161","Stud Earrings","","Boucles d'Oreilles Ronde","5","42","25","0"
"3708","7163","Feather Earrings","","Boucles d'Oreilles Plume","1","40","15","0"
"3460","7164","Leaf Earrings","","Boucles d'Oreilles Feuilles","1","45","15","0"
"3460-5","7165","Onyx Stone Feather Earrings","","Boucle d'Oreilles Plume avec Onyx","0","65","25","0"
"MC005","7259","Long Leather Mittens with Natural Coyote","10885","Longue Mitaine en Cuir avec Coyote Naturel : Taille - P","1","450","210","0"
"MC005","7259","Long Leather Mittens with Natural Coyote","10886","Longue Mitaine en Cuir avec Coyote Naturel : Taille - M","0","450","210","0"
"MC005","7259","Long Leather Mittens with Natural Coyote","10887","Longue Mitaine en Cuir avec Coyote Naturel : Taille - L","0","450","210","0"
"MC005","7259","Long Leather Mittens with Natural Coyote","10888","Longue Mitaine en Cuir avec Coyote Naturel : Taille - XL","1","450","210","0"
"MCO-05T","7260","Long Trapper Mittens Natural Coyote","8170","Longue Mitaine de Trappeur Coyote Naturel : Taille - P","0","538","250","0"
"MCO-05T","7260","Long Trapper Mittens Natural Coyote","8171","Longue Mitaine de Trappeur Coyote Naturel : Taille - M","0","538","250","0"
"MCO-05T","7260","Long Trapper Mittens Natural Coyote","8172","Longue Mitaine de Trappeur Coyote Naturel : Taille - L","0","538","250","0"
"MCO-05T","7260","Long Trapper Mittens Natural Coyote","8173","Longue Mitaine de Trappeur Coyote Naturel : Taille - XL","0","538","250","0"
"COCO-05","7261","Earmuffs with Natural Coyote","","Cache-oreilles en Cocote Naturel","1","130","60","0"
"COLY-5","7270","Earmuffs with Lynx","","Cache-oreilles en Lynx","1","160","74","0"
"GFL-01M","7271","Gloves with Black Seal Skin","8174","Gants en Loup Marin Noir : Taille - XP","0","310","145","0"
"GFL-01M","7271","Gloves with Black Seal Skin","8175","Gants en Loup Marin Noir : Taille - P","1","310","145","0"
"GFL-01M","7271","Gloves with Black Seal Skin","8176","Gants en Loup Marin Noir : Taille - M","1","310","145","0"
"GFL-01M","7271","Gloves with Black Seal Skin","8177","Gants en Loup Marin Noir : Taille - L","1","310","145","0"
"GFL-01M","7271","Gloves with Black Seal Skin","8178","Gants en Loup Marin Noir : Taille - XL","1","310","145","0"
"RL-05AC","7272","Aviator Hat Natural Racoon","8179","Chapeau Aviateur Raton Laveur et Cuir : Taille - P","0","325","152","0"
"RL-05AC","7272","Aviator Hat Natural Racoon","8180","Chapeau Aviateur Raton Laveur et Cuir : Taille - M","0","325","152","0"
"RL-05AC","7272","Aviator Hat Natural Racoon","8181","Chapeau Aviateur Raton Laveur et Cuir : Taille - L","0","325","152","0"
"RL-05AC","7272","Aviator Hat Natural Racoon","8182","Chapeau Aviateur Raton Laveur et Cuir : Taille - XL","0","325","152","0"
"RL-05AC","7272","Aviator Hat Natural Racoon","8183","Chapeau Aviateur Raton Laveur et Cuir : Taille - XXL","0","325","152","0"
"CAP737","7287","CAP Art Cards","","Cartes D'art CAP","411","6.35","2.75","0"
"CAP-MAG","7291","Art Magnet","","Aimant d'Art","82","6.5","2.75","0"
"0000-LP21A","7387","Pendant Inlay Feather","","Pendentif Plume Incrustée","1","440","191.3","0"
"0000-LP22A","7399","Pendant Inlay Feather","","Pendentif Plume Incrustée","1","440","191.3","0"
"A17063-UAC0301NC02A","7505","Reuben Tote Bag ""Depth""","","Sac Reuben ""Profondeur""","6","49","21","0"
"GFL-05M","7621","Gloves with Natural Seal Skin","8188","Gants en Loup Marin Naturel : Taille - P","0","325","150","0"
"GFL-05M","7621","Gloves with Natural Seal Skin","8189","Gants en Loup Marin Naturel : Taille - M","0","325","150","0"
"GFL-05M","7621","Gloves with Natural Seal Skin","8190","Gants en Loup Marin Naturel : Taille - L","0","325","150","0"
"GFL-05M","7621","Gloves with Natural Seal Skin","8191","Gants en Loup Marin Naturel : Taille - XL","1","325","150","0"
"GFL-05C","7632","Gloves in Natural Seal Skin","8192","Gants en Loup Marin Naturel : Taille - P","0","250","117","0"
"GFL-05C","7632","Gloves in Natural Seal Skin","8193","Gants en Loup Marin Naturel : Taille - M","1","250","117","0"
"GFL-05C","7632","Gloves in Natural Seal Skin","8194","Gants en Loup Marin Naturel : Taille - L","2","250","117","0"
"GFL-05C","7632","Gloves in Natural Seal Skin","8195","Gants en Loup Marin Naturel : Taille - XL","0","250","117","0"
"CORA-05","7683","Earmuffs with Silver Fox","","Cache-oreilles en Renard Argenté","1","190","88","0"
"BOXCARDSET","7725","CAP Box Cards Set","","Boîte de Cartes CAP","11","21.45","9.25","0"
"BOXCOLORINGCARDSET","7726","CAP Colouring Box Cards Set","","Boîte de Cartes à Colorier CAP","3","21.45","9.25","0"
"CLB-013X","7732","CAP Colouring Book","","Livre à Colorier ""CAP""","4","8.949999999999999","3.75","0"
"PLN137","7733","Planner 2025","","Agenda 2025","0","25.45","0","0"
"CAL130","7794","Nathalie Coutou 2022 Calendar","","Nathalie Coutou Calendrier 2022","0","5.5","0","0"
"MD10/2""","7810","Mandala ""Crystal""","","Mandala ""Crystal""","0","12.95","0","0"
"EO","7898","Essential Oils","10170","Huiles Essentielles : Bien-être - Foin d'odeur","4","14.95","6.5","0"
"EO","7898","Essential Oils","10171","Huiles Essentielles : Bien-être - Cèdre","15","14.95","6.5","0"
"EO","7898","Essential Oils","10172","Huiles Essentielles : Bien-être - Sauge","4","14.95","6.5","0"
"EO","7898","Essential Oils","10173","Huiles Essentielles : Bien-être - Murmure de l'Aigle","6","14.95","6.5","0"
"EO","7898","Essential Oils","10174","Huiles Essentielles : Bien-être - Mère Nature","7","14.95","6.5","0"
"EO","7898","Essential Oils","10175","Huiles Essentielles : Bien-être - Souffle de la Nature","4","14.95","6.5","0"
"EO","7898","Essential Oils","10176","Huiles Essentielles : Bien-être - Soleil Ojibway","5","14.95","6.5","0"
"EO","7898","Essential Oils","10177","Huiles Essentielles : Bien-être - Terre Sacrée","6","14.95","6.5","0"
"EO","7898","Essential Oils","10178","Huiles Essentielles : Bien-être - Beaux Rêves","5","14.95","6.5","0"
"EO","7898","Essential Oils","10179","Huiles Essentielles : Bien-être - Fusion d'Énergie","10","14.95","6.5","0"
"SPO_1","7902","Soap","","Savon","43","18.5","8.6","0"
"Fab-1","7903","1 Lucky Stones","","1 Roches de Chance","255","5.5","1","0"
"Coquelicot","7904","Pin - ""Poppy""","","Broche - ""Coquelicot""","8","26","13","0"
"Totem-Animal","7905","Totem Stone Animal","","Totem Pierre Animaux","306","6.5","3.2","0"
"FAB-17B","7906","17B Painted Pebble  ""DC""","","17B Galet Peint ""Capteur Rêves""","37","6.5","2.5","0"
"CAL","7976","CAP Calendars 2025","","Calendriers CAP 2025","11","22","9.5","0"
"BKM","7977","Bookmarks","12346","Signets : Art - Retour Chez Soi","10","2.3","1.25","0"
"BKM","7977","Bookmarks","12347","Signets : Art - Voyage au Monde du Songe","8","2.3","1.25","0"
"BKM","7977","Bookmarks","12348","Signets : Art - Lapynx","6","2.3","1.25","0"
"BKM","7977","Bookmarks","12349","Signets : Art - Messager","9","2.3","1.25","0"
"BKM","7977","Bookmarks","12350","Signets : Art - Loutre Mère","9","2.3","1.25","0"
"BKM","7977","Bookmarks","12351","Signets : Art - Altérité","7","2.3","1.25","0"
"BKM","7977","Bookmarks","12352","Signets : Art - Passage","6","2.3","1.25","0"
"BKM","7977","Bookmarks","12353","Signets : Art - Chaleur de Terre","6","2.3","1.25","0"
"BKM","7977","Bookmarks","12354","Signets : Art - No Soeurs du Ciel","12","2.3","1.25","0"
"BKM","7977","Bookmarks","12355","Signets : Art - Murmure","6","2.3","1.25","0"
"BKM","7977","Bookmarks","12356","Signets : Art - Zenith","18","2.3","1.25","0"
"UAC0401NC05A","8131","Nino Place Mats "" Northern Keepers ""","","Napperons Nino "" Gardiens Du Nord ""","3","15","6.5","0"
"B442","8206","Leather Moccasins for Women","8207","Mocassins en Cuir pour Dames : Pointure - 4","0","75","42.5","0"
"B442","8206","Leather Moccasins for Women","8208","Mocassins en Cuir pour Dames : Pointure - 5","1","75","42.5","0"
"B442","8206","Leather Moccasins for Women","8209","Mocassins en Cuir pour Dames : Pointure - 6","0","75","42.5","0"
"B442","8206","Leather Moccasins for Women","8210","Mocassins en Cuir pour Dames : Pointure - 7","0","75","42.5","0"
"B442","8206","Leather Moccasins for Women","8211","Mocassins en Cuir pour Dames : Pointure - 8","0","75","42.5","0"
"B442","8206","Leather Moccasins for Women","8212","Mocassins en Cuir pour Dames : Pointure - 9","0","75","42.5","0"
"B442","8206","Leather Moccasins for Women","8213","Mocassins en Cuir pour Dames : Pointure - 10","1","75","42.5","0"
"6017-0408-41BO0-600BO","8244","Ladies Suede Slippers","8223","Pantoufles Suède Dames : Pointure - 5","0","104.95","46.9","0"
"6017-0408-41BO0-600BO","8244","Ladies Suede Slippers","8224","Pantoufles Suède Dames : Pointure - 6","0","104.95","46.9","0"
"6017-0408-41BO0-600BO","8244","Ladies Suede Slippers","8225","Pantoufles Suède Dames : Pointure - 7","0","104.95","46.9","0"
"6017-0408-41BO0-600BO","8244","Ladies Suede Slippers","8226","Pantoufles Suède Dames : Pointure - 8","0","104.95","46.9","0"
"6017-0408-41BO0-600BO","8244","Ladies Suede Slippers","8227","Pantoufles Suède Dames : Pointure - 9","0","104.95","46.9","0"
"6017-0408-41BO0-600BO","8244","Ladies Suede Slippers","8228","Pantoufles Suède Dames : Pointure - 10","0","104.95","46.9","0"
"6017-0408-41BO0-600BO","8244","Ladies Suede Slippers","8229","Pantoufles Suède Dames : Pointure - 11","0","104.95","46.9","0"
"6017-0408-41BO0-600BO","8244","Ladies Suede Slippers","8230","Pantoufles Suède Dames : Pointure - 12","0","104.95","46.9","0"
"6017-0408-41BO0-600BO","8244","Ladies Suede Slippers","8231","Pantoufles Suède Dames : Pointure - 4","0","104.95","46.9","0"
"A16051-UAC0301NC5A","8245","Reuben Tote Bag ""Northern Keepers""","","Sac Reuben "" Gardiens du Nord ""","0","49","21","0"
"MVAL-01","8283","Mittens in Black Seal Skin","8232","Mitaines en Loup Marin Noir : Taille - P","0","213","99","0"
"MVAL-01","8283","Mittens in Black Seal Skin","8233","Mitaines en Loup Marin Noir : Taille - M","0","213","99","0"
"MVAL-01","8283","Mittens in Black Seal Skin","8234","Mitaines en Loup Marin Noir : Taille - L","0","213","99","0"
"MVAL-01","8283","Mittens in Black Seal Skin","8235","Mitaines en Loup Marin Noir : Taille - XL","0","213","99","0"
"SKU: 00-04-708","8464","Cribbage Board","","Jeu de Crib","0","106","46","0"
"MVAL-05","8522","Mittens in Natural Seal Skin","8236","Mitaines en Loup Marin Naturel : Taille - XP","1","225","102","0"
"MVAL-05","8522","Mittens in Natural Seal Skin","8237","Mitaines en Loup Marin Naturel : Taille - P","0","225","102","0"
"MVAL-05","8522","Mittens in Natural Seal Skin","8238","Mitaines en Loup Marin Naturel : Taille - M","1","225","102","0"
"MVAL-05","8522","Mittens in Natural Seal Skin","8239","Mitaines en Loup Marin Naturel : Taille - L","0","225","102","0"
"MVAL-05","8522","Mittens in Natural Seal Skin","8240","Mitaines en Loup Marin Naturel : Taille - XL","0","225","102","0"
"LAR-06AC","8535","Aviator Hat with White Rabbit Fur","12638","Chapeau Aviateur en Lapin Blanc : Taille - XP","0","360","175","0"
"LAR-06AC","8535","Aviator Hat with White Rabbit Fur","12639","Chapeau Aviateur en Lapin Blanc : Taille - P","0","360","175","0"
"LAR-06AC","8535","Aviator Hat with White Rabbit Fur","12640","Chapeau Aviateur en Lapin Blanc : Taille - M","0","360","175","0"
"LAR-06AC","8535","Aviator Hat with White Rabbit Fur","12641","Chapeau Aviateur en Lapin Blanc : Taille - L","1","360","175","0"
"LAR-06AC","8535","Aviator Hat with White Rabbit Fur","12642","Chapeau Aviateur en Lapin Blanc : Taille - XL","0","360","175","0"
"LAR-06AC","8535","Aviator Hat with White Rabbit Fur","12643","Chapeau Aviateur en Lapin Blanc : Taille - XXL","0","360","175","0"
"MVLA-06","8536","Mittens in White Rabbit Fur","8246","Mitaines en Lapin blanc : Taille - XP","0","125","55","0"
"MVLA-06","8536","Mittens in White Rabbit Fur","8247","Mitaines en Lapin blanc : Taille - P","0","125","55","0"
"MVLA-06","8536","Mittens in White Rabbit Fur","8248","Mitaines en Lapin blanc : Taille - M","0","125","55","0"
"MVLA-06","8536","Mittens in White Rabbit Fur","8249","Mitaines en Lapin blanc : Taille - L","1","125","55","0"
"MVLA-06","8536","Mittens in White Rabbit Fur","8250","Mitaines en Lapin blanc : Taille - XL","0","125","55","0"
"LS5","8540","Liquid Silver Chain 5 Strands","8264","Chaîne en Argent Liquide 5 Brins : Bijoux - 16""","0","95","0","35"
"LS5","8540","Liquid Silver Chain 5 Strands","8265","Chaîne en Argent Liquide 5 Brins : Bijoux - 18""","4","99","0","37"
"LS5","8540","Liquid Silver Chain 5 Strands","8266","Chaîne en Argent Liquide 5 Brins : Bijoux - 20""","2","105","0","39"
"LS5","8540","Liquid Silver Chain 5 Strands","8267","Chaîne en Argent Liquide 5 Brins : Bijoux - 24""","0","120","0","48"
"LS5","8540","Liquid Silver Chain 5 Strands","8268","Chaîne en Argent Liquide 5 Brins : Bijoux - 30""","0","145","0","55"
"LS10","8543","Liquid Silver Chain 10 Strands","8269","Chaîne en Argent Liquide 10 Brins : Bijoux - 18""","4","135","0","55"
"LS10","8543","Liquid Silver Chain 10 Strands","8270","Chaîne en Argent Liquide 10 Brins : Bijoux - 20""","1","145","0","60"
"LS10","8543","Liquid Silver Chain 10 Strands","8271","Chaîne en Argent Liquide 10 Brins : Bijoux - 24""","2","175","0","69"
"LS10","8543","Liquid Silver Chain 10 Strands","8272","Chaîne en Argent Liquide 10 Brins : Bijoux - 30""","1","215","0","82"
"LS10","8543","Liquid Silver Chain 10 Strands","8273","Chaîne en Argent Liquide 10 Brins : Bijoux - 16""","0","125","0","50"
"LS20","8544","Liquid Silver Chain 20 Strands","8274","Chaîne en Argent Liquide 20 Brins : Bijoux - 18""","3","285","0","105"
"LS20","8544","Liquid Silver Chain 20 Strands","8275","Chaîne en Argent Liquide 20 Brins : Bijoux - 20""","3","305","0","114"
"LS20","8544","Liquid Silver Chain 20 Strands","8276","Chaîne en Argent Liquide 20 Brins : Bijoux - 24""","1","335","0","122"
"LS20","8544","Liquid Silver Chain 20 Strands","8277","Chaîne en Argent Liquide 20 Brins : Bijoux - 30""","1","385","0","145"
"LS20","8544","Liquid Silver Chain 20 Strands","8278","Chaîne en Argent Liquide 20 Brins : Bijoux - 16""","0","270","0","95"
"LS30","8545","Liquid Silver Chain 30 Strands","8279","Chaîne en Argent Liquide 30 Brins : Bijoux - 18""","0","425","0","157"
"LS30","8545","Liquid Silver Chain 30 Strands","8280","Chaîne en Argent Liquide 30 Brins : Bijoux - 20""","0","460","0","168"
"LS30","8545","Liquid Silver Chain 30 Strands","8281","Chaîne en Argent Liquide 30 Brins : Bijoux - 24""","0","520","0","180"
"LS30","8545","Liquid Silver Chain 30 Strands","8282","Chaîne en Argent Liquide 30 Brins : Bijoux - 30""","0","595","0","207"
"LS30","8545","Liquid Silver Chain 30 Strands","8283","Chaîne en Argent Liquide 30 Brins : Bijoux - 16""","0","390","0","142"
"A17063-WDR2901NC02A","8588","Joni Dress ""Depth"" DISCOUNTINUDED","8284","Robe Joni ""Profondeur"" DISCONTINUÉE : Taille - P","0","139","59.1","0"
"A17063-WDR2901NC02A","8588","Joni Dress ""Depth"" DISCOUNTINUDED","8285","Robe Joni ""Profondeur"" DISCONTINUÉE : Taille - M","0","139","59.1","0"
"A17063-WDR2901NC02A","8588","Joni Dress ""Depth"" DISCOUNTINUDED","8286","Robe Joni ""Profondeur"" DISCONTINUÉE : Taille - L","0","139","59.1","0"
"A17063-WDR2901NC02A","8588","Joni Dress ""Depth"" DISCOUNTINUDED","8287","Robe Joni ""Profondeur"" DISCONTINUÉE : Taille - XL","0","139","59.1","0"
"A17063-WDR2901NC02A","8588","Joni Dress ""Depth"" DISCOUNTINUDED","8288","Robe Joni ""Profondeur"" DISCONTINUÉE : Taille - XP","0","139","59.1","0"
"CAP11x14","8694","CAP11x14","","CAP11x14","4","20","7.5","0"
"BOX249","8740","Spirit of the Wild","","L'Esprit de la Faune","5","21.45","9.25","0"
"BOX250","8741","Women Strength","","La Forces des Femmes","4","21.45","9.25","0"
"GE-14 mini carte","8776","Gift Enclosures","","Étiquettes Cadeaux","19","7.45","3.2","0"
"Shawlnavajo-6","8803","Shawl Navajo","9337","Châle Navajo : Couleurs - Noir","5","85","42.5","0"
"Shawlnavajo-6","8803","Shawl Navajo","9338","Châle Navajo : Couleurs - Rouge","3","85","42.5","0"
"Shawlnavajo-6","8803","Shawl Navajo","9339","Châle Navajo : Couleurs - Turquoise","1","85","42.5","0"
"Shawlnavajo-6","8803","Shawl Navajo","9340","Châle Navajo : Couleurs - Bleu marin","4","85","42.5","0"
"Shawlnavajo-6","8803","Shawl Navajo","9341","Châle Navajo : Couleurs - Vert forêt","0","85","42.5","0"
"Shawlnavajo-6","8803","Shawl Navajo","9342","Châle Navajo : Couleurs - Brun","0","85","42.5","0"
"Shawlnavajo-6","8803","Shawl Navajo","11344","Châle Navajo : Couleurs - Vert","1","85","42.5","0"
"A16051-WBL1101NC05A","8844","Nikki Cardigan ""Northern Keepers""","8289","Cardigan Nikki ""Gardiens du Nord"" : Taille - XP","1","159","50","0"
"A16051-WBL1101NC05A","8844","Nikki Cardigan ""Northern Keepers""","8290","Cardigan Nikki ""Gardiens du Nord"" : Taille - P","1","159","50","0"
"A16051-WBL1101NC05A","8844","Nikki Cardigan ""Northern Keepers""","8291","Cardigan Nikki ""Gardiens du Nord"" : Taille - M","0","159","50","0"
"A16051-WBL1101NC05A","8844","Nikki Cardigan ""Northern Keepers""","8292","Cardigan Nikki ""Gardiens du Nord"" : Taille - L","1","159","50","0"
"A16051-WBL1101NC05A","8844","Nikki Cardigan ""Northern Keepers""","8293","Cardigan Nikki ""Gardiens du Nord"" : Taille - XL","1","159","50","0"
"A18066-WBL1101NC0UA","8845","Nikki Cardigan ""Under the Same Sky""","8294","Cardigan Nikki ""Sous le Même Ciel"" : Taille - XP","1","159","50","0"
"A18066-WBL1101NC0UA","8845","Nikki Cardigan ""Under the Same Sky""","8295","Cardigan Nikki ""Sous le Même Ciel"" : Taille - P","1","159","50","0"
"A18066-WBL1101NC0UA","8845","Nikki Cardigan ""Under the Same Sky""","8296","Cardigan Nikki ""Sous le Même Ciel"" : Taille - M","1","159","50","0"
"A18066-WBL1101NC0UA","8845","Nikki Cardigan ""Under the Same Sky""","8297","Cardigan Nikki ""Sous le Même Ciel"" : Taille - L","1","159","50","0"
"A18066-WBL1101NC0UA","8845","Nikki Cardigan ""Under the Same Sky""","8298","Cardigan Nikki ""Sous le Même Ciel"" : Taille - XL","0","159","50","0"
"A16051-WLS1701NC05A","8961","Mia Turtleneck ""Northern Keepers""","8304","Col Roulé Mia ""Gardiens du Nord"" : Taille - P","1","149","59.5","0"
"A16051-WLS1701NC05A","8961","Mia Turtleneck ""Northern Keepers""","8305","Col Roulé Mia ""Gardiens du Nord"" : Taille - M","1","149","59.5","0"
"A16051-WLS1701NC05A","8961","Mia Turtleneck ""Northern Keepers""","8306","Col Roulé Mia ""Gardiens du Nord"" : Taille - L","1","149","59.5","0"
"A16051-WLS1701NC05A","8961","Mia Turtleneck ""Northern Keepers""","8307","Col Roulé Mia ""Gardiens du Nord"" : Taille - XL","0","149","59.5","0"
"A16051-WLS1701NC05A","8961","Mia Turtleneck ""Northern Keepers""","8308","Col Roulé Mia ""Gardiens du Nord"" : Taille - XP","1","149","59.5","0"
"W12005-WLS1701NC0WA","8964","Mia Turtleneck ""Earth Keeper""","8309","Col Roulé Mia ""Gardienne de la Terre"" : Taille - P","1","149","59.5","0"
"W12005-WLS1701NC0WA","8964","Mia Turtleneck ""Earth Keeper""","8310","Col Roulé Mia ""Gardienne de la Terre"" : Taille - M","1","149","59.5","0"
"W12005-WLS1701NC0WA","8964","Mia Turtleneck ""Earth Keeper""","8311","Col Roulé Mia ""Gardienne de la Terre"" : Taille - L","1","149","59.5","0"
"W12005-WLS1701NC0WA","8964","Mia Turtleneck ""Earth Keeper""","8312","Col Roulé Mia ""Gardienne de la Terre"" : Taille - XL","0","149","59.5","0"
"W12005-WLS1701NC0WA","8964","Mia Turtleneck ""Earth Keeper""","8313","Col Roulé Mia ""Gardienne de la Terre"" : Taille - XP","1","149","59.5","0"
"A20055-WLS1701NC0YA","8965","Mia Turtleneck ""Refuge""","8314","Col Roulé Mia ""Refuge"" : Taille - P","0","149","59.5","0"
"A20055-WLS1701NC0YA","8965","Mia Turtleneck ""Refuge""","8315","Col Roulé Mia ""Refuge"" : Taille - M","0","149","59.5","0"
"A20055-WLS1701NC0YA","8965","Mia Turtleneck ""Refuge""","8316","Col Roulé Mia ""Refuge"" : Taille - L","0","149","59.5","0"
"A20055-WLS1701NC0YA","8965","Mia Turtleneck ""Refuge""","8317","Col Roulé Mia ""Refuge"" : Taille - XL","0","149","59.5","0"
"A20055-WLS1701NC0YA","8965","Mia Turtleneck ""Refuge""","8318","Col Roulé Mia ""Refuge"" : Taille - XP","1","149","59.5","0"
"A09006-WDR3801NC0VA","8967","Felicia ""The River Keeper""","8322","Felicia ""La Gardienne de l'Eau"" : Taille - XP","1","149","62","0"
"A09006-WDR3801NC0VA","8967","Felicia ""The River Keeper""","8323","Felicia ""La Gardienne de l'Eau"" : Taille - P","1","149","62","0"
"A09006-WDR3801NC0VA","8967","Felicia ""The River Keeper""","8324","Felicia ""La Gardienne de l'Eau"" : Taille - M","1","149","62","0"
"A09006-WDR3801NC0VA","8967","Felicia ""The River Keeper""","8325","Felicia ""La Gardienne de l'Eau"" : Taille - L","0","149","62","0"
"A09006-WDR3801NC0VA","8967","Felicia ""The River Keeper""","8326","Felicia ""La Gardienne de l'Eau"" : Taille - XL","0","149","62","0"
"A20055-WDR3801NC0YA","8968","Felicia ""Refuge""","8327","Taille - P","0","149","62","0"
"A20055-WDR3801NC0YA","8968","Felicia ""Refuge""","8328","Taille - M","0","149","62","0"
"A20055-WDR3801NC0YA","8968","Felicia ""Refuge""","8329","Taille - L","0","149","62","0"
"A20055-WDR3801NC0YA","8968","Felicia ""Refuge""","8330","Taille - XL","0","149","62","0"
"A20055-WDR3801NC0YA","8968","Felicia ""Refuge""","8331","Taille - XP","0","149","62","0"
"A12005-WDR3801NC0WA","8969","Felicia ""Earth Keeper""","8332","Felicia ""Gardienne de la Terre"" : Taille - P","1","149","62","0"
"A12005-WDR3801NC0WA","8969","Felicia ""Earth Keeper""","8333","Felicia ""Gardienne de la Terre"" : Taille - M","1","149","62","0"
"A12005-WDR3801NC0WA","8969","Felicia ""Earth Keeper""","8334","Felicia ""Gardienne de la Terre"" : Taille - L","1","149","62","0"
"A12005-WDR3801NC0WA","8969","Felicia ""Earth Keeper""","8335","Felicia ""Gardienne de la Terre"" : Taille - XL","1","149","62","0"
"A12005-WDR3801NC0WA","8969","Felicia ""Earth Keeper""","8336","Felicia ""Gardienne de la Terre"" : Taille - XP","1","149","62","0"
"A01031-WDR3801NC0XA","8970","Felicia ""Honoring the Giver of Life""","8337","Felicia ""Rendre Grâce"" : Taille - P","1","149","62","0"
"A01031-WDR3801NC0XA","8970","Felicia ""Honoring the Giver of Life""","8338","Felicia ""Rendre Grâce"" : Taille - M","1","149","62","0"
"A01031-WDR3801NC0XA","8970","Felicia ""Honoring the Giver of Life""","8339","Felicia ""Rendre Grâce"" : Taille - L","0","149","62","0"
"A01031-WDR3801NC0XA","8970","Felicia ""Honoring the Giver of Life""","8340","Felicia ""Rendre Grâce"" : Taille - XL","0","149","62","0"
"A01031-WDR3801NC0XA","8970","Felicia ""Honoring the Giver of Life""","8341","Felicia ""Rendre Grâce"" : Taille - XP","1","149","62","0"
"A17063-WDR3801NC02A","8971","Felicia ""Depth""","8342","Felicia ""Profondeur"" : Taille - P","0","149","62","0"
"A17063-WDR3801NC02A","8971","Felicia ""Depth""","8343","Felicia ""Profondeur"" : Taille - M","0","149","62","0"
"A17063-WDR3801NC02A","8971","Felicia ""Depth""","8344","Felicia ""Profondeur"" : Taille - L","0","149","62","0"
"A17063-WDR3801NC02A","8971","Felicia ""Depth""","8345","Felicia ""Profondeur"" : Taille - XL","0","149","62","0"
"A17063-WDR3801NC02A","8971","Felicia ""Depth""","8346","Felicia ""Profondeur"" : Taille - XP","1","149","62","0"
"W12005-WDR4001NC0WA","8973","Amanda II ""Earth Keeper""","8347","Amanda II ""Gardienne de la Terre"" : Taille - XP","0","119","50","0"
"W12005-WDR4001NC0WA","8973","Amanda II ""Earth Keeper""","8348","Amanda II ""Gardienne de la Terre"" : Taille - P","0","119","50","0"
"W12005-WDR4001NC0WA","8973","Amanda II ""Earth Keeper""","8349","Amanda II ""Gardienne de la Terre"" : Taille - M","0","119","50","0"
"W12005-WDR4001NC0WA","8973","Amanda II ""Earth Keeper""","8350","Amanda II ""Gardienne de la Terre"" : Taille - L","0","119","50","0"
"W12005-WDR4001NC0WA","8973","Amanda II ""Earth Keeper""","8351","Amanda II ""Gardienne de la Terre"" : Taille - XL","1","119","50","0"
"W20055-WDR4001NC0YA","8974","Amanda II ""Refuge""","8352","Taille - P","1","119","50","0"
"W20055-WDR4001NC0YA","8974","Amanda II ""Refuge""","8353","Taille - M","0","119","50","0"
"W20055-WDR4001NC0YA","8974","Amanda II ""Refuge""","8354","Taille - L","0","119","50","0"
"W20055-WDR4001NC0YA","8974","Amanda II ""Refuge""","8355","Taille - XL","1","119","50","0"
"W20055-WDR4001NC0YA","8974","Amanda II ""Refuge""","8356","Taille - XP","0","119","50","0"
"W01031-WDR4001NC0XA","8975","Amanda II ""Honoring the Giver of Life""","8357","Amanda II ""Hommage à la Source de Vie"" : Taille - P","1","119","50","0"
"W01031-WDR4001NC0XA","8975","Amanda II ""Honoring the Giver of Life""","8358","Amanda II ""Hommage à la Source de Vie"" : Taille - M","1","119","50","0"
"W01031-WDR4001NC0XA","8975","Amanda II ""Honoring the Giver of Life""","8359","Amanda II ""Hommage à la Source de Vie"" : Taille - L","1","119","50","0"
"W01031-WDR4001NC0XA","8975","Amanda II ""Honoring the Giver of Life""","8360","Amanda II ""Hommage à la Source de Vie"" : Taille - XL","0","119","50","0"
"W01031-WDR4001NC0XA","8975","Amanda II ""Honoring the Giver of Life""","8361","Amanda II ""Hommage à la Source de Vie"" : Taille - XP","1","119","50","0"
"A14051-WDR3801NC0TA","8976","Felicia ""Gezaluwejit""","8362","Taille - P","0","149","62","0"
"A14051-WDR3801NC0TA","8976","Felicia ""Gezaluwejit""","8363","Taille - M","1","149","62","0"
"A14051-WDR3801NC0TA","8976","Felicia ""Gezaluwejit""","8364","Taille - L","1","149","62","0"
"A14051-WDR3801NC0TA","8976","Felicia ""Gezaluwejit""","8365","Taille - XL","1","149","62","0"
"A14051-WDR3801NC0TA","8976","Felicia ""Gezaluwejit""","8366","Taille - XP","0","149","62","0"
"A14051-WDR4201NC0TA","8977","Daniela Maxi ""Gezaluwejit""","8367","Taille - XP","1","199","89","0"
"A14051-WDR4201NC0TA","8977","Daniela Maxi ""Gezaluwejit""","8368","Taille - P","1","199","89","0"
"A14051-WDR4201NC0TA","8977","Daniela Maxi ""Gezaluwejit""","8369","Taille - M","0","199","89","0"
"A14051-WDR4201NC0TA","8977","Daniela Maxi ""Gezaluwejit""","8370","Taille - L","0","199","89","0"
"A14051-WDR4201NC0TA","8977","Daniela Maxi ""Gezaluwejit""","8371","Taille - XL","1","199","89","0"
"A18066-WDR4201NC0UA","8978","Daniela Maxi ""Under the Same Sky""","8372","Daniela Maxi ""Sous le Même Ciel"" : Taille - P","0","199","89","0"
"A18066-WDR4201NC0UA","8978","Daniela Maxi ""Under the Same Sky""","8373","Daniela Maxi ""Sous le Même Ciel"" : Taille - M","0","199","89","0"
"A18066-WDR4201NC0UA","8978","Daniela Maxi ""Under the Same Sky""","8374","Daniela Maxi ""Sous le Même Ciel"" : Taille - L","1","199","89","0"
"A18066-WDR4201NC0UA","8978","Daniela Maxi ""Under the Same Sky""","8375","Daniela Maxi ""Sous le Même Ciel"" : Taille - XL","0","199","89","0"
"A18066-WDR4201NC0UA","8978","Daniela Maxi ""Under the Same Sky""","8376","Daniela Maxi ""Sous le Même Ciel"" : Taille - XP","0","199","89","0"
"A17063-WSK0501NC02A","8981","Elaine Skirt ""Depth""","8392","Jupe Elaine ""Profondeur"" : Taille - XP","0","149","63.5","0"
"A17063-WSK0501NC02A","8981","Elaine Skirt ""Depth""","8393","Jupe Elaine ""Profondeur"" : Taille - P","0","149","63.5","0"
"A17063-WSK0501NC02A","8981","Elaine Skirt ""Depth""","8394","Jupe Elaine ""Profondeur"" : Taille - M","0","149","63.5","0"
"A17063-WSK0501NC02A","8981","Elaine Skirt ""Depth""","8395","Jupe Elaine ""Profondeur"" : Taille - L","0","149","63.5","0"
"A17063-WSK0501NC02A","8981","Elaine Skirt ""Depth""","8396","Jupe Elaine ""Profondeur"" : Taille - XL","1","149","63.5","0"
"A07020-WSK0501NC0AA","8982","Elaine Skirt ""Journey to the Spirit World""","8397","Jupe Elaine ""Voyage Vers le Monde du Songe"" : Taille - XP","1","149","63.5","0"
"A07020-WSK0501NC0AA","8982","Elaine Skirt ""Journey to the Spirit World""","8398","Jupe Elaine ""Voyage Vers le Monde du Songe"" : Taille - P","2","149","63.5","0"
"A07020-WSK0501NC0AA","8982","Elaine Skirt ""Journey to the Spirit World""","8399","Jupe Elaine ""Voyage Vers le Monde du Songe"" : Taille - M","0","149","63.5","0"
"A07020-WSK0501NC0AA","8982","Elaine Skirt ""Journey to the Spirit World""","8400","Jupe Elaine ""Voyage Vers le Monde du Songe"" : Taille - L","2","149","63.5","0"
"A07020-WSK0501NC0AA","8982","Elaine Skirt ""Journey to the Spirit World""","8401","Jupe Elaine ""Voyage Vers le Monde du Songe"" : Taille - XL","0","149","63.5","0"
"A16051-MSS0701NC05A","8983","Salvadore Tee for Men ""Northern Keepers""","8382","Salvador Tee pour Homme ""Gardiens du Nord"" : Taille - P","1","89","36","0"
"A16051-MSS0701NC05A","8983","Salvadore Tee for Men ""Northern Keepers""","8383","Salvador Tee pour Homme ""Gardiens du Nord"" : Taille - M","0","89","36","0"
"A16051-MSS0701NC05A","8983","Salvadore Tee for Men ""Northern Keepers""","8384","Salvador Tee pour Homme ""Gardiens du Nord"" : Taille - L","0","89","36","0"
"A16051-MSS0701NC05A","8983","Salvadore Tee for Men ""Northern Keepers""","8385","Salvador Tee pour Homme ""Gardiens du Nord"" : Taille - XL","1","89","36","0"
"A16051-MSS0701NC05A","8983","Salvadore Tee for Men ""Northern Keepers""","8386","Salvador Tee pour Homme ""Gardiens du Nord"" : Taille - XP","0","89","36","0"
"WSS1201NC0UA","8985","Sylvie Tunic ""Under the Same Sky""","8402","Tunique Sylvie ""Sous le Même Ciel"" : Taille - P","0","139","69","0"
"WSS1201NC0UA","8985","Sylvie Tunic ""Under the Same Sky""","8403","Tunique Sylvie ""Sous le Même Ciel"" : Taille - M","0","139","69","0"
"WSS1201NC0UA","8985","Sylvie Tunic ""Under the Same Sky""","8404","Tunique Sylvie ""Sous le Même Ciel"" : Taille - L","0","139","69","0"
"WSS1201NC0UA","8985","Sylvie Tunic ""Under the Same Sky""","8405","Tunique Sylvie ""Sous le Même Ciel"" : Taille - XL","0","139","69","0"
"WSS1201NC0UA","8985","Sylvie Tunic ""Under the Same Sky""","8406","Tunique Sylvie ""Sous le Même Ciel"" : Taille - XP","0","139","69","0"
"WSS1201NC0TA","8986","Sylvie Tunic ""Gezaluwejit""","8407","Tunique Sylvie ""Gezaluwejit"" : Taille - P","0","139","69","0"
"WSS1201NC0TA","8986","Sylvie Tunic ""Gezaluwejit""","8408","Tunique Sylvie ""Gezaluwejit"" : Taille - M","0","139","69","0"
"WSS1201NC0TA","8986","Sylvie Tunic ""Gezaluwejit""","8409","Tunique Sylvie ""Gezaluwejit"" : Taille - L","0","139","69","0"
"WSS1201NC0TA","8986","Sylvie Tunic ""Gezaluwejit""","8410","Tunique Sylvie ""Gezaluwejit"" : Taille - XL","0","139","69","0"
"WSS1201NC0TA","8986","Sylvie Tunic ""Gezaluwejit""","8411","Tunique Sylvie ""Gezaluwejit"" : Taille - XP","0","139","69","0"
"A16051-WSS1201NC05A","8987","Sylvie Tunic ""Northern Keepers""","8412","Tunique Sylvie ""Gardiens du Nord"" : Taille - P","1","139","69","0"
"A16051-WSS1201NC05A","8987","Sylvie Tunic ""Northern Keepers""","8413","Tunique Sylvie ""Gardiens du Nord"" : Taille - M","1","139","69","0"
"A16051-WSS1201NC05A","8987","Sylvie Tunic ""Northern Keepers""","8414","Tunique Sylvie ""Gardiens du Nord"" : Taille - L","0","139","69","0"
"A16051-WSS1201NC05A","8987","Sylvie Tunic ""Northern Keepers""","8415","Tunique Sylvie ""Gardiens du Nord"" : Taille - XL","0","139","69","0"
"A16051-WSS1201NC05A","8987","Sylvie Tunic ""Northern Keepers""","8416","Tunique Sylvie ""Gardiens du Nord"" : Taille - XP","1","139","69","0"
"A18066-WLS23701NC0UA","8988","April Mock ""Under the Same Sky""","8417","Haut April ""Sous le Même Ciel"" : Taille - P","0","119","66.09","0"
"A18066-WLS23701NC0UA","8988","April Mock ""Under the Same Sky""","8418","Haut April ""Sous le Même Ciel"" : Taille - M","1","119","66.09","0"
"A18066-WLS23701NC0UA","8988","April Mock ""Under the Same Sky""","8419","Haut April ""Sous le Même Ciel"" : Taille - L","0","119","66.09","0"
"A18066-WLS23701NC0UA","8988","April Mock ""Under the Same Sky""","8420","Haut April ""Sous le Même Ciel"" : Taille - XL","0","119","66.09","0"
"A18066-WLS23701NC0UA","8988","April Mock ""Under the Same Sky""","8421","Haut April ""Sous le Même Ciel"" : Taille - XP","0","119","66.09","0"
"A14051-WLS1001NC0TA","8990","Patti Tunic II ""Gezaluwejit""","8422","Tunique Patti II ""Gezaluwejit"" : Taille - XP","0","129","50.5","0"
"A14051-WLS1001NC0TA","8990","Patti Tunic II ""Gezaluwejit""","8423","Tunique Patti II ""Gezaluwejit"" : Taille - P","1","129","50.5","0"
"A14051-WLS1001NC0TA","8990","Patti Tunic II ""Gezaluwejit""","8424","Tunique Patti II ""Gezaluwejit"" : Taille - M","0","129","50.5","0"
"A14051-WLS1001NC0TA","8990","Patti Tunic II ""Gezaluwejit""","8425","Tunique Patti II ""Gezaluwejit"" : Taille - L","0","129","50.5","0"
"A14051-WLS1001NC0TA","8990","Patti Tunic II ""Gezaluwejit""","8426","Tunique Patti II ""Gezaluwejit"" : Taille - XL","0","129","50.5","0"
"A18066-WLS1001NC0TA","8991","Patti Tunic II ""Under the Same Sky""","8427","Tunique Patti II ""Sous le Même Ciel"" : Taille - P","0","129","50.5","0"
"A18066-WLS1001NC0TA","8991","Patti Tunic II ""Under the Same Sky""","8428","Tunique Patti II ""Sous le Même Ciel"" : Taille - M","0","129","50.5","0"
"A18066-WLS1001NC0TA","8991","Patti Tunic II ""Under the Same Sky""","8429","Tunique Patti II ""Sous le Même Ciel"" : Taille - L","1","129","50.5","0"
"A18066-WLS1001NC0TA","8991","Patti Tunic II ""Under the Same Sky""","8430","Tunique Patti II ""Sous le Même Ciel"" : Taille - XL","0","129","50.5","0"
"A18066-WLS1001NC0TA","8991","Patti Tunic II ""Under the Same Sky""","8431","Tunique Patti II ""Sous le Même Ciel"" : Taille - XP","1","129","50.5","0"
"A07020-UAC1201NC0AA","9013","Arthur Pillow ""Journey to the Spirit World""","","Coussin Arthur ""Voyage Vers le Monde du Songe""","1","59","21","0"
"A18066-WNS0801NC0UA","9014","Kaplan Tank ""Under the Same Sky""","8437","Débardeur Kaplan ""Sous le Même Ciel"" : Taille - P","1","129","60","0"
"A18066-WNS0801NC0UA","9014","Kaplan Tank ""Under the Same Sky""","8438","Débardeur Kaplan ""Sous le Même Ciel"" : Taille - M","1","129","60","0"
"A18066-WNS0801NC0UA","9014","Kaplan Tank ""Under the Same Sky""","8439","Débardeur Kaplan ""Sous le Même Ciel"" : Taille - L","1","129","60","0"
"A18066-WNS0801NC0UA","9014","Kaplan Tank ""Under the Same Sky""","8440","Débardeur Kaplan ""Sous le Même Ciel"" : Taille - XL","1","129","60","0"
"A18066-WNS0801NC0UA","9014","Kaplan Tank ""Under the Same Sky""","8441","Débardeur Kaplan ""Sous le Même Ciel"" : Taille - XP","1","129","60","0"
"W13023-WSS0901NC09A","9017","K Smith T-Shirt ""Water and Spirit Buffalo""","8442","K Smith T-Shirt ""Eau et Esprit du Bison"" : Taille - P","1","89","35","0"
"W13023-WSS0901NC09A","9017","K Smith T-Shirt ""Water and Spirit Buffalo""","8443","K Smith T-Shirt ""Eau et Esprit du Bison"" : Taille - M","1","89","35","0"
"W13023-WSS0901NC09A","9017","K Smith T-Shirt ""Water and Spirit Buffalo""","8444","K Smith T-Shirt ""Eau et Esprit du Bison"" : Taille - L","1","89","35","0"
"W13023-WSS0901NC09A","9017","K Smith T-Shirt ""Water and Spirit Buffalo""","8445","K Smith T-Shirt ""Eau et Esprit du Bison"" : Taille - XL","1","89","35","0"
"W13023-WSS0901NC09A","9017","K Smith T-Shirt ""Water and Spirit Buffalo""","8446","K Smith T-Shirt ""Eau et Esprit du Bison"" : Taille - XP","1","89","35","0"
"A18066-WPA0801NC0UA","9020","Jackie II Leggings ""Under the Same Sky""","8457","Legging Jackie II ""Sous le Même Ciel"" : Taille - XP","0","109","45","0"
"A18066-WPA0801NC0UA","9020","Jackie II Leggings ""Under the Same Sky""","8458","Legging Jackie II ""Sous le Même Ciel"" : Taille - P","0","109","45","0"
"A18066-WPA0801NC0UA","9020","Jackie II Leggings ""Under the Same Sky""","8459","Legging Jackie II ""Sous le Même Ciel"" : Taille - M","1","109","45","0"
"A18066-WPA0801NC0UA","9020","Jackie II Leggings ""Under the Same Sky""","8460","Legging Jackie II ""Sous le Même Ciel"" : Taille - L","1","109","45","0"
"A18066-WPA0801NC0UA","9020","Jackie II Leggings ""Under the Same Sky""","8461","Legging Jackie II ""Sous le Même Ciel"" : Taille - XL","1","109","45","0"
"A16058-MSW0101NC04A","9026","Samo ""Silent Seekers""","8462","Samo ""En Quête de Silence"" : Taille - P","0","109","45","0"
"A16058-MSW0101NC04A","9026","Samo ""Silent Seekers""","8463","Samo ""En Quête de Silence"" : Taille - M","1","109","45","0"
"A16058-MSW0101NC04A","9026","Samo ""Silent Seekers""","8464","Samo ""En Quête de Silence"" : Taille - L","1","109","45","0"
"A16058-MSW0101NC04A","9026","Samo ""Silent Seekers""","8465","Samo ""En Quête de Silence"" : Taille - XL","1","109","45","0"
"WAC0801NC0WA","9027","Ava Poncho ""Earth Keeper""","","Poncho Ava ""Gardienne de la Terre""","3","109","38","0"
"W12005-UAC0701NC0WA","9029","""Earth Keeper"" Mask","8466","Masque ""Gardienne de la Terre"" : Taille - XP","0","18","15.94","0"
"W12005-UAC0701NC0WA","9029","""Earth Keeper"" Mask","8467","Masque ""Gardienne de la Terre"" : Taille - P","0","18","15.94","0"
"W12005-UAC0701NC0WA","9029","""Earth Keeper"" Mask","8468","Masque ""Gardienne de la Terre"" : Taille - L","2","18","15.94","0"
"W12005-UAC0701NC0WA","9029","""Earth Keeper"" Mask","8469","Masque ""Gardienne de la Terre"" : Taille - XL","0","18","15.94","0"
"W12005-UAC0701NC0WA","9029","""Earth Keeper"" Mask","8470","Masque ""Gardienne de la Terre"" : Taille - M","0","18","15.94","0"
"A20055-UAC0701NC0YA","9031","""Refuge"" Mask","8471","Masque ""Refuge"" : Taille - XP","0","18","15.94","0"
"A20055-UAC0701NC0YA","9031","""Refuge"" Mask","8472","Masque ""Refuge"" : Taille - P","0","18","15.94","0"
"A20055-UAC0701NC0YA","9031","""Refuge"" Mask","8473","Masque ""Refuge"" : Taille - L","5","18","15.94","0"
"A20055-UAC0701NC0YA","9031","""Refuge"" Mask","8474","Masque ""Refuge"" : Taille - XL","0","18","15.94","0"
"A20055-UAC0701NC0YA","9031","""Refuge"" Mask","8475","Masque ""Refuge"" : Taille - M","0","18","15.94","0"
"A01036-UAC0701NC0ZA","9033","""Teachings"" Mask","8476","Masque ""Le Chant du Tambour"" : Taille - XP","0","18","15.94","0"
"A01036-UAC0701NC0ZA","9033","""Teachings"" Mask","8477","Masque ""Le Chant du Tambour"" : Taille - P","0","18","15.94","0"
"A01036-UAC0701NC0ZA","9033","""Teachings"" Mask","8478","Masque ""Le Chant du Tambour"" : Taille - L","6","18","15.94","0"
"A01036-UAC0701NC0ZA","9033","""Teachings"" Mask","8479","Masque ""Le Chant du Tambour"" : Taille - XL","0","18","15.94","0"
"A01036-UAC0701NC0ZA","9033","""Teachings"" Mask","8480","Masque ""Le Chant du Tambour"" : Taille - M","0","18","15.94","0"
"A18066-WAC0201NC0UA","9038","Vivienne Scarf ""Refuge""","","Foulard Vivienne ""Refuge""","2","59","23","0"
"W20055-UAC1101NC0YA","9040","Melinda Western Scarf ""Refuge""","","Foulard Melinda ""Refuge""","2","59","23","0"
"A01036-UAC1101NC0ZA","9045","Melinda Western Scarf ""Teachings""","","Foulard Melinda ""Le Chant du Tambour""","0","59","23","0"
"A18066-UAC1101NC0UA","9046","Alice Neck Warmer ""Under the Same Sky""","","Cache-Cou Alice ""Sous le Même Ciel""","3","59","16.58","0"
"A12005-WBL0601NCOWA","9048","Kimono ""Earth Keeper""","8481","Kimono ""Gardienne de la Terre"" : Taille - TU/OS","0","129","49.5","0"
"A12005-WDR4501NC0WA","9049","Olivia Dress ""Earth Keeper""","8482","Robe Olivia ""Gardienne de la Terre"" : Taille - XP","0","159","76","0"
"A12005-WDR4501NC0WA","9049","Olivia Dress ""Earth Keeper""","8483","Robe Olivia ""Gardienne de la Terre"" : Taille - P","0","159","76","0"
"A12005-WDR4501NC0WA","9049","Olivia Dress ""Earth Keeper""","8484","Robe Olivia ""Gardienne de la Terre"" : Taille - M","0","159","76","0"
"A12005-WDR4501NC0WA","9049","Olivia Dress ""Earth Keeper""","8485","Robe Olivia ""Gardienne de la Terre"" : Taille - L","1","159","76","0"
"A12005-WDR4501NC0WA","9049","Olivia Dress ""Earth Keeper""","8486","Robe Olivia ""Gardienne de la Terre"" : Taille - XL","0","159","76","0"
"A12005-WNS0901NC0WA","9050","Tilda Tank ""Earth Keeper""","8487","Camisole Tilda ""Gardienne de la Terre"" : Taille - XP","0","79","27","0"
"A12005-WNS0901NC0WA","9050","Tilda Tank ""Earth Keeper""","8488","Camisole Tilda ""Gardienne de la Terre"" : Taille - P","0","79","27","0"
"A12005-WNS0901NC0WA","9050","Tilda Tank ""Earth Keeper""","8489","Camisole Tilda ""Gardienne de la Terre"" : Taille - M","1","79","27","0"
"A12005-WNS0901NC0WA","9050","Tilda Tank ""Earth Keeper""","8490","Camisole Tilda ""Gardienne de la Terre"" : Taille - L","0","79","27","0"
"A12005-WNS0901NC0WA","9050","Tilda Tank ""Earth Keeper""","8491","Camisole Tilda ""Gardienne de la Terre"" : Taille - XL","1","79","27","0"
"46050","9058","Leather Wallet","11672","Porte-monnaie en Cuir : Couleurs - Noir","4","22","9.25","0"
"46050","9058","Leather Wallet","11673","Porte-monnaie en Cuir : Couleurs - Crème","4","22","9.25","0"
"46050","9058","Leather Wallet","11674","Porte-monnaie en Cuir : Couleurs - Érable","2","22","9.25","0"
"A07020-WLS0701NC0AA","9059","Marlene Top ""Journey to the Spirit World""","8492","Marlene Top ""Voyage Vers le Monde du Songe"" : Taille - P","0","139","79.5","0"
"A07020-WLS0701NC0AA","9059","Marlene Top ""Journey to the Spirit World""","8493","Marlene Top ""Voyage Vers le Monde du Songe"" : Taille - M","0","139","79.5","0"
"A07020-WLS0701NC0AA","9059","Marlene Top ""Journey to the Spirit World""","8494","Marlene Top ""Voyage Vers le Monde du Songe"" : Taille - XL","0","139","79.5","0"
"A07020-WLS0701NC0AA","9059","Marlene Top ""Journey to the Spirit World""","8495","Marlene Top ""Voyage Vers le Monde du Songe"" : Taille - L","0","139","79.5","0"
"A07020-WLS0701NC0AA","9059","Marlene Top ""Journey to the Spirit World""","8496","Marlene Top ""Voyage Vers le Monde du Songe"" : Taille - XP","1","139","79.5","0"
"A07020-WLS1701NC0AA","9060","Mia Turtleneck ""Journey to the Spirit World""","8497","Col Roulé Mia ""Voyage Vers le Monde du Songe"" : Taille - P","0","149","59.5","0"
"A07020-WLS1701NC0AA","9060","Mia Turtleneck ""Journey to the Spirit World""","8498","Col Roulé Mia ""Voyage Vers le Monde du Songe"" : Taille - M","0","149","59.5","0"
"A07020-WLS1701NC0AA","9060","Mia Turtleneck ""Journey to the Spirit World""","8499","Col Roulé Mia ""Voyage Vers le Monde du Songe"" : Taille - L","0","149","59.5","0"
"A07020-WLS1701NC0AA","9060","Mia Turtleneck ""Journey to the Spirit World""","8500","Col Roulé Mia ""Voyage Vers le Monde du Songe"" : Taille - XL","1","149","59.5","0"
"A07020-WLS1701NC0AA","9060","Mia Turtleneck ""Journey to the Spirit World""","8501","Col Roulé Mia ""Voyage Vers le Monde du Songe"" : Taille - XP","0","149","59.5","0"
"W12005-WSK0501NC0WA","9061","Elaine Skirt ""Earth Keeper""","8502","Jupe Elaine ""Gardienne de la Terre"" : Taille - P","1","149","63.5","0"
"W12005-WSK0501NC0WA","9061","Elaine Skirt ""Earth Keeper""","8503","Jupe Elaine ""Gardienne de la Terre"" : Taille - M","0","149","63.5","0"
"W12005-WSK0501NC0WA","9061","Elaine Skirt ""Earth Keeper""","8504","Jupe Elaine ""Gardienne de la Terre"" : Taille - L","0","149","63.5","0"
"W12005-WSK0501NC0WA","9061","Elaine Skirt ""Earth Keeper""","8505","Jupe Elaine ""Gardienne de la Terre"" : Taille - XL","0","149","63.5","0"
"W12005-WSK0501NC0WA","9061","Elaine Skirt ""Earth Keeper""","8506","Jupe Elaine ""Gardienne de la Terre"" : Taille - XP","1","149","63.5","0"
"A16051-WBL0601NCO5A","9062","Kimono ""Northern Keepers""","8587","Kimono ""Gardiens du Nord"" : Taille - TU/OS","3","129","49.5","0"
"A07020-UAC1301NC0AA","9063","Rosa Headband ""Journey to the Spirit World""","","Bandeau Rosa ""Voyage Vers le Monde du Songe""","0","49","13","0"
"A01036-WAC0201NC0ZA","9064","Vivienne Scarf ""Teachings""","","Foulard Vivienne ""Le Chant du Tambour""","3","59","23","0"
"180SB","9068","Ladies Concho","8508","Concho pour Dames : Pointure - 4","0","175","99","0"
"180SB","9068","Ladies Concho","8509","Concho pour Dames : Pointure - 5","0","175","99","0"
"180SB","9068","Ladies Concho","8510","Concho pour Dames : Pointure - 6","0","175","99","0"
"180SB","9068","Ladies Concho","8511","Concho pour Dames : Pointure - 7","0","175","99","0"
"180SB","9068","Ladies Concho","8512","Concho pour Dames : Pointure - 8","1","175","99","0"
"180SB","9068","Ladies Concho","8513","Concho pour Dames : Pointure - 9","0","175","99","0"
"180SB","9068","Ladies Concho","8514","Concho pour Dames : Pointure - 10","0","175","99","0"
"180SB","9068","Ladies Concho","8515","Concho pour Dames : Pointure - 11","0","175","99","0"
"SKU: 00-07-427","9110","Bill Helin Orca Earrings","","Bill Helin Boucles d'Oreille Épaulard","0","85","37","0"
"A16058-UAC0301NC04B","9116","Reuben Tote Bag ""Silent Seekers""","","Sac Reuben ""En Quête de Silence""","1","49","21","0"
"A07020-WLS1301NCOAA","9141","Jamie Top ""Journey to the Spirit World""","8518","Haut Jamie ""Voyage Vers le Monde du Songe"" : Taille - P","0","129","49.5","0"
"A07020-WLS1301NCOAA","9141","Jamie Top ""Journey to the Spirit World""","8519","Haut Jamie ""Voyage Vers le Monde du Songe"" : Taille - M","1","129","49.5","0"
"A07020-WLS1301NCOAA","9141","Jamie Top ""Journey to the Spirit World""","8520","Haut Jamie ""Voyage Vers le Monde du Songe"" : Taille - L","1","129","49.5","0"
"A07020-WLS1301NCOAA","9141","Jamie Top ""Journey to the Spirit World""","8521","Haut Jamie ""Voyage Vers le Monde du Songe"" : Taille - XL","1","129","49.5","0"
"A07020-WLS1301NCOAA","9141","Jamie Top ""Journey to the Spirit World""","8522","Haut Jamie ""Voyage Vers le Monde du Songe"" : Taille - XP","0","129","49.5","0"
"A07020-UAC0401NC0AA","9142","Nino Place Mats ""Journey to the Spirit World""","10358","Napperons Nino ""Voyage Vers le Monde du Songe"" : Style - Coins carrés","1","15","6.5","0"
"A07020-UAC0401NC0AA","9142","Nino Place Mats ""Journey to the Spirit World""","10359","Napperons Nino ""Voyage Vers le Monde du Songe"" : Style - Coins arrondis","7","15","6.5","0"
"SKU: 00-07-430","9316","Bill Helin Hummingbird Brooch","","Bill Helin Broche Colibri","0","76","0","0"
"SKU: 00-06-911","9329","Eagle Pâté Knife","8533","Couteau à Pâté Aigle : Style - Mat","2","50","19.5","0"
"SKU: 00-06-911","9329","Eagle Pâté Knife","8534","Couteau à Pâté Aigle : Style - Poli","0","50","19.5","0"
"SKU: 00-06-101","9331","Raven Horn Serving Set - (sold separately)","8537","Ensemble de Service Corbeau - (vendu séparément) : Style - Louche - Mat","0","120","19.55","0"
"SKU: 00-06-101","9331","Raven Horn Serving Set - (sold separately)","8538","Ensemble de Service Corbeau - (vendu séparément) : Style - Louche - Poli","1","120","19.55","0"
"SKU: 00-06-101","9331","Raven Horn Serving Set - (sold separately)","8539","Ensemble de Service Corbeau - (vendu séparément) : Style - Louche à Fente - Mat","1","120","19.55","0"
"SKU: 00-06-101","9331","Raven Horn Serving Set - (sold separately)","8540","Ensemble de Service Corbeau - (vendu séparément) : Style - Louche à Fente - Poli","1","120","19.55","0"
"SKU: 00-06-197","9332","Letter Opener","","Ouvre Lettres","1","74","24","0"
"SKU: 00-03-605","9334","Beaver","8546","Castor : Taille - M","1","20","0","8.5"
"SKU: 00-03-605","9334","Beaver","8547","Castor : Taille - L","1","30","0","10"
"SKU: 00-03-640","9338","Raccoon","8550","Raton Laveur : Taille - M","0","21","0","8.5"
"SKU: 00-03-640","9338","Raccoon","8551","Raton Laveur : Taille - L","1","32","0","14"
"SKU: 00-03-642","9339","Otter","8552","Loutre : Taille - L","1","32","0","32"
"SKU: 00-03-642","9339","Otter","8553","Loutre : Taille - M","0","19.95","0","8.5"
"SKU: 00-03-643","9340","Frog","8554","Grenouille : Taille - L","0","32","0","13.5"
"SKU: 00-03-643","9340","Frog","11705","Grenouille : Taille - M","0","20","0","8.5"
"SKU: 00-03-644","9341","Bear","8556","Ours : Taille - L","2","36","0","15.5"
"SKU: 00-03-644","9341","Bear","11704","Ours : Taille - M","0","0","0","9.5"
"SKU: 00-03-631","9342","Owl","","Hibou","2","61","26.5","0"
"SKU: 00-03-632","9343","Seal","","Loup Marin","2","61","26.5","0"
"SKU: 00-04-802","9344","Orca","","Orque","0","29","12.75","0"
"SKU: 00-03-634","9345","Polar Bear","","Ours Polaire","1","69","30","0"
"SKU: 00-03-638","9346","Orca","8562","Orque : Taille - L","0","72","0","31"
"SKU: 00-03-638","9346","Orca","8563","Orque : Taille - M","1","36","0","15.5"
"SKU: 00-03-628","9347","Loon","8566","Huard : Taille - P","2","23","0","10"
"SKU: 00-03-628","9347","Loon","8567","Huard : Taille - M","3","36","0","15"
"SKU: 00-03-628","9347","Loon","8568","Huard : Taille - L","2","72","0","31"
"SKU: 00-04-287","9348","Inuksuk","8569","Taille - M","2","53","0","23"
"SKU: 00-04-287","9348","Inuksuk","8570","Taille - L","2","57","0","24"
"SKU: 00-04-287","9348","Inuksuk","8571","Taille - P","1","47","0","20"
"SKU: 00-03-815","9349","Inuit Ice Fishing","","Pêche sur Glace","0","177","77","0"
"SKU: 00-03-816","9350","Inuit Mother and Child","","Amour Maternel","0","212","92","0"
"SKU: 00-03-814","9351","The Archer","","L'archer","0","178","77","0"
"SKU: 00-03-813","9352","Inuit Girl and Husky","","Tendresse","0","126.95","55","0"
"SKU: Colouring027","9382","Colouring Book ""Northern Keepers""","","Livre à Colorier ""Gardiens du Nord""","5","8.949999999999999","3.75","0"
"Palo Stick","9448","Palo Santo","","Bâton de Palo Santo","10","2.7","1.25","0"
"3818","9489","Turquoise Bracelet","","Bracelet Turquoise","1","625","270","0"
"3819","9491","Turquoise Bracelet","","Bracelet Turquoise","1","575","250","0"
"3821","9493","Turquoise Bracelet","","Bracelet Turquoise","0","275","115","0"
"3822","9494","Bear Bracelet","","Bracelet Ours","2","295","125","0"
"3823","9495","Bear Bracelet","","Bracelet Ours","1","325","140","0"
"3825","9496","Floral Bracelet","","Bracelet Floral","1","230","100","0"
"3826","9497","Floral Bracelet","","Bracelet Floral","3","230","100","0"
"3829","9498","Turquoise Bracelet","","Bracelet Turquoise","0","395","16.5","0"
"3831","9499","Horse Bracelet","","Bracelet Cheval","1","380","165","0"
"3833","9500","Turquoise Bracelet","","Bracelet Turquoise","1","345","150","0"
"3834","9501","Turquoise Bracelet","","Bracelet Turquoise","0","350","16.5","0"
"3836","9502","Malachite Bracelet","","Bracelet Malachite","0","235","16.5","0"
"3838","9503","Turquoise Bracelet","","Bracelet Turquoise","1","295","125","0"
"3840","9504","Turquoise Bracelet","","Bracelet Turquoise","0","145","16.5","0"
"3842","9505","Turquoise Bracelet","","Bracelet Turquoise","0","160","16.5","0"
"3844","9506","Turquoise Bracelet","","Bracelet Turquoise","1","150","65","0"
"3846","9507","Turquoise Bracelet","","Bracelet Turquoise","0","115","16.5","0"
"3849","9508","Turquoise Bracelet","","Bracelet Turquoise","0","115","16.5","0"
"3850","9509","Bear Paw Bracelet","","Bracelet Pattes d'Ours","2","175","76","0"
"3848","9510","Turquoise Bracelet","","Bracelet Turquoise","0","130","56","0"
"3852","9511","Lapis Lazuli Bracelet","","Bracelet Lapis Lazuli","0","160","16.5","0"
"3853","9512","Lapis Lazuli Bracelet","","Bracelet Lapis Lazuli","0","175","16.5","0"
"3855","9513","Onyx Bracelet","","Bracelet Onyx","0","160","16.5","0"
"3856","9514","Mohave Bracelet","","Bracelet Mohave","0","190","16.5","0"
"3857","9515","Mohave Bracelet","","Bracelet Mohave","1","595","255","0"
"CC200","9528","GIFT CARD $200","","CARTE CADEAU 200$","995","200","0","0"
"Fairy Stones","9537","Stones - Fairy","9130","Pierres de Fée : Taille - P","10","9.25","0","4"
"Fairy Stones","9537","Stones - Fairy","9131","Pierres de Fée : Taille - M","9","14","0","6"
"Fairy Stones","9537","Stones - Fairy","9132","Pierres de Fée : Taille - L","2","18","0","7.8"
"Fairy Stones","9537","Stones - Fairy","9133","Pierres de Fée : Taille - XP","47","7.95","0","3.45"
"Fairy Stones","9537","Stones - Fairy","9287","Pierres de Fée : Taille - XL","44","24","0","10.4"
"Fairy Stones","9537","Stones - Fairy","9288","Pierres de Fée : Taille - XXL","0","28","0","12.15"
"3861","9545","Larimar Bracelet","","Bracelet Larimar","1","380","165","0"
"3863","9546","Turquoise Bracelet","","Bracelet Turquoise","0","390","16.5","0"
"3864","9547","Feather Bracelet","","Bracelet Plumes","1","325","140","0"
"3866","9549","Sungod Bracelet","","Bracelet Dieu du Soleil","0","145","16.5","0"
"3867","9550","Sterling Bracelet","","Bracelet en Argent","1","425","180","0"
"3868","9551","Wolf Bracelet","","Bracelet Loup","1","225","95","0"
"3870","9553","Sterling Bracelet","","Bracelet en Argent","0","495","165","0"
"3874","9555","Sterling Bracelet","","Bracelet en Argent","0","205","16.5","0"
"3879","9557","Sterling Bracelet","","Bracelet en Argent","0","260","16.5","0"
"3880","9558","Sterling Bracelet","","Bracelet en Argent","0","95","16.5","0"
"3881","9559","Floral Bracelet","","Bracelet Floral","0","295","16.5","0"
"3882","9560","Turquoise Bracelet","","Bracelet Turquoise","1","780","335","0"
"3883","9562","Turquoise Bracelet","","Bracelet Turquoise","1","500","215","0"
"3885","9563","Turquoise Bracelet","","Bracelet Turquoise","1","500","215","0"
"3893","9564","Larimar Bracelet","","Bracelet Larimar","1","300","130","0"
"3899","9565","Turquoise Bracelet","","Bracelet Turquoise","1","130","55","0"
"3900","9566","Lapis Lazuli Bracelet","","Bracelet Lapis Lazuli","1","130","55","0"
"3901","9567","Turquoise Bracelet","","Bracelet Turquoise","0","130","16.5","0"
"3902","9568","Bear Claw Bracelet","","Bracelet Griffe d'Ours","1","135","58","0"
"3905","9569","Coral Bracelet","8584","Bracelet Corail : Bijoux - Diamètre 5.5 cm x 4 cm","0","115","16.5","0"
"3905","9569","Coral Bracelet","8585","Bracelet Corail : Bijoux - Diamètre 5.6 cm x 4.3 cm","0","115","16.5","0"
"3910","9572","Zuni Bracelet","","Bracelet Zuni","0","125","16.5","0"
"3911","9573","Zuni Bracelet","","Bracelet Zuni","0","215","16.5","0"
"3913","9574","Opalite Bracelet","","Bracelet Opalite","0","125","16.5","0"
"3918","9575","Bear Paw Bracelet","","Bracelet Patte d'Ours","0","125","16.5","0"
"3920","9684","Bear Paw Bracelet","","Bracelet Patte d'Ours","0","115","50","0"
"3922","9685","Bear Paw Bracelet","","Bracelet Patte d'Ours","5","175","16.5","0"
"3923","9686","Bear Paw Bracelet","","Bracelet Patte d'Ours","2","175","16.5","0"
"3924","9687","Bear Paw Bracelet","","Bracelet Patte d'Ours","0","125","16.5","0"
"3925","9688","Bear Bracelet","","Bracelet Ours","0","295","125","0"
"3926","9689","Bear Bracelet","","Bracelet Ours","0","295","16.5","0"
"3929","9691","Buffalo Bracelet","","Bracelet Bison","0","240","16.5","0"
"3932","9692","Child's Bracelet","","Bracelet pour Enfant","1","35","15","0"
"3933","9693","Child's Bracelet","","Bracelet pour Enfant","1","60","26","0"
"3934","9694","Child's Bracelet","","Bracelet pour Enfant","0","35","16.5","0"
"3935","9695","Child's Bracelet","","Bracelet pour Enfant","0","35","16.5","0"
"3936","9696","Child's Bracelet","","Bracelet pour Enfant","1","35","15","0"
"3937","9697","Child's Bracelet","","Bracelet pour Enfant","1","35","15","0"
"3940","9698","Child's Bracelet","","Bracelet pour Enfant","1","60","26","0"
"3941","9699","Child's Bracelet","","Bracelet pour Enfant","1","60","26","0"
"3943","9700","Beaded Child's Bracelet","","Bracelet pour Enfant Perlé","0","25","16.5","0"
"3944","9701","Beaded Child's Bracelet","","Bracelet pour Enfant Perlé","0","25","16.5","0"
"3945","9702","Beaded Child's Bracelet","","Bracelet pour Enfant Perlé","0","25","16.5","0"
"3946","9703","Beaded Child's Bracelet","","Bracelet pour Enfant Perlé","0","25","16.5","0"
"3948","9704","Buffalo Turquoise Bracelet","","Bracelet Turquoise Buffalo","0","275","16.5","0"
"3949","9705","Floral Bracelet","","Bracelet Floral","0","325","16.5","0"
"3950","9706","Turquoise Bracelet","","Bracelet Turquoise","0","625","16.5","0"
"3952","9707","Oval Bracelet","","Bracelet Ovale","1","355","150","0"
"3953","9708","Bear Claw Bracelet","","Bracelet Griffe d'Ours","0","395","16.5","0"
"3954","9709","Eagle Bracelet","","Bracelet Aigle","1","595","255","0"
"3955","9710","Bear Paw Bracelet","","Bracelet Pattes d'Ours","0","335","16.5","0"
"3956","9711","Turquoise Bracelet","","Bracelet Turquoise","0","300","16.5","0"
"W13023-WNS0701NC01A","9767","Coco Tank ""Wisdom Keepers""","8588","Débardeur Coco ""Gardiens de la Sagesse"" : Taille - P","1","79","34.35","0"
"W13023-WNS0701NC01A","9767","Coco Tank ""Wisdom Keepers""","8589","Débardeur Coco ""Gardiens de la Sagesse"" : Taille - M","2","79","34.35","0"
"W13023-WNS0701NC01A","9767","Coco Tank ""Wisdom Keepers""","8590","Débardeur Coco ""Gardiens de la Sagesse"" : Taille - L","1","79","34.35","0"
"W13023-WNS0701NC01A","9767","Coco Tank ""Wisdom Keepers""","8591","Débardeur Coco ""Gardiens de la Sagesse"" : Taille - XL","1","79","34.35","0"
"W13023-WNS0701NC01A","9767","Coco Tank ""Wisdom Keepers""","8592","Débardeur Coco ""Gardiens de la Sagesse"" : Taille - XP","1","79","34.35","0"
"FAB-17A","9809","17A Shaman Painted River Pebble","","17A Galet de Rivière Peint Chamanes","15","5.5","1.5","0"
"W13023-WPA0301NC11A","9851","Carla Palazzo ""Water and Spirit Buffalo at Sunset""","8738","Palazzo Carla ""Eau et Esprit du Bison au Soleil Couchant"" : Taille - XP","0","189","74","0"
"W13023-WPA0301NC11A","9851","Carla Palazzo ""Water and Spirit Buffalo at Sunset""","8739","Palazzo Carla ""Eau et Esprit du Bison au Soleil Couchant"" : Taille - P","1","189","74","0"
"W13023-WPA0301NC11A","9851","Carla Palazzo ""Water and Spirit Buffalo at Sunset""","8740","Palazzo Carla ""Eau et Esprit du Bison au Soleil Couchant"" : Taille - M","0","189","74","0"
"W13023-WPA0301NC11A","9851","Carla Palazzo ""Water and Spirit Buffalo at Sunset""","8741","Palazzo Carla ""Eau et Esprit du Bison au Soleil Couchant"" : Taille - L","0","189","74","0"
"W13023-WPA0301NC11A","9851","Carla Palazzo ""Water and Spirit Buffalo at Sunset""","8742","Palazzo Carla ""Eau et Esprit du Bison au Soleil Couchant"" : Taille - XL","0","189","74","0"
"W13023-WAC0501NC11A","9854","Vivienne Scarf ""Water and Spirit Buffalo at Sunset""","","Foulard Vivienne ""Eau et Esprit du Bison au Soleil Couchant""","4","59","20","0"
"W13023-WAC0501NC12A","9856","Vivienne Scarf ""Water and Spirit Buffalo at Moonrise""","","Foulard Vivienne ""Eau et Esprit du Bison à l'Éveil de la Lune""","3","59","20","0"
"A04015-WAC0501NC14A","9857","Vivienne Scarf ""Rebirth""","","Foulard Vivienne ""Renaissance""","3","59","20","0"
"A08019-WAC0501NC13A","9858","Vivienne Scarf ""Unity""","","Foulard Vivienne ""Union""","3","59","20","0"
"W13023-WDR2601NC11A","9860","Kate Dress ""Water and Spirit Buffalo at Sunset""","8603","Robe Kate ""Eau et Esprit du Bison au Soleil Couchant"" : Taille - P","1","169","64.5","0"
"W13023-WDR2601NC11A","9860","Kate Dress ""Water and Spirit Buffalo at Sunset""","8604","Robe Kate ""Eau et Esprit du Bison au Soleil Couchant"" : Taille - M","0","169","64.5","0"
"W13023-WDR2601NC11A","9860","Kate Dress ""Water and Spirit Buffalo at Sunset""","8605","Robe Kate ""Eau et Esprit du Bison au Soleil Couchant"" : Taille - L","1","169","64.5","0"
"W13023-WDR2601NC11A","9860","Kate Dress ""Water and Spirit Buffalo at Sunset""","8606","Robe Kate ""Eau et Esprit du Bison au Soleil Couchant"" : Taille - XL","0","169","64.5","0"
"W13023-WDR2601NC11A","9860","Kate Dress ""Water and Spirit Buffalo at Sunset""","8607","Robe Kate ""Eau et Esprit du Bison au Soleil Couchant"" : Taille - XP","0","169","64.5","0"
"A04015-WDR2601NC14A","9861","Kate Dress ""Rebirth""","8608","Robe Kate ""Renaissance"" : Taille - P","0","169","64.5","0"
"A04015-WDR2601NC14A","9861","Kate Dress ""Rebirth""","8609","Robe Kate ""Renaissance"" : Taille - M","0","169","64.5","0"
"A04015-WDR2601NC14A","9861","Kate Dress ""Rebirth""","8610","Robe Kate ""Renaissance"" : Taille - L","0","169","64.5","0"
"A04015-WDR2601NC14A","9861","Kate Dress ""Rebirth""","8611","Robe Kate ""Renaissance"" : Taille - XL","0","169","64.5","0"
"A04015-WDR2601NC14A","9861","Kate Dress ""Rebirth""","8612","Robe Kate ""Renaissance"" : Taille - XP","1","169","64.5","0"
"W13023-WDR3801NC12A","9863","Felicia ""Water and Spirit Buffalo at Moonrise""","8618","Felicia ""Eau et Esprit du Bison à l'Éveil de la Lune"" : Taille - P","1","149","62","0"
"W13023-WDR3801NC12A","9863","Felicia ""Water and Spirit Buffalo at Moonrise""","8619","Felicia ""Eau et Esprit du Bison à l'Éveil de la Lune"" : Taille - M","0","149","62","0"
"W13023-WDR3801NC12A","9863","Felicia ""Water and Spirit Buffalo at Moonrise""","8620","Felicia ""Eau et Esprit du Bison à l'Éveil de la Lune"" : Taille - L","0","149","62","0"
"W13023-WDR3801NC12A","9863","Felicia ""Water and Spirit Buffalo at Moonrise""","8621","Felicia ""Eau et Esprit du Bison à l'Éveil de la Lune"" : Taille - XL","0","149","62","0"
"W13023-WDR3801NC12A","9863","Felicia ""Water and Spirit Buffalo at Moonrise""","8622","Felicia ""Eau et Esprit du Bison à l'Éveil de la Lune"" : Taille - XP","0","149","62","0"
"W13023-WNS0701NC12A","9864","Coco Tank ""Water and Spirit Buffalo at Moonrise""","8623","Débardeur Coco ""Eau et Esprit du Bison à l'Éveil de la Lune"" : Taille - P","1","79","34.35","0"
"W13023-WNS0701NC12A","9864","Coco Tank ""Water and Spirit Buffalo at Moonrise""","8624","Débardeur Coco ""Eau et Esprit du Bison à l'Éveil de la Lune"" : Taille - M","0","79","34.35","0"
"W13023-WNS0701NC12A","9864","Coco Tank ""Water and Spirit Buffalo at Moonrise""","8625","Débardeur Coco ""Eau et Esprit du Bison à l'Éveil de la Lune"" : Taille - L","0","79","34.35","0"
"W13023-WNS0701NC12A","9864","Coco Tank ""Water and Spirit Buffalo at Moonrise""","8626","Débardeur Coco ""Eau et Esprit du Bison à l'Éveil de la Lune"" : Taille - XL","0","79","34.35","0"
"W13023-WNS0701NC12A","9864","Coco Tank ""Water and Spirit Buffalo at Moonrise""","8627","Débardeur Coco ""Eau et Esprit du Bison à l'Éveil de la Lune"" : Taille - XP","1","79","34.35","0"
"W08019-WNS0701NC13A","9865","Coco Tank ""Unity""","8628","Débardeur Coco ""Union"" : Taille - P","0","79","34.35","0"
"W08019-WNS0701NC13A","9865","Coco Tank ""Unity""","8629","Débardeur Coco ""Union"" : Taille - M","0","79","34.35","0"
"W08019-WNS0701NC13A","9865","Coco Tank ""Unity""","8630","Débardeur Coco ""Union"" : Taille - L","0","79","34.35","0"
"W08019-WNS0701NC13A","9865","Coco Tank ""Unity""","8631","Débardeur Coco ""Union"" : Taille - XL","1","79","34.35","0"
"W08019-WNS0701NC13A","9865","Coco Tank ""Unity""","8632","Débardeur Coco ""Union"" : Taille - XP","0","79","34.35","0"
"W13023-WSK0501NC09A","9866","Elaine Skirt ""Water and Spirit Buffalo""","8633","Jupe Elaine ""Eau et Esprit du Bison"" : Taille - P","1","149","63.5","0"
"W13023-WSK0501NC09A","9866","Elaine Skirt ""Water and Spirit Buffalo""","8634","Jupe Elaine ""Eau et Esprit du Bison"" : Taille - M","0","149","63.5","0"
"W13023-WSK0501NC09A","9866","Elaine Skirt ""Water and Spirit Buffalo""","8635","Jupe Elaine ""Eau et Esprit du Bison"" : Taille - L","0","149","63.5","0"
"W13023-WSK0501NC09A","9866","Elaine Skirt ""Water and Spirit Buffalo""","8636","Jupe Elaine ""Eau et Esprit du Bison"" : Taille - XL","0","149","63.5","0"
"W13023-WSK0501NC09A","9866","Elaine Skirt ""Water and Spirit Buffalo""","8637","Jupe Elaine ""Eau et Esprit du Bison"" : Taille - XP","1","149","63.5","0"
"W13023-WSK0501NC11A","9867","Elaine Skirt ""Water and Spirit Buffalo at Sunset""","8638","Jupe Elaine ""Eau et Esprit du Bison au Soleil Couchant"" : Taille - P","0","149","63.5","0"
"W13023-WSK0501NC11A","9867","Elaine Skirt ""Water and Spirit Buffalo at Sunset""","8639","Jupe Elaine ""Eau et Esprit du Bison au Soleil Couchant"" : Taille - M","1","149","63.5","0"
"W13023-WSK0501NC11A","9867","Elaine Skirt ""Water and Spirit Buffalo at Sunset""","8640","Jupe Elaine ""Eau et Esprit du Bison au Soleil Couchant"" : Taille - L","1","149","63.5","0"
"W13023-WSK0501NC11A","9867","Elaine Skirt ""Water and Spirit Buffalo at Sunset""","8641","Jupe Elaine ""Eau et Esprit du Bison au Soleil Couchant"" : Taille - XL","1","149","63.5","0"
"W13023-WSK0501NC11A","9867","Elaine Skirt ""Water and Spirit Buffalo at Sunset""","8642","Jupe Elaine ""Eau et Esprit du Bison au Soleil Couchant"" : Taille - XP","1","149","63.5","0"
"W13023-WSK0501NC12A","9868","Elaine Skirt ""Water and Spirit Buffalo at Moonrise""","8643","Jupe Elaine ""Eau et Esprit du Bison à l'Éveil de la Lune"" : Taille - P","0","149","63.5","0"
"W13023-WSK0501NC12A","9868","Elaine Skirt ""Water and Spirit Buffalo at Moonrise""","8644","Jupe Elaine ""Eau et Esprit du Bison à l'Éveil de la Lune"" : Taille - M","2","149","63.5","0"
"W13023-WSK0501NC12A","9868","Elaine Skirt ""Water and Spirit Buffalo at Moonrise""","8645","Jupe Elaine ""Eau et Esprit du Bison à l'Éveil de la Lune"" : Taille - L","1","149","63.5","0"
"W13023-WSK0501NC12A","9868","Elaine Skirt ""Water and Spirit Buffalo at Moonrise""","8646","Jupe Elaine ""Eau et Esprit du Bison à l'Éveil de la Lune"" : Taille - XL","0","149","63.5","0"
"W13023-WSK0501NC12A","9868","Elaine Skirt ""Water and Spirit Buffalo at Moonrise""","8647","Jupe Elaine ""Eau et Esprit du Bison à l'Éveil de la Lune"" : Taille - XP","1","149","63.5","0"
"A04015-WSK0501NC14A","9869","Elaine Skirt ""Rebirth""","8648","Jupe Elaine ""Renaissance"" : Taille - P","1","149","63.5","0"
"A04015-WSK0501NC14A","9869","Elaine Skirt ""Rebirth""","8649","Jupe Elaine ""Renaissance"" : Taille - M","1","149","63.5","0"
"A04015-WSK0501NC14A","9869","Elaine Skirt ""Rebirth""","8650","Jupe Elaine ""Renaissance"" : Taille - L","1","149","63.5","0"
"A04015-WSK0501NC14A","9869","Elaine Skirt ""Rebirth""","8651","Jupe Elaine ""Renaissance"" : Taille - XL","1","149","63.5","0"
"A04015-WSK0501NC14A","9869","Elaine Skirt ""Rebirth""","8652","Jupe Elaine ""Renaissance"" : Taille - XP","0","149","63.5","0"
"A20055-WSK0501NCOYA","9870","Elaine Skirt ""Refuge""","8653","Jupe Elaine ""Refuge"" : Taille - P","0","149","63.5","0"
"A20055-WSK0501NCOYA","9870","Elaine Skirt ""Refuge""","8654","Jupe Elaine ""Refuge"" : Taille - M","2","149","63.5","0"
"A20055-WSK0501NCOYA","9870","Elaine Skirt ""Refuge""","8655","Jupe Elaine ""Refuge"" : Taille - L","1","149","63.5","0"
"A20055-WSK0501NCOYA","9870","Elaine Skirt ""Refuge""","8656","Jupe Elaine ""Refuge"" : Taille - XL","1","149","63.5","0"
"A20055-WSK0501NCOYA","9870","Elaine Skirt ""Refuge""","8657","Jupe Elaine ""Refuge"" : Taille - XP","0","149","63.5","0"
"A04015-WSS1201NC14A","9893","Sylvie Tunic ""Rebirth""","8658","Tunique Sylvie ""Renaissance"" : Taille - P","1","139","69","0"
"A04015-WSS1201NC14A","9893","Sylvie Tunic ""Rebirth""","8659","Tunique Sylvie ""Renaissance"" : Taille - M","1","139","69","0"
"A04015-WSS1201NC14A","9893","Sylvie Tunic ""Rebirth""","8660","Tunique Sylvie ""Renaissance"" : Taille - L","0","139","69","0"
"A04015-WSS1201NC14A","9893","Sylvie Tunic ""Rebirth""","8661","Tunique Sylvie ""Renaissance"" : Taille - XL","1","139","69","0"
"A04015-WSS1201NC14A","9893","Sylvie Tunic ""Rebirth""","8662","Tunique Sylvie ""Renaissance"" : Taille - XP","1","139","69","0"
"WSS1201NC13A","9894","Sylvie Tunic ""Unity""","8663","Tunique Sylvie ""Union"" : Taille - P","0","139","69","0"
"WSS1201NC13A","9894","Sylvie Tunic ""Unity""","8664","Tunique Sylvie ""Union"" : Taille - M","0","139","69","0"
"WSS1201NC13A","9894","Sylvie Tunic ""Unity""","8665","Tunique Sylvie ""Union"" : Taille - L","0","139","69","0"
"WSS1201NC13A","9894","Sylvie Tunic ""Unity""","8666","Tunique Sylvie ""Union"" : Taille - XL","0","139","69","0"
"WSS1201NC13A","9894","Sylvie Tunic ""Unity""","8667","Tunique Sylvie ""Union"" : Taille - XP","0","139","69","0"
"A04015-WNS0901NC14A","9895","Tilda Tank ""Rebirth""","8668","Camisole Tilda ""Renaissance"" : Taille - P","1","79","27","0"
"A04015-WNS0901NC14A","9895","Tilda Tank ""Rebirth""","8669","Camisole Tilda ""Renaissance"" : Taille - M","0","79","27","0"
"A04015-WNS0901NC14A","9895","Tilda Tank ""Rebirth""","8670","Camisole Tilda ""Renaissance"" : Taille - L","0","79","27","0"
"A04015-WNS0901NC14A","9895","Tilda Tank ""Rebirth""","8671","Camisole Tilda ""Renaissance"" : Taille - XL","0","79","27","0"
"A04015-WNS0901NC14A","9895","Tilda Tank ""Rebirth""","8672","Camisole Tilda ""Renaissance"" : Taille - XP","1","79","27","0"
"A18019-WBL0301NC13A","9896","Frida Cardigan ""Unity""","8673","Cardigan Frida ""Union"" : Taille - P","0","129","52.5","0"
"A18019-WBL0301NC13A","9896","Frida Cardigan ""Unity""","8674","Cardigan Frida ""Union"" : Taille - M","1","129","52.5","0"
"A18019-WBL0301NC13A","9896","Frida Cardigan ""Unity""","8675","Cardigan Frida ""Union"" : Taille - L","0","129","52.5","0"
"A18019-WBL0301NC13A","9896","Frida Cardigan ""Unity""","8676","Cardigan Frida ""Union"" : Taille - XL","0","129","52.5","0"
"A18019-WBL0301NC13A","9896","Frida Cardigan ""Unity""","8677","Cardigan Frida ""Union"" : Taille - XP","0","129","52.5","0"
"A08019-WDR4501NC13A","9898","Olivia Dress ""Unity""","8678","Robe Olivia ""Union"" : Taille - P","1","159","76","0"
"A08019-WDR4501NC13A","9898","Olivia Dress ""Unity""","8679","Robe Olivia ""Union"" : Taille - M","0","159","76","0"
"A08019-WDR4501NC13A","9898","Olivia Dress ""Unity""","8680","Robe Olivia ""Union"" : Taille - L","0","159","76","0"
"A08019-WDR4501NC13A","9898","Olivia Dress ""Unity""","8681","Robe Olivia ""Union"" : Taille - XL","0","159","76","0"
"A08019-WDR4501NC13A","9898","Olivia Dress ""Unity""","8682","Robe Olivia ""Union"" : Taille - XP","0","159","76","0"
"W13023-WNS1201NC11A","9899","Tamara Top ""Spirit and Water Buffalo at Sunset""","8683","Tamara Top ""Eau et Esprit du Bison au Soleil Couchant"" : Taille - P","1","129","60.5","0"
"W13023-WNS1201NC11A","9899","Tamara Top ""Spirit and Water Buffalo at Sunset""","8684","Tamara Top ""Eau et Esprit du Bison au Soleil Couchant"" : Taille - M","0","129","60.5","0"
"W13023-WNS1201NC11A","9899","Tamara Top ""Spirit and Water Buffalo at Sunset""","8685","Tamara Top ""Eau et Esprit du Bison au Soleil Couchant"" : Taille - L","0","129","60.5","0"
"W13023-WNS1201NC11A","9899","Tamara Top ""Spirit and Water Buffalo at Sunset""","8686","Tamara Top ""Eau et Esprit du Bison au Soleil Couchant"" : Taille - XL","0","129","60.5","0"
"W13023-WNS1201NC11A","9899","Tamara Top ""Spirit and Water Buffalo at Sunset""","8687","Tamara Top ""Eau et Esprit du Bison au Soleil Couchant"" : Taille - XP","1","129","60.5","0"
"W13023-WNS1201NC12A","9900","Tamara Top ""Spirit and Water Buffalo at Moonrise""","8688","Tamara Top ""Eau et Esprit du Bison à l'Éveil de la Lune"" : Taille - P","0","129","60.5","0"
"W13023-WNS1201NC12A","9900","Tamara Top ""Spirit and Water Buffalo at Moonrise""","8689","Tamara Top ""Eau et Esprit du Bison à l'Éveil de la Lune"" : Taille - M","1","129","60.5","0"
"W13023-WNS1201NC12A","9900","Tamara Top ""Spirit and Water Buffalo at Moonrise""","8690","Tamara Top ""Eau et Esprit du Bison à l'Éveil de la Lune"" : Taille - L","0","129","60.5","0"
"W13023-WNS1201NC12A","9900","Tamara Top ""Spirit and Water Buffalo at Moonrise""","8691","Tamara Top ""Eau et Esprit du Bison à l'Éveil de la Lune"" : Taille - XL","0","129","60.5","0"
"W13023-WNS1201NC12A","9900","Tamara Top ""Spirit and Water Buffalo at Moonrise""","8692","Tamara Top ""Eau et Esprit du Bison à l'Éveil de la Lune"" : Taille - XP","1","129","60.5","0"
"A08019-WNS1201NC13A","9901","Tamara Top ""Unity""","8693","Tamara Top ""Union"" : Taille - P","0","129","50","0"
"A08019-WNS1201NC13A","9901","Tamara Top ""Unity""","8694","Tamara Top ""Union"" : Taille - M","1","129","50","0"
"A08019-WNS1201NC13A","9901","Tamara Top ""Unity""","8695","Tamara Top ""Union"" : Taille - L","0","129","50","0"
"A08019-WNS1201NC13A","9901","Tamara Top ""Unity""","8696","Tamara Top ""Union"" : Taille - XL","0","129","50","0"
"A08019-WNS1201NC13A","9901","Tamara Top ""Unity""","8697","Tamara Top ""Union"" : Taille - XP","0","129","50","0"
"A04015-WBL1401NC14A","9903","Elani Kimono ""Rebirth""","8700","Kimono Elanie ""Renaissance"" : Taille - TU/OS","1","149","74","0"
"W13023-WSS1801NC12A","9906","Julie Drape ""Spirit and Water Buffalo at Moonrise""","8708","Drapé Julie ""Eau et Esprit du Bison à l'Éveil de la Lune"" : Taille - P","1","79","35.5","0"
"W13023-WSS1801NC12A","9906","Julie Drape ""Spirit and Water Buffalo at Moonrise""","8709","Drapé Julie ""Eau et Esprit du Bison à l'Éveil de la Lune"" : Taille - M","1","79","35.5","0"
"W13023-WSS1801NC12A","9906","Julie Drape ""Spirit and Water Buffalo at Moonrise""","8710","Drapé Julie ""Eau et Esprit du Bison à l'Éveil de la Lune"" : Taille - L","0","79","35.5","0"
"W13023-WSS1801NC12A","9906","Julie Drape ""Spirit and Water Buffalo at Moonrise""","8711","Drapé Julie ""Eau et Esprit du Bison à l'Éveil de la Lune"" : Taille - XL","0","79","35.5","0"
"W13023-WSS1801NC12A","9906","Julie Drape ""Spirit and Water Buffalo at Moonrise""","8712","Drapé Julie ""Eau et Esprit du Bison à l'Éveil de la Lune"" : Taille - XP","0","79","35.5","0"
"A04015-WDR4701NC14A","9908","Lea Dress ""Rebirth""","8718","Robe Lea ""Renaissance"" : Taille - P","1","149","68.5","0"
"A04015-WDR4701NC14A","9908","Lea Dress ""Rebirth""","8719","Robe Lea ""Renaissance"" : Taille - M","0","149","68.5","0"
"A04015-WDR4701NC14A","9908","Lea Dress ""Rebirth""","8720","Robe Lea ""Renaissance"" : Taille - L","0","149","68.5","0"
"A04015-WDR4701NC14A","9908","Lea Dress ""Rebirth""","8721","Robe Lea ""Renaissance"" : Taille - XL","0","149","68.5","0"
"A04015-WDR4701NC14A","9908","Lea Dress ""Rebirth""","8722","Robe Lea ""Renaissance"" : Taille - XP","0","149","68.5","0"
"A04015-WDR4901NC14A","9909","Carrie Dress ""Rebirth""","8723","Robe Carrie ""Renaissance"" : Taille - P","0","149","78.5","0"
"A04015-WDR4901NC14A","9909","Carrie Dress ""Rebirth""","8724","Robe Carrie ""Renaissance"" : Taille - M","1","149","78.5","0"
"A04015-WDR4901NC14A","9909","Carrie Dress ""Rebirth""","8725","Robe Carrie ""Renaissance"" : Taille - L","1","149","78.5","0"
"A04015-WDR4901NC14A","9909","Carrie Dress ""Rebirth""","8726","Robe Carrie ""Renaissance"" : Taille - XL","0","149","78.5","0"
"A04015-WDR4901NC14A","9909","Carrie Dress ""Rebirth""","8727","Robe Carrie ""Renaissance"" : Taille - XP","0","149","78.5","0"
"A08019-WDR4901NC13A","9910","Carrie Dress ""Unity""","8728","Robe Carrie ""Union"" : Taille - P","1","149","78.5","0"
"A08019-WDR4901NC13A","9910","Carrie Dress ""Unity""","8729","Robe Carrie ""Union"" : Taille - M","0","149","78.5","0"
"A08019-WDR4901NC13A","9910","Carrie Dress ""Unity""","8730","Robe Carrie ""Union"" : Taille - L","1","149","78.5","0"
"A08019-WDR4901NC13A","9910","Carrie Dress ""Unity""","8731","Robe Carrie ""Union"" : Taille - XL","0","149","78.5","0"
"A08019-WDR4901NC13A","9910","Carrie Dress ""Unity""","8732","Robe Carrie ""Union"" : Taille - XP","0","149","78.5","0"
"A04015-WLS2801NC14A","9911","Eden Tunic ""Rebirth""","8733","Tunique Eden ""Renaissance"" : Taille - P","0","139","61.89","0"
"A04015-WLS2801NC14A","9911","Eden Tunic ""Rebirth""","8734","Tunique Eden ""Renaissance"" : Taille - M","1","139","61.89","0"
"A04015-WLS2801NC14A","9911","Eden Tunic ""Rebirth""","8735","Tunique Eden ""Renaissance"" : Taille - L","1","139","61.89","0"
"A04015-WLS2801NC14A","9911","Eden Tunic ""Rebirth""","8736","Tunique Eden ""Renaissance"" : Taille - XL","0","139","61.89","0"
"A04015-WLS2801NC14A","9911","Eden Tunic ""Rebirth""","8737","Tunique Eden ""Renaissance"" : Taille - XP","0","139","61.89","0"
"A10004-WSK0501NC01A","9922","Elaine Skirt ""Merging Earth and Sky""","8743","Jupe Elaine ""Fusion Entre Terre et Ciel"" : Taille - P","1","149","63.5","0"
"A10004-WSK0501NC01A","9922","Elaine Skirt ""Merging Earth and Sky""","8744","Jupe Elaine ""Fusion Entre Terre et Ciel"" : Taille - M","1","149","63.5","0"
"A10004-WSK0501NC01A","9922","Elaine Skirt ""Merging Earth and Sky""","8745","Jupe Elaine ""Fusion Entre Terre et Ciel"" : Taille - L","1","149","63.5","0"
"A10004-WSK0501NC01A","9922","Elaine Skirt ""Merging Earth and Sky""","8746","Jupe Elaine ""Fusion Entre Terre et Ciel"" : Taille - XL","0","149","63.5","0"
"A10004-WSK0501NC01A","9922","Elaine Skirt ""Merging Earth and Sky""","8747","Jupe Elaine ""Fusion Entre Terre et Ciel"" : Taille - XP","1","149","63.5","0"
"ER","9996","Essential Oils Roll On","10180","Huiles Essentielles Rouleau à Billes : Bien-être - Murmure de l'Aigle","2","29.95","12.99","0"
"ER","9996","Essential Oils Roll On","10181","Huiles Essentielles Rouleau à Billes : Bien-être - Mère Nature","3","29.95","12.99","0"
"ER","9996","Essential Oils Roll On","10182","Huiles Essentielles Rouleau à Billes : Bien-être - Souffle de la Nature","4","29.95","12.99","0"
"ER","9996","Essential Oils Roll On","10183","Huiles Essentielles Rouleau à Billes : Bien-être - Soleil Ojibway","2","29.95","12.99","0"
"ER","9996","Essential Oils Roll On","10184","Huiles Essentielles Rouleau à Billes : Bien-être - Terre Sacrée","3","29.95","12.99","0"
"ER","9996","Essential Oils Roll On","10185","Huiles Essentielles Rouleau à Billes : Bien-être - Beaux Rêves","2","29.95","12.99","0"
"ER","9996","Essential Oils Roll On","10263","Huiles Essentielles Rouleau à Billes : Bien-être - Foin d'odeur sacré","2","29.95","12.99","0"
"ER","9996","Essential Oils Roll On","10264","Huiles Essentielles Rouleau à Billes : Bien-être - Cèdre","2","29.95","12.99","0"
"ER","9996","Essential Oils Roll On","10265","Huiles Essentielles Rouleau à Billes : Bien-être - Sauge","3","29.95","12.99","0"
"ER","9996","Essential Oils Roll On","10266","Huiles Essentielles Rouleau à Billes : Bien-être - Fusion d'Énergie","1","29.95","12.99","0"
"ES","9997","Essential Oils Spray","10186","Huiles Essentielles Vaporisateur : Bien-être - Murmure de l'Aigle","1","29.95","12.99","0"
"ES","9997","Essential Oils Spray","10187","Huiles Essentielles Vaporisateur : Bien-être - Mère Nature","2","29.95","12.99","0"
"ES","9997","Essential Oils Spray","10188","Huiles Essentielles Vaporisateur : Bien-être - Souffle de la Nature","1","29.95","12.99","0"
"ES","9997","Essential Oils Spray","10189","Huiles Essentielles Vaporisateur : Bien-être - Soleil Ojibway","3","29.95","12.99","0"
"ES","9997","Essential Oils Spray","10190","Huiles Essentielles Vaporisateur : Bien-être - Terre Sacrée","3","29.95","12.99","0"
"ES","9997","Essential Oils Spray","10191","Huiles Essentielles Vaporisateur : Bien-être - Beaux Rêves","3","29.95","12.99","0"
"ES","9997","Essential Oils Spray","10192","Huiles Essentielles Vaporisateur : Bien-être - Cèdre","2","29.95","12.99","0"
"ES","9997","Essential Oils Spray","10193","Huiles Essentielles Vaporisateur : Bien-être - Sauge","0","29.95","12.99","0"
"ES","9997","Essential Oils Spray","10194","Huiles Essentielles Vaporisateur : Bien-être - Foin d'odeur","0","29.95","12.99","0"
"ES","9997","Essential Oils Spray","10195","Huiles Essentielles Vaporisateur : Bien-être - Fusion d'Énergie","0","29.95","12.99","0"
"DC101","10209","Dream Catcher","8870","Capteur de Rêves : Couleurs - Vert forêt","0","8.949999999999999","0","0"
"DC101","10209","Dream Catcher","8871","Capteur de Rêves : Couleurs - Blanc","0","8.949999999999999","0","0"
"DC133","10213","Dream Catcher ""Wanderer""","","Capteur de Rêves ""Wanderer""","2","133.95","58.25","0"
"DC134","10214","Dream Catcher ""Wanderer""","","Capteur de Rêves ""Wanderer""","3","133.95","58.25","0"
"DC135","10215","Dream Catcher ""Wanderer""","","Capteur de Rêves ""Wanderer""","2","133.95","58.25","0"
"DC136","10216","Dream Catcher ""Wanderer""","","Capteur de Rêves ""Wanderer""","1","133.95","58.25","0"
"DC171","10217","Dream Catcher ""Generations""","8876","Capteur de Rêves ""Générations"" : Couleurs - Mauve","2","59.95","26.25","0"
"DC171","10217","Dream Catcher ""Generations""","8877","Capteur de Rêves ""Générations"" : Couleurs - Tan","3","59.95","26.25","0"
"DC171","10217","Dream Catcher ""Generations""","8878","Capteur de Rêves ""Générations"" : Couleurs - Blanc","3","59.95","26.25","0"
"DC191","10219","Dream Catcher ""Generations""","8879","Capteur de Rêves ""Générations"" : Couleurs - Tan","2","132.95","58","0"
"DC191","10219","Dream Catcher ""Generations""","8880","Capteur de Rêves ""Générations"" : Couleurs - Blanc","1","132.95","58","0"
"DC191","10219","Dream Catcher ""Generations""","8881","Capteur de Rêves ""Générations"" : Couleurs - Mauve","3","132.95","58","0"
"DC30","10220","Dream Catcher","8884","Capteur de Rêves : Couleurs - Noir","10","10.95","4","0"
"DC30","10220","Dream Catcher","8885","Capteur de Rêves : Couleurs - Brun pâle","11","10.95","4","0"
"DC30","10220","Dream Catcher","8886","Capteur de Rêves : Couleurs - Tan","11","10.95","4","0"
"DC30","10220","Dream Catcher","8887","Capteur de Rêves : Couleurs - Blanc","10","10.95","4","0"
"DC30","10220","Dream Catcher","9224","Capteur de Rêves : Couleurs - Brun foncé","0","10.95","4","0"
"DC3001","10221","Aromatic Dream Catcher","","Capteur de Rêves Aromatique","3","16.95","7.3","0"
"DC3002","10222","Aromatic Dream Catcher","","Capteur de Rêves Aromatique","2","16.95","7.3","0"
"DC3003","10223","Aromatic Dream Catcher","","Capteur de Rêves Aromatique","5","16.95","7.3","0"
"DC3004","10224","Aromatic Dream Catcher","","Capteur de Rêves Aromatique","2","16.95","7.3","0"
"DC3051","10225","Aromatic Dream Catcher","","Capteur de Rêves Aromatique","0","13.95","7.3","0"
"DC3052","10226","Aromatic Dream Catcher","","Capteur de Rêves Aromatique","0","13.95","7.3","0"
"DC3053","10227","Aromatic Dream Catcher","","Capteur de Rêves Aromatique","3","13.95","7.3","0"
"DC3054","10228","Aromatic Dream Catcher","","Capteur de Rêves Aromatique","0","13.95","7.3","0"
"DC341","10230","Dream Catcher","8894","Capteur de Rêves : Couleurs - Bleu pâle","3","11.95","5.25","0"
"DC341","10230","Dream Catcher","8895","Capteur de Rêves : Couleurs - Brun foncé","4","11.95","5.25","0"
"DC341","10230","Dream Catcher","8896","Capteur de Rêves : Couleurs - Lavande","4","11.95","5.25","0"
"DC341","10230","Dream Catcher","8897","Capteur de Rêves : Couleurs - Tan","4","11.95","5.25","0"
"DC341","10230","Dream Catcher","9003","Capteur de Rêves : Couleurs - Rose","0","11.95","5.25","0"
"DC341","10230","Dream Catcher","9004","Capteur de Rêves : Couleurs - Vert pomme","0","11.95","5.25","0"
"DC341","10230","Dream Catcher","9345","Capteur de Rêves : Couleurs - Blanc","13","11.95","5.25","0"
"DC342","10231","Dream Catcher","8902","Capteur de Rêves : Couleurs - Brun pâle","5","12.95","4.75","0"
"DC342","10231","Dream Catcher","8903","Capteur de Rêves : Couleurs - Rose","6","12.95","4.75","0"
"DC342","10231","Dream Catcher","8904","Capteur de Rêves : Couleurs - Mauve","7","12.95","4.75","0"
"DC342","10231","Dream Catcher","8905","Capteur de Rêves : Couleurs - Turquoise","8","12.95","4.75","0"
"DC342","10231","Dream Catcher","9010","Capteur de Rêves : Couleurs - Beige","1","12.95","4.75","0"
"DC342","10231","Dream Catcher","9011","Capteur de Rêves : Couleurs - Bleu royal","0","12.95","4.75","0"
"DC342","10231","Dream Catcher","10262","Capteur de Rêves : Couleurs - Blanc","7","12.95","4.75","0"
"DCV41","10232","Dream Catcher ""Energy""","","Capteur de Rêves ""Énergie""","0","66.95","29","0"
"DCV42","10233","Dream Catcher ""Energy""","","Capteur de Rêves ""Énergie""","2","66.95","29.1","0"
"DCV43","10234","Dream Catcher ""Energy""","","Capteur de Rêves ""Énergie""","1","66.95","29.1","0"
"DCV44","10235","Dream Catcher ""Energy""","","Capteur de Rêves ""Énergie""","1","66.95","29.1","0"
"DC410","10236","Dream Catcher","8910","Capteur de Rêves : Couleurs - Bleu pâle","2","11.95","4.75","0"
"DC410","10236","Dream Catcher","8911","Capteur de Rêves : Couleurs - Lavande","5","11.95","4.75","0"
"DC410","10236","Dream Catcher","8912","Capteur de Rêves : Couleurs - Menthe","4","11.95","4.75","0"
"DC410","10236","Dream Catcher","8913","Capteur de Rêves : Couleurs - Rose","2","11.95","4.75","0"
"DC410","10236","Dream Catcher","10289","Capteur de Rêves : Couleurs - Blanc","6","11.95","4.75","0"
"DC410","10236","Dream Catcher","11816","Capteur de Rêves : Couleurs - Tan","5","11.95","4.75","0"
"DC472","10237","Dream Catcher","8916","Capteur de Rêves : Couleurs - Mauve","3","15.95","6.5","0"
"DC472","10237","Dream Catcher","8917","Capteur de Rêves : Couleurs - Tan","1","15.95","6.5","0"
"DC472","10237","Dream Catcher","10607","Capteur de Rêves : Couleurs - Blanc","0","15.95","6.5","0"
"DC473","10238","Dream Catcher","8920","Capteur de Rêves : Couleurs - Brun foncé","3","21.95","9.1","0"
"DC473","10238","Dream Catcher","8921","Capteur de Rêves : Couleurs - Tan","10","21.95","9.1","0"
"DC476","10239","Dream Catcher","8924","Capteur de Rêves : Couleurs - Brun foncé","3","38.95","17","0"
"DC476","10239","Dream Catcher","8925","Capteur de Rêves : Couleurs - Tan","2","38.95","17","0"
"DC479","10240","Dream Catcher","8928","Capteur de Rêves : Couleurs - Brun foncé","5","59.95","26","0"
"DC479","10240","Dream Catcher","8929","Capteur de Rêves : Couleurs - Tan","6","59.95","26","0"
"DC483","10241","Dream Catcher","8933","Capteur de Rêves : Couleurs - Mauve","5","21.95","9.5","0"
"DC483","10241","Dream Catcher","8934","Capteur de Rêves : Couleurs - Blanc","0","21.95","9.5","0"
"DC483","10241","Dream Catcher","8936","Capteur de Rêves : Couleurs - Turquoise","9","21.95","9.5","0"
"DC486","10242","Dream Catcher","8941","Capteur de Rêves : Couleurs - Mauve","8","38.95","17","0"
"DC486","10242","Dream Catcher","8942","Capteur de Rêves : Couleurs - Turquoise","6","38.95","17","0"
"DC486","10242","Dream Catcher","12358","Capteur de Rêves : Couleurs - Blanc","6","38.95","17","0"
"DC618","10243","""Magical"" Dream Catcher","8947","Capteur de Rêves ""Magique"" : Couleurs - Noir","0","13.95","5.75","0"
"DC618","10243","""Magical"" Dream Catcher","8948","Capteur de Rêves ""Magique"" : Couleurs - Lavande","12","13.95","5.75","0"
"DC618","10243","""Magical"" Dream Catcher","8949","Capteur de Rêves ""Magique"" : Couleurs - Mauve","13","13.95","5.75","0"
"DC618","10243","""Magical"" Dream Catcher","8950","Capteur de Rêves ""Magique"" : Couleurs - Turquoise","11","13.95","5.75","0"
"DC618","10243","""Magical"" Dream Catcher","8951","Capteur de Rêves ""Magique"" : Couleurs - Blanc","11","13.95","5.75","0"
"DC618","10243","""Magical"" Dream Catcher","9063","Capteur de Rêves ""Magique"" : Couleurs - Bleu royal","0","13.95","5.75","0"
"DC620","10246","""Magical"" Dream Catcher","8957","Capteur de Rêves ""Magique"" : Couleurs - Noir","0","18.95","8.25","0"
"DC620","10246","""Magical"" Dream Catcher","8958","Capteur de Rêves ""Magique"" : Couleurs - Lavande","6","18.95","8.25","0"
"DC620","10246","""Magical"" Dream Catcher","8959","Capteur de Rêves ""Magique"" : Couleurs - Mauve","2","18.95","8.25","0"
"DC620","10246","""Magical"" Dream Catcher","8960","Capteur de Rêves ""Magique"" : Couleurs - Turquoise","5","18.95","8.25","8"
"DC620","10246","""Magical"" Dream Catcher","8961","Capteur de Rêves ""Magique"" : Couleurs - Blanc","8","18.95","8.25","8"
"DC620","10246","""Magical"" Dream Catcher","11802","Capteur de Rêves ""Magique"" : Couleurs - Arc-en-ciel","9","18.95","8.25","0"
"DC630","10247","""Magical"" Dream Catcher","","Capteur de Rêves ""Magique""","7","18.95","7.75","0"
"DC1701X12","10248","Birthstone Earrings","8967","Boucles d'Oreilles Pierre de Naissance : Bijoux - Janvier","5","18.95","8","0"
"DC1701X12","10248","Birthstone Earrings","8968","Boucles d'Oreilles Pierre de Naissance : Bijoux - Février","12","18.95","8","0"
"DC1701X12","10248","Birthstone Earrings","8969","Boucles d'Oreilles Pierre de Naissance : Bijoux - Mars","16","18.95","8","0"
"DC1701X12","10248","Birthstone Earrings","8970","Boucles d'Oreilles Pierre de Naissance : Bijoux - Avril","14","18.95","8","0"
"DC1701X12","10248","Birthstone Earrings","8971","Boucles d'Oreilles Pierre de Naissance : Bijoux - Mai","9","18.95","8","0"
"DC1701X12","10248","Birthstone Earrings","8972","Boucles d'Oreilles Pierre de Naissance : Bijoux - Juin","7","18.95","8","0"
"DC1701X12","10248","Birthstone Earrings","8973","Boucles d'Oreilles Pierre de Naissance : Bijoux - Juillet","15","18.95","8","0"
"DC1701X12","10248","Birthstone Earrings","8974","Boucles d'Oreilles Pierre de Naissance : Bijoux - Août","14","18.95","8","0"
"DC1701X12","10248","Birthstone Earrings","8975","Boucles d'Oreilles Pierre de Naissance : Bijoux - Septembre","17","18.95","8","0"
"DC1701X12","10248","Birthstone Earrings","8976","Boucles d'Oreilles Pierre de Naissance : Bijoux - Octobre","10","18.95","8","0"
"DC1701X12","10248","Birthstone Earrings","8977","Boucles d'Oreilles Pierre de Naissance : Bijoux - Novembre","18","18.95","8","0"
"DC1701X12","10248","Birthstone Earrings","8978","Boucles d'Oreilles Pierre de Naissance : Bijoux - Décembre","5","18.95","8","0"
"DC656","10249","""Magical"" Dream Catcher","8984","Capteur de Rêves ""Magique"" : Couleurs - Noir","2","68.95","28","0"
"DC656","10249","""Magical"" Dream Catcher","8985","Capteur de Rêves ""Magique"" : Couleurs - Lavande","1","68.95","28","0"
"DC656","10249","""Magical"" Dream Catcher","8986","Capteur de Rêves ""Magique"" : Couleurs - Mauve","1","68.95","28","0"
"DC656","10249","""Magical"" Dream Catcher","8987","Capteur de Rêves ""Magique"" : Couleurs - Turquoise","2","68.95","28","0"
"DC656","10249","""Magical"" Dream Catcher","9336","Capteur de Rêves ""Magique"" : Couleurs - Blanc","6","68.95","28","0"
"DC732","10250","Dream Catcher","8990","Capteur de Rêves : Couleurs - Tan","5","105.95","46","0"
"DC732","10250","Dream Catcher","8991","Capteur de Rêves : Couleurs - Blanc","2","105.95","46","0"
"DC95","10252","Dream Catcher","","Capteur de Rêves","3","112.95","49.25","0"
"DC80","10253","""Spirit Feather"" Dream Catcher","","Capteur de Rêves ""Plumes d'Esprit""","2","126.95","55","0"
"DC81","10254","""Spirit Feather"" Dream Catcher","","Capteur de Rêves ""Plumes d'Esprit""","0","126.95","55","0"
"DC82","10255","""Spirit Feather"" Dream Catcher","","Capteur de Rêves ""Plumes d'Esprit""","2","126.95","55","0"
"DC842","10256","Dream Catcher ""Energy""","","Capteur de Rêves ""Énergie""","3","47.95","21","0"
"DC845","10257","Dream Catcher ""Energy""","","Capteur de Rêves ""Énergie""","3","47.95","21","0"
"DC847","10258","Dream Catcher ""Energy""","","Capteur de Rêves ""Énergie""","0","47.95","21","0"
"DC871","10259","Dream Catcher","","Capteur de Rêves","2","29.95","13.5","0"
"DC872","10260","Dream Catcher","","Capteur de Rêves","3","29.95","13.5","0"
"DCF1","10261","""Seasons"" Dream Catcher","9000","Capteur de Rêves ""Saisons"" : Couleurs - Brun foncé","3","17.95","7.5","0"
"DCF1","10261","""Seasons"" Dream Catcher","9001","Capteur de Rêves ""Saisons"" : Couleurs - Vert forêt","3","17.95","7.5","0"
"DCF1","10261","""Seasons"" Dream Catcher","9002","Capteur de Rêves ""Saisons"" : Couleurs - Orange","4","17.95","7.5","0"
"DCF2","10262","""Seasons"" Dream Catcher","9005","Capteur de Rêves ""Saisons"" : Couleurs - Brun foncé","1","42.95","18.5","0"
"DCF2","10262","""Seasons"" Dream Catcher","9006","Capteur de Rêves ""Saisons"" : Couleurs - Orange","2","42.95","18.5","0"
"DCF2","10262","""Seasons"" Dream Catcher","9007","Capteur de Rêves ""Saisons"" : Couleurs - Vert forêt","1","42.95","18.5","0"
"DCK19","10263","Dream Catchers Kit ""Nurture""","","Ensemble de Capteurs de Rêves ""Nourrir""","2","12.95","4.5","0"
"DCK20","10264","Dream Catchers Kit ""Healing""","","Ensemble de Capteurs de Rêves ""Guérison""","3","12.95","5.5","0"
"DCV20","10265","Dream Catcher ""Dragonfly""","","Capteur de Rêves ""Libellule""","1","14.95","6.5","0"
"DCW1","10266","""Seasons"" Dream Catcher","","Capteur de Rêves ""Saisons""","17","17.95","7","0"
"DCW4","10267","""Seasons"" Dream Catcher","","Capteur de Rêves ""Saisons""","0","11.95","4.5","0"
"MW150","10268","""Medicine Wheel"" Dream Catcher","","Capteur de Rêves ""Roue de Médecine""","25","14.95","5.5","0"
"MW400","10269","""Medicine Wheel"" Dream Catcher","","Capteur de Rêves ""Roue de Médecine""","37","27.95","11.75","0"
"VS10","10270","""Vision Seeker"" Dream Catcher","9025","Capteur de Rêves ""Quête de Vision"" : Couleurs - Tan","5","13.95","5.75","0"
"VS10","10270","""Vision Seeker"" Dream Catcher","9026","Capteur de Rêves ""Quête de Vision"" : Couleurs - Blanc","4","13.95","5.75","0"
"VS11","10271","""Vision Seeker"" Dream Catcher","9029","Capteur de Rêves ""Quête de Vision"" : Couleurs - Brun foncé","0","18.95","7.5","0"
"VS11","10271","""Vision Seeker"" Dream Catcher","9030","Capteur de Rêves ""Quête de Vision"" : Couleurs - Brun pâle","0","18.95","7.5","0"
"VS11","10271","""Vision Seeker"" Dream Catcher","9031","Capteur de Rêves ""Quête de Vision"" : Couleurs - Tan","1","18.95","7.5","0"
"VS11","10271","""Vision Seeker"" Dream Catcher","9032","Capteur de Rêves ""Quête de Vision"" : Couleurs - Blanc","2","18.95","7.5","0"
"VS11","10271","""Vision Seeker"" Dream Catcher","9033","Capteur de Rêves ""Quête de Vision"" : Couleurs - Mauve","5","18.95","7.5","0"
"VS11","10271","""Vision Seeker"" Dream Catcher","9034","Capteur de Rêves ""Quête de Vision"" : Couleurs - Turquoise","4","18.95","7.5","0"
"VS12","10273","""Vision Seeker"" Dream Catcher","9047","Capteur de Rêves ""Quête de Vision"" : Couleurs - Brun foncé","1","20.95","8.75","0"
"VS12","10273","""Vision Seeker"" Dream Catcher","9048","Capteur de Rêves ""Quête de Vision"" : Couleurs - Brun pâle","0","20.95","8.75","0"
"VS12","10273","""Vision Seeker"" Dream Catcher","9049","Capteur de Rêves ""Quête de Vision"" : Couleurs - Blanc","4","20.95","8.75","0"
"VS12","10273","""Vision Seeker"" Dream Catcher","9050","Capteur de Rêves ""Quête de Vision"" : Couleurs - Tan","4","20.95","8.75","0"
"VS13","10274","""Vision Seeker"" Dream Catcher","9057","Capteur de Rêves ""Quête de Vision"" : Couleurs - Brun foncé","4","27.95","10.75","0"
"VS13","10274","""Vision Seeker"" Dream Catcher","9058","Capteur de Rêves ""Quête de Vision"" : Couleurs - Brun pâle","4","27.95","10.75","0"
"VS13","10274","""Vision Seeker"" Dream Catcher","9059","Capteur de Rêves ""Quête de Vision"" : Couleurs - Tan","7","27.95","10.75","0"
"VS13","10274","""Vision Seeker"" Dream Catcher","9060","Capteur de Rêves ""Quête de Vision"" : Couleurs - Blanc","6","27.95","10.75","0"
"VS50","10275","""Vision Seeker"" Dream Catcher","","Capteur de Rêves ""Quête de Vision""","2","103.95","46","0"
"VS51","10277","""Vision Seeker"" Dream Catcher","","Capteur de Rêves ""Quête de Vision""","1","103.95","46","0"
"VS52","10278","""Vision Seeker"" Dream Catcher","","Capteur de Rêves ""Quête de Vision""","1","103.95","46","0"
"VS53","10279","""Vision Seeker"" Dream Catcher","","Capteur de Rêves ""Quête de Vision""","0","103.95","46","0"
"VS70","10280","""Vision Seeker"" Dream Catcher","","Capteur de Rêves ""Quête de Vision""","1","133.95","64","0"
"VS71","10281","""Vision Seeker"" Dream Catcher","","Capteur de Rêves ""Quête de Vision""","0","133.95","64","0"
"POWERSTONES","10282","Power Stones","9064","Roches de Pouvoir : Roches - Quartz - Clarité","5","3.95","1.75","0"
"POWERSTONES","10282","Power Stones","9065","Roches de Pouvoir : Roches - Rose Quartz - Empathie","5","3.95","1.75","0"
"POWERSTONES","10282","Power Stones","9066","Roches de Pouvoir : Roches - Améthyste - Intuition","5","3.95","1.75","0"
"POWERSTONES","10282","Power Stones","9067","Roches de Pouvoir : Roches - Hematite - Optimisme","4","3.95","1.75","0"
"POWERSTONES","10282","Power Stones","9068","Roches de Pouvoir : Roches - Citrine - Positivité","4","3.95","1.75","0"
"POWERSTONES","10282","Power Stones","9069","Roches de Pouvoir : Roches - Oeil de Tigre - Résilience","4","3.95","1.75","0"
"POWERSTONES","10282","Power Stones","9070","Roches de Pouvoir : Roches - Pierre d'Or Rouge - Confiance","3","3.95","1.75","0"
"POWERSTONES","10282","Power Stones","9071","Roches de Pouvoir : Roches - Aventurine Verte - Guérison","4","3.95","1.75","0"
"POWERSTONES","10282","Power Stones","9072","Roches de Pouvoir : Roches - Opale - Passion","0","3.95","1.75","0"
"POWERSTONES","10282","Power Stones","9073","Roches de Pouvoir : Roches - Amazonite - Succès","4","3.95","1.75","0"
"POWERSTONES","10282","Power Stones","9074","Roches de Pouvoir : Roches - Labradorite - Balan","2","3.95","1.75","0"
"POWERSTONES","10282","Power Stones","9075","Roches de Pouvoir : Roches - Lapis Lazuli - Vérité","0","3.95","1.75","0"
"DC1701-PX12","10285","Birthstone Pendant","9076","Pendentifs Pierre de naissance : Bijoux - Janvier","9","12.95","5.5","0"
"DC1701-PX12","10285","Birthstone Pendant","9077","Pendentifs Pierre de naissance : Bijoux - Février","16","12.95","5.5","0"
"DC1701-PX12","10285","Birthstone Pendant","9078","Pendentifs Pierre de naissance : Bijoux - Mars","15","12.95","5.5","0"
"DC1701-PX12","10285","Birthstone Pendant","9079","Pendentifs Pierre de naissance : Bijoux - Avril","15","12.95","5.5","0"
"DC1701-PX12","10285","Birthstone Pendant","9080","Pendentifs Pierre de naissance : Bijoux - Mai","11","12.95","5.5","0"
"DC1701-PX12","10285","Birthstone Pendant","9081","Pendentifs Pierre de naissance : Bijoux - Juin","14","12.95","5.5","0"
"DC1701-PX12","10285","Birthstone Pendant","9082","Pendentifs Pierre de naissance : Bijoux - Juillet","11","12.95","5.5","0"
"DC1701-PX12","10285","Birthstone Pendant","9083","Pendentifs Pierre de naissance : Bijoux - Août","16","12.95","5.5","0"
"DC1701-PX12","10285","Birthstone Pendant","9084","Pendentifs Pierre de naissance : Bijoux - Septembre","16","12.95","5.5","0"
"DC1701-PX12","10285","Birthstone Pendant","9085","Pendentifs Pierre de naissance : Bijoux - Octobre","10","12.95","5.5","0"
"DC1701-PX12","10285","Birthstone Pendant","9086","Pendentifs Pierre de naissance : Bijoux - Novembre","16","12.95","5.5","0"
"DC1701-PX12","10285","Birthstone Pendant","9087","Pendentifs Pierre de naissance : Bijoux - Décembre","7","12.95","5.5","0"
"DC841","10293","Dream Catcher ""Energy""","","Capteur de Rêves ""Énergie""","3","47.95","21","0"
"MM13","10297","Key Chain","9088","Porte-clés : Couleurs - Noir","1","8.949999999999999","3.9","0"
"MM13","10297","Key Chain","9089","Porte-clés : Couleurs - Rouge","2","8.949999999999999","3.9","0"
"MM13","10297","Key Chain","9090","Porte-clés : Couleurs - Turquoise","3","8.949999999999999","3.9","0"
"MM13","10297","Key Chain","9091","Porte-clés : Couleurs - Bleu royal","4","8.949999999999999","3.9","0"
"MM13","10297","Key Chain","9092","Porte-clés : Couleurs - Violet","4","8.949999999999999","3.9","0"
"MM13","10297","Key Chain","9093","Porte-clés : Couleurs - Beige","5","8.949999999999999","3.9","0"
"PMSS23-P","10338","Sterling Silver Necklace","","Collier en Argent Sterling","2","46.95","23","0"
"PMSS20-P","10343","Sterling Silver Necklace","","Collier en Argent Sterling","3","35.95","21.5","0"
"PMSS21-P","10344","Sterling Silver Necklace","","Collier en Argent Sterling","5","50.95","25","0"
"PMSS22-P","10345","Sterling Silver Necklace","","Collier en Argent Sterling","5","50.95","25","0"
"PMSS20","10346","Sterling Silver Earrings","","Boucles d'Oreilles Argent Sterling","4","56","26.5","0"
"PMSS21","10347","Sterling Silver Earrings","","Boucles d'Oreilles Argent Sterling","4","74","36","0"
"PMSS22","10349","Sterling Silver Earrings","","Boucles d'Oreilles Argent Sterling","3","74","0","0"
"PMSS23","10350","Sterling Silver Earrings","","Boucles d'Oreilles Argent Sterling","4","70","31.5","0"
"PMSS24","10351","Sterling Silver Earrings","","Boucles d'Oreilles Argent Sterling","4","96","42","0"
"PMSS25","10352","Sterling Silver Earrings","","Boucles d'Oreilles Argent Sterling","5","96","42","0"
"PMSS24-P","10353","Sterling Silver Necklace","","Collier en Argent Sterling","2","64.95","28","0"
"PMSS25-P","10354","Sterling Silver Necklace","","Collier en Argent Sterling","6","64.95","28","0"
"SKU: 00-07-651","10355","Corrine Hunt Silk Inspiration Oval Pendant","","Corrine Hunt Inspiration de Soie Pendentif","3","46","20","0"
"DC420/1.5""X6","10359","DC420/1.5""X6","9105","Couleurs - Beige","0","10.95","3.9","0"
"DC420/1.5""X6","10359","DC420/1.5""X6","9107","Couleurs - Blanc","0","10.95","3.9","0"
"DC420/1.5""X6","10359","DC420/1.5""X6","9108","Couleurs - Brun foncé","9","10.95","3.9","0"
"DC420/1.5""X6","10359","DC420/1.5""X6","9109","Couleurs - Vert forêt","0","10.95","3.9","0"
"DC420/1.5""X6","10359","DC420/1.5""X6","9110","Couleurs - Noir","0","10.95","3.9","0"
"DC420/1.5""X6","10359","DC420/1.5""X6","9216","Couleurs - Brun pâle","6","10.95","3.9","0"
"DC421/2""X3","10360","DC421/2""X3","9111","Couleurs - Beige","0","12.95","5.25","0"
"DC421/2""X3","10360","DC421/2""X3","9112","Couleurs - Blanc","0","12.95","5.25","0"
"DC421/2""X3","10360","DC421/2""X3","9113","Couleurs - Vert forêt","0","12.95","5.25","0"
"DC422/2.5""X3","10361","DC422/2.5""","9114","Couleurs - Noir","0","15.95","6","0"
"DC422/2.5""X3","10361","DC422/2.5""","9115","Couleurs - Vert forêt","0","15.95","6","0"
"DC422/2.5""X3","10361","DC422/2.5""","9116","Couleurs - Blanc","0","15.95","6","0"
"DC422/2.5""X3","10361","DC422/2.5""","9215","Couleurs - Brun foncé","4","15.95","6","0"
"DC422/2.5""X3","10361","DC422/2.5""","9217","Couleurs - Brun pâle","0","15.95","6","0"
"DC140","10362","Dream Catcher","9210","Capteur de Rêves : Couleurs - Turquoise","0","9.949999999999999","4","0"
"DC140","10362","Dream Catcher","9211","Capteur de Rêves : Couleurs - Bleu pâle","0","9.949999999999999","4","0"
"DC140","10362","Dream Catcher","9213","Capteur de Rêves : Couleurs - Menthe","2","9.949999999999999","4","0"
"A16058-WDR3801NC04A","10394","Felicia ""Silent Seekers""","9095","Felicia ""En Quête de Silence"" : Taille - P","1","149","62","0"
"A16058-WDR3801NC04A","10394","Felicia ""Silent Seekers""","9096","Felicia ""En Quête de Silence"" : Taille - M","1","149","62","0"
"A16058-WDR3801NC04A","10394","Felicia ""Silent Seekers""","9097","Felicia ""En Quête de Silence"" : Taille - L","1","149","62","0"
"A16058-WDR3801NC04A","10394","Felicia ""Silent Seekers""","9098","Felicia ""En Quête de Silence"" : Taille - XL","1","149","62","0"
"A16058-WDR3801NC04A","10394","Felicia ""Silent Seekers""","9099","Felicia ""En Quête de Silence"" : Taille - XP","1","149","62","0"
"AFx12","10430","Answer Feathers","9275","Plume de Réponse : Couleurs/Émotions - Amitié","0","4.95","1.8","2"
"AFx12","10430","Answer Feathers","9276","Plume de Réponse : Couleurs/Émotions - Orientation","0","4.95","1.8","2"
"AFx12","10430","Answer Feathers","9277","Plume de Réponse : Couleurs/Émotions - Bonheur","1","4.95","1.8","2"
"AFx12","10430","Answer Feathers","9278","Plume de Réponse : Couleurs/Émotions - Guérison","0","4.95","1.8","0"
"AFx12","10430","Answer Feathers","9279","Plume de Réponse : Couleurs/Émotions - Espoir","5","4.95","1.8","0"
"AFx12","10430","Answer Feathers","9280","Plume de Réponse : Couleurs/Émotions - Inspiration","2","4.95","1.8","0"
"AFx12","10430","Answer Feathers","9281","Plume de Réponse : Couleurs/Émotions - Amour","4","4.95","1.8","0"
"AFx12","10430","Answer Feathers","9282","Plume de Réponse : Couleurs/Émotions - Chance","4","4.95","1.8","0"
"AFx12","10430","Answer Feathers","9283","Plume de Réponse : Couleurs/Émotions - Paix","1","4.95","1.8","0"
"AFx12","10430","Answer Feathers","9284","Plume de Réponse : Couleurs/Émotions - Proctection","0","4.95","1.8","0"
"AFx12","10430","Answer Feathers","9285","Plume de Réponse : Couleurs/Émotions - Succès","4","4.95","1.8","0"
"AFx12","10430","Answer Feathers","9286","Plume de Réponse : Couleurs/Émotions - Sagesse","3","4.95","1.8","0"
"CALENDAR130","10755","Nathalie Coutou 2023 Calendar","","Nathalie Coutou Calendrier 2023","0","22","0","0"
"3475-2","10797","Stud Earrings","","Boucles d'Oreilles Ronde","4","36","15","0"
"3777","10812","Turquoise Necklace","","Collier Turquoise","0","375","16.5","0"
"3778","10813","Semi-Precious Stone Necklace","","Collier de Pierres Semi-Précieuses","0","350","16.5","0"
"3782","10817","Feather Necklace","","Collier de Plumes","1","325","140","0"
"3782","10819","Eagle Necklace","","Collier Aigle","0","195","16.5","0"
"4008","10820","Horse Necklace","","Collier Cheval","1","495","215","0"
"4010","10822","Multi Strand Necklace","","Collier Turquoise","0","350","16.5","0"
"4007","10824","Fetish Necklace","","Collier Fétiche","1","495","215","0"
"4021","10825","Fetish Necklace","","Collier Fétiche","2","185","80","0"
"4023","10827","Fetish Necklace","","Collier Fétiche","0","165","16.5","0"
"4024","10828","Fetish Necklace","","Collier Fétiche","1","165","70","0"
"4027","10829","Fetish Necklace","","Collier Fétiche","1","115","50","0"
"4030","10830","Fetish Necklace","","Collier Fétiche","5","240","100","0"
"4033","10832","Turquoise Necklace","","Collier Turquoise","0","1200","16.5","0"
"3577","10837","Star Earrings","","Boucles d'Oreilles Étoiles","0","20","25","0"
"3581","10838","Diamond Shaped Earrings","","Boucles d'Oreilles Losange","0","85","25","0"
"3584","10839","Diamond Shaped Earrings","","Boucles d'Oreilles Losange","3","85","35","0"
"3585","10840","Diamond Shaped Earrings","","Boucles d'Oreilles Losange","0","85","25","0"
"3588","10841","Square Earrings","","Boucles d'Oreilles Carrées","0","85","25","0"
"3592","10842","Heart Earrings","","Boucles d'Oreilles Coeur","0","55","25","0"
"3594","10843","Oval Earrings","","Boucles d'Oreilles Ovales","0","70","25","0"
"3642","10844","Loop Earrings","","Boucles d'Oreilles Rondes","0","55","25","0"
"3643","10846","Loop Earrings","","Boucles d'Oreilles Rondes","1","55","20","0"
"3644","10847","Loop Earrings","","Boucles d'Oreilles Rondes","0","69","25","0"
"3646","10848","Oval Earrings","","Boucles d'Oreilles Ovales","1","55","20","0"
"3647","10849","Turquoise Earrings","","Boucles d'Oreilles Turquoise","1","50","20","0"
"3649","10850","Turquoise Earrings","","Boucles d'Oreilles Turquoise","0","50","25","0"
"3652","10851","Triangular Earrings","","Boucles d'Oreilles Triangulaires","1","135","55","0"
"3653","10852","Loop Earrings","","Boucles d'Oreilles Rondes","0","80","25","0"
"3657","10853","Kokopelli Earrings","","Boucles d'Oreilles Kokopelli","1","290","125","0"
"3658","10855","Kokopelli Earrings","","Boucles d'Oreilles Kokopelli","1","140","60","0"
"3659","10856","Owl Earrings","","Boucles d'Oreilles Hiboux","0","145","25","0"
"3660","10857","Cross Earrings","","Boucles d'Oreilles Croix","0","75","25","0"
"3685","10858","Half Moon Earrings","","Boucles d'Oreilles Demi-Lune","0","150","25","0"
"3686","10859","Half Moon Earrings","","Boucles d'Oreilles Demi-Lune","0","150","25","0"
"3697","10860","Feather Earrings","","Boucles d'Oreilles Plumes","0","75","25","0"
"3699","10861","Feather Earrings","","Boucles d'Oreilles Plumes","0","75","25","0"
"3709","10862","Bear Paw Loop Earrings","","Boucles d'Oreilles Pattes d'Ours","1","75","30","0"
"A16058-WLS2001NC04A","11079","Mia Turtleneck ""Silent Seekers"" Plus Size","9140","Col Roulé Mia ""En Quête de Silence"" Taille Plus : Taille - 1X","1","149","68","0"
"A16058-WLS2001NC04A","11079","Mia Turtleneck ""Silent Seekers"" Plus Size","9141","Col Roulé Mia ""En Quête de Silence"" Taille Plus : Taille - 2X","1","149","68","0"
"A16058-WLS2001NC04A","11079","Mia Turtleneck ""Silent Seekers"" Plus Size","9142","Col Roulé Mia ""En Quête de Silence"" Taille Plus : Taille - 3X","1","149","68","0"
"W13023-WLS1701NC12A","11085","Mia Turtleneck ""Water and Spirit Buffalo at Moonrise""","9143","Col Roulé Mia ""Eau et Esprit du Bison à l'Éveil de la Lune"" : Taille - P","1","149","59.5","0"
"W13023-WLS1701NC12A","11085","Mia Turtleneck ""Water and Spirit Buffalo at Moonrise""","9144","Col Roulé Mia ""Eau et Esprit du Bison à l'Éveil de la Lune"" : Taille - M","0","149","59.5","0"
"W13023-WLS1701NC12A","11085","Mia Turtleneck ""Water and Spirit Buffalo at Moonrise""","9145","Col Roulé Mia ""Eau et Esprit du Bison à l'Éveil de la Lune"" : Taille - L","0","149","59.5","0"
"W13023-WLS1701NC12A","11085","Mia Turtleneck ""Water and Spirit Buffalo at Moonrise""","9146","Col Roulé Mia ""Eau et Esprit du Bison à l'Éveil de la Lune"" : Taille - XL","0","149","59.5","0"
"W13023-WLS1701NC12A","11085","Mia Turtleneck ""Water and Spirit Buffalo at Moonrise""","9147","Col Roulé Mia ""Eau et Esprit du Bison à l'Éveil de la Lune"" : Taille - XP","1","149","59.5","0"
"A17065-WPA0301NC0CA","11087","Carla Palazzo ""Forest Temple""","9153","Palazzo Carla ""Temple de la Forêt"" : Taille - P","1","189","74","0"
"A17065-WPA0301NC0CA","11087","Carla Palazzo ""Forest Temple""","9154","Palazzo Carla ""Temple de la Forêt"" : Taille - M","0","189","74","0"
"A17065-WPA0301NC0CA","11087","Carla Palazzo ""Forest Temple""","9155","Palazzo Carla ""Temple de la Forêt"" : Taille - L","1","189","74","0"
"A17065-WPA0301NC0CA","11087","Carla Palazzo ""Forest Temple""","9156","Palazzo Carla ""Temple de la Forêt"" : Taille - XL","1","189","74","0"
"A17065-WPA0301NC0CA","11087","Carla Palazzo ""Forest Temple""","9157","Palazzo Carla ""Temple de la Forêt"" : Taille - XP","1","189","74","0"
"A17065-WSK0501NC15A","11089","Elaine Skirt ""Forest Temple""","9163","Jupe Elaine ""Temple de la Forêt"" : Taille - P","2","149","63.5","0"
"A17065-WSK0501NC15A","11089","Elaine Skirt ""Forest Temple""","9164","Jupe Elaine ""Temple de la Forêt"" : Taille - M","1","149","63.5","0"
"A17065-WSK0501NC15A","11089","Elaine Skirt ""Forest Temple""","9165","Jupe Elaine ""Temple de la Forêt"" : Taille - L","1","149","63.5","0"
"A17065-WSK0501NC15A","11089","Elaine Skirt ""Forest Temple""","9166","Jupe Elaine ""Temple de la Forêt"" : Taille - XL","0","149","63.5","0"
"A17065-WSK0501NC15A","11089","Elaine Skirt ""Forest Temple""","9167","Jupe Elaine ""Temple de la Forêt"" : Taille - XP","1","149","63.5","0"
"A01036-WSK0501NC0ZA","11090","Elaine Skirt ""Teachings""","9168","Jupe Elaine ""Le Chant du Tambour"" : Taille - P","1","149","63.5","0"
"A01036-WSK0501NC0ZA","11090","Elaine Skirt ""Teachings""","9169","Jupe Elaine ""Le Chant du Tambour"" : Taille - M","1","149","63.5","0"
"A01036-WSK0501NC0ZA","11090","Elaine Skirt ""Teachings""","9170","Jupe Elaine ""Le Chant du Tambour"" : Taille - L","0","149","63.5","0"
"A01036-WSK0501NC0ZA","11090","Elaine Skirt ""Teachings""","9171","Jupe Elaine ""Le Chant du Tambour"" : Taille - XL","0","149","63.5","0"
"A01036-WSK0501NC0ZA","11090","Elaine Skirt ""Teachings""","9172","Jupe Elaine ""Le Chant du Tambour"" : Taille - XP","1","149","63.5","0"
"A17065-MSS0701NC15A","11091","Salvadore Tee for Men ""Forest Temple""","9173","Salvador Tee pour Homme ""Temple de la Forêt"" : Taille - P","1","89","36","0"
"A17065-MSS0701NC15A","11091","Salvadore Tee for Men ""Forest Temple""","9174","Salvador Tee pour Homme ""Temple de la Forêt"" : Taille - M","1","89","36","0"
"A17065-MSS0701NC15A","11091","Salvadore Tee for Men ""Forest Temple""","9175","Salvador Tee pour Homme ""Temple de la Forêt"" : Taille - L","1","89","36","0"
"A17065-MSS0701NC15A","11091","Salvadore Tee for Men ""Forest Temple""","9176","Salvador Tee pour Homme ""Temple de la Forêt"" : Taille - XL","0","89","36","0"
"A17065-MSS0701NC15A","11091","Salvadore Tee for Men ""Forest Temple""","9177","Salvador Tee pour Homme ""Temple de la Forêt"" : Taille - XP","1","89","36","0"
"A01036-MSS0701NC0ZA","11092","Salvadore Tee for Men ""Teachings""","9178","Salvador Tee pour Homme ""Le Chant du Tambour"" : Taille - P","1","89","36","0"
"A01036-MSS0701NC0ZA","11092","Salvadore Tee for Men ""Teachings""","9179","Salvador Tee pour Homme ""Le Chant du Tambour"" : Taille - M","0","89","36","0"
"A01036-MSS0701NC0ZA","11092","Salvadore Tee for Men ""Teachings""","9180","Salvador Tee pour Homme ""Le Chant du Tambour"" : Taille - L","1","89","36","0"
"A01036-MSS0701NC0ZA","11092","Salvadore Tee for Men ""Teachings""","9181","Salvador Tee pour Homme ""Le Chant du Tambour"" : Taille - XL","1","89","36","0"
"A01036-MSS0701NC0ZA","11092","Salvadore Tee for Men ""Teachings""","9182","Salvador Tee pour Homme ""Le Chant du Tambour"" : Taille - XP","1","89","36","0"
"A16059-UAC1801NC0IC","11096","Pablo Pillow ""Wisdom Keepers""","","Coussin Pablo ""Gardiens de la Sagesse""","4","59","21","0"
"Fab - 2D","11140","2D Candle Holder Month","","2D Porte Chandelle Mois","3","28","7.5","0"
"Fab-18","11141","18 Wooden Earth Game","","18 Jeux des Terres Boisées","3","17.95","7.5","0"
"SKU: 54-54-119","11172","Moccasins Bear Box","9186","Mocassins Bear Box : Pointure - 24 mois","0","92","40","0"
"SKU: 54-54-119","11172","Moccasins Bear Box","9187","Mocassins Bear Box : Pointure - 36 mois","0","92","40","0"
"SKU: 54-54-119","11172","Moccasins Bear Box","9188","Mocassins Bear Box : Pointure - 18 mois","0","92","40","0"
"SKU: 54-54-557","11174","Moccasins Bear Box","9189","Mocassins Bear Box : Pointure - 24 mois","2","92","40","0"
"SKU: 54-54-557","11174","Moccasins Bear Box","9190","Mocassins Bear Box : Pointure - 36 mois","1","92","40","0"
"SKU: 54-54-557","11174","Moccasins Bear Box","9191","Mocassins Bear Box : Pointure - 18 mois","2","92","40","0"
"Ookpik","11182","Ookpik","9192","Taille - 4""","0","49","0","24.5"
"Ookpik","11182","Ookpik","9193","Taille - 5""","0","69","0","34.5"
"Ookpik","11182","Ookpik","9194","Taille - 7""","0","99","0","49.5"
"Papoose","11183","Papoose","","Papoose","0","35","17.5","0"
"B4890","11186","Leather Moccasins for Women","9195","Mocassins en Cuir pour Dames : Pointure - 6","1","120","60","0"
"B4890","11186","Leather Moccasins for Women","9196","Mocassins en Cuir pour Dames : Pointure - 7","1","120","60","0"
"B4890","11186","Leather Moccasins for Women","9197","Mocassins en Cuir pour Dames : Pointure - 8","1","120","60","0"
"B4890","11186","Leather Moccasins for Women","9198","Mocassins en Cuir pour Dames : Pointure - 9","2","120","60","0"
"B4890","11186","Leather Moccasins for Women","9199","Mocassins en Cuir pour Dames : Pointure - 4","2","120","60","0"
"B4890","11186","Leather Moccasins for Women","9200","Mocassins en Cuir pour Dames : Pointure - 5","2","120","60","0"
"B4890","11186","Leather Moccasins for Women","9201","Mocassins en Cuir pour Dames : Pointure - 10","0","120","60","0"
"CECO-05","11458","Purse ""Celeste"" with Coyote","","Sacoche Céleste avec Coyote","1","345","150","0"
"DCV30","11462","DCV30 ""Woodland""","","DCV30 ""Woodland""","1","13.95","5.5","0"
"DC628","11463","""Magical"" Dream Catcher","","Capteur de Rêves ""Magique""","0","13.95","5.5","0"
"SKU: 53-53-587","11468","Bill Helin Chilkat Trivet","","Bill Helin Sous-plat Chilkat","0","14.95","6.3","0"
"Plume-FUM","11496","Smudging Feather","9218","Plume ornée (Fumigation) : Taille - M","1","34","0","17"
"Plume-FUM","11496","Smudging Feather","9219","Plume ornée (Fumigation) : Taille - L","17","36","0","18"
"SKU: Box285","11536","Colouring Cards ""Northern Residents""","","Cartes à Colorier ""Les Habitants du Nord""","6","21.45","9.25","0"
"SC10","11605","Dream Catcher ""Chimes""","","Capteur de Rêves ""Carillon""","2","26.95","11.25","0"
"A17063","11609","Depth - Source of Healing","","Profondeur - Source de Guérison","0","0","0","0"
"A07020","11611","Journey to the Spirit World - Fulfillment","","Voyage vers le Monde du Songe - Plénitude","0","0","0","0"
"A17064","11612","Motter Love - Devotion","","L'Outre Mère - Dévotion","0","0","0","0"
"A16051","11613","Northern Keepers - Family","","Gardiens du Nord - Famille","0","0","0","0"
"A09006","11614","The River Keeper - Hope","","La Gardienne de l'Eau - Espoir","0","0","0","0"
"A08019","11615","Unity - Love","","Union - Amour","0","0","0","0"
"Collier-Totem","11678","Totem Animal Necklace","","Totem Collier Animaux","17","9.949999999999999","0","0"
"SKU: 48-46-171","11690","The Flowers of Canada Trivet","","Sous-plat Les Fleurs du Canada","1","14.95","6.3","0"
"SKU:48-12-438","11691","Cariboo Halo Mug","","Tasse Caribou","0","11","4.75","0"
"SKU: 12-12-433","11692","Caribou Oven Mitt","","Mitaines à four Caribou","2","18.95","8","0"
"DCW2","11724","""Seasons"" Dream Catcher","","Capteur de Rêves ""Saisons""","9","42.95","18.5","0"
"DC844","11725","Dream Catcher ""Energy""","","Capteur de Rêves ""Énergie""","2","47.95","21","0"
"DC848","11726","Dream Catcher ""Energy""","","Capteur de Rêves ""Énergie""","0","47.95","21","0"
"DC633","11727","""Magical"" Dream Catcher","9334","Capteur de Rêves ""Magique"" : Couleurs - Brun pâle","4","25.95","10.75","0"
"DC633","11727","""Magical"" Dream Catcher","9335","Capteur de Rêves ""Magique"" : Couleurs - Blanc","14","25.95","10.75","0"
"MM11","11732","Key Chain","9225","Couleurs - Beige","7","8.949999999999999","3.25","0"
"MM11","11732","Key Chain","9226","Couleurs - Brun foncé","3","8.949999999999999","3.25","0"
"MM11","11732","Key Chain","9227","Couleurs - Turquoise","0","8.949999999999999","3.25","0"
"MM11","11732","Key Chain","9228","Couleurs - Rouge","0","8.949999999999999","3.25","0"
"MF2-12","11734","Feathers for Cars","","Plumes de Voiture","8","5.95","2.5","0"
"DCK21","11738","Dream Catchers Kit ""Spirit Seeker""","","Ensemble de Capteurs de Rêves ""En Quête d'Esprit""","2","12.95","5.5","0"
"DCV1","11746","Dream Catcher","","Capteur de Rêves","4","16.95","7.5","0"
"MM41","11747","Eyewear Lanyard","","Lanière pour Lunette","0","13.95","0","0"
"MM42","11748","Eyewear Lanyard","","Lanière pour Lunette","0","13.95","0","0"
"MM43","11749","Eyewear Lanyard","","Lanière pour Lunette","0","13.95","0","0"
"MM44","11750","Eyewear Lanyard","","Lanière pour Lunette","0","13.95","0","0"
"DC700","11755","Birthstone Dream Catcher","9235","Capteur de Rêves avec Pierres de Naissance : Roches - Janvier Grenat Honnêteté","5","7.95","3.5","0"
"DC700","11755","Birthstone Dream Catcher","9236","Capteur de Rêves avec Pierres de Naissance : Roches - Février Améthyste Intuition","3","7.95","3.5","0"
"DC700","11755","Birthstone Dream Catcher","9237","Capteur de Rêves avec Pierres de Naissance : Roches - Mars Aquamarine Bonheur","6","7.95","3.5","0"
"DC700","11755","Birthstone Dream Catcher","9238","Capteur de Rêves avec Pierres de Naissance : Roches - Avril Quartz Amour","4","7.95","3.5","0"
"DC700","11755","Birthstone Dream Catcher","9239","Capteur de Rêves avec Pierres de Naissance : Roches - Mai Grenat Vert Compassion","1","7.95","3.5","0"
"DC700","11755","Birthstone Dream Catcher","9240","Capteur de Rêves avec Pierres de Naissance : Roches - Juin Pierre de Lune Joie","3","7.95","3.5","0"
"DC700","11755","Birthstone Dream Catcher","9241","Capteur de Rêves avec Pierres de Naissance : Roches - Juillet Cornaline Passion","1","7.95","3.5","0"
"DC700","11755","Birthstone Dream Catcher","9242","Capteur de Rêves avec Pierres de Naissance : Roches - Août Péridot Protection","1","7.95","3.5","0"
"DC700","11755","Birthstone Dream Catcher","9243","Capteur de Rêves avec Pierres de Naissance : Roches - Septembre Lapis Lazuli Focus","2","7.95","3.5","0"
"DC700","11755","Birthstone Dream Catcher","9244","Capteur de Rêves avec Pierres de Naissance : Roches - Octobre Tourmaline Rose Équilibre","4","7.95","3.5","0"
"DC700","11755","Birthstone Dream Catcher","9245","Capteur de Rêves avec Pierres de Naissance : Roches - Novembre Citrine Sagesse","0","7.95","3.5","0"
"DC700","11755","Birthstone Dream Catcher","9246","Capteur de Rêves avec Pierres de Naissance : Roches - Décembre Turquoise Amitié","4","7.95","3.5","0"
"PDC","11759","Pocket Dream Catcher","9259","Capteur de Rêves de Poche : Couleurs/Émotions - Génial - Bleu Bébé","10","6.95","2.99","0"
"PDC","11759","Pocket Dream Catcher","9260","Capteur de Rêves de Poche : Couleurs/Émotions - Croire - Beige","7","6.95","2.99","0"
"PDC","11759","Pocket Dream Catcher","9261","Capteur de Rêves de Poche : Couleurs/Émotions - Rêve - Lavande","9","6.95","2.99","0"
"PDC","11759","Pocket Dream Catcher","9262","Capteur de Rêves de Poche : Couleurs/Émotions - Amitié - Bleu Royal","8","6.95","2.99","0"
"PDC","11759","Pocket Dream Catcher","9263","Capteur de Rêves de Poche : Couleurs/Émotions - Gratitute - Vert","9","6.95","2.99","0"
"PDC","11759","Pocket Dream Catcher","9264","Capteur de Rêves de Poche : Couleurs/Émotions - Bonheur - Menthe","5","6.95","2.99","0"
"PDC","11759","Pocket Dream Catcher","9265","Capteur de Rêves de Poche : Couleurs/Émotions - Espoir - Blanc","7","6.95","2.99","0"
"PDC","11759","Pocket Dream Catcher","9266","Capteur de Rêves de Poche : Couleurs/Émotions - Inspiration - Turquoise","8","6.95","2.99","0"
"PDC","11759","Pocket Dream Catcher","9267","Capteur de Rêves de Poche : Couleurs/Émotions - Amour - Rose","7","6.95","2.99","0"
"PDC","11759","Pocket Dream Catcher","9268","Capteur de Rêves de Poche : Couleurs/Émotions - Paix - Violet","6","6.95","2.99","0"
"PDC","11759","Pocket Dream Catcher","9269","Capteur de Rêves de Poche : Couleurs/Émotions - Orange - Lumière","7","6.95","2.99","0"
"PDC","11759","Pocket Dream Catcher","9270","Capteur de Rêves de Poche : Couleurs/Émotions - Succès - Rouge","8","6.95","2.99","0"
"Fab-6","11819","6 Ornaments","","6 Ornements","11","15","3","0"
"Fab-7","11820","7 Round Incense Burner","","7 Bruleur à Encens Rond","0","15","3","0"
"Fab-8A","11821","8A Smudging Kit","","8A Ensemble de Purification","0","32","12.5","0"
"Fab-13C","11822","13C Candle Holder Bone","","13C Porte Chandelle Os","10","36","11","0"
"Fab-Buttons","11823","Buttons","","Boutons","13","5","1","0"
"Palo Santo Chips","11944","Palo Santo (Chips)","","Palo Santo (Copeaux)","2","12.95","5.5","0"
"Cobra Stand","11947","Wood Cobra Stand","9497","Trépied Cobra en Bois : Taille - 4""","14","11.95","0","5"
"Cobra Stand","11947","Wood Cobra Stand","9498","Trépied Cobra en Bois : Taille - 6""","1","18.95","0","9"
"Cobra Stand","11947","Wood Cobra Stand","9499","Trépied Cobra en Bois : Taille - 8""","6","24.95","0","12"
"Tortueonyx","11955","Onyx Turtle Sculpture","","Tortue en Pierre d'Onyx","1","28","14","0"
"A18061-POD2573","11972","Matted Print - Seed of Life","","Impression avec Passe-Partout - Semence de Vie","4","20","7.5","0"
"A13042-POD2549","11973","Matted Print - Carried Away","","Impression avec Passe-Partout - Emportée","3","20","7.5","0"
"A01034-POD2570","11975","Matted Print - Reaching Out","","Impression avec Passe-Partout - Chaleur de Terre","2","20","7.5","0"
"150BLSSAB","12007","Ballerina Slippers","9290","Mocassins Ballerine : Pointure - 10","2","179","92","0"
"150BLSSAB","12007","Ballerina Slippers","9291","Mocassins Ballerine : Pointure - 6","2","179","92","0"
"150BLSSAB","12007","Ballerina Slippers","9292","Mocassins Ballerine : Pointure - 7","2","179","92","0"
"150BLSSAB","12007","Ballerina Slippers","9293","Mocassins Ballerine : Pointure - 8","2","179","92","0"
"150BLSSAB","12007","Ballerina Slippers","9294","Mocassins Ballerine : Pointure - 9","2","179","92","0"
"150BLSSAB","12007","Ballerina Slippers","9295","Mocassins Ballerine : Pointure - 5","2","179","92","0"
"150BLSSAB","12007","Ballerina Slippers","9598","Mocassins Ballerine : Pointure - 11","0","179","92","0"
"150BLSSAB","12007","Ballerina Slippers","9599","Mocassins Ballerine : Pointure - 12","0","179","92","0"
"150GRYSSAB","12008","Ballerina Slippers","9296","Mocassins Ballerine : Pointure - 10","0","179","92","0"
"150GRYSSAB","12008","Ballerina Slippers","9297","Mocassins Ballerine : Pointure - 6","0","179","92","0"
"150GRYSSAB","12008","Ballerina Slippers","9298","Mocassins Ballerine : Pointure - 7","1","179","92","0"
"150GRYSSAB","12008","Ballerina Slippers","9299","Mocassins Ballerine : Pointure - 8","1","179","92","0"
"150GRYSSAB","12008","Ballerina Slippers","9300","Mocassins Ballerine : Pointure - 9","1","179","92","0"
"150GRYSSAB","12008","Ballerina Slippers","9301","Mocassins Ballerine : Pointure - 5","0","179","92","0"
"150GRYSSAB","12008","Ballerina Slippers","9600","Mocassins Ballerine : Pointure - 11","0","179","92","0"
"150GRYSSAB","12008","Ballerina Slippers","9601","Mocassins Ballerine : Pointure - 12","0","179","92","0"
"150GRYSAB","12009","Ballerina Slippers","9302","Mocassins Ballerine : Pointure - 10","2","159","80","0"
"150GRYSAB","12009","Ballerina Slippers","9303","Mocassins Ballerine : Pointure - 6","0","159","80","0"
"150GRYSAB","12009","Ballerina Slippers","9304","Mocassins Ballerine : Pointure - 7","0","159","80","0"
"150GRYSAB","12009","Ballerina Slippers","9305","Mocassins Ballerine : Pointure - 8","0","159","80","0"
"150GRYSAB","12009","Ballerina Slippers","9306","Mocassins Ballerine : Pointure - 9","0","159","80","0"
"150GRYSAB","12009","Ballerina Slippers","9307","Mocassins Ballerine : Pointure - 5","1","159","80","0"
"150GRYSAB","12009","Ballerina Slippers","9602","Mocassins Ballerine : Pointure - 11","0","159","80","0"
"150GRYSAB","12009","Ballerina Slippers","9603","Mocassins Ballerine : Pointure - 12","0","159","80","0"
"150RDEP1F","12012","Ballerina Slippers","9308","Mocassins Ballerine : Pointure - 10","2","159","80","0"
"150RDEP1F","12012","Ballerina Slippers","9309","Mocassins Ballerine : Pointure - 6","2","159","80","0"
"150RDEP1F","12012","Ballerina Slippers","9310","Mocassins Ballerine : Pointure - 7","2","159","80","0"
"150RDEP1F","12012","Ballerina Slippers","9311","Mocassins Ballerine : Pointure - 8","2","159","80","0"
"150RDEP1F","12012","Ballerina Slippers","9312","Mocassins Ballerine : Pointure - 9","3","159","80","0"
"150RDEP1F","12012","Ballerina Slippers","9313","Mocassins Ballerine : Pointure - 5","2","159","80","0"
"150RDEP1F","12012","Ballerina Slippers","9604","Mocassins Ballerine : Pointure - 11","0","159","80","0"
"150RDEP1F","12012","Ballerina Slippers","9605","Mocassins Ballerine : Pointure - 12","0","159","80","0"
"134LEP1E","12013","Ladies Leather Moccasins","9315","Mocassins en Cuir pour Dames : Pointure - 10","0","179","94","0"
"134LEP1E","12013","Ladies Leather Moccasins","9316","Mocassins en Cuir pour Dames : Pointure - 6","0","179","94","0"
"134LEP1E","12013","Ladies Leather Moccasins","9317","Mocassins en Cuir pour Dames : Pointure - 7","1","179","94","0"
"134LEP1E","12013","Ladies Leather Moccasins","9318","Mocassins en Cuir pour Dames : Pointure - 8","1","179","94","0"
"134LEP1E","12013","Ladies Leather Moccasins","9319","Mocassins en Cuir pour Dames : Pointure - 9","1","179","94","0"
"134LEP1E","12013","Ladies Leather Moccasins","9320","Mocassins en Cuir pour Dames : Pointure - 5","0","179","94","0"
"134LEP1E","12013","Ladies Leather Moccasins","9321","Mocassins en Cuir pour Dames : Pointure - 11","0","179","94","0"
"BP9BL","12014","Leather Knap Sack","","Sac à Dos en Cuir","1","310","180","0"
"150STEP1F","12016","Ballerina Slippers","9322","Mocassins Ballerine : Pointure - 10","3","159","80","0"
"150STEP1F","12016","Ballerina Slippers","9323","Mocassins Ballerine : Pointure - 6","2","159","80","0"
"150STEP1F","12016","Ballerina Slippers","9324","Mocassins Ballerine : Pointure - 7","2","159","80","0"
"150STEP1F","12016","Ballerina Slippers","9325","Mocassins Ballerine : Pointure - 8","3","159","80","0"
"150STEP1F","12016","Ballerina Slippers","9326","Mocassins Ballerine : Pointure - 9","1","159","80","0"
"150STEP1F","12016","Ballerina Slippers","9327","Mocassins Ballerine : Pointure - 5","0","159","80","0"
"150STEP1F","12016","Ballerina Slippers","9606","Mocassins Ballerine : Pointure - 11","0","159","80","0"
"150STEP1F","12016","Ballerina Slippers","9607","Mocassins Ballerine : Pointure - 12","0","159","80","0"
"150CRMEP1F","12017","Ballerina Slippers","9328","Mocassins Ballerine : Pointure - 10","1","159","80","0"
"150CRMEP1F","12017","Ballerina Slippers","9329","Mocassins Ballerine : Pointure - 6","2","159","80","0"
"150CRMEP1F","12017","Ballerina Slippers","9330","Mocassins Ballerine : Pointure - 7","2","159","80","0"
"150CRMEP1F","12017","Ballerina Slippers","9331","Mocassins Ballerine : Pointure - 8","0","159","80","0"
"150CRMEP1F","12017","Ballerina Slippers","9332","Mocassins Ballerine : Pointure - 9","0","159","80","0"
"150CRMEP1F","12017","Ballerina Slippers","9333","Mocassins Ballerine : Pointure - 5","0","159","80","0"
"150CRMEP1F","12017","Ballerina Slippers","9608","Mocassins Ballerine : Pointure - 11","0","159","80","0"
"150CRMEP1F","12017","Ballerina Slippers","9609","Mocassins Ballerine : Pointure - 12","0","159","80","0"
"DC489","12023","Dream Catcher","","Capteur de Rêves","1","59.95","23.75","0"
"W12001-WAC0801NC07A","12060","Ava Poncho ""Dialogue""","","Poncho Ava ""Dialogue""","1","109","38","0"
"WAC0801NC02A","12061","Ava Poncho ""Depth""","","Poncho Ava ""Profondeur""","0","109","38","0"
"W17063-WPA0701NC02B","12062","Parma Capri ""Depth""","9346","Capri Parma ""Profondeur"" : Taille - P","0","129","55.5","0"
"W17063-WPA0701NC02B","12062","Parma Capri ""Depth""","9347","Capri Parma ""Profondeur"" : Taille - M","0","129","55.5","0"
"W17063-WPA0701NC02B","12062","Parma Capri ""Depth""","9348","Capri Parma ""Profondeur"" : Taille - L","0","129","55.5","0"
"W17063-WPA0701NC02B","12062","Parma Capri ""Depth""","9349","Capri Parma ""Profondeur"" : Taille - XL","0","129","55.5","0"
"W17063-WPA0701NC02B","12062","Parma Capri ""Depth""","9350","Capri Parma ""Profondeur"" : Taille - XP","1","129","55.5","0"
"A20055-UAC1101NC0YA","12063","Alice Neck Warmer ""Refuge""","","Cache-Cou Alice ""Refuge""","3","59","16.58","0"
"A12005-UAC1101NC0WA","12064","Alice Neck Warmer ""Earth Keeper""","","Cache-Cou Alice ""Gardienne de la Terre""","4","59","16.58","0"
"A14051-WPA1201NC0TA","12067","Serena Legging ""Gezaluwejit""","9354","Legging Serena ""Gezaluwejit"" : Taille - XP","2","169","64","0"
"A14051-WPA1201NC0TA","12067","Serena Legging ""Gezaluwejit""","9355","Legging Serena ""Gezaluwejit"" : Taille - P","0","169","64","0"
"A14051-WPA1201NC0TA","12067","Serena Legging ""Gezaluwejit""","9356","Legging Serena ""Gezaluwejit"" : Taille - M","2","169","64","0"
"A14051-WPA1201NC0TA","12067","Serena Legging ""Gezaluwejit""","9357","Legging Serena ""Gezaluwejit"" : Taille - L","2","169","64","0"
"A14051-WPA1201NC0TA","12067","Serena Legging ""Gezaluwejit""","9358","Legging Serena ""Gezaluwejit"" : Taille - XL","2","169","64","0"
"A16058-WPA1201NC04A","12068","Serena Legging ""Silent Seekers""","9359","Legging Serena ""En Quête de Silence"" : Taille - XP","1","169","64","0"
"A16058-WPA1201NC04A","12068","Serena Legging ""Silent Seekers""","9360","Legging Serena ""En Quête de Silence"" : Taille - P","0","169","64","0"
"A16058-WPA1201NC04A","12068","Serena Legging ""Silent Seekers""","9361","Legging Serena ""En Quête de Silence"" : Taille - M","0","169","64","0"
"A16058-WPA1201NC04A","12068","Serena Legging ""Silent Seekers""","9362","Legging Serena ""En Quête de Silence"" : Taille - L","1","169","64","0"
"A16058-WPA1201NC04A","12068","Serena Legging ""Silent Seekers""","9363","Legging Serena ""En Quête de Silence"" : Taille - XL","2","169","64","0"
"A18066-WLS20001NC0UA","12069","Mia Turtleneck ""Under the Same Sky"" Plus Size","9541","Col Roulé Mia ""Sous le Même Ciel"" Taille Plus : Taille - 1X","0","149","68","0"
"A18066-WLS20001NC0UA","12069","Mia Turtleneck ""Under the Same Sky"" Plus Size","9542","Col Roulé Mia ""Sous le Même Ciel"" Taille Plus : Taille - 2X","0","149","68","0"
"A18066-WLS20001NC0UA","12069","Mia Turtleneck ""Under the Same Sky"" Plus Size","9543","Col Roulé Mia ""Sous le Même Ciel"" Taille Plus : Taille - 3X","1","149","68","0"
"A17063-WPA1201NC02B","12070","Serena Legging ""Depth""","9369","Legging Serena ""Profondeur"" : Taille - P","0","169","64","0"
"A17063-WPA1201NC02B","12070","Serena Legging ""Depth""","9370","Legging Serena ""Profondeur"" : Taille - M","1","169","64","0"
"A17063-WPA1201NC02B","12070","Serena Legging ""Depth""","9371","Legging Serena ""Profondeur"" : Taille - L","0","169","64","0"
"A17063-WPA1201NC02B","12070","Serena Legging ""Depth""","9372","Legging Serena ""Profondeur"" : Taille - XL","1","169","64","0"
"A17063-WPA1201NC02B","12070","Serena Legging ""Depth""","9373","Legging Serena ""Profondeur"" : Taille - XP","1","169","64","0"
"W13047-WPA1201NC17A","12071","Serena Legging ""Inner Memories""","9374","Legging Serena ""Mémoires Ancestrales"" : Taille - P","3","169","64","0"
"W13047-WPA1201NC17A","12071","Serena Legging ""Inner Memories""","9375","Legging Serena ""Mémoires Ancestrales"" : Taille - M","1","169","64","0"
"W13047-WPA1201NC17A","12071","Serena Legging ""Inner Memories""","9376","Legging Serena ""Mémoires Ancestrales"" : Taille - L","2","169","64","0"
"W13047-WPA1201NC17A","12071","Serena Legging ""Inner Memories""","9377","Legging Serena ""Mémoires Ancestrales"" : Taille - XL","1","169","64","0"
"W13047-WPA1201NC17A","12071","Serena Legging ""Inner Memories""","9378","Legging Serena ""Mémoires Ancestrales"" : Taille - XP","0","169","64","0"
"W12018-WPA1201NC0DA","12072","Serena Legging ""Early Evening Flowing into Fall""","9379","Legging Serena ""Soirée Glissant vers l'Automne"" : Taille - P","0","169","64","0"
"W12018-WPA1201NC0DA","12072","Serena Legging ""Early Evening Flowing into Fall""","9380","Legging Serena ""Soirée Glissant vers l'Automne"" : Taille - M","1","169","64","0"
"W12018-WPA1201NC0DA","12072","Serena Legging ""Early Evening Flowing into Fall""","9381","Legging Serena ""Soirée Glissant vers l'Automne"" : Taille - L","1","169","64","0"
"W12018-WPA1201NC0DA","12072","Serena Legging ""Early Evening Flowing into Fall""","9382","Legging Serena ""Soirée Glissant vers l'Automne"" : Taille - XL","0","169","64","0"
"W12018-WPA1201NC0DA","12072","Serena Legging ""Early Evening Flowing into Fall""","9383","Legging Serena ""Soirée Glissant vers l'Automne"" : Taille - XP","1","169","64","0"
"W160523-WPA1201NC0BB","12073","Serena Legging ""Zenith""","9384","Legging Serena ""Zenith"" : Taille - P","0","169","64","0"
"W160523-WPA1201NC0BB","12073","Serena Legging ""Zenith""","9385","Legging Serena ""Zenith"" : Taille - M","1","169","64","0"
"W160523-WPA1201NC0BB","12073","Serena Legging ""Zenith""","9386","Legging Serena ""Zenith"" : Taille - L","0","169","64","0"
"W160523-WPA1201NC0BB","12073","Serena Legging ""Zenith""","9387","Legging Serena ""Zenith"" : Taille - XL","0","169","64","0"
"W160523-WPA1201NC0BB","12073","Serena Legging ""Zenith""","9388","Legging Serena ""Zenith"" : Taille - XP","0","169","64","0"
"A17065-WNS1101NC0CB","12074","Florence Tank ""The Forest Temple""","9389","Camisole Florence ""Temple de la Forêt"" : Taille - XP","0","79","35","0"
"A17065-WNS1101NC0CB","12074","Florence Tank ""The Forest Temple""","9390","Camisole Florence ""Temple de la Forêt"" : Taille - P","0","79","35","0"
"A17065-WNS1101NC0CB","12074","Florence Tank ""The Forest Temple""","9391","Camisole Florence ""Temple de la Forêt"" : Taille - M","1","79","35","0"
"A17065-WNS1101NC0CB","12074","Florence Tank ""The Forest Temple""","9392","Camisole Florence ""Temple de la Forêt"" : Taille - L","0","79","35","0"
"A17065-WNS1101NC0CB","12074","Florence Tank ""The Forest Temple""","9393","Camisole Florence ""Temple de la Forêt"" : Taille - XL","0","79","35","0"
"W13047-WNS1101NC17A","12075","Florence Tank ""Inner Memories""","9394","Camisole Florence ""Mémoires Ancestrales"" : Taille - XP","1","79","35","0"
"W13047-WNS1101NC17A","12075","Florence Tank ""Inner Memories""","9395","Camisole Florence ""Mémoires Ancestrales"" : Taille - P","0","79","35","0"
"W13047-WNS1101NC17A","12075","Florence Tank ""Inner Memories""","9396","Camisole Florence ""Mémoires Ancestrales"" : Taille - M","0","79","35","0"
"W13047-WNS1101NC17A","12075","Florence Tank ""Inner Memories""","9397","Camisole Florence ""Mémoires Ancestrales"" : Taille - L","2","79","35","0"
"W13047-WNS1101NC17A","12075","Florence Tank ""Inner Memories""","9398","Camisole Florence ""Mémoires Ancestrales"" : Taille - XL","0","79","35","0"
"A16052-WNS1001NC0BA","12076","Venus Active Support Top ""Zenith""","9399","Haut Sport Venus ""Zenith"" : Taille - XP","0","109","49","0"
"A16052-WNS1001NC0BA","12076","Venus Active Support Top ""Zenith""","9400","Haut Sport Venus ""Zenith"" : Taille - P","1","109","49","0"
"A16052-WNS1001NC0BA","12076","Venus Active Support Top ""Zenith""","9401","Haut Sport Venus ""Zenith"" : Taille - M","0","109","49","0"
"A16052-WNS1001NC0BA","12076","Venus Active Support Top ""Zenith""","9402","Haut Sport Venus ""Zenith"" : Taille - L","1","109","49","0"
"A16052-WNS1001NC0BA","12076","Venus Active Support Top ""Zenith""","9403","Haut Sport Venus ""Zenith"" : Taille - XL","0","109","49","0"
"A16058-WNS1001NC04A","12077","Venus Active Support Top ""Silent Seekers""","9404","Haut Sport Venus ""En Quête de Silence"" : Taille - P","1","109","49","0"
"A16058-WNS1001NC04A","12077","Venus Active Support Top ""Silent Seekers""","9405","Haut Sport Venus ""En Quête de Silence"" : Taille - M","1","109","49","0"
"A16058-WNS1001NC04A","12077","Venus Active Support Top ""Silent Seekers""","9406","Haut Sport Venus ""En Quête de Silence"" : Taille - L","0","109","49","0"
"A16058-WNS1001NC04A","12077","Venus Active Support Top ""Silent Seekers""","9407","Haut Sport Venus ""En Quête de Silence"" : Taille - XL","1","109","49","0"
"A16058-WNS1001NC04A","12077","Venus Active Support Top ""Silent Seekers""","9408","Haut Sport Venus ""En Quête de Silence"" : Taille - XP","1","109","49","0"
"W13047-WPA0901NC17A","12081","Sandrine ""Inner Memories""","9409","Sandrine ""Mémoires Ancestrales"" : Taille - XP","1","149","61","0"
"W13047-WPA0901NC17A","12081","Sandrine ""Inner Memories""","9410","Sandrine ""Mémoires Ancestrales"" : Taille - P","1","149","61","0"
"W13047-WPA0901NC17A","12081","Sandrine ""Inner Memories""","9411","Sandrine ""Mémoires Ancestrales"" : Taille - M","0","149","61","0"
"W13047-WPA0901NC17A","12081","Sandrine ""Inner Memories""","9412","Sandrine ""Mémoires Ancestrales"" : Taille - L","0","149","61","0"
"W13047-WPA0901NC17A","12081","Sandrine ""Inner Memories""","9413","Sandrine ""Mémoires Ancestrales"" : Taille - XL","0","149","61","0"
"W16052-WPA0901NC0BA","12082","Sandrine ""Zenith""","9414","Taille - P","1","149","61","0"
"W16052-WPA0901NC0BA","12082","Sandrine ""Zenith""","9415","Taille - M","1","149","61","0"
"W16052-WPA0901NC0BA","12082","Sandrine ""Zenith""","9416","Taille - L","0","149","61","0"
"W16052-WPA0901NC0BA","12082","Sandrine ""Zenith""","9417","Taille - XL","0","149","61","0"
"W16052-WPA0901NC0BA","12082","Sandrine ""Zenith""","9418","Taille - XP","1","149","61","0"
"W17063-WPA0901NC02A","12083","Sandrine ""Depth""","9419","Sandrine ""Profondeur"" : Taille - P","0","149","61","0"
"W17063-WPA0901NC02A","12083","Sandrine ""Depth""","9420","Sandrine ""Profondeur"" : Taille - M","0","149","61","0"
"W17063-WPA0901NC02A","12083","Sandrine ""Depth""","9421","Sandrine ""Profondeur"" : Taille - L","0","149","61","0"
"W17063-WPA0901NC02A","12083","Sandrine ""Depth""","9422","Sandrine ""Profondeur"" : Taille - XL","0","149","61","0"
"W17063-WPA0901NC02A","12083","Sandrine ""Depth""","9423","Sandrine ""Profondeur"" : Taille - XP","0","149","61","0"
"W13047-WDR4301NC17A","12085","Sophia ""Inner Memories""","9424","Sophia ""Mémoires Ancestrales"" : Taille - XP","1","179","69","0"
"W13047-WDR4301NC17A","12085","Sophia ""Inner Memories""","9425","Sophia ""Mémoires Ancestrales"" : Taille - P","0","179","69","0"
"W13047-WDR4301NC17A","12085","Sophia ""Inner Memories""","9426","Sophia ""Mémoires Ancestrales"" : Taille - M","0","179","69","0"
"W13047-WDR4301NC17A","12085","Sophia ""Inner Memories""","9427","Sophia ""Mémoires Ancestrales"" : Taille - L","0","179","69","0"
"W13047-WDR4301NC17A","12085","Sophia ""Inner Memories""","9428","Sophia ""Mémoires Ancestrales"" : Taille - XL","0","179","69","0"
"A20055-POD2571","12086","Matted Print - Refuge","","Impression avec Passe-Partout - Refuge","0","20","7.5","0"
"W12018-WDR4301NC0DA","12087","Sophia ""Early Evening Flowing into Fall""","9429","Sophia ""Soirée Glissant vers l'Automne"" : Taille - XP","0","179","69","0"
"W12018-WDR4301NC0DA","12087","Sophia ""Early Evening Flowing into Fall""","9430","Sophia ""Soirée Glissant vers l'Automne"" : Taille - P","0","179","69","0"
"W12018-WDR4301NC0DA","12087","Sophia ""Early Evening Flowing into Fall""","9431","Sophia ""Soirée Glissant vers l'Automne"" : Taille - M","0","179","69","0"
"W12018-WDR4301NC0DA","12087","Sophia ""Early Evening Flowing into Fall""","9432","Sophia ""Soirée Glissant vers l'Automne"" : Taille - L","1","179","69","0"
"W12018-WDR4301NC0DA","12087","Sophia ""Early Evening Flowing into Fall""","9433","Sophia ""Soirée Glissant vers l'Automne"" : Taille - XL","1","179","69","0"
"W11065-WDR4301NC0CA","12088","Sophia ""The Forest Temple""","9434","Sophia ""Temple de la Forêt"" : Taille - P","1","179","69","0"
"W11065-WDR4301NC0CA","12088","Sophia ""The Forest Temple""","9435","Sophia ""Temple de la Forêt"" : Taille - M","1","179","69","0"
"W11065-WDR4301NC0CA","12088","Sophia ""The Forest Temple""","9436","Sophia ""Temple de la Forêt"" : Taille - L","0","179","69","0"
"W11065-WDR4301NC0CA","12088","Sophia ""The Forest Temple""","9437","Sophia ""Temple de la Forêt"" : Taille - XL","0","179","69","0"
"W11065-WDR4301NC0CA","12088","Sophia ""The Forest Temple""","9438","Sophia ""Temple de la Forêt"" : Taille - XP","0","179","69","0"
"W16052-WDR4301NC0BA","12089","Sophia ""Zenith""","9439","Taille - P","1","179","69","0"
"W16052-WDR4301NC0BA","12089","Sophia ""Zenith""","9440","Taille - M","0","179","69","0"
"W16052-WDR4301NC0BA","12089","Sophia ""Zenith""","9441","Taille - L","0","179","69","0"
"W16052-WDR4301NC0BA","12089","Sophia ""Zenith""","9442","Taille - XL","0","179","69","0"
"W16052-WDR4301NC0BA","12089","Sophia ""Zenith""","9443","Taille - XP","0","179","69","0"
"W12005-WDR4301NC0WA","12090","Sophia ""Earth Keeper""","9444","Sophia ""Gardienne de la Terre"" : Taille - P","1","179","69","0"
"W12005-WDR4301NC0WA","12090","Sophia ""Earth Keeper""","9445","Sophia ""Gardienne de la Terre"" : Taille - M","0","179","69","0"
"W12005-WDR4301NC0WA","12090","Sophia ""Earth Keeper""","9446","Sophia ""Gardienne de la Terre"" : Taille - L","0","179","69","0"
"W12005-WDR4301NC0WA","12090","Sophia ""Earth Keeper""","9447","Sophia ""Gardienne de la Terre"" : Taille - XL","0","179","69","0"
"W12005-WDR4301NC0WA","12090","Sophia ""Earth Keeper""","9448","Sophia ""Gardienne de la Terre"" : Taille - XP","1","179","69","0"
"W13047-WDR5301NC17B","12098","Victoire ""Inner Memories""","9449","Victoire ""Mémoires Ancestrales"" : Taille - XP","1","159","61.5","0"
"W13047-WDR5301NC17B","12098","Victoire ""Inner Memories""","9450","Victoire ""Mémoires Ancestrales"" : Taille - P","1","159","61.5","0"
"W13047-WDR5301NC17B","12098","Victoire ""Inner Memories""","9451","Victoire ""Mémoires Ancestrales"" : Taille - M","1","159","61.5","0"
"W13047-WDR5301NC17B","12098","Victoire ""Inner Memories""","9452","Victoire ""Mémoires Ancestrales"" : Taille - L","0","159","61.5","0"
"W13047-WDR5301NC17B","12098","Victoire ""Inner Memories""","9453","Victoire ""Mémoires Ancestrales"" : Taille - XL","0","159","61.5","0"
"W13041-WDR5301NC0EB","12101","Victoire ""Lapinx""","9454","Taille - P","0","159","61.5","0"
"W13041-WDR5301NC0EB","12101","Victoire ""Lapinx""","9455","Taille - M","1","159","61.5","0"
"W13041-WDR5301NC0EB","12101","Victoire ""Lapinx""","9456","Taille - L","0","159","61.5","0"
"W13041-WDR5301NC0EB","12101","Victoire ""Lapinx""","9457","Taille - XL","1","159","61.5","0"
"W13041-WDR5301NC0EB","12101","Victoire ""Lapinx""","9458","Taille - XP","0","159","61.5","0"
"W17063-WDR5301NC02A","12102","Victoire ""Depth""","9459","Victoire ""Profondeur"" : Taille - P","0","159","61.5","0"
"W17063-WDR5301NC02A","12102","Victoire ""Depth""","9460","Victoire ""Profondeur"" : Taille - M","1","159","61.5","0"
"W17063-WDR5301NC02A","12102","Victoire ""Depth""","9461","Victoire ""Profondeur"" : Taille - L","0","159","61.5","0"
"W17063-WDR5301NC02A","12102","Victoire ""Depth""","9462","Victoire ""Profondeur"" : Taille - XL","0","159","61.5","0"
"W17063-WDR5301NC02A","12102","Victoire ""Depth""","9463","Victoire ""Profondeur"" : Taille - XP","1","159","61.5","0"
"W16052-WDR5301NC0BA","12103","Victoire ""Zenith""","9464","Taille - P","0","159","61.5","0"
"W16052-WDR5301NC0BA","12103","Victoire ""Zenith""","9465","Taille - M","1","159","61.5","0"
"W16052-WDR5301NC0BA","12103","Victoire ""Zenith""","9466","Taille - L","0","159","61.5","0"
"W16052-WDR5301NC0BA","12103","Victoire ""Zenith""","9467","Taille - XL","1","159","61.5","0"
"W16052-WDR5301NC0BA","12103","Victoire ""Zenith""","9468","Taille - XP","0","159","61.5","0"
"W10004-WDR5301NC01A","12104","Victoire ""Merging Earth and Sky""","9469","Victoire ""Fusion entre Terre et Ciel"" : Taille - P","1","159","61.5","0"
"W10004-WDR5301NC01A","12104","Victoire ""Merging Earth and Sky""","9470","Victoire ""Fusion entre Terre et Ciel"" : Taille - M","1","159","61.5","0"
"W10004-WDR5301NC01A","12104","Victoire ""Merging Earth and Sky""","9471","Victoire ""Fusion entre Terre et Ciel"" : Taille - L","0","159","61.5","0"
"W10004-WDR5301NC01A","12104","Victoire ""Merging Earth and Sky""","9472","Victoire ""Fusion entre Terre et Ciel"" : Taille - XL","0","159","61.5","0"
"W10004-WDR5301NC01A","12104","Victoire ""Merging Earth and Sky""","9473","Victoire ""Fusion entre Terre et Ciel"" : Taille - XP","0","159","61.5","0"
"W13023-UAC0301NC16A","12105","Reuben Tote Bag ""Water and Spirit Buffalo""","","Sac Reuben ""Eau et Esprit du Bison""","1","49","21","0"
"A17063-WBL1101NC02A","12106","Nikki Cardigan ""Depth""","9474","Cardigan Nikki ""Profondeur"" : Taille - P","1","159","50","0"
"A17063-WBL1101NC02A","12106","Nikki Cardigan ""Depth""","9475","Cardigan Nikki ""Profondeur"" : Taille - M","1","159","50","0"
"A17063-WBL1101NC02A","12106","Nikki Cardigan ""Depth""","9476","Cardigan Nikki ""Profondeur"" : Taille - L","1","159","50","0"
"A17063-WBL1101NC02A","12106","Nikki Cardigan ""Depth""","9477","Cardigan Nikki ""Profondeur"" : Taille - XL","1","159","50","0"
"A17063-WBL1101NC02A","12106","Nikki Cardigan ""Depth""","9478","Cardigan Nikki ""Profondeur"" : Taille - XP","1","159","50","0"
"A16058-WBL1101NC04A","12107","Nikki Cardigan ""Silent Seekers""","9479","Cardigan Nikki ""En Quête de Silence"" : Taille - P","0","159","50","0"
"A16058-WBL1101NC04A","12107","Nikki Cardigan ""Silent Seekers""","9480","Cardigan Nikki ""En Quête de Silence"" : Taille - M","1","159","50","0"
"A16058-WBL1101NC04A","12107","Nikki Cardigan ""Silent Seekers""","9481","Cardigan Nikki ""En Quête de Silence"" : Taille - L","1","159","50","0"
"A16058-WBL1101NC04A","12107","Nikki Cardigan ""Silent Seekers""","9482","Cardigan Nikki ""En Quête de Silence"" : Taille - XL","1","159","50","0"
"A16058-WBL1101NC04A","12107","Nikki Cardigan ""Silent Seekers""","9483","Cardigan Nikki ""En Quête de Silence"" : Taille - XP","1","159","50","0"
"A16058-WBL1201NC04A","12108","Nikki Cardigan ""Silent Seekers"" Plus Size","9489","Cardigan Nikki ""En Quête de Silence"" Taille Plus : Taille - 1X","1","159","61.5","0"
"A16058-WBL1201NC04A","12108","Nikki Cardigan ""Silent Seekers"" Plus Size","9490","Cardigan Nikki ""En Quête de Silence"" Taille Plus : Taille - 2X","1","159","61.5","0"
"A16058-WBL1201NC04A","12108","Nikki Cardigan ""Silent Seekers"" Plus Size","9491","Cardigan Nikki ""En Quête de Silence"" Taille Plus : Taille - 3X","1","159","61.5","0"
"SKU: 12-12-301","12111","Black Bears Pot Holder","","Poignée à Four Ours Noir","1","14.95","6.5","0"
"A16058-WSK0501NC04A","12139","Elaine Skirt ""Silent Seekers""","9492","Jupe Elaine ""En Quête de Silence"" : Taille - P","1","149","63.5","0"
"A16058-WSK0501NC04A","12139","Elaine Skirt ""Silent Seekers""","9493","Jupe Elaine ""En Quête de Silence"" : Taille - M","1","149","63.5","0"
"A16058-WSK0501NC04A","12139","Elaine Skirt ""Silent Seekers""","9494","Jupe Elaine ""En Quête de Silence"" : Taille - L","1","149","63.5","0"
"A16058-WSK0501NC04A","12139","Elaine Skirt ""Silent Seekers""","9495","Jupe Elaine ""En Quête de Silence"" : Taille - XL","1","149","63.5","0"
"A16058-WSK0501NC04A","12139","Elaine Skirt ""Silent Seekers""","9496","Jupe Elaine ""En Quête de Silence"" : Taille - XP","1","149","63.5","0"
"A16058-UAC0301NC04A","12163","Reuben Tote Bag ""Silent Seekers""","","Sac Reuben ""En Quête de Silence""","1","49","21","0"
"9013-0300-47RK-19245RK","12169","Ladies Mukluk","9500","Mukluks pour Dames : Pointure - 9","0","308","134","0"
"9013-0300-47RK-19245RK","12169","Ladies Mukluk","9501","Mukluks pour Dames : Pointure - 7","1","308","134","0"
"9013-0300-47RK-19245RK","12169","Ladies Mukluk","9502","Mukluks pour Dames : Pointure - 8","0","308","134","0"
"9013-0300-47RK-19245RK","12169","Ladies Mukluk","9503","Mukluks pour Dames : Pointure - 11","0","308","134","0"
"9013-0300-47RK-19245RK","12169","Ladies Mukluk","9504","Mukluks pour Dames : Pointure - 12","0","308","134","0"
"9013-0300-47RK-19245RK","12169","Ladies Mukluk","9508","Mukluks pour Dames : Pointure - 10","0","308","134","0"
"W12005-WDR4401NC0WA","12188","Sophia ""Earth Keeper"" Plus Size","9517","Sophia ""Gardienne de la Terre"" Taille Plus : Taille - 1X","1","179","73","0"
"W12005-WDR4401NC0WA","12188","Sophia ""Earth Keeper"" Plus Size","9518","Sophia ""Gardienne de la Terre"" Taille Plus : Taille - 2X","1","179","73","0"
"W12005-WDR4401NC0WA","12188","Sophia ""Earth Keeper"" Plus Size","9519","Sophia ""Gardienne de la Terre"" Taille Plus : Taille - 3X","1","179","73","0"
"A16058-WLS1801NC04A","12194","Patti Tunic II ""Silent Seekers"" Plus Size","9525","Tunique Patti II ""En Quête de Silence"" Taille Plus : Taille - 1X","1","129","60.5","0"
"A16058-WLS1801NC04A","12194","Patti Tunic II ""Silent Seekers"" Plus Size","9526","Tunique Patti II ""En Quête de Silence"" Taille Plus : Taille - 2X","1","129","60.5","0"
"A16058-WLS1801NC04A","12194","Patti Tunic II ""Silent Seekers"" Plus Size","9527","Tunique Patti II ""En Quête de Silence"" Taille Plus : Taille - 3X","1","129","60.5","0"
"W13023-WLS2001NC12A","12195","Mia Turtleneck ""Water and Spirit Buffalo at Moonrise"" Plus Size","9533","Col Roulé Mia ""Eau et Esprit du Bison à l'Éveil de la Lune"" Taille Plus : Taille - 1X","0","149","68","0"
"W13023-WLS2001NC12A","12195","Mia Turtleneck ""Water and Spirit Buffalo at Moonrise"" Plus Size","9534","Col Roulé Mia ""Eau et Esprit du Bison à l'Éveil de la Lune"" Taille Plus : Taille - 2X","0","149","68","0"
"W13023-WLS2001NC12A","12195","Mia Turtleneck ""Water and Spirit Buffalo at Moonrise"" Plus Size","9535","Col Roulé Mia ""Eau et Esprit du Bison à l'Éveil de la Lune"" Taille Plus : Taille - 3X","1","149","68","0"
"A08007-UAC6601NC1AA","12199","Mimi Apron for children ""A Moose and a Goose""","","Tablier Mimi pour enfant ""Un Orignal et une Outarde""","1","49","30","0"
"A17063-UAC6601NC02A","12200","Mimi Apron for children ""Depth""","","Tablier Mimi pour enfant ""Profondeur""","3","49","30","0"
"A16051-UAC6601NC05A","12201","Mimi Apron for children ""Northern Keepers""","","Tablier Mimi pour enfant ""Gardiens du Nord""","3","49","30","0"
"A08013-UAC6601NC0FA","12202","Mimi Apron for children ""New Day""","","Tablier Mimi pour enfant ""Nouveau Jour""","5","49","30","0"
"A16058-UAC6601NC04A","12203","Mimi Apron for children ""Silent Seekers""","","Tablier Mimi pour enfant ""En Quête de Silence""","5","49","30","0"
"A17063-UAC6701NC02A","12205","Angèle Apron ""Depth""","","Tablier Angèle ""Profondeur""","1","69","29.5","0"
"A16051-UAC6701NC05A","12206","Angèle Apron ""Northern Keepers""","","Tablier Angèle ""Gardiens du Nord""","1","69","29.5","0"
"A08013-UAC6701NC0FA","12207","Angèle Apron ""New Day""","","Tablier Angèle ""Nouveau Jour""","1","69","29.5","0"
"A16058-UAC6701NC04A","12208","Angèle Apron ""Silent Seekers""","","Tablier Angèle ""En Quête de Silence""","3","69","29.5","0"
"P-LOUPMARIN","12304","Plush with Seal Skin","9637","Peluche en Loup Marin : Taille - P","3","11.5","0","5"
"P-LOUPMARIN","12304","Plush with Seal Skin","9638","Peluche en Loup Marin : Taille - M","1","15","0","7"
"P-LOUPMARIN","12304","Plush with Seal Skin","9639","Peluche en Loup Marin : Taille - L","3","16.5","0","8"
"P-LOUPMARIN","12304","Plush with Seal Skin","9640","Peluche en Loup Marin : Taille - XL","1","24","0","11"
"NE-Stones","12390","Stones - Tumbled","","Pierres Polies","363","0.95","0.4","0"
"A16059-UAC6201NC0IA","12436","Arthur Pillow ""Wisdom Keepers""","","Coussin Arthur ""Gardiens de la Sagesse""","4","59","21","0"
"A08007-UAC6101NC1AA","12440","Gustave Pillow ""A Moose and a Goose""","","Coussin Gustave ""Un Orignal et une Outarde""","5","59","23","0"
"UAC6501NC1BA","12444","Maxime Bag ""Geese Spirit""","","Sac Maxime ""L'Esprit de l'Outarde""","1","65","27.5","0"
"Totem-Magnet","12462","Totem Animal Magnet","","Totem Aimant Animaux","40","7.5","3.2","0"
"Totem-Keychain","12464","Totem Animal Keychain","","Totem Porte-Clef Animaux","3","7.5","3.2","0"
"6006-1092-26-KB26018MU","12587","Men Suede Slippers","9619","Pantoufles Suède pour Hommes : Pointure - 7","0","166","72.3","0"
"6006-1092-26-KB26018MU","12587","Men Suede Slippers","9620","Pantoufles Suède pour Hommes : Pointure - 8","0","166","72.3","0"
"6006-1092-26-KB26018MU","12587","Men Suede Slippers","9621","Pantoufles Suède pour Hommes : Pointure - 9","0","166","72.3","0"
"6006-1092-26-KB26018MU","12587","Men Suede Slippers","9622","Pantoufles Suède pour Hommes : Pointure - 10","0","166","72.3","0"
"6006-1092-26-KB26018MU","12587","Men Suede Slippers","9623","Pantoufles Suède pour Hommes : Pointure - 11","0","166","72.3","0"
"6006-1092-26-KB26018MU","12587","Men Suede Slippers","9624","Pantoufles Suède pour Hommes : Pointure - 12","1","166","72.3","0"
"6006-1092-26-KB26018MU","12587","Men Suede Slippers","9625","Pantoufles Suède pour Hommes : Pointure - 13","0","166","72.3","0"
"6006-1092-26-KB26018MU","12587","Men Suede Slippers","9626","Pantoufles Suède pour Hommes : Pointure - 14","0","166","72.3","0"
"6006-1092-26-KB26018MU","12587","Men Suede Slippers","9627","Pantoufles Suède pour Hommes : Pointure - 15","0","166","72.3","0"
"6006-1092-26-KB26018MU","12587","Men Suede Slippers","9628","Pantoufles Suède pour Hommes : Pointure - 6","0","166","72.3","0"
"Velvet Pouch","12632","Velvet Pouch","","Pochette de Velours","0","0.3","0.28","0"
"Kayo-Tea","12634","Kayo-Tea","12529","Taille - 20gr","32","16.4","0","4.25"
"Kayo-Tea","12634","Kayo-Tea","12530","Taille - 60gr","0","22.4","0","7"
"ML01C","12669","Mittens in Black Seal Skin","9630","Mitaines en Fourrure de Loup Marin Noir : Taille - P","0","224","104","0"
"ML01C","12669","Mittens in Black Seal Skin","9631","Mitaines en Fourrure de Loup Marin Noir : Taille - M","0","224","104","0"
"ML01C","12669","Mittens in Black Seal Skin","9632","Mitaines en Fourrure de Loup Marin Noir : Taille - L","0","224","104","0"
"ML01C","12669","Mittens in Black Seal Skin","9633","Mitaines en Fourrure de Loup Marin Noir : Taille - XL","0","224","104","0"
"ML01C","12669","Mittens in Black Seal Skin","9634","Mitaines en Fourrure de Loup Marin Noir : Taille - XXL","0","224","104","0"
"ML01C","12669","Mittens in Black Seal Skin","9635","Mitaines en Fourrure de Loup Marin Noir : Taille - XP","0","224","104","0"
"LSB10","12682","Liquid Silver Bracelet 10 Strands","","Bracelet en Argent Liquid 10 Brins","3","85","35.2","0"
"LSB20","12683","Liquid Silver Bracelet 20 Strands","","Bracelet en Argent Liquid 20 Brins","1","125","54.04","0"
"C-Rings","12686","Semi-Precious Transparent Rings","","Bague de Pierres Transparentes Semi-Précieuses","25","12.95","5.6","0"
"A13042-POD2549C","12702","Canvas - Carried Away","","Toile - Emportée","3","40","17","0"
"A17063-POD2550C","12703","Canvas - Depth","","Toile - Profondeur","3","40","17","0"
"A10046-POD2553C","12704","Canvas - Geese Spirit","","Toile - L'Esprit de l'Outarde","3","40","17","0"
"A14051-POD2554C","12705","Canvas - Gezaluwejit","","Toile - Gezaluwejit","3","40","17","0"
"A01031-POD2558C","12707","Canvas - Honoring the Giver of Life","","Toile - Hommage à la Source de Vie","2","40","17","0"
"A13041-POD2583C","12708","Canvas - Lapinx","","Toile - Lapinx","2","45","17","0"
"A10004-POD2561C","12710","Canvas - Merging Earth and Sky","","Toile - Fusion entre Terre et Ciel","3","40","17","0"
"A16051-POD2566C","12712","Canvas - Northern Keepers","","Toile - Gardiens du Nord","1","40","17","0"
"A00048-POD2884C","12714","Canvas - Protector","","Toile - Protecteur","2","40","17","0"
"A01034-POD2570C","12715","Canvas - Reaching Out","","Toile - Chaleur de Terre","3","40","17","0"
"A20055-POD2571C","12716","Canvas - Refuge","","Toile - Refuge","2","40","17","0"
"A09006-POD2579C","12717","Canvas - River Keeper","","Toile - La Gardienne de l'Eau","3","40","17","0"
"A16058-POD2574C","12718","Canvas - Silent Seekers","","Toile - En Quête de Silence","2","40","17","0"
"A01003-POD2575C","12719","Canvas - Sky Girl","","Toile - Fille du Ciel","3","40","17","0"
"A17065-POD2578C","12722","Canvas - The Forest Temple","","Toile - Temple de la Forêt","2","40","17","0"
"C60","12725","Curb Chain","9647","Chaîne à Gourmettes : Taille - 16""","0","42","0","17"
"C60","12725","Curb Chain","9648","Chaîne à Gourmettes : Taille - 18""","1","47","0","19"
"C60","12725","Curb Chain","9649","Chaîne à Gourmettes : Taille - 20""","1","52","0","20"
"C60","12725","Curb Chain","9650","Chaîne à Gourmettes : Taille - 22""","0","57","0","24.75"
"C60","12725","Curb Chain","9651","Chaîne à Gourmettes : Taille - 24""","1","62","0","26.82"
"C60","12725","Curb Chain","9652","Chaîne à Gourmettes : Taille - 30""","0","76","0","33"
"Fab-3","12747","3 Necklace on Cardboard","","3 Collier sur Carton","24","9.949999999999999","3","0"
"Fab-12D","12748","12D Bowl Medium with Bird","","12D Bol Moyen avec Oiseau","3","36","12","0"
"DC1010","12774","DC1010 Earrings","9656","DC1010 Boucles d'oreille : Couleurs - Turquoise","0","16.95","7.25","0"
"DC1010","12774","DC1010 Earrings","9657","DC1010 Boucles d'oreille : Couleurs - Bleu royal","0","16.95","7.25","0"
"DC1010","12774","DC1010 Earrings","9658","DC1010 Boucles d'oreille : Couleurs - Violet","1","16.95","7.25","0"
"DC1010","12774","DC1010 Earrings","9659","DC1010 Boucles d'oreille : Couleurs - Beige","0","16.95","7.25","0"
"DC1010-P","12775","DC1010 Pendant","9660","DC1010 Pendentifs : Couleurs - Turquoise","14","11.95","5","0"
"DC1010-P","12775","DC1010 Pendant","9661","DC1010 Pendentifs : Couleurs - Bleu royal","9","11.95","5","0"
"DC1010-P","12775","DC1010 Pendant","9662","DC1010 Pendentifs : Couleurs - Violet","17","11.95","5","0"
"DC1010-P","12775","DC1010 Pendant","9663","DC1010 Pendentifs : Couleurs - Beige","7","11.95","5","0"
"DC15-P","12776","DC15 Pendant","","DC15 Pendentif","25","8.949999999999999","3.75","0"
"DC15M-P","12777","DC15M Pendant","","DC15M Pendentif","7","11.95","5","0"
"DC2-P","12778","DC2 Pendant","","DC2 Pendentif","33","11.95","5","0"
"DC23-P","12779","DC23 Pendant","","DC23 Pendentif","3","11.95","5","0"
"DC24-P","12780","DC24 Pendant","","DC24 Pendentif","4","11.95","5","0"
"DC10-P","12781","DC10 Pendentif","","DC10 Pendentif","6","7.95","3.5","0"
"DC17","12783","DC17 Earrings","","DC17 Boucles d'Oreilles","10","16.95","7.5","0"
"DC2","12784","DC2 Earrings","","DC2 Boucles d'Oreilles","26","16.95","7.5","0"
"DC15","12785","DC15 Earrings","","DC15 Boucles d'Oreilles","8","12.95","4.75","0"
"DC10","12786","DC10 Earrings","","DC10 Boucles d'Oreilles","2","11.95","4.5","0"
"DC15M","12787","DC15M Earrings","","DC15M Boucles d'Oreilles","1","15.95","6.95","0"
"VE1-17X","12788","Vintage Earrings","","Vintage Boucles d'Oreilles","2","17.95","7.5","0"
"MIX-DISC","12789","MIX-DICS Earrings","","MIX-DISC Boucles d'Oreilles","2","14.95","5","0"
"DC1600-4","12790","DC1600-4 Earrings","9664","DC1600-4 Boucles d'Oreilles : Couleurs - Prune","0","16.95","7.5","0"
"DC1600-4","12790","DC1600-4 Earrings","9665","DC1600-4 Boucles d'Oreilles : Couleurs - Vert pomme","0","16.95","7.5","0"
"DC1600-4","12790","DC1600-4 Earrings","9666","DC1600-4 Boucles d'Oreilles : Couleurs - Turquoise","0","16.95","7.5","0"
"DC1600-4","12790","DC1600-4 Earrings","9667","DC1600-4 Boucles d'Oreilles : Couleurs - Mauve","0","16.95","7.5","0"
"DC1600-4","12790","DC1600-4 Earrings","9668","DC1600-4 Boucles d'Oreilles : Couleurs - Blanc","1","16.95","7.5","0"
"ME/PI-MIX","12793","ME/PI-MIX Earrings","","ME/PI-MIX Boucles d'Oreilles","0","11.95","5","0"
"DC17-P","12794","DC17 Pendant","","DC17 Pendentif","11","12.95","5.5","0"
"MM14-4","12795","Key Chain","","Porte-clés","6","8.949999999999999","3.25","0"
"DCC19","12796","DCC19 Earrings","","DCC19 Boucles d'Oreille","1","22.95","8.25","0"
"DCC19-P","12797","DCC19 Pendant","","DCC19 Pendentif","3","15.95","5.25","0"
"BB2-P","12798","BB2 Pendant ""Birch Bark""","","BB2 Pendentif ""Bouleau""","4","12.95","5.3","0"
"BB5-P","12799","BB5 Pendant ""Birch Bark""","","BB5 Pendentif ""Bouleau""","0","14.95","0","0"
"DC1600-4-P","12800","DC1600-4 Pendant","","DC1600-4 Pendentif","1","12.95","5.5","0"
"FDBO","12804","Boucles d'Oreilles","9673","Bijoux - Émail","4","18","0","9"
"FDBO","12804","Boucles d'Oreilles","9674","Bijoux - Cuivre","32","21","0","10.5"
"FDBO","12804","Boucles d'Oreilles","9675","Bijoux - Étain","11","24","0","12"
"FDBRACELET","12805","Bracelet","9676","Bijoux - Cuivre","7","54","0","27"
"FDBRACELET","12805","Bracelet","9677","Bijoux - Étain","45","54","0","27"
"FDBROACHES","12806","Broaches","9678","Broches : Bijoux - Petit","11","18","0","9"
"FDBROACHES","12806","Broaches","9679","Broches : Bijoux - Moyen","38","24","0","12"
"FDBROACHES","12806","Broaches","9680","Broches : Bijoux - Large","3","26","0","13"
"FDMONEYCLIP","12808","Money Clip","","Pince à Billets","14","26","13","0"
"FDOPENERS","12809","Letter Openers","9702","Ouvre-Lettre : Style - Émail","0","24","0","12"
"FDOPENERS","12809","Letter Openers","9703","Ouvre-Lettre : Style - Étain","2","28","0","14"
"FDKEYRING","12813","Key Ring","","Porte Clé","5","18","9","0"
"FDNECKLACE","12814","Necklaces","9687","Colliers : Bijoux - Cordon en Émail","35","21","0","10"
"FDNECKLACE","12814","Necklaces","9688","Colliers : Bijoux - Corde en Cuivre","41","20","0","10"
"FDNECKLACE","12814","Necklaces","9690","Colliers : Bijoux - Chaïne en Émail","15","22","0","11"
"FDNECKLACE","12814","Necklaces","9696","Colliers : Bijoux - Cordon en étain moyen","107","22","0","11"
"FDNECKLACE","12814","Necklaces","9697","Colliers : Bijoux - Cordon en étain large","19","24","0","12"
"FDNECKLACE","12814","Necklaces","9698","Colliers : Bijoux - Chaîne en étain moyen","16","24","0","12"
"FDNECKLACE","12814","Necklaces","9699","Colliers : Bijoux - Chaîne en étain large","14","26","0","13"
"Heart Red","12815","Pin - ""Red Heart""","9700","Broche - ""Coeur Rouge"" : Style - Perles","24","34","0","17"
"Heart Red","12815","Pin - ""Red Heart""","9701","Broche - ""Coeur Rouge"" : Style - Sans Perles","2","28","0","14"
"FDTIEPINS","12820","Tie Pins","","Épingles à Cravate","0","22","11","0"
"Keewatin1","12832","New Collection Necklace","","Collier Nouvelle Collection","5","34.5","15","0"
"Keewatin2","12833","Colored Necklace","","Collier de Couleurs","24","32","13","0"
"Keewatin3","12834","Short Necklace","","Collier court","2","29","12.5","0"
"Keewatin4","12835","Simple Bracelet","","Bracelet Simple","48","18","7.5","0"
"Keewatin5","12836","Double Bracelet","","Bracelet Double","0","29","12.5","0"
"Keewatin6","12837","Colored Bracelet","","Bracelet de Couleurs","0","18","7.5","0"
"Keewatin7","12838","Set of 3","","Ensemble de 3","8","60","26","0"
"Keewatin8","12839","Earrings","","Boucles d'Oreilles","0","18","7.5","0"
"Keewatin9","12840","Santon Broach","","Broche Santon","5","18","7.5","0"
"Braided Bracelet","12844","Braided Leather Bracelet","","Bracelet en Cuir Tressé","7","26","10","0"
"Leather Bracelet","12845","Leather Bracelet","","Bracelet en Cuir","6","20","8","0"
"SKU: 53-53-612","12851","Bill Helin Killer Whale Oven Mitt","","Bill Helin Mitaine à Four Épaulard","0","18.95","8","0"
"FDCARDHOLDER","12900","Business Card Holder","","Porte Cartes d'Affaires","6","28","14","0"
"DC13","12931","DC13 Earrings","","DC13 Boucles d'Oreilles","4","24.95","10.5","0"
"DC11","12932","DC11 Earrings","","DC11 Boucles d'Oreilles","5","24.95","10.5","0"
"DC1005","12933","DC1005 Earrings","","DC1005 Boucles d'oreille","0","15.95","0","0"
"DC19","12934","DC19 Earrings","","DC19 Boucles d'Oreilles","2","22.95","9.75","0"
"DC20","12935","DC20 Earrings","","DC20 Boucles d'Oreilles","2","42.95","18.5","0"
"DC13-P","12940","DC13 Pendant","","DC13 Pendentif","9","15.95","6.75","0"
"DC11-P","12941","DC11 Pendant","","DC11 Pendentif","3","15.95","6.75","0"
"DC20-P","12943","DC20 Pendant","","DC20 Pendentif","3","26.95","11.5","0"
"DC21-P","12945","DC21 Pendant","","DC21 Pendentif","4","26.95","11.5","0"
"DC19-P","12948","DC19 Pendant","","DC19 Pendentif","9","15.95","6.75","0"
"DC18-P","12949","DC18 Pendant","","DC18 Pendentif","6","15.95","6.75","0"
"BR32","12950","BR32 Hair accessories","","BR32 Barrette à Cheveux","0","6.95","2.9","0"
"DC/SPE","12975","DC/SPE Earrings","","DC/SPE Boucles d'Oreilles","0","10.95","0","0"
"ES100-MIX","12976","ES100-MIX Earrings","","ES100-MIX Boucles d'Oreilles","1","18.95","7.5","0"
"RRE-234","12990","RRE-234 Earrings","","RRE-234 Boucles d'Oreilles","0","12.95","0","0"
"RRN-135-P","12992","RRN-135 Pendant ""River Rock""","","RRN-135 Pendentif Galets Noirs","1","12.95","0","0"
"VN-18-P","12994","VN-18 Pendant ""Vintage""","","VN-18 Pendentif ""Vintage""","3","22.95","10","0"
"DC14-P","12996","DC14 Pendant","","DC14 Pendentif","10","15.95","6.75","0"
"DC3-P","12997","DC3 Pendant","","DC3 Pendentif","2","10.95","4.5","0"
"DC5-P","12998","DC5 Pendant","","DC5 Pendentif","9","10.95","4.5","0"
"BB4-P","12999","BB4 Pendant ""Birch Bark""","","BB4 Pendentif ""Bouleau""","5","12.95","5.55","0"
"BB6-P","13000","BB6 Pendant ""Birch Bark""","","BB6 Pendentif ""Bouleau""","10","15.95","7.05","0"
"BB8-P","13004","BB8 Pendant ""Birch Bark""","","BB8 Pendentif ""Bouleau""","6","10.95","4.55","0"
"BB1-P","13005","BB1 Pendant ""Birch Bark""","","BB1 Pendentif ""Bouleau""","3","14.95","6","0"
"DC1421-P","13006","DC1421 Pendant","","DC1421 Pendentif","4","11.95","4.5","0"
"DC1417-P","13007","DC1417 Pendant","","DC1417 Pendentif","6","11.95","4.5","0"
"DC1400-P","13008","DC1400 Pendant","","DC1400 Pendentif","0","8.949999999999999","0","0"
"RRN6-VB2 MIX","13009","RRN6-VB2 -Mixed","","RRN6-VB2 MIX","1","16.95","7","0"
"DC1420-P","13010","DC1420 Pendant","","DC1420 Pendentif","4","14.95","6.25","0"
"DC1005-P","13011","DC1005 Pendant","","DC1005 Pendentifs","1","10.95","4.25","0"
"DC50GTAN-P","13012","DC50GTAN  Necklace","","DC50GTAN Collier","0","11.95","4.25","0"
"DC23","13013","DC23 Earrings","","DC23 Boucles d'Oreilles","4","17.95","7.5","0"
"DC24","13017","DC24 Earrings","","DC24 Boucles d'Oreilles","5","17.95","7.5","0"
"Knecklaces","13018","Necklaces","9724","Colliers : Prix - 6$","0","6","0","2.61"
"Knecklaces","13018","Necklaces","9725","Colliers : Prix - 8$","1","8","0","3.48"
"Knecklaces","13018","Necklaces","9726","Colliers : Prix - 10$","0","10","0","4.35"
"Knecklaces","13018","Necklaces","9727","Colliers : Prix - 12$","1","12","0","5.22"
"Knecklaces","13018","Necklaces","9728","Colliers : Prix - 14$","0","14","0","6.09"
"Knecklaces","13018","Necklaces","9729","Colliers : Prix - 16$","1","16","0","6.96"
"Knecklaces","13018","Necklaces","9730","Colliers : Prix - 18$","2","18","0","7.83"
"Knecklaces","13018","Necklaces","9731","Colliers : Prix - 20$","10","20","0","8.699999999999999"
"Knecklaces","13018","Necklaces","9732","Colliers : Prix - 22$","1","22","0","9.57"
"Knecklaces","13018","Necklaces","9733","Colliers : Prix - 24$","3","24","0","10.44"
"Knecklaces","13018","Necklaces","9734","Colliers : Prix - 26$","3","26","0","11.3"
"Knecklaces","13018","Necklaces","9735","Colliers : Prix - 28$","4","28","0","12.17"
"Knecklaces","13018","Necklaces","9736","Colliers : Prix - 30$","3","30","0","13.04"
"Knecklaces","13018","Necklaces","9737","Colliers : Prix - 32$","2","32","0","13.91"
"Knecklaces","13018","Necklaces","9738","Colliers : Prix - 34$","7","34","0","14.78"
"Knecklaces","13018","Necklaces","9739","Colliers : Prix - 36$","6","36","0","15.65"
"Knecklaces","13018","Necklaces","9740","Colliers : Prix - 38$","4","38","0","16.52"
"Knecklaces","13018","Necklaces","9741","Colliers : Prix - 40$","0","40","0","17.39"
"Knecklaces","13018","Necklaces","9742","Colliers : Prix - 42$","1","42","0","18.26"
"Knecklaces","13018","Necklaces","9743","Colliers : Prix - 44$","0","44","0","19.13"
"Knecklaces","13018","Necklaces","9744","Colliers : Prix - 46$","1","46","0","23"
"Knecklaces","13018","Necklaces","9745","Colliers : Prix - 48$","2","48","0","20.87"
"Knecklaces","13018","Necklaces","9746","Colliers : Prix - 50$","1","50","0","21.74"
"Kbracelets","13019","Bracelets","9747","Prix - 8$","1","8","0","3.48"
"Kbracelets","13019","Bracelets","9748","Prix - 10$","0","10.00","0.00","4.35"
"Kbracelets","13019","Bracelets","9749","Prix - 12$","4","12.00","0.00","5.22"
"Kbracelets","13019","Bracelets","9750","Prix - 14$","4","14.00","0.00","6.09"
"Kbracelets","13019","Bracelets","9751","Prix - 16$","20","16.00","0.00","6.96"
"Kbracelets","13019","Bracelets","9752","Prix - 18$","10","18.00","0.00","7.83"
"Kbracelets","13019","Bracelets","9753","Prix - 20$","7","20.00","0.00","8.70"
"Kbracelets","13019","Bracelets","9754","Prix - 22$","0","22.00","0.00","9.56"
"Kbracelets","13019","Bracelets","9755","Prix - 24$","0","24.00","0.00","10.44"
"Kbracelets","13019","Bracelets","9756","Prix - 26$","0","26.00","0.00","11.30"
"Kbracelets","13019","Bracelets","9757","Prix - 28$","0","28.00","0.00","12.17"
"Kbracelets","13019","Bracelets","9758","Prix - 30$","0","30.00","0.00","13.04"
"Kbracelets","13019","Bracelets","9759","Prix - 32$","0","32.00","0.00","13.91"
"Kbracelets","13019","Bracelets","9760","Prix - 34$","0","34.00","0.00","14.78"
"Kbracelets","13019","Bracelets","9761","Prix - 36$","0","36.00","0.00","15.65"
"Kbracelets","13019","Bracelets","9762","Prix - 38$","0","38.00","0.00","16.52"
"Kbracelets","13019","Bracelets","9763","Prix - 40$","1","40.00","0.00","17.39"
"Kbracelets","13019","Bracelets","9764","Prix - 42$","0","42.00","0.00","18.26"
"Kbracelets","13019","Bracelets","9765","Prix - 44$","0","44.00","0.00","19.13"
"Kbracelets","13019","Bracelets","9766","Prix - 46$","0","46.00","0.00","23.00"
"Kbracelets","13019","Bracelets","9767","Prix - 48$","0","48.00","0.00","20.87"
"Kbracelets","13019","Bracelets","9768","Prix - 50$","0","50.00","0.00","21.74"
"Kbracelets","13019","Bracelets","9769","Prix - 6$","0","6.00","0.00","2.60"
"Kbo","13020","Earrings","9770","Boucles d'Oreilles : Prix - 8$","1","8.00","0.00","3.48"
"Kbo","13020","Earrings","9771","Boucles d'Oreilles : Prix - 10$","0","10.00","0.00","4.35"
"Kbo","13020","Earrings","9772","Boucles d'Oreilles : Prix - 12$","6","12.00","0.00","5.22"
"Kbo","13020","Earrings","9773","Boucles d'Oreilles : Prix - 14$","12","14.00","0.00","6.09"
"Kbo","13020","Earrings","9774","Boucles d'Oreilles : Prix - 16$","5","16.00","0.00","6.96"
"Kbo","13020","Earrings","9775","Boucles d'Oreilles : Prix - 18$","11","18.00","0.00","7.83"
"Kbo","13020","Earrings","9776","Boucles d'Oreilles : Prix - 20$","2","20.00","0.00","8.70"
"Kbo","13020","Earrings","9777","Boucles d'Oreilles : Prix - 22$","0","22.00","0.00","9.57"
"Kbo","13020","Earrings","9778","Boucles d'Oreilles : Prix - 24$","0","24.00","0.00","10.44"
"Kbo","13020","Earrings","9779","Boucles d'Oreilles : Prix - 26$","0","26.00","0.00","11.30"
"Kbo","13020","Earrings","9780","Boucles d'Oreilles : Prix - 28$","0","28.00","0.00","12.17"
"Kbo","13020","Earrings","9781","Boucles d'Oreilles : Prix - 30$","2","30.00","0.00","13.04"
"Kbo","13020","Earrings","9782","Boucles d'Oreilles : Prix - 32$","0","32.00","0.00","13.91"
"Kbo","13020","Earrings","9783","Boucles d'Oreilles : Prix - 34$","0","34.00","0.00","14.78"
"Kbo","13020","Earrings","9784","Boucles d'Oreilles : Prix - 36$","0","36.00","0.00","15.65"
"Kbo","13020","Earrings","9785","Boucles d'Oreilles : Prix - 38$","0","38.00","0.00","16.52"
"Kbo","13020","Earrings","9786","Boucles d'Oreilles : Prix - 40$","0","40.00","0.00","17.39"
"Kbo","13020","Earrings","9787","Boucles d'Oreilles : Prix - 42$","0","42.00","0.00","17.39"
"Kbo","13020","Earrings","9788","Boucles d'Oreilles : Prix - 44$","0","44.00","0.00","19.13"
"Kbo","13020","Earrings","9789","Boucles d'Oreilles : Prix - 46$","0","46.00","0.00","23.00"
"Kbo","13020","Earrings","9790","Boucles d'Oreilles : Prix - 48$","0","48.00","0.00","20.87"
"Kbo","13020","Earrings","9791","Boucles d'Oreilles : Prix - 50$","0","50.00","0.00","21.74"
"Kbo","13020","Earrings","9792","Boucles d'Oreilles : Prix - 6$","0","6.00","0.00","2.61"
"W12005-WLS1801NC0WA","13026","Patti Tunic II ""Earth Keeper"" Plus Size","9793","Tunique Patti II ""Gardienne de la Terre"" Taille Plus : Taille - 2X","1","129.00","60.50","0.00"
"W12005-WLS1801NC0WA","13026","Patti Tunic II ""Earth Keeper"" Plus Size","9794","Tunique Patti II ""Gardienne de la Terre"" Taille Plus : Taille - 3X","1","129.00","60.50","0.00"
"W12005-WLS1801NC0WA","13026","Patti Tunic II ""Earth Keeper"" Plus Size","9795","Tunique Patti II ""Gardienne de la Terre"" Taille Plus : Taille - 1X","1","129.00","60.50","0.00"
"A16058-UAC1501NC04A","13028","Simone Headband ""Silent Seekers""","","Bandeau Simone ""En Quête de Silence""","8","49.00","12.03","0.00"
"BA","13042","Moisturizing Lip Balm","9796","Baumes à Lèvres Hydratants : Bien-être - Framboise sauvage - Miel","7","19.75","11.85","0.00"
"BA","13042","Moisturizing Lip Balm","9797","Baumes à Lèvres Hydratants : Bien-être - Menthe sauvage - Miel","5","19.75","11.85","0.00"
"CB","13045","Body Balm","9800","Baumes pour le Corps : Bien-être - Fleur de salicaire","2","35.00","21.00","0.00"
"CB","13045","Body Balm","9801","Baumes pour le Corps : Bien-être - Chèvrefeuille","0","35.00","21.00","0.00"
"CB","13045","Body Balm","9802","Baumes pour le Corps : Bien-être - Marguerite sauvage","3","35.00","21.00","0.00"
"HV","13046","Hydrolatherapy Mist","","Brume Hydrolathérapique","5","29.99","18.00","0.00"
"EV","13047","Anti-Aging Elixir","","Élixir Anti-Âge","5","59.99","34.80","0.00"
"HQ","13052","Spiritual Mist","9803","Brume Spirituelle : Taille - 120ml","12","15.99","0.00","9.00"
"HQ","13052","Spiritual Mist","9804","Brume Spirituelle : Taille - 270ml","24","25.00","0.00","15.00"
"CS","13053","Ancestral Seed Boxes","11928","Coffrets de Semences Ancestrales : Bien-être - Légume, fierté de votre potager","6","19.99","12.00","0.00"
"CS","13053","Ancestral Seed Boxes","11929","Coffrets de Semences Ancestrales : Bien-être - Collection surprise","6","19.99","12.00","0.00"
"CS","13053","Ancestral Seed Boxes","11930","Coffrets de Semences Ancestrales : Bien-être - Sauvons les abeilles","2","19.99","12.00","0.00"
"CS","13053","Ancestral Seed Boxes","11931","Coffrets de Semences Ancestrales : Bien-être - Fleurs et plantes médicinales","5","19.99","12.00","0.00"
"CV","13054","Face Cream","10212","Crème pour le Visage : Bien-être - Camomille sauvage - Rose, Taille - 195g","2","65.00","0.00","39.00"
"CV","13054","Face Cream","10214","Crème pour le Visage : Bien-être - Fruits sauvage, Taille - 195g","4","65.00","0.00","39.00"
"CV","13054","Face Cream","10216","Crème pour le Visage : Bien-être - Mauve Musquée - Tilleul, Taille - 195g","4","65.00","0.00","39.00"
"CV","13054","Face Cream","10218","Crème pour le Visage : Bien-être - Camomille sauvage - Rose, Taille - 55g","3","29.99","0.00","15.00"
"CV","13054","Face Cream","10220","Crème pour le Visage : Bien-être - Fruits des champs, Taille - 55g","0","29.99","0.00","15.00"
"CV","13054","Face Cream","10222","Crème pour le Visage : Bien-être - Mauve Musquée - Tilleul, Taille - 55g","4","29.99","0.00","15.00"
"CC","13056","Body Cream","10230","Crème pour le Corps : Bien-être - Foin d'odeur, Taille - 255g","3","45.00","0.00","27.00"
"CC","13056","Body Cream","10234","Crème pour le Corps : Bien-être - Foin d'odeur, Taille - 55g","4","24.99","0.00","12.00"
"CC","13056","Body Cream","10238","Crème pour le Corps : Bien-être - Lavande - Romarin, Taille - 255g","5","45.00","0.00","27.00"
"CC","13056","Body Cream","10242","Crème pour le Corps : Bien-être - Lavande - Romarin, Taille - 55g","6","24.99","0.00","12.00"
"CC","13056","Body Cream","10246","Crème pour le Corps : Bien-être - Tilleul, Taille - 255g","3","45.00","0.00","27.00"
"CC","13056","Body Cream","10250","Crème pour le Corps : Bien-être - Tilleul, Taille - 55g","6","24.99","0.00","12.00"
"CCD","13058","Pain Management Care Cream","9823","Crème Anti-Douleurs : Taille - 55g","5","24.99","0.00","12.00"
"CCD","13058","Pain Management Care Cream","9824","Crème Anti-Douleurs : Taille - 170g","3","55.00","0.00","33.00"
"DEO","13060","Deodorants","9826","Déodorants : Bien-être - Fruits des champs","4","15.95","9.57","0.00"
"DEO","13060","Deodorants","9827","Déodorants : Bien-être - Fleurs sauvages","0","15.95","9.57","0.00"
"DEO","13060","Deodorants","9828","Déodorants : Bien-être - Conifère","1","15.95","9.57","0.00"
"TIS","13061","Herbal Teas","9829","Tisanes : Bien-être - Matricaire Odorante","2","19.95","11.97","0.00"
"TIS","13061","Herbal Teas","9830","Tisanes : Bien-être - Sapin baumier","3","19.95","11.97","0.00"
"TIS","13061","Herbal Teas","9831","Tisanes : Bien-être - Trèfle rouge","4","19.95","11.97","0.00"
"TIS","13061","Herbal Teas","9832","Tisanes : Bien-être - Ortie","2","19.95","11.97","0.00"
"MI","13062","Honey","9837","Miel : Bien-être - Matricaire Odorante","2","19.95","11.97","0.00"
"MI","13062","Honey","9838","Miel : Bien-être - Sapin baumier","3","19.95","11.97","0.00"
"MI","13062","Honey","9839","Miel : Bien-être - Églantiers","3","19.95","11.97","0.00"
"MI","13062","Honey","9840","Miel : Bien-être - Menthe sauvage","4","19.95","11.97","0.00"
"BIRC600OS-01","13068","""Birch Bark"" Blanket","","Couverture ""Écorce de Bouleau""","2","189.00","105.00","0.00"
"Heart Orange","13075","Pin -  ""Orange Heart""","9841","Broche - ""Coeur Orange"" : Style - Sans Perles","0","28.00","0.00","14.00"
"Heart Orange","13075","Pin -  ""Orange Heart""","9842","Broche - ""Coeur Orange"" : Style - Perles","10","34.00","0.00","17.00"
"etoile-couleurs","13076","Pin - ""Colors Stars""","","Broche - ""Étoile Couleurs""","11","34.00","17.00","0.00"
"MIEL600OS-01","13077","""Miel"" Blanket","","Couverture ""Miel""","1","189.00","105.00","0.00"
"ECLA600OS-07","13078","""Éclair"" Blanket","","Couverture ""Éclair""","0","189.00","105.00","0.00"
"HARV600OS-01","13079","""Harvesters"" Blanket","","Couverture ""Harvesters""","2","189.00","105.00","0.00"
"STOR600OS-01","13080","""Storm"" Blanket","","Couverture ""Storm""","2","189.00","105.00","0.00"
"THUN600OS-01","13082","""Thunderbird"" Blanket","","Couverture ""Thunderbird""","2","189.00","105.00","0.00"
"FLEU600OS-01","13083","""FLeurs"" Blanket","","Couverture ""Fleurs""","0","189.00","105.00","0.00"
"SAND600OS-01","13084","""Sand"" Blanket","","Couverture ""Sand""","2","189.00","105.00","0.00"
"PON400O-06","13085","Poncho ""Harfang""","9843","Taille - 18 mois - 3 ans","0","85.00","0.00","51.00"
"PON400O-06","13085","Poncho ""Harfang""","9844","Taille - 4 ans - 8 ans","0","89.00","0.00","53.00"
"SUN400O-06","13086","Poncho ""Sunrise""","9845","Taille - 4 ans - 8 ans","0","89.00","0.00","53.00"
"SUN400O-06","13086","Poncho ""Sunrise""","9846","Taille - 18 mois - 3 ans","1","85.00","0.00","51.00"
"STOR600OS-03","13087","Shawl ""Storm""","","Châle ""Storm""","0","134.00","80.00","0.00"
"THUN600OS-03","13089","Shawl ""Thunderbird""","","Châle ""Thunderbird""","1","134.00","80.00","0.00"
"BIRC600OS-03","13090","Shawl ""Birch Bark""","","Châle ""Écorce de Bouleau""","1","134.00","80.00","0.00"
"MIEL600OS-03","13091","Shawl ""Miel""","","Châle ""Miel""","2","134.00","80.00","0.00"
"CURR600OS-03","13092","Shawl ""Currant""","","Châle ""Currant""","2","134.00","80.00","0.00"
"HARV600OS-03","13093","Shawl ""Harvesters""","","Châle ""Harvesters""","2","134.00","80.00","0.00"
"A17064-UAC1101NC03A","13111","Alice Neck Warmer ""Motter Love""","","Cache-Cou Alice ""Loutre Mère""","3","59.00","16.58","0.00"
"A16058-UAC1101NC04A","13112","Alice Neck Warmer ""Silent Seekers""","","Cache-Cou Alice ""En Quête de Silence""","1","59.00","16.58","0.00"
"SEQcandles","13124","Scented Candles","9865","Chandelles d'Ambiance : Bien-être - Mûres - Sauge, Taille - 15 h","5","10.00","0.00","5.00"
"SEQcandles","13124","Scented Candles","9866","Chandelles d'Ambiance : Bien-être - Mûres - Sauge, Taille - 30 h","6","20.00","0.00","10.00"
"SEQcandles","13124","Scented Candles","9867","Chandelles d'Ambiance : Bien-être - Mûres - Sauge, Taille - 60 h","0","28.00","0.00","14.00"
"SEQcandles","13124","Scented Candles","9868","Chandelles d'Ambiance : Bien-être - Robe à Grelots, Taille - 15 h","5","10.00","0.00","5.00"
"SEQcandles","13124","Scented Candles","9869","Chandelles d'Ambiance : Bien-être - Robe à Grelots, Taille - 30 h","6","20.00","0.00","10.00"
"SEQcandles","13124","Scented Candles","9870","Chandelles d'Ambiance : Bien-être - Robe à Grelots, Taille - 60 h","3","28.00","0.00","14.00"
"SEQcandles","13124","Scented Candles","9871","Chandelles d'Ambiance : Bien-être - Trèfle rouge, Taille - 15 h","5","10.00","0.00","5.00"
"SEQcandles","13124","Scented Candles","9872","Chandelles d'Ambiance : Bien-être - Trèfle rouge, Taille - 30 h","2","20.00","0.00","10.00"
"SEQcandles","13124","Scented Candles","9873","Chandelles d'Ambiance : Bien-être - Trèfle rouge, Taille - 60 h","0","28.00","0.00","14.00"
"SEQcandles","13124","Scented Candles","9874","Chandelles d'Ambiance : Bien-être - Femme du Ciel, Taille - 15 h","6","10.00","0.00","5.00"
"SEQcandles","13124","Scented Candles","9875","Chandelles d'Ambiance : Bien-être - Femme du Ciel, Taille - 30 h","6","20.00","0.00","10.00"
"SEQcandles","13124","Scented Candles","9876","Chandelles d'Ambiance : Bien-être - Femme du Ciel, Taille - 60 h","0","28.00","0.00","14.00"
"SEQcandles","13124","Scented Candles","9880","Chandelles d'Ambiance : Bien-être - Trois Soeurs, Taille - 15 h","3","10.00","0.00","5.00"
"SEQcandles","13124","Scented Candles","9881","Chandelles d'Ambiance : Bien-être - Trois Soeurs, Taille - 30 h","4","20.00","0.00","10.00"
"SEQcandles","13124","Scented Candles","9882","Chandelles d'Ambiance : Bien-être - Trois Soeurs, Taille - 60 h","5","28.00","0.00","14.00"
"SEQcandles","13124","Scented Candles","9883","Chandelles d'Ambiance : Bien-être - Foin d'odeur, Taille - 15 h","4","10.00","0.00","5.00"
"SEQcandles","13124","Scented Candles","9884","Chandelles d'Ambiance : Bien-être - Foin d'odeur, Taille - 30 h","3","20.00","0.00","10.00"
"SEQcandles","13124","Scented Candles","9885","Chandelles d'Ambiance : Bien-être - Foin d'odeur, Taille - 60 h","4","28.00","0.00","14.00"
"6080-0408-41TU-697","13125","Ladies Suede Slippers","9886","Pantoufle Suède Dames : Pointure - 5","0","108.00","46.90","0.00"
"6080-0408-41TU-697","13125","Ladies Suede Slippers","9887","Pantoufle Suède Dames : Pointure - 6","0","108.00","46.90","0.00"
"6080-0408-41TU-697","13125","Ladies Suede Slippers","9888","Pantoufle Suède Dames : Pointure - 7","0","108.00","46.90","0.00"
"6080-0408-41TU-697","13125","Ladies Suede Slippers","9889","Pantoufle Suède Dames : Pointure - 8","0","108.00","46.90","0.00"
"6080-0408-41TU-697","13125","Ladies Suede Slippers","9890","Pantoufle Suède Dames : Pointure - 9","0","108.00","46.90","0.00"
"6080-0408-41TU-697","13125","Ladies Suede Slippers","9891","Pantoufle Suède Dames : Pointure - 10","0","108.00","46.90","0.00"
"6080-0408-41TU-697","13125","Ladies Suede Slippers","9892","Pantoufle Suède Dames : Pointure - 11","0","108.00","46.90","0.00"
"6080-0408-41TU-697","13125","Ladies Suede Slippers","9893","Pantoufle Suède Dames : Pointure - 12","0","108.00","46.90","0.00"
"6080-0408-41TU-697","13125","Ladies Suede Slippers","9894","Pantoufle Suède Dames : Pointure - 4","0","108.00","46.90","0.00"
"SEQmist","13128","Body Mists","9913","Brumes Corporelles : Bien-être - Robe à Grelots, Taille - 4oz","5","20.00","0.00","10.00"
"SEQmist","13128","Body Mists","9920","Brumes Corporelles : Bien-être - Mûres - Sauge, Taille - 2.5oz","8","15.00","0.00","7.00"
"SEQmist","13128","Body Mists","9921","Brumes Corporelles : Bien-être - Mûres - Sauge, Taille - 4oz","2","20.00","0.00","10.00"
"SEQmist","13128","Body Mists","9922","Brumes Corporelles : Bien-être - Trèfle rouge, Taille - 2.5oz","6","15.00","0.00","7.00"
"SEQmist","13128","Body Mists","9923","Brumes Corporelles : Bien-être - Trèfle rouge, Taille - 4oz","3","20.00","0.00","10.00"
"SEQmist","13128","Body Mists","9924","Brumes Corporelles : Bien-être - Femme du Ciel, Taille - 2.5oz","4","15.00","0.00","7.00"
"SEQmist","13128","Body Mists","9925","Brumes Corporelles : Bien-être - Femme du Ciel, Taille - 4oz","8","20.00","0.00","10.00"
"SEQmist","13128","Body Mists","9928","Brumes Corporelles : Bien-être - Foin d'odeur, Taille - 2.5oz","6","15.00","0.00","7.00"
"SEQmist","13128","Body Mists","9929","Brumes Corporelles : Bien-être - Foin d'odeur, Taille - 4oz","1","20.00","0.00","10.00"
"SEQlotion","13135","Body Lotions","9939","Lotions Corporelles : Bien-être - Robe à Grelots, Taille - 8oz","7","28.00","0.00","14.00"
"SEQlotion","13135","Body Lotions","9940","Lotions Corporelles : Bien-être - Mûres - Sauge, Taille - 2oz","5","12.00","0.00","6.00"
"SEQlotion","13135","Body Lotions","9941","Lotions Corporelles : Bien-être - Mûres - Sauge, Taille - 8oz","6","28.00","0.00","14.00"
"SEQlotion","13135","Body Lotions","9942","Lotions Corporelles : Bien-être - Trèfle rouge, Taille - 2oz","3","12.00","0.00","6.00"
"SEQlotion","13135","Body Lotions","9943","Lotions Corporelles : Bien-être - Trèfle rouge, Taille - 8oz","7","28.00","0.00","14.00"
"SEQlotion","13135","Body Lotions","9944","Lotions Corporelles : Bien-être - Femme du Ciel, Taille - 2oz","6","12.00","0.00","6.00"
"SEQlotion","13135","Body Lotions","9945","Lotions Corporelles : Bien-être - Femme du Ciel, Taille - 8oz","2","28.00","0.00","14.00"
"SEQlotion","13135","Body Lotions","9946","Lotions Corporelles : Bien-être - Foin d'odeur, Taille - 2oz","7","12.00","0.00","6.00"
"SEQlotion","13135","Body Lotions","9947","Lotions Corporelles : Bien-être - Foin d'odeur, Taille - 8oz","2","28.00","0.00","14.00"
"SEQlotion","13135","Body Lotions","12703","Lotions Corporelles : Bien-être - Robe à Grelots, Taille - 2oz","6","12.00","0.00","6.00"
"SEQincense","13141","Incense","9948","Encens : Bien-être - Île de la Tortue","0","12.00","6.00","0.00"
"SEQincense","13141","Incense","9949","Encens : Bien-être - Cèdre","0","12.00","6.00","0.00"
"SEQincense","13141","Incense","9950","Encens : Bien-être - Femme Guérisseuse","0","12.00","6.00","0.00"
"SEQincense","13141","Incense","9951","Encens : Bien-être - Tabac Sacré","0","12.00","6.00","0.00"
"SEQincense","13141","Incense","9952","Encens : Bien-être - Foin d'odeur","0","12.00","6.00","0.00"
"SEQincense","13141","Incense","9953","Encens : Bien-être - Sang du Guerrier","0","12.00","6.00","0.00"
"SEQincense","13141","Incense","9954","Encens : Bien-être - Trèfle rouge","0","12.00","6.00","0.00"
"SEQincense","13141","Incense","9955","Encens : Bien-être - Sauge","0","12.00","6.00","0.00"
"SEQbscrub","13144","Body Scrubs","9956","Exfoliants Corporels : Bien-être - Mûres - Sauge, Taille - 5oz","6","18.00","0.00","9.00"
"SEQbscrub","13144","Body Scrubs","9957","Exfoliants Corporels : Bien-être - Femme du Ciel, Taille - 5oz","7","18.00","0.00","9.00"
"SEQbscrub","13144","Body Scrubs","9958","Exfoliants Corporels : Bien-être - Foin d'odeur, Taille - 5oz","2","18.00","0.00","9.00"
"SEQbscrub","13144","Body Scrubs","12691","Exfoliants Corporels : Bien-être - Foin d'odeur, Taille - 20oz","6","38.00","0.00","19.00"
"SEQbscrub","13144","Body Scrubs","12692","Exfoliants Corporels : Bien-être - Femme du Ciel, Taille - 20oz","6","38.00","0.00","19.00"
"SEQbscrub","13144","Body Scrubs","12693","Exfoliants Corporels : Bien-être - Mûres - Sauge, Taille - 20oz","0","38.00","0.00","19.00"
"SEQbscrub","13144","Body Scrubs","12705","Exfoliants Corporels : Bien-être - Trèfle rouge, Taille - 5oz","0","0.00","0.00","0.00"
"SEQbscrub","13144","Body Scrubs","12706","Exfoliants Corporels : Bien-être - Trèfle rouge, Taille - 20oz","0","0.00","0.00","0.00"
"SEQfscrub","13145","Facial Scrubs","9962","Exfoliants pour Visage : Bien-être - Menthe et Mélaleuque, Taille - 5oz","12","25.00","0.00","12.00"
"SEQfscrub","13145","Facial Scrubs","9963","Exfoliants pour Visage : Bien-être - Fraises, Taille - 5oz","13","25.00","0.00","12.00"
"SEQfscrub","13145","Facial Scrubs","9964","Exfoliants pour Visage : Bien-être - Menthe et Mélaleuque, Taille - 10oz","0","40.00","0.00","20.00"
"SEQfscrub","13145","Facial Scrubs","9965","Exfoliants pour Visage : Bien-être - Fraises, Taille - 10oz","0","40.00","0.00","20.00"
"SEQmgift","13150","Soap Gift Set ""Medicine""","9966","Coffret Cadeau ""Médecine"" : Taille - 1oz","6","18.00","0.00","9.00"
"SEQmgift","13150","Soap Gift Set ""Medicine""","9967","Coffret Cadeau ""Médecine"" : Taille - 4oz","10","56.00","0.00","28.00"
"SEQlgift","13151","Soap Gift Set ""Legends""","9970","Coffret Cadeau ""Légendes"" : Taille - 1oz","0","18.00","0.00","9.00"
"SEQlgift","13151","Soap Gift Set ""Legends""","9971","Coffret Cadeau ""Légendes"" : Taille - 4oz","3","56.00","0.00","28.00"
"SEQnsgift","13154","Soap Gift Set ""Night Sky""","9972","Coffret Cadeau ""Ciel de Nuit"" : Taille - 4oz","9","56.00","0.00","28.00"
"SEQnsgift","13154","Soap Gift Set ""Night Sky""","9973","Coffret Cadeau ""Ciel de Nuit"" : Taille - 1oz","0","18.00","0.00","9.00"
"SEQtgift","13155","Soap Gift Set ""Traditions""","9974","Coffret Cadeau ""Traditions"" : Taille - 4oz","2","56.00","0.00","28.00"
"SEQtgift","13155","Soap Gift Set ""Traditions""","9975","Coffret Cadeau ""Traditions"" : Taille - 1oz","2","18.00","0.00","9.00"
"SEQsbgift","13156","Soap Gift Set ""Sweet Blends""","9976","Coffret Cadeau ""Mélanges Sucrés"" : Taille - 4oz","5","56.00","0.00","28.00"
"SEQsbgift","13156","Soap Gift Set ""Sweet Blends""","9977","Coffret Cadeau ""Mélanges Sucrés"" : Taille - 1oz","0","18.00","0.00","9.00"
"SEQbalm","13159","Soothing Lip Balms","9978","Baumes à Lèvres Apaisants : Bien-être - Bleuet","10","8.00","4.00","0.00"
"SEQbalm","13159","Soothing Lip Balms","9979","Baumes à Lèvres Apaisants : Bien-être - Fruits des champs","0","8.00","4.00","0.00"
"SEQbalm","13159","Soothing Lip Balms","9980","Baumes à Lèvres Apaisants : Bien-être - Fraises","4","8.00","4.00","0.00"
"SEQbalm","13159","Soothing Lip Balms","9981","Baumes à Lèvres Apaisants : Bien-être - Trois Soeurs","10","8.00","4.00","0.00"
"SEQbalm","13159","Soothing Lip Balms","9982","Baumes à Lèvres Apaisants : Bien-être - Menthe et Mélaleuque","5","8.00","4.00","0.00"
"SEQbalm","13159","Soothing Lip Balms","9983","Baumes à Lèvres Apaisants : Bien-être - Limette","0","8.00","4.00","0.00"
"SEQbalm","13159","Soothing Lip Balms","12704","Baumes à Lèvres Apaisants : Bien-être - Bleuet du Nord","0","8.00","4.00","0.00"
"SEQsssoap","13165","Sweet Scented Soaps","10006","Savons aux Arômes Naturels : Bien-être - Journée Resplendissante, Taille - 1oz","8","4.00","0.00","2.00"
"SEQsssoap","13165","Sweet Scented Soaps","10007","Savons aux Arômes Naturels : Bien-être - Journée Resplendissante, Taille - 4oz","0","14.00","0.00","7.00"
"SEQsssoap","13165","Sweet Scented Soaps","10008","Savons aux Arômes Naturels : Bien-être - Lune de Sang, Taille - 1oz","2","4.00","0.00","2.00"
"SEQsssoap","13165","Sweet Scented Soaps","10009","Savons aux Arômes Naturels : Bien-être - Lune de Sang, Taille - 4oz","2","14.00","0.00","7.00"
"SEQsssoap","13165","Sweet Scented Soaps","10010","Savons aux Arômes Naturels : Bien-être - Lune des Récoltes, Taille - 1oz","9","4.00","0.00","2.00"
"SEQsssoap","13165","Sweet Scented Soaps","10011","Savons aux Arômes Naturels : Bien-être - Lune des Récoltes, Taille - 4oz","6","14.00","0.00","7.00"
"SEQsssoap","13165","Sweet Scented Soaps","10012","Savons aux Arômes Naturels : Bien-être - Robe à Grelots, Taille - 1oz","8","4.00","0.00","2.00"
"SEQsssoap","13165","Sweet Scented Soaps","10013","Savons aux Arômes Naturels : Bien-être - Robe à Grelots, Taille - 4oz","11","14.00","0.00","7.00"
"SEQsssoap","13165","Sweet Scented Soaps","10014","Savons aux Arômes Naturels : Bien-être - Dance Lunaire, Taille - 1oz","7","4.00","0.00","2.00"
"SEQsssoap","13165","Sweet Scented Soaps","10015","Savons aux Arômes Naturels : Bien-être - Dance Lunaire, Taille - 4oz","7","14.00","0.00","7.00"
"SEQsssoap","13165","Sweet Scented Soaps","10016","Savons aux Arômes Naturels : Bien-être - Sept Danseurs, Taille - 1oz","12","4.00","0.00","2.00"
"SEQsssoap","13165","Sweet Scented Soaps","10017","Savons aux Arômes Naturels : Bien-être - Sept Danseurs, Taille - 4oz","6","14.00","0.00","7.00"
"SEQsssoap","13165","Sweet Scented Soaps","10018","Savons aux Arômes Naturels : Bien-être - Femme du Ciel, Taille - 1oz","0","4.00","0.00","2.00"
"SEQsssoap","13165","Sweet Scented Soaps","10019","Savons aux Arômes Naturels : Bien-être - Femme du Ciel, Taille - 4oz","11","14.00","0.00","7.00"
"SEQsssoap","13165","Sweet Scented Soaps","10020","Savons aux Arômes Naturels : Bien-être - Canoë de Pierre, Taille - 1oz","0","4.00","0.00","2.00"
"SEQsssoap","13165","Sweet Scented Soaps","10021","Savons aux Arômes Naturels : Bien-être - Canoë de Pierre, Taille - 4oz","0","14.00","0.00","7.00"
"SEQsssoap","13165","Sweet Scented Soaps","10022","Savons aux Arômes Naturels : Bien-être - Conteuse, Taille - 1oz","3","4.00","0.00","2.00"
"SEQsssoap","13165","Sweet Scented Soaps","10023","Savons aux Arômes Naturels : Bien-être - Conteuse, Taille - 4oz","3","14.00","0.00","7.00"
"SEQsssoap","13165","Sweet Scented Soaps","10024","Savons aux Arômes Naturels : Bien-être - Fraises - Rhubarbe, Taille - 1oz","4","4.00","0.00","2.00"
"SEQsssoap","13165","Sweet Scented Soaps","10025","Savons aux Arômes Naturels : Bien-être - Fraises - Rhubarbe, Taille - 4oz","0","14.00","0.00","7.00"
"SEQsssoap","13165","Sweet Scented Soaps","10030","Savons aux Arômes Naturels : Bien-être - Trois Soeurs, Taille - 1oz","5","4.00","0.00","2.00"
"SEQsssoap","13165","Sweet Scented Soaps","10031","Savons aux Arômes Naturels : Bien-être - Trois Soeurs, Taille - 4oz","6","14.00","0.00","7.00"
"SEQsssoap","13165","Sweet Scented Soaps","10036","Savons aux Arômes Naturels : Bien-être - Turquoise, Taille - 1oz","0","4.00","0.00","2.00"
"SEQsssoap","13165","Sweet Scented Soaps","10037","Savons aux Arômes Naturels : Bien-être - Turquoise, Taille - 4oz","0","14.00","0.00","7.00"
"SEQsssoap","13165","Sweet Scented Soaps","10042","Savons aux Arômes Naturels : Bien-être - Fruits sauvage, Taille - 1oz","6","4.00","0.00","2.00"
"SEQsssoap","13165","Sweet Scented Soaps","10043","Savons aux Arômes Naturels : Bien-être - Fruits sauvage, Taille - 4oz","5","14.00","0.00","7.00"
"SEQsssoap","13165","Sweet Scented Soaps","12701","Savons aux Arômes Naturels : Bien-être - Bleuet du Nord, Taille - 1oz","6","4.00","0.00","0.00"
"SEQsssoap","13165","Sweet Scented Soaps","12702","Savons aux Arômes Naturels : Bien-être - Bleuet du Nord, Taille - 4oz","0","14.00","0.00","0.00"
"1700-0008-43CK-259CK","13166","Ladies Leather Slippers","9993","Pantoufles Cuir Dames : Pointure - 4","0","157.00","68.20","0.00"
"1700-0008-43CK-259CK","13166","Ladies Leather Slippers","9994","Pantoufles Cuir Dames : Pointure - 5","1","157.00","68.20","0.00"
"1700-0008-43CK-259CK","13166","Ladies Leather Slippers","9995","Pantoufles Cuir Dames : Pointure - 6","0","157.00","68.20","0.00"
"1700-0008-43CK-259CK","13166","Ladies Leather Slippers","9996","Pantoufles Cuir Dames : Pointure - 7","0","157.00","68.20","0.00"
"1700-0008-43CK-259CK","13166","Ladies Leather Slippers","9997","Pantoufles Cuir Dames : Pointure - 8","0","157.00","68.20","0.00"
"1700-0008-43CK-259CK","13166","Ladies Leather Slippers","9998","Pantoufles Cuir Dames : Pointure - 9","0","157.00","68.20","0.00"
"1700-0008-43CK-259CK","13166","Ladies Leather Slippers","9999","Pantoufles Cuir Dames : Pointure - 10","0","157.00","68.20","0.00"
"1700-0008-43CK-259CK","13166","Ladies Leather Slippers","10000","Pantoufles Cuir Dames : Pointure - 11","0","157.00","68.20","0.00"
"1700-0008-43CK-259CK","13166","Ladies Leather Slippers","10001","Pantoufles Cuir Dames : Pointure - 12","0","157.00","68.20","0.00"
"HPA","13167","Tick and Mosquito Repellant","10004","Chasse Tiques et Moustiques : Taille - 120ml","0","15.99","15.00","0.00"
"HPA","13167","Tick and Mosquito Repellant","10005","Chasse Tiques et Moustiques : Taille - 266ml","0","25.00","15.00","0.00"
"SEQnesoap","13171","Soaps with Natural Essences","10098","Savons aux Essences Naturelles : Bien-être - Mocassin Perlé, Taille - 1oz","3","4.00","0.00","2.00"
"SEQnesoap","13171","Soaps with Natural Essences","10099","Savons aux Essences Naturelles : Bien-être - Mocassin Perlé, Taille - 4oz","1","14.00","0.00","7.00"
"SEQnesoap","13171","Soaps with Natural Essences","10100","Savons aux Essences Naturelles : Bien-être - Eaux Magnifiques, Taille - 1oz","0","4.00","0.00","2.00"
"SEQnesoap","13171","Soaps with Natural Essences","10101","Savons aux Essences Naturelles : Bien-être - Eaux Magnifiques, Taille - 4oz","0","14.00","0.00","7.00"
"SEQnesoap","13171","Soaps with Natural Essences","10102","Savons aux Essences Naturelles : Bien-être - Cèdre, Taille - 1oz","6","4.00","0.00","2.00"
"SEQnesoap","13171","Soaps with Natural Essences","10103","Savons aux Essences Naturelles : Bien-être - Cèdre, Taille - 4oz","7","14.00","0.00","7.00"
"SEQnesoap","13171","Soaps with Natural Essences","10104","Savons aux Essences Naturelles : Bien-être - Porte-Bébé, Taille - 1oz","9","4.00","0.00","2.00"
"SEQnesoap","13171","Soaps with Natural Essences","10105","Savons aux Essences Naturelles : Bien-être - Porte-Bébé, Taille - 4oz","0","14.00","0.00","7.00"
"SEQnesoap","13171","Soaps with Natural Essences","10106","Savons aux Essences Naturelles : Bien-être - Femme Guérisseuse, Taille - 1oz","8","4.00","0.00","2.00"
"SEQnesoap","13171","Soaps with Natural Essences","10107","Savons aux Essences Naturelles : Bien-être - Femme Guérisseuse, Taille - 4oz","6","14.00","0.00","7.00"
"SEQnesoap","13171","Soaps with Natural Essences","10108","Savons aux Essences Naturelles : Bien-être - Trèfle rouge, Taille - 1oz","4","4.00","0.00","2.00"
"SEQnesoap","13171","Soaps with Natural Essences","10109","Savons aux Essences Naturelles : Bien-être - Trèfle rouge, Taille - 4oz","4","14.00","0.00","7.00"
"SEQnesoap","13171","Soaps with Natural Essences","10110","Savons aux Essences Naturelles : Bien-être - Sauge, Taille - 1oz","6","4.00","0.00","2.00"
"SEQnesoap","13171","Soaps with Natural Essences","10111","Savons aux Essences Naturelles : Bien-être - Sauge, Taille - 4oz","2","14.00","0.00","7.00"
"SEQnesoap","13171","Soaps with Natural Essences","10112","Savons aux Essences Naturelles : Bien-être - Mère des Pierres, Taille - 1oz","6","4.00","0.00","2.00"
"SEQnesoap","13171","Soaps with Natural Essences","10113","Savons aux Essences Naturelles : Bien-être - Mère des Pierres, Taille - 4oz","0","14.00","0.00","7.00"
"SEQnesoap","13171","Soaps with Natural Essences","10114","Savons aux Essences Naturelles : Bien-être - Foin d'odeur, Taille - 1oz","6","4.00","0.00","2.00"
"SEQnesoap","13171","Soaps with Natural Essences","10115","Savons aux Essences Naturelles : Bien-être - Foin d'odeur, Taille - 4oz","6","14.00","0.00","7.00"
"SEQnesoap","13171","Soaps with Natural Essences","10116","Savons aux Essences Naturelles : Bien-être - Trois Ours, Taille - 1oz","1","4.00","0.00","2.00"
"SEQnesoap","13171","Soaps with Natural Essences","10117","Savons aux Essences Naturelles : Bien-être - Trois Ours, Taille - 4oz","1","14.00","0.00","7.00"
"SEQnesoap","13171","Soaps with Natural Essences","10118","Savons aux Essences Naturelles : Bien-être - Tabac, Taille - 1oz","1","4.00","0.00","2.00"
"SEQnesoap","13171","Soaps with Natural Essences","10119","Savons aux Essences Naturelles : Bien-être - Tabac, Taille - 4oz","3","14.00","0.00","7.00"
"SEQnesoap","13171","Soaps with Natural Essences","10120","Savons aux Essences Naturelles : Bien-être - Arbre de la Paix, Taille - 1oz","0","4.00","0.00","2.00"
"SEQnesoap","13171","Soaps with Natural Essences","10121","Savons aux Essences Naturelles : Bien-être - Arbre de la Paix, Taille - 4oz","0","14.00","0.00","7.00"
"SEQnesoap","13171","Soaps with Natural Essences","10122","Savons aux Essences Naturelles : Bien-être - Île de la Tortue, Taille - 1oz","2","4.00","0.00","2.00"
"SEQnesoap","13171","Soaps with Natural Essences","10123","Savons aux Essences Naturelles : Bien-être - Île de la Tortue, Taille - 4oz","7","14.00","0.00","7.00"
"SEQnesoap","13171","Soaps with Natural Essences","10124","Savons aux Essences Naturelles : Bien-être - Lune d'Hiver, Taille - 1oz","4","4.00","0.00","2.00"
"SEQnesoap","13171","Soaps with Natural Essences","10125","Savons aux Essences Naturelles : Bien-être - Lune d'Hiver, Taille - 4oz","0","14.00","0.00","7.00"
"SEQfoils","13174","Fragrance Oils","10126","Huiles Aromatisées : Bien-être - Trèfle rouge","5","15.00","0.00","7.50"
"SEQfoils","13174","Fragrance Oils","10127","Huiles Aromatisées : Bien-être - Foin d'odeur","5","18.00","0.00","9.00"
"SEQfoils","13174","Fragrance Oils","10128","Huiles Aromatisées : Bien-être - Lavande","6","15.00","0.00","7.50"
"SEQfoils","13174","Fragrance Oils","10129","Huiles Aromatisées : Bien-être - Mûres - Sauge","5","15.00","0.00","7.50"
"DC1400","13181","DC1400 Earrings","","DC1400 Boucles d'Oreilles","0","13.95","0.00","0.00"
"DC1416","13182","DC1416 Earrings","","DC1416 Boucles d'Oreilles","0","14.95","0.00","0.00"
"DC1417","13183","DC1417 Earrings","","DC1417 Boucles d'oreille","0","16.95","0.00","0.00"
"DC1421","13185","DC1421 Earrings","","DC1421 Boucles d'Oreilles","4","16.95","7.00","0.00"
"BB2","13186","BB2 Earrings ""Birch Bark""","","BB2 Boucles d'Oreilles ""Écorce de Bouleau""","6","17.95","7.55","0.00"
"BB8","13187","BB8 Earrings ""Birch Bark""","","BB8 Boucles d'Oreilles ""Écorce de Bouleau""","6","12.95","5.55","0.00"
"ES60DC","13193","ES60 Earth Stone Pendant","","ES60 Pendentif ""Pierres""","3","18.00","6.50","0.00"
"BB6","13224","BB6 Earrings ""Birch Bark""","","BB6 Boucles d'Oreilles ""Écorce de Bouleau""","0","19.95","8.55","0.00"
"25","13257","Bastien - Belts","","Bastien - Ceintures","22","21.00","9.00","0.00"
"A01036-WSS1401NC0ZA","13274","Kiki T-Shirt ""Teachings"" Plus size","10167","Kiki T-shirt ""Le Chant du Tambour"" Taille Plus : Taille - 2X","0","89.00","43.90","0.00"
"A01036-WSS1401NC0ZA","13274","Kiki T-Shirt ""Teachings"" Plus size","10168","Kiki T-shirt ""Le Chant du Tambour"" Taille Plus : Taille - 3X","1","89.00","43.90","0.00"
"A01036-WSS1401NC0ZA","13274","Kiki T-Shirt ""Teachings"" Plus size","10169","Kiki T-shirt ""Le Chant du Tambour"" Taille Plus : Taille - 1X","0","89.00","43.90","0.00"
"Red Dress","13290","Pin - ""Red Dress""","","Broche - ""Robe Rouge""","2","30.00","15.00","0.00"
"Cwipes","13292","Connoisseurs - Wipes","","Connoisseurs - Lingettes","24","16.50","7.20","0.00"
"Ccloth","13293","Connoisseurs - Cloth","","Connoisseurs - Linge","9","18.50","8.05","0.00"
"KEEincense","13395","Indigenous Astrology Incense","10196","Encens Astrologie Auchtochtone : Bien-être - 1 Ours-Pluie","7","8.95","3.75","0.00"
"KEEincense","13395","Indigenous Astrology Incense","10197","Encens Astrologie Auchtochtone : Bien-être - 2 Orignal-Cèdre","7","8.95","3.75","0.00"
"KEEincense","13395","Indigenous Astrology Incense","10198","Encens Astrologie Auchtochtone : Bien-être - 3 Marmotte-Fleur de Pommier","8","8.95","3.75","0.00"
"KEEincense","13395","Indigenous Astrology Incense","10199","Encens Astrologie Auchtochtone : Bien-être - 4 Lièvre-Lilas","5","8.95","3.75","0.00"
"KEEincense","13395","Indigenous Astrology Incense","10200","Encens Astrologie Auchtochtone : Bien-être - 5 Oie Blanche-Fruits Sauvages","19","8.95","3.75","0.00"
"KEEincense","13395","Indigenous Astrology Incense","10201","Encens Astrologie Auchtochtone : Bien-être - 6 Saumon-Eucalyptus","14","8.95","3.75","0.00"
"KEEincense","13395","Indigenous Astrology Incense","10202","Encens Astrologie Auchtochtone : Bien-être - 7 Chevreuil-Syrop d'Érable","9","8.95","3.75","0.00"
"KEEincense","13395","Indigenous Astrology Incense","10203","Encens Astrologie Auchtochtone : Bien-être - 8 Aigle-Épices des Bois","16","8.95","3.75","0.00"
"KEEincense","13395","Indigenous Astrology Incense","10204","Encens Astrologie Auchtochtone : Bien-être - 9 Tortue-Foin d'Odeur","10","8.95","3.75","0.00"
"KEEincense","13395","Indigenous Astrology Incense","10205","Encens Astrologie Auchtochtone : Bien-être - 10 Bernache-Chèvrefeuille","15","8.95","3.75","0.00"
"KEEincense","13395","Indigenous Astrology Incense","10206","Encens Astrologie Auchtochtone : Bien-être - 11 Castor-Tournesol","19","8.95","3.75","0.00"
"KEEincense","13395","Indigenous Astrology Incense","10207","Encens Astrologie Auchtochtone : Bien-être - 12 Renard-Pin","9","8.95","3.75","0.00"
"KEEincense","13395","Indigenous Astrology Incense","10208","Encens Astrologie Auchtochtone : Bien-être - 13 Loutre-Feu de Bois","8","8.95","3.75","0.00"
"KEEincense","13395","Indigenous Astrology Incense","10209","Encens Astrologie Auchtochtone : Bien-être - Sauge","5","8.95","3.75","0.00"
"Coquelicot-couleurs","13548","Pin - ""Poppy-Colors""","","Broche - ""Coquelicot-couleurs""","8","26.00","13.00","0.00"
"W12017-POD2576","13550","Card - Synchronicity","","Carte - Synchronicité","5","6.35","2.75","0.00"
"A13041-POD2583","13551","Card - Lapinx","","Carte - Lapinx","11","6.35","2.75","0.00"
"Fab-13D","13558","13D Candle Holder Arrow","","13D Porte Chandelle Flèche","5","40.00","12.50","0.00"
"RFKC","13575","Rabbit Paw Key Chain","","Porte-Clés Patte de Lapin","0","8.95","4.00","0.00"
"A16058-TWL0101NC04A","13607","Joy Beach Towel - ""Silent Seekers""","","Serviette de Plage Joy - ""En Quête de Silence""","0","79.00","26.30","0.00"
"A08019-TWL0101NC13A","13608","Joy Beach Towel - ""Unity""","","Serviette de Plage Joy - ""Union""","2","79.00","26.30","0.00"
"A16059-TWL0101NC01A","13609","Joy Beach Towel - ""Wisdom Keepers""","","Serviette de Plage Joy - ""Gardiens de la Sagesse""","0","79.00","26.30","0.00"
"A16059-WLS340101NC01A","13621","Catherine Zip Top - ""Wisdom Keepers""","10257","Haut Zippé Catherine  - ""Gardiens de la Sagesse"" : Taille - XP","1","159.00","59.50","0.00"
"A16059-WLS340101NC01A","13621","Catherine Zip Top - ""Wisdom Keepers""","10258","Haut Zippé Catherine  - ""Gardiens de la Sagesse"" : Taille - P","2","159.00","59.50","0.00"
"A16059-WLS340101NC01A","13621","Catherine Zip Top - ""Wisdom Keepers""","10259","Haut Zippé Catherine  - ""Gardiens de la Sagesse"" : Taille - M","0","159.00","59.50","0.00"
"A16059-WLS340101NC01A","13621","Catherine Zip Top - ""Wisdom Keepers""","10260","Haut Zippé Catherine  - ""Gardiens de la Sagesse"" : Taille - L","0","159.00","59.50","0.00"
"A16059-WLS340101NC01A","13621","Catherine Zip Top - ""Wisdom Keepers""","10261","Haut Zippé Catherine  - ""Gardiens de la Sagesse"" : Taille - XL","0","159.00","59.50","0.00"
"CALENDAR1302024","13666","Nathalie Coutou 2024 Calendar","","Nathalie Coutou Calendrier 2024","0","11.00","9.50","0.00"
"NC5X7","13680","NC 5x7","","NC 5x7","12","5.50","2.40","0.00"
"DCK22","13708","Dream Catchers Kit ""Family""","","Ensemble de Capteurs de Rêves ""Famille""","3","12.95","5.50","0.00"
"DCK11","13715","Dream Catchers Kit ""Friendship""","","Ensemble de Capteurs de Rêves ""Amitié""","3","10.95","4.75","0.00"
"DCK13","13716","Dream Catchers Kit ""Friendship""","","Ensemble de Capteurs de Rêves ""Amitié""","3","12.95","5.75","0.00"
"DCK14","13717","Dream Catchers Kit ""Friendship""","","Ensemble de Capteurs de Rêves ""Amitié""","2","17.95","7.50","0.00"
"A18061-POD2573C","13718","Canvas - Seed of Life","","Toile - Semence de Vie","2","45.00","17.00","0.00"
"DCK12","13719","Dream Catchers Kit ""Friendship""","","Ensemble de Capteurs de Rêves ""Amitié""","4","15.95","6.50","0.00"
"DCK15","13721","Dream Catchers Kit ""Friendship""","","Ensemble de Capteurs de Rêves ""Amitié""","3","10.95","4.25","0.00"
"DCK16","13722","Dream Catchers Kit ""Friendship""","","Ensemble de Capteurs de Rêves ""Amitié""","2","15.95","6.50","0.00"
"DCK17","13723","Dream Catchers Kit ""Friendship""","","Ensemble de Capteurs de Rêves ""Amitié""","3","12.95","5.75","0.00"
"DCK18","13724","Dream Catchers Kit ""Friendship""","","Ensemble de Capteurs de Rêves ""Amitié""","2","18.95","7.50","0.00"
"DCK41","13725","Dream Catchers Kit for Kids","","Ensemble de Capteurs de Rêves pour Enfants","2","10.95","5.00","0.00"
"DCK42","13727","Dream Catchers Kit for Kids","","Ensemble de Capteurs de Rêves pour Enfants","2","10.95","5.00","0.00"
"DCK43","13728","Dream Catchers Kit for Kids","","Ensemble de Capteurs de Rêves pour Enfants","3","10.95","5.00","0.00"
"DCK46","13729","Dream Catchers Kit for Kids","","Ensemble de Capteurs de Rêves pour Enfants","2","13.95","6.00","0.00"
"DCK47","13730","Dream Catchers Kit for Kids","","Ensemble de Capteurs de Rêves pour Enfants","1","13.95","6.00","0.00"
"DCK48","13731","Dream Catchers Kit for Kids","","Ensemble de Capteurs de Rêves pour Enfants","0","13.95","6.00","0.00"
"DCF5","13734","""Seasons"" Dream Catcher","","Capteur de Rêves ""Saisons""","0","38.95","16.75","0.00"
"A08011-POD2585C","13736","Canvas - Whisper","","Toile - Murmure","3","55.00","17.00","0.00"
"VS22","13737","""Vision Seeker"" Dream Catcher","","Capteur de Rêves ""Quête de Vision""","3","15.95","6.00","0.00"
"Lavabracelets","13738","Lava Bead Bracelets","10280","Bracelet - Perles de Lava : Couleurs - Noir","2","10.95","4.50","0.00"
"Lavabracelets","13738","Lava Bead Bracelets","10281","Bracelet - Perles de Lava : Couleurs - Rouge","0","10.95","4.50","0.00"
"Lavabracelets","13738","Lava Bead Bracelets","10282","Bracelet - Perles de Lava : Couleurs - Rose","2","10.95","4.50","0.00"
"Lavabracelets","13738","Lava Bead Bracelets","10283","Bracelet - Perles de Lava : Couleurs - Turquoise","1","10.95","4.50","0.00"
"EEincense","13739","Earth's Essence Incense","10284","Earth's Essence Encens : Bien-être - Cèdre","6","11.95","5.24","0.00"
"EEincense","13739","Earth's Essence Incense","10285","Earth's Essence Encens : Bien-être - Sauge","6","11.95","5.24","0.00"
"EEincense","13739","Earth's Essence Incense","10286","Earth's Essence Encens : Bien-être - Foin d'odeur","7","11.95","5.24","0.00"
"EEincense","13739","Earth's Essence Incense","10827","Earth's Essence Encens : Bien-être - Murmure de l'Aigle","2","11.95","5.24","0.00"
"EEincense","13739","Earth's Essence Incense","10828","Earth's Essence Encens : Bien-être - Mère Nature","3","11.95","5.24","0.00"
"EEincense","13739","Earth's Essence Incense","10829","Earth's Essence Encens : Bien-être - Souffle de la Nature","5","11.95","5.24","0.00"
"EEincense","13739","Earth's Essence Incense","10830","Earth's Essence Encens : Bien-être - Soleil Ojibway","4","11.95","5.24","0.00"
"EEincense","13739","Earth's Essence Incense","10831","Earth's Essence Encens : Bien-être - Terre Sacrée","3","11.95","5.24","0.00"
"EEincense","13739","Earth's Essence Incense","10832","Earth's Essence Encens : Bien-être - Beaux Rêves","6","11.95","5.24","0.00"
"DCC20","13740","DCC20 Earrings","","DCC20 Boucles d'Oreille","2","42.95","18.50","0.00"
"DC21","13765","DC21 Earrings","","DC21 Boucles d'Oreilles","2","42.95","18.50","0.00"
"BB4","13766","BB4 Earrings ""Birch Bark""","","BB4 Boucles d'Oreilles ""Écorce de Bouleau""","5","17.95","7.55","0.00"
"DC5","13767","DC5  Earrings","","DC5 Boucles d'oreille","5","15.95","6.00","0.00"
"DC3","13771","DC3  Earrings","","DC3 Boucles d'oreille","6","15.95","6.00","0.00"
"DC4","13772","DC4  Earrings","","DC4 Boucles d'oreille","1","15.95","6.00","0.00"
"BB3-P","13777","BB3 Pendant ""Birch Bark""","","BB3 Pendentif ""Bouleau""","8","10.95","4.00","0.00"
"DC822","13782","Dream Catcher","","Capteur de Rêves","1","36.95","16.00","0.00"
"DC350","13784","Dream Catcher","","Capteur de Rêves","15","16.95","7.50","0.00"
"SF42","13785","Smudging Feathers","","Plumes de Fumigation","3","8.95","3.50","0.00"
"DCWR","13795","Coil Dream Catcher Bracelets","10294","Bracelet - Capteur de Rêves Serpentin : Bijoux - Amethyst","1","11.95","5.95","0.00"
"DCWR","13795","Coil Dream Catcher Bracelets","10295","Bracelet - Capteur de Rêves Serpentin : Bijoux - Amazonite","1","11.95","5.95","0.00"
"DCWR","13795","Coil Dream Catcher Bracelets","10296","Bracelet - Capteur de Rêves Serpentin : Bijoux - Pierre d'or bleu","2","11.95","5.95","0.00"
"DCWR","13795","Coil Dream Catcher Bracelets","10297","Bracelet - Capteur de Rêves Serpentin : Bijoux - Hématite","0","11.95","5.95","0.00"
"DCWR","13795","Coil Dream Catcher Bracelets","10298","Bracelet - Capteur de Rêves Serpentin : Bijoux - Labradorite","0","11.95","5.95","0.00"
"DCWR","13795","Coil Dream Catcher Bracelets","10299","Bracelet - Capteur de Rêves Serpentin : Bijoux - Turquoise","0","11.95","5.95","0.00"
"A08019","13798","Reaching Out - Believe in Yourself","","Chaleur de Terre - Confiance en Soi","0","0.00","0.00","0.00"
"DC412","13799","Dream Catcher","10300","Capteur de Rêves : Couleurs - Bleu pâle","3","15.95","6.50","0.00"
"DC412","13799","Dream Catcher","10301","Capteur de Rêves : Couleurs - Lavande","2","15.95","6.50","0.00"
"DC412","13799","Dream Catcher","10302","Capteur de Rêves : Couleurs - Menthe","2","15.95","6.50","0.00"
"DC412","13799","Dream Catcher","10303","Capteur de Rêves : Couleurs - Rose","4","15.95","6.50","0.00"
"DC412","13799","Dream Catcher","10304","Capteur de Rêves : Couleurs - Blanc","5","15.95","6.50","0.00"
"DC412","13799","Dream Catcher","12357","Capteur de Rêves : Couleurs - Tan","5","15.95","6.50","0.00"
"DC821","13867","Dream Catcher","","Capteur de Rêves","2","36.95","16.10","0.00"
"DCW5","13868","""Seasons"" Dream Catcher","","Capteur de Rêves ""Saisons""","1","38.95","15.00","0.00"
"DC94","13869","Dream Catcher","","Capteur de Rêves","0","92.95","40.25","0.00"
"MM2","13870","Ornemental Headdress","","Couvre-Chef Ornemental","0","28.95","0.00","0.00"
"A08013-UAC6101NC0FA","13873","Gustave Pillow ""New Day""","","Coussin Gustave ""Nouveau Jour""","2","59.00","23.00","0.00"
"A10046-UAC6101NC1BA","13875","Gustave Pillow ""Geese Spirit""","","Coussin Gustave ""L'Esprit de l'Outarde""","2","59.00","23.00","0.00"
"A16058-WAC0601NC04A","13876","Claudia Shawl ""Silent Seekers""","","Châle Claudia ""En Quête de Silence""","0","109.00","35.00","0.00"
"A17064-WAC0601NC03A","13880","Claudia Shawl ""Motter Love""","","Châle Claudia ""Loutre Mère""","0","109.00","35.00","0.00"
"A08019-WLS340101NC13A","13884","Catherine Zip Top - ""Unity""","10306","Haut Zippé Catherine  - ""Union"" : Taille - P","0","159.00","59.50","0.00"
"A08019-WLS340101NC13A","13884","Catherine Zip Top - ""Unity""","10307","Haut Zippé Catherine  - ""Union"" : Taille - M","1","159.00","59.50","0.00"
"A08019-WLS340101NC13A","13884","Catherine Zip Top - ""Unity""","10308","Haut Zippé Catherine  - ""Union"" : Taille - L","0","159.00","59.50","0.00"
"A08019-WLS340101NC13A","13884","Catherine Zip Top - ""Unity""","10309","Haut Zippé Catherine  - ""Union"" : Taille - XL","1","159.00","59.50","0.00"
"A08019-WLS340101NC13A","13884","Catherine Zip Top - ""Unity""","10310","Haut Zippé Catherine  - ""Union"" : Taille - XP","1","159.00","59.50","0.00"
"Worry Stones","13898","Stones - Worry","","Pierres d'Inquiétude","0","2.95","1.20","0.00"
"Arrowhead","13899","Arrowhead","","Pointes de Flèche","118","1.55","0.70","0.00"
"SKU: 00-08-624","13900","Wildflower Oven Mitt","","Mitaines à four Fleurs Sauvage","0","18.95","8.00","0.00"
"00-04-200","13939","Otter Spirit Box","","Coffret Loutre","1","104.00","45.00","0.00"
"SKU: 00-06-910","13940","Eagle Pâté Knife","10311","Couteau à Pâté Aigle : Style - Poli","0","65.00","28.00","0.00"
"SKU: 00-06-910","13940","Eagle Pâté Knife","10312","Couteau à Pâté Aigle : Style - Mat","1","65.00","28.00","0.00"
"SKU: 00-07-512","13950","Corrine Hunt Hummingbird Pendant","","Corrine  Hunt Pendentif Colibri","1","82.00","35.50","0.00"
"SKU: 00-07-532","13953","Corrine Hunt Hummingbird Earrings","","Corrine Hunt Boucles d'Oreilles Colibri","2","85.00","37.00","0.00"
"600series","13965","""Free Spirit"" Collection","10313","Collection ""Free Spirit"" : Style - Corbeau","0","14.00","6.00","0.00"
"600series","13965","""Free Spirit"" Collection","10314","Collection ""Free Spirit"" : Style - Saumon","1","14.00","6.00","0.00"
"600series","13965","""Free Spirit"" Collection","10315","Collection ""Free Spirit"" : Style - Masque Soleil","0","14.00","6.00","0.00"
"600series","13965","""Free Spirit"" Collection","10316","Collection ""Free Spirit"" : Style - Orque","0","14.00","6.00","0.00"
"600series","13965","""Free Spirit"" Collection","10317","Collection ""Free Spirit"" : Style - Inukshuk","1","14.00","6.00","0.00"
"600series","13965","""Free Spirit"" Collection","10318","Collection ""Free Spirit"" : Style - Ours","0","14.00","6.00","0.00"
"600series","13965","""Free Spirit"" Collection","10319","Collection ""Free Spirit"" : Style - Orignal","1","14.00","6.00","0.00"
"Angel","13968","Angel","","Ange","0","65.00","35.00","0.00"
"1 sister","13969","1 Sister","","1 Soeur","3","65.00","45.00","0.00"
"2 sisters","13970","2 Sisters","","2 Soeurs","2","82.00","50.00","0.00"
"3 sisters","13972","3 Sisters","","3 Soeurs","3","115.00","70.00","0.00"
"4 sisters","13974","4 Sisters","","4 Soeurs","0","145.00","90.00","0.00"
"4 sisters MW","13975","4 Sisters MW","","4 Soeurs","3","145.00","90.00","0.00"
"Birds","13976","Birds","","Oiseaux","2","42.00","25.00","0.00"
"CBNL","13977","Candle Bowls Wax (no lids)","","Chandelles Cire (pas de couvert)","1","42.00","21.00","0.00"
"PH","13978","Plants Holders","","Pots à Plantes","3","48.45","23.00","0.00"
"CBWL","13979","Candle Bowls Wax (with lids)","","Chandelles Cire (avec couvert)","1","48.45","23.00","0.00"
"SPC","13980","Candle Simmer Pots","","Chandeliers Diffuseur","5","48.45","30.00","0.00"
"SCC","13981","Canoe Candle Small","","Canoes Chandelles Petits","6","48.45","30.00","0.00"
"CACB","13982","Canoe Candle Big","","Gros Canoe Chandelle","2","90.00","50.00","0.00"
"CMW","13983","Candle Medicine Wheel Small","11384","Chandelles Roue de Médecine Petite : Taille - 2""","3","25.00","0.00","12.50"
"CMW","13983","Candle Medicine Wheel Small","11385","Chandelles Roue de Médecine Petite : Taille - 3""","4","30.00","0.00","15.00"
"CMW","13983","Candle Medicine Wheel Small","11386","Chandelles Roue de Médecine Petite : Taille - 4""","0","40.00","0.00","20.00"
"CM","13984","Candle Mocassin","","Chandelle Moccasin","0","48.45","23.00","0.00"
"IF","13985","Incense Feather","","Plume Encens","4","50.00","30.00","0.00"
"OS","13986","Ornaments Small","","Ornaments Petits","17","16.00","15.00","0.00"
"OM","13987","Ornaments Medium","","Ornaments Moyen","11","22.00","15.00","0.00"
"OB","13988","Ornaments Big","","Ornaments Gros","15","25.00","15.00","0.00"
"Bear","13989","Bear","","Ours","1","25.00","15.00","0.00"
"CBS","13990","Christmas Balls Small","","Boules de Noel Petites","1","42.00","20.00","0.00"
"CBB","13991","Christmas Balls Big","","Boules de Noel Large","0","48.45","23.00","0.00"
"Vase","13992","Vase","","Vase","1","32.00","20.00","0.00"
"ME","13993","Mother Earth","","Terre Mère","3","82.00","50.00","0.00"
"GFSW","13994","Guardian from the Spirit World","","Guardienne du Monde Spirituel","1","96.00","60.00","0.00"
"ECMO","13995","Every Child Matters Ornaments","10320","Ornaments Chaque Enfant Compte : Taille - P","2","16.00","15.00","0.00"
"ECMO","13995","Every Child Matters Ornaments","10321","Ornaments Chaque Enfant Compte : Taille - M","9","22.00","15.00","0.00"
"ECMO","13995","Every Child Matters Ornaments","10322","Ornaments Chaque Enfant Compte : Taille - L","4","25.00","15.00","0.00"
"W13026-WBL1701NC1DA","14000","Terry-Ann Kimono ""In her World""","10323","Kimono Terry-Ann ""Dans son Monde"" : Taille - TU/OS","1","119.00","58.00","0.00"
"W13023-WBL1701NC16A","14009","Terry-Ann Kimono ""Water and Spirit Buffalo""","10324","Kimono Terry-Ann ""Eau et Esprit du Bison"" : Taille - TU/OS","3","119.00","58.00","0.00"
"A01028-WBL1701NC08A","14010","Terry-Ann Kimono ""Giving Thanks""","10325","Kimono Terry-Ann ""Rendre Grâce"" : Taille - TU/OS","3","119.00","58.00","0.00"
"WBL1701NC1BA","14011","Terry-Ann Kimono ""Geese Spirit""","10326","Kimono Terry-Ann ""L'Esprit de l'Outarde"" : Taille - TU/OS","3","119.00","58.00","0.00"
"W13025-WBL1701NC1EA","14012","Terry-Ann Kimono ""Passage""","10327","Kimono Terry-Ann ""Passage"" : Taille - TU/OS","2","119.00","58.00","0.00"
"W13047-RES0101NC17A","14013","Marina Beach ""Inner Memories""","","Marina Beach ""Mémoires Ancestrales""","1","109.00","46.00","0.00"
"W13047-RES0201NC17A","14018","Océanne Beach ""Inner Memories""","","Océanne Beach ""Mémoires Ancestrales""","1","99.00","40.50","0.00"
"A17064-UAC6101NC03A","14089","Gustave Pillow ""Motter Love""","","Coussin Gustave ""Loutre Mère""","0","59.00","23.00","0.00"
"A07020-WNS1301NC0AA","14091","Kaplan Plus ""Journey to the Spirit World""","10333","Kaplan Plus""Voyage vers le Monde du Songe"" : Taille - 1X","0","129.00","64.00","0.00"
"A07020-WNS1301NC0AA","14091","Kaplan Plus ""Journey to the Spirit World""","10334","Kaplan Plus""Voyage vers le Monde du Songe"" : Taille - 2X","1","129.00","64.00","0.00"
"A07020-WNS1301NC0AA","14091","Kaplan Plus ""Journey to the Spirit World""","10335","Kaplan Plus""Voyage vers le Monde du Songe"" : Taille - 3X","1","129.00","64.00","0.00"
"A17063-WNS1301NC02A","14092","Kaplan Plus ""Depth""","10336","Kaplan Plus ""Profondeur"" : Taille - 2X","1","129.00","64.00","0.00"
"A17063-WNS1301NC02A","14092","Kaplan Plus ""Depth""","10337","Kaplan Plus ""Profondeur"" : Taille - 3X","1","129.00","64.00","0.00"
"A17063-WNS1301NC02A","14092","Kaplan Plus ""Depth""","10338","Kaplan Plus ""Profondeur"" : Taille - 1X","0","129.00","64.00","0.00"
"A13026-WNS1301NC1DA","14093","Kaplan Plus ""In Her World""","10339","Kaplan Plus ""Dans Son Monde"" : Taille - 2X","0","129.00","64.00","0.00"
"A13026-WNS1301NC1DA","14093","Kaplan Plus ""In Her World""","10340","Kaplan Plus ""Dans Son Monde"" : Taille - 3X","0","129.00","64.00","0.00"
"A13026-WNS1301NC1DA","14093","Kaplan Plus ""In Her World""","10341","Kaplan Plus ""Dans Son Monde"" : Taille - 1X","1","129.00","64.00","0.00"
"A10046-WNS1301NC1BA","14094","Kaplan Plus ""Geese Spirit""","10342","Kaplan Plus ""L'Esprit de l'Outarde"" : Taille - 2X","0","129.00","64.00","0.00"
"A10046-WNS1301NC1BA","14094","Kaplan Plus ""Geese Spirit""","10343","Kaplan Plus ""L'Esprit de l'Outarde"" : Taille - 3X","1","129.00","64.00","0.00"
"A10046-WNS1301NC1BA","14094","Kaplan Plus ""Geese Spirit""","10344","Kaplan Plus ""L'Esprit de l'Outarde"" : Taille - 1X","1","129.00","64.00","0.00"
"W12005-WDR5401NC0WA","14095","Kate Dress ""Earth Keeper"" Plus Size","10350","Robe Kate ""Gardienne de la Terre"" Taille Plus : Taille - 1X","1","169.00","81.50","0.00"
"W12005-WDR5401NC0WA","14095","Kate Dress ""Earth Keeper"" Plus Size","10351","Robe Kate ""Gardienne de la Terre"" Taille Plus : Taille - 2X","1","169.00","81.50","0.00"
"W12005-WDR5401NC0WA","14095","Kate Dress ""Earth Keeper"" Plus Size","10352","Robe Kate ""Gardienne de la Terre"" Taille Plus : Taille - 3X","1","169.00","81.50","0.00"
"A16058-WDR5401NC04A","14096","Kate Dress ""Silent Seekers"" Plus Size","10353","Robe Kate ""En Quête de Silence"" Taille Plus : Taille - 2X","1","169.00","81.50","0.00"
"A16058-WDR5401NC04A","14096","Kate Dress ""Silent Seekers"" Plus Size","10354","Robe Kate ""En Quête de Silence"" Taille Plus : Taille - 3X","1","169.00","81.50","0.00"
"A16058-WDR5401NC04A","14096","Kate Dress ""Silent Seekers"" Plus Size","10355","Robe Kate ""En Quête de Silence"" Taille Plus : Taille - 1X","0","169.00","81.50","0.00"
"W13023-WBL0601NC11A","14097","Kimono ""Water and Spirit Buffalo at Sunset""","10356","Kimono ""Eau et Esprit du Bison au Soleil Couchant"" : Taille - TU/OS","1","129.00","49.50","0.00"
"A17063-WDR4801NC02A","14173","Elise Maxi ""Depth""","10369","Elise Maxi ""Profondeur"" : Taille - XP","0","149.00","56.00","0.00"
"A17063-WDR4801NC02A","14173","Elise Maxi ""Depth""","10370","Elise Maxi ""Profondeur"" : Taille - P","0","149.00","56.00","0.00"
"A17063-WDR4801NC02A","14173","Elise Maxi ""Depth""","10371","Elise Maxi ""Profondeur"" : Taille - M","0","149.00","56.00","0.00"
"A17063-WDR4801NC02A","14173","Elise Maxi ""Depth""","10372","Elise Maxi ""Profondeur"" : Taille - L","0","149.00","56.00","0.00"
"A17063-WDR4801NC02A","14173","Elise Maxi ""Depth""","10373","Elise Maxi ""Profondeur"" : Taille - XL","0","149.00","56.00","0.00"
"W13023-WDR4801NC16A","14174","Elise Maxi ""Water and Spirit Buffalo""","10374","Elise Maxi ""Eau et Esprit du Bison"" : Taille - XP","0","149.00","56.00","0.00"
"W13023-WDR4801NC16A","14174","Elise Maxi ""Water and Spirit Buffalo""","10375","Elise Maxi ""Eau et Esprit du Bison"" : Taille - P","0","149.00","56.00","0.00"
"W13023-WDR4801NC16A","14174","Elise Maxi ""Water and Spirit Buffalo""","10376","Elise Maxi ""Eau et Esprit du Bison"" : Taille - M","1","149.00","56.00","0.00"
"W13023-WDR4801NC16A","14174","Elise Maxi ""Water and Spirit Buffalo""","10377","Elise Maxi ""Eau et Esprit du Bison"" : Taille - L","0","149.00","56.00","0.00"
"W13023-WDR4801NC16A","14174","Elise Maxi ""Water and Spirit Buffalo""","10378","Elise Maxi ""Eau et Esprit du Bison"" : Taille - XL","0","149.00","56.00","0.00"
"A07020-WSS0901NC0AA","14175","K Smith T-Shirt ""Journey to the Spirit World""","10379","K Smith T-Shirt ""Voyage Vers le Monde du Songe"" : Taille - P","1","89.00","35.00","0.00"
"A07020-WSS0901NC0AA","14175","K Smith T-Shirt ""Journey to the Spirit World""","10380","K Smith T-Shirt ""Voyage Vers le Monde du Songe"" : Taille - M","0","89.00","35.00","0.00"
"A07020-WSS0901NC0AA","14175","K Smith T-Shirt ""Journey to the Spirit World""","10381","K Smith T-Shirt ""Voyage Vers le Monde du Songe"" : Taille - L","1","89.00","35.00","0.00"
"A07020-WSS0901NC0AA","14175","K Smith T-Shirt ""Journey to the Spirit World""","10382","K Smith T-Shirt ""Voyage Vers le Monde du Songe"" : Taille - XL","1","89.00","35.00","0.00"
"A07020-WSS0901NC0AA","14175","K Smith T-Shirt ""Journey to the Spirit World""","10383","K Smith T-Shirt ""Voyage Vers le Monde du Songe"" : Taille - XP","1","89.00","35.00","0.00"
"A08045-20084C","14177","Canvas - Patience","","Toile - Patience","0","40.00","17.00","0.00"
"A07020-20080C","14178","Canvas - Journey to the Spirit World","","Toile - Voyage Vers le Monde du Songe","2","45.00","17.00","0.00"
"W13047-POD2560C","14179","Canvas - Inner Memories","","Toile - Mémoires Ancestrales","3","40.00","17.00","0.00"
"A12050-POD2559C","14180","Canvas - Ice Dream","","Toile - Rêves de Glace","2","40.00","17.00","0.00"
"A01038-POD2557C","14181","Canvas - Harmony","","Toile - Harmonie","2","40.00","17.00","0.00"
"W12005-WBL1201NC0WA","14183","Nikki Cardigan ""Earth Keeper"" Plus Size","10394","Cardigan Nikki ""Gardienne de la Terre"" Taille Plus : Taille - 2X","1","159.00","50.00","0.00"
"W12005-WBL1201NC0WA","14183","Nikki Cardigan ""Earth Keeper"" Plus Size","10395","Cardigan Nikki ""Gardienne de la Terre"" Taille Plus : Taille - 3X","0","159.00","50.00","0.00"
"W12005-WBL1201NC0WA","14183","Nikki Cardigan ""Earth Keeper"" Plus Size","10396","Cardigan Nikki ""Gardienne de la Terre"" Taille Plus : Taille - 1X","1","159.00","50.00","0.00"
"A16058-WLS340101NC04A","14184","Catherine Zip Top - ""Silent Seekers""","10402","Haut Zippé Catherine  - ""En Quête de Silence"" : Taille - XP","1","159.00","59.50","0.00"
"A16058-WLS340101NC04A","14184","Catherine Zip Top - ""Silent Seekers""","10403","Haut Zippé Catherine  - ""En Quête de Silence"" : Taille - P","1","159.00","59.50","0.00"
"A16058-WLS340101NC04A","14184","Catherine Zip Top - ""Silent Seekers""","10404","Haut Zippé Catherine  - ""En Quête de Silence"" : Taille - M","0","159.00","59.50","0.00"
"A16058-WLS340101NC04A","14184","Catherine Zip Top - ""Silent Seekers""","10405","Haut Zippé Catherine  - ""En Quête de Silence"" : Taille - L","0","159.00","59.50","0.00"
"A16058-WLS340101NC04A","14184","Catherine Zip Top - ""Silent Seekers""","10406","Haut Zippé Catherine  - ""En Quête de Silence"" : Taille - XL","1","159.00","59.50","0.00"
"W12018-WLS340101NC0DA","14185","Catherine Zip Top - ""Early Evening Flowing into Fall""","10412","Haut Zippé Catherine  - ""Soirée Glissant Vers l'Automne"" : Taille - XP","0","159.00","59.50","0.00"
"W12018-WLS340101NC0DA","14185","Catherine Zip Top - ""Early Evening Flowing into Fall""","10413","Haut Zippé Catherine  - ""Soirée Glissant Vers l'Automne"" : Taille - P","0","159.00","59.50","0.00"
"W12018-WLS340101NC0DA","14185","Catherine Zip Top - ""Early Evening Flowing into Fall""","10414","Haut Zippé Catherine  - ""Soirée Glissant Vers l'Automne"" : Taille - M","0","159.00","59.50","0.00"
"W12018-WLS340101NC0DA","14185","Catherine Zip Top - ""Early Evening Flowing into Fall""","10415","Haut Zippé Catherine  - ""Soirée Glissant Vers l'Automne"" : Taille - L","0","159.00","59.50","0.00"
"W12018-WLS340101NC0DA","14185","Catherine Zip Top - ""Early Evening Flowing into Fall""","10416","Haut Zippé Catherine  - ""Soirée Glissant Vers l'Automne"" : Taille - XL","0","159.00","59.50","0.00"
"A10046-WNS0801NC1BA","14186","Kaplan Tank ""Geese Spirit""","10422","Débardeur Kaplan ""L'Esprit de l'Outarde"" : Taille - XP","1","129.00","60.00","0.00"
"A10046-WNS0801NC1BA","14186","Kaplan Tank ""Geese Spirit""","10423","Débardeur Kaplan ""L'Esprit de l'Outarde"" : Taille - P","1","129.00","60.00","0.00"
"A10046-WNS0801NC1BA","14186","Kaplan Tank ""Geese Spirit""","10424","Débardeur Kaplan ""L'Esprit de l'Outarde"" : Taille - M","1","129.00","60.00","0.00"
"A10046-WNS0801NC1BA","14186","Kaplan Tank ""Geese Spirit""","10425","Débardeur Kaplan ""L'Esprit de l'Outarde"" : Taille - L","1","129.00","60.00","0.00"
"A10046-WNS0801NC1BA","14186","Kaplan Tank ""Geese Spirit""","10426","Débardeur Kaplan ""L'Esprit de l'Outarde"" : Taille - XL","1","129.00","60.00","0.00"
"A08011-UAC6101NC0HA","14187","Gustave Pillow ""Whisper""","","Coussin Gustave ""Murmure""","1","59.00","23.00","0.00"
"W17062-UAC6101NC0GA","14190","Gustave Pillow ""Horizon""","","Coussin Gustave ""Horizon""","1","59.00","23.00","0.00"
"SAND600OS-07","14221","Sherpa Baby Blanket ""Sand""","","Couverture Sherpa pour Bébé ""Sand""","0","85.00","51.00","0.00"
"NIBI600OS-07","14224","""Nibi"" Blanket","","Couverture ""Nibi""","0","189.00","105.00","0.00"
"CURR600OS-01","14225","""Currant"" Blanket","","Couverture ""Currant""","1","189.00","105.00","0.00"
"STAR600OS-01","14226","""Star"" Blanket","","Couverture ""Star""","1","189.00","105.00","0.00"
"STOR600OS-07","14227","Sherpa Baby Blanket ""Storm""","","Couverture Sherpa pour Bébé ""Storm""","0","85.00","51.00","0.00"
"MKWA600OS-07","14228","Sherpa Baby Blanket ""Mkwa""","","Couverture Sherpa pour Bébé ""Mkwa""","1","85.00","51.00","0.00"
"TUND600OS-03","14231","Shawl ""Tundra""","","Châle ""Tundra""","1","134.00","80.00","0.00"
"MKWA600OS-03","14232","Shawl ""Mkwa""","","Châle ""Mkwa""","1","134.00","80.00","0.00"
"NIBI600OS-03","14234","Shawl ""Nibi""","","Châle ""Nibi""","2","134.00","80.00","0.00"
"SAND600OS-03","14235","Shawl ""Sand""","","Châle ""Sand""","1","134.00","80.00","0.00"
"FLEU600OS-03","14236","Shawl ""Fleurs""","","Châle ""Fleurs""","1","134.00","80.00","0.00"
"PROTECTEUR_AQUA","14286","Aqua Armor","","Aqua Armor","4","38.00","22.00","0.00"
"658","14294","Suede Moccasins for Children","10435","Mocassins en Suède pour Enfants : Pointure - 3","1","74.00","32.15","0.00"
"658","14294","Suede Moccasins for Children","10436","Mocassins en Suède pour Enfants : Pointure - 4","0","74.00","32.15","0.00"
"658","14294","Suede Moccasins for Children","10437","Mocassins en Suède pour Enfants : Pointure - 5","0","74.00","32.15","0.00"
"658","14294","Suede Moccasins for Children","10438","Mocassins en Suède pour Enfants : Pointure - 6","1","74.00","32.15","0.00"
"658","14294","Suede Moccasins for Children","10439","Mocassins en Suède pour Enfants : Pointure - 7","2","74.00","32.15","0.00"
"658","14294","Suede Moccasins for Children","10440","Mocassins en Suède pour Enfants : Pointure - 8","2","74.00","32.15","0.00"
"658","14294","Suede Moccasins for Children","10441","Mocassins en Suède pour Enfants : Pointure - 9","2","74.00","32.15","0.00"
"658","14294","Suede Moccasins for Children","10442","Mocassins en Suède pour Enfants : Pointure - 10","0","74.00","32.15","0.00"
"64817","14295","Suede Moccasins for Children","10443","Mocassins en Suède pour Enfants : Pointure - 4","2","65.00","28.20","0.00"
"64817","14295","Suede Moccasins for Children","10444","Mocassins en Suède pour Enfants : Pointure - 5","0","65.00","28.20","0.00"
"64817","14295","Suede Moccasins for Children","10445","Mocassins en Suède pour Enfants : Pointure - 6","0","65.00","28.20","0.00"
"64817","14295","Suede Moccasins for Children","10446","Mocassins en Suède pour Enfants : Pointure - 7","1","65.00","28.20","0.00"
"64817","14295","Suede Moccasins for Children","10447","Mocassins en Suède pour Enfants : Pointure - 8","1","65.00","28.20","0.00"
"64817","14295","Suede Moccasins for Children","10448","Mocassins en Suède pour Enfants : Pointure - 9","0","65.00","28.20","0.00"
"64817","14295","Suede Moccasins for Children","10449","Mocassins en Suède pour Enfants : Pointure - 10","0","65.00","28.20","0.00"
"64817","14295","Suede Moccasins for Children","10450","Mocassins en Suède pour Enfants : Pointure - 3","0","65.00","28.20","0.00"
"9422CK","14296","Leather Mukluks for Men","10461","Mukluks en Cuir pour Hommes : Pointure - 8","2","443.00","192.60","0.00"
"9422CK","14296","Leather Mukluks for Men","10462","Mukluks en Cuir pour Hommes : Pointure - 9","2","443.00","192.60","0.00"
"9422CK","14296","Leather Mukluks for Men","10463","Mukluks en Cuir pour Hommes : Pointure - 10","2","443.00","192.60","0.00"
"9422CK","14296","Leather Mukluks for Men","10464","Mukluks en Cuir pour Hommes : Pointure - 11","2","443.00","192.60","0.00"
"9422CK","14296","Leather Mukluks for Men","10465","Mukluks en Cuir pour Hommes : Pointure - 12","2","443.00","192.60","0.00"
"9422CK","14296","Leather Mukluks for Men","10466","Mukluks en Cuir pour Hommes : Pointure - 13","2","443.00","192.60","0.00"
"941427CK","14297","Ladies Leather Mukluks","10473","Mukluks en Cuir pour Dames : Pointure - 6","1","430.00","185.00","0.00"
"941427CK","14297","Ladies Leather Mukluks","10474","Mukluks en Cuir pour Dames : Pointure - 7","1","430.00","185.00","0.00"
"941427CK","14297","Ladies Leather Mukluks","10475","Mukluks en Cuir pour Dames : Pointure - 8","2","430.00","185.00","0.00"
"941427CK","14297","Ladies Leather Mukluks","10476","Mukluks en Cuir pour Dames : Pointure - 9","2","430.00","185.00","0.00"
"Mineral-Keychain","14400","Mineral Keychain","","Porte-Clefs de Pierres Diverses","6","6.95","3.00","0.00"
"648","14410","Suede Moccasins for Children","10485","Mocassins en Suède pour Enfants : Pointure - 3","2","74.00","32.15","0.00"
"648","14410","Suede Moccasins for Children","10486","Mocassins en Suède pour Enfants : Pointure - 4","2","74.00","32.15","0.00"
"648","14410","Suede Moccasins for Children","10487","Mocassins en Suède pour Enfants : Pointure - 5","1","74.00","32.15","0.00"
"648","14410","Suede Moccasins for Children","10488","Mocassins en Suède pour Enfants : Pointure - 6","0","74.00","32.15","0.00"
"648","14410","Suede Moccasins for Children","10489","Mocassins en Suède pour Enfants : Pointure - 7","0","74.00","32.15","0.00"
"648","14410","Suede Moccasins for Children","10490","Mocassins en Suède pour Enfants : Pointure - 8","1","74.00","32.15","0.00"
"648","14410","Suede Moccasins for Children","10491","Mocassins en Suède pour Enfants : Pointure - 9","1","74.00","32.15","0.00"
"648","14410","Suede Moccasins for Children","10492","Mocassins en Suède pour Enfants : Pointure - 10","1","74.00","32.15","0.00"
"Mini carte -NC","14413","Mini Card NC","","Mini carte NC","9","0.95","0.40","0.00"
"THUN600OS-07","14438","Sherpa Baby Blanket ""Thunderbird"" Blanket","","Couverture Sherpa pour Bébé ""Thunderbird""","1","85.00","51.00","0.00"
"FLEU620OS-02","14439","""Fleurs"" Wool Blanket","","Couverture en Laine ""Fleurs""","2","289.00","164.00","0.00"
"SKU: 54-54-339","14444","Moccasins Raven","10496","Mocassins Corbeau : Pointure - 18 mois","1","92.00","40.00","0.00"
"SKU: 54-54-339","14444","Moccasins Raven","10497","Mocassins Corbeau : Pointure - 24 mois","1","92.00","40.00","0.00"
"SKU: 54-54-339","14444","Moccasins Raven","10498","Mocassins Corbeau : Pointure - 36 mois","1","92.00","40.00","0.00"
"00-04-201","14450","Seal Spirit Box","","Coffret Loup Marin","0","120.00","52.00","0.00"
"00-04-472","14451","Bear Spirit Box","","Coffret Ours","1","83.00","36.00","0.00"
"00-04-471","14452","Wolf Spirit Box","","Coffret Loup","0","83.00","36.00","0.00"
"00-04-081","14453","Seal Box","","Coffret Loup Marin","1","53.00","23.00","0.00"
"00-06-301","14454","Salmon Box","","Coffret Saumon","1","115.00","50.00","0.00"
"00-04-079","14455","West Coast Design Box","","Coffret Motif Côte Ouest","0","30.00","13.00","0.00"
"00-04-096","14456","West Coast Design Box","","Coffret Motif Côte Ouest","1","70.00","30.00","0.00"
"00-04-478","14457","West Coast Design Box","","Coffret Motif Côte Ouest","0","97.00","42.00","0.00"
"Inukshuk","14458","Inukshuk","10499","Taille - 2.5""","5","27.00","0.00","13.50"
"Inukshuk","14458","Inukshuk","10500","Taille - 3""","6","36.00","0.00","18.00"
"Inukshuk","14458","Inukshuk","10501","Taille - 4""","2","54.00","0.00","27.00"
"Inukshuk","14458","Inukshuk","10502","Taille - 5.5""","2","71.00","0.00","35.50"
"Inukshuk","14458","Inukshuk","10503","Taille - 7""","0","94.00","0.00","47.00"
"Inukshuk","14458","Inukshuk","10504","Taille - 9""","0","130.00","0.00","65.00"
"Inukshuk","14458","Inukshuk","10505","Taille - 12""","1","220.00","0.00","110.00"
"Inukshuk","14458","Inukshuk","10506","Taille - 14""","1","275.00","0.00","137.50"
"00-04-474","14460","West Coast Design Box","","Coffret Motif Côte Ouest","0","46.00","20.00","0.00"
"5076-1100-36-KB803CK","14550","Leather Moccasins for Men","10518","Mocassins en Cuir pour Hommes : Pointure - 6","0","177.00","76.90","0.00"
"5076-1100-36-KB803CK","14550","Leather Moccasins for Men","10519","Mocassins en Cuir pour Hommes : Pointure - 7","0","177.00","76.90","0.00"
"5076-1100-36-KB803CK","14550","Leather Moccasins for Men","10520","Mocassins en Cuir pour Hommes : Pointure - 8","0","177.00","76.90","0.00"
"5076-1100-36-KB803CK","14550","Leather Moccasins for Men","10521","Mocassins en Cuir pour Hommes : Pointure - 9","0","177.00","76.90","0.00"
"5076-1100-36-KB803CK","14550","Leather Moccasins for Men","10522","Mocassins en Cuir pour Hommes : Pointure - 10","0","177.00","76.90","0.00"
"5076-1100-36-KB803CK","14550","Leather Moccasins for Men","10523","Mocassins en Cuir pour Hommes : Pointure - 11","1","177.00","76.90","0.00"
"5076-1100-36-KB803CK","14550","Leather Moccasins for Men","10524","Mocassins en Cuir pour Hommes : Pointure - 12","0","177.00","76.90","0.00"
"5076-1100-36-KB803CK","14550","Leather Moccasins for Men","10525","Mocassins en Cuir pour Hommes : Pointure - 13","0","177.00","76.90","0.00"
"5076-1100-36-KB803CK","14550","Leather Moccasins for Men","10526","Mocassins en Cuir pour Hommes : Pointure - 14","0","177.00","76.90","0.00"
"403","14595","Suede Moccasins for Men","10537","Mocassins en suède pour Hommes : Pointure - 6","0","109.00","38.50","0.00"
"403","14595","Suede Moccasins for Men","10538","Mocassins en suède pour Hommes : Pointure - 7","0","109.00","38.50","0.00"
"403","14595","Suede Moccasins for Men","10539","Mocassins en suède pour Hommes : Pointure - 8","2","109.00","38.50","0.00"
"403","14595","Suede Moccasins for Men","10540","Mocassins en suède pour Hommes : Pointure - 9","0","109.00","38.50","0.00"
"403","14595","Suede Moccasins for Men","10541","Mocassins en suède pour Hommes : Pointure - 10","1","109.00","38.50","0.00"
"403","14595","Suede Moccasins for Men","10542","Mocassins en suède pour Hommes : Pointure - 11","0","109.00","38.50","0.00"
"403","14595","Suede Moccasins for Men","10543","Mocassins en suède pour Hommes : Pointure - 12","1","109.00","38.50","0.00"
"403","14595","Suede Moccasins for Men","10544","Mocassins en suède pour Hommes : Pointure - 13","0","109.00","38.50","0.00"
"403","14595","Suede Moccasins for Men","10545","Mocassins en suède pour Hommes : Pointure - 14","0","119.00","38.50","0.00"
"403","14595","Suede Moccasins for Men","10546","Mocassins en suède pour Hommes : Pointure - 15","0","119.00","38.50","0.00"
"21188","14597","Leather Bootie for Men","10547","Botillon en Cuir pour Homme : Pointure - 6","0","155.00","70.00","0.00"
"21188","14597","Leather Bootie for Men","10548","Botillon en Cuir pour Homme : Pointure - 7","0","155.00","70.00","0.00"
"21188","14597","Leather Bootie for Men","10549","Botillon en Cuir pour Homme : Pointure - 8","1","155.00","70.00","0.00"
"21188","14597","Leather Bootie for Men","10550","Botillon en Cuir pour Homme : Pointure - 9","1","155.00","70.00","0.00"
"21188","14597","Leather Bootie for Men","10551","Botillon en Cuir pour Homme : Pointure - 10","0","155.00","70.00","0.00"
"21188","14597","Leather Bootie for Men","10552","Botillon en Cuir pour Homme : Pointure - 11","0","155.00","70.00","0.00"
"21188","14597","Leather Bootie for Men","10553","Botillon en Cuir pour Homme : Pointure - 12","0","155.00","70.00","0.00"
"21188","14597","Leather Bootie for Men","10554","Botillon en Cuir pour Homme : Pointure - 13","0","155.00","70.00","0.00"
"A16058-WPA1301NC04A","14601","Brooke Jogger ""Silent Seekers""","10562","Jogger Brooke ""En Quête de Silence"" : Taille - XP","1","159.00","63.50","0.00"
"A16058-WPA1301NC04A","14601","Brooke Jogger ""Silent Seekers""","10563","Jogger Brooke ""En Quête de Silence"" : Taille - P","1","159.00","63.50","0.00"
"A16058-WPA1301NC04A","14601","Brooke Jogger ""Silent Seekers""","10564","Jogger Brooke ""En Quête de Silence"" : Taille - M","1","159.00","63.50","0.00"
"A16058-WPA1301NC04A","14601","Brooke Jogger ""Silent Seekers""","10565","Jogger Brooke ""En Quête de Silence"" : Taille - L","0","159.00","63.50","0.00"
"A16058-WPA1301NC04A","14601","Brooke Jogger ""Silent Seekers""","10566","Jogger Brooke ""En Quête de Silence"" : Taille - XL","0","159.00","63.50","0.00"
"W13026-UAC6301NC1DA","14603","Céleste Place Mat ""In Her World""","","Napperon Céleste ""Dans son Monde""","2","15.00","6.50","0.00"
"STICKER-CAPX2","14619","Stickers CAP","10569","Autocollants CAP : Taille - P","89","2.60","0.00","1.00"
"STICKER-CAPX2","14619","Stickers CAP","10570","Autocollants CAP : Taille - L","74","3.25","0.00","1.00"
"TURTLE","14620","Turtle","","Tortue","1","55.00","30.00","0.00"
"CBH","14621","Candle Bowls Hollow","","Chandelles Vide","1","48.45","24.00","0.00"
"PMW","14623","Platters ""Medicine Wheel""","","Assiettes ""Roue de Médecine""","0","82.00","40.00","0.00"
"GENC","14626","Gift Enclosures - Mini cards pack of 8","10571","Étiquettes Cadeaux - Paquet de 8 mini cartes : Art - Emportée","4","7.45","3.25","0.00"
"GENC","14626","Gift Enclosures - Mini cards pack of 8","10572","Étiquettes Cadeaux - Paquet de 8 mini cartes : Art - Profondeur","6","7.45","3.25","0.00"
"GENC","14626","Gift Enclosures - Mini cards pack of 8","10573","Étiquettes Cadeaux - Paquet de 8 mini cartes : Art - Gezaluwejit","13","7.45","3.25","0.00"
"GENC","14626","Gift Enclosures - Mini cards pack of 8","10574","Étiquettes Cadeaux - Paquet de 8 mini cartes : Art - Retour Chez Soi","10","7.45","3.25","0.00"
"GENC","14626","Gift Enclosures - Mini cards pack of 8","10575","Étiquettes Cadeaux - Paquet de 8 mini cartes : Art - Lapynx","16","7.45","3.25","0.00"
"GENC","14626","Gift Enclosures - Mini cards pack of 8","10576","Étiquettes Cadeaux - Paquet de 8 mini cartes : Art - Nouveau Jour","7","7.45","3.25","0.00"
"GENC","14626","Gift Enclosures - Mini cards pack of 8","10577","Étiquettes Cadeaux - Paquet de 8 mini cartes : Art - Gardiens du Nord","11","7.45","3.25","0.00"
"GENC","14626","Gift Enclosures - Mini cards pack of 8","10578","Étiquettes Cadeaux - Paquet de 8 mini cartes : Art - Passage","4","7.45","3.25","0.00"
"GENC","14626","Gift Enclosures - Mini cards pack of 8","10579","Étiquettes Cadeaux - Paquet de 8 mini cartes : Art - Gardienne de l'Eau","11","7.45","3.25","0.00"
"GENC","14626","Gift Enclosures - Mini cards pack of 8","10580","Étiquettes Cadeaux - Paquet de 8 mini cartes : Art - En Quête de Silence","9","7.45","3.25","0.00"
"GENC","14626","Gift Enclosures - Mini cards pack of 8","10581","Étiquettes Cadeaux - Paquet de 8 mini cartes : Art - Synchronicité","11","7.45","3.25","0.00"
"GENC","14626","Gift Enclosures - Mini cards pack of 8","10582","Étiquettes Cadeaux - Paquet de 8 mini cartes : Art - Gardiens de la Sagesse","7","7.45","3.25","0.00"
"4DIR700-10","14661","Hoodie Poncho ""Four Directions""","10583","Taille - P","1","209.00","120.00","0.00"
"4DIR700-10","14661","Hoodie Poncho ""Four Directions""","10584","Taille - M","2","209.00","120.00","0.00"
"4DIR700-10","14661","Hoodie Poncho ""Four Directions""","10585","Taille - L","1","209.00","120.00","0.00"
"4DIR700-10","14661","Hoodie Poncho ""Four Directions""","10586","Taille - XL","1","209.00","120.00","0.00"
"THUN700-10","14662","Hoodie Poncho ""Thunderbird""","10587","Taille - P","0","209.00","120.00","0.00"
"THUN700-10","14662","Hoodie Poncho ""Thunderbird""","10588","Taille - M","2","209.00","120.00","0.00"
"THUN700-10","14662","Hoodie Poncho ""Thunderbird""","10589","Taille - L","1","209.00","120.00","0.00"
"THUN700-10","14662","Hoodie Poncho ""Thunderbird""","10590","Taille - XL","1","209.00","120.00","0.00"
"AQUA600OS-01","14666","""Aqua Woodland"" Blanket","","Couverture ""Aqua Woodland""","1","189.00","105.00","0.00"
"CONN600OS-01","14667","""Connections"" Blanket","","Couverture ""Connections""","0","189.00","105.00","0.00"
"CERE600OS-01","14668","""Ceremony"" Blanket","","Couverture ""Ceremony""","4","189.00","105.00","0.00"
"RABBITSKINS","14679","Rabbit Skins","","Peaux de Lapin","31","18.00","7.83","0.00"
"9026-0308-85-1964185OBSM","14686","Ladies Mukluks","10600","Mukluks pour Dame : Pointure - 6","0","310.00","134.80","0.00"
"9026-0308-85-1964185OBSM","14686","Ladies Mukluks","10601","Mukluks pour Dame : Pointure - 7","0","310.00","134.80","0.00"
"9026-0308-85-1964185OBSM","14686","Ladies Mukluks","10602","Mukluks pour Dame : Pointure - 8","1","310.00","134.80","0.00"
"9026-0308-85-1964185OBSM","14686","Ladies Mukluks","10603","Mukluks pour Dame : Pointure - 9","2","310.00","134.80","0.00"
"9026-0308-85-1964185OBSM","14686","Ladies Mukluks","10604","Mukluks pour Dame : Pointure - 10","0","310.00","134.80","0.00"
"9026-0308-85-1964185OBSM","14686","Ladies Mukluks","10605","Mukluks pour Dame : Pointure - 11","0","310.00","134.80","0.00"
"9026-0308-85-1964185OBSM","14686","Ladies Mukluks","10606","Mukluks pour Dame : Pointure - 12","0","310.00","134.80","0.00"
"A10004-POD2561","14715","Matted Print - Merging Earth and Sky","","Impression avec Passe-Partout - Fusion Entre Terre et Ciel","2","20.00","7.50","0.00"
"A08011-POD2585","14716","Matted Print - Whisper","","Impression avec Passe-Partout - Murmure","2","20.00","7.50","0.00"
"DC751","14735","""Birthstone and Feathers"" Dream Catcher","10608","Capteur de Rêves  ""Pierres de Naissance et Plumes"" : Roches - Février Améthyste Intuition","0","10.95","4.50","0.00"
"DC751","14735","""Birthstone and Feathers"" Dream Catcher","10609","Capteur de Rêves  ""Pierres de Naissance et Plumes"" : Roches - Mars Aquamarine Bonheur","0","10.95","4.50","0.00"
"DC751","14735","""Birthstone and Feathers"" Dream Catcher","10610","Capteur de Rêves  ""Pierres de Naissance et Plumes"" : Roches - Avril Quartz Amour","0","10.95","4.50","0.00"
"DC751","14735","""Birthstone and Feathers"" Dream Catcher","10611","Capteur de Rêves  ""Pierres de Naissance et Plumes"" : Roches - Mai Grenat Vert Compassion","0","10.95","4.50","0.00"
"DC751","14735","""Birthstone and Feathers"" Dream Catcher","10612","Capteur de Rêves  ""Pierres de Naissance et Plumes"" : Roches - Juin Pierre de Lune Joie","0","10.95","4.50","0.00"
"DC751","14735","""Birthstone and Feathers"" Dream Catcher","10613","Capteur de Rêves  ""Pierres de Naissance et Plumes"" : Roches - Juillet Cornaline Passion","0","10.95","4.50","0.00"
"DC751","14735","""Birthstone and Feathers"" Dream Catcher","10614","Capteur de Rêves  ""Pierres de Naissance et Plumes"" : Roches - Août Péridot Protection","0","10.95","4.50","0.00"
"DC751","14735","""Birthstone and Feathers"" Dream Catcher","10615","Capteur de Rêves  ""Pierres de Naissance et Plumes"" : Roches - Septembre Lapis Lazuli Focus","1","10.95","4.50","0.00"
"DC751","14735","""Birthstone and Feathers"" Dream Catcher","10616","Capteur de Rêves  ""Pierres de Naissance et Plumes"" : Roches - Octobre Tourmaline Rose Équilibre","0","10.95","4.50","0.00"
"DC751","14735","""Birthstone and Feathers"" Dream Catcher","10617","Capteur de Rêves  ""Pierres de Naissance et Plumes"" : Roches - Novembre Citrine Sagesse","0","10.95","4.50","0.00"
"DC751","14735","""Birthstone and Feathers"" Dream Catcher","10618","Capteur de Rêves  ""Pierres de Naissance et Plumes"" : Roches - Décembre Turquoise Amitié","0","10.95","4.50","0.00"
"DC751","14735","""Birthstone and Feathers"" Dream Catcher","10619","Capteur de Rêves  ""Pierres de Naissance et Plumes"" : Roches - Janvier Grenat Honnêteté","3","10.95","4.50","0.00"
"UAC6901NC1BA","14741","Lou Pouch ""Geese Spirit""","","Pochette Lou ""L'Esprit de l'Outarde""","3","29.00","10.50","0.00"
"UAC6901NC01A","14742","Lou Pouch ""Merging Earth and Sky""","","Pochette Lou ""Fusion entre Terre et Ciel""","4","29.00","10.50","0.00"
"UAC6901NC0YA","14743","Lou Pouch ""Refuge""","","Pochette Lou ""Refuge""","3","29.00","10.50","0.00"
"UAC6901NC04A","14744","Lou Pouch ""Silent Seekers""","","Pochette Lou ""En Quête de Silence""","3","29.00","10.50","0.00"
"UAC6901NC0IA","14747","Lou Pouch ""Wisdom Keepers""","","Pochette Lou ""Gardiens de la Sagesse""","3","29.00","10.50","0.00"
"UAC6901NC1HA","14748","Lou Pouch ""Reaching Out""","","Pochette Lou ""Chaleur de Terre""","3","29.00","10.50","0.00"
"UAC6901NCIJA","14751","Lou Pouch ""Carried Away Under The Blue Moon""","","Pochette Lou ""Emportée Sous La Lune Bleu""","3","29.00","10.50","0.00"
"UAC6501NC1JA","14752","Maxime Bag ""Carried Away Under the Blue Moon""","","Maxime ""Emportée Sous La Lune Bleu""","1","65.00","27.50","0.00"
"OVR0101NC1JA","14754","Oprah Cardigan ""Carried Away Under The Blue Moon""","","Cardigan Oprah ""Emportée Sous La Lune Bleu""","3","139.00","54.00","0.00"
"OVR0101NC14A","14755","Oprah Cardigan ""Silent Seekers""","","Cardigan Oprah ""En Quête de Silence""","0","139.00","54.00","0.00"
"OVR0101NC1BA","14756","Oprah Cardigan ""Geese Spirit""","","Cardigan Oprah ""L'Esprit de l'Outarde""","2","139.00","54.00","0.00"
"UAC6501NCCHA","14757","Maxime Bag ""Quintessence""","","Sac Maxime ""Quintessence""","3","65.00","27.50","0.00"
"WSK0501NC1JA","14758","Elaine Skirt ""Carried Away Under The Blue Moon""","10620","Jupe Elaine ""Emportée Sous La Lune Bleu"" : Taille - P","1","149.00","63.50","0.00"
"WSK0501NC1JA","14758","Elaine Skirt ""Carried Away Under The Blue Moon""","10621","Jupe Elaine ""Emportée Sous La Lune Bleu"" : Taille - M","0","149.00","63.50","0.00"
"WSK0501NC1JA","14758","Elaine Skirt ""Carried Away Under The Blue Moon""","10622","Jupe Elaine ""Emportée Sous La Lune Bleu"" : Taille - L","0","149.00","63.50","0.00"
"WSK0501NC1JA","14758","Elaine Skirt ""Carried Away Under The Blue Moon""","10623","Jupe Elaine ""Emportée Sous La Lune Bleu"" : Taille - XL","0","149.00","63.50","0.00"
"WSK0501NC1JA","14758","Elaine Skirt ""Carried Away Under The Blue Moon""","10624","Jupe Elaine ""Emportée Sous La Lune Bleu"" : Taille - XP","0","149.00","63.50","0.00"
"UAC6101NC1JA","14759","Gustave Pillow ""Carried Away Under The Blue Moon""","","Coussin Gustave ""Emportée Sous La Lune Bleu""","3","59.00","23.00","0.00"
"WAC0901NC1JA","14760","Nora Scarf ""Carried Away Under The Blue Moon""","","Foulard Nora ""Emportée Sous La Lune Bleu""","0","69.00","26.00","0.00"
"MSS0701NC05A","14761","Salvadore Tee for Men ""Carried Away Under The Blue Moon""","10630","Salvador Tee pour Homme ""Emportée Sous La Lune Bleu"" : Taille - XP","0","89.00","36.00","0.00"
"MSS0701NC05A","14761","Salvadore Tee for Men ""Carried Away Under The Blue Moon""","10631","Salvador Tee pour Homme ""Emportée Sous La Lune Bleu"" : Taille - P","0","89.00","36.00","0.00"
"MSS0701NC05A","14761","Salvadore Tee for Men ""Carried Away Under The Blue Moon""","10632","Salvador Tee pour Homme ""Emportée Sous La Lune Bleu"" : Taille - M","1","89.00","36.00","0.00"
"MSS0701NC05A","14761","Salvadore Tee for Men ""Carried Away Under The Blue Moon""","10633","Salvador Tee pour Homme ""Emportée Sous La Lune Bleu"" : Taille - L","0","89.00","36.00","0.00"
"MSS0701NC05A","14761","Salvadore Tee for Men ""Carried Away Under The Blue Moon""","10634","Salvador Tee pour Homme ""Emportée Sous La Lune Bleu"" : Taille - XL","0","89.00","36.00","0.00"
"WBL1801NC1JA","14763","Meryl Satin Kimono ""Carried Away Under The Blue Moon""","","Kimono Satin Meryl ""Emportée Sous La Lune Bleu""","1","279.00","128.00","0.00"
"WBL1801NC1BA","14764","Meryl Satin Kimono ""Geese Spirit""","","Kimono Satin Meryl ""L'Esprit de l'Outarde""","1","279.00","128.00","0.00"
"WBL1801NC14A","14765","Meryl Satin Kimono ""Silent Seekers""","","Kimono Satin Meryl ""En Quête de Silence""","1","279.00","128.00","0.00"
"WBL1801NC15A","14766","Meryl Satin Kimono ""Northern Keepers""","","Kimono Satin Meryl ""Gardiens du Nord""","1","279.00","128.00","0.00"
"WLS1701NC0BB","14769","Mia Turtleneck ""Zenith II""","10641","Col Roulé Mia ""Zenith II"" : Taille - XP","0","149.00","59.50","0.00"
"WLS1701NC0BB","14769","Mia Turtleneck ""Zenith II""","10642","Col Roulé Mia ""Zenith II"" : Taille - P","1","149.00","59.50","0.00"
"WLS1701NC0BB","14769","Mia Turtleneck ""Zenith II""","10643","Col Roulé Mia ""Zenith II"" : Taille - M","1","149.00","59.50","0.00"
"WLS1701NC0BB","14769","Mia Turtleneck ""Zenith II""","10644","Col Roulé Mia ""Zenith II"" : Taille - L","1","149.00","59.50","0.00"
"WLS1701NC0BB","14769","Mia Turtleneck ""Zenith II""","10645","Col Roulé Mia ""Zenith II"" : Taille - XL","0","149.00","59.50","0.00"
"WLS1701NC0BA","14770","Mia Turtleneck ""Zenith""","10646","Col Roulé Mia ""Zenith"" : Taille - XP","1","149.00","59.50","0.00"
"WLS1701NC0BA","14770","Mia Turtleneck ""Zenith""","10647","Col Roulé Mia ""Zenith"" : Taille - P","0","149.00","59.50","0.00"
"WLS1701NC0BA","14770","Mia Turtleneck ""Zenith""","10648","Col Roulé Mia ""Zenith"" : Taille - M","0","149.00","59.50","0.00"
"WLS1701NC0BA","14770","Mia Turtleneck ""Zenith""","10649","Col Roulé Mia ""Zenith"" : Taille - L","0","149.00","59.50","0.00"
"WLS1701NC0BA","14770","Mia Turtleneck ""Zenith""","10650","Col Roulé Mia ""Zenith"" : Taille - XL","1","149.00","59.50","0.00"
"UAC6901NC03A","14773","Lou Pouch ""Motter Love""","","Pochette Lou ""Loutre Mère""","3","29.00","10.50","0.00"
"SHARK","14779","Shark Teeth","","Dents de Requins","1","3.95","1.70","0.00"
"64817","14780","Suede Moccasins for Juniors","10659","Mocassins en Suède pour Juniors : Pointure - 11","0","75.00","32.50","0.00"
"64817","14780","Suede Moccasins for Juniors","10660","Mocassins en Suède pour Juniors : Pointure - 12","0","75.00","32.50","0.00"
"64817","14780","Suede Moccasins for Juniors","10661","Mocassins en Suède pour Juniors : Pointure - 13","1","75.00","32.50","0.00"
"64817","14780","Suede Moccasins for Juniors","10662","Mocassins en Suède pour Juniors : Pointure - 1","0","75.00","32.50","0.00"
"64817","14780","Suede Moccasins for Juniors","10663","Mocassins en Suède pour Juniors : Pointure - 2","0","75.00","32.50","0.00"
"64817","14780","Suede Moccasins for Juniors","10664","Mocassins en Suède pour Juniors : Pointure - 3","0","75.00","32.50","0.00"
"RED1-E","14781","Inukshuk Earrings","","Boucles d'Oreille Inukshuk","6","15.95","7.00","0.00"
"RED1-P","14782","RED1 Inukshuk Pendant","","RED1 Pendentif Inukshuk","0","9.95","4.25","0.00"
"CURRMITT","14802","""Current"" Mittens","10665","Mitaines ""Currant"" : Taille - P","0","58.00","34.00","0.00"
"CURRMITT","14802","""Current"" Mittens","10666","Mitaines ""Currant"" : Taille - M","1","58.00","34.00","0.00"
"CURRMITT","14802","""Current"" Mittens","10667","Mitaines ""Currant"" : Taille - L","0","58.00","34.00","0.00"
"TUNDMITT","14803","""Tundra"" Mittens","10668","Mitaines ""Tundra"" : Taille - M","1","58.00","34.00","0.00"
"TUNDMITT","14803","""Tundra"" Mittens","10669","Mitaines ""Tundra"" : Taille - L","0","58.00","34.00","0.00"
"TUNDMITT","14803","""Tundra"" Mittens","10670","Mitaines ""Tundra"" : Taille - P","0","58.00","34.00","0.00"
"SANDMITT","14807","""Sand"" Mittens","10671","Mitaines ""Sand"" : Taille - M","1","58.00","34.00","0.00"
"SANDMITT","14807","""Sand"" Mittens","10672","Mitaines ""Sand"" : Taille - L","0","58.00","34.00","0.00"
"SANDMITT","14807","""Sand"" Mittens","10673","Mitaines ""Sand"" : Taille - P","0","58.00","34.00","0.00"
"NIBIMITT","14808","""Nibi"" Mittens","10674","Mitaines ""Nibi"" : Taille - M","1","58.00","34.00","0.00"
"NIBIMITT","14808","""Nibi"" Mittens","10675","Mitaines ""Nibi"" : Taille - L","0","58.00","34.00","0.00"
"NIBIMITT","14808","""Nibi"" Mittens","10676","Mitaines ""Nibi"" : Taille - P","0","58.00","34.00","0.00"
"MKWAMITT","14809","""Mkwa"" Mittens","10677","Mitaines ""Mwka"" : Taille - M","0","58.00","34.00","0.00"
"MKWAMITT","14809","""Mkwa"" Mittens","10678","Mitaines ""Mwka"" : Taille - L","0","58.00","34.00","0.00"
"MKWAMITT","14809","""Mkwa"" Mittens","10679","Mitaines ""Mwka"" : Taille - P","0","58.00","34.00","0.00"
"FLEUMITT","14810","""Fleurs"" Mittens","10680","Mitaines ""Fleurs"" : Taille - M","2","58.00","34.00","0.00"
"FLEUMITT","14810","""Fleurs"" Mittens","10681","Mitaines ""Fleurs"" : Taille - L","0","58.00","34.00","0.00"
"FLEUMITT","14810","""Fleurs"" Mittens","10682","Mitaines ""Fleurs"" : Taille - P","0","58.00","34.00","0.00"
"THUNMITT","14811","""Thunderbird"" Mittens","10683","Mitaines ""Thunderbird"" : Taille - M","0","58.00","34.00","0.00"
"THUNMITT","14811","""Thunderbird"" Mittens","10684","Mitaines ""Thunderbird"" : Taille - L","0","58.00","34.00","0.00"
"THUNMITT","14811","""Thunderbird"" Mittens","10685","Mitaines ""Thunderbird"" : Taille - P","0","58.00","34.00","0.00"
"STARSCARF","14812","Infinity Scarf ""Star""","","Foulard Infini ""Star""","0","85.00","0.00","0.00"
"AURO600OS-01","14813","""Aurora"" Blanket","","Couverture ""Aurora""","0","189.00","105.00","0.00"
"WOOD600OS-01","14816","""Woodland Floral"" Wool Blanket","","Couverture en Laine ""Woodland Floral""","0","289.00","164.00","0.00"
"STAR600OS-03","14817","Shawl ""Star""","","Châle ""Star""","0","134.00","80.00","0.00"
"SCA0201NC0YA","14828","Aspen Scarf ""Refuge""","","Foulard Aspen ""Refuge""","4","79.00","19.55","0.00"
"SCA0201NC1JA","14829","Aspen Scarf ""Carried Away Under The Blue Moon""","","Foulard Aspen ""Emportée Sous La Lune Bleu""","2","79.00","19.55","0.00"
"SCA0201NC0BA","14830","Aspen Scarf ""Zenith""","","Foulard Aspen ""Zenith""","4","79.00","19.55","0.00"
"SCA0201NC04A","14832","Aspen Scarf ""Silent Seekers""","","Foulard Aspen ""En Quête de Silence""","4","79.00","19.55","0.00"
"SCA0201NCIBA","14833","Aspen Scarf ""Geese Spirit""","","Foulard Aspen ""L'Esprit de l'Outarde""","2","79.00","19.55","0.00"
"SCA0201NC05A","14834","Aspen Scarf ""Northern Keepers""","","Foulard Aspen ""Gardiens du Nord""","5","79.00","19.55","0.00"
"WLS2001NC05A","14835","Mia Turtleneck ""Northern Keepers"" Plus Size","10691","Taille Plus Col Roulé Mia ""Gardiens du Nord"" : Taille - 1X","0","149.00","68.00","0.00"
"WLS2001NC05A","14835","Mia Turtleneck ""Northern Keepers"" Plus Size","10692","Taille Plus Col Roulé Mia ""Gardiens du Nord"" : Taille - 2X","1","149.00","68.00","0.00"
"WLS2001NC05A","14835","Mia Turtleneck ""Northern Keepers"" Plus Size","10693","Taille Plus Col Roulé Mia ""Gardiens du Nord"" : Taille - 3X","0","149.00","68.00","0.00"
"PLN113","14836","Planner 2025","","Agenda 2025","4","25.45","11.00","0.00"
"SOC","14865","Elderberries Tincture","","Teinture de Baies de Sureau","10","30.00","13.00","0.00"
"5408-0402-12-551137NB","14873","Ladies Concho","10704","Concho pour Dames : Pointure - 4","0","159.00","68.80","0.00"
"5408-0402-12-551137NB","14873","Ladies Concho","10705","Concho pour Dames : Pointure - 5","0","159.00","68.80","0.00"
"5408-0402-12-551137NB","14873","Ladies Concho","10706","Concho pour Dames : Pointure - 6","0","159.00","68.80","0.00"
"5408-0402-12-551137NB","14873","Ladies Concho","10707","Concho pour Dames : Pointure - 7","0","159.00","68.80","0.00"
"5408-0402-12-551137NB","14873","Ladies Concho","10708","Concho pour Dames : Pointure - 8","1","159.00","68.80","0.00"
"5408-0402-12-551137NB","14873","Ladies Concho","10709","Concho pour Dames : Pointure - 9","0","159.00","68.80","0.00"
"5408-0402-12-551137NB","14873","Ladies Concho","10710","Concho pour Dames : Pointure - 10","0","159.00","68.80","0.00"
"5408-0402-12-551137NB","14873","Ladies Concho","10711","Concho pour Dames : Pointure - 11","0","159.00","68.80","0.00"
"5408-0402-12-551137NB","14873","Ladies Concho","10712","Concho pour Dames : Pointure - 12","0","159.00","68.80","0.00"
"1300-0000-13-137376MO","14874","Ladies Concho","10723","Concho pour Dames : Pointure - 4","0","128.00","55.50","0.00"
"1300-0000-13-137376MO","14874","Ladies Concho","10724","Concho pour Dames : Pointure - 5","0","128.00","55.50","0.00"
"1300-0000-13-137376MO","14874","Ladies Concho","10725","Concho pour Dames : Pointure - 6","0","128.00","55.50","0.00"
"1300-0000-13-137376MO","14874","Ladies Concho","10726","Concho pour Dames : Pointure - 7","0","128.00","55.50","0.00"
"1300-0000-13-137376MO","14874","Ladies Concho","10727","Concho pour Dames : Pointure - 8","0","128.00","55.50","0.00"
"1300-0000-13-137376MO","14874","Ladies Concho","10728","Concho pour Dames : Pointure - 9","2","128.00","55.50","0.00"
"1300-0000-13-137376MO","14874","Ladies Concho","10729","Concho pour Dames : Pointure - 10","0","128.00","55.50","0.00"
"1300-0000-13-137376MO","14874","Ladies Concho","10730","Concho pour Dames : Pointure - 11","0","128.00","55.50","0.00"
"1300-0000-13-137376MO","14874","Ladies Concho","10731","Concho pour Dames : Pointure - 12","0","128.00","55.50","0.00"
"1300-0000-13-137376BL","14875","Ladies Concho","10741","Concho pour Dames : Pointure - 4","0","128.00","55.50","0.00"
"1300-0000-13-137376BL","14875","Ladies Concho","10742","Concho pour Dames : Pointure - 5","0","128.00","55.50","0.00"
"1300-0000-13-137376BL","14875","Ladies Concho","10743","Concho pour Dames : Pointure - 6","0","128.00","55.50","0.00"
"1300-0000-13-137376BL","14875","Ladies Concho","10744","Concho pour Dames : Pointure - 7","0","128.00","55.50","0.00"
"1300-0000-13-137376BL","14875","Ladies Concho","10745","Concho pour Dames : Pointure - 8","1","128.00","55.50","0.00"
"1300-0000-13-137376BL","14875","Ladies Concho","10746","Concho pour Dames : Pointure - 9","0","128.00","55.50","0.00"
"1300-0000-13-137376BL","14875","Ladies Concho","10747","Concho pour Dames : Pointure - 10","1","128.00","55.50","0.00"
"1300-0000-13-137376BL","14875","Ladies Concho","10748","Concho pour Dames : Pointure - 11","0","128.00","55.50","0.00"
"1300-0000-13-137376BL","14875","Ladies Concho","10749","Concho pour Dames : Pointure - 12","0","128.00","55.50","0.00"
"9813-0408-86BL2-986486BL","14877","Ladies Mukluks","10750","Mukluks pour Dames : Pointure - 4","0","460.00","199.60","0.00"
"9813-0408-86BL2-986486BL","14877","Ladies Mukluks","10751","Mukluks pour Dames : Pointure - 5","0","460.00","199.60","0.00"
"9813-0408-86BL2-986486BL","14877","Ladies Mukluks","10752","Mukluks pour Dames : Pointure - 7","0","460.00","199.60","0.00"
"9813-0408-86BL2-986486BL","14877","Ladies Mukluks","10753","Mukluks pour Dames : Pointure - 8","0","460.00","199.60","0.00"
"9813-0408-86BL2-986486BL","14877","Ladies Mukluks","10754","Mukluks pour Dames : Pointure - 9","0","460.00","199.60","0.00"
"9813-0408-86BL2-986486BL","14877","Ladies Mukluks","10755","Mukluks pour Dames : Pointure - 10","0","460.00","199.60","0.00"
"9813-0408-86BL2-986486BL","14877","Ladies Mukluks","10756","Mukluks pour Dames : Pointure - 11","0","460.00","199.60","0.00"
"9813-0408-86BL2-986486BL","14877","Ladies Mukluks","10757","Mukluks pour Dames : Pointure - 12","0","460.00","199.60","0.00"
"9813-0408-86BL2-986486BL","14877","Ladies Mukluks","10758","Mukluks pour Dames : Pointure - 6","0","460.00","199.60","0.00"
"9813-0408-86BL2-985485CHO","14878","Ladies Mukluks","10768","Mukluks pour Dames : Pointure - 4","0","435.00","188.70","0.00"
"9813-0408-86BL2-985485CHO","14878","Ladies Mukluks","10769","Mukluks pour Dames : Pointure - 5","1","435.00","188.70","0.00"
"9813-0408-86BL2-985485CHO","14878","Ladies Mukluks","10770","Mukluks pour Dames : Pointure - 6","0","435.00","188.70","0.00"
"9813-0408-86BL2-985485CHO","14878","Ladies Mukluks","10771","Mukluks pour Dames : Pointure - 7","0","435.00","188.70","0.00"
"9813-0408-86BL2-985485CHO","14878","Ladies Mukluks","10772","Mukluks pour Dames : Pointure - 8","0","435.00","188.70","0.00"
"9813-0408-86BL2-985485CHO","14878","Ladies Mukluks","10773","Mukluks pour Dames : Pointure - 9","0","435.00","188.70","0.00"
"9813-0408-86BL2-985485CHO","14878","Ladies Mukluks","10774","Mukluks pour Dames : Pointure - 10","0","435.00","188.70","0.00"
"9813-0408-86BL2-985485CHO","14878","Ladies Mukluks","10775","Mukluks pour Dames : Pointure - 11","0","435.00","188.70","0.00"
"9813-0408-86BL2-985485CHO","14878","Ladies Mukluks","10776","Mukluks pour Dames : Pointure - 12","0","435.00","188.70","0.00"
"BX15","14893","Box Chain Necklace","10777","Chaîne Cubique : Taille - 16""","7","20.00","0.00","8.00"
"BX15","14893","Box Chain Necklace","10778","Chaîne Cubique : Taille - 18""","4","23.00","0.00","9.00"
"BX15","14893","Box Chain Necklace","10779","Chaîne Cubique : Taille - 20""","1","27.00","0.00","11.00"
"BX15","14893","Box Chain Necklace","10780","Chaîne Cubique : Taille - 22""","0","26.00","0.00","11.00"
"BX15","14893","Box Chain Necklace","10787","Chaîne Cubique : Taille - 24""","0","28.00","0.00","11.00"
"BX15","14893","Box Chain Necklace","10788","Chaîne Cubique : Taille - 30""","0","32.00","0.00","12.00"
"F50","14894","Figaro Chain","10781","Chaîne Figaro : Taille - 16""","4","31.00","0.00","12.00"
"F50","14894","Figaro Chain","10782","Chaîne Figaro : Taille - 18""","3","34.00","0.00","12.80"
"F50","14894","Figaro Chain","10783","Chaîne Figaro : Taille - 20""","1","37.00","0.00","15.80"
"F50","14894","Figaro Chain","10784","Chaîne Figaro : Taille - 22""","1","40.00","0.00","17.30"
"F50","14894","Figaro Chain","10785","Chaîne Figaro : Taille - 24""","0","43.00","0.00","18.60"
"F50","14894","Figaro Chain","10786","Chaîne Figaro : Taille - 30""","0","0.00","0.00","0.00"
"F80","14895","Figaro Chain","10789","Chaîne Figaro : Taille - 18""","0","54.00","0.00","0.00"
"F80","14895","Figaro Chain","10790","Chaîne Figaro : Taille - 20""","0","63.00","0.00","26.86"
"F80","14895","Figaro Chain","10791","Chaîne Figaro : Taille - 22""","0","66.00","0.00","26.08"
"F80","14895","Figaro Chain","10792","Chaîne Figaro : Taille - 24""","2","69.00","0.00","28.26"
"F80","14895","Figaro Chain","10793","Chaîne Figaro : Taille - 30""","0","0.00","0.00","0.00"
"F80","14895","Figaro Chain","10794","Chaîne Figaro : Taille - 16""","0","0.00","0.00","0.00"
"OBX","14896","Oxydized Rounded Box Chain","10795","Chaîne Cubique Oxydée : Taille - 18""","1","71.00","0.00","30.94"
"OBX","14896","Oxydized Rounded Box Chain","10796","Chaîne Cubique Oxydée : Taille - 20""","2","76.00","0.00","33.00"
"OBX","14896","Oxydized Rounded Box Chain","10797","Chaîne Cubique Oxydée : Taille - 22""","0","76.00","0.00","0.00"
"OBX","14896","Oxydized Rounded Box Chain","10798","Chaîne Cubique Oxydée : Taille - 24""","1","84.00","0.00","36.00"
"OBX","14896","Oxydized Rounded Box Chain","10799","Chaîne Cubique Oxydée : Taille - 30""","0","84.00","0.00","0.00"
"OBX","14896","Oxydized Rounded Box Chain","10800","Chaîne Cubique Oxydée : Taille - 16""","2","67.00","0.00","28.90"
"STC","14897","Satellite Chain","10801","Chaîne Satellite : Taille - 18""","1","29.00","0.00","12.37"
"STC","14897","Satellite Chain","10802","Chaîne Satellite : Taille - 20""","0","0.00","0.00","0.00"
"STC","14897","Satellite Chain","10803","Chaîne Satellite : Taille - 22""","0","0.00","0.00","0.00"
"STC","14897","Satellite Chain","10804","Chaîne Satellite : Taille - 24""","0","0.00","0.00","0.00"
"STC","14897","Satellite Chain","10805","Chaîne Satellite : Taille - 30""","0","0.00","0.00","0.00"
"STC","14897","Satellite Chain","10806","Chaîne Satellite : Taille - 16""","0","26.00","0.00","11.00"
"SUN","14898","Sun Disk Curb Chain","10813","Chaîne Solaire à Gourmettes : Taille - 7""","0","25.00","0.00","10.31"
"SUN","14898","Sun Disk Curb Chain","10814","Chaîne Solaire à Gourmettes : Taille - 9""","0","30.00","0.00","13.22"
"SUN","14898","Sun Disk Curb Chain","10815","Chaîne Solaire à Gourmettes : Taille - 16""","1","51.00","0.00","21.99"
"SUN","14898","Sun Disk Curb Chain","10816","Chaîne Solaire à Gourmettes : Taille - 18""","0","56.00","0.00","24.00"
"SUN","14898","Sun Disk Curb Chain","10817","Chaîne Solaire à Gourmettes : Taille - 20""","0","55.00","0.00","0.00"
"SUN","14898","Sun Disk Curb Chain","10818","Chaîne Solaire à Gourmettes : Taille - 22""","0","59.00","0.00","0.00"
"SUN","14898","Sun Disk Curb Chain","10819","Chaîne Solaire à Gourmettes : Taille - 24""","0","63.00","0.00","0.00"
"SUN","14898","Sun Disk Curb Chain","10820","Chaîne Solaire à Gourmettes : Taille - 30""","0","69.00","0.00","0.00"
"THR72","14933","Stones - Worry Big","","Pierres d'Inquiétude Grosses","9","7.50","3.20","0.00"
"ESLB","14934","Stones - Earth Labradorite","","Pierres Labradorite Terre","11","7.50","3.20","0.00"
"CBDF","14935","Stones - Canadian Rocks package","","Pierres - ensemble de roches Canadiennes","8","8.95","3.90","0.00"
"UAC6401NC1IA","14946","Lou Pouch ""Quintessence""","","Pochette Lou ""Quintessence""","3","29.00","10.50","0.00"
"WSM12","14953","Stones - Magnets with one word","","Pierres - Aimants avec un mot","10","7.50","3.20","0.00"
"FIS40R","14954","Stones - Quote Inspiration","","Pierres avec phrase d'Inspiration","3","7.50","3.20","0.00"
"FWP60R","14955","Stones - Wishstones with one word","","Pierres de Souhaits - avec un mot","11","6.50","2.80","0.00"
"BBSS1-P","14990","Sterling Silver Necklace","","Collier en Argent Sterling","0","34.95","15.00","0.00"
"BBSS10-P","14992","BBSS10 Pendant ""Birch Bark""","","BBSS10 Pendentif ""Bouleau""","0","38.95","16.50","0.00"
"BBSS11-P","14993","Sterling Silver Necklace","","Collier en Argent Sterling","1","38.95","16.50","0.00"
"BBSS12-P","14994","Sterling Silver Necklace","","Collier en Argent Sterling","2","38.95","16.50","0.00"
"BBSS1","14995","Sterling Silver Earrings","","Boucles d'Oreilles Argent Sterling","3","46.95","20.00","0.00"
"BBSS10","14997","Sterling Silver Earrings","","Boucles d'Oreilles Argent Sterling","1","55.95","24.00","0.00"
"BBSS11","14998","Sterling Silver Earrings","","Boucles d'Oreilles Argent Sterling","2","55.95","24.00","0.00"
"BBSS12","14999","Sterling Silver Earrings","","Boucles d'Oreilles Argent Sterling","2","55.95","24.00","0.00"
"SCA0201NCODA","15020","Aspen Scarf ""Early Evening Flowing Into Fall""","","Foulard Aspen ""Soirée Glissant Vers l'Automne""","2","79.00","19.55","0.00"
"DSTICK","15055","Drum Stick","","Bâton de Tambour","0","45.00","22.50","0.00"
"DRUMS","15076","Drums","10856","Tambours : Tambours - 8"" - Chevreuil","3","115.00","0.00","63.25"
"DRUMS","15076","Drums","10857","Tambours : Tambours - 8"" - Orignal","0","0.00","0.00","0.00"
"DRUMS","15076","Drums","10858","Tambours : Tambours - 9"" - Chevreuil","0","0.00","0.00","0.00"
"DRUMS","15076","Drums","10859","Tambours : Tambours - 9"" - Orignal","0","0.00","0.00","0.00"
"DRUMS","15076","Drums","10860","Tambours : Tambours - 10"" - Chevreuil","0","0.00","0.00","0.00"
"DRUMS","15076","Drums","10861","Tambours : Tambours - 10"" - Orignal","0","0.00","0.00","0.00"
"DRUMS","15076","Drums","10862","Tambours : Tambours - 11"" - Chevreuil","4","145.00","0.00","79.75"
"DRUMS","15076","Drums","10863","Tambours : Tambours - 11"" - Orignal","0","0.00","0.00","0.00"
"DRUMS","15076","Drums","10864","Tambours : Tambours - 12"" - Chevreuil","0","185.00","0.00","101.75"
"DRUMS","15076","Drums","10865","Tambours : Tambours - 12"" - Orignal","2","270.00","0.00","148.50"
"DRUMS","15076","Drums","10866","Tambours : Tambours - 13"" - Chevreuil","0","0.00","0.00","0.00"
"DRUMS","15076","Drums","10867","Tambours : Tambours - 13"" - Orignal","0","0.00","0.00","0.00"
"DRUMS","15076","Drums","10868","Tambours : Tambours - 14"" - Chevreuil","1","245.00","0.00","134.75"
"DRUMS","15076","Drums","10869","Tambours : Tambours - 14"" - Orignal","0","0.00","0.00","0.00"
"DRUMS","15076","Drums","10870","Tambours : Tambours - 15"" - Chevreuil","0","0.00","0.00","0.00"
"DRUMS","15076","Drums","10871","Tambours : Tambours - 15"" - Orignal","0","0.00","0.00","0.00"
"DRUMS","15076","Drums","10872","Tambours : Tambours - 16"" - Chevreuil","1","260.00","0.00","143.00"
"DRUMS","15076","Drums","10873","Tambours : Tambours - 16"" - Orignal","0","0.00","0.00","0.00"
"DRUMS","15076","Drums","10874","Tambours : Tambours - 17"" - Chevreuil","0","0.00","0.00","0.00"
"DRUMS","15076","Drums","10875","Tambours : Tambours - 17"" - Orignal","0","0.00","0.00","0.00"
"DRUMS","15076","Drums","10876","Tambours : Tambours - 18"" - Chevreuil","0","0.00","0.00","0.00"
"DRUMS","15076","Drums","10877","Tambours : Tambours - 18"" - Orignal","0","0.00","0.00","0.00"
"DRUMS","15076","Drums","10878","Tambours : Tambours - 19"" - Chevreuil","0","0.00","0.00","0.00"
"DRUMS","15076","Drums","10879","Tambours : Tambours - 19"" - Orignal","0","0.00","0.00","0.00"
"DRUMS","15076","Drums","10880","Tambours : Tambours - 20"" - Chevreuil","0","0.00","0.00","0.00"
"DRUMS","15076","Drums","10881","Tambours : Tambours - 20"" - Orignal","0","0.00","0.00","0.00"
"DRUMS","15076","Drums","10882","Tambours : Tambours - 22"" - Chevreuil","0","0.00","0.00","0.00"
"DRUMS","15076","Drums","10883","Tambours : Tambours - 22"" - Orignal","0","0.00","0.00","0.00"
"DRUMS","15076","Drums","10884","Tambours : Tambours - 12"" - Ours","1","280.00","0.00","154.00"
"99 Baby Wrap","15125","Suede Moccasins for Babies","10895","Mocassins en Suède pour Bébés : Couleurs - Noir","3","65.00","36.00","0.00"
"99 Baby Wrap","15125","Suede Moccasins for Babies","10896","Mocassins en Suède pour Bébés : Couleurs - Brun","0","65.00","36.00","0.00"
"99 Baby Wrap","15125","Suede Moccasins for Babies","10897","Mocassins en Suède pour Bébés : Couleurs - Brun foncé","2","65.00","36.00","0.00"
"ELITE-230WHFUREPE","15127","Deerskin Mitts with Fox","10906","Mitaines en Chevreuil et Renard : Taille - XP","0","170.00","99.75","0.00"
"ELITE-230WHFUREPE","15127","Deerskin Mitts with Fox","10907","Mitaines en Chevreuil et Renard : Taille - P","0","170.00","99.75","0.00"
"ELITE-230WHFUREPE","15127","Deerskin Mitts with Fox","10908","Mitaines en Chevreuil et Renard : Taille - M","0","170.00","99.75","0.00"
"ELITE-230WHFUREPE","15127","Deerskin Mitts with Fox","10909","Mitaines en Chevreuil et Renard : Taille - L","0","170.00","99.75","0.00"
"ELITE-230WHFUREPE","15127","Deerskin Mitts with Fox","10910","Mitaines en Chevreuil et Renard : Taille - XL","0","170.00","99.75","0.00"
"BP3","15128","Leather Knap Sack","","Sac à Dos en Cuir","1","275.00","148.00","0.00"
"HBS","15129","Leather Fringe Purse","","Sacoche en Cuir avec Franges","0","160.00","70.00","0.00"
"HBANITA-FR","15130","Leather Fringe Purse","10921","Sacoche en Cuir avec Franges : Couleurs - Noir","0","355.00","191.50","0.00"
"HBANITA-FR","15130","Leather Fringe Purse","10922","Sacoche en Cuir avec Franges : Couleurs - Rouge","0","355.00","191.50","0.00"
"HBANITA-FR","15130","Leather Fringe Purse","10923","Sacoche en Cuir avec Franges : Couleurs - Brun foncé","0","355.00","191.50","0.00"
"HBANITA-FR","15130","Leather Fringe Purse","10924","Sacoche en Cuir avec Franges : Couleurs - Brun","0","355.00","191.50","0.00"
"ECLA600OS-03","15148","Shawl ""Eclair""","","Châle ""Eclair""","2","134.00","80.00","0.00"
"MWCOASTER","15149","Medicine Wheel Coaster","10925","Sous-verres Roue de Médecine : Taille - Unité","30","16.00","13.00","0.00"
"MWCOASTER","15149","Medicine Wheel Coaster","10926","Sous-verres Roue de Médecine : Taille - Ensemble de 2","9","30.00","13.00","0.00"
"MWCOASTER","15149","Medicine Wheel Coaster","10927","Sous-verres Roue de Médecine : Taille - Ensemble de 4","5","60.00","13.00","0.00"
"CS-Individual","15155","Ancestral Seeds (Sachet)","","Semences Ancestrales (Sachet)","17","3.99","2.40","0.00"
"BLU400O-06","15156","Poncho ""Blush""","10932","Taille - 4 ans - 8 ans","0","89.00","0.00","53.00"
"BLU400O-06","15156","Poncho ""Blush""","10933","Taille - 18 mois - 3 ans","0","85.00","0.00","51.00"
"Orange Shirt","15158","Pin - ""Orange Shirt""","","Broche - ""Chandail Orange""","5","30.00","15.00","0.00"
"KC-Heart","15159","Key Chain ""Heart""","","Porte-clés ""Coeur""","6","25.00","12.50","0.00"
"ELITE-230BNCEPE","15163","Deerskin Mitts","10939","Mitaines en Chevreuil : Taille - XP","2","155.00","83.25","0.00"
"ELITE-230BNCEPE","15163","Deerskin Mitts","10940","Mitaines en Chevreuil : Taille - P","2","155.00","83.25","0.00"
"ELITE-230BNCEPE","15163","Deerskin Mitts","10941","Mitaines en Chevreuil : Taille - M","2","155.00","83.25","0.00"
"ELITE-230BNCEPE","15163","Deerskin Mitts","10942","Mitaines en Chevreuil : Taille - L","1","155.00","83.25","0.00"
"ELITE-230BNCEPE","15163","Deerskin Mitts","10943","Mitaines en Chevreuil : Taille - XL","0","155.00","83.25","0.00"
"ELITE-260GEPE","15165","Moosehide Mitts","10949","Mitaines d'Orignal : Taille - XP","2","155.00","83.25","0.00"
"ELITE-260GEPE","15165","Moosehide Mitts","10950","Mitaines d'Orignal : Taille - P","2","155.00","83.25","0.00"
"ELITE-260GEPE","15165","Moosehide Mitts","10951","Mitaines d'Orignal : Taille - M","1","155.00","83.25","0.00"
"ELITE-260GEPE","15165","Moosehide Mitts","10952","Mitaines d'Orignal : Taille - L","2","155.00","83.25","0.00"
"ELITE-260GEPE","15165","Moosehide Mitts","10953","Mitaines d'Orignal : Taille - XL","0","155.00","83.25","0.00"
"W12001-7","15166","Card - Dialogue","","Carte - Dialogue","0","5.50","2.50","0.00"
"A08013-2","15167","Ltd Edition - New Day","10954","Édition Ltée - Nouveau Jour : Options d'encadrement - Cadre rustique noir 1""","0","335.00","0.00","0.00"
"A08013-2","15167","Ltd Edition - New Day","10955","Édition Ltée - Nouveau Jour : Options d'encadrement - Cadre rustique brun 1""","0","335.00","0.00","0.00"
"A08013-2","15167","Ltd Edition - New Day","10956","Édition Ltée - Nouveau Jour : Options d'encadrement - Cadre rustique gris 1""","0","335.00","0.00","0.00"
"A08013-2","15167","Ltd Edition - New Day","10957","Édition Ltée - Nouveau Jour : Options d'encadrement - Sans cadre","3","170.00","0.00","74.00"
"A10004-2","15168","Ltd Edition - Merging Earth and Sky","10958","Édition Ltée - Fusion entre Terre et Ciel : Options d'encadrement - Cadre rustique noir 1""","0","335.00","0.00","0.00"
"A10004-2","15168","Ltd Edition - Merging Earth and Sky","10959","Édition Ltée - Fusion entre Terre et Ciel : Options d'encadrement - Cadre rustique brun 1""","0","335.00","0.00","0.00"
"A10004-2","15168","Ltd Edition - Merging Earth and Sky","10960","Édition Ltée - Fusion entre Terre et Ciel : Options d'encadrement - Cadre rustique gris 1""","0","335.00","0.00","0.00"
"A10004-2","15168","Ltd Edition - Merging Earth and Sky","10961","Édition Ltée - Fusion entre Terre et Ciel : Options d'encadrement - Sans cadre","1","170.00","0.00","74.00"
"A10012-2","15169","Ltd Edition - Sky Sisters","10962","Édition Ltée - Nos Soeurs du Ciel : Options d'encadrement - Cadre rustique noir 1""","0","335.00","0.00","0.00"
"A10012-2","15169","Ltd Edition - Sky Sisters","10963","Édition Ltée - Nos Soeurs du Ciel : Options d'encadrement - Cadre rustique brun 1""","0","335.00","0.00","0.00"
"A10012-2","15169","Ltd Edition - Sky Sisters","10964","Édition Ltée - Nos Soeurs du Ciel : Options d'encadrement - Cadre rustique gris 1""","0","335.00","0.00","0.00"
"A10012-2","15169","Ltd Edition - Sky Sisters","10965","Édition Ltée - Nos Soeurs du Ciel : Options d'encadrement - Sans cadre","1","170.00","0.00","74.00"
"A08011-2","15170","Ltd Edition - Whisper","10966","Édition Ltée - Murmure : Options d'encadrement - Cadre rustique noir 1""","0","295.00","0.00","0.00"
"A08011-2","15170","Ltd Edition - Whisper","10967","Édition Ltée - Murmure : Options d'encadrement - Cadre rustique brun 1""","0","295.00","0.00","0.00"
"A08011-2","15170","Ltd Edition - Whisper","10968","Édition Ltée - Murmure : Options d'encadrement - Cadre rustique gris 1""","0","295.00","0.00","0.00"
"A08011-2","15170","Ltd Edition - Whisper","10969","Édition Ltée - Murmure : Options d'encadrement - Sans cadre","3","130.00","0.00","65.00"
"W13047-6","15171","Small Print - Inner Memories","","Petite Repro - Mémoires Ancestrales","0","25.00","10.87","0.00"
"A16052-6","15172","Small Print - Zenith","","Petite Repro - Zénith","0","25.00","10.87","0.00"
"W13025-POD2569","15173","Matted Print - Passage","","Impression avec Passe-Partout - Passage","0","20.00","7.50","0.00"
"A07020-20080","15174","Card - Journey to the Spirit World","","Carte - Voyage Vers le Monde du Songe","12","6.35","2.75","0.00"
"W12018-POD2551","15175","Matted Print - Early Evening Flowing Into Fall","","Impression avec Passe-Partout - Soirée Glissant Vers l'Automne","0","20.00","7.50","0.00"
"W13047-POD2560","15176","Matted Print - Inner Memories","","Impression avec Passe-Partout - Mémoires Ancestrales","3","20.00","7.50","0.00"
"W18053-POD2883","15177","Matted Print - Northern Masters","","Impression avec Passe-Partout - Maîtres du Nord","1","20.00","7.50","0.00"
"SCA0201NC0IA","15178","Aspen Scarf ""Wisdom Keepers""","","Foulard Aspen ""Gardiens de la Sagesse""","4","79.00","19.55","0.00"
"A10046-POD2553","15179","Matted Print - Geese Spirit","","Impression avec Passe-Partout - L'Esprit de l'Outarde","3","20.00","7.50","0.00"
"MSW0201NC02A","15180","James Sweater ""Depth""","10970","James Sweat-Shirt ""Profondeur"" : Taille - P","0","149.00","63.50","0.00"
"MSW0201NC02A","15180","James Sweater ""Depth""","10971","James Sweat-Shirt ""Profondeur"" : Taille - M","0","149.00","63.50","0.00"
"MSW0201NC02A","15180","James Sweater ""Depth""","10972","James Sweat-Shirt ""Profondeur"" : Taille - L","0","149.00","63.50","0.00"
"MSW0201NC02A","15180","James Sweater ""Depth""","10973","James Sweat-Shirt ""Profondeur"" : Taille - XL","0","149.00","63.50","0.00"
"MSW0201NC02A","15180","James Sweater ""Depth""","10974","James Sweat-Shirt ""Profondeur"" : Taille - XP","0","149.00","63.50","0.00"
"A16058-UAC6201NC04A","15181","Arthur Pillow ""Silent Seekers""","","Coussin Arthur ""En Quête de Silence""","5","59.00","21.00","0.00"
"UAC6101NC07A","15182","Gustave Pillow ""Winter Wolves""","","Coussin Gustave ""Loups d'Hiver""","0","59.00","23.00","0.00"
"RES0201NC13A","15183","Océanne Beach ""Unity""","","Océanne Beach ""Union""","0","99.00","40.50","0.00"
"RES0201NC0FA","15185","Océanne Beach ""New Day""","","Océanne Beach ""Nouveau Jour""","0","99.00","40.50","0.00"
"A08019-RES0101NC3A2","15186","Marina Beach ""Unity""","","Marina Beach ""Union""","0","109.00","46.00","0.00"
"A08013-RES0101NC0FA","15187","Marina Beach ""New Day""","","Marina Beach ""Nouveau Jour""","0","109.00","46.00","0.00"
"UAC6101NC01A","15188","Gustave Pillow ""Merging Earth and Sky""","","Coussin Gustave ""Fusion entre Terre et Ciel""","3","59.00","23.00","0.00"
"UAC6101NC04A","15189","Gustave Pillow ""Silent Seekers""","","Coussin Gustave ""En Quête de Silence""","0","59.00","23.00","0.00"
"A16059-POD2582C","15190","Canvas - Wisdom Keepers","10978","Toile - Gardiens de la Sagesse : Options d'encadrement - Sans cadre 20"" x 10""","0","65.00","17.00","0.00"
"A16059-POD2582C","15190","Canvas - Wisdom Keepers","10979","Toile - Gardiens de la Sagesse : Options d'encadrement - Sans cadre 10"" x 8"" ","1","40.00","17.00","17.00"
"A10012-POD2565C","15191","Canvas - Sky Sisters","","Toile - Nos Soeurs du Ciel","3","40.00","17.00","0.00"
"A13025-POD2569C","15192","Canvas - Passage","","Toile - Passage","0","40.00","17.00","0.00"
"A08013-POD2584C","15193","Canvas - New Day","","Toile - Nouveau Jour","1","40.00","17.00","0.00"
"A17064-POD2563C","15194","Canvas - Motter Love","","Toile - Loutre Mère","0","55.00","17.00","0.00"
"A01028-POD2555C","15195","Canvas - Giving Thanks","","Toile - Rendre Grâce","1","40.00","17.00","0.00"
"A00048-6","15196","Canvas - Protector","10980","Toile - Protecteur : Options d'encadrement - Cadre flottant bois noir","0","395.00","0.00","0.00"
"A00048-6","15196","Canvas - Protector","10981","Toile - Protecteur : Options d'encadrement - Cadre flottant bois brun","0","395.00","0.00","0.00"
"A00048-6","15196","Canvas - Protector","10982","Toile - Protecteur : Options d'encadrement - Cadre flottant bois étain","0","395.00","0.00","0.00"
"A00048-6","15196","Canvas - Protector","10983","Toile - Protecteur : Options d'encadrement - Sans cadre","0","295.00","0.00","0.00"
"A01036-WBL0301NC0ZA","15197","Frida Cardigan ""Teachings""","10984","Cardigan Frida ""Le Chant du Tambour"" : Taille - P","0","129.00","52.50","0.00"
"A01036-WBL0301NC0ZA","15197","Frida Cardigan ""Teachings""","10985","Cardigan Frida ""Le Chant du Tambour"" : Taille - M","0","129.00","52.50","0.00"
"A01036-WBL0301NC0ZA","15197","Frida Cardigan ""Teachings""","10986","Cardigan Frida ""Le Chant du Tambour"" : Taille - L","0","129.00","52.50","0.00"
"A01036-WBL0301NC0ZA","15197","Frida Cardigan ""Teachings""","10987","Cardigan Frida ""Le Chant du Tambour"" : Taille - XL","0","129.00","52.50","0.00"
"A01036-WBL0301NC0ZA","15197","Frida Cardigan ""Teachings""","10988","Cardigan Frida ""Le Chant du Tambour"" : Taille - XP","0","129.00","52.50","0.00"
"A08007-UAC6701NC1AA","15198","Angèle Apron ""A Moose and a Goose""","","Tablier Angèle ""Un Orignal et une Outarde""","2","69.00","29.50","0.00"
"WAC0801NC0DB","15199","Ava Poncho ""Early Evening Flowing into Fall""","","Poncho Ava ""Soirée Glissant vers l'Automne""","1","109.00","38.00","0.00"
"WAC0801NC17A","15200","Ava Poncho ""Inner Memories""","","Poncho Ava ""Mémoires Ancestrales""","4","109.00","38.00","0.00"
"W12005-WAC0601NC0IA","15201","Claudia Shawl ""Wisdom Keepers""","","Châle Claudia ""Gardiens de la Sagesse""","0","109.00","35.00","0.00"
"W13023-WNS0701NC11A","15202","Coco Tank ""Water and Spirit Buffalo at Sunset""","10989","Débardeur Coco ""Eau et Esprit du Bison au Soleil Couchant"" : Taille - P","0","79.00","34.35","0.00"
"W13023-WNS0701NC11A","15202","Coco Tank ""Water and Spirit Buffalo at Sunset""","10990","Débardeur Coco ""Eau et Esprit du Bison au Soleil Couchant"" : Taille - M","0","79.00","34.35","0.00"
"W13023-WNS0701NC11A","15202","Coco Tank ""Water and Spirit Buffalo at Sunset""","10991","Débardeur Coco ""Eau et Esprit du Bison au Soleil Couchant"" : Taille - L","0","79.00","34.35","0.00"
"W13023-WNS0701NC11A","15202","Coco Tank ""Water and Spirit Buffalo at Sunset""","10992","Débardeur Coco ""Eau et Esprit du Bison au Soleil Couchant"" : Taille - XL","0","79.00","34.35","0.00"
"W13023-WNS0701NC11A","15202","Coco Tank ""Water and Spirit Buffalo at Sunset""","10993","Débardeur Coco ""Eau et Esprit du Bison au Soleil Couchant"" : Taille - XP","0","79.00","34.35","0.00"
"WSS1801NC14A","15203","Julie Drape ""Rebirth""","10994","Drapé Julie ""Renaissance"" : Taille - P","0","79.00","35.50","0.00"
"WSS1801NC14A","15203","Julie Drape ""Rebirth""","10995","Drapé Julie ""Renaissance"" : Taille - M","0","79.00","35.50","0.00"
"WSS1801NC14A","15203","Julie Drape ""Rebirth""","10996","Drapé Julie ""Renaissance"" : Taille - L","0","79.00","35.50","0.00"
"WSS1801NC14A","15203","Julie Drape ""Rebirth""","10997","Drapé Julie ""Renaissance"" : Taille - XL","0","79.00","35.50","0.00"
"WSS1801NC14A","15203","Julie Drape ""Rebirth""","10998","Drapé Julie ""Renaissance"" : Taille - XP","0","79.00","35.50","0.00"
"WLS0701NC12A","15204","Marlene Top ""Water and Spirit Buffalo at Moonrise""","10999","Marlene Top ""Eau et Esprit du Bison à l'Éveil de la Lune"" : Taille - P","0","139.00","79.50","0.00"
"WLS0701NC12A","15204","Marlene Top ""Water and Spirit Buffalo at Moonrise""","11000","Marlene Top ""Eau et Esprit du Bison à l'Éveil de la Lune"" : Taille - M","0","139.00","79.50","0.00"
"WLS0701NC12A","15204","Marlene Top ""Water and Spirit Buffalo at Moonrise""","11001","Marlene Top ""Eau et Esprit du Bison à l'Éveil de la Lune"" : Taille - L","0","139.00","79.50","0.00"
"WLS0701NC12A","15204","Marlene Top ""Water and Spirit Buffalo at Moonrise""","11002","Marlene Top ""Eau et Esprit du Bison à l'Éveil de la Lune"" : Taille - XL","0","139.00","79.50","0.00"
"WLS0701NC12A","15204","Marlene Top ""Water and Spirit Buffalo at Moonrise""","11003","Marlene Top ""Eau et Esprit du Bison à l'Éveil de la Lune"" : Taille - XP","0","139.00","79.50","0.00"
"A18019-UAC0301NC13A","15205","Reuben Tote Bag ""Unity""","","Sac Reuben ""Union""","0","49.00","21.00","0.00"
"A04015-WDR2601NC14A","15206","Kate Dress ""Unity""","11004","Robe Kate ""Union"" : Taille - P","1","169.00","64.50","0.00"
"A04015-WDR2601NC14A","15206","Kate Dress ""Unity""","11005","Robe Kate ""Union"" : Taille - M","1","169.00","64.50","0.00"
"A04015-WDR2601NC14A","15206","Kate Dress ""Unity""","11006","Robe Kate ""Union"" : Taille - L","0","169.00","64.50","0.00"
"A04015-WDR2601NC14A","15206","Kate Dress ""Unity""","11007","Robe Kate ""Union"" : Taille - XL","0","169.00","64.50","0.00"
"A04015-WDR2601NC14A","15206","Kate Dress ""Unity""","11008","Robe Kate ""Union"" : Taille - XP","0","169.00","64.50","0.00"
"A17065-UAC0301NC0CB","15207","Pablo Pillow ""Forest Temple II""","","Coussin Pablo ""Temple de la Forêt II""","0","59.00","21.00","0.00"
"A16051-UAC1101NC05A","15208","Alice Neck Warmer ""Northern Keepers""","","Cache-Cou Alice ""Gardiens du Nord""","2","59.00","16.58","0.00"
"A14051-WNS0801NC0TA","15209","Kaplan Tank ""Gezaluwejit""","11009","Débardeur Kaplan ""Gezaluwejit"" : Taille - P","0","129.00","60.00","0.00"
"A14051-WNS0801NC0TA","15209","Kaplan Tank ""Gezaluwejit""","11010","Débardeur Kaplan ""Gezaluwejit"" : Taille - M","0","129.00","60.00","0.00"
"A14051-WNS0801NC0TA","15209","Kaplan Tank ""Gezaluwejit""","11011","Débardeur Kaplan ""Gezaluwejit"" : Taille - L","0","129.00","60.00","0.00"
"A14051-WNS0801NC0TA","15209","Kaplan Tank ""Gezaluwejit""","11012","Débardeur Kaplan ""Gezaluwejit"" : Taille - XL","0","129.00","60.00","0.00"
"A14051-WNS0801NC0TA","15209","Kaplan Tank ""Gezaluwejit""","11013","Débardeur Kaplan ""Gezaluwejit"" : Taille - XP","0","129.00","60.00","0.00"
"A16051-MSS0701NC05A","15210","Salvadore Tee for Men ""The River Keeper""","11014","Salvador Tee pour Homme ""La Gardienne de l'Eau"" : Taille - P","0","89.00","36.00","0.00"
"A16051-MSS0701NC05A","15210","Salvadore Tee for Men ""The River Keeper""","11015","Salvador Tee pour Homme ""La Gardienne de l'Eau"" : Taille - M","0","89.00","36.00","0.00"
"A16051-MSS0701NC05A","15210","Salvadore Tee for Men ""The River Keeper""","11016","Salvador Tee pour Homme ""La Gardienne de l'Eau"" : Taille - L","0","89.00","36.00","0.00"
"A16051-MSS0701NC05A","15210","Salvadore Tee for Men ""The River Keeper""","11017","Salvador Tee pour Homme ""La Gardienne de l'Eau"" : Taille - XL","0","89.00","36.00","0.00"
"A16051-MSS0701NC05A","15210","Salvadore Tee for Men ""The River Keeper""","11018","Salvador Tee pour Homme ""La Gardienne de l'Eau"" : Taille - XP","0","89.00","36.00","0.00"
"A17065-WDR3201NC0CA","15211","Michelle Dress ""Forest Temple""","11019","Robe Michelle ""Temple de la Forêt"" : Taille - P","0","159.00","67.50","0.00"
"A17065-WDR3201NC0CA","15211","Michelle Dress ""Forest Temple""","11020","Robe Michelle ""Temple de la Forêt"" : Taille - M","0","159.00","67.50","0.00"
"A17065-WDR3201NC0CA","15211","Michelle Dress ""Forest Temple""","11021","Robe Michelle ""Temple de la Forêt"" : Taille - L","0","159.00","67.50","0.00"
"A17065-WDR3201NC0CA","15211","Michelle Dress ""Forest Temple""","11022","Robe Michelle ""Temple de la Forêt"" : Taille - XL","0","159.00","67.50","0.00"
"A17065-WDR3201NC0CA","15211","Michelle Dress ""Forest Temple""","11023","Robe Michelle ""Temple de la Forêt"" : Taille - XP","0","159.00","67.50","0.00"
"WLS0701NC05A","15212","Marlene ""Northern Keepers""","11024","Marlene ""Gardiens du Nord"" : Taille - P","0","139.00","79.50","0.00"
"WLS0701NC05A","15212","Marlene ""Northern Keepers""","11025","Marlene ""Gardiens du Nord"" : Taille - M","0","139.00","79.50","0.00"
"WLS0701NC05A","15212","Marlene ""Northern Keepers""","11026","Marlene ""Gardiens du Nord"" : Taille - L","0","139.00","79.50","0.00"
"WLS0701NC05A","15212","Marlene ""Northern Keepers""","11027","Marlene ""Gardiens du Nord"" : Taille - XL","0","139.00","79.50","0.00"
"WLS0701NC05A","15212","Marlene ""Northern Keepers""","11028","Marlene ""Gardiens du Nord"" : Taille - XP","0","139.00","79.50","0.00"
"A17064-UAC0301NC03D","15213","Reuben Tote Bag ""M'Otter Love""","","Sac Reuben ""Loutre Mère""","0","49.00","21.00","0.00"
"A16058-WPA0701NC04A","15214","Parma Capri ""Silent Seekers""","11029","Capri Parma ""En Quête de Silence"" : Taille - P","0","129.00","55.50","0.00"
"A16058-WPA0701NC04A","15214","Parma Capri ""Silent Seekers""","11030","Capri Parma ""En Quête de Silence"" : Taille - M","0","129.00","55.50","0.00"
"A16058-WPA0701NC04A","15214","Parma Capri ""Silent Seekers""","11031","Capri Parma ""En Quête de Silence"" : Taille - L","0","129.00","55.50","0.00"
"A16058-WPA0701NC04A","15214","Parma Capri ""Silent Seekers""","11032","Capri Parma ""En Quête de Silence"" : Taille - XL","0","129.00","55.50","0.00"
"A16058-WPA0701NC04A","15214","Parma Capri ""Silent Seekers""","11033","Capri Parma ""En Quête de Silence"" : Taille - XP","0","129.00","55.50","0.00"
"A14051-WPA0701NCOTA","15215","Parma Capri ""Gezaluwejit""","11034","Capri Parma ""Gezaluwejit"" : Taille - P","0","129.00","55.50","0.00"
"A14051-WPA0701NCOTA","15215","Parma Capri ""Gezaluwejit""","11035","Capri Parma ""Gezaluwejit"" : Taille - M","0","129.00","55.50","0.00"
"A14051-WPA0701NCOTA","15215","Parma Capri ""Gezaluwejit""","11036","Capri Parma ""Gezaluwejit"" : Taille - L","0","129.00","55.50","0.00"
"A14051-WPA0701NCOTA","15215","Parma Capri ""Gezaluwejit""","11037","Capri Parma ""Gezaluwejit"" : Taille - XL","0","129.00","55.50","0.00"
"A14051-WPA0701NCOTA","15215","Parma Capri ""Gezaluwejit""","11038","Capri Parma ""Gezaluwejit"" : Taille - XP","0","129.00","55.50","0.00"
