"Reference code","Product ID","Product name","Product Combinations ID","Combinations (Attribute - value pair)","Quantity","Final price (pre-tax)","Pre-tax wholesale price","Combinations wholesale price"
"A01030-7","14","Card - Eagle Moon","","Carte - Lune de l'Aigle","24","5.50","2.50","0.00"
"A01028-POD2555","17","Card - Giving Thanks","","Carte - Rendre Grâce","16","6.35","2.75","0.00"
"A01031-7","20","Card - Honoring the Giver of Life","","Carte - Hommage à la Source de Vie","49","5.50","2.50","0.00"
"A01032-7","23","Card - Moon Wisdom","","Carte - Sagesse de la Lune","71","5.50","2.50","0.00"
"A01036-7","30","Card - Teachings","","Carte - Le Chant du Tambour","32","5.50","2.50","0.00"
"A01035-7","34","Card - Strength Within","","Carte - La force Intérieur","52","5.50","2.50","0.00"
"A01034-POD2570","35","Card - Reaching Out","","Carte - Chaleur de Terre","10","6.35","2.75","0.00"
"A01037-7","40","Card - Trust","","Carte - La Confiance","35","5.50","2.50","0.00"
"A08011-7","44","Card - Whisper","","Carte - Murmure","107","5.50","2.50","0.00"
"A08007-POD2548","47","Card - A Moose and Goose","","Carte - Un Orignal et une Outarde","15","6.35","2.75","0.00"
"A10012-POD2565","51","Card - Sky Sisters","","Carte - Nos Soeurs du Ciel","11","6.35","2.75","0.00"
"A10004-7","54","Card - Merging Earth and Sky","","Carte - Fusion Entre Terre et Ciel","32","5.50","2.50","0.00"
"A10046-7","58","Card - Geese Spirit","","Carte - L'Esprit de l'Outarde","25","5.50","2.50","0.00"
"A08013-POD2584","61","Card - New Day","","Carte - Nouveau Jour","9","6.35","2.75","0.00"
"A08045-20084","64","Card - Patience","","Carte - Patience","12","6.35","2.75","0.00"
"A01029-POD2882","67","Card - Birth of Eagle Shadow","","Carte - Naissance de l'Ombre de l'Aigle","9","6.35","2.75","0.00"
"A08019-POD2886","70","Card - Unity","","Carte - Union","5","6.35","2.75","0.00"
"A09006-POD2579","73","Card - River Keeper","","Carte - La Gardienne de l'Eau","7","6.35","2.75","0.00"
"A04015-20085","76","Card - Rebirth","","Carte - Renaissance","4","6.35","2.75","0.00"
"A04039-7","79","Card - Nostalgia","","Carte - Nostalgia","2","5.50","2.50","0.00"
"W13025-POD2569","85","Card - Passage","","Carte - Passage","14","6.35","2.75","0.00"
"W12024-20076","88","Card - Breath of Life","","Carte - Souffle de Vie","8","6.35","2.75","0.00"
"W12008-POD2581","95","Card - Winter Wolves","","Carte - Loups d'Hiver","14","6.35","2.75","0.00"
"W12014-7","101","Card - Gate of Silk","","Carte - Portail de Soie","1","5.50","2.50","0.00"
"W12005-POD2552","104","Card - Earth Keeper","","Carte - Gardienne de la Terre","11","6.35","2.75","0.00"
"W12016-POD2556","107","Card - Going Home","","Carte - Retour Chez Soi","13","6.35","2.75","0.00"
"W12018-POD2551","113","Card - Early Evening Flowing Into Fall","","Carte - Soirée Glissant Vers l'Automne","14","6.35","2.75","0.00"
"SKU:53-53-617","119","Bill Helin Killer Whale Halo Mug","","Bill Helin Tasse épaulard","0","11.00","4.75","0.00"
"SKU: 53-53-613","122","Bill Helin Killer Whale Apron","","Bill Helin Tablier Épaulard","0","34.50","15.00","0.00"
"SKU: 53-53-612","123","Bill Helin Killer Whale Oven Mitt","","Bill Helin mitaines à four épaulard","1","17.25","6.95","0.00"
"SKU: 53-53-610","125","Bill Helin Killer Whale Dish Towel","","Bill Helin Linge à vaisselle","0","15.00","6.52","0.00"
"SKU: 53-53-616x2","126","Bill Helin Killer Whale Trivet or Coasters","","Bill Helin Sous-plat ou Sous-verre épaulard","0","14.00","6.52","0.00"
"SKU: 53-53-620","127","Bill Helin Killer Whale Pot Holder","","Bill Helin Poignées de four Épaulard bleu et noir","2","14.95","5.75","0.00"
"SKU: 53-53-611","128","Bill Helin Killer Whale Pocket Pot Holder","","Bill Helin Linge à vaisselle en pochette épaulard bleu et noir","0","27.00","11.70","0.00"
"SKU: 53-53-510","129","Bill Helin Chilkat Apron","","Bill Helin Tablier de cuisine Chilkat","0","36.95","16.00","0.00"
"SKU: 53-53-528","130","Bill Helin Chilkat Trivet or Coasters","","Bill Helin Sous-plat ou Sous-verre Chilkat","0","14.95","6.30","0.00"
"SKU: 53-53-521","131","Bill Helin Chilkat Halo Mug","","Bill Helin Tasse Chilkat","0","11.00","4.75","0.00"
"SKU: 53-53-582","132","Bill Helin Chilkat Oven Mitt","1081","Bill Helin Mitaines à four Chilkat : Couleurs - Rouge/noir","0","18.95","7.50","0.00"
"SKU: 53-53-582","132","Bill Helin Chilkat Oven Mitt","1082","Bill Helin Mitaines à four Chilkat : Couleurs - Rouge/noir/blanc","1","18.95","7.50","0.00"
"SKU: 53-53-581","133","Bill Helin Chilkat Pot Holder","1079","Bill Helin Poignées de four Chilkat : Couleurs - Rouge/noir","0","14.95","6.50","0.00"
"SKU: 53-53-581","133","Bill Helin Chilkat Pot Holder","1080","Bill Helin Poignées de four Chilkat : Couleurs - Rouge/noir/blanc","0","14.95","6.50","0.00"
"SKU: 53-53-507x2","134","Bill Helin Chilkat Dish Towel","1077","Bill Helin Linge à vaisselle Chilkat : Couleurs - Rouge/noir","0","15.00","6.50","0.00"
"SKU: 53-53-507x2","134","Bill Helin Chilkat Dish Towel","1078","Bill Helin Linge à vaisselle Chilkat : Couleurs - Rouge/noir/blanc","0","15.00","6.50","0.00"
"SKU: 53-53-672","135","Bill Helin Eagle Oven Mitt","","Bill Helin - Mitaines à four - Aigle","0","18.95","8.00","0.00"
"SKU: 53-53-671","138","Bill Helin Eagle Pot Holder","","Bill Helin Poignée de four Aigle","0","14.95","6.50","0.00"
"SKU: 53-53-670","139","Bill Helin Eagle Dish Towel","","Bill Helin Linge à Vaisselle Aigle","0","15.00","6.50","0.00"
"SKU: 53-53-676x2","140","Bill Helin Eagle Trivet or Coasters","","Bill Helin Sous-plats ou Sous-verre Aigle","0","14.95","6.30","0.00"
"SKU: 53-53-417","142","Bill Helin Frog Halo Mug","","Bill Helin Tasse Grenouille","0","11.00","4.75","0.00"
"SKU: 53-53-413","143","Bill Helin Frog  Oven Mitt","","Bill Helin Mitaines à four Grenouille","0","17.25","6.95","0.00"
"SKU: 53-53-412","144","Bill Helin Frog Pocket Pot Holder","","Bill Helin Linge à Vaisselle en Pochette Grenouille","0","27.00","11.75","0.00"
"SKU: 53-53-414","145","Bill Helin Frog Pot Holder","","Bill Helin Poignée de four Grenouille","0","12.95","4.75","0.00"
"SKU53-53-411","146","Bill Helin Frog Dish Towell","","Bill Helin Linge à Vaisselle Grenouille","0","15.00","6.50","0.00"
"SKU: 53-53-416x2","147","Bill Helin Frog Trivel or Coasters","","Bill Helin Sous-plat ou Sous-verre Grenouille","0","14.00","6.30","0.00"
"SKU: 53-53-554","148","Bill Helin Hummingbird Apron","","Bill Helin Tablier Colibri","0","36.95","16.00","0.00"
"SKU: 53-53-550","149","Bill Helin Hummingbird Embroidered Tea Towel","","Bill Helin Linge à Vaisselle Brodé Colibri","0","15.00","6.50","0.00"
"SKU: 53-53-559","150","Bill Helin Hummingbird Halo Mug","","Bill Helin Tasse Colibri","0","11.00","4.75","0.00"
"SKU: 53-53-553","151","Bill Helin Hummingbird Oven Mitt","","Bill Helin Mitaine à four Colibri","0","18.95","8.00","0.00"
"SKU: 53-53-552","152","Bill Helin Hummingbird Pot Holder","","Bill Helin Poignée à four Colibri","3","14.95","5.75","0.00"
"SKU: 53-53-551","153","Bill Helin Hummingbird Dish Towel","","Bill Helin Linge à Vaisselle Colibri","0","15.00","6.50","0.00"
"SKU: 53-53-558x2","154","Bill Helin Hummingbird Trivet or Coasters","","Bill Helin Sous-plat ou Sous-verre Colibri","0","14.95","6.30","0.00"
"SKU: 53-53-657","155","Bill Helin Killer Whale Halo Mug","","Bill Helin Tasse Epaulard Noir","0","11.00","4.75","0.00"
"SKU: 53-53-652","156","Bill Helin Killer Whale Oven Mitt","","Bill Helin Mitaine à four Epaulard Noir","0","17.25","6.95","0.00"
"SKU: 53-53-651","157","Bill Helin Killer Whale Pocket Pot Holder","","Bill Helin Linge à Vaisselle en Pochette Epaulard","0","27.00","11.75","0.00"
"SKU: 53-53-653","158","Bill Helin Killer Whale Pot Holder","","Bill Helin Poignée à Four Epaulard","3","14.95","5.75","0.00"
"SKU: 53-53-650","159","Bill Helin Killer Whale Dish Towel","","Bill Helin Linge à Vaisselle Epaulard Noir","0","15.00","6.50","0.00"
"SKU: 53-53-656x2","160","Bill Helin Killer Whale Trivet or Coasters","","Bill Helin Sous-plat ou Sous-verre Epaulard Noir","0","14.95","6.30","0.00"
"SKU: 53-53-437","161","Bill Helin Moose Halo Mug","","Bill Helin Tasse Orignal","0","11.00","4.75","0.00"
"SKU: 53-53-432","162","Bill Helin Moose Oven Mitt","","Bill Helin Mitaine à Four Orignal","0","17.25","6.95","0.00"
"SKU: 53-53-434","163","Bill Helin Moose Pocket Pot Holder","","Bill Helin Linge à Vaisselle en Pochette Orignal","0","27.00","11.75","0.00"
"SKU: 53-53-431","164","Bill Helin Moose Pot Holder","","Bill Helin Poignée à four Orignal","0","12.95","4.75","0.00"
"SKU: 53-53-430","165","Bill Helin Moose Dish Towel","","Bill Helin Linge à Vaisselle Orignal","0","15.00","6.50","0.00"
"SKU: 53-53-436x2","166","Bill Helin Moose Trivet or Coasters","","Bill Helin Sous-plat ou Sous-verre Orignal","0","14.00","6.30","0.00"
"SKU: 53-53-010","167","Bill Helin Raven Apron","","Bill Helin Tablier de Cuisine Corbeau","1","36.95","16.00","0.00"
"SKU: 53-53-016","168","Bill Helin Raven Mug","","Bill Helin Tasse Corbeau","0","11.00","4.75","0.00"
"SKU: 53-53-405","169","Bill Helin Raven Embroidered Pot Holder","","Bill Helin Poignée à Four Brodé Corbeau","0","12.95","4.75","0.00"
"SKU: 53-53-040","170","Bill Helin Raven Halo Mug","","Bill Helin Tasse Corbeau","0","11.00","4.75","0.00"
"SKU: 53-53-007","171","Bill Helin Raven Oven Mitt","","Bill Helin Mitaine à Four Corbeau","0","18.95","8.00","0.00"
"SKU: 53-53-006","172","Bill Helin Raven Pot Holder","","Bill Helin Poignée à four Corbeau","2","14.95","6.50","0.00"
"SKU: 53-53-005","173","Bill Helin Raven Dish Towel","","Bill Helin Linge à Vaisselle Corbeau","0","15.00","6.50","0.00"
"SKU: 53-53-013x2","174","Bill Helin Raven Trivet or Coasters","","Bill Helin Sous-plat ou Sous-verre Corbeau","0","14.00","6.30","0.00"
"SKU: 53-53-045","175","Bill Helin Raven Salad Servers","1063","Bill Helin Ustensiles de Service Corbeau Noir : Couleurs - Rosewood","0","67.00","29.00","0.00"
"SKU: 53-53-045","175","Bill Helin Raven Salad Servers","1064","Bill Helin Ustensiles de Service Corbeau Noir : Couleurs - Charcoal","2","67.00","29.00","0.00"
"SKU: 52-52-797","178","Andrew Williams Hummingbird Mug","","Andrew William Tasse Colibri","0","11.00","4.75","0.00"
"SKU: 52-52-792","179","Andrew Williams Hummingbird Oven Mitt","","Andrew William Mitaine à Four Colibri","0","18.95","8.00","0.00"
"SKU: 52-52-794","180","Andrew Williams Hummingbird Pocket Pot Holder","","Andrew William Linge à Vaisselle en Pochette Colibri","0","27.00","11.75","0.00"
"SKU: 52-52-791","181","Andrew Williams Hummingbird Pot Holder","","Andrew William Poignée à Four Colibri","0","14.95","6.50","0.00"
"SKU: 52-52-790","182","Andrew Williams Hummingbird Dish Towel","","Andrew William Linge à Vaisselle Colibri","0","15.00","6.50","0.00"
"SKU: 52-52-796x2","183","Andrew Williams Hummingbird Trivet or Coasters","","Andrew William Sous-plat ou Sous-verre Colibri","0","14.00","6.30","0.00"
"SKU: 52-52-747","184","Andrew Williams Octopus Halo Mug","","Andrew William Tasse Pieuvre","0","11.00","4.75","0.00"
"SKU: 52-52-737","185","Andrew Williams Octopus Halo Mug","","Andrew William Tasse Pieuvre","0","11.00","4.75","0.00"
"SKU: 52-52-742","186","Andrew Williams Octopus Oven Mitt","","Andrew William Mitaine à Four Pieuvre","0","18.95","8.00","0.00"
"SKU: 52-52-732","187","Andrew Williams Octopus Oven Mitt","","Andrew William Mitaine à Four Pieuvre","0","18.95","8.00","0.00"
"SKU: 52-52-744","188","Andrew Williams Octopus Pocket Pot Holder","","Andrew William Linge à Vaisselle en Pochette Pieuvre","0","27.00","11.75","0.00"
"SKU: 52-52-734","189","Andrew Williams Octopus Pocket Pot Holder","","Andrew William Linge à Vaisselle en Pochette Pieuvre","0","27.00","11.75","0.00"
"SKU: 52-52-741","190","Andrew Williams Octopus Pot Holder","","Andrew William Poignée à Four Pieuvre","0","14.95","6.50","0.00"
"SKU: 52-52-731","191","Andrew Williams Octopus Pot Holder","","Andrew William Poignée à Four Pieuvre","0","14.95","6.50","0.00"
"SKU: 52-52-740","192","Andrew Williams Octopus Dish Towel","","Andrew William Linge à Vaisselle Pieuvre","0","15.00","6.50","0.00"
"SKU: 52-52-730","193","Andrew Williams Octopus Dish Towel","","Andrew William Linge à Vaisselle Pieuvre","0","15.00","6.50","0.00"
"SKU: 52-52-745x2","194","Andrew Williams Octopus Trivet or Coasters","","Andrew William Sous-plat ou Sous-verre Pieuvre","0","14.95","6.30","0.00"
"SKU: 52-52-735x2","195","Andrew Williams Octopus Trivet or Coasters","","Andrew William Sous-plat ou Sous-verre Pieuvre","0","14.95","6.30","0.00"
"SKU: 51-51-320","196","Anthony Joseph Salmon Glass Charger","","Anthony Joseph Assiette Saumon","0","50.00","21.75","0.00"
"SKU: 51-51-322","197","Anthony Joseph Salmon Bowl","","Anthony Joseph Bol Saumon","0","50.00","21.75","0.00"
"SKU: 51-51-209","198","Anthony Joseph Salmon Apron","","Anthony Joseph Tablier de Cuisine Saumon","0","36.95","16.00","0.00"
"SKU: 51-51-195","199","Anthony Joseph Salmon Tea Towel","","Anthony Joseph Linge à Vaisselle Brodé Saumon","0","15.00","6.50","0.00"
"SKU: 51-51-337","200","Anthony Joseph Salmon Halo Mug","","Anthony Joseph Tasse Saumon","0","11.00","4.75","0.00"
"SKU: 51-51-332","201","Anthony Joseph Salmon Oven Mitt","","Anthony Joseph Mitaine à Four Saumon","0","18.95","8.00","0.00"
"SKU: 51-51-333","202","Anthony Joseph Salmon Pot Holder","","Anthony Joseph Poignée à Four Saumon","0","14.95","6.50","0.00"
"SKU: 51-51-330","203","Anthony Joseph Salmon Dish Towel","","Anthony Joseph Linge à Vaisselle Saumon","0","15.00","6.50","0.00"
"SKU: 51-51-336x2","204","Anthony Joseph Salmon Trivet or Coasters","","Anthony Joseph Sous-plat ou Sous-verre Saumon","0","14.95","6.30","0.00"
"SKU: 51-51-032","205","Bill Reid ""Children of the Raven"" Apron","","Bill Reid Tablier de Cuisine Les Enfants du Corbeau","0","36.95","16.00","0.00"
"SKU: 51-51-019","206","Bill Reid  ""Children of the Raven"" Mug","","Bill Reid Tasse ""Children of the Raven""","0","11.00","4.75","0.00"
"SKU: 51-51-006","207","Bill Reid  ""Children of the Raven"" Magnet","","Bill Reid Aimant ""Children of the Raven""","0","6.00","2.60","0.00"
"SKU: 51-51-030","208","Bill Reid  ""Children of the Raven"" Oven Mitt","","Bill Reid Mitaine à Four ""Children of the Raven""","0","18.95","6.95","0.00"
"SKU: 51-51-027","209","Bill Reid ""Children of the Raven"" Pot Holder","","Bill Reid Poignée à Four ""Children of the Raven""","0","14.95","4.75","0.00"
"SKU: 51-51-001","210","Bill Reid  ""Children of the Raven"" Dish Towel","","Bill Reid Linge à Vaisselle ""Children of the Raven""","0","15.00","6.50","0.00"
"SKU: 51-51-018x2","211","Bill Reil  ""Children of the Raven"" Trivet or Coasters","","Bill Reil Sous-plat ou Sous-verre ""Children of the Raven""","0","14.00","6.30","0.00"
"SKU: 51-51-523","212","Clifton Fred ""Bear Box"" Mug","","Clifton Fred Tasse ""Bear Box""","0","11.00","4.75","0.00"
"SKU: 51-51-503","213","Clifton Fred ""Bear Box"" Oven Mitt","","Clifton Fred Mitaine à Four ""Bear Box""","0","17.25","6.95","0.00"
"SKU: 51-51-502","214","Clifton Fred ""Bear Box"" Pot Holder","","Clifton Fred Poignée à Four ""Bear Box""","0","12.95","4.75","0.00"
"SKU: 51-51-501","215","Clifton Fred ""Bear Box"" Dish Towel","","Clifton Fred Linge à Vaisselle ""Bear Box""","0","15.00","6.50","0.00"
"SKU: 51-51-521x2","216","Clifton Fred ""Bear Box"" Trivet or Coasters","","Clifton Fred Sous-plat ou Sous-verre ""Bear Box""","0","14.00","6.30","0.00"
"SKU: 52-52-432","217","Connie Dickens Raven Oven Mitt","","Connie Dickens Mitaines à Four Corbeau","0","18.95","8.00","0.00"
"SKU: 52-52-442","218","Connie Dickens Raven Oven Mitt","","Connie Dickens Mitaines à Four Corbeau","0","18.95","8.00","0.00"
"SKU: 52-52-431","221","Connie Dickens Raven Pot Holder","","Connie Dickens Poignée à Four Corbeau","0","14.95","6.50","0.00"
"SKU: 52-52-441","222","Connie Dickens Raven Pot Holder","","Connie Dickens Poignée à Four Corbeau","0","14.95","6.50","0.00"
"SKU: 52-52-430","223","Connie Dickens Raven Dish Towel","","Connie Dickens Linge à Vaisselle Corbeau","0","15.00","6.50","0.00"
"SKU: 52-52-430","224","Connie Dickens Raven Dish Towel","","Connie Dickens Linge à Vaisselle Corbeau","0","15.00","6.50","0.00"
"SKU: 52-52-435x2","225","Connie Dickens Raven Trivet or Coasters","","Connie Dickens Sous-plat ou Sous-verre Corbeau","0","14.95","6.30","0.00"
"SKU: 52-52-446x2","226","Connie Dickens Raven Trivet or Coasters","","Connie Dickens Sous-plat ou Sous-verre Corbeau","0","14.00","6.30","0.00"
"SKU: 52-52-ziptissus","227","Zip Pouch","","Pochette Zip","0","16.00","6.75","0.00"
"SKU: 00-04-566","229","Corrine Hunt Namwayut Collection Large Bowl","","Namwayut Large Bol","2","80.00","34.00","0.00"
"SKU: 00-04-561","230","Corrine Hunt Namwayut Collection Large Bowl","","Corrine Hunt Collection Namwayut  Large Bol en forme libre","0","80.00","34.00","0.00"
"SKU: 00-04-567","231","Corrine Hunt Namwayut Collection Large Bowl Set","","Namwayut Large Bol","0","144.00","62.00","0.00"
"SKU: 00-04-562","232","Corrine Hunt Namwayut Collection Large Bowl Set","","Namwayut Large Bol","0","144.00","62.00","0.00"
"SKU: 00-04-565","233","Corrine Hunt Namwayut Collection Small Bowl","","Namwayut Large Bol","0","65.00","28.00","0.00"
"SKU: 00-04-560","234","Corrine Hunt Namwayut Collection Small Bowl","","Namwayut Large Bol","0","65.00","28.00","0.00"
"SKU: 00-04-568","235","Corrine Hunt Collection Namwayut  Salad Servers","","Corrine Hunt Collection Namwayut  Service à Salade","0","67.00","29.00","0.00"
"SKU: 00-04-563","236","Corrine Hunt Collection Namwayut  Salad Servers","","Corrine Hunt Collection Namwayut  Service à Salade","1","67.00","29.00","0.00"
"SKU: 00-04-526","238","Corrine Hunt Sea to Sky Candle Holder","","Corrine Hunt Sea to Sky Chandelier","0","50.95","22.00","0.00"
"SKU: 00-04-525","239","Corrine Hunt Sea to Sky Candle Holder","","Corrine Hunt Sea to Sky Chandelier","0","48.45","21.00","0.00"
"SKU: 00-04-531","240","Corrine Hunt Sea to Sky Cheese Knife","","Corrine Hunt Sea to Sky Couteau à Fromage","2","56.00","22.00","0.00"
"SKU: 00-04-528","241","Corrine Hunt Sea to Sky Table Napkin Ring","","Corrine Hunt Sea to Sky Anneau de Serviette de Table","1","14.00","6.05","0.00"
"SKU: 00-04-523","242","Corrine Hunt Sea to Sky Hostess Platter","","Corrine Hunt Sea to Sky Plateau d'Hôte","0","42.00","18.00","0.00"
"SKU: 00-04-522","243","Corrine Hunt Sea to Sky Hostess Platter","","Corrine Hunt Sea to Sky Plateau d'Hôte","0","78.00","34.00","0.00"
"SKU: 04-04-521","244","Corrine Hunt Sea to Sky Hostess Platter","","Corrine Hunt Sea to Sky Plateau d'Hôte","0","70.00","30.00","0.00"
"SKU: 00-04-520","245","Corrine Hunt Sea to Sky Hostess Platter","","Corrine Hunt Sea to Sky Plateau d'Hôte","0","63.00","27.00","0.00"
"SKU: 00-04-532","246","Corrine Hunt Sea to Sky Pâté Knife","","Corrine Hunt Sea to Sky Couteau à Pâté","0","46.00","20.00","0.00"
"SKU: 00-06-914","247","Corrine Hunt Sea to Sky Cheese Knife","","Corrine Hunt Sea to Sky Couteau à Fromage","0","74.00","32.00","0.00"
"SKU: 00-06-915","248","Corrine Hunt Sea to Sky Cheese Knife and Fork Set","","Corrine Hunt Sea to Sky Couteau à Fromage","1","88.00","38.00","0.00"
"SKU: 00-04-524","249","Corrine Hunt Collection Namwayut  Salad Servers","","Corrine Hunt Collection Namwayut  Service à Salade","0","67.00","29.00","0.00"
"A00048-7-POD2884","251","Card - The Protector","","Carte - Le Protecteur","5","6.35","2.75","0.00"
"SKU: 52-52-618","253","Jim Charlie Tablier Raven Apron","","Jim Charlie Tablier de cuisine Corbeau","1","36.95","16.00","0.00"
"SKU: 52-52-622","255","Jim Charlie Raven Halo Mug","","Jim Charlie Tasse Corbeau","0","11.00","4.75","0.00"
"SKU: 52-52-617","256","Jim Charlie Mitaine Raven Oven Mitt","","Jim Charlie Mitaine à four Corbeau","0","18.95","8.00","0.00"
"A01003-POD2575","257","Card - Sky Girl","","Carte - Fille du Ciel","12","6.35","2.75","0.00"
"SKU: 52-52-627","259","Jim Charlie Raven Oven Mitt","","Jim Charlie Mitaine à four Corbeau","1","18.95","8.00","0.00"
"SKU:52-52-616","261","Jim Charlie Raven Pocket Pot Holder","","Jim Charlie Linge à vaisselle en pochette Corbeau","0","32.00","14.00","0.00"
"A04060-20083","262","Card - Passing Through","","Carte - Traversée","11","6.35","2.75","0.00"
"SKU:52-52-626","264","Jim Charlie Raven Pocket Pot Holder","","Jim Charlie Linge à vaisselle en pochette Corbeau","0","32.00","14.00","0.00"
"SKU: 52-52-619","266","Jim Charlie Raven Pot Holder","","Jim Charlie Poignée à four Corbeau","1","14.95","5.75","0.00"
"SKU: 52-52-629","267","Jim Charlie Raven Pot Holder","","Jim Charlie Poignée à four Corbeau","0","14.95","6.50","0.00"
"A09054-20087","268","Card - Tranquility","","Carte - Tranquillité","9","6.35","2.75","0.00"
"SK52-52-615","269","Jim Charlie Raven Dish Towel","","Jim Charlie Linge à vaisselle Corbeau","0","15.00","5.90","0.00"
"SK52-52-625","272","Jim Charlie Raven Dish Towel","","Jim Charlie Linge à vaisselle Corbeau","0","15.00","5.90","0.00"
"SKU: 52-52-621x2","274","Jim Charlie Raven Trivet or Coasters","","Jim Charlie Sous-plat ou Sous-verre Corbeau","0","14.95","5.25","0.00"
"SKU: 52-52-647","277","Jim Charlie Salmon Halo Mug","","Jim Charlie Tasse Saumon","0","11.00","4.75","0.00"
"SKU: 52-52-607","279","Jim Charlie Wolf Oven Mitt","","Jim Charlie Mitaine à four  Loup","0","17.25","6.95","0.00"
"SKU:52-52-644","281","Jim Charlie Salmon Pocket Pot Holder","","Jim Charlie Linge à vaisselle en pochette Corbeau","0","32.00","14.00","0.00"
"SKU: 52-52-609","283","Jim Charlie Wolf Pot Holder","","Jim Charlie Poignée à four Loup","2","12.95","4.75","0.00"
"SK52-52-640","284","Jim Charlie Salmon Dish Towel","","Jim Charlie Linge à vaisselle Saumon","0","15.00","5.90","0.00"
"A10044-POD2572","285","Card - The Return","","Carte - Le Retour","9","6.35","2.75","0.00"
"SKU: 52-52-646x2","286","Jim Charlie Salmon Trivet or Coasters","","Jim Charlie Sous-plat ou Sous-verre Saumon","0","14.95","5.25","0.00"
"SKU:52-52-606","289","Jim Charlie Linge Wolf Pocket Pot Holder","","Jim Charlie Linge à vaisselle en pochette Loup","0","27.00","11.50","0.00"
"A13056-POD2568","290","Card - Otherness","","Carte - Altérité","11","6.35","2.75","0.00"
"SK52-52-605","291","Jim Charlie Wolf Dish Towel","","Jim Charlie Linge à vaisselle Loup","0","15.00","5.90","0.00"
"A13057-POD2567","294","Card - Origins","","Carte - Origines","8","6.35","2.75","0.00"
"SKU: 51-51-805","296","Klatle-Bhi Killer Whale Apron","","Klatle-Bhi Tablier de cuisine Épaulard","0","36.95","16.00","0.00"
"SKU: 51-51-811","298","Klatle-Bhi Killer Whale Mug","","Klatle-Bhi Tasse Épaulard","0","11.00","4.75","0.00"
"A16051-POD2566","299","Card - Northern Keepers","","Carte - Gardiens du Nord","10","6.35","2.75","0.00"
"SKU: 51-51-801","300","Klatle-Bhi Killer Whale Pot Holder","","Klatle-Bhi Poignée à four Épaulard","0","12.95","4.75","0.00"
"SKU: 51-51-718","302","Klatle-Bhi Moon Mask Dish Towel","","Klatle-Bhi Linge à vaisselle Moon Mask","0","15.00","5.90","0.00"
"A16052-POD2586","304","Card - Zenith","","Carte - Zénith","27","6.35","2.75","0.00"
"SKU: 51-51-710x2","306","Klatle-Bhi Moon Mask Trivet or Coasters","","Klatle-Bhi Sous-plat ou Sous-verre Moon Mask","0","14.95","6.30","0.00"
"SKU: 51-51-702","308","Klatle-Bhi Moon Mask Oven Mitt","","Klatle-Bhi Mitaine à four Moon Mask","0","18.95","8.00","0.00"
"A16058-POD2574","309","Card - Silent Seekers","","Carte - En quête de silence","9","6.35","2.75","0.00"
"A16059-POD2582","313","Card - Wisdom Keepers","","Carte - Gardiens de la Sagesse","9","6.35","2.75","0.00"
"A95053-20081","315","Card - Messenger","","Carte - Messager","15","6.35","2.75","0.00"
"A14051-POD2554","318","Card - Gezaluwejit","","Carte - Gezaluwejit","11","6.35","2.75","0.00"
"W13026-7","321","Card - In Her World","","Carte - Dans Son Monde","9","5.50","2.50","0.00"
"W13047-POD2560","324","Card - Inner Memories","","Carte - Mémoires Ancestrales","11","6.35","2.75","0.00"
"SKU: 51-51-713","327","Klatle-Bhi Moon Mask Mug","","Klatle-Bhi Tasse Moon Mask","0","11.00","4.75","0.00"
"SKU: 51-51-717","328","Klatle-Bhi Moon Mask Halo Mug","","Klatle-Bhi Tasse Moon Mask","0","11.00","4.75","0.00"
"SKU: 51-51-802","329","Klatle-Bhi Killer Whale Oven Mitt","","Klatle-Bhi Mitaine à four Épaulard","0","17.25","6.95","0.00"
"SKU: 51-51-701","330","Klatle-Bhi Moon Mask Pot Holder","","Klatle-Bhi Poignée à four Moon Mask","0","14.95","6.50","0.00"
"A11052-7","331","Card - Curiously","","Carte - Curieusement","0","5.50","2.50","0.00"
"A12050-POD2559","332","Card - Ice Dream","","Carte - Rêve de Glace","9","6.35","2.75","0.00"
"W13027-7","335","Card - Playing With Shadows","","Carte - Jeux d'Ombres","2","5.50","2.50","0.00"
"W13053-20086","338","Card - Roots Of Another World","","Carte - Racines d'un Autre Monde","9","6.35","2.75","0.00"
"A01038-7","341","Card - Harmony","","Carte - Harmonie","17","5.50","2.50","0.00"
"A01040-7","344","Card - Sharing","","Carte - Partage","42","5.50","2.50","0.00"
"A13042-POD2549","347","Card - Carried Away","","Carte - Emportée","7","6.35","2.75","0.00"
"W13023-POD2887","350","Card - Water and Spirit Buffalo","","Carte - Eau et Esprit du Bison","11","6.35","2.75","0.00"
"SKU: 00-04-529","353","Corrine Hunt Sea to Sky Belt Buckle","","Corrine Hunt Sea to Sky Boucle de Ceinture","0","34.00","14.50","0.00"
"SKU: 00-04-530","354","Corrine Hunt Sea to Sky Belt Buckle","","Corrine Hunt Boucle de Ceinture","0","34.00","14.50","0.00"
"SKU: 52-52-414","355","Connie Dickens Raven Bucket Tote Bag","","Connie Dickens Sac Bandoulière Corbeau","0","56.00","24.00","0.00"
"SKU: 52-52-413","356","Connie Dickens Raven Zip Tote Bag","","Connie Dickens Sac Bandoulière Corbeau","0","52.00","22.00","0.00"
"SKU: 52-52-412","357","Connie Dickens Raven Town Bag","","Connie Dickens Sacoche Bandoulière Corbeau","2","56.00","24.00","0.00"
"SKU: 52-52-411","358","Connie Dickens Raven Passport Bag","","Connie Dickens Sacoche à Passeport Corbeau","3","40.00","16.75","0.00"
"SKU: 52-52-410","359","Connie Dickens Raven Zip Pouch","","Connie Dickens Pochette Zip Corbeau","2","20.00","8.25","0.00"
"SKU: 52-52-415","360","Connie Dickens Raven Coin Purse","","Connie Dickens Porte-Monnaie Corbeau","0","15.00","6.50","0.00"
"SKU: 52-52-865","361","Kelly Robinson Eagle Bucket Tote Bag","","Kelly Robinson Sac à Bandoulière Aigle","0","56.00","24.00","0.00"
"SKU: 52-52-855","362","Kelly Robinson Eagle Bucket Tote Bag","","Kelly Robinson Sac à Bandoulière Aigle","0","56.00","24.00","0.00"
"SKU: 52-52-864","363","Kelly Robinson Eagle Zip Tote Bag","","Kelly Robinson Sac à Bandoulière Aigle","0","52.00","22.00","0.00"
"SKU: 52-52-854","364","Kelly Robinson Eagle Zip Tote Bag","","Kelly Robinson Sac à Bandoulière Aigle","0","52.00","22.00","0.00"
"SKU: 52-52-866","365","Kelly Robinson Eagle Coin Purse","","Kelly Robinson Porte-Monnaie Aigle","0","15.00","6.50","0.00"
"SKU: 52-52-856","366","Kelly Robinson Eagle Coin Purse","","Kelly Robinson Porte-Monnaie Aigle","1","15.00","6.50","0.00"
"SKU: 52-52-861","367","Kelly Robinson Eagle Passport Purse","","Kelly Robinson Sacoche à Passeport Aigle","1","40.00","16.75","0.00"
"SKU: 52-52-851","368","Kelly Robinson Eagle Passport Purse","","Kelly Robinson Sacoche à Passeport Aigle","2","40.00","16.75","0.00"
"SKU: 52-52-863","369","Kelly Robinson Eagle Town Bag","","Kelly Robinson Sacoche Bandoulière Aigle","2","56.00","24.00","0.00"
"SKU: 52-52-853","370","Kelly Robinson Eagle Town Bag","","Kelly Robinson Sacoche Bandoulière Aigle","3","56.00","21.00","0.00"
"SKU: 52-52-860","371","Kelly Robinson Eagle Zip Pouch","","Kelly Robinson Pochette Zip Aigle","2","20.00","8.25","0.00"
"SKU: 52-52-850","372","Kelly Robinson Eagle Zip Pouch","","Kelly Robinson Pochette Zip Aigle","1","20.00","8.25","0.00"
"SKU: 00-07-730x3","373","Corrine Hunt Silk Inspiration Bangle","1038","Corrine Hunt Inspiration de Soie - Bracelet : Taille - P","0","54.00","23.50","0.00"
"SKU: 00-07-730x3","373","Corrine Hunt Silk Inspiration Bangle","1039","Corrine Hunt Inspiration de Soie - Bracelet : Taille - M","1","54.00","23.50","0.00"
"SKU: 00-07-730x3","373","Corrine Hunt Silk Inspiration Bangle","1040","Corrine Hunt Inspiration de Soie - Bracelet : Taille - L","0","54.00","23.50","0.00"
"SKU: 00-07-733x3","374","Corrine Hunt Silk Inspiration Bangle","1035","Corrine Hunt Inspiration de Soie - Bracelet : Taille - P","0","54.00","23.50","0.00"
"SKU: 00-07-733x3","374","Corrine Hunt Silk Inspiration Bangle","1036","Corrine Hunt Inspiration de Soie - Bracelet : Taille - M","1","54.00","23.50","0.00"
"SKU: 00-07-733x3","374","Corrine Hunt Silk Inspiration Bangle","1037","Corrine Hunt Inspiration de Soie - Bracelet : Taille - L","1","54.00","23.50","0.00"
"SKU: 00-07-750x2","375","Corrine Hunt Silk Inspiration Cuff Bracelet","1033","Corrine Hunt Inspiration de Soie Bracelet : Taille - P","1","60.00","26.00","0.00"
"SKU: 00-07-750x2","375","Corrine Hunt Silk Inspiration Cuff Bracelet","1034","Corrine Hunt Inspiration de Soie Bracelet : Taille - M","1","60.00","26.00","0.00"
"SKU: 00-07-752x2","376","Corrine Hunt Silk Inspiration Cuff Bracelet","1031","Corrine Hunt Inspiration de Soie Bracelet : Taille - P","0","60.00","26.00","0.00"
"SKU: 00-07-752x2","376","Corrine Hunt Silk Inspiration Cuff Bracelet","1032","Corrine Hunt Inspiration de Soie Bracelet : Taille - M","0","60.00","26.00","0.00"
"SKU: 00-07-666","377","Corrine Hunt Silk Inspiration Drop Earrings","","Corrine Hunt Inspiration de Soie Boucles d'Oreilles","1","50.00","21.50","0.00"
"SKU: 00-07-662","378","Corrine Hunt Silk Inspiration Drop Earrings","","Corrine Hunt Inspiration de Soie Boucles d'Oreilles","2","50.00","21.50","0.00"
"SKU: 00-07-664","379","Corrine Hunt Silk Inspiration Oval Earrings","","Corrine Hunt Inspiration de Soie Boucles d'Oreilles","2","50.00","21.50","0.00"
"SKU: 00-07-674","380","Corrine Hunt Silk Inspiration Drop Earrings","","Corrine Hunt Inspiration de Soie Boucles d'Oreilles","3","50.00","21.50","0.00"
"SKU: 00-07-660","381","Corrine Hunt Silk Inspiration Oval Earrings","","Corrine Hunt Inspiration de Soie Boucles d'Oreilles","1","50.00","21.50","0.00"
"SKU: 00-07-672","382","Corrine Hunt Silk Inspiration Oval Earrings","","Corrine Hunt Inspiration de Soie Boucles d'Oreilles","1","50.00","21.50","0.00"
"SKU: 00-07-667","383","Corrine Hunt Silk Inspiration Trapezoid Earrings","","Corrine Hunt Inspiration de Soie Boucles d'Oreilles","2","50.00","21.50","0.00"
"SKU: 00-07-663","384","Corrine Hunt Silk Inspiration Trapezoid Earrings","","Corrine Hunt Inspiration de Soie Boucles d'Oreilles","2","50.00","21.50","0.00"
"SKU: 00-07-675","385","Corrine Hunt Silk Inspiration Trapezoid Earrings","","Corrine Hunt Inspiration de Soie Boucles d'Oreilles","1","50.00","21.50","0.00"
"SKU: 00-07-665","386","Corrine Hunt Silk Inspiration Triangle Earrings","","Corrine Hunt Inspiration de Soie Boucles d'Oreilles","1","50.00","21.50","0.00"
"SKU: 00-07-661","387","Corrine Hunt Silk Inspiration Triangle Earrings","","Corrine Hunt Inspiration de Soie Boucles d'Oreilles","1","50.00","21.50","0.00"
"SKU: 00-07-673","388","Corrine Hunt Silk Inspiration Triangle Earrings","","Corrine Hunt Inspiration de Soie Boucles d'Oreilles","2","50.00","21.50","0.00"
"SKU: 00-07-653","389","Corrine Hunt Silk Inspiration Oval Pendant","","Corrine Hunt Inspiration de Soie Pendentif","0","46.00","20.00","0.00"
"SKU: 00-07-657","391","Corrine Hunt Silk Inspiration Oval Pendant","","Corrine Hunt Inspiration de Soie Pendentif","2","46.00","20.00","0.00"
"SKU: 00-07-654","392","Corrine Hunt Silk Inspiration Round Pendant","","Corrine Hunt Inspiration de Soie Pendentif","1","46.00","20.00","0.00"
"SKU: 00-07-652","393","Corrine Hunt Silk Inspiration Round Pendant","","Corrine Hunt Inspiration de Soie Pendentif","1","46.00","20.00","0.00"
"SKU: 00-07-658","394","Corrine Hunt Silk Inspiration Round Pendant","","Corrine Hunt Inspiration de Soie Pendentif","1","46.00","20.00","0.00"
"SKU: 00-07-739x3","395","Kelly Robinson Silk Inspiration Bangle","1028","Kelly Robinson Inspiration de Soie Bracelet : Taille - P","2","54.00","23.50","0.00"
"SKU: 00-07-739x3","395","Kelly Robinson Silk Inspiration Bangle","1029","Kelly Robinson Inspiration de Soie Bracelet : Taille - M","0","54.00","23.50","0.00"
"SKU: 00-07-739x3","395","Kelly Robinson Silk Inspiration Bangle","1030","Kelly Robinson Inspiration de Soie Bracelet : Taille - L","2","54.00","23.50","0.00"
"SKU: 00-07-736x3","396","Kelly Robinson Silk Inspiration Bangle","1025","Kelly Robinson Inspiration de Soie Bracelet : Taille - P","0","54.00","23.50","0.00"
"SKU: 00-07-736x3","396","Kelly Robinson Silk Inspiration Bangle","1026","Kelly Robinson Inspiration de Soie Bracelet : Taille - M","0","54.00","23.50","0.00"
"SKU: 00-07-736x3","396","Kelly Robinson Silk Inspiration Bangle","1027","Kelly Robinson Inspiration de Soie Bracelet : Taille - L","0","54.00","23.50","0.00"
"SKU: 00-07-756x2","397","Kelly Robinson Silk Inspiration Cuff Bracelet","1023","Kelly Robinson Inspiration de Soie Bracelet : Taille - P","1","60.00","26.00","0.00"
"SKU: 00-07-756x2","397","Kelly Robinson Silk Inspiration Cuff Bracelet","1024","Kelly Robinson Inspiration de Soie Bracelet : Taille - M","1","60.00","26.00","0.00"
"SKU: 00-07-754x2","398","Kelly Robinson Silk Inspiration Cuff Bracelet","1021","Kelly Robinson Inspiration de Soie Bracelet : Taille - P","1","60.00","26.00","0.00"
"SKU: 00-07-754x2","398","Kelly Robinson Silk Inspiration Cuff Bracelet","1022","Kelly Robinson Inspiration de Soie Bracelet : Taille - M","1","60.00","26.00","0.00"
"SKU: 00-07-670","399","Kelly Robinson Silk Inspiration Drop Earrings","","Kelly Robinson Inspiration de Soie Boucles d'Oreilles","2","50.00","21.50","0.00"
"SKU: 00-07-678","400","Kelly Robinson Silk Inspiration Drop Earrings","","Kelly Robinson Inspiration de Soie Boucles d'Oreilles","1","50.00","21.50","0.00"
"SKU: 00-07-668","401","Kelly Robinson Silk Inspiration Oval Earrings","","Kelly Robinson Inspiration de Soie Boucles d'Oreilles","2","50.00","21.50","0.00"
"SKU: 00-07-676","402","Kelly Robinson Silk Inspiration Oval Earrings","","Kelly Robinson Inspiration de Soie Boucles d'Oreilles","0","50.00","21.50","0.00"
"SKU: 00-07-679","403","Kelly Robinson Silk Inspiration Trapezoid Earrings","","Kelly Robinson Inspiration de Soie Boucles d'Oreilles","0","50.00","21.50","0.00"
"SKU: 00-07-671","404","Kelly Robinson Silk Inspiration Trapezoid Earrings","","Kelly Robinson Inspiration de Soie Boucles d'Oreilles","2","50.00","21.50","0.00"
"SKU: 00-07-669","405","Kelly Robinson Silk Inspiration Triangle Earrings","","Kelly Robinson Inspiration de Soie Boucles d'Oreilles","2","50.00","21.50","0.00"
"SKU: 00-07-677","406","Kelly Robinson Silk Inspiration Triangle Earrings","","Kelly Robinson Inspiration de Soie Boucles d'Oreilles","1","50.00","21.50","0.00"
"SKU: 00-07-655","407","Kelly Robinson Silk Inspiration Oval Pendant","","Kelly Robinson Inspiration de Soie Pendentif","2","46.00","20.00","0.00"
"SKU: 00-07-631","408","Kelly Robinson Silk Inspiration Oval Pendant","","Kelly Robinson Inspiration de Soie Pendentif","1","46.00","20.00","0.00"
"SKU: 00-07-632","409","Kelly Robinson Silk Inspiration Round Pendant","","Kelly Robinson Inspiration de Soie Pendentif","2","46.00","20.00","0.00"
"SKU: 00-07-656","410","Kelly Robinson Silk Inspiration Round Pendant","","Kelly Robinson Inspiration de Soie Pendentif","2","46.00","16.50","0.00"
"SKU: 00-07-562x2","418","Andrew Williams Octopus Bracelet","7525","Andrew Williams Bracelet Pieuvre : Taille - 6.5""","0","110.95","45.00","0.00"
"SKU: 00-07-562x2","418","Andrew Williams Octopus Bracelet","7526","Andrew Williams Bracelet Pieuvre : Taille - 8""","2","110.95","45.00","0.00"
"SKU: 00-07-563x2","420","Andrew Williams Octopus Pendant","","Andrew Williams Pendentif Pieuvre","1","90.00","39.00","0.00"
"SKU: 00-07-560x2","422","Andrew Williams Raven Pendant","","Andrew Williams Pendentif Corbeau","1","90.00","39.00","0.00"
"00-07-581","423","Bill Helin Raven Bracelet","","Andrew Williams Bracelet Corbeau","0","110.95","48.00","0.00"
"SKU: 00-07-528","424","Corrine Hunt Eagle Earrings","","Corrine Hunt Boucles d'Oreilles Aigle (Air)","1","80.00","34.50","0.00"
"SKU: 00-07-503","425","Corrine Hunt Killer Whale Pendant","","Corrine Hunt Pendentif  Épaulard","1","82.00","35.50","0.00"
"SKU: 00-07-520","426","Corrine Hunt Eagle Earrings","","Corrine Hunt Boucles d'Oreilles Aigle","1","85.00","37.00","0.00"
"SKU: 00-07-530","427","Corrine Hunt Eagle Earrings","","Corrine Hunt Boucles d'Oreilles Aigle","0","85.00","37.00","0.00"
"SKU: 00-07-504","428","Corrine Hunt Wolf Pendant","","Corrine Hunt Pendentif Loup","2","82.00","35.50","0.00"
"SKU: 00-07-529","429","Corrine Hunt Wolf Earrings","","Corrine Hunt Boucles d'Oreilles Loup","1","80.00","34.50","0.00"
"SKU: 00-07-521","430","Corrine Hunt Killer Whale Earrings","","Corrine Hunt Boucles d'Oreilles Épaulard","1","85.00","37.00","0.00"
"SKU: 00-07-508","431","Corrine Hunt Eagle Pendant","","Corrine Hunt Pendentif Aigle","1","90.00","39.00","0.00"
"SKU: 00-07-523","434","Corrine Hunt Killer Whale Earrings","","Corrine Hunt Boucles d'Oreilles Épaulard","0","85.00","37.00","0.00"
"SKU: 00-07-501","435","Corrine Hunt Killer Whale Pendant","1015","Corrine Hunt Pendentif  Épaulard : Taille - P","0","60.00","27.00","35.50"
"SKU: 00-07-501","435","Corrine Hunt Killer Whale Pendant","1016","Corrine Hunt Pendentif  Épaulard : Taille - L","1","86.00","27.00","37.50"
"SKU: 00-07-500","436","Corrine Hunt Eagle Pendant","","Corrine Hunt Pendentif Aigle","2","82.00","35.50","0.00"
"SKU: 00-07-524","437","Corrine Hunt Wolf Earrings","","Corrine Hunt Boucles d'Oreilles Loup","1","85.00","37.00","0.00"
"SKU: 00-07-509","439","Corrine Hunt Wolf Pendant","11700","Corrine Hunt Pendentif Loup : Bijoux - Chaîne en argent","1","90.00","39.00","39.00"
"SKU: 00-07-509","439","Corrine Hunt Wolf Pendant","11701","Corrine Hunt Pendentif Loup : Bijoux - Cordon Satin Noir","0","74.00","39.00","32.00"
"SKU: 00-07-594","440","Corrine Hunt Eagle Pendant","","Corrine  Hunt Pendentif Aigle","0","82.00","28.00","0.00"
"SKU: 00-07-507","442","Corrine Hunt Eagle Pendant","6556","Corrine  Hunt Pendentif Aigle : Bijoux - Chaîne en argent","1","82.00","28.00","35.50"
"SKU: 00-07-507","442","Corrine Hunt Eagle Pendant","6557","Corrine  Hunt Pendentif Aigle : Bijoux - Cordon Satin Noir","0","74.00","28.00","31.50"
"SKU: 00-07-505","443","Corrine Hunt Eagle Pendant","","Corrine  Hunt Pendentif Aigle","1","82.00","35.50","0.00"
"SKU: 00-07-595","444","Corrine Hunt Killer Whale Pendant","","Corrine  Hunt Pendentif Épaulard","1","76.00","32.00","0.00"
"SKU: 00-07-506","445","Corrine Hunt Eagle Pendant","","Corrine Hunt Pendentif Aigle","0","82.00","35.50","0.00"
"SKU: 00-07-570x2","447","Kelly Robinson Eagle Bracelet","7830","Kelly Robinson Bracelet Aigle : Taille - 6.5""","0","110.95","48.00","0.00"
"SKU: 00-07-570x2","447","Kelly Robinson Eagle Bracelet","7831","Kelly Robinson Bracelet Aigle : Taille - 8""","0","110.95","48.00","0.00"
"SKU: 00-07-571x2","448","Kelly Robinson Hummingbird Bracelet","7523","Kelly Robinson Bracelet Colibri : Taille - 6.5""","0","110.95","0.00","48.00"
"SKU: 00-07-571x2","448","Kelly Robinson Hummingbird Bracelet","7524","Kelly Robinson Bracelet Colibri : Taille - 8""","0","110.95","0.00","45.00"
"SKU: 00-04-703","449","Moon Mask Cribbage Board","","Jeu de Crib Moon Mask","0","196.00","85.00","0.00"
"SKU: 00-04-702","451","Cribbage Board","","Jeu de Crib","1","180.00","72.00","0.00"
"SKU: 00-04-495","452","Keith Tait Frog Box","","Keith Tait Coffret  Grenouille","1","81.00","35.00","0.00"
"SKU: 90-90-252","454","John Robson CMH Clamshell Box Watch","11706","John Robson Coffret Coquille de Mollusque : Taille - M","0","345.00","450.00","150.00"
"SKU: 90-90-252","454","John Robson CMH Clamshell Box Watch","11707","John Robson Coffret Coquille de Mollusque : Taille - L","0","1050.00","450.00","450.00"
"SKU: 90-90-250","455","CMH Dogfish Box","","Coffret Haida Gwaii Chien de Mer","0","62.00","27.00","0.00"
"SKU: 90-90-251","456","CMH Sea Monster Box","","Coffret Haida Gwaii Loup de Mer","0","76.00","33.00","0.00"
"SKU: 90-90-152","457","Haida Gwaii Beaver Bowl","","Bol Haida Gwaii Castor","1","230.00","92.00","0.00"
"SKU: 90-90-150","458","Haida Gwaii Frog Bowl","","Bol Haida Gwaii Grenouille","1","65.00","28.00","0.00"
"SKU: 90-90-151","459","Haida Gwaii Frog Bowl","","Bol Haida Gwaii Grenouille","0","80.95","35.00","0.00"
"SKU: 90-90-200","460","Haida Gwaii Halibut Plate","","Plat Potlatch Haida Gwaii Flétan","0","152.00","66.00","0.00"
"SKU: 90-90-201","461","Haida Gwaii Killer Whale Plate","","Plat Haida Gwaii Épaulard","1","182.00","72.00","0.00"
"SKU: 90-90-208","462","Haida Gwaii Octopus Platter","","Plat Potlatch  Haida Gwaii Pieuvre","1","355.00","154.00","0.00"
"SKU: 90-90-203","463","Haida Gwaii Sea Wolf Platter","","Plat Haida Gwaii Loup de Mer","1","448.00","180.00","0.00"
"SKU: 90-90-206","464","Haida Gwaii Dogfish Platter","","Plat Potlatch  Haida Gwaii Chien de Mer","0","230.00","97.00","0.00"
"SKU: 90-90-202","465","Haida Gwaii Thunderbird/Whale Platter","","Plat Haida Gwaii L'Oiseau-Tonnerre/Baleine","0","254.00","110.00","0.00"
"SKU: 90-90-003","466","Haida Gwaii Bear/Dogfish Totem","","Totem Haida Gwaii Ours/Chien de Mer","0","50.95","22.00","0.00"
"SKU: 90-90-001","467","Haida Gwaii Bear/Halibut Totem","","Totem Haida Gwaii Ours/Flétan","0","38.50","16.75","0.00"
"SKU: 90-90-009","468","Haida Gwaii Bear Mother Totem","","Totem Haida Gwaii Ours/Mère","0","230.00","100.00","0.00"
"SKU: 90-90-004","469","Haida Gwaii Bear/Raven Totem","","Totem Haida Gwaii Ours/Corbeau","0","76.00","33.00","0.00"
"SKU: 90-90-002","471","Haida Gwaii Bear/Salmon Totem","","Totem Haida Gwaii Ours/Saumon","0","50.95","22.00","0.00"
"SKU: 90-90-008","472","Haida Gwaii Beaver/Bear/Killer Whale Totem","","Totem Haida Gwaii Castor/Ours/Épaulard","0","104.00","45.00","0.00"
"SKU: 90-90-010","473","Haida Gwaii Eagle Totem","","Totem Haida Gwaii Aigle","0","299.00","130.00","0.00"
"SKU: 90-90-006","474","Haida Gwaii Raven Totem","","Totem Haida Gwaii Corbeau","0","82.95","36.00","0.00"
"SKU: 90-90-005","475","Haida Gwaii Raven/Beaver Totem","","Totem Haida Gwaii Corbeau/Castor","0","76.00","33.00","0.00"
"SKU: 90-90-007","476","Haida Gwaii Shaman/Raven/Beaver Totem","","Totem Haida Gwaii Shaman/Corbeau/Castor","0","104.00","45.00","0.00"
"SKU: 00-02-826","477","Potlatch Bear Dish","","Plat Potlatch Ours","2","116.00","50.50","0.00"
"SKU: 00-02-816","478","Potlatch Bear Bowl","","Bol Potlatch Ours","0","299.00","130.00","0.00"
"SKU: 00-02-815","479","Potlatch Dogfish Bowl","","Bol Potlatch Chien de Mer en bois","0","222.00","96.00","0.00"
"SKU: 00-02-822","480","Potlatch Frog Bowl","","Bol Potlatch Grenouille","3","116.00","50.50","0.00"
"SKU: 00-02-823","481","Potlatch Loon Bowl","","Bol Potlatch Huard","0","116.00","50.50","0.00"
"SKU: 00-02-824","482","Potlatch Raven Bowl","","Bol Potlatch Corbeau","1","116.00","50.50","0.00"
"SKU: 00-02-814","483","Potlatch Raven Bowl","","Bol Potlatch Corbeau","1","184.00","96.00","0.00"
"SKU: 54-54-116","485","Moccasins Bear Box","1087","Mocassins Bear Box : Pointure - 18 mois","0","92.00","40.00","0.00"
"SKU: 54-54-116","485","Moccasins Bear Box","1088","Mocassins Bear Box : Pointure - 24 mois","0","92.00","40.00","0.00"
"SKU: 54-54-116","485","Moccasins Bear Box","1089","Mocassins Bear Box : Pointure - 36 mois","4","92.00","40.00","0.00"
"SKU-54-54-380","489","City Bag, Bear Box","4027","Sacoche à Bandoulière, Bear Box : Couleurs - Noir","0","110.00","48.00","0.00"
"SKU-54-54-380","489","City Bag, Bear Box","4029","Sacoche à Bandoulière, Bear Box : Couleurs - Turquoise","0","110.00","48.00","0.00"
"SKU-54-54-380","489","City Bag, Bear Box","4030","Sacoche à Bandoulière, Bear Box : Couleurs - Noisette","1","110.00","48.00","0.00"
"SKU: 54-54-206x12","501","Bear Box Coin Purse","106","Porte-monnaie Bear Box : Couleurs - Noir","0","34.50","15.00","0.00"
"SKU: 54-54-206x12","501","Bear Box Coin Purse","107","Porte-monnaie Bear Box : Couleurs - Rouge","0","34.50","15.00","0.00"
"SKU: 54-54-206x12","501","Bear Box Coin Purse","110","Porte-monnaie Bear Box : Couleurs - Turquoise","0","34.50","15.00","0.00"
"SKU: 54-54-206x12","501","Bear Box Coin Purse","112","Porte-monnaie Bear Box : Couleurs - Noir chevreuil","0","34.50","15.00","0.00"
"SKU: 54-54-206x12","501","Bear Box Coin Purse","113","Porte-monnaie Bear Box : Couleurs - Rouge chevreuil","0","34.50","15.00","0.00"
"SKU: 54-54-206x12","501","Bear Box Coin Purse","114","Porte-monnaie Bear Box : Couleurs - Brun pâle chevreuil","0","34.50","15.00","0.00"
"SKU: 54-54-206x12","501","Bear Box Coin Purse","115","Porte-monnaie Bear Box : Couleurs - Turquoise chevreuil","0","34.50","15.00","0.00"
"SKU: 54-54-206x12","501","Bear Box Coin Purse","9223","Porte-monnaie Bear Box : Couleurs - Beige","1","34.50","15.00","0.00"
"SKU: 54-54-395","502","Mini Coin Purse Bear Box","102","Petit Porte-Monnaie Bear Box : Couleurs - Noir","0","32.95","14.50","0.00"
"SKU: 54-54-395","502","Mini Coin Purse Bear Box","103","Petit Porte-Monnaie Bear Box : Couleurs - Rouge","4","32.95","14.50","0.00"
"SKU: 54-54-395","502","Mini Coin Purse Bear Box","104","Petit Porte-Monnaie Bear Box : Couleurs - Turquoise","4","32.95","14.50","0.00"
"SKU: 54-54-395","502","Mini Coin Purse Bear Box","105","Petit Porte-Monnaie Bear Box : Couleurs - Brun pâle","3","32.95","14.50","0.00"
"SKU: 54-54-395","502","Mini Coin Purse Bear Box","2069","Petit Porte-Monnaie Bear Box : Couleurs - Noisette","0","32.95","14.50","0.00"
"SKU: 54-54-395","502","Mini Coin Purse Bear Box","3952","Petit Porte-Monnaie Bear Box : Couleurs - Jaune","3","32.95","14.50","0.00"
"SKU: 54-54-208","509","Passport Pouch Bear Box","4097","Sacoche à Passeport Bear Box : Couleurs - Noir","0","72.00","31.00","0.00"
"SKU: 54-54-208","509","Passport Pouch Bear Box","4098","Sacoche à Passeport Bear Box : Couleurs - Rouge","0","72.00","31.00","0.00"
"SKU: 54-54-208","509","Passport Pouch Bear Box","4099","Sacoche à Passeport Bear Box : Couleurs - Noisette","0","72.00","31.00","0.00"
"SKU: 54-54-208","509","Passport Pouch Bear Box","4100","Sacoche à Passeport Bear Box : Couleurs - Turquoise","1","72.00","31.00","0.00"
"SKU: 54-54-208","509","Passport Pouch Bear Box","4102","Sacoche à Passeport Bear Box : Couleurs - Bleu sarcelle","1","72.00","31.00","0.00"
"SKU: 54-54-208","509","Passport Pouch Bear Box","4121","Sacoche à Passeport Bear Box : Couleurs - Bronze","0","72.00","31.00","0.00"
"SKU: 54-54-208","509","Passport Pouch Bear Box","7834","Sacoche à Passeport Bear Box : Couleurs - Crème","0","72.00","31.00","0.00"
"SKU: 54-54-208","509","Passport Pouch Bear Box","9129","Sacoche à Passeport Bear Box : Couleurs - Jaune","0","72.00","31.00","0.00"
"SKU: 54-54-203","518","Embossed Solo Bag Bear Box","8523","Sacoche à Bandoulière, Bear Box : Couleurs - Noir","0","120.00","52.00","0.00"
"SKU: 54-54-203","518","Embossed Solo Bag Bear Box","8524","Sacoche à Bandoulière, Bear Box : Couleurs - Rouge","0","120.00","52.00","0.00"
"SKU: 54-54-203","518","Embossed Solo Bag Bear Box","8525","Sacoche à Bandoulière, Bear Box : Couleurs - Brun","0","120.00","52.00","0.00"
"SKU: 54-54-203","518","Embossed Solo Bag Bear Box","8526","Sacoche à Bandoulière, Bear Box : Couleurs - Turquoise","0","120.00","52.00","0.00"
"SKU: 54-54-203","518","Embossed Solo Bag Bear Box","8527","Sacoche à Bandoulière, Bear Box : Couleurs - Noir chevreuil","0","120.00","52.00","0.00"
"SKU: 54-54-203","518","Embossed Solo Bag Bear Box","8528","Sacoche à Bandoulière, Bear Box : Couleurs - Rouge chevreuil","0","120.00","52.00","0.00"
"SKU: 54-54-203","518","Embossed Solo Bag Bear Box","8529","Sacoche à Bandoulière, Bear Box : Couleurs - Beige Chevreuil","0","120.00","52.00","0.00"
"SKU: 54-54-203","518","Embossed Solo Bag Bear Box","8530","Sacoche à Bandoulière, Bear Box : Couleurs - Tan Chevreuil","0","120.00","52.00","0.00"
"SKU: 54-54-203","518","Embossed Solo Bag Bear Box","8531","Sacoche à Bandoulière, Bear Box : Couleurs - Turquoise chevreuil","1","120.00","52.00","0.00"
"SKU: 54-54-232","525","Wristlet Bear Box","4078","Sacoche de Soirée, Bear Box : Couleurs - Noir","0","56.00","24.00","0.00"
"SKU: 54-54-232","525","Wristlet Bear Box","4079","Sacoche de Soirée, Bear Box : Couleurs - Rouge","0","56.00","24.00","0.00"
"SKU: 54-54-232","525","Wristlet Bear Box","4081","Sacoche de Soirée, Bear Box : Couleurs - Turquoise","0","56.00","24.00","0.00"
"SKU: 54-54-232","525","Wristlet Bear Box","4082","Sacoche de Soirée, Bear Box : Couleurs - Tan","0","56.00","24.00","0.00"
"SKU: 54-54-232","525","Wristlet Bear Box","4090","Sacoche de Soirée, Bear Box : Couleurs - Cerise","0","56.00","24.00","0.00"
"SKU: 54-54-232","525","Wristlet Bear Box","8532","Sacoche de Soirée, Bear Box : Couleurs - Brun","0","56.00","24.00","0.00"
"SKU: 54-54-134x7","531","Bill Helin Eagle Coin Purse","62","Bill Helin Porte-Monnaie Aigle : Couleurs - Noir","0","34.00","14.50","0.00"
"SKU: 54-54-134x7","531","Bill Helin Eagle Coin Purse","63","Bill Helin Porte-Monnaie Aigle : Couleurs - Rouge","0","34.00","14.50","0.00"
"SKU: 54-54-134x7","531","Bill Helin Eagle Coin Purse","64","Bill Helin Porte-Monnaie Aigle : Couleurs - Turquoise","0","34.00","14.50","0.00"
"SKU: 54-54-134x7","531","Bill Helin Eagle Coin Purse","65","Bill Helin Porte-Monnaie Aigle : Couleurs - Brun pâle","0","34.00","14.50","0.00"
"SKU: 54-54-134x7","531","Bill Helin Eagle Coin Purse","67","Bill Helin Porte-Monnaie Aigle : Couleurs - Brun pâle chevreuil","0","28.00","14.50","28.00"
"SKU: 54-54-134x7","531","Bill Helin Eagle Coin Purse","68","Bill Helin Porte-Monnaie Aigle : Couleurs - Rouge chevreuil","0","28.00","14.50","0.00"
"6017-0408-00VI-600VI","534","Ladies Suede Slippers","507","Pantoufles Suède Dames : Pointure - 4","0","108.00","46.90","0.00"
"6017-0408-00VI-600VI","534","Ladies Suede Slippers","508","Pantoufles Suède Dames : Pointure - 5","0","108.00","46.90","0.00"
"6017-0408-00VI-600VI","534","Ladies Suede Slippers","509","Pantoufles Suède Dames : Pointure - 6","0","108.00","46.90","0.00"
"6017-0408-00VI-600VI","534","Ladies Suede Slippers","510","Pantoufles Suède Dames : Pointure - 7","0","108.00","46.90","0.00"
"6017-0408-00VI-600VI","534","Ladies Suede Slippers","511","Pantoufles Suède Dames : Pointure - 8","0","108.00","46.90","0.00"
"6017-0408-00VI-600VI","534","Ladies Suede Slippers","512","Pantoufles Suède Dames : Pointure - 9","0","108.00","46.90","0.00"
"6017-0408-00VI-600VI","534","Ladies Suede Slippers","513","Pantoufles Suède Dames : Pointure - 10","0","108.00","46.90","0.00"
"6017-0408-00VI-600VI","534","Ladies Suede Slippers","514","Pantoufles Suède Dames : Pointure - 11","0","108.00","46.90","0.00"
"6017-0408-00VI-600VI","534","Ladies Suede Slippers","515","Pantoufles Suède Dames : Pointure - 12","0","108.00","46.90","0.00"
"6080-0408-41AQ-600AQ","535","Ladies Suede Slippers","522","Pantoufles Suède Dames : Pointure - 11","0","108.00","46.90","0.00"
"6080-0408-41AQ-600AQ","535","Ladies Suede Slippers","7058","Pantoufles Suède Dames : Pointure - 4","0","108.00","46.90","0.00"
"6080-0408-41AQ-600AQ","535","Ladies Suede Slippers","7059","Pantoufles Suède Dames : Pointure - 5","0","108.00","46.90","0.00"
"6080-0408-41AQ-600AQ","535","Ladies Suede Slippers","7060","Pantoufles Suède Dames : Pointure - 6","0","108.00","46.90","0.00"
"6080-0408-41AQ-600AQ","535","Ladies Suede Slippers","7061","Pantoufles Suède Dames : Pointure - 7","0","108.00","46.90","0.00"
"6080-0408-41AQ-600AQ","535","Ladies Suede Slippers","7062","Pantoufles Suède Dames : Pointure - 8","0","108.00","46.90","0.00"
"6080-0408-41AQ-600AQ","535","Ladies Suede Slippers","7063","Pantoufles Suède Dames : Pointure - 9","0","108.00","46.90","0.00"
"6080-0408-41AQ-600AQ","535","Ladies Suede Slippers","7064","Pantoufles Suède Dames : Pointure - 10","0","108.00","46.90","0.00"
"6080-0408-41AQ-600AQ","535","Ladies Suede Slippers","7065","Pantoufles Suède Dames : Pointure - 12","0","108.00","46.90","0.00"
"6080-0408-41BU-600BU","537","Ladies Suede Slippers","534","Pantoufles Suède Dames : Pointure - 5","1","108.00","46.90","0.00"
"6080-0408-41BU-600BU","537","Ladies Suede Slippers","535","Pantoufles Suède Dames : Pointure - 6","1","108.00","46.90","0.00"
"6080-0408-41BU-600BU","537","Ladies Suede Slippers","536","Pantoufles Suède Dames : Pointure - 7","0","108.00","46.90","0.00"
"6080-0408-41BU-600BU","537","Ladies Suede Slippers","537","Pantoufles Suède Dames : Pointure - 8","0","108.00","46.90","0.00"
"6080-0408-41BU-600BU","537","Ladies Suede Slippers","538","Pantoufles Suède Dames : Pointure - 9","1","108.00","46.90","0.00"
"6080-0408-41BU-600BU","537","Ladies Suede Slippers","539","Pantoufles Suède Dames : Pointure - 10","0","108.00","46.90","0.00"
"6080-0408-41BU-600BU","537","Ladies Suede Slippers","540","Pantoufles Suède Dames : Pointure - 11","0","108.00","46.90","0.00"
"6080-0408-41BU-600BU","537","Ladies Suede Slippers","541","Pantoufles Suède Dames : Pointure - 12","0","108.00","46.90","0.00"
"6080-0408-41BU-600BU","537","Ladies Suede Slippers","542","Pantoufles Suède Dames : Pointure - 4","0","108.00","46.90","0.00"
"6080-0408-41CO-600CO","538","Ladies Suede Slippers","543","Pantoufles Suède Dames : Pointure - 5","0","108.00","46.90","0.00"
"6080-0408-41CO-600CO","538","Ladies Suede Slippers","544","Pantoufles Suède Dames : Pointure - 6","0","108.00","46.90","0.00"
"6080-0408-41CO-600CO","538","Ladies Suede Slippers","545","Pantoufles Suède Dames : Pointure - 7","0","108.00","46.90","0.00"
"6080-0408-41CO-600CO","538","Ladies Suede Slippers","546","Pantoufles Suède Dames : Pointure - 8","0","108.00","46.90","0.00"
"6080-0408-41CO-600CO","538","Ladies Suede Slippers","547","Pantoufles Suède Dames : Pointure - 9","0","108.00","46.90","0.00"
"6080-0408-41CO-600CO","538","Ladies Suede Slippers","548","Pantoufles Suède Dames : Pointure - 10","0","108.00","46.90","0.00"
"6080-0408-41CO-600CO","538","Ladies Suede Slippers","549","Pantoufles Suède Dames : Pointure - 11","0","108.00","46.90","0.00"
"6080-0408-41CO-600CO","538","Ladies Suede Slippers","550","Pantoufles Suède Dames : Pointure - 12","0","108.00","46.90","0.00"
"6080-0408-41CO-600CO","538","Ladies Suede Slippers","551","Pantoufles Suède Dames : Pointure - 4","0","108.00","46.90","0.00"
"6080-0408-41COTO-600COTO","539","Ladies Suede Slippers","558","Pantoufles Suède Dames : Pointure - 11","0","108.00","46.90","0.00"
"6080-0408-41COTO-600COTO","539","Ladies Suede Slippers","7066","Pantoufles Suède Dames : Pointure - 4","0","108.00","46.90","0.00"
"6080-0408-41COTO-600COTO","539","Ladies Suede Slippers","7067","Pantoufles Suède Dames : Pointure - 5","0","108.00","46.90","0.00"
"6080-0408-41COTO-600COTO","539","Ladies Suede Slippers","7068","Pantoufles Suède Dames : Pointure - 6","0","108.00","46.90","0.00"
"6080-0408-41COTO-600COTO","539","Ladies Suede Slippers","7069","Pantoufles Suède Dames : Pointure - 7","0","108.00","46.90","0.00"
"6080-0408-41COTO-600COTO","539","Ladies Suede Slippers","7070","Pantoufles Suède Dames : Pointure - 8","0","108.00","46.90","0.00"
"6080-0408-41COTO-600COTO","539","Ladies Suede Slippers","7071","Pantoufles Suède Dames : Pointure - 9","0","108.00","46.90","0.00"
"6080-0408-41COTO-600COTO","539","Ladies Suede Slippers","7072","Pantoufles Suède Dames : Pointure - 10","0","108.00","46.90","0.00"
"6080-0408-41COTO-600COTO","539","Ladies Suede Slippers","7073","Pantoufles Suède Dames : Pointure - 12","0","108.00","46.90","0.00"
"6080-0408-41DKTCK-600DKTCK","540","Ladies Suede/Leather Slippers","561","Pantoufles Suède/Cuir Dames : Pointure - 5","0","115.00","49.70","0.00"
"6080-0408-41DKTCK-600DKTCK","540","Ladies Suede/Leather Slippers","562","Pantoufles Suède/Cuir Dames : Pointure - 6","0","115.00","49.70","0.00"
"6080-0408-41DKTCK-600DKTCK","540","Ladies Suede/Leather Slippers","563","Pantoufles Suède/Cuir Dames : Pointure - 7","0","115.00","49.70","0.00"
"6080-0408-41DKTCK-600DKTCK","540","Ladies Suede/Leather Slippers","564","Pantoufles Suède/Cuir Dames : Pointure - 8","0","115.00","49.70","0.00"
"6080-0408-41DKTCK-600DKTCK","540","Ladies Suede/Leather Slippers","565","Pantoufles Suède/Cuir Dames : Pointure - 9","0","115.00","49.70","0.00"
"6080-0408-41DKTCK-600DKTCK","540","Ladies Suede/Leather Slippers","566","Pantoufles Suède/Cuir Dames : Pointure - 10","0","115.00","49.70","0.00"
"6080-0408-41DKTCK-600DKTCK","540","Ladies Suede/Leather Slippers","567","Pantoufles Suède/Cuir Dames : Pointure - 11","0","115.00","49.70","0.00"
"6080-0408-41DKTCK-600DKTCK","540","Ladies Suede/Leather Slippers","568","Pantoufles Suède/Cuir Dames : Pointure - 12","0","115.00","49.70","0.00"
"6080-0408-41DKTCK-600DKTCK","540","Ladies Suede/Leather Slippers","569","Pantoufles Suède/Cuir Dames : Pointure - 4","0","115.00","49.70","0.00"
"6080-0408-41NBCK-600NBCK","541","Ladies Suede/Leather Slippers","574","Pantoufles Suède/Cuir Dames : Pointure - 9","0","115.00","49.70","0.00"
"6080-0408-41NBCK-600NBCK","541","Ladies Suede/Leather Slippers","7074","Pantoufles Suède/Cuir Dames : Pointure - 4","0","115.00","49.70","0.00"
"6080-0408-41NBCK-600NBCK","541","Ladies Suede/Leather Slippers","7075","Pantoufles Suède/Cuir Dames : Pointure - 5","0","115.00","49.70","0.00"
"6080-0408-41NBCK-600NBCK","541","Ladies Suede/Leather Slippers","7076","Pantoufles Suède/Cuir Dames : Pointure - 6","0","115.00","49.70","0.00"
"6080-0408-41NBCK-600NBCK","541","Ladies Suede/Leather Slippers","7077","Pantoufles Suède/Cuir Dames : Pointure - 7","0","115.00","49.70","0.00"
"6080-0408-41NBCK-600NBCK","541","Ladies Suede/Leather Slippers","7078","Pantoufles Suède/Cuir Dames : Pointure - 8","0","115.00","49.70","0.00"
"6080-0408-41NBCK-600NBCK","541","Ladies Suede/Leather Slippers","7079","Pantoufles Suède/Cuir Dames : Pointure - 10","0","115.00","49.70","0.00"
"6080-0408-41NBCK-600NBCK","541","Ladies Suede/Leather Slippers","7080","Pantoufles Suède/Cuir Dames : Pointure - 11","0","115.00","49.70","0.00"
"6080-0408-41NBCK-600NBCK","541","Ladies Suede/Leather Slippers","7081","Pantoufles Suède/Cuir Dames : Pointure - 12","0","115.00","49.70","0.00"
"6080-0408-41PU-600PU","542","Ladies Suede Slippers","584","Pantoufles Suède Dames : Pointure - 10","0","108.00","46.90","0.00"
"6080-0408-41PU-600PU","542","Ladies Suede Slippers","7082","Pantoufles Suède Dames : Pointure - 4","0","108.00","46.90","0.00"
"6080-0408-41PU-600PU","542","Ladies Suede Slippers","7083","Pantoufles Suède Dames : Pointure - 5","1","108.00","46.90","0.00"
"6080-0408-41PU-600PU","542","Ladies Suede Slippers","7084","Pantoufles Suède Dames : Pointure - 6","0","108.00","46.90","0.00"
"6080-0408-41PU-600PU","542","Ladies Suede Slippers","7085","Pantoufles Suède Dames : Pointure - 7","1","108.00","46.90","0.00"
"6080-0408-41PU-600PU","542","Ladies Suede Slippers","7086","Pantoufles Suède Dames : Pointure - 8","1","108.00","46.90","0.00"
"6080-0408-41PU-600PU","542","Ladies Suede Slippers","7087","Pantoufles Suède Dames : Pointure - 9","1","108.00","46.90","0.00"
"6080-0408-41PU-600PU","542","Ladies Suede Slippers","7088","Pantoufles Suède Dames : Pointure - 11","1","108.00","46.90","0.00"
"6080-0408-41PU-600PU","542","Ladies Suede Slippers","7089","Pantoufles Suède Dames : Pointure - 12","0","108.00","46.90","0.00"
"6080-0408-41RBBL-600RBBL","543","Ladies Suede Slippers","588","Pantoufles Suède Dames : Pointure - 5","0","108.00","46.90","0.00"
"6080-0408-41RBBL-600RBBL","543","Ladies Suede Slippers","589","Pantoufles Suède Dames : Pointure - 6","0","108.00","46.90","0.00"
"6080-0408-41RBBL-600RBBL","543","Ladies Suede Slippers","590","Pantoufles Suède Dames : Pointure - 7","0","108.00","46.90","0.00"
"6080-0408-41RBBL-600RBBL","543","Ladies Suede Slippers","591","Pantoufles Suède Dames : Pointure - 8","0","108.00","46.90","0.00"
"6080-0408-41RBBL-600RBBL","543","Ladies Suede Slippers","592","Pantoufles Suède Dames : Pointure - 9","0","108.00","46.90","0.00"
"6080-0408-41RBBL-600RBBL","543","Ladies Suede Slippers","593","Pantoufles Suède Dames : Pointure - 10","0","108.00","46.90","0.00"
"6080-0408-41RBBL-600RBBL","543","Ladies Suede Slippers","594","Pantoufles Suède Dames : Pointure - 11","0","108.00","46.90","0.00"
"6080-0408-41RBBL-600RBBL","543","Ladies Suede Slippers","595","Pantoufles Suède Dames : Pointure - 12","0","108.00","46.90","0.00"
"6080-0408-41RBBL-600RBBL","543","Ladies Suede Slippers","596","Pantoufles Suède Dames : Pointure - 4","0","108.00","46.90","0.00"
"6080-0408-41RB-600RB","544","Ladies Suede Slippers","597","Pantoufles Suède Dames : Pointure - 5","0","108.00","46.90","0.00"
"6080-0408-41RB-600RB","544","Ladies Suede Slippers","598","Pantoufles Suède Dames : Pointure - 6","0","108.00","46.90","0.00"
"6080-0408-41RB-600RB","544","Ladies Suede Slippers","599","Pantoufles Suède Dames : Pointure - 7","0","108.00","46.90","0.00"
"6080-0408-41RB-600RB","544","Ladies Suede Slippers","600","Pantoufles Suède Dames : Pointure - 8","0","108.00","46.90","0.00"
"6080-0408-41RB-600RB","544","Ladies Suede Slippers","601","Pantoufles Suède Dames : Pointure - 9","0","108.00","46.90","0.00"
"6080-0408-41RB-600RB","544","Ladies Suede Slippers","602","Pantoufles Suède Dames : Pointure - 10","0","108.00","46.90","0.00"
"6080-0408-41RB-600RB","544","Ladies Suede Slippers","603","Pantoufles Suède Dames : Pointure - 11","0","108.00","46.90","0.00"
"6080-0408-41RB-600RB","544","Ladies Suede Slippers","604","Pantoufles Suède Dames : Pointure - 12","0","108.00","46.90","0.00"
"6080-0408-41RB-600RB","544","Ladies Suede Slippers","605","Pantoufles Suède Dames : Pointure - 4","0","108.00","46.90","0.00"
"6080-0408-41SMFD-600SMFD","545","Ladies Suede/Leather Slippers","606","Pantoufles Suède/Cuir Dames : Pointure - 5","0","115.00","49.70","0.00"
"6080-0408-41SMFD-600SMFD","545","Ladies Suede/Leather Slippers","607","Pantoufles Suède/Cuir Dames : Pointure - 6","0","115.00","49.70","0.00"
"6080-0408-41SMFD-600SMFD","545","Ladies Suede/Leather Slippers","608","Pantoufles Suède/Cuir Dames : Pointure - 7","0","115.00","49.70","0.00"
"6080-0408-41SMFD-600SMFD","545","Ladies Suede/Leather Slippers","609","Pantoufles Suède/Cuir Dames : Pointure - 8","0","115.00","49.70","0.00"
"6080-0408-41SMFD-600SMFD","545","Ladies Suede/Leather Slippers","610","Pantoufles Suède/Cuir Dames : Pointure - 9","0","115.00","49.70","0.00"
"6080-0408-41SMFD-600SMFD","545","Ladies Suede/Leather Slippers","611","Pantoufles Suède/Cuir Dames : Pointure - 10","0","115.00","49.70","0.00"
"6080-0408-41SMFD-600SMFD","545","Ladies Suede/Leather Slippers","612","Pantoufles Suède/Cuir Dames : Pointure - 11","0","115.00","49.70","0.00"
"6080-0408-41SMFD-600SMFD","545","Ladies Suede/Leather Slippers","613","Pantoufles Suède/Cuir Dames : Pointure - 12","0","115.00","49.70","0.00"
"6080-0408-41SMFD-600SMFD","545","Ladies Suede/Leather Slippers","614","Pantoufles Suède/Cuir Dames : Pointure - 4","0","115.00","49.70","0.00"
"6080-0408-41STO-600STO","546","Ladies Suede Slippers","615","Pantoufles Suède Dames : Pointure - 5","0","108.00","46.90","0.00"
"6080-0408-41STO-600STO","546","Ladies Suede Slippers","616","Pantoufles Suède Dames : Pointure - 6","0","108.00","46.90","0.00"
"6080-0408-41STO-600STO","546","Ladies Suede Slippers","617","Pantoufles Suède Dames : Pointure - 7","0","108.00","46.90","0.00"
"6080-0408-41STO-600STO","546","Ladies Suede Slippers","618","Pantoufles Suède Dames : Pointure - 8","0","108.00","46.90","0.00"
"6080-0408-41STO-600STO","546","Ladies Suede Slippers","619","Pantoufles Suède Dames : Pointure - 9","0","108.00","46.90","0.00"
"6080-0408-41STO-600STO","546","Ladies Suede Slippers","620","Pantoufles Suède Dames : Pointure - 10","0","108.00","46.90","0.00"
"6080-0408-41STO-600STO","546","Ladies Suede Slippers","621","Pantoufles Suède Dames : Pointure - 11","0","108.00","46.90","0.00"
"6080-0408-41STO-600STO","546","Ladies Suede Slippers","622","Pantoufles Suède Dames : Pointure - 12","0","108.00","46.90","0.00"
"6080-0408-41STO-600STO","546","Ladies Suede Slippers","623","Pantoufles Suède Dames : Pointure - 4","0","108.00","46.90","0.00"
"6080-0408-41VIGR-600VIGR","547","Ladies Suede Slippers","624","Pantoufles Suède Dames : Pointure - 5","0","108.00","46.90","0.00"
"6080-0408-41VIGR-600VIGR","547","Ladies Suede Slippers","625","Pantoufles Suède Dames : Pointure - 6","0","108.00","46.90","0.00"
"6080-0408-41VIGR-600VIGR","547","Ladies Suede Slippers","626","Pantoufles Suède Dames : Pointure - 7","0","108.00","46.90","0.00"
"6080-0408-41VIGR-600VIGR","547","Ladies Suede Slippers","627","Pantoufles Suède Dames : Pointure - 8","0","108.00","46.90","0.00"
"6080-0408-41VIGR-600VIGR","547","Ladies Suede Slippers","628","Pantoufles Suède Dames : Pointure - 9","0","108.00","46.90","0.00"
"6080-0408-41VIGR-600VIGR","547","Ladies Suede Slippers","629","Pantoufles Suède Dames : Pointure - 10","0","108.00","46.90","0.00"
"6080-0408-41VIGR-600VIGR","547","Ladies Suede Slippers","630","Pantoufles Suède Dames : Pointure - 11","0","108.00","46.90","0.00"
"6080-0408-41VIGR-600VIGR","547","Ladies Suede Slippers","631","Pantoufles Suède Dames : Pointure - 12","0","108.00","46.90","0.00"
"6080-0408-41VIGR-600VIGR","547","Ladies Suede Slippers","632","Pantoufles Suède Dames : Pointure - 4","0","108.00","46.90","0.00"
"6080-0208-41BL-613BL","550","Ladies Suede Slippers","656","Pantoufles Suède Dames : Pointure - 10","0","108.00","46.90","0.00"
"6080-0208-41BL-613BL","550","Ladies Suede Slippers","658","Pantoufles Suède Dames : Pointure - 12","0","108.00","46.90","0.00"
"6080-0208-41BL-613BL","550","Ladies Suede Slippers","7053","Pantoufles Suède Dames : Pointure - 9","0","108.00","46.90","0.00"
"6080-0208-41BL-613BL","550","Ladies Suede Slippers","7054","Pantoufles Suède Dames : Pointure - 7","0","108.00","46.90","0.00"
"6080-0208-41BL-613BL","550","Ladies Suede Slippers","7055","Pantoufles Suède Dames : Pointure - 8","0","108.00","46.90","0.00"
"6080-0208-41BL-613BL","550","Ladies Suede Slippers","7056","Pantoufles Suède Dames : Pointure - 11","0","108.00","46.90","0.00"
"6080-0208-41BL-613BL","550","Ladies Suede Slippers","7057","Pantoufles Suède Dames : Pointure - 6","0","108.00","46.90","0.00"
"6080-0426-41DKDKP-626DKDKP","551","Ladies Suede Slippers","660","Pantoufles Suède Dames : Pointure - 5","0","108.00","46.90","0.00"
"6080-0426-41DKDKP-626DKDKP","551","Ladies Suede Slippers","661","Pantoufles Suède Dames : Pointure - 6","0","108.00","46.90","0.00"
"6080-0426-41DKDKP-626DKDKP","551","Ladies Suede Slippers","662","Pantoufles Suède Dames : Pointure - 7","0","108.00","46.90","0.00"
"6080-0426-41DKDKP-626DKDKP","551","Ladies Suede Slippers","663","Pantoufles Suède Dames : Pointure - 8","0","108.00","46.90","0.00"
"6080-0426-41DKDKP-626DKDKP","551","Ladies Suede Slippers","664","Pantoufles Suède Dames : Pointure - 9","0","108.00","46.90","0.00"
"6080-0426-41DKDKP-626DKDKP","551","Ladies Suede Slippers","665","Pantoufles Suède Dames : Pointure - 10","0","108.00","46.90","0.00"
"6080-0426-41DKDKP-626DKDKP","551","Ladies Suede Slippers","666","Pantoufles Suède Dames : Pointure - 11","0","108.00","46.90","0.00"
"6080-0426-41DKDKP-626DKDKP","551","Ladies Suede Slippers","667","Pantoufles Suède Dames : Pointure - 12","0","108.00","46.90","0.00"
"6080-0426-41DKDKP-626DKDKP","551","Ladies Suede Slippers","668","Pantoufles Suède Dames : Pointure - 4","0","108.00","46.90","0.00"
"6080-0408-41IND-648","552","Ladies Suede Slippers","669","Pantoufles Suède Dames : Pointure - 5","0","108.00","46.90","0.00"
"6080-0408-41IND-648","552","Ladies Suede Slippers","670","Pantoufles Suède Dames : Pointure - 6","0","108.00","46.90","0.00"
"6080-0408-41IND-648","552","Ladies Suede Slippers","671","Pantoufles Suède Dames : Pointure - 7","0","108.00","46.90","0.00"
"6080-0408-41IND-648","552","Ladies Suede Slippers","672","Pantoufles Suède Dames : Pointure - 8","0","108.00","46.90","0.00"
"6080-0408-41IND-648","552","Ladies Suede Slippers","673","Pantoufles Suède Dames : Pointure - 9","0","108.00","46.90","0.00"
"6080-0408-41IND-648","552","Ladies Suede Slippers","674","Pantoufles Suède Dames : Pointure - 10","0","108.00","46.90","0.00"
"6080-0408-41IND-648","552","Ladies Suede Slippers","675","Pantoufles Suède Dames : Pointure - 11","0","108.00","46.90","0.00"
"6080-0408-41IND-648","552","Ladies Suede Slippers","676","Pantoufles Suède Dames : Pointure - 12","0","108.00","46.90","0.00"
"6080-0408-41IND-648","552","Ladies Suede Slippers","677","Pantoufles Suède Dames : Pointure - 4","0","108.00","46.90","0.00"
"6080-0408-41IC-652","553","Ladies Suede Slippers","682","Pantoufles Suède Dames : Pointure - 9","1","108.00","46.90","0.00"
"6080-0408-41IC-652","553","Ladies Suede Slippers","7090","Pantoufles Suède Dames : Pointure - 4","0","108.00","46.90","0.00"
"6080-0408-41IC-652","553","Ladies Suede Slippers","7091","Pantoufles Suède Dames : Pointure - 5","0","108.00","46.90","0.00"
"6080-0408-41IC-652","553","Ladies Suede Slippers","7092","Pantoufles Suède Dames : Pointure - 6","0","108.00","46.90","0.00"
"6080-0408-41IC-652","553","Ladies Suede Slippers","7093","Pantoufles Suède Dames : Pointure - 7","0","108.00","46.90","0.00"
"6080-0408-41IC-652","553","Ladies Suede Slippers","7094","Pantoufles Suède Dames : Pointure - 8","0","108.00","46.90","0.00"
"6080-0408-41IC-652","553","Ladies Suede Slippers","7095","Pantoufles Suède Dames : Pointure - 10","0","108.00","46.90","0.00"
"6080-0408-41IC-652","553","Ladies Suede Slippers","7096","Pantoufles Suède Dames : Pointure - 11","0","108.00","46.90","0.00"
"6080-0408-41IC-652","553","Ladies Suede Slippers","7097","Pantoufles Suède Dames : Pointure - 12","0","108.00","46.90","0.00"
"6080-0408-41BL-653","554","Ladies Suede Slippers","692","Pantoufles Suède Dames : Pointure - 10","1","108.00","46.90","0.00"
"6080-0408-41BL-653","554","Ladies Suede Slippers","7098","Pantoufles Suède Dames : Pointure - 4","1","108.00","46.90","0.00"
"6080-0408-41BL-653","554","Ladies Suede Slippers","7099","Pantoufles Suède Dames : Pointure - 5","0","108.00","46.90","0.00"
"6080-0408-41BL-653","554","Ladies Suede Slippers","7100","Pantoufles Suède Dames : Pointure - 6","0","108.00","46.90","0.00"
"6080-0408-41BL-653","554","Ladies Suede Slippers","7101","Pantoufles Suède Dames : Pointure - 7","0","108.00","46.90","0.00"
"6080-0408-41BL-653","554","Ladies Suede Slippers","7102","Pantoufles Suède Dames : Pointure - 8","0","108.00","46.90","0.00"
"6080-0408-41BL-653","554","Ladies Suede Slippers","7103","Pantoufles Suède Dames : Pointure - 9","0","108.00","46.90","0.00"
"6080-0408-41BL-653","554","Ladies Suede Slippers","7104","Pantoufles Suède Dames : Pointure - 11","1","108.00","46.90","0.00"
"6080-0408-41BL-653","554","Ladies Suede Slippers","7105","Pantoufles Suède Dames : Pointure - 12","1","108.00","46.90","0.00"
"6080-0408-41NB-658","555","Ladies Suede Slippers","696","Pantoufles Suède Dames : Pointure - 5","0","108.00","46.90","0.00"
"6080-0408-41NB-658","555","Ladies Suede Slippers","697","Pantoufles Suède Dames : Pointure - 6","0","108.00","46.90","0.00"
"6080-0408-41NB-658","555","Ladies Suede Slippers","698","Pantoufles Suède Dames : Pointure - 7","0","108.00","46.90","0.00"
"6080-0408-41NB-658","555","Ladies Suede Slippers","699","Pantoufles Suède Dames : Pointure - 8","0","108.00","46.90","0.00"
"6080-0408-41NB-658","555","Ladies Suede Slippers","700","Pantoufles Suède Dames : Pointure - 9","0","108.00","46.90","0.00"
"6080-0408-41NB-658","555","Ladies Suede Slippers","701","Pantoufles Suède Dames : Pointure - 10","0","108.00","46.90","0.00"
"6080-0408-41NB-658","555","Ladies Suede Slippers","702","Pantoufles Suède Dames : Pointure - 11","0","108.00","46.90","0.00"
"6080-0408-41NB-658","555","Ladies Suede Slippers","703","Pantoufles Suède Dames : Pointure - 12","1","108.00","46.90","0.00"
"6080-0408-41NB-658","555","Ladies Suede Slippers","704","Pantoufles Suède Dames : Pointure - 4","0","108.00","46.90","0.00"
"6080-0408-41PL-659","556","Ladies Suede Slippers","711","Pantoufles Suède Dames : Pointure - 11","0","108.00","46.90","0.00"
"6080-0408-41PL-659","556","Ladies Suede Slippers","7106","Pantoufles Suède Dames : Pointure - 12","0","108.00","46.90","0.00"
"6080-0408-41PL-659","556","Ladies Suede Slippers","7107","Pantoufles Suède Dames : Pointure - 4","0","108.00","46.90","0.00"
"6080-0408-41PL-659","556","Ladies Suede Slippers","7108","Pantoufles Suède Dames : Pointure - 5","0","108.00","46.90","0.00"
"6080-0408-41PL-659","556","Ladies Suede Slippers","7109","Pantoufles Suède Dames : Pointure - 6","0","108.00","46.90","0.00"
"6080-0408-41PL-659","556","Ladies Suede Slippers","7110","Pantoufles Suède Dames : Pointure - 7","0","108.00","46.90","0.00"
"6080-0408-41PL-659","556","Ladies Suede Slippers","7111","Pantoufles Suède Dames : Pointure - 8","0","108.00","46.90","0.00"
"6080-0408-41PL-659","556","Ladies Suede Slippers","7112","Pantoufles Suède Dames : Pointure - 9","0","108.00","46.90","0.00"
"6080-0408-41PL-659","556","Ladies Suede Slippers","7113","Pantoufles Suède Dames : Pointure - 10","0","108.00","46.90","0.00"
"6080-0408-41GR-660","557","Ladies Suede Slippers","714","Pantoufles Suède Dames : Pointure - 5","0","108.00","46.90","0.00"
"6080-0408-41GR-660","557","Ladies Suede Slippers","715","Pantoufles Suède Dames : Pointure - 6","0","108.00","46.90","0.00"
"6080-0408-41GR-660","557","Ladies Suede Slippers","716","Pantoufles Suède Dames : Pointure - 7","0","108.00","46.90","0.00"
"6080-0408-41GR-660","557","Ladies Suede Slippers","717","Pantoufles Suède Dames : Pointure - 8","0","108.00","46.90","0.00"
"6080-0408-41GR-660","557","Ladies Suede Slippers","718","Pantoufles Suède Dames : Pointure - 9","0","108.00","46.90","0.00"
"6080-0408-41GR-660","557","Ladies Suede Slippers","719","Pantoufles Suède Dames : Pointure - 10","0","108.00","46.90","0.00"
"6080-0408-41GR-660","557","Ladies Suede Slippers","720","Pantoufles Suède Dames : Pointure - 11","0","108.00","46.90","0.00"
"6080-0408-41GR-660","557","Ladies Suede Slippers","721","Pantoufles Suède Dames : Pointure - 12","0","108.00","46.90","0.00"
"6080-0408-41GR-660","557","Ladies Suede Slippers","722","Pantoufles Suède Dames : Pointure - 4","0","108.00","46.90","0.00"
"6080-0408-41SBL-661","558","Ladies Suede Slippers","723","Pantoufles Suède Dames : Pointure - 5","0","108.00","46.90","0.00"
"6080-0408-41SBL-661","558","Ladies Suede Slippers","724","Pantoufles Suède Dames : Pointure - 6","0","108.00","46.90","0.00"
"6080-0408-41SBL-661","558","Ladies Suede Slippers","725","Pantoufles Suède Dames : Pointure - 7","0","108.00","46.90","0.00"
"6080-0408-41SBL-661","558","Ladies Suede Slippers","726","Pantoufles Suède Dames : Pointure - 8","1","108.00","46.90","0.00"
"6080-0408-41SBL-661","558","Ladies Suede Slippers","727","Pantoufles Suède Dames : Pointure - 9","1","108.00","46.90","0.00"
"6080-0408-41SBL-661","558","Ladies Suede Slippers","728","Pantoufles Suède Dames : Pointure - 10","0","108.00","46.90","0.00"
"6080-0408-41SBL-661","558","Ladies Suede Slippers","729","Pantoufles Suède Dames : Pointure - 11","0","108.00","46.90","0.00"
"6080-0408-41SBL-661","558","Ladies Suede Slippers","730","Pantoufles Suède Dames : Pointure - 12","1","108.00","46.90","0.00"
"6080-0408-41SBL-661","558","Ladies Suede Slippers","731","Pantoufles Suède Dames : Pointure - 4","0","108.00","46.90","0.00"
"6080-0408-41FG-669","561","Ladies Suede Slippers","751","Pantoufles Suède Dames : Pointure - 6","0","108.00","46.90","0.00"
"6080-0408-41FG-669","561","Ladies Suede Slippers","756","Pantoufles Suède Dames : Pointure - 11","0","108.00","46.90","0.00"
"6080-0408-41FG-669","561","Ladies Suede Slippers","7114","Pantoufles Suède Dames : Pointure - 4","0","108.00","46.90","0.00"
"6080-0408-41FG-669","561","Ladies Suede Slippers","7115","Pantoufles Suède Dames : Pointure - 5","1","108.00","46.90","0.00"
"6080-0408-41FG-669","561","Ladies Suede Slippers","7116","Pantoufles Suède Dames : Pointure - 7","1","108.00","46.90","0.00"
"6080-0408-41FG-669","561","Ladies Suede Slippers","7117","Pantoufles Suède Dames : Pointure - 12","0","108.00","46.90","0.00"
"6080-0408-41FG-669","561","Ladies Suede Slippers","7118","Pantoufles Suède Dames : Pointure - 8","0","108.00","46.90","0.00"
"6080-0408-41FG-669","561","Ladies Suede Slippers","7119","Pantoufles Suède Dames : Pointure - 9","1","108.00","46.90","0.00"
"6080-0408-41FG-669","561","Ladies Suede Slippers","7120","Pantoufles Suède Dames : Pointure - 10","0","108.00","46.90","0.00"
"6080-0408-41NA-671NA","562","Ladies Leather Slippers","762","Pantoufles Cuir  Dames : Pointure - 8","0","157.00","68.20","0.00"
"6080-0408-41NA-671NA","562","Ladies Leather Slippers","7121","Pantoufles Cuir  Dames : Pointure - 12","0","157.00","68.20","0.00"
"6080-0408-41NA-671NA","562","Ladies Leather Slippers","7122","Pantoufles Cuir  Dames : Pointure - 4","0","157.00","68.20","0.00"
"6080-0408-41NA-671NA","562","Ladies Leather Slippers","7123","Pantoufles Cuir  Dames : Pointure - 5","0","157.00","68.20","0.00"
"6080-0408-41NA-671NA","562","Ladies Leather Slippers","7124","Pantoufles Cuir  Dames : Pointure - 6","0","157.00","68.20","0.00"
"6080-0408-41NA-671NA","562","Ladies Leather Slippers","7125","Pantoufles Cuir  Dames : Pointure - 7","0","157.00","68.20","0.00"
"6080-0408-41NA-671NA","562","Ladies Leather Slippers","7126","Pantoufles Cuir  Dames : Pointure - 9","0","157.00","68.20","0.00"
"6080-0408-41NA-671NA","562","Ladies Leather Slippers","7127","Pantoufles Cuir  Dames : Pointure - 10","0","157.00","68.20","0.00"
"6080-0408-41NA-671NA","562","Ladies Leather Slippers","7128","Pantoufles Cuir  Dames : Pointure - 11","0","157.00","68.20","0.00"
"6080-0408-41CK-671CK","563","Ladies Leather Slippers","768","Pantoufles Cuir  Dames : Pointure - 5","0","157.00","68.20","0.00"
"6080-0408-41CK-671CK","563","Ladies Leather Slippers","769","Pantoufles Cuir  Dames : Pointure - 6","0","157.00","68.20","0.00"
"6080-0408-41CK-671CK","563","Ladies Leather Slippers","770","Pantoufles Cuir  Dames : Pointure - 7","0","157.00","68.20","0.00"
"6080-0408-41CK-671CK","563","Ladies Leather Slippers","771","Pantoufles Cuir  Dames : Pointure - 8","0","157.00","68.20","0.00"
"6080-0408-41CK-671CK","563","Ladies Leather Slippers","772","Pantoufles Cuir  Dames : Pointure - 9","0","157.00","68.20","0.00"
"6080-0408-41CK-671CK","563","Ladies Leather Slippers","773","Pantoufles Cuir  Dames : Pointure - 10","0","157.00","68.20","0.00"
"6080-0408-41CK-671CK","563","Ladies Leather Slippers","774","Pantoufles Cuir  Dames : Pointure - 11","0","157.00","68.20","0.00"
"6080-0408-41CK-671CK","563","Ladies Leather Slippers","775","Pantoufles Cuir  Dames : Pointure - 12","0","157.00","68.20","0.00"
"6080-0408-41CK-671CK","563","Ladies Leather Slippers","776","Pantoufles Cuir  Dames : Pointure - 4","0","157.00","68.20","0.00"
"6080-0408-41CHO-673","564","Ladies Suede Slippers","777","Pantoufle Suède Dames : Pointure - 5","0","108.00","46.90","0.00"
"6080-0408-41CHO-673","564","Ladies Suede Slippers","778","Pantoufle Suède Dames : Pointure - 6","0","108.00","46.90","0.00"
"6080-0408-41CHO-673","564","Ladies Suede Slippers","779","Pantoufle Suède Dames : Pointure - 7","0","108.00","46.90","0.00"
"6080-0408-41CHO-673","564","Ladies Suede Slippers","780","Pantoufle Suède Dames : Pointure - 8","0","108.00","46.90","0.00"
"6080-0408-41CHO-673","564","Ladies Suede Slippers","781","Pantoufle Suède Dames : Pointure - 9","1","108.00","46.90","0.00"
"6080-0408-41CHO-673","564","Ladies Suede Slippers","782","Pantoufle Suède Dames : Pointure - 10","0","108.00","46.90","0.00"
"6080-0408-41CHO-673","564","Ladies Suede Slippers","783","Pantoufle Suède Dames : Pointure - 11","0","108.00","46.90","0.00"
"6080-0408-41CHO-673","564","Ladies Suede Slippers","784","Pantoufle Suède Dames : Pointure - 12","0","108.00","46.90","0.00"
"6080-0408-41CHO-673","564","Ladies Suede Slippers","785","Pantoufle Suède Dames : Pointure - 4","0","108.00","46.90","0.00"
"6080-0408-41MO-677","565","Ladies Suede Slippers","786","Pantoufle Suède Dames : Pointure - 5","0","108.00","46.90","0.00"
"6080-0408-41MO-677","565","Ladies Suede Slippers","787","Pantoufle Suède Dames : Pointure - 6","0","108.00","46.90","0.00"
"6080-0408-41MO-677","565","Ladies Suede Slippers","788","Pantoufle Suède Dames : Pointure - 7","0","108.00","46.90","0.00"
"6080-0408-41MO-677","565","Ladies Suede Slippers","789","Pantoufle Suède Dames : Pointure - 8","0","108.00","46.90","0.00"
"6080-0408-41MO-677","565","Ladies Suede Slippers","790","Pantoufle Suède Dames : Pointure - 9","0","108.00","46.90","0.00"
"6080-0408-41MO-677","565","Ladies Suede Slippers","791","Pantoufle Suède Dames : Pointure - 10","0","108.00","46.90","0.00"
"6080-0408-41MO-677","565","Ladies Suede Slippers","792","Pantoufle Suède Dames : Pointure - 11","0","108.00","46.90","0.00"
"6080-0408-41MO-677","565","Ladies Suede Slippers","793","Pantoufle Suède Dames : Pointure - 12","0","108.00","46.90","0.00"
"6080-0408-41MO-677","565","Ladies Suede Slippers","794","Pantoufle Suède Dames : Pointure - 4","0","108.00","46.90","0.00"
"6080-0408-41FU-698","569","Ladies Suede Slippers","822","Pantoufle Suède Dames : Pointure - 5","0","108.00","46.90","0.00"
"6080-0408-41FU-698","569","Ladies Suede Slippers","823","Pantoufle Suède Dames : Pointure - 6","0","108.00","46.90","0.00"
"6080-0408-41FU-698","569","Ladies Suede Slippers","824","Pantoufle Suède Dames : Pointure - 7","0","108.00","46.90","0.00"
"6080-0408-41FU-698","569","Ladies Suede Slippers","825","Pantoufle Suède Dames : Pointure - 8","0","108.00","46.90","0.00"
"6080-0408-41FU-698","569","Ladies Suede Slippers","826","Pantoufle Suède Dames : Pointure - 9","0","108.00","46.90","0.00"
"6080-0408-41FU-698","569","Ladies Suede Slippers","827","Pantoufle Suède Dames : Pointure - 10","0","108.00","46.90","0.00"
"6080-0408-41FU-698","569","Ladies Suede Slippers","828","Pantoufle Suède Dames : Pointure - 11","0","108.00","46.90","0.00"
"6080-0408-41FU-698","569","Ladies Suede Slippers","829","Pantoufle Suède Dames : Pointure - 12","0","108.00","46.90","0.00"
"6080-0408-41FU-698","569","Ladies Suede Slippers","830","Pantoufle Suède Dames : Pointure - 4","1","108.00","46.90","0.00"
"6080-0408-41TO-755TO","571","Ladies Suede Slippers","840","Pantoufle Suède Dames : Pointure - 5","0","108.00","46.90","0.00"
"6080-0408-41TO-755TO","571","Ladies Suede Slippers","841","Pantoufle Suède Dames : Pointure - 6","0","108.00","46.90","0.00"
"6080-0408-41TO-755TO","571","Ladies Suede Slippers","842","Pantoufle Suède Dames : Pointure - 7","0","108.00","46.90","0.00"
"6080-0408-41TO-755TO","571","Ladies Suede Slippers","843","Pantoufle Suède Dames : Pointure - 8","0","108.00","46.90","0.00"
"6080-0408-41TO-755TO","571","Ladies Suede Slippers","844","Pantoufle Suède Dames : Pointure - 9","0","108.00","46.90","0.00"
"6080-0408-41TO-755TO","571","Ladies Suede Slippers","845","Pantoufle Suède Dames : Pointure - 10","0","108.00","46.90","0.00"
"6080-0408-41TO-755TO","571","Ladies Suede Slippers","846","Pantoufle Suède Dames : Pointure - 11","0","108.00","46.90","0.00"
"6080-0408-41TO-755TO","571","Ladies Suede Slippers","847","Pantoufle Suède Dames : Pointure - 12","0","108.00","46.90","0.00"
"6080-0408-41TO-755TO","571","Ladies Suede Slippers","848","Pantoufle Suède Dames : Pointure - 4","0","108.00","46.90","0.00"
"6080-0408-41BLPL-6531","572","Ladies Suede Slippers","854","Pantoufle Suède Dames : Pointure - 10","1","108.00","46.90","0.00"
"6080-0408-41BLPL-6531","572","Ladies Suede Slippers","7129","Pantoufle Suède Dames : Pointure - 12","0","108.00","46.90","0.00"
"6080-0408-41BLPL-6531","572","Ladies Suede Slippers","7130","Pantoufle Suède Dames : Pointure - 4","0","108.00","46.90","0.00"
"6080-0408-41BLPL-6531","572","Ladies Suede Slippers","7131","Pantoufle Suède Dames : Pointure - 5","0","108.00","46.90","0.00"
"6080-0408-41BLPL-6531","572","Ladies Suede Slippers","7132","Pantoufle Suède Dames : Pointure - 6","1","108.00","46.90","0.00"
"6080-0408-41BLPL-6531","572","Ladies Suede Slippers","7133","Pantoufle Suède Dames : Pointure - 7","1","108.00","46.90","0.00"
"6080-0408-41BLPL-6531","572","Ladies Suede Slippers","7134","Pantoufle Suède Dames : Pointure - 8","1","108.00","46.90","0.00"
"6080-0408-41BLPL-6531","572","Ladies Suede Slippers","7135","Pantoufle Suède Dames : Pointure - 9","1","108.00","46.90","0.00"
"6080-0408-41BLPL-6531","572","Ladies Suede Slippers","7136","Pantoufle Suède Dames : Pointure - 11","0","108.00","46.90","0.00"
"6080-0408-REBL-6541","573","Ladies Suede Slippers","864","Pantoufle Suède Dames : Pointure - 11","0","108.00","46.90","0.00"
"6080-0408-REBL-6541","573","Ladies Suede Slippers","7146","Pantoufle Suède Dames : Pointure - 12","0","108.00","46.90","0.00"
"6080-0408-REBL-6541","573","Ladies Suede Slippers","7147","Pantoufle Suède Dames : Pointure - 4","0","108.00","46.90","0.00"
"6080-0408-REBL-6541","573","Ladies Suede Slippers","7148","Pantoufle Suède Dames : Pointure - 5","0","108.00","46.90","0.00"
"6080-0408-REBL-6541","573","Ladies Suede Slippers","7149","Pantoufle Suède Dames : Pointure - 6","1","108.00","46.90","0.00"
"6080-0408-REBL-6541","573","Ladies Suede Slippers","7150","Pantoufle Suède Dames : Pointure - 7","1","108.00","46.90","0.00"
"6080-0408-REBL-6541","573","Ladies Suede Slippers","7151","Pantoufle Suède Dames : Pointure - 8","1","108.00","46.90","0.00"
"6080-0408-REBL-6541","573","Ladies Suede Slippers","7152","Pantoufle Suède Dames : Pointure - 9","1","108.00","46.90","0.00"
"6080-0408-REBL-6541","573","Ladies Suede Slippers","7153","Pantoufle Suède Dames : Pointure - 10","0","108.00","46.90","0.00"
"6080-0408-41GRBL-6601","575","Ladies Suede Slippers","878","Pantoufle Suède Dames : Pointure - 7","1","108.00","46.90","0.00"
"6080-0408-41GRBL-6601","575","Ladies Suede Slippers","7154","Pantoufle Suède Dames : Pointure - 12","0","108.00","46.90","0.00"
"6080-0408-41GRBL-6601","575","Ladies Suede Slippers","7155","Pantoufle Suède Dames : Pointure - 4","0","108.00","46.90","0.00"
"6080-0408-41GRBL-6601","575","Ladies Suede Slippers","7156","Pantoufle Suède Dames : Pointure - 5","0","108.00","46.90","0.00"
"6080-0408-41GRBL-6601","575","Ladies Suede Slippers","7157","Pantoufle Suède Dames : Pointure - 6","1","108.00","46.90","0.00"
"6080-0408-41GRBL-6601","575","Ladies Suede Slippers","7158","Pantoufle Suède Dames : Pointure - 8","1","108.00","46.90","0.00"
"6080-0408-41GRBL-6601","575","Ladies Suede Slippers","7159","Pantoufle Suède Dames : Pointure - 9","1","108.00","46.90","0.00"
"6080-0408-41GRBL-6601","575","Ladies Suede Slippers","7160","Pantoufle Suède Dames : Pointure - 10","0","108.00","46.90","0.00"
"6080-0408-41GRBL-6601","575","Ladies Suede Slippers","7161","Pantoufle Suède Dames : Pointure - 11","1","108.00","46.90","0.00"
"6080-0408-41CHOBL-6733","576","Ladies Suede Slippers","885","Pantoufle Suède Dames : Pointure - 5","0","108.00","46.90","0.00"
"6080-0408-41CHOBL-6733","576","Ladies Suede Slippers","886","Pantoufle Suède Dames : Pointure - 6","1","108.00","46.90","0.00"
"6080-0408-41CHOBL-6733","576","Ladies Suede Slippers","887","Pantoufle Suède Dames : Pointure - 7","1","108.00","46.90","0.00"
"6080-0408-41CHOBL-6733","576","Ladies Suede Slippers","888","Pantoufle Suède Dames : Pointure - 8","1","108.00","46.90","0.00"
"6080-0408-41CHOBL-6733","576","Ladies Suede Slippers","889","Pantoufle Suède Dames : Pointure - 9","1","108.00","46.90","0.00"
"6080-0408-41CHOBL-6733","576","Ladies Suede Slippers","890","Pantoufle Suède Dames : Pointure - 10","0","108.00","46.90","0.00"
"6080-0408-41CHOBL-6733","576","Ladies Suede Slippers","891","Pantoufle Suède Dames : Pointure - 11","0","108.00","46.90","0.00"
"6080-0408-41CHOBL-6733","576","Ladies Suede Slippers","892","Pantoufle Suède Dames : Pointure - 12","0","108.00","46.90","0.00"
"6080-0408-41CHOBL-6733","576","Ladies Suede Slippers","893","Pantoufle Suède Dames : Pointure - 4","0","108.00","46.90","0.00"
"6080-0408-41MOCHO-6773","577","Ladies Suede Slippers","894","Pantoufle Suède Dames : Pointure - 5","0","108.00","46.90","0.00"
"6080-0408-41MOCHO-6773","577","Ladies Suede Slippers","895","Pantoufle Suède Dames : Pointure - 6","1","108.00","46.90","0.00"
"6080-0408-41MOCHO-6773","577","Ladies Suede Slippers","896","Pantoufle Suède Dames : Pointure - 7","1","108.00","46.90","0.00"
"6080-0408-41MOCHO-6773","577","Ladies Suede Slippers","897","Pantoufle Suède Dames : Pointure - 8","1","108.00","46.90","0.00"
"6080-0408-41MOCHO-6773","577","Ladies Suede Slippers","898","Pantoufle Suède Dames : Pointure - 9","1","108.00","46.90","0.00"
"6080-0408-41MOCHO-6773","577","Ladies Suede Slippers","899","Pantoufle Suède Dames : Pointure - 10","0","108.00","46.90","0.00"
"6080-0408-41MOCHO-6773","577","Ladies Suede Slippers","900","Pantoufle Suède Dames : Pointure - 11","0","108.00","46.90","0.00"
"6080-0408-41MOCHO-6773","577","Ladies Suede Slippers","901","Pantoufle Suède Dames : Pointure - 12","0","108.00","46.90","0.00"
"6080-0408-41MOCHO-6773","577","Ladies Suede Slippers","902","Pantoufle Suède Dames : Pointure - 4","0","108.00","46.90","0.00"
"6080-0408-41TUCHO-69773","579","Ladies Suede Slippers","912","Pantoufle Suède Dames : Pointure - 5","0","108.00","46.90","0.00"
"6080-0408-41TUCHO-69773","579","Ladies Suede Slippers","913","Pantoufle Suède Dames : Pointure - 6","0","108.00","46.90","0.00"
"6080-0408-41TUCHO-69773","579","Ladies Suede Slippers","914","Pantoufle Suède Dames : Pointure - 7","0","108.00","46.90","0.00"
"6080-0408-41TUCHO-69773","579","Ladies Suede Slippers","915","Pantoufle Suède Dames : Pointure - 8","0","108.00","46.90","0.00"
"6080-0408-41TUCHO-69773","579","Ladies Suede Slippers","916","Pantoufle Suède Dames : Pointure - 9","0","108.00","46.90","0.00"
"6080-0408-41TUCHO-69773","579","Ladies Suede Slippers","917","Pantoufle Suède Dames : Pointure - 10","0","108.00","46.90","0.00"
"6080-0408-41TUCHO-69773","579","Ladies Suede Slippers","918","Pantoufle Suède Dames : Pointure - 11","0","108.00","46.90","0.00"
"6080-0408-41TUCHO-69773","579","Ladies Suede Slippers","919","Pantoufle Suède Dames : Pointure - 12","0","108.00","46.90","0.00"
"6080-0408-41TUCHO-69773","579","Ladies Suede Slippers","920","Pantoufle Suède Dames : Pointure - 4","0","108.00","46.90","0.00"
"6080-0408-12BU-12600BU","581","Suede slippers with sole","930","Pantoufle en suède avec semelle : Pointure - 4","0","132.00","57.30","0.00"
"6080-0408-12BU-12600BU","581","Suede slippers with sole","931","Pantoufle en suède avec semelle : Pointure - 5","0","132.00","57.30","0.00"
"6080-0408-12BU-12600BU","581","Suede slippers with sole","932","Pantoufle en suède avec semelle : Pointure - 6","0","132.00","57.30","0.00"
"6080-0408-12BU-12600BU","581","Suede slippers with sole","933","Pantoufle en suède avec semelle : Pointure - 7","0","132.00","57.30","0.00"
"6080-0408-12BU-12600BU","581","Suede slippers with sole","934","Pantoufle en suède avec semelle : Pointure - 8","0","132.00","57.30","0.00"
"6080-0408-12BU-12600BU","581","Suede slippers with sole","935","Pantoufle en suède avec semelle : Pointure - 9","1","132.00","57.30","0.00"
"6080-0408-12BU-12600BU","581","Suede slippers with sole","936","Pantoufle en suède avec semelle : Pointure - 10","0","132.00","57.30","0.00"
"6080-0408-12BU-12600BU","581","Suede slippers with sole","937","Pantoufle en suède avec semelle : Pointure - 11","0","132.00","57.30","0.00"
"6080-0408-12BU-12600BU","581","Suede slippers with sole","938","Pantoufle en suède avec semelle : Pointure - 12","0","132.00","57.30","0.00"
"6080-0408-12BL-12653","582","Suede Slippers with sole","939","Pantoufle en suède avec semelle : Pointure - 5","0","132.00","57.30","0.00"
"6080-0408-12BL-12653","582","Suede Slippers with sole","940","Pantoufle en suède avec semelle : Pointure - 6","0","132.00","57.30","0.00"
"6080-0408-12BL-12653","582","Suede Slippers with sole","941","Pantoufle en suède avec semelle : Pointure - 7","0","132.00","57.30","0.00"
"6080-0408-12BL-12653","582","Suede Slippers with sole","942","Pantoufle en suède avec semelle : Pointure - 8","0","132.00","57.30","0.00"
"6080-0408-12BL-12653","582","Suede Slippers with sole","943","Pantoufle en suède avec semelle : Pointure - 9","0","132.00","57.30","0.00"
"6080-0408-12BL-12653","582","Suede Slippers with sole","944","Pantoufle en suède avec semelle : Pointure - 10","0","132.00","57.30","0.00"
"6080-0408-12BL-12653","582","Suede Slippers with sole","945","Pantoufle en suède avec semelle : Pointure - 11","0","132.00","57.30","0.00"
"6080-0408-12BL-12653","582","Suede Slippers with sole","946","Pantoufle en suède avec semelle : Pointure - 12","0","132.00","57.30","0.00"
"6080-0408-12BL-12653","582","Suede Slippers with sole","947","Pantoufle en suède avec semelle : Pointure - 4","0","132.00","57.30","0.00"
"6080-0408-12NB-12658","583","Suede Slippers with sole","949","Pantoufle en suède avec semelle : Pointure - 6","1","132.00","57.30","0.00"
"6080-0408-12NB-12658","583","Suede Slippers with sole","954","Pantoufle en suède avec semelle : Pointure - 11","0","132.00","57.30","0.00"
"6080-0408-12NB-12658","583","Suede Slippers with sole","7162","Pantoufle en suède avec semelle : Pointure - 12","0","132.00","57.30","0.00"
"6080-0408-12NB-12658","583","Suede Slippers with sole","7163","Pantoufle en suède avec semelle : Pointure - 4","0","132.00","57.30","0.00"
"6080-0408-12NB-12658","583","Suede Slippers with sole","7164","Pantoufle en suède avec semelle : Pointure - 5","0","132.00","57.30","0.00"
"6080-0408-12NB-12658","583","Suede Slippers with sole","7165","Pantoufle en suède avec semelle : Pointure - 7","0","132.00","57.30","0.00"
"6080-0408-12NB-12658","583","Suede Slippers with sole","7166","Pantoufle en suède avec semelle : Pointure - 8","1","132.00","57.30","0.00"
"6080-0408-12NB-12658","583","Suede Slippers with sole","7167","Pantoufle en suède avec semelle : Pointure - 9","0","132.00","57.30","0.00"
"6080-0408-12NB-12658","583","Suede Slippers with sole","7168","Pantoufle en suède avec semelle : Pointure - 10","0","132.00","57.30","0.00"
"6080-0408-13GR-13660","584","Suede Slippers with sole","964","Pantoufle en suède avec semelle : Pointure - 12","0","132.00","57.30","0.00"
"6080-0408-13GR-13660","584","Suede Slippers with sole","7169","Pantoufle en suède avec semelle : Pointure - 4","0","132.00","57.30","0.00"
"6080-0408-13GR-13660","584","Suede Slippers with sole","7170","Pantoufle en suède avec semelle : Pointure - 5","0","132.00","57.30","0.00"
"6080-0408-13GR-13660","584","Suede Slippers with sole","7171","Pantoufle en suède avec semelle : Pointure - 8","0","132.00","57.30","0.00"
"6080-0408-13GR-13660","584","Suede Slippers with sole","7172","Pantoufle en suède avec semelle : Pointure - 7","0","132.00","57.30","0.00"
"6080-0408-13GR-13660","584","Suede Slippers with sole","7173","Pantoufle en suède avec semelle : Pointure - 6","0","132.00","57.30","0.00"
"6080-0408-13GR-13660","584","Suede Slippers with sole","7174","Pantoufle en suède avec semelle : Pointure - 10","0","132.00","57.30","0.00"
"6080-0408-13GR-13660","584","Suede Slippers with sole","7175","Pantoufle en suède avec semelle : Pointure - 9","0","132.00","57.30","0.00"
"6080-0408-13GR-13660","584","Suede Slippers with sole","7176","Pantoufle en suède avec semelle : Pointure - 11","0","132.00","57.30","0.00"
"6080-0408-13CHO-13673","585","Suede Slippers with sole","966","Pantoufle en suède avec semelle : Pointure - 5","0","132.00","57.30","57.00"
"6080-0408-13CHO-13673","585","Suede Slippers with sole","967","Pantoufle en suède avec semelle : Pointure - 6","1","132.00","57.30","57.00"
"6080-0408-13CHO-13673","585","Suede Slippers with sole","968","Pantoufle en suède avec semelle : Pointure - 7","1","132.00","57.30","57.00"
"6080-0408-13CHO-13673","585","Suede Slippers with sole","969","Pantoufle en suède avec semelle : Pointure - 8","1","132.00","57.30","57.00"
"6080-0408-13CHO-13673","585","Suede Slippers with sole","970","Pantoufle en suède avec semelle : Pointure - 9","0","132.00","57.30","57.00"
"6080-0408-13CHO-13673","585","Suede Slippers with sole","971","Pantoufle en suède avec semelle : Pointure - 10","1","132.00","57.30","57.00"
"6080-0408-13CHO-13673","585","Suede Slippers with sole","972","Pantoufle en suède avec semelle : Pointure - 11","0","132.00","57.30","57.00"
"6080-0408-13CHO-13673","585","Suede Slippers with sole","973","Pantoufle en suède avec semelle : Pointure - 12","0","132.00","57.30","57.00"
"6080-0408-13CHO-13673","585","Suede Slippers with sole","974","Pantoufle en suède avec semelle : Pointure - 4","0","132.00","57.30","57.00"
"6080-0408-13MO-13677","586","Suede Slippers with sole","975","Pantoufle en suède avec semelle : Pointure - 5","0","132.00","57.30","0.00"
"6080-0408-13MO-13677","586","Suede Slippers with sole","976","Pantoufle en suède avec semelle : Pointure - 6","0","132.00","57.30","0.00"
"6080-0408-13MO-13677","586","Suede Slippers with sole","977","Pantoufle en suède avec semelle : Pointure - 7","0","132.00","57.30","0.00"
"6080-0408-13MO-13677","586","Suede Slippers with sole","978","Pantoufle en suède avec semelle : Pointure - 8","0","132.00","57.30","0.00"
"6080-0408-13MO-13677","586","Suede Slippers with sole","979","Pantoufle en suède avec semelle : Pointure - 9","0","132.00","57.30","0.00"
"6080-0408-13MO-13677","586","Suede Slippers with sole","980","Pantoufle en suède avec semelle : Pointure - 10","0","132.00","57.30","0.00"
"6080-0408-13MO-13677","586","Suede Slippers with sole","981","Pantoufle en suède avec semelle : Pointure - 11","0","132.00","57.30","0.00"
"6080-0408-13MO-13677","586","Suede Slippers with sole","982","Pantoufle en suède avec semelle : Pointure - 12","0","132.00","57.30","0.00"
"6080-0408-13MO-13677","586","Suede Slippers with sole","983","Pantoufle en suède avec semelle : Pointure - 4","0","132.00","57.30","0.00"
"6080-0408-13MT-13695","587","Suede Slippers with sole","984","Pantoufle en suède avec semelle : Pointure - 5","0","132.00","57.30","0.00"
"6080-0408-13MT-13695","587","Suede Slippers with sole","985","Pantoufle en suède avec semelle : Pointure - 6","0","132.00","57.30","0.00"
"6080-0408-13MT-13695","587","Suede Slippers with sole","986","Pantoufle en suède avec semelle : Pointure - 7","0","132.00","57.30","0.00"
"6080-0408-13MT-13695","587","Suede Slippers with sole","987","Pantoufle en suède avec semelle : Pointure - 8","0","132.00","57.30","0.00"
"6080-0408-13MT-13695","587","Suede Slippers with sole","988","Pantoufle en suède avec semelle : Pointure - 9","0","132.00","57.30","0.00"
"6080-0408-13MT-13695","587","Suede Slippers with sole","989","Pantoufle en suède avec semelle : Pointure - 10","0","132.00","57.30","0.00"
"6080-0408-13MT-13695","587","Suede Slippers with sole","990","Pantoufle en suède avec semelle : Pointure - 11","0","132.00","57.30","0.00"
"6080-0408-13MT-13695","587","Suede Slippers with sole","991","Pantoufle en suède avec semelle : Pointure - 12","0","132.00","57.30","0.00"
"6080-0408-13MT-13695","587","Suede Slippers with sole","992","Pantoufle en suède avec semelle : Pointure - 4","0","132.00","57.30","0.00"
"A01030-6","607","Small Print - Eagle Moon","","Petite Repro - Lune de l'Aigle","2","25.00","10.87","0.00"
"A01028-POD2555","608","Matted Print - Giving Thanks","","Impression avec Passe-Partout - Rendre Grâce","4","20.00","7.50","0.00"
"A01031-6","609","Small Print - Honoring the Giver of Life","","Petite Repro - Hommage à la Source de Vie","19","25.00","10.87","0.00"
"A01032-6","610","Small Print - Moon Wisdom","","Petite Repro - Sagesse de la Lune","75","25.00","10.87","0.00"
"A01033-6","611","Small Print - New Fire","","Petite Repro - Nouveau Feu","91","25.00","10.87","0.00"
"A01036-6","612","Small Print - Teachings","","Petite Repro - Le Chant du Tambour","98","25.00","10.87","0.00"
"A01037-6","615","Small Print - Trust","","Petite Repro - La Confiance","5","25.00","10.87","0.00"
"A08011-6","616","Small Print - Whisper","","Petite Repro - Murmure","2","25.00","10.87","0.00"
"A08007-6","617","Small Print - A Moose and Goose","","Petite Repro - Un Orignal et une Outarde","4","25.00","10.87","0.00"
"A10012-6","618","Small Print - Sky Sisters","","Petite Repro - Nos Soeurs du Ciel","10","25.00","10.87","0.00"
"A10004-6","619","Small Print - Merging Earth and Sky","","Petite Repro - Fusion Entre Terre et Ciel","1","25.00","10.87","0.00"
"A08013-POD2584","621","Matted Print - New Day","","Impression avec Passe-Partout - Nouveau Jour","2","20.00","7.50","0.00"
"A08045-20084","622","Matted Print - Patience","","Impression avec Passe-Partout - Patience","2","20.00","7.50","0.00"
"A01029-6","623","Small Print - Birth of an Eagle Shadow","","Petite Repro - Naissance de l'Ombre de l'Aigle","7","25.00","10.87","0.00"
"A08019-6","624","Small Print - Unity","","Petite Repro - Union","0","25.00","10.87","0.00"
"A09006-6","625","Small Print - River Keeper","","Petite Repro - La Gardienne de l'Eau","42","25.00","10.87","0.00"
"A04015-6","626","Small Print - Rebirth","","Petite Repro - Renaissance","1","25.00","10.87","0.00"
"A04039-6","627","Small Print - Nostalgia","","Petite Repro - Nostalgia","16","25.00","10.87","0.00"
"A07020-6","628","Small Print - Journey to the Spirit World","","Petite Repro - Voyage Vers le Monde du Songe","11","25.00","10.87","0.00"
"W12024-6","630","Small Print - Breath of Life","","Petite Repro - Souffle de Vie","74","25.00","10.87","0.00"
"W12017-6","631","Small Print - Synchronicity","","Petite Repro - Synchronicité","67","25.00","10.87","0.00"
"W12008-6","632","Small Print - Winter Wolves","","Petite Repro - Loups d'Hiver","30","25.00","10.87","0.00"
"W12001-6","633","Small Print - Dialogue","","Petite Repro - Dialogue","9","25.00","10.87","0.00"
"W12014-6","634","Small Print - Gate of Silk","","Petite Repro - Portail de Soie","10","25.00","10.87","0.00"
"W12005-6","635","Small Print - Earth Keeper","","Petite Repro - Gardienne de la Terre","42","25.00","10.87","0.00"
"W12016-6","636","Small Print - Going Home","","Petite Repro - Retour Chez Soi","11","25.00","10.87","0.00"
"W12018-6","638","Small Print - Early Evening Flowing Into Fall","","Petite Repro - Soirée Glissant Vers l'Automne","15","25.00","10.87","0.00"
"A00048-6","640","Small Print - The Protector","","Petite Repro - Le Protecteur","9","25.00","10.87","0.00"
"A01003-6","641","Small Print - Sky Girl","","Petite Repro - Fille du Ciel","10","25.00","10.87","0.00"
"A04060-6","642","Small Print - Passing Through","","Petite Repro - Traversée","5","25.00","10.87","0.00"
"A09054-6","643","Small print - Tranquility","","Petite repro - Tranquillité","8","25.00","10.87","0.00"
"A16055-6","644","Small Print - Abundance","","Petite Repro - Abondance","14","25.00","10.87","0.00"
"A13041-6","645","Small Print - Lapinx","","Petite Repro - Lapinx","17","25.00","10.87","0.00"
"A10044-6","646","Small Print - Returning","","Petite Repro - Le Retour","7","25.00","10.87","0.00"
"A13056-6","647","Small print - Otherness","","Petite repro - Altérité","12","25.00","10.87","0.00"
"A13057-6","648","Small Print - Origins","","Petite Repro - Origines","11","25.00","10.87","0.00"
"A16051-POD2566","649","Matted Print - Northern Keepers","","Impression avec Passe-Partout - Gardiens du Nord","0","20.00","7.50","0.00"
"A16058-6","651","Small Print - Silent Seekers","","Petite Repro - En Quête de Silence","11","25.00","10.87","0.00"
"A16059-6","652","Small Print - Wisdom Keepers","","Petite Repro - Gardiens de la Sagesse","2","25.00","10.87","0.00"
"A95053-6","653","Small Print - Messenger","","Petite repro - Messager","7","25.00","10.87","0.00"
"A14051-POD2554","654","Matted Print - Gezaluwejit","","Impression avec Passe-Partout - Gezaluwejit","1","20.00","7.50","0.00"
"W13026-6","655","Small Print - In Her World","","Petite Repro - Dans son Monde","15","25.00","10.87","0.00"
"A12050-6","658","Small Print - Ice Dream","","Petite Repro - Rêve de Glace","1","25.00","10.87","0.00"
"W13027-6","659","Small Print - Playing With Shadows","","Petite Repro - Jeux d'Ombres","15","25.00","10.87","0.00"
"A13053-6","660","Small Print - Roots Of Another World","","Petite Repro - Racines d'un Autre Monde","10","25.00","10.87","0.00"
"A01038-6","661","Small Print - Harmony","","Petite Repro - Harmonie","52","25.00","10.87","0.00"
"W13023-6","664","Small Print - Water and Spirit Buffalo","","Petite Repro - Eau et Esprit du Bison","14","25.00","10.87","0.00"
"A01030-2","665","Ltd Edition - Eagle Moon","1593","Édition Ltée - Lune de l'Aigle : Options d'encadrement - Sans cadre","2","170.00","0.00","70.73"
"A01030-2","665","Ltd Edition - Eagle Moon","1594","Édition Ltée - Lune de l'Aigle : Options d'encadrement - Cadre rustique noir 1""","0","335.00","0.00","0.00"
"A01030-2","665","Ltd Edition - Eagle Moon","1595","Édition Ltée - Lune de l'Aigle : Options d'encadrement - Cadre rustique brun 1""","0","335.00","0.00","0.00"
"A01030-2","665","Ltd Edition - Eagle Moon","1596","Édition Ltée - Lune de l'Aigle : Options d'encadrement - Cadre rustique gris 1""","0","335.00","0.00","0.00"
"A01031-2","667","Ltd Edition - Honoring the Giver of Life","1601","Édition Ltée - Hommage à la Source de Vie : Options d'encadrement - Sans cadre","2","170.00","0.00","70.73"
"A01031-2","667","Ltd Edition - Honoring the Giver of Life","1602","Édition Ltée - Hommage à la Source de Vie : Options d'encadrement - Cadre rustique noir 1""","0","335.00","0.00","0.00"
"A01031-2","667","Ltd Edition - Honoring the Giver of Life","1603","Édition Ltée - Hommage à la Source de Vie : Options d'encadrement - Cadre rustique brun 1""","0","335.00","0.00","0.00"
"A01031-2","667","Ltd Edition - Honoring the Giver of Life","1604","Édition Ltée - Hommage à la Source de Vie : Options d'encadrement - Cadre rustique gris 1""","0","335.00","0.00","0.00"
"A01032-2","668","Ltd Edition - Moon Wisdom","1605","Édition Ltée - Sagesse de la Lune : Options d'encadrement - Sans cadre","2","170.00","0.00","74.00"
"A01032-2","668","Ltd Edition - Moon Wisdom","1606","Édition Ltée - Sagesse de la Lune : Options d'encadrement - Cadre rustique brun 1""","0","335.00","0.00","0.00"
"A01032-2","668","Ltd Edition - Moon Wisdom","1607","Édition Ltée - Sagesse de la Lune : Options d'encadrement - Cadre rustique noir 1""","0","335.00","0.00","0.00"
"A01032-2","668","Ltd Edition - Moon Wisdom","1608","Édition Ltée - Sagesse de la Lune : Options d'encadrement - Cadre rustique gris 1""","0","335.00","0.00","0.00"
"A01033-2","669","Ltd Edition - New Fire","1609","Édition Ltée - Nouveau Feu : Options d'encadrement - Sans cadre","1","170.00","0.00","74.00"
"A01033-2","669","Ltd Edition - New Fire","1610","Édition Ltée - Nouveau Feu : Options d'encadrement - Cadre rustique noir 1""","0","335.00","0.00","0.00"
"A01033-2","669","Ltd Edition - New Fire","1611","Édition Ltée - Nouveau Feu : Options d'encadrement - Cadre rustique brun 1""","0","335.00","0.00","0.00"
"A01033-2","669","Ltd Edition - New Fire","1612","Édition Ltée - Nouveau Feu : Options d'encadrement - Cadre rustique gris 1""","0","335.00","0.00","0.00"
"A01036-2","670","Ltd Edition - Teachings","1613","Édition Ltée - Le Chant du Tambour : Options d'encadrement - Sans cadre","1","170.00","0.00","74.00"
"A01036-2","670","Ltd Edition - Teachings","1614","Édition Ltée - Le Chant du Tambour : Options d'encadrement - Cadre rustique noir 1""","0","335.00","0.00","0.00"
"A01036-2","670","Ltd Edition - Teachings","1615","Édition Ltée - Le Chant du Tambour : Options d'encadrement - Cadre rustique brun 1""","0","335.00","0.00","0.00"
"A01036-2","670","Ltd Edition - Teachings","1616","Édition Ltée - Le Chant du Tambour : Options d'encadrement - Cadre rustique gris 1""","0","335.00","0.00","0.00"
"A01034-2","672","Ltd Edition - Reaching Out","1617","Édition Ltée - Chaleur de Terre : Options d'encadrement - Sans cadre","2","170.00","0.00","74.00"
"A01034-2","672","Ltd Edition - Reaching Out","1618","Édition Ltée - Chaleur de Terre : Options d'encadrement - Cadre rustique noir 1""","0","335.00","0.00","0.00"
"A01034-2","672","Ltd Edition - Reaching Out","1619","Édition Ltée - Chaleur de Terre : Options d'encadrement - Cadre rustique brun 1""","0","335.00","0.00","0.00"
"A01034-2","672","Ltd Edition - Reaching Out","1620","Édition Ltée - Chaleur de Terre : Options d'encadrement - Cadre rustique gris 1""","0","335.00","0.00","0.00"
"A08007-2","675","Ltd Edition - A Moose and Goose","1801","Édition Ltée - Un Orignal et une Outarde : Options d'encadrement - Sans cadre","1","170.00","0.00","74.00"
"A08007-2","675","Ltd Edition - A Moose and Goose","1802","Édition Ltée - Un Orignal et une Outarde : Options d'encadrement - Cadre rustique noir 1""","0","335.00","0.00","0.00"
"A08007-2","675","Ltd Edition - A Moose and Goose","1803","Édition Ltée - Un Orignal et une Outarde : Options d'encadrement - Cadre rustique brun 1""","0","335.00","0.00","0.00"
"A08007-2","675","Ltd Edition - A Moose and Goose","1804","Édition Ltée - Un Orignal et une Outarde : Options d'encadrement - Cadre rustique gris 1""","0","335.00","0.00","0.00"
"A10046-2","678","Ltd Edition - Geese Spirit","1725","Édition Ltée - L'Esprit de l'Outarde : Options d'encadrement - Sans cadre","2","170.00","0.00","74.00"
"A10046-2","678","Ltd Edition - Geese Spirit","1726","Édition Ltée - L'Esprit de l'Outarde : Options d'encadrement - Cadre rustique noir 1""","0","335.00","0.00","0.00"
"A10046-2","678","Ltd Edition - Geese Spirit","1727","Édition Ltée - L'Esprit de l'Outarde : Options d'encadrement - Cadre rustique brun 1""","0","335.00","0.00","0.00"
"A10046-2","678","Ltd Edition - Geese Spirit","1728","Édition Ltée - L'Esprit de l'Outarde : Options d'encadrement - Cadre rustique gris 1""","0","335.00","0.00","0.00"
"A08045-2","680","Ltd Edition - Patience","1889","Édition Ltée - Patience : Options d'encadrement - Sans cadre","4","140.00","0.00","62.70"
"A08045-2","680","Ltd Edition - Patience","1890","Édition Ltée - Patience : Options d'encadrement - Cadre rustique noir 1""","0","305.00","0.00","0.00"
"A08045-2","680","Ltd Edition - Patience","1891","Édition Ltée - Patience : Options d'encadrement - Cadre rustique brun 1""","0","305.00","0.00","0.00"
"A08045-2","680","Ltd Edition - Patience","1892","Édition Ltée - Patience : Options d'encadrement - Cadre rustique gris 1""","0","305.00","0.00","0.00"
"A08019-2","682","Ltd Edition - Unity","1805","Édition Ltée - Union : Options d'encadrement - Sans cadre","2","170.00","0.00","70.73"
"A08019-2","682","Ltd Edition - Unity","1806","Édition Ltée - Union : Options d'encadrement - Cadre rustique noir 1""","0","335.00","0.00","0.00"
"A08019-2","682","Ltd Edition - Unity","1807","Édition Ltée - Union : Options d'encadrement - Cadre rustique brun 1""","0","335.00","0.00","0.00"
"A08019-2","682","Ltd Edition - Unity","1808","Édition Ltée - Union : Options d'encadrement - Cadre rustique gris 1""","0","335.00","0.00","0.00"
"A09006-2","683","Ltd Edition - River Keeper","1909","Édition Ltée - La Gardienne de l'Eau : Options d'encadrement - Sans cadre","2","155.00","0.00","67.30"
"A09006-2","683","Ltd Edition - River Keeper","1910","Édition Ltée - La Gardienne de l'Eau : Options d'encadrement - Cadre rustique noir 1""","0","320.00","0.00","0.00"
"A09006-2","683","Ltd Edition - River Keeper","1911","Édition Ltée - La Gardienne de l'Eau : Options d'encadrement - Cadre rustique brun 1""","0","320.00","0.00","0.00"
"A09006-2","683","Ltd Edition - River Keeper","1912","Édition Ltée - La Gardienne de l'Eau : Options d'encadrement - Cadre rustique gris 1""","0","320.00","0.00","0.00"
"A04015-2","684","Ltd Edition - Rebirth","1809","Édition Ltée - Renaissance : Options d'encadrement - Sans cadre","2","170.00","0.00","74.00"
"A04015-2","684","Ltd Edition - Rebirth","1810","Édition Ltée - Renaissance : Options d'encadrement - Cadre rustique noir 1""","0","335.00","0.00","0.00"
"A04015-2","684","Ltd Edition - Rebirth","1811","Édition Ltée - Renaissance : Options d'encadrement - Cadre rustique brun 1""","0","335.00","0.00","0.00"
"A04015-2","684","Ltd Edition - Rebirth","1812","Édition Ltée - Renaissance : Options d'encadrement - Cadre rustique gris 1""","0","335.00","0.00","0.00"
"A04039-2","685","Ltd Edition - Nostalgia","1813","Édition Ltée - Nostalgia : Options d'encadrement - Sans cadre","3","170.00","0.00","74.00"
"A04039-2","685","Ltd Edition - Nostalgia","1814","Édition Ltée - Nostalgia : Options d'encadrement - Cadre rustique noir 1""","0","335.00","0.00","0.00"
"A04039-2","685","Ltd Edition - Nostalgia","1815","Édition Ltée - Nostalgia : Options d'encadrement - Cadre rustique gris 1""","0","335.00","0.00","0.00"
"A04039-2","685","Ltd Edition - Nostalgia","1816","Édition Ltée - Nostalgia : Options d'encadrement - Cadre rustique brun 1""","0","335.00","0.00","0.00"
"W13025-2","687","Ltd Edition - Passage","1625","Édition Ltée - Passage : Options d'encadrement - Sans cadre","1","170.00","0.00","74.00"
"W13025-2","687","Ltd Edition - Passage","1626","Édition Ltée - Passage : Options d'encadrement - Cadre rustique noir 1""","0","335.00","0.00","0.00"
"W13025-2","687","Ltd Edition - Passage","1627","Édition Ltée - Passage : Options d'encadrement - Cadre rustique brun 1""","0","335.00","0.00","0.00"
"W13025-2","687","Ltd Edition - Passage","1628","Édition Ltée - Passage : Options d'encadrement - Cadre rustique gris 1""","0","335.00","0.00","0.00"
"W12024-2","688","Ltd Edition - Breath of life","1729","Édition Ltée - Souffle de Vie : Options d'encadrement - Sans cadre","2","170.00","0.00","74.00"
"W12024-2","688","Ltd Edition - Breath of life","1730","Édition Ltée - Souffle de Vie : Options d'encadrement - Cadre rustique noir 1""","0","335.00","0.00","0.00"
"W12024-2","688","Ltd Edition - Breath of life","1731","Édition Ltée - Souffle de Vie : Options d'encadrement - Cadre rustique brun 1""","0","335.00","0.00","0.00"
"W12024-2","688","Ltd Edition - Breath of life","1732","Édition Ltée - Souffle de Vie : Options d'encadrement - Cadre rustique gris 1""","0","335.00","0.00","0.00"
"W12017-2","689","Ltd Edition - Synchronicity","1629","Édition Ltée - Synchronicité : Options d'encadrement - Sans cadre","3","170.00","0.00","70.73"
"W12017-2","689","Ltd Edition - Synchronicity","1630","Édition Ltée - Synchronicité : Options d'encadrement - Cadre rustique noir 1""","0","335.00","0.00","0.00"
"W12017-2","689","Ltd Edition - Synchronicity","1631","Édition Ltée - Synchronicité : Options d'encadrement - Cadre rustique gris 1""","0","335.00","0.00","0.00"
"W12017-2","689","Ltd Edition - Synchronicity","1632","Édition Ltée - Synchronicité : Options d'encadrement - Cadre rustique brun 1""","0","335.00","0.00","0.00"
"W12008-2","690","Ltd Edition - Winter wolves","1733","Édition Ltée - Loups d'Hiver : Options d'encadrement - Sans cadre","2","170.00","0.00","70.73"
"W12008-2","690","Ltd Edition - Winter wolves","1734","Édition Ltée - Loups d'Hiver : Options d'encadrement - Cadre rustique noir 1""","0","335.00","0.00","0.00"
"W12008-2","690","Ltd Edition - Winter wolves","1735","Édition Ltée - Loups d'Hiver : Options d'encadrement - Cadre rustique brun 1""","0","335.00","0.00","0.00"
"W12008-2","690","Ltd Edition - Winter wolves","1736","Édition Ltée - Loups d'Hiver : Options d'encadrement - Cadre rustique gris 1""","0","335.00","0.00","0.00"
"W12001-2","691","Ltd Edition - Dialogue","1873","Édition Ltée - Dialogue : Options d'encadrement - Sans cadre","2","135.00","0.00","60.85"
"W12001-2","691","Ltd Edition - Dialogue","1874","Édition Ltée - Dialogue : Options d'encadrement - Cadre rustique noir 1""","0","305.00","0.00","0.00"
"W12001-2","691","Ltd Edition - Dialogue","1875","Édition Ltée - Dialogue : Options d'encadrement - Cadre rustique brun 1""","0","305.00","0.00","0.00"
"W12001-2","691","Ltd Edition - Dialogue","1876","Édition Ltée - Dialogue : Options d'encadrement - Cadre rustique gris 1""","0","305.00","0.00","0.00"
"W12014-2","692","Ltd Edition - Gate of Silk","1737","Édition Ltée - Portail de Soie : Options d'encadrement - Sans cadre","4","170.00","0.00","74.00"
"W12014-2","692","Ltd Edition - Gate of Silk","1738","Édition Ltée - Portail de Soie : Options d'encadrement - Cadre rustique noir 1""","0","335.00","0.00","0.00"
"W12014-2","692","Ltd Edition - Gate of Silk","1739","Édition Ltée - Portail de Soie : Options d'encadrement - Cadre rustique brun 1""","0","335.00","0.00","0.00"
"W12014-2","692","Ltd Edition - Gate of Silk","1740","Édition Ltée - Portail de Soie : Options d'encadrement - Cadre rustique gris 1""","0","335.00","0.00","0.00"
"W12005-2","693","Ltd Edition - Earth Keeper","1633","Édition ltée - Gardienne de la Terre : Options d'encadrement - Sans cadre","3","170.00","0.00","74.00"
"W12005-2","693","Ltd Edition - Earth Keeper","1634","Édition ltée - Gardienne de la Terre : Options d'encadrement - Cadre rustique noir 1""","0","335.00","0.00","0.00"
"W12005-2","693","Ltd Edition - Earth Keeper","1635","Édition ltée - Gardienne de la Terre : Options d'encadrement - Cadre rustique brun 1""","0","335.00","0.00","0.00"
"W12005-2","693","Ltd Edition - Earth Keeper","1636","Édition ltée - Gardienne de la Terre : Options d'encadrement - Cadre rustique gris 1""","0","335.00","0.00","0.00"
"W12016-2","694","Ltd Edition - Going Home","1637","Édition Ltée - Retour chez Soi : Options d'encadrement - Sans cadre","2","170.00","0.00","74.00"
"W12016-2","694","Ltd Edition - Going Home","1638","Édition Ltée - Retour chez Soi : Options d'encadrement - Cadre rustique noir 1""","0","335.00","0.00","0.00"
"W12016-2","694","Ltd Edition - Going Home","1639","Édition Ltée - Retour chez Soi : Options d'encadrement - Cadre rustique brun 1""","0","335.00","0.00","0.00"
"W12016-2","694","Ltd Edition - Going Home","1640","Édition Ltée - Retour chez Soi : Options d'encadrement - Cadre rustique gris 1""","0","335.00","0.00","0.00"
"W12018-2","696","Ltd Edition - Early Evening Flowing into Fall","1741","Édition Ltée - Soirée Glissant vers l'Automne : Options d'encadrement - Sans cadre","2","170.00","0.00","74.00"
"W12018-2","696","Ltd Edition - Early Evening Flowing into Fall","1742","Édition Ltée - Soirée Glissant vers l'Automne : Options d'encadrement - Cadre rustique noir 1""","0","335.00","0.00","0.00"
"W12018-2","696","Ltd Edition - Early Evening Flowing into Fall","1743","Édition Ltée - Soirée Glissant vers l'Automne : Options d'encadrement - Cadre rustique brun 1""","0","335.00","0.00","0.00"
"W12018-2","696","Ltd Edition - Early Evening Flowing into Fall","1744","Édition Ltée - Soirée Glissant vers l'Automne : Options d'encadrement - Cadre rustique gris 1""","0","335.00","0.00","0.00"
"A00048-2","698","Ltd Edition - The Protector","1653","Édition Ltée - Le Protecteur : Options d'encadrement - Sans cadre","2","170.00","0.00","70.73"
"A00048-2","698","Ltd Edition - The Protector","1654","Édition Ltée - Le Protecteur : Options d'encadrement - Cadre rustique noir 1""","0","335.00","0.00","0.00"
"A00048-2","698","Ltd Edition - The Protector","1655","Édition Ltée - Le Protecteur : Options d'encadrement - Cadre rustique brun 1""","0","335.00","0.00","0.00"
"A00048-2","698","Ltd Edition - The Protector","1656","Édition Ltée - Le Protecteur : Options d'encadrement - Cadre rustique gris 1""","0","335.00","0.00","0.00"
"A01003-2","699","Ltd Edition - Sky Girl","1641","Édition Ltée - Fille du Ciel : Options d'encadrement - Sans cadre","3","170.00","0.00","70.73"
"A01003-2","699","Ltd Edition - Sky Girl","1642","Édition Ltée - Fille du Ciel : Options d'encadrement - Cadre rustique noir 1""","0","335.00","0.00","0.00"
"A01003-2","699","Ltd Edition - Sky Girl","1643","Édition Ltée - Fille du Ciel : Options d'encadrement - Cadre rustique brun 1""","0","335.00","0.00","0.00"
"A01003-2","699","Ltd Edition - Sky Girl","1644","Édition Ltée - Fille du Ciel : Options d'encadrement - Cadre rustique gris 1""","0","335.00","0.00","0.00"
"A04060-2","700","Ltd Edition - Passing Through","1817","Édition Ltée - Traversée : Options d'encadrement - Sans cadre","1","170.00","0.00","74.00"
"A04060-2","700","Ltd Edition - Passing Through","1818","Édition Ltée - Traversée : Options d'encadrement - Cadre rustique noir 1""","0","335.00","0.00","0.00"
"A04060-2","700","Ltd Edition - Passing Through","1819","Édition Ltée - Traversée : Options d'encadrement - Cadre rustique brun 1""","0","335.00","0.00","0.00"
"A04060-2","700","Ltd Edition - Passing Through","1820","Édition Ltée - Traversée : Options d'encadrement - Cadre rustique gris 1""","0","335.00","0.00","0.00"
"A09054-2","701","Ltd Edition - Tranquility","1645","Édition Ltée - Tranquillité : Options d'encadrement - Sans cadre","2","170.00","0.00","70.73"
"A09054-2","701","Ltd Edition - Tranquility","1646","Édition Ltée - Tranquillité : Options d'encadrement - Cadre rustique noir 1""","0","335.00","0.00","0.00"
"A09054-2","701","Ltd Edition - Tranquility","1647","Édition Ltée - Tranquillité : Options d'encadrement - Cadre rustique brun 1""","0","335.00","0.00","0.00"
"A09054-2","701","Ltd Edition - Tranquility","1648","Édition Ltée - Tranquillité : Options d'encadrement - Cadre rustique gris 1""","0","335.00","0.00","0.00"
"A16055-2","702","Ltd Edition - Abundance","1649","Édition Ltée - Abondance : Options d'encadrement - Sans cadre","2","170.00","0.00","74.00"
"A16055-2","702","Ltd Edition - Abundance","1650","Édition Ltée - Abondance : Options d'encadrement - Cadre rustique brun 1""","0","335.00","0.00","0.00"
"A16055-2","702","Ltd Edition - Abundance","1651","Édition Ltée - Abondance : Options d'encadrement - Cadre rustique noir 1""","0","335.00","0.00","0.00"
"A16055-2","702","Ltd Edition - Abundance","1652","Édition Ltée - Abondance : Options d'encadrement - Cadre rustique gris 1""","0","335.00","0.00","0.00"
"A13041-2","703","Ltd Edition - Lapinx","1918","Édition Ltée - Lapinx : Options d'encadrement - Cadre rustique noir 1""","0","320.00","0.00","0.00"
"A13041-2","703","Ltd Edition - Lapinx","1919","Édition Ltée - Lapinx : Options d'encadrement - Cadre rustique brun 1""","0","320.00","0.00","0.00"
"A13041-2","703","Ltd Edition - Lapinx","1920","Édition Ltée - Lapinx : Options d'encadrement - Cadre rustique gris 1""","0","320.00","0.00","0.00"
"A13041-2","703","Ltd Edition - Lapinx","11347","Édition Ltée - Lapinx : Options d'encadrement - Sans cadre 4.5"" x 13.25""","0","155.00","0.00","0.00"
"A13041-2","703","Ltd Edition - Lapinx","11348","Édition Ltée - Lapinx : Options d'encadrement - Sans cadre 6"" x 18""","3","170.00","0.00","74.00"
"A13056-2","705","Ltd Edition - Otherness","1877","Édition Ltée - Altérité : Options d'encadrement - Sans cadre","2","140.00","0.00","62.70"
"A13056-2","705","Ltd Edition - Otherness","1878","Édition Ltée - Altérité : Options d'encadrement - Cadre rustique noir 1""","0","305.00","0.00","0.00"
"A13056-2","705","Ltd Edition - Otherness","1879","Édition Ltée - Altérité : Options d'encadrement - Cadre rustique brun 1""","0","305.00","0.00","0.00"
"A13056-2","705","Ltd Edition - Otherness","1880","Édition Ltée - Altérité : Options d'encadrement - Cadre rustique gris 1""","0","305.00","0.00","0.00"
"A13057-2","706","Ltd Edition - Origins","1821","Édition Ltée - Origines : Options d'encadrement - Sans cadre","1","170.00","0.00","74.00"
"A13057-2","706","Ltd Edition - Origins","1822","Édition Ltée - Origines : Options d'encadrement - Cadre rustique noir 1""","0","335.00","0.00","0.00"
"A13057-2","706","Ltd Edition - Origins","1823","Édition Ltée - Origines : Options d'encadrement - Cadre rustique brun 1""","0","335.00","0.00","0.00"
"A13057-2","706","Ltd Edition - Origins","1824","Édition Ltée - Origines : Options d'encadrement - Cadre rustique gris 1""","0","335.00","0.00","0.00"
"A16051-2","707","Ltd Edition - Northern Keepers","1521","Édition Ltée - Gardiens du Nord : Options d'encadrement - Sans cadre","1","170.00","0.00","74.00"
"A16051-2","707","Ltd Edition - Northern Keepers","1522","Édition Ltée - Gardiens du Nord : Options d'encadrement - Cadre rustique noir 1""","0","335.00","0.00","0.00"
"A16051-2","707","Ltd Edition - Northern Keepers","1523","Édition Ltée - Gardiens du Nord : Options d'encadrement - Cadre rustique brun 1""","0","335.00","0.00","0.00"
"A16051-2","707","Ltd Edition - Northern Keepers","1524","Édition Ltée - Gardiens du Nord : Options d'encadrement - Cadre rustique gris 1""","0","335.00","0.00","0.00"
"A16058-2","709","Ltd Edition - Silent Seekers","1881","Édition Ltée - En Quête de Silence : Options d'encadrement - Sans cadre","1","140.00","0.00","62.70"
"A16058-2","709","Ltd Edition - Silent Seekers","1882","Édition Ltée - En Quête de Silence : Options d'encadrement - Cadre rustique noir 1""","0","305.00","0.00","0.00"
"A16058-2","709","Ltd Edition - Silent Seekers","1883","Édition Ltée - En Quête de Silence : Options d'encadrement - Cadre rustique brun 1""","0","305.00","0.00","0.00"
"A16058-2","709","Ltd Edition - Silent Seekers","1884","Édition Ltée - En Quête de Silence : Options d'encadrement - Cadre rustique gris 1""","0","305.00","0.00","0.00"
"A16059-2","710","Ltd Edition - Wisdom Keepers","1885","Édition Ltée - Gardiens de la Sagesse : Options d'encadrement - Sans cadre","0","140.00","0.00","62.70"
"A16059-2","710","Ltd Edition - Wisdom Keepers","1886","Édition Ltée - Gardiens de la Sagesse : Options d'encadrement - Cadre rustique noir 1""","0","305.00","0.00","0.00"
"A16059-2","710","Ltd Edition - Wisdom Keepers","1887","Édition Ltée - Gardiens de la Sagesse : Options d'encadrement - Cadre rustique brun 1""","0","305.00","0.00","0.00"
"A16059-2","710","Ltd Edition - Wisdom Keepers","1888","Édition Ltée - Gardiens de la Sagesse : Options d'encadrement - Cadre rustique gris 1""","0","305.00","0.00","0.00"
"A95053-2","711","Ltd Edition - Messenger","1893","Édition Ltée - Messager : Options d'encadrement - Sans cadre","3","140.00","0.00","62.70"
"A95053-2","711","Ltd Edition - Messenger","1894","Édition Ltée - Messager : Options d'encadrement - Cadre rustique noir 1""","0","305.00","0.00","0.00"
"A95053-2","711","Ltd Edition - Messenger","1895","Édition Ltée - Messager : Options d'encadrement - Cadre rustique brun 1""","0","305.00","0.00","0.00"
"A95053-2","711","Ltd Edition - Messenger","1896","Édition Ltée - Messager : Options d'encadrement - Cadre rustique gris 1""","0","305.00","0.00","0.00"
"A14051-2","712","Ltd Edition - Gezaluwejit","1529","Édition Ltée - Gezaluwejit : Options d'encadrement - Sans cadre","2","170.00","0.00","74.00"
"A14051-2","712","Ltd Edition - Gezaluwejit","1530","Édition Ltée - Gezaluwejit : Options d'encadrement - Cadre rustique noir 1""","0","335.00","0.00","0.00"
"A14051-2","712","Ltd Edition - Gezaluwejit","1531","Édition Ltée - Gezaluwejit : Options d'encadrement - Cadre rustique brun 1""","0","335.00","0.00","0.00"
"A14051-2","712","Ltd Edition - Gezaluwejit","1532","Édition Ltée - Gezaluwejit : Options d'encadrement - Cadre rustique gris 1""","0","335.00","0.00","0.00"
"W13047-2","714","Ltd Edition - Inner Memories","1753","Édition ltée - Mémoires Ancestrales : Options d'encadrement - Sans cadre","4","170.00","0.00","74.00"
"W13047-2","714","Ltd Edition - Inner Memories","1754","Édition ltée - Mémoires Ancestrales : Options d'encadrement - Cadre rustique noir 1""","0","335.00","0.00","0.00"
"W13047-2","714","Ltd Edition - Inner Memories","1755","Édition ltée - Mémoires Ancestrales : Options d'encadrement - Cadre rustique brun 1""","0","335.00","0.00","0.00"
"W13047-2","714","Ltd Edition - Inner Memories","1756","Édition ltée - Mémoires Ancestrales : Options d'encadrement - Cadre rustique gris 1""","0","335.00","0.00","0.00"
"A12050-2","716","Ltd Edition - Ice Dream","1757","Édition Ltée - Rêve de Glace : Options d'encadrement - Sans cadre","3","170.00","0.00","74.00"
"A12050-2","716","Ltd Edition - Ice Dream","1758","Édition Ltée - Rêve de Glace : Options d'encadrement - Cadre rustique noir 1""","0","335.00","0.00","0.00"
"A12050-2","716","Ltd Edition - Ice Dream","1759","Édition Ltée - Rêve de Glace : Options d'encadrement - Cadre rustique brun 1""","0","335.00","0.00","0.00"
"A12050-2","716","Ltd Edition - Ice Dream","1760","Édition Ltée - Rêve de Glace : Options d'encadrement - Cadre rustique gris 1""","0","335.00","0.00","0.00"
"A13053-2","718","Ltd Edition - Roots Of Another World","1765","Édition Ltée - Racines d'un Autre Monde : Options d'encadrement - Sans cadre","1","170.00","0.00","70.73"
"A13053-2","718","Ltd Edition - Roots Of Another World","1766","Édition Ltée - Racines d'un Autre Monde : Options d'encadrement - Cadre rustique noir 1""","0","335.00","0.00","0.00"
"A13053-2","718","Ltd Edition - Roots Of Another World","1767","Édition Ltée - Racines d'un Autre Monde : Options d'encadrement - Cadre rustique brun 1""","0","335.00","0.00","0.00"
"A13053-2","718","Ltd Edition - Roots Of Another World","1768","Édition Ltée - Racines d'un Autre Monde : Options d'encadrement - Cadre rustique gris 1""","0","335.00","0.00","0.00"
"A01038-2","719","Ltd Edition - Harmony","1930","Édition ltée - Harmonie : Options d'encadrement - Sans cadre","1","170.00","0.00","70.73"
"A01038-2","719","Ltd Edition - Harmony","1931","Édition ltée - Harmonie : Options d'encadrement - Cadre rustique noir 1""","0","335.00","0.00","0.00"
"A01038-2","719","Ltd Edition - Harmony","1932","Édition ltée - Harmonie : Options d'encadrement - Cadre rustique brun 1""","0","335.00","0.00","0.00"
"A01038-2","719","Ltd Edition - Harmony","1933","Édition ltée - Harmonie : Options d'encadrement - Cadre rustique gris 1""","0","335.00","0.00","0.00"
"A13042-2","721","Ltd Edition - Carried Away","1897","Édition Ltée - Emportée : Options d'encadrement - Sans cadre","1","140.00","0.00","62.70"
"A13042-2","721","Ltd Edition - Carried Away","1898","Édition Ltée - Emportée : Options d'encadrement - Cadre rustique noir 1""","0","305.00","0.00","0.00"
"A13042-2","721","Ltd Edition - Carried Away","1899","Édition Ltée - Emportée : Options d'encadrement - Cadre rustique brun 1""","0","305.00","0.00","0.00"
"A13042-2","721","Ltd Edition - Carried Away","1900","Édition Ltée - Emportée : Options d'encadrement - Cadre rustique gris 1""","0","305.00","0.00","0.00"
"W13023-2","722","Ltd Edition - Water and Spirit Buffalo","1769","Édition Ltée - Eau et Esprit du Bison : Options d'encadrement - Sans cadre","1","170.00","0.00","70.73"
"W13023-2","722","Ltd Edition - Water and Spirit Buffalo","1770","Édition Ltée - Eau et Esprit du Bison : Options d'encadrement - Cadre rustique noir 1""","0","335.00","0.00","0.00"
"W13023-2","722","Ltd Edition - Water and Spirit Buffalo","1771","Édition Ltée - Eau et Esprit du Bison : Options d'encadrement - Cadre rustique brun 1""","0","335.00","0.00","0.00"
"W13023-2","722","Ltd Edition - Water and Spirit Buffalo","1772","Édition Ltée - Eau et Esprit du Bison : Options d'encadrement - Cadre rustique gris 1""","0","335.00","0.00","0.00"
"A01031-1","725","Canvas - Honoring the Giver of Life","1589","Toile - Hommage à la Source de Vie : Options d'encadrement - Sans cadre","1","295.00","0.00","0.00"
"A01031-1","725","Canvas - Honoring the Giver of Life","1590","Toile - Hommage à la Source de Vie : Options d'encadrement - Cadre flottant bois noir","0","395.00","0.00","0.00"
"A01031-1","725","Canvas - Honoring the Giver of Life","1591","Toile - Hommage à la Source de Vie : Options d'encadrement - Cadre flottant bois brun","0","395.00","0.00","0.00"
"A01031-1","725","Canvas - Honoring the Giver of Life","1592","Toile - Hommage à la Source de Vie : Options d'encadrement - Cadre flottant bois étain","0","395.00","0.00","0.00"
"A08007-1","733","Canvas - A Moose and Goose","1777","Toile - Un Orignal et une Outarde : Options d'encadrement - Sans cadre","1","190.00","0.00","0.00"
"A08007-1","733","Canvas - A Moose and Goose","1778","Toile - Un Orignal et une Outarde : Options d'encadrement - Cadre flottant bois noir","0","290.00","0.00","0.00"
"A08007-1","733","Canvas - A Moose and Goose","1779","Toile - Un Orignal et une Outarde : Options d'encadrement - Cadre flottant bois brun","0","290.00","0.00","0.00"
"A08007-1","733","Canvas - A Moose and Goose","1780","Toile - Un Orignal et une Outarde : Options d'encadrement - Cadre flottant bois étain","0","290.00","0.00","0.00"
"A10046-1","736","Canvas - Geese Spirit","1665","Toile - L'Esprit de l'Outarde : Options d'encadrement - Sans cadre","0","295.00","0.00","84.27"
"A10046-1","736","Canvas - Geese Spirit","1666","Toile - L'Esprit de l'Outarde : Options d'encadrement - Cadre flottant bois noir","0","395.00","0.00","0.00"
"A10046-1","736","Canvas - Geese Spirit","1667","Toile - L'Esprit de l'Outarde : Options d'encadrement - Cadre flottant bois brun","0","395.00","0.00","0.00"
"A10046-1","736","Canvas - Geese Spirit","1668","Toile - L'Esprit de l'Outarde : Options d'encadrement - Cadre flottant bois étain","0","395.00","0.00","0.00"
"A08013-1","737","Canvas - New Day","1561","Toile - Nouveau Jour : Options d'encadrement - Sans cadre","1","295.00","0.00","0.00"
"A08013-1","737","Canvas - New Day","1562","Toile - Nouveau Jour : Options d'encadrement - Cadre flottant bois noir","0","395.00","0.00","0.00"
"A08013-1","737","Canvas - New Day","1563","Toile - Nouveau Jour : Options d'encadrement - Cadre flottant bois brun","0","395.00","0.00","0.00"
"A08013-1","737","Canvas - New Day","1564","Toile - Nouveau Jour : Options d'encadrement - Cadre flottant bois étain","0","395.00","0.00","0.00"
"A08045-1","738","Canvas - Patience","1837","Toile - Patience : Options d'encadrement - Sans cadre","1","225.00","0.00","0.00"
"A08045-1","738","Canvas - Patience","1838","Toile - Patience : Options d'encadrement - Cadre flottant bois noir","0","325.00","0.00","0.00"
"A08045-1","738","Canvas - Patience","1839","Toile - Patience : Options d'encadrement - Cadre flottant bois brun","0","325.00","0.00","0.00"
"A08045-1","738","Canvas - Patience","1840","Toile - Patience : Options d'encadrement - Cadre flottant bois étain","0","325.00","0.00","0.00"
"A08019-1","740","Canvas - Unity","1781","Toile - Union : Options d'encadrement - Sans cadre","1","335.00","0.00","0.00"
"A08019-1","740","Canvas - Unity","1782","Toile - Union : Options d'encadrement - Cadre flottant bois noir","0","435.00","0.00","0.00"
"A08019-1","740","Canvas - Unity","1783","Toile - Union : Options d'encadrement - Cadre flottant bois brun","0","435.00","0.00","0.00"
"A08019-1","740","Canvas - Unity","1784","Toile - Union : Options d'encadrement - Cadre flottant bois étain","0","435.00","0.00","0.00"
"A09006-1","741","Canvas - River Keeper","1854","Toile - La Gardienne de l'Eau : Options d'encadrement - Cadre flottant bois noir","0","495.00","0.00","0.00"
"A09006-1","741","Canvas - River Keeper","1855","Toile - La Gardienne de l'Eau : Options d'encadrement - Cadre flottant bois brun","0","495.00","0.00","0.00"
"A09006-1","741","Canvas - River Keeper","1856","Toile - La Gardienne de l'Eau : Options d'encadrement - Cadre flottant bois étain","0","495.00","0.00","0.00"
"A09006-1","741","Canvas - River Keeper","8134","Toile - La Gardienne de l'Eau : Options d'encadrement - Sans cadre - 15"" x 24""","1","315.00","0.00","0.00"
"A09006-1","741","Canvas - River Keeper","8135","Toile - La Gardienne de l'Eau : Options d'encadrement - Sans cadre - 30"" x 48""","0","695.00","0.00","0.00"
