"Reference code","Product ID","Product name","Product Combinations ID","Combinations (Attribute - value pair)","Quantity","Final price (pre-tax)","Pre-tax wholesale price","Combinations wholesale price"
"A01030-7","14","Card - Eagle Moon","","Card - Eagle Moon","24","5.5","2.5","0"
"A01028-POD2555","17","Card - Giving Thanks","","Card - Giving Thanks","16","6.35","2.75","0"
"A01031-7","20","Card - Honoring the Giver of Life","","Card - Honoring the Giver of Life","49","5.5","2.5","0"
"A01032-7","23","Card - Moon Wisdom","","Card - Moon Wisdom","71","5.5","2.5","0"
"A01036-7","30","Card - Teachings","","Card - Teachings","32","5.5","2.5","0"
"A01035-7","34","Card - Strength Within","","Card - Strength Within","52","5.5","2.5","0"
"A01034-POD2570","35","Card - Reaching Out","","Card - Reaching Out","10","6.35","2.75","0"
"A01037-7","40","Card - Trust","","Card - Trust","35","5.5","2.5","0"
"A08011-7","44","Card - Whisper","","Card - Whisper","107","5.5","2.5","0"
"A08007-POD2548","47","Card - A Moose and Goose","","Card - A Moose and Goose","15","6.35","2.75","0"
"A10012-POD2565","51","Card - Sky Sisters","","Card - Sky Sisters","11","6.35","2.75","0"
"A10004-7","54","Card - Merging Earth and Sky","","Card - Merging Earth and Sky","32","5.5","2.5","0"
"A10046-7","58","Card - Geese Spirit","","Card - Geese Spirit","25","5.5","2.5","0"
"A08013-POD2584","61","Card - New Day","","Card - New Day","9","6.35","2.75","0"
"A08045-20084","64","Card - Patience","","Card - Patience","12","6.35","2.75","0"
"A01029-POD2882","67","Card - Birth of Eagle Shadow","","Card - Birth of Eagle Shadow","9","6.35","2.75","0"
"A08019-POD2886","70","Card - Unity","","Card - Unity","5","6.35","2.75","0"
"A09006-POD2579","73","Card - River Keeper","","Card - River Keeper","7","6.35","2.75","0"
"A04015-20085","76","Card - Rebirth","","Card - Rebirth","4","6.35","2.75","0"
"A04039-7","79","Card - Nostalgia","","Card - Nostalgia","2","5.5","2.5","0"
"W13025-POD2569","85","Card - Passage","","Card - Passage","14","6.35","2.75","0"
"W12024-20076","88","Card - Breath of Life","","Card - Breath of Life","8","6.35","2.75","0"
"W12008-POD2581","95","Card - Winter Wolves","","Card - Winter Wolves","14","6.35","2.75","0"
"W12014-7","101","Card - Gate of Silk","","Card - Gate of Silk","1","5.5","2.5","0"
"W12005-POD2552","104","Card - Earth Keeper","","Card - Earth Keeper","11","6.35","2.75","0"
"W12016-POD2556","107","Card - Going Home","","Card - Going Home","13","6.35","2.75","0"
"W12018-POD2551","113","Card - Early Evening Flowing Into Fall","","Card - Early Evening Flowing Into Fall","14","6.35","2.75","0"
"SKU:53-53-617","119","Bill Helin Killer Whale Halo Mug","","Bill Helin Killer Whale Halo Mug","0","11","4.75","0"
"SKU: 53-53-613","122","Bill Helin Killer Whale Apron","","Bill Helin Killer Whale Apron","0","34.5","15","0"
"SKU: 53-53-612","123","Bill Helin Killer Whale Oven Mitt","","Bill Helin Killer Whale Oven Mitt","1","17.25","6.95","0"
"SKU: 53-53-610","125","Bill Helin Killer Whale Dish Towel","","Bill Helin Killer Whale Dish Towel","0","15","6.52","0"
"SKU: 53-53-616x2","126","Bill Helin Killer Whale Trivet or Coasters","","Bill Helin Killer Whale Trivet or Coasters","0","14","6.52","0"
"SKU: 53-53-620","127","Bill Helin Killer Whale Pot Holder","","Bill Helin Killer Whale Pot Holder","2","14.95","5.75","0"
"SKU: 53-53-611","128","Bill Helin Killer Whale Pocket Pot Holder","","Bill Helin Killer Whale Pocket Pot Holder","0","27","11.7","0"
"SKU: 53-53-510","129","Bill Helin Chilkat Apron","","Bill Helin Chilkat Apron","0","36.95","16","0"
"SKU: 53-53-528","130","Bill Helin Chilkat Trivet or Coasters","","Bill Helin Chilkat Trivet or Coasters","0","14.95","6.3","0"
"SKU: 53-53-521","131","Bill Helin Chilkat Halo Mug","","Bill Helin Chilkat Halo Mug","0","11","4.75","0"
"SKU: 53-53-582","132","Bill Helin Chilkat Oven Mitt","1081","Colors - Red/Black","0","18.95","7.5","0"
"SKU: 53-53-582","132","Bill Helin Chilkat Oven Mitt","1082","Colors - Red/Black/White","1","18.95","7.5","0"
"SKU: 53-53-581","133","Bill Helin Chilkat Pot Holder","1079","Colors - Red/Black","0","14.95","6.5","0"
"SKU: 53-53-581","133","Bill Helin Chilkat Pot Holder","1080","Colors - Red/Black/White","0","14.95","6.5","0"
"SKU: 53-53-507x2","134","Bill Helin Chilkat Dish Towel","1077","Colors - Red/Black","0","15","6.5","0"
"SKU: 53-53-507x2","134","Bill Helin Chilkat Dish Towel","1078","Colors - Red/Black/White","0","15","6.5","0"
"SKU: 53-53-672","135","Bill Helin Eagle Oven Mitt","","Bill Helin Eagle Oven Mitt","0","18.95","8","0"
"SKU: 53-53-671","138","Bill Helin Eagle Pot Holder","","Bill Helin Eagle Pot Holder","0","14.95","6.5","0"
"SKU: 53-53-670","139","Bill Helin Eagle Dish Towel","","Bill Helin Eagle Dish Towel","0","15","6.5","0"
"SKU: 53-53-676x2","140","Bill Helin Eagle Trivet or Coasters","","Bill Helin Eagle Trivet or Coasters","0","14.95","6.3","0"
"SKU: 53-53-417","142","Bill Helin Frog Halo Mug","","Bill Helin Frog Halo Mug","0","11","4.75","0"
"SKU: 53-53-413","143","Bill Helin Frog  Oven Mitt","","Bill Helin Frog  Oven Mitt","0","17.25","6.95","0"
"SKU: 53-53-412","144","Bill Helin Frog Pocket Pot Holder","","Bill Helin Frog Pocket Pot Holder","0","27","11.75","0"
"SKU: 53-53-414","145","Bill Helin Frog Pot Holder","","Bill Helin Frog Pot Holder","0","12.95","4.75","0"
"SKU53-53-411","146","Bill Helin Frog Dish Towell","","Bill Helin Frog Dish Towell","0","15","6.5","0"
"SKU: 53-53-416x2","147","Bill Helin Frog Trivel or Coasters","","Bill Helin Frog Trivel or Coasters","0","14","6.3","0"
"SKU: 53-53-554","148","Bill Helin Hummingbird Apron","","Bill Helin Hummingbird Apron","0","36.95","16","0"
"SKU: 53-53-550","149","Bill Helin Hummingbird Embroidered Tea Towel","","Bill Helin Hummingbird Embroidered Tea Towel","0","15","6.5","0"
"SKU: 53-53-559","150","Bill Helin Hummingbird Halo Mug","","Bill Helin Hummingbird Halo Mug","0","11","4.75","0"
"SKU: 53-53-553","151","Bill Helin Hummingbird Oven Mitt","","Bill Helin Hummingbird Oven Mitt","0","18.95","8","0"
"SKU: 53-53-552","152","Bill Helin Hummingbird Pot Holder","","Bill Helin Hummingbird Pot Holder","3","14.95","5.75","0"
"SKU: 53-53-551","153","Bill Helin Hummingbird Dish Towel","","Bill Helin Hummingbird Dish Towel","0","15","6.5","0"
"SKU: 53-53-558x2","154","Bill Helin Hummingbird Trivet or Coasters","","Bill Helin Hummingbird Trivet or Coasters","0","14.95","6.3","0"
"SKU: 53-53-657","155","Bill Helin Killer Whale Halo Mug","","Bill Helin Killer Whale Halo Mug","0","11","4.75","0"
"SKU: 53-53-652","156","Bill Helin Killer Whale Oven Mitt","","Bill Helin Killer Whale Oven Mitt","0","17.25","6.95","0"
"SKU: 53-53-651","157","Bill Helin Killer Whale Pocket Pot Holder","","Bill Helin Killer Whale Pocket Pot Holder","0","27","11.75","0"
"SKU: 53-53-653","158","Bill Helin Killer Whale Pot Holder","","Bill Helin Killer Whale Pot Holder","3","14.95","5.75","0"
"SKU: 53-53-650","159","Bill Helin Killer Whale Dish Towel","","Bill Helin Killer Whale Dish Towel","0","15","6.5","0"
"SKU: 53-53-656x2","160","Bill Helin Killer Whale Trivet or Coasters","","Bill Helin Killer Whale Trivet or Coasters","0","14.95","6.3","0"
"SKU: 53-53-437","161","Bill Helin Moose Halo Mug","","Bill Helin Moose Halo Mug","0","11","4.75","0"
"SKU: 53-53-432","162","Bill Helin Moose Oven Mitt","","Bill Helin Moose Oven Mitt","0","17.25","6.95","0"
"SKU: 53-53-434","163","Bill Helin Moose Pocket Pot Holder","","Bill Helin Moose Pocket Pot Holder","0","27","11.75","0"
"SKU: 53-53-431","164","Bill Helin Moose Pot Holder","","Bill Helin Moose Pot Holder","0","12.95","4.75","0"
"SKU: 53-53-430","165","Bill Helin Moose Dish Towel","","Bill Helin Moose Dish Towel","0","15","6.5","0"
"SKU: 53-53-436x2","166","Bill Helin Moose Trivet or Coasters","","Bill Helin Moose Trivet or Coasters","0","14","6.3","0"
"SKU: 53-53-010","167","Bill Helin Raven Apron","","Bill Helin Raven Apron","1","36.95","16","0"
"SKU: 53-53-016","168","Bill Helin Raven Mug","","Bill Helin Raven Mug","0","11","4.75","0"
"SKU: 53-53-405","169","Bill Helin Raven Embroidered Pot Holder","","Bill Helin Raven Embroidered Pot Holder","0","12.95","4.75","0"
"SKU: 53-53-040","170","Bill Helin Raven Halo Mug","","Bill Helin Raven Halo Mug","0","11","4.75","0"
"SKU: 53-53-007","171","Bill Helin Raven Oven Mitt","","Bill Helin Raven Oven Mitt","0","18.95","8","0"
"SKU: 53-53-006","172","Bill Helin Raven Pot Holder","","Bill Helin Raven Pot Holder","2","14.95","6.5","0"
"SKU: 53-53-005","173","Bill Helin Raven Dish Towel","","Bill Helin Raven Dish Towel","0","15","6.5","0"
"SKU: 53-53-013x2","174","Bill Helin Raven Trivet or Coasters","","Bill Helin Raven Trivet or Coasters","0","14","6.3","0"
"SKU: 53-53-045","175","Bill Helin Raven Salad Servers","1063","Colors - Rosewood","0","67","29","0"
"SKU: 53-53-045","175","Bill Helin Raven Salad Servers","1064","Colors - Charcoal","2","67","29","0"
"SKU: 52-52-797","178","Andrew Williams Hummingbird Mug","","Andrew Williams Hummingbird Mug","0","11","4.75","0"
"SKU: 52-52-792","179","Andrew Williams Hummingbird Oven Mitt","","Andrew Williams Hummingbird Oven Mitt","0","18.95","8","0"
"SKU: 52-52-794","180","Andrew Williams Hummingbird Pocket Pot Holder","","Andrew Williams Hummingbird Pocket Pot Holder","0","27","11.75","0"
"SKU: 52-52-791","181","Andrew Williams Hummingbird Pot Holder","","Andrew Williams Hummingbird Pot Holder","0","14.95","6.5","0"
"SKU: 52-52-790","182","Andrew Williams Hummingbird Dish Towel","","Andrew Williams Hummingbird Dish Towel","0","15","6.5","0"
"SKU: 52-52-796x2","183","Andrew Williams Hummingbird Trivet or Coasters","","Andrew Williams Hummingbird Trivet or Coasters","0","14","6.3","0"
"SKU: 52-52-747","184","Andrew Williams Octopus Halo Mug","","Andrew Williams Octopus Halo Mug","0","11","4.75","0"
"SKU: 52-52-737","185","Andrew Williams Octopus Halo Mug","","Andrew Williams Octopus Halo Mug","0","11","4.75","0"
"SKU: 52-52-742","186","Andrew Williams Octopus Oven Mitt","","Andrew Williams Octopus Oven Mitt","0","18.95","8","0"
"SKU: 52-52-732","187","Andrew Williams Octopus Oven Mitt","","Andrew Williams Octopus Oven Mitt","0","18.95","8","0"
"SKU: 52-52-744","188","Andrew Williams Octopus Pocket Pot Holder","","Andrew Williams Octopus Pocket Pot Holder","0","27","11.75","0"
"SKU: 52-52-734","189","Andrew Williams Octopus Pocket Pot Holder","","Andrew Williams Octopus Pocket Pot Holder","0","27","11.75","0"
"SKU: 52-52-741","190","Andrew Williams Octopus Pot Holder","","Andrew Williams Octopus Pot Holder","0","14.95","6.5","0"
"SKU: 52-52-731","191","Andrew Williams Octopus Pot Holder","","Andrew Williams Octopus Pot Holder","0","14.95","6.5","0"
"SKU: 52-52-740","192","Andrew Williams Octopus Dish Towel","","Andrew Williams Octopus Dish Towel","0","15","6.5","0"
"SKU: 52-52-730","193","Andrew Williams Octopus Dish Towel","","Andrew Williams Octopus Dish Towel","0","15","6.5","0"
"SKU: 52-52-745x2","194","Andrew Williams Octopus Trivet or Coasters","","Andrew Williams Octopus Trivet or Coasters","0","14.95","6.3","0"
"SKU: 52-52-735x2","195","Andrew Williams Octopus Trivet or Coasters","","Andrew Williams Octopus Trivet or Coasters","0","14.95","6.3","0"
"SKU: 51-51-320","196","Anthony Joseph Salmon Glass Charger","","Anthony Joseph Salmon Glass Charger","0","50","21.75","0"
"SKU: 51-51-322","197","Anthony Joseph Salmon Bowl","","Anthony Joseph Salmon Bowl","0","50","21.75","0"
"SKU: 51-51-209","198","Anthony Joseph Salmon Apron","","Anthony Joseph Salmon Apron","0","36.95","16","0"
"SKU: 51-51-195","199","Anthony Joseph Salmon Tea Towel","","Anthony Joseph Salmon Tea Towel","0","15","6.5","0"
"SKU: 51-51-337","200","Anthony Joseph Salmon Halo Mug","","Anthony Joseph Salmon Halo Mug","0","11","4.75","0"
"SKU: 51-51-332","201","Anthony Joseph Salmon Oven Mitt","","Anthony Joseph Salmon Oven Mitt","0","18.95","8","0"
"SKU: 51-51-333","202","Anthony Joseph Salmon Pot Holder","","Anthony Joseph Salmon Pot Holder","0","14.95","6.5","0"
"SKU: 51-51-330","203","Anthony Joseph Salmon Dish Towel","","Anthony Joseph Salmon Dish Towel","0","15","6.5","0"
"SKU: 51-51-336x2","204","Anthony Joseph Salmon Trivet or Coasters","","Anthony Joseph Salmon Trivet or Coasters","0","14.95","6.3","0"
"SKU: 51-51-032","205","Bill Reid ""Children of the Raven"" Apron","","Bill Reid ""Children of the Raven"" Apron","0","36.95","16","0"
"SKU: 51-51-019","206","Bill Reid  ""Children of the Raven"" Mug","","Bill Reid  ""Children of the Raven"" Mug","0","11","4.75","0"
"SKU: 51-51-006","207","Bill Reid  ""Children of the Raven"" Magnet","","Bill Reid  ""Children of the Raven"" Magnet","0","6","2.6","0"
"SKU: 51-51-030","208","Bill Reid  ""Children of the Raven"" Oven Mitt","","Bill Reid  ""Children of the Raven"" Oven Mitt","0","18.95","6.95","0"
"SKU: 51-51-027","209","Bill Reid ""Children of the Raven"" Pot Holder","","Bill Reid ""Children of the Raven"" Pot Holder","0","14.95","4.75","0"
"SKU: 51-51-001","210","Bill Reid  ""Children of the Raven"" Dish Towel","","Bill Reid  ""Children of the Raven"" Dish Towel","0","15","6.5","0"
"SKU: 51-51-018x2","211","Bill Reil  ""Children of the Raven"" Trivet or Coasters","","Bill Reil  ""Children of the Raven"" Trivet or Coasters","0","14","6.3","0"
"SKU: 51-51-523","212","Clifton Fred ""Bear Box"" Mug","","Clifton Fred ""Bear Box"" Mug","0","11","4.75","0"
"SKU: 51-51-503","213","Clifton Fred ""Bear Box"" Oven Mitt","","Clifton Fred ""Bear Box"" Oven Mitt","0","17.25","6.95","0"
"SKU: 51-51-502","214","Clifton Fred ""Bear Box"" Pot Holder","","Clifton Fred ""Bear Box"" Pot Holder","0","12.95","4.75","0"
"SKU: 51-51-501","215","Clifton Fred ""Bear Box"" Dish Towel","","Clifton Fred ""Bear Box"" Dish Towel","0","15","6.5","0"
"SKU: 51-51-521x2","216","Clifton Fred ""Bear Box"" Trivet or Coasters","","Clifton Fred ""Bear Box"" Trivet or Coasters","0","14","6.3","0"
"SKU: 52-52-432","217","Connie Dickens Raven Oven Mitt","","Connie Dickens Raven Oven Mitt","0","18.95","8","0"
"SKU: 52-52-442","218","Connie Dickens Raven Oven Mitt","","Connie Dickens Raven Oven Mitt","0","18.95","8","0"
"SKU: 52-52-431","221","Connie Dickens Raven Pot Holder","","Connie Dickens Raven Pot Holder","0","14.95","6.5","0"
"SKU: 52-52-441","222","Connie Dickens Raven Pot Holder","","Connie Dickens Raven Pot Holder","0","14.95","6.5","0"
"SKU: 52-52-430","223","Connie Dickens Raven Dish Towel","","Connie Dickens Raven Dish Towel","0","15","6.5","0"
"SKU: 52-52-430","224","Connie Dickens Raven Dish Towel","","Connie Dickens Raven Dish Towel","0","15","6.5","0"
"SKU: 52-52-435x2","225","Connie Dickens Raven Trivet or Coasters","","Connie Dickens Raven Trivet or Coasters","0","14.95","6.3","0"
"SKU: 52-52-446x2","226","Connie Dickens Raven Trivet or Coasters","","Connie Dickens Raven Trivet or Coasters","0","14","6.3","0"
"SKU: 52-52-ziptissus","227","Zip Pouch","","Zip Pouch","0","16","6.75","0"
"SKU: 00-04-566","229","Corrine Hunt Namwayut Collection Large Bowl","","Corrine Hunt Namwayut Collection Large Bowl","2","80","34","0"
"SKU: 00-04-561","230","Corrine Hunt Namwayut Collection Large Bowl","","Corrine Hunt Namwayut Collection Large Bowl","0","80","34","0"
"SKU: 00-04-567","231","Corrine Hunt Namwayut Collection Large Bowl Set","","Corrine Hunt Namwayut Collection Large Bowl Set","0","144","62","0"
"SKU: 00-04-562","232","Corrine Hunt Namwayut Collection Large Bowl Set","","Corrine Hunt Namwayut Collection Large Bowl Set","0","144","62","0"
"SKU: 00-04-565","233","Corrine Hunt Namwayut Collection Small Bowl","","Corrine Hunt Namwayut Collection Small Bowl","0","65","28","0"
"SKU: 00-04-560","234","Corrine Hunt Namwayut Collection Small Bowl","","Corrine Hunt Namwayut Collection Small Bowl","0","65","28","0"
"SKU: 00-04-568","235","Corrine Hunt Collection Namwayut  Salad Servers","","Corrine Hunt Collection Namwayut  Salad Servers","0","67","29","0"
"SKU: 00-04-563","236","Corrine Hunt Collection Namwayut  Salad Servers","","Corrine Hunt Collection Namwayut  Salad Servers","1","67","29","0"
"SKU: 00-04-526","238","Corrine Hunt Sea to Sky Candle Holder","","Corrine Hunt Sea to Sky Candle Holder","0","50.95","22","0"
"SKU: 00-04-525","239","Corrine Hunt Sea to Sky Candle Holder","","Corrine Hunt Sea to Sky Candle Holder","0","48.45","21","0"
"SKU: 00-04-531","240","Corrine Hunt Sea to Sky Cheese Knife","","Corrine Hunt Sea to Sky Cheese Knife","2","56","22","0"
"SKU: 00-04-528","241","Corrine Hunt Sea to Sky Table Napkin Ring","","Corrine Hunt Sea to Sky Table Napkin Ring","1","14","6.05","0"
"SKU: 00-04-523","242","Corrine Hunt Sea to Sky Hostess Platter","","Corrine Hunt Sea to Sky Hostess Platter","0","42","18","0"
"SKU: 00-04-522","243","Corrine Hunt Sea to Sky Hostess Platter","","Corrine Hunt Sea to Sky Hostess Platter","0","78","34","0"
"SKU: 04-04-521","244","Corrine Hunt Sea to Sky Hostess Platter","","Corrine Hunt Sea to Sky Hostess Platter","0","70","30","0"
"SKU: 00-04-520","245","Corrine Hunt Sea to Sky Hostess Platter","","Corrine Hunt Sea to Sky Hostess Platter","0","63","27","0"
"SKU: 00-04-532","246","Corrine Hunt Sea to Sky Pâté Knife","","Corrine Hunt Sea to Sky Pâté Knife","0","46","20","0"
"SKU: 00-06-914","247","Corrine Hunt Sea to Sky Cheese Knife","","Corrine Hunt Sea to Sky Cheese Knife","0","74","32","0"
"SKU: 00-06-915","248","Corrine Hunt Sea to Sky Cheese Knife and Fork Set","","Corrine Hunt Sea to Sky Cheese Knife and Fork Set","1","88","38","0"
"SKU: 00-04-524","249","Corrine Hunt Collection Namwayut  Salad Servers","","Corrine Hunt Collection Namwayut  Salad Servers","0","67","29","0"
"A00048-7-POD2884","251","Card - The Protector","","Card - The Protector","5","6.35","2.75","0"
"SKU: 52-52-618","253","Jim Charlie Tablier Raven Apron","","Jim Charlie Tablier Raven Apron","1","36.95","16","0"
"SKU: 52-52-622","255","Jim Charlie Raven Halo Mug","","Jim Charlie Raven Halo Mug","0","11","4.75","0"
"SKU: 52-52-617","256","Jim Charlie Mitaine Raven Oven Mitt","","Jim Charlie Mitaine Raven Oven Mitt","0","18.95","8","0"
"A01003-POD2575","257","Card - Sky Girl","","Card - Sky Girl","12","6.35","2.75","0"
"SKU: 52-52-627","259","Jim Charlie Raven Oven Mitt","","Jim Charlie Raven Oven Mitt","1","18.95","8","0"
"SKU:52-52-616","261","Jim Charlie Raven Pocket Pot Holder","","Jim Charlie Raven Pocket Pot Holder","0","32","14","0"
"A04060-20083","262","Card - Passing Through","","Card - Passing Through","11","6.35","2.75","0"
"SKU:52-52-626","264","Jim Charlie Raven Pocket Pot Holder","","Jim Charlie Raven Pocket Pot Holder","0","32","14","0"
"SKU: 52-52-619","266","Jim Charlie Raven Pot Holder","","Jim Charlie Raven Pot Holder","1","14.95","5.75","0"
"SKU: 52-52-629","267","Jim Charlie Raven Pot Holder","","Jim Charlie Raven Pot Holder","0","14.95","6.5","0"
"A09054-20087","268","Card - Tranquility","","Card - Tranquility","9","6.35","2.75","0"
"SK52-52-615","269","Jim Charlie Raven Dish Towel","","Jim Charlie Raven Dish Towel","0","15","5.9","0"
"SK52-52-625","272","Jim Charlie Raven Dish Towel","","Jim Charlie Raven Dish Towel","0","15","5.9","0"
"SKU: 52-52-621x2","274","Jim Charlie Raven Trivet or Coasters","","Jim Charlie Raven Trivet or Coasters","0","14.95","5.25","0"
"SKU: 52-52-647","277","Jim Charlie Salmon Halo Mug","","Jim Charlie Salmon Halo Mug","0","11","4.75","0"
"SKU: 52-52-607","279","Jim Charlie Wolf Oven Mitt","","Jim Charlie Wolf Oven Mitt","0","17.25","6.95","0"
"SKU:52-52-644","281","Jim Charlie Salmon Pocket Pot Holder","","Jim Charlie Salmon Pocket Pot Holder","0","32","14","0"
"SKU: 52-52-609","283","Jim Charlie Wolf Pot Holder","","Jim Charlie Wolf Pot Holder","2","12.95","4.75","0"
"SK52-52-640","284","Jim Charlie Salmon Dish Towel","","Jim Charlie Salmon Dish Towel","0","15","5.9","0"
"A10044-POD2572","285","Card - The Return","","Card - The Return","9","6.35","2.75","0"
"SKU: 52-52-646x2","286","Jim Charlie Salmon Trivet or Coasters","","Jim Charlie Salmon Trivet or Coasters","0","14.95","5.25","0"
"SKU:52-52-606","289","Jim Charlie Linge Wolf Pocket Pot Holder","","Jim Charlie Linge Wolf Pocket Pot Holder","0","27","11.5","0"
"A13056-POD2568","290","Card - Otherness","","Card - Otherness","11","6.35","2.75","0"
"SK52-52-605","291","Jim Charlie Wolf Dish Towel","","Jim Charlie Wolf Dish Towel","0","15","5.9","0"
"A13057-POD2567","294","Card - Origins","","Card - Origins","8","6.35","2.75","0"
"SKU: 51-51-805","296","Klatle-Bhi Killer Whale Apron","","Klatle-Bhi Killer Whale Apron","0","36.95","16","0"
"SKU: 51-51-811","298","Klatle-Bhi Killer Whale Mug","","Klatle-Bhi Killer Whale Mug","0","11","4.75","0"
"A16051-POD2566","299","Card - Northern Keepers","","Card - Northern Keepers","10","6.35","2.75","0"
"SKU: 51-51-801","300","Klatle-Bhi Killer Whale Pot Holder","","Klatle-Bhi Killer Whale Pot Holder","0","12.95","4.75","0"
"SKU: 51-51-718","302","Klatle-Bhi Moon Mask Dish Towel","","Klatle-Bhi Moon Mask Dish Towel","0","15","5.9","0"
"A16052-POD2586","304","Card - Zenith","","Card - Zenith","27","6.35","2.75","0"
"SKU: 51-51-710x2","306","Klatle-Bhi Moon Mask Trivet or Coasters","","Klatle-Bhi Moon Mask Trivet or Coasters","0","14.95","6.3","0"
"SKU: 51-51-702","308","Klatle-Bhi Moon Mask Oven Mitt","","Klatle-Bhi Moon Mask Oven Mitt","0","18.95","8","0"
"A16058-POD2574","309","Card - Silent Seekers","","Card - Silent Seekers","9","6.35","2.75","0"
"A16059-POD2582","313","Card - Wisdom Keepers","","Card - Wisdom Keepers","9","6.35","2.75","0"
"A95053-20081","315","Card - Messenger","","Card - Messenger","15","6.35","2.75","0"
"A14051-POD2554","318","Card - Gezaluwejit","","Card - Gezaluwejit","11","6.35","2.75","0"
"W13026-7","321","Card - In Her World","","Card - In Her World","9","5.5","2.5","0"
"W13047-POD2560","324","Card - Inner Memories","","Card - Inner Memories","11","6.35","2.75","0"
"SKU: 51-51-713","327","Klatle-Bhi Moon Mask Mug","","Klatle-Bhi Moon Mask Mug","0","11","4.75","0"
"SKU: 51-51-717","328","Klatle-Bhi Moon Mask Halo Mug","","Klatle-Bhi Moon Mask Halo Mug","0","11","4.75","0"
"SKU: 51-51-802","329","Klatle-Bhi Killer Whale Oven Mitt","","Klatle-Bhi Killer Whale Oven Mitt","0","17.25","6.95","0"
"SKU: 51-51-701","330","Klatle-Bhi Moon Mask Pot Holder","","Klatle-Bhi Moon Mask Pot Holder","0","14.95","6.5","0"
"A11052-7","331","Card - Curiously","","Card - Curiously","0","5.5","2.5","0"
"A12050-POD2559","332","Card - Ice Dream","","Card - Ice Dream","9","6.35","2.75","0"
"W13027-7","335","Card - Playing With Shadows","","Card - Playing With Shadows","2","5.5","2.5","0"
"W13053-20086","338","Card - Roots Of Another World","","Card - Roots Of Another World","9","6.35","2.75","0"
"A01038-7","341","Card - Harmony","","Card - Harmony","17","5.5","2.5","0"
"A01040-7","344","Card - Sharing","","Card - Sharing","42","5.5","2.5","0"
"A13042-POD2549","347","Card - Carried Away","","Card - Carried Away","7","6.35","2.75","0"
"W13023-POD2887","350","Card - Water and Spirit Buffalo","","Card - Water and Spirit Buffalo","11","6.35","2.75","0"
"SKU: 00-04-529","353","Corrine Hunt Sea to Sky Belt Buckle","","Corrine Hunt Sea to Sky Belt Buckle","0","34","14.5","0"
"SKU: 00-04-530","354","Corrine Hunt Sea to Sky Belt Buckle","","Corrine Hunt Sea to Sky Belt Buckle","0","34","14.5","0"
"SKU: 52-52-414","355","Connie Dickens Raven Bucket Tote Bag","","Connie Dickens Raven Bucket Tote Bag","0","56","24","0"
"SKU: 52-52-413","356","Connie Dickens Raven Zip Tote Bag","","Connie Dickens Raven Zip Tote Bag","0","52","22","0"
"SKU: 52-52-412","357","Connie Dickens Raven Town Bag","","Connie Dickens Raven Town Bag","2","56","24","0"
"SKU: 52-52-411","358","Connie Dickens Raven Passport Bag","","Connie Dickens Raven Passport Bag","3","40","16.75","0"
"SKU: 52-52-410","359","Connie Dickens Raven Zip Pouch","","Connie Dickens Raven Zip Pouch","2","20","8.25","0"
"SKU: 52-52-415","360","Connie Dickens Raven Coin Purse","","Connie Dickens Raven Coin Purse","0","15","6.5","0"
"SKU: 52-52-865","361","Kelly Robinson Eagle Bucket Tote Bag","","Kelly Robinson Eagle Bucket Tote Bag","0","56","24","0"
"SKU: 52-52-855","362","Kelly Robinson Eagle Bucket Tote Bag","","Kelly Robinson Eagle Bucket Tote Bag","0","56","24","0"
"SKU: 52-52-864","363","Kelly Robinson Eagle Zip Tote Bag","","Kelly Robinson Eagle Zip Tote Bag","0","52","22","0"
"SKU: 52-52-854","364","Kelly Robinson Eagle Zip Tote Bag","","Kelly Robinson Eagle Zip Tote Bag","0","52","22","0"
"SKU: 52-52-866","365","Kelly Robinson Eagle Coin Purse","","Kelly Robinson Eagle Coin Purse","0","15","6.5","0"
"SKU: 52-52-856","366","Kelly Robinson Eagle Coin Purse","","Kelly Robinson Eagle Coin Purse","1","15","6.5","0"
"SKU: 52-52-861","367","Kelly Robinson Eagle Passport Purse","","Kelly Robinson Eagle Passport Purse","1","40","16.75","0"
"SKU: 52-52-851","368","Kelly Robinson Eagle Passport Purse","","Kelly Robinson Eagle Passport Purse","2","40","16.75","0"
"SKU: 52-52-863","369","Kelly Robinson Eagle Town Bag","","Kelly Robinson Eagle Town Bag","2","56","24","0"
"SKU: 52-52-853","370","Kelly Robinson Eagle Town Bag","","Kelly Robinson Eagle Town Bag","3","56","21","0"
"SKU: 52-52-860","371","Kelly Robinson Eagle Zip Pouch","","Kelly Robinson Eagle Zip Pouch","2","20","8.25","0"
"SKU: 52-52-850","372","Kelly Robinson Eagle Zip Pouch","","Kelly Robinson Eagle Zip Pouch","1","20","8.25","0"
"SKU: 00-07-730x3","373","Corrine Hunt Silk Inspiration Bangle","1038","Size - S","0","54","23.5","0"
"SKU: 00-07-730x3","373","Corrine Hunt Silk Inspiration Bangle","1039","Size - M","1","54","23.5","0"
"SKU: 00-07-730x3","373","Corrine Hunt Silk Inspiration Bangle","1040","Size - L","0","54","23.5","0"
"SKU: 00-07-733x3","374","Corrine Hunt Silk Inspiration Bangle","1035","Size - S","0","54","23.5","0"
"SKU: 00-07-733x3","374","Corrine Hunt Silk Inspiration Bangle","1036","Size - M","1","54","23.5","0"
"SKU: 00-07-733x3","374","Corrine Hunt Silk Inspiration Bangle","1037","Size - L","1","54","23.5","0"
"SKU: 00-07-750x2","375","Corrine Hunt Silk Inspiration Cuff Bracelet","1033","Size - S","1","60","26","0"
"SKU: 00-07-750x2","375","Corrine Hunt Silk Inspiration Cuff Bracelet","1034","Size - M","1","60","26","0"
"SKU: 00-07-752x2","376","Corrine Hunt Silk Inspiration Cuff Bracelet","1031","Size - S","0","60","26","0"
"SKU: 00-07-752x2","376","Corrine Hunt Silk Inspiration Cuff Bracelet","1032","Size - M","0","60","26","0"
"SKU: 00-07-666","377","Corrine Hunt Silk Inspiration Drop Earrings","","Corrine Hunt Silk Inspiration Drop Earrings","1","50","21.5","0"
"SKU: 00-07-662","378","Corrine Hunt Silk Inspiration Drop Earrings","","Corrine Hunt Silk Inspiration Drop Earrings","2","50","21.5","0"
"SKU: 00-07-664","379","Corrine Hunt Silk Inspiration Oval Earrings","","Corrine Hunt Silk Inspiration Oval Earrings","2","50","21.5","0"
"SKU: 00-07-674","380","Corrine Hunt Silk Inspiration Drop Earrings","","Corrine Hunt Silk Inspiration Drop Earrings","3","50","21.5","0"
"SKU: 00-07-660","381","Corrine Hunt Silk Inspiration Oval Earrings","","Corrine Hunt Silk Inspiration Oval Earrings","1","50","21.5","0"
"SKU: 00-07-672","382","Corrine Hunt Silk Inspiration Oval Earrings","","Corrine Hunt Silk Inspiration Oval Earrings","1","50","21.5","0"
"SKU: 00-07-667","383","Corrine Hunt Silk Inspiration Trapezoid Earrings","","Corrine Hunt Silk Inspiration Trapezoid Earrings","2","50","21.5","0"
"SKU: 00-07-663","384","Corrine Hunt Silk Inspiration Trapezoid Earrings","","Corrine Hunt Silk Inspiration Trapezoid Earrings","2","50","21.5","0"
"SKU: 00-07-675","385","Corrine Hunt Silk Inspiration Trapezoid Earrings","","Corrine Hunt Silk Inspiration Trapezoid Earrings","1","50","21.5","0"
"SKU: 00-07-665","386","Corrine Hunt Silk Inspiration Triangle Earrings","","Corrine Hunt Silk Inspiration Triangle Earrings","1","50","21.5","0"
"SKU: 00-07-661","387","Corrine Hunt Silk Inspiration Triangle Earrings","","Corrine Hunt Silk Inspiration Triangle Earrings","1","50","21.5","0"
"SKU: 00-07-673","388","Corrine Hunt Silk Inspiration Triangle Earrings","","Corrine Hunt Silk Inspiration Triangle Earrings","2","50","21.5","0"
"SKU: 00-07-653","389","Corrine Hunt Silk Inspiration Oval Pendant","","Corrine Hunt Silk Inspiration Oval Pendant","0","46","20","0"
"SKU: 00-07-657","391","Corrine Hunt Silk Inspiration Oval Pendant","","Corrine Hunt Silk Inspiration Oval Pendant","2","46","20","0"
"SKU: 00-07-654","392","Corrine Hunt Silk Inspiration Round Pendant","","Corrine Hunt Silk Inspiration Round Pendant","1","46","20","0"
"SKU: 00-07-652","393","Corrine Hunt Silk Inspiration Round Pendant","","Corrine Hunt Silk Inspiration Round Pendant","1","46","20","0"
"SKU: 00-07-658","394","Corrine Hunt Silk Inspiration Round Pendant","","Corrine Hunt Silk Inspiration Round Pendant","1","46","20","0"
"SKU: 00-07-739x3","395","Kelly Robinson Silk Inspiration Bangle","1028","Size - S","2","54","23.5","0"
"SKU: 00-07-739x3","395","Kelly Robinson Silk Inspiration Bangle","1029","Size - M","0","54","23.5","0"
"SKU: 00-07-739x3","395","Kelly Robinson Silk Inspiration Bangle","1030","Size - L","2","54","23.5","0"
"SKU: 00-07-736x3","396","Kelly Robinson Silk Inspiration Bangle","1025","Size - S","0","54","23.5","0"
"SKU: 00-07-736x3","396","Kelly Robinson Silk Inspiration Bangle","1026","Size - M","0","54","23.5","0"
"SKU: 00-07-736x3","396","Kelly Robinson Silk Inspiration Bangle","1027","Size - L","0","54","23.5","0"
"SKU: 00-07-756x2","397","Kelly Robinson Silk Inspiration Cuff Bracelet","1023","Size - S","1","60","26","0"
"SKU: 00-07-756x2","397","Kelly Robinson Silk Inspiration Cuff Bracelet","1024","Size - M","1","60","26","0"
"SKU: 00-07-754x2","398","Kelly Robinson Silk Inspiration Cuff Bracelet","1021","Size - S","1","60","26","0"
"SKU: 00-07-754x2","398","Kelly Robinson Silk Inspiration Cuff Bracelet","1022","Size - M","1","60","26","0"
"SKU: 00-07-670","399","Kelly Robinson Silk Inspiration Drop Earrings","","Kelly Robinson Silk Inspiration Drop Earrings","2","50","21.5","0"
"SKU: 00-07-678","400","Kelly Robinson Silk Inspiration Drop Earrings","","Kelly Robinson Silk Inspiration Drop Earrings","1","50","21.5","0"
"SKU: 00-07-668","401","Kelly Robinson Silk Inspiration Oval Earrings","","Kelly Robinson Silk Inspiration Oval Earrings","2","50","21.5","0"
"SKU: 00-07-676","402","Kelly Robinson Silk Inspiration Oval Earrings","","Kelly Robinson Silk Inspiration Oval Earrings","0","50","21.5","0"
"SKU: 00-07-679","403","Kelly Robinson Silk Inspiration Trapezoid Earrings","","Kelly Robinson Silk Inspiration Trapezoid Earrings","0","50","21.5","0"
"SKU: 00-07-671","404","Kelly Robinson Silk Inspiration Trapezoid Earrings","","Kelly Robinson Silk Inspiration Trapezoid Earrings","2","50","21.5","0"
"SKU: 00-07-669","405","Kelly Robinson Silk Inspiration Triangle Earrings","","Kelly Robinson Silk Inspiration Triangle Earrings","2","50","21.5","0"
"SKU: 00-07-677","406","Kelly Robinson Silk Inspiration Triangle Earrings","","Kelly Robinson Silk Inspiration Triangle Earrings","1","50","21.5","0"
"SKU: 00-07-655","407","Kelly Robinson Silk Inspiration Oval Pendant","","Kelly Robinson Silk Inspiration Oval Pendant","2","46","20","0"
"SKU: 00-07-631","408","Kelly Robinson Silk Inspiration Oval Pendant","","Kelly Robinson Silk Inspiration Oval Pendant","1","46","20","0"
"SKU: 00-07-632","409","Kelly Robinson Silk Inspiration Round Pendant","","Kelly Robinson Silk Inspiration Round Pendant","2","46","20","0"
"SKU: 00-07-656","410","Kelly Robinson Silk Inspiration Round Pendant","","Kelly Robinson Silk Inspiration Round Pendant","2","46","16.5","0"
"SKU: 00-07-562x2","418","Andrew Williams Octopus Bracelet","7525","Size - 6.5""","0","110.95","45","0"
"SKU: 00-07-562x2","418","Andrew Williams Octopus Bracelet","7526","Size - 8""","2","110.95","45","0"
"SKU: 00-07-563x2","420","Andrew Williams Octopus Pendant","","Andrew Williams Octopus Pendant","1","90","39","0"
"SKU: 00-07-560x2","422","Andrew Williams Raven Pendant","","Andrew Williams Raven Pendant","1","90","39","0"
"00-07-581","423","Bill Helin Raven Bracelet","","Bill Helin Raven Bracelet","0","110.95","48","0"
"SKU: 00-07-528","424","Corrine Hunt Eagle Earrings","","Corrine Hunt Eagle Earrings","1","80","34.5","0"
"SKU: 00-07-503","425","Corrine Hunt Killer Whale Pendant","","Corrine Hunt Killer Whale Pendant","1","82","35.5","0"
"SKU: 00-07-520","426","Corrine Hunt Eagle Earrings","","Corrine Hunt Eagle Earrings","1","85","37","0"
"SKU: 00-07-530","427","Corrine Hunt Eagle Earrings","","Corrine Hunt Eagle Earrings","0","85","37","0"
"SKU: 00-07-504","428","Corrine Hunt Wolf Pendant","","Corrine Hunt Wolf Pendant","2","82","35.5","0"
"SKU: 00-07-529","429","Corrine Hunt Wolf Earrings","","Corrine Hunt Wolf Earrings","1","80","34.5","0"
"SKU: 00-07-521","430","Corrine Hunt Killer Whale Earrings","","Corrine Hunt Killer Whale Earrings","1","85","37","0"
"SKU: 00-07-508","431","Corrine Hunt Eagle Pendant","","Corrine Hunt Eagle Pendant","1","90","39","0"
"SKU: 00-07-523","434","Corrine Hunt Killer Whale Earrings","","Corrine Hunt Killer Whale Earrings","0","85","37","0"
"SKU: 00-07-501","435","Corrine Hunt Killer Whale Pendant","1015","Size - S","0","60","27","35.5"
"SKU: 00-07-501","435","Corrine Hunt Killer Whale Pendant","1016","Size - L","1","86","27","37.5"
"SKU: 00-07-500","436","Corrine Hunt Eagle Pendant","","Corrine Hunt Eagle Pendant","2","82","35.5","0"
"SKU: 00-07-524","437","Corrine Hunt Wolf Earrings","","Corrine Hunt Wolf Earrings","1","85","37","0"
"SKU: 00-07-509","439","Corrine Hunt Wolf Pendant","11700","Jewelry - Silver chain","1","90","39","39"
"SKU: 00-07-509","439","Corrine Hunt Wolf Pendant","11701","Jewelry - Black Satin Cord","0","74","39","32"
"SKU: 00-07-594","440","Corrine Hunt Eagle Pendant","","Corrine Hunt Eagle Pendant","0","82","28","0"
"SKU: 00-07-507","442","Corrine Hunt Eagle Pendant","6556","Jewelry - Silver chain","1","82","28","35.5"
"SKU: 00-07-507","442","Corrine Hunt Eagle Pendant","6557","Jewelry - Black Satin Cord","0","74","28","31.5"
"SKU: 00-07-505","443","Corrine Hunt Eagle Pendant","","Corrine Hunt Eagle Pendant","1","82","35.5","0"
"SKU: 00-07-595","444","Corrine Hunt Killer Whale Pendant","","Corrine Hunt Killer Whale Pendant","1","76","32","0"
"SKU: 00-07-506","445","Corrine Hunt Eagle Pendant","","Corrine Hunt Eagle Pendant","0","82","35.5","0"
"SKU: 00-07-570x2","447","Kelly Robinson Eagle Bracelet","7830","Size - 6.5""","0","110.95","48","0"
"SKU: 00-07-570x2","447","Kelly Robinson Eagle Bracelet","7831","Size - 8""","0","110.95","48","0"
"SKU: 00-07-571x2","448","Kelly Robinson Hummingbird Bracelet","7523","Size - 6.5""","0","110.95","0","48"
"SKU: 00-07-571x2","448","Kelly Robinson Hummingbird Bracelet","7524","Size - 8""","0","110.95","0","45"
"SKU: 00-04-703","449","Moon Mask Cribbage Board","","Moon Mask Cribbage Board","0","196","85","0"
"SKU: 00-04-702","451","Cribbage Board","","Cribbage Board","1","180","72","0"
"SKU: 00-04-495","452","Keith Tait Frog Box","","Keith Tait Frog Box","1","81","35","0"
"SKU: 90-90-252","454","John Robson CMH Clamshell Box Watch","11706","Size - M","0","345","450","150"
"SKU: 90-90-252","454","John Robson CMH Clamshell Box Watch","11707","Size - L","0","1050","450","450"
"SKU: 90-90-250","455","CMH Dogfish Box","","CMH Dogfish Box","0","62","27","0"
"SKU: 90-90-251","456","CMH Sea Monster Box","","CMH Sea Monster Box","0","76","33","0"
"SKU: 90-90-152","457","Haida Gwaii Beaver Bowl","","Haida Gwaii Beaver Bowl","1","230","92","0"
"SKU: 90-90-150","458","Haida Gwaii Frog Bowl","","Haida Gwaii Frog Bowl","1","65","28","0"
"SKU: 90-90-151","459","Haida Gwaii Frog Bowl","","Haida Gwaii Frog Bowl","0","80.95","35","0"
"SKU: 90-90-200","460","Haida Gwaii Halibut Plate","","Haida Gwaii Halibut Plate","0","152","66","0"
"SKU: 90-90-201","461","Haida Gwaii Killer Whale Plate","","Haida Gwaii Killer Whale Plate","1","182","72","0"
"SKU: 90-90-208","462","Haida Gwaii Octopus Platter","","Haida Gwaii Octopus Platter","1","355","154","0"
"SKU: 90-90-203","463","Haida Gwaii Sea Wolf Platter","","Haida Gwaii Sea Wolf Platter","1","448","180","0"
"SKU: 90-90-206","464","Haida Gwaii Dogfish Platter","","Haida Gwaii Dogfish Platter","0","230","97","0"
"SKU: 90-90-202","465","Haida Gwaii Thunderbird/Whale Platter","","Haida Gwaii Thunderbird/Whale Platter","0","254","110","0"
"SKU: 90-90-003","466","Haida Gwaii Bear/Dogfish Totem","","Haida Gwaii Bear/Dogfish Totem","0","50.95","22","0"
"SKU: 90-90-001","467","Haida Gwaii Bear/Halibut Totem","","Haida Gwaii Bear/Halibut Totem","0","38.5","16.75","0"
"SKU: 90-90-009","468","Haida Gwaii Bear Mother Totem","","Haida Gwaii Bear Mother Totem","0","230","100","0"
"SKU: 90-90-004","469","Haida Gwaii Bear/Raven Totem","","Haida Gwaii Bear/Raven Totem","0","76","33","0"
"SKU: 90-90-002","471","Haida Gwaii Bear/Salmon Totem","","Haida Gwaii Bear/Salmon Totem","0","50.95","22","0"
"SKU: 90-90-008","472","Haida Gwaii Beaver/Bear/Killer Whale Totem","","Haida Gwaii Beaver/Bear/Killer Whale Totem","0","104","45","0"
"SKU: 90-90-010","473","Haida Gwaii Eagle Totem","","Haida Gwaii Eagle Totem","0","299","130","0"
"SKU: 90-90-006","474","Haida Gwaii Raven Totem","","Haida Gwaii Raven Totem","0","82.95","36","0"
"SKU: 90-90-005","475","Haida Gwaii Raven/Beaver Totem","","Haida Gwaii Raven/Beaver Totem","0","76","33","0"
"SKU: 90-90-007","476","Haida Gwaii Shaman/Raven/Beaver Totem","","Haida Gwaii Shaman/Raven/Beaver Totem","0","104","45","0"
"SKU: 00-02-826","477","Potlatch Bear Dish","","Potlatch Bear Dish","2","116","50.5","0"
"SKU: 00-02-816","478","Potlatch Bear Bowl","","Potlatch Bear Bowl","0","299","130","0"
"SKU: 00-02-815","479","Potlatch Dogfish Bowl","","Potlatch Dogfish Bowl","0","222","96","0"
"SKU: 00-02-822","480","Potlatch Frog Bowl","","Potlatch Frog Bowl","3","116","50.5","0"
"SKU: 00-02-823","481","Potlatch Loon Bowl","","Potlatch Loon Bowl","0","116","50.5","0"
"SKU: 00-02-824","482","Potlatch Raven Bowl","","Potlatch Raven Bowl","1","116","50.5","0"
"SKU: 00-02-814","483","Potlatch Raven Bowl","","Potlatch Raven Bowl","1","184","96","0"
"SKU: 54-54-116","485","Moccasins Bear Box","1087","Shoe Size - 18 months","0","92","40","0"
"SKU: 54-54-116","485","Moccasins Bear Box","1088","Shoe Size - 24 months","0","92","40","0"
"SKU: 54-54-116","485","Moccasins Bear Box","1089","Shoe Size - 36 months","4","92","40","0"
"SKU-54-54-380","489","City Bag, Bear Box","4027","Colors - Black","0","110","48","0"
"SKU-54-54-380","489","City Bag, Bear Box","4029","Colors - Turquoise","0","110","48","0"
"SKU-54-54-380","489","City Bag, Bear Box","4030","Colors - Walnut","1","110","48","0"
"SKU: 54-54-206x12","501","Bear Box Coin Purse","106","Colors - Black","0","34.5","15","0"
"SKU: 54-54-206x12","501","Bear Box Coin Purse","107","Colors - Red","0","34.5","15","0"
"SKU: 54-54-206x12","501","Bear Box Coin Purse","110","Colors - Turquoise","0","34.5","15","0"
"SKU: 54-54-206x12","501","Bear Box Coin Purse","112","Colors - Black Deer","0","34.5","15","0"
"SKU: 54-54-206x12","501","Bear Box Coin Purse","113","Colors - Red Deer","0","34.5","15","0"
"SKU: 54-54-206x12","501","Bear Box Coin Purse","114","Colors - Light Brown Deer","0","34.5","15","0"
"SKU: 54-54-206x12","501","Bear Box Coin Purse","115","Colors - Turquoise Deer","0","34.5","15","0"
"SKU: 54-54-206x12","501","Bear Box Coin Purse","9223","Colors - Beige","1","34.5","15","0"
"SKU: 54-54-395","502","Mini Coin Purse Bear Box","102","Colors - Black","0","32.95","14.5","0"
"SKU: 54-54-395","502","Mini Coin Purse Bear Box","103","Colors - Red","4","32.95","14.5","0"
"SKU: 54-54-395","502","Mini Coin Purse Bear Box","104","Colors - Turquoise","4","32.95","14.5","0"
"SKU: 54-54-395","502","Mini Coin Purse Bear Box","105","Colors - Light Brown","3","32.95","14.5","0"
"SKU: 54-54-395","502","Mini Coin Purse Bear Box","2069","Colors - Walnut","0","32.95","14.5","0"
"SKU: 54-54-395","502","Mini Coin Purse Bear Box","3952","Colors - Yellow","3","32.95","14.5","0"
"SKU: 54-54-208","509","Passport Pouch Bear Box","4097","Colors - Black","0","72","31","0"
"SKU: 54-54-208","509","Passport Pouch Bear Box","4098","Colors - Red","0","72","31","0"
"SKU: 54-54-208","509","Passport Pouch Bear Box","4099","Colors - Walnut","0","72","31","0"
"SKU: 54-54-208","509","Passport Pouch Bear Box","4100","Colors - Turquoise","1","72","31","0"
"SKU: 54-54-208","509","Passport Pouch Bear Box","4102","Colors - Teal ","1","72","31","0"
"SKU: 54-54-208","509","Passport Pouch Bear Box","4121","Colors - Bronze","0","72","31","0"
"SKU: 54-54-208","509","Passport Pouch Bear Box","7834","Colors - Cream","0","72","31","0"
"SKU: 54-54-208","509","Passport Pouch Bear Box","9129","Colors - Yellow","0","72","31","0"
"SKU: 54-54-203","518","Embossed Solo Bag Bear Box","8523","Colors - Black","0","120","52","0"
"SKU: 54-54-203","518","Embossed Solo Bag Bear Box","8524","Colors - Red","0","120","52","0"
"SKU: 54-54-203","518","Embossed Solo Bag Bear Box","8525","Colors - Saddle","0","120","52","0"
"SKU: 54-54-203","518","Embossed Solo Bag Bear Box","8526","Colors - Turquoise","0","120","52","0"
"SKU: 54-54-203","518","Embossed Solo Bag Bear Box","8527","Colors - Black Deer","0","120","52","0"
"SKU: 54-54-203","518","Embossed Solo Bag Bear Box","8528","Colors - Red Deer","0","120","52","0"
"SKU: 54-54-203","518","Embossed Solo Bag Bear Box","8529","Colors - Beige Deer","0","120","52","0"
"SKU: 54-54-203","518","Embossed Solo Bag Bear Box","8530","Colors - Tan Deer","0","120","52","0"
"SKU: 54-54-203","518","Embossed Solo Bag Bear Box","8531","Colors - Turquoise Deer","1","120","52","0"
"SKU: 54-54-232","525","Wristlet Bear Box","4078","Colors - Black","0","56","24","0"
"SKU: 54-54-232","525","Wristlet Bear Box","4079","Colors - Red","0","56","24","0"
"SKU: 54-54-232","525","Wristlet Bear Box","4081","Colors - Turquoise","0","56","24","0"
"SKU: 54-54-232","525","Wristlet Bear Box","4082","Colors - Tan","0","56","24","0"
"SKU: 54-54-232","525","Wristlet Bear Box","4090","Colors - Cherry","0","56","24","0"
"SKU: 54-54-232","525","Wristlet Bear Box","8532","Colors - Saddle","0","56","24","0"
"SKU: 54-54-134x7","531","Bill Helin Eagle Coin Purse","62","Colors - Black","0","34","14.5","0"
"SKU: 54-54-134x7","531","Bill Helin Eagle Coin Purse","63","Colors - Red","0","34","14.5","0"
"SKU: 54-54-134x7","531","Bill Helin Eagle Coin Purse","64","Colors - Turquoise","0","34","14.5","0"
"SKU: 54-54-134x7","531","Bill Helin Eagle Coin Purse","65","Colors - Light Brown","0","34","14.5","0"
"SKU: 54-54-134x7","531","Bill Helin Eagle Coin Purse","67","Colors - Light Brown Deer","0","28","14.5","28"
"SKU: 54-54-134x7","531","Bill Helin Eagle Coin Purse","68","Colors - Red Deer","0","28","14.5","0"
"6017-0408-00VI-600VI","534","Ladies Suede Slippers","507","Shoe Size - 4","0","108","46.9","0"
"6017-0408-00VI-600VI","534","Ladies Suede Slippers","508","Shoe Size - 5","0","108","46.9","0"
"6017-0408-00VI-600VI","534","Ladies Suede Slippers","509","Shoe Size - 6","0","108","46.9","0"
"6017-0408-00VI-600VI","534","Ladies Suede Slippers","510","Shoe Size - 7","0","108","46.9","0"
"6017-0408-00VI-600VI","534","Ladies Suede Slippers","511","Shoe Size - 8","0","108","46.9","0"
"6017-0408-00VI-600VI","534","Ladies Suede Slippers","512","Shoe Size - 9","0","108","46.9","0"
"6017-0408-00VI-600VI","534","Ladies Suede Slippers","513","Shoe Size - 10","0","108","46.9","0"
"6017-0408-00VI-600VI","534","Ladies Suede Slippers","514","Shoe Size - 11","0","108","46.9","0"
"6017-0408-00VI-600VI","534","Ladies Suede Slippers","515","Shoe Size - 12","0","108","46.9","0"
"6080-0408-41AQ-600AQ","535","Ladies Suede Slippers","522","Shoe Size - 11","0","108","46.9","0"
"6080-0408-41AQ-600AQ","535","Ladies Suede Slippers","7058","Shoe Size - 4","0","108","46.9","0"
"6080-0408-41AQ-600AQ","535","Ladies Suede Slippers","7059","Shoe Size - 5","0","108","46.9","0"
"6080-0408-41AQ-600AQ","535","Ladies Suede Slippers","7060","Shoe Size - 6","0","108","46.9","0"
"6080-0408-41AQ-600AQ","535","Ladies Suede Slippers","7061","Shoe Size - 7","0","108","46.9","0"
"6080-0408-41AQ-600AQ","535","Ladies Suede Slippers","7062","Shoe Size - 8","0","108","46.9","0"
"6080-0408-41AQ-600AQ","535","Ladies Suede Slippers","7063","Shoe Size - 9","0","108","46.9","0"
"6080-0408-41AQ-600AQ","535","Ladies Suede Slippers","7064","Shoe Size - 10","0","108","46.9","0"
"6080-0408-41AQ-600AQ","535","Ladies Suede Slippers","7065","Shoe Size - 12","0","108","46.9","0"
"6080-0408-41BU-600BU","537","Ladies Suede Slippers","534","Shoe Size - 5","1","108","46.9","0"
"6080-0408-41BU-600BU","537","Ladies Suede Slippers","535","Shoe Size - 6","1","108","46.9","0"
"6080-0408-41BU-600BU","537","Ladies Suede Slippers","536","Shoe Size - 7","0","108","46.9","0"
"6080-0408-41BU-600BU","537","Ladies Suede Slippers","537","Shoe Size - 8","0","108","46.9","0"
"6080-0408-41BU-600BU","537","Ladies Suede Slippers","538","Shoe Size - 9","1","108","46.9","0"
"6080-0408-41BU-600BU","537","Ladies Suede Slippers","539","Shoe Size - 10","0","108","46.9","0"
"6080-0408-41BU-600BU","537","Ladies Suede Slippers","540","Shoe Size - 11","0","108","46.9","0"
"6080-0408-41BU-600BU","537","Ladies Suede Slippers","541","Shoe Size - 12","0","108","46.9","0"
"6080-0408-41BU-600BU","537","Ladies Suede Slippers","542","Shoe Size - 4","0","108","46.9","0"
"6080-0408-41CO-600CO","538","Ladies Suede Slippers","543","Shoe Size - 5","0","108","46.9","0"
"6080-0408-41CO-600CO","538","Ladies Suede Slippers","544","Shoe Size - 6","0","108","46.9","0"
"6080-0408-41CO-600CO","538","Ladies Suede Slippers","545","Shoe Size - 7","0","108","46.9","0"
"6080-0408-41CO-600CO","538","Ladies Suede Slippers","546","Shoe Size - 8","0","108","46.9","0"
"6080-0408-41CO-600CO","538","Ladies Suede Slippers","547","Shoe Size - 9","0","108","46.9","0"
"6080-0408-41CO-600CO","538","Ladies Suede Slippers","548","Shoe Size - 10","0","108","46.9","0"
"6080-0408-41CO-600CO","538","Ladies Suede Slippers","549","Shoe Size - 11","0","108","46.9","0"
"6080-0408-41CO-600CO","538","Ladies Suede Slippers","550","Shoe Size - 12","0","108","46.9","0"
"6080-0408-41CO-600CO","538","Ladies Suede Slippers","551","Shoe Size - 4","0","108","46.9","0"
"6080-0408-41COTO-600COTO","539","Ladies Suede Slippers","558","Shoe Size - 11","0","108","46.9","0"
"6080-0408-41COTO-600COTO","539","Ladies Suede Slippers","7066","Shoe Size - 4","0","108","46.9","0"
"6080-0408-41COTO-600COTO","539","Ladies Suede Slippers","7067","Shoe Size - 5","0","108","46.9","0"
"6080-0408-41COTO-600COTO","539","Ladies Suede Slippers","7068","Shoe Size - 6","0","108","46.9","0"
"6080-0408-41COTO-600COTO","539","Ladies Suede Slippers","7069","Shoe Size - 7","0","108","46.9","0"
"6080-0408-41COTO-600COTO","539","Ladies Suede Slippers","7070","Shoe Size - 8","0","108","46.9","0"
"6080-0408-41COTO-600COTO","539","Ladies Suede Slippers","7071","Shoe Size - 9","0","108","46.9","0"
"6080-0408-41COTO-600COTO","539","Ladies Suede Slippers","7072","Shoe Size - 10","0","108","46.9","0"
"6080-0408-41COTO-600COTO","539","Ladies Suede Slippers","7073","Shoe Size - 12","0","108","46.9","0"
"6080-0408-41DKTCK-600DKTCK","540","Ladies Suede/Leather Slippers","561","Shoe Size - 5","0","115","49.7","0"
"6080-0408-41DKTCK-600DKTCK","540","Ladies Suede/Leather Slippers","562","Shoe Size - 6","0","115","49.7","0"
"6080-0408-41DKTCK-600DKTCK","540","Ladies Suede/Leather Slippers","563","Shoe Size - 7","0","115","49.7","0"
"6080-0408-41DKTCK-600DKTCK","540","Ladies Suede/Leather Slippers","564","Shoe Size - 8","0","115","49.7","0"
"6080-0408-41DKTCK-600DKTCK","540","Ladies Suede/Leather Slippers","565","Shoe Size - 9","0","115","49.7","0"
"6080-0408-41DKTCK-600DKTCK","540","Ladies Suede/Leather Slippers","566","Shoe Size - 10","0","115","49.7","0"
"6080-0408-41DKTCK-600DKTCK","540","Ladies Suede/Leather Slippers","567","Shoe Size - 11","0","115","49.7","0"
"6080-0408-41DKTCK-600DKTCK","540","Ladies Suede/Leather Slippers","568","Shoe Size - 12","0","115","49.7","0"
"6080-0408-41DKTCK-600DKTCK","540","Ladies Suede/Leather Slippers","569","Shoe Size - 4","0","115","49.7","0"
"6080-0408-41NBCK-600NBCK","541","Ladies Suede/Leather Slippers","574","Shoe Size - 9","0","115","49.7","0"
"6080-0408-41NBCK-600NBCK","541","Ladies Suede/Leather Slippers","7074","Shoe Size - 4","0","115","49.7","0"
"6080-0408-41NBCK-600NBCK","541","Ladies Suede/Leather Slippers","7075","Shoe Size - 5","0","115","49.7","0"
"6080-0408-41NBCK-600NBCK","541","Ladies Suede/Leather Slippers","7076","Shoe Size - 6","0","115","49.7","0"
"6080-0408-41NBCK-600NBCK","541","Ladies Suede/Leather Slippers","7077","Shoe Size - 7","0","115","49.7","0"
"6080-0408-41NBCK-600NBCK","541","Ladies Suede/Leather Slippers","7078","Shoe Size - 8","0","115","49.7","0"
"6080-0408-41NBCK-600NBCK","541","Ladies Suede/Leather Slippers","7079","Shoe Size - 10","0","115","49.7","0"
"6080-0408-41NBCK-600NBCK","541","Ladies Suede/Leather Slippers","7080","Shoe Size - 11","0","115","49.7","0"
"6080-0408-41NBCK-600NBCK","541","Ladies Suede/Leather Slippers","7081","Shoe Size - 12","0","115","49.7","0"
"6080-0408-41PU-600PU","542","Ladies Suede Slippers","584","Shoe Size - 10","0","108","46.9","0"
"6080-0408-41PU-600PU","542","Ladies Suede Slippers","7082","Shoe Size - 4","0","108","46.9","0"
"6080-0408-41PU-600PU","542","Ladies Suede Slippers","7083","Shoe Size - 5","1","108","46.9","0"
"6080-0408-41PU-600PU","542","Ladies Suede Slippers","7084","Shoe Size - 6","0","108","46.9","0"
"6080-0408-41PU-600PU","542","Ladies Suede Slippers","7085","Shoe Size - 7","1","108","46.9","0"
"6080-0408-41PU-600PU","542","Ladies Suede Slippers","7086","Shoe Size - 8","1","108","46.9","0"
"6080-0408-41PU-600PU","542","Ladies Suede Slippers","7087","Shoe Size - 9","1","108","46.9","0"
"6080-0408-41PU-600PU","542","Ladies Suede Slippers","7088","Shoe Size - 11","1","108","46.9","0"
"6080-0408-41PU-600PU","542","Ladies Suede Slippers","7089","Shoe Size - 12","0","108","46.9","0"
"6080-0408-41RBBL-600RBBL","543","Ladies Suede Slippers","588","Shoe Size - 5","0","108","46.9","0"
"6080-0408-41RBBL-600RBBL","543","Ladies Suede Slippers","589","Shoe Size - 6","0","108","46.9","0"
"6080-0408-41RBBL-600RBBL","543","Ladies Suede Slippers","590","Shoe Size - 7","0","108","46.9","0"
"6080-0408-41RBBL-600RBBL","543","Ladies Suede Slippers","591","Shoe Size - 8","0","108","46.9","0"
"6080-0408-41RBBL-600RBBL","543","Ladies Suede Slippers","592","Shoe Size - 9","0","108","46.9","0"
"6080-0408-41RBBL-600RBBL","543","Ladies Suede Slippers","593","Shoe Size - 10","0","108","46.9","0"
"6080-0408-41RBBL-600RBBL","543","Ladies Suede Slippers","594","Shoe Size - 11","0","108","46.9","0"
"6080-0408-41RBBL-600RBBL","543","Ladies Suede Slippers","595","Shoe Size - 12","0","108","46.9","0"
"6080-0408-41RBBL-600RBBL","543","Ladies Suede Slippers","596","Shoe Size - 4","0","108","46.9","0"
"6080-0408-41RB-600RB","544","Ladies Suede Slippers","597","Shoe Size - 5","0","108","46.9","0"
"6080-0408-41RB-600RB","544","Ladies Suede Slippers","598","Shoe Size - 6","0","108","46.9","0"
"6080-0408-41RB-600RB","544","Ladies Suede Slippers","599","Shoe Size - 7","0","108","46.9","0"
"6080-0408-41RB-600RB","544","Ladies Suede Slippers","600","Shoe Size - 8","0","108","46.9","0"
"6080-0408-41RB-600RB","544","Ladies Suede Slippers","601","Shoe Size - 9","0","108","46.9","0"
"6080-0408-41RB-600RB","544","Ladies Suede Slippers","602","Shoe Size - 10","0","108","46.9","0"
"6080-0408-41RB-600RB","544","Ladies Suede Slippers","603","Shoe Size - 11","0","108","46.9","0"
"6080-0408-41RB-600RB","544","Ladies Suede Slippers","604","Shoe Size - 12","0","108","46.9","0"
"6080-0408-41RB-600RB","544","Ladies Suede Slippers","605","Shoe Size - 4","0","108","46.9","0"
"6080-0408-41SMFD-600SMFD","545","Ladies Suede/Leather Slippers","606","Shoe Size - 5","0","115","49.7","0"
"6080-0408-41SMFD-600SMFD","545","Ladies Suede/Leather Slippers","607","Shoe Size - 6","0","115","49.7","0"
"6080-0408-41SMFD-600SMFD","545","Ladies Suede/Leather Slippers","608","Shoe Size - 7","0","115","49.7","0"
"6080-0408-41SMFD-600SMFD","545","Ladies Suede/Leather Slippers","609","Shoe Size - 8","0","115","49.7","0"
"6080-0408-41SMFD-600SMFD","545","Ladies Suede/Leather Slippers","610","Shoe Size - 9","0","115","49.7","0"
"6080-0408-41SMFD-600SMFD","545","Ladies Suede/Leather Slippers","611","Shoe Size - 10","0","115","49.7","0"
"6080-0408-41SMFD-600SMFD","545","Ladies Suede/Leather Slippers","612","Shoe Size - 11","0","115","49.7","0"
"6080-0408-41SMFD-600SMFD","545","Ladies Suede/Leather Slippers","613","Shoe Size - 12","0","115","49.7","0"
"6080-0408-41SMFD-600SMFD","545","Ladies Suede/Leather Slippers","614","Shoe Size - 4","0","115","49.7","0"
"6080-0408-41STO-600STO","546","Ladies Suede Slippers","615","Shoe Size - 5","0","108","46.9","0"
"6080-0408-41STO-600STO","546","Ladies Suede Slippers","616","Shoe Size - 6","0","108","46.9","0"
"6080-0408-41STO-600STO","546","Ladies Suede Slippers","617","Shoe Size - 7","0","108","46.9","0"
"6080-0408-41STO-600STO","546","Ladies Suede Slippers","618","Shoe Size - 8","0","108","46.9","0"
"6080-0408-41STO-600STO","546","Ladies Suede Slippers","619","Shoe Size - 9","0","108","46.9","0"
"6080-0408-41STO-600STO","546","Ladies Suede Slippers","620","Shoe Size - 10","0","108","46.9","0"
"6080-0408-41STO-600STO","546","Ladies Suede Slippers","621","Shoe Size - 11","0","108","46.9","0"
"6080-0408-41STO-600STO","546","Ladies Suede Slippers","622","Shoe Size - 12","0","108","46.9","0"
"6080-0408-41STO-600STO","546","Ladies Suede Slippers","623","Shoe Size - 4","0","108","46.9","0"
"6080-0408-41VIGR-600VIGR","547","Ladies Suede Slippers","624","Shoe Size - 5","0","108","46.9","0"
"6080-0408-41VIGR-600VIGR","547","Ladies Suede Slippers","625","Shoe Size - 6","0","108","46.9","0"
"6080-0408-41VIGR-600VIGR","547","Ladies Suede Slippers","626","Shoe Size - 7","0","108","46.9","0"
"6080-0408-41VIGR-600VIGR","547","Ladies Suede Slippers","627","Shoe Size - 8","0","108","46.9","0"
"6080-0408-41VIGR-600VIGR","547","Ladies Suede Slippers","628","Shoe Size - 9","0","108","46.9","0"
"6080-0408-41VIGR-600VIGR","547","Ladies Suede Slippers","629","Shoe Size - 10","0","108","46.9","0"
"6080-0408-41VIGR-600VIGR","547","Ladies Suede Slippers","630","Shoe Size - 11","0","108","46.9","0"
"6080-0408-41VIGR-600VIGR","547","Ladies Suede Slippers","631","Shoe Size - 12","0","108","46.9","0"
"6080-0408-41VIGR-600VIGR","547","Ladies Suede Slippers","632","Shoe Size - 4","0","108","46.9","0"
"6080-0208-41BL-613BL","550","Ladies Suede Slippers","656","Shoe Size - 10","0","108","46.9","0"
"6080-0208-41BL-613BL","550","Ladies Suede Slippers","658","Shoe Size - 12","0","108","46.9","0"
"6080-0208-41BL-613BL","550","Ladies Suede Slippers","7053","Shoe Size - 9","0","108","46.9","0"
"6080-0208-41BL-613BL","550","Ladies Suede Slippers","7054","Shoe Size - 7","0","108","46.9","0"
"6080-0208-41BL-613BL","550","Ladies Suede Slippers","7055","Shoe Size - 8","0","108","46.9","0"
"6080-0208-41BL-613BL","550","Ladies Suede Slippers","7056","Shoe Size - 11","0","108","46.9","0"
"6080-0208-41BL-613BL","550","Ladies Suede Slippers","7057","Shoe Size - 6","0","108","46.9","0"
"6080-0426-41DKDKP-626DKDKP","551","Ladies Suede Slippers","660","Shoe Size - 5","0","108","46.9","0"
"6080-0426-41DKDKP-626DKDKP","551","Ladies Suede Slippers","661","Shoe Size - 6","0","108","46.9","0"
"6080-0426-41DKDKP-626DKDKP","551","Ladies Suede Slippers","662","Shoe Size - 7","0","108","46.9","0"
"6080-0426-41DKDKP-626DKDKP","551","Ladies Suede Slippers","663","Shoe Size - 8","0","108","46.9","0"
"6080-0426-41DKDKP-626DKDKP","551","Ladies Suede Slippers","664","Shoe Size - 9","0","108","46.9","0"
"6080-0426-41DKDKP-626DKDKP","551","Ladies Suede Slippers","665","Shoe Size - 10","0","108","46.9","0"
"6080-0426-41DKDKP-626DKDKP","551","Ladies Suede Slippers","666","Shoe Size - 11","0","108","46.9","0"
"6080-0426-41DKDKP-626DKDKP","551","Ladies Suede Slippers","667","Shoe Size - 12","0","108","46.9","0"
"6080-0426-41DKDKP-626DKDKP","551","Ladies Suede Slippers","668","Shoe Size - 4","0","108","46.9","0"
"6080-0408-41IND-648","552","Ladies Suede Slippers","669","Shoe Size - 5","0","108","46.9","0"
"6080-0408-41IND-648","552","Ladies Suede Slippers","670","Shoe Size - 6","0","108","46.9","0"
"6080-0408-41IND-648","552","Ladies Suede Slippers","671","Shoe Size - 7","0","108","46.9","0"
"6080-0408-41IND-648","552","Ladies Suede Slippers","672","Shoe Size - 8","0","108","46.9","0"
"6080-0408-41IND-648","552","Ladies Suede Slippers","673","Shoe Size - 9","0","108","46.9","0"
"6080-0408-41IND-648","552","Ladies Suede Slippers","674","Shoe Size - 10","0","108","46.9","0"
"6080-0408-41IND-648","552","Ladies Suede Slippers","675","Shoe Size - 11","0","108","46.9","0"
"6080-0408-41IND-648","552","Ladies Suede Slippers","676","Shoe Size - 12","0","108","46.9","0"
"6080-0408-41IND-648","552","Ladies Suede Slippers","677","Shoe Size - 4","0","108","46.9","0"
"6080-0408-41IC-652","553","Ladies Suede Slippers","682","Shoe Size - 9","1","108","46.9","0"
"6080-0408-41IC-652","553","Ladies Suede Slippers","7090","Shoe Size - 4","0","108","46.9","0"
"6080-0408-41IC-652","553","Ladies Suede Slippers","7091","Shoe Size - 5","0","108","46.9","0"
"6080-0408-41IC-652","553","Ladies Suede Slippers","7092","Shoe Size - 6","0","108","46.9","0"
"6080-0408-41IC-652","553","Ladies Suede Slippers","7093","Shoe Size - 7","0","108","46.9","0"
"6080-0408-41IC-652","553","Ladies Suede Slippers","7094","Shoe Size - 8","0","108","46.9","0"
"6080-0408-41IC-652","553","Ladies Suede Slippers","7095","Shoe Size - 10","0","108","46.9","0"
"6080-0408-41IC-652","553","Ladies Suede Slippers","7096","Shoe Size - 11","0","108","46.9","0"
"6080-0408-41IC-652","553","Ladies Suede Slippers","7097","Shoe Size - 12","0","108","46.9","0"
"6080-0408-41BL-653","554","Ladies Suede Slippers","692","Shoe Size - 10","1","108","46.9","0"
"6080-0408-41BL-653","554","Ladies Suede Slippers","7098","Shoe Size - 4","1","108","46.9","0"
"6080-0408-41BL-653","554","Ladies Suede Slippers","7099","Shoe Size - 5","0","108","46.9","0"
"6080-0408-41BL-653","554","Ladies Suede Slippers","7100","Shoe Size - 6","0","108","46.9","0"
"6080-0408-41BL-653","554","Ladies Suede Slippers","7101","Shoe Size - 7","0","108","46.9","0"
"6080-0408-41BL-653","554","Ladies Suede Slippers","7102","Shoe Size - 8","0","108","46.9","0"
"6080-0408-41BL-653","554","Ladies Suede Slippers","7103","Shoe Size - 9","0","108","46.9","0"
"6080-0408-41BL-653","554","Ladies Suede Slippers","7104","Shoe Size - 11","1","108","46.9","0"
"6080-0408-41BL-653","554","Ladies Suede Slippers","7105","Shoe Size - 12","1","108","46.9","0"
"6080-0408-41NB-658","555","Ladies Suede Slippers","696","Shoe Size - 5","0","108","46.9","0"
"6080-0408-41NB-658","555","Ladies Suede Slippers","697","Shoe Size - 6","0","108","46.9","0"
"6080-0408-41NB-658","555","Ladies Suede Slippers","698","Shoe Size - 7","0","108","46.9","0"
"6080-0408-41NB-658","555","Ladies Suede Slippers","699","Shoe Size - 8","0","108","46.9","0"
"6080-0408-41NB-658","555","Ladies Suede Slippers","700","Shoe Size - 9","0","108","46.9","0"
"6080-0408-41NB-658","555","Ladies Suede Slippers","701","Shoe Size - 10","0","108","46.9","0"
"6080-0408-41NB-658","555","Ladies Suede Slippers","702","Shoe Size - 11","0","108","46.9","0"
"6080-0408-41NB-658","555","Ladies Suede Slippers","703","Shoe Size - 12","1","108","46.9","0"
"6080-0408-41NB-658","555","Ladies Suede Slippers","704","Shoe Size - 4","0","108","46.9","0"
"6080-0408-41PL-659","556","Ladies Suede Slippers","711","Shoe Size - 11","0","108","46.9","0"
"6080-0408-41PL-659","556","Ladies Suede Slippers","7106","Shoe Size - 12","0","108","46.9","0"
"6080-0408-41PL-659","556","Ladies Suede Slippers","7107","Shoe Size - 4","0","108","46.9","0"
"6080-0408-41PL-659","556","Ladies Suede Slippers","7108","Shoe Size - 5","0","108","46.9","0"
"6080-0408-41PL-659","556","Ladies Suede Slippers","7109","Shoe Size - 6","0","108","46.9","0"
"6080-0408-41PL-659","556","Ladies Suede Slippers","7110","Shoe Size - 7","0","108","46.9","0"
"6080-0408-41PL-659","556","Ladies Suede Slippers","7111","Shoe Size - 8","0","108","46.9","0"
"6080-0408-41PL-659","556","Ladies Suede Slippers","7112","Shoe Size - 9","0","108","46.9","0"
"6080-0408-41PL-659","556","Ladies Suede Slippers","7113","Shoe Size - 10","0","108","46.9","0"
"6080-0408-41GR-660","557","Ladies Suede Slippers","714","Shoe Size - 5","0","108","46.9","0"
"6080-0408-41GR-660","557","Ladies Suede Slippers","715","Shoe Size - 6","0","108","46.9","0"
"6080-0408-41GR-660","557","Ladies Suede Slippers","716","Shoe Size - 7","0","108","46.9","0"
"6080-0408-41GR-660","557","Ladies Suede Slippers","717","Shoe Size - 8","0","108","46.9","0"
"6080-0408-41GR-660","557","Ladies Suede Slippers","718","Shoe Size - 9","0","108","46.9","0"
"6080-0408-41GR-660","557","Ladies Suede Slippers","719","Shoe Size - 10","0","108","46.9","0"
"6080-0408-41GR-660","557","Ladies Suede Slippers","720","Shoe Size - 11","0","108","46.9","0"
"6080-0408-41GR-660","557","Ladies Suede Slippers","721","Shoe Size - 12","0","108","46.9","0"
"6080-0408-41GR-660","557","Ladies Suede Slippers","722","Shoe Size - 4","0","108","46.9","0"
"6080-0408-41SBL-661","558","Ladies Suede Slippers","723","Shoe Size - 5","0","108","46.9","0"
"6080-0408-41SBL-661","558","Ladies Suede Slippers","724","Shoe Size - 6","0","108","46.9","0"
"6080-0408-41SBL-661","558","Ladies Suede Slippers","725","Shoe Size - 7","0","108","46.9","0"
"6080-0408-41SBL-661","558","Ladies Suede Slippers","726","Shoe Size - 8","1","108","46.9","0"
"6080-0408-41SBL-661","558","Ladies Suede Slippers","727","Shoe Size - 9","1","108","46.9","0"
"6080-0408-41SBL-661","558","Ladies Suede Slippers","728","Shoe Size - 10","0","108","46.9","0"
"6080-0408-41SBL-661","558","Ladies Suede Slippers","729","Shoe Size - 11","0","108","46.9","0"
"6080-0408-41SBL-661","558","Ladies Suede Slippers","730","Shoe Size - 12","1","108","46.9","0"
"6080-0408-41SBL-661","558","Ladies Suede Slippers","731","Shoe Size - 4","0","108","46.9","0"
"6080-0408-41FG-669","561","Ladies Suede Slippers","751","Shoe Size - 6","0","108","46.9","0"
"6080-0408-41FG-669","561","Ladies Suede Slippers","756","Shoe Size - 11","0","108","46.9","0"
"6080-0408-41FG-669","561","Ladies Suede Slippers","7114","Shoe Size - 4","0","108","46.9","0"
"6080-0408-41FG-669","561","Ladies Suede Slippers","7115","Shoe Size - 5","1","108","46.9","0"
"6080-0408-41FG-669","561","Ladies Suede Slippers","7116","Shoe Size - 7","1","108","46.9","0"
"6080-0408-41FG-669","561","Ladies Suede Slippers","7117","Shoe Size - 12","0","108","46.9","0"
"6080-0408-41FG-669","561","Ladies Suede Slippers","7118","Shoe Size - 8","0","108","46.9","0"
"6080-0408-41FG-669","561","Ladies Suede Slippers","7119","Shoe Size - 9","1","108","46.9","0"
"6080-0408-41FG-669","561","Ladies Suede Slippers","7120","Shoe Size - 10","0","108","46.9","0"
"6080-0408-41NA-671NA","562","Ladies Leather Slippers","762","Shoe Size - 8","0","157","68.2","0"
"6080-0408-41NA-671NA","562","Ladies Leather Slippers","7121","Shoe Size - 12","0","157","68.2","0"
"6080-0408-41NA-671NA","562","Ladies Leather Slippers","7122","Shoe Size - 4","0","157","68.2","0"
"6080-0408-41NA-671NA","562","Ladies Leather Slippers","7123","Shoe Size - 5","0","157","68.2","0"
"6080-0408-41NA-671NA","562","Ladies Leather Slippers","7124","Shoe Size - 6","0","157","68.2","0"
"6080-0408-41NA-671NA","562","Ladies Leather Slippers","7125","Shoe Size - 7","0","157","68.2","0"
"6080-0408-41NA-671NA","562","Ladies Leather Slippers","7126","Shoe Size - 9","0","157","68.2","0"
"6080-0408-41NA-671NA","562","Ladies Leather Slippers","7127","Shoe Size - 10","0","157","68.2","0"
"6080-0408-41NA-671NA","562","Ladies Leather Slippers","7128","Shoe Size - 11","0","157","68.2","0"
"6080-0408-41CK-671CK","563","Ladies Leather Slippers","768","Shoe Size - 5","0","157","68.2","0"
"6080-0408-41CK-671CK","563","Ladies Leather Slippers","769","Shoe Size - 6","0","157","68.2","0"
"6080-0408-41CK-671CK","563","Ladies Leather Slippers","770","Shoe Size - 7","0","157","68.2","0"
"6080-0408-41CK-671CK","563","Ladies Leather Slippers","771","Shoe Size - 8","0","157","68.2","0"
"6080-0408-41CK-671CK","563","Ladies Leather Slippers","772","Shoe Size - 9","0","157","68.2","0"
"6080-0408-41CK-671CK","563","Ladies Leather Slippers","773","Shoe Size - 10","0","157","68.2","0"
"6080-0408-41CK-671CK","563","Ladies Leather Slippers","774","Shoe Size - 11","0","157","68.2","0"
"6080-0408-41CK-671CK","563","Ladies Leather Slippers","775","Shoe Size - 12","0","157","68.2","0"
"6080-0408-41CK-671CK","563","Ladies Leather Slippers","776","Shoe Size - 4","0","157","68.2","0"
"6080-0408-41CHO-673","564","Ladies Suede Slippers","777","Shoe Size - 5","0","108","46.9","0"
"6080-0408-41CHO-673","564","Ladies Suede Slippers","778","Shoe Size - 6","0","108","46.9","0"
"6080-0408-41CHO-673","564","Ladies Suede Slippers","779","Shoe Size - 7","0","108","46.9","0"
"6080-0408-41CHO-673","564","Ladies Suede Slippers","780","Shoe Size - 8","0","108","46.9","0"
"6080-0408-41CHO-673","564","Ladies Suede Slippers","781","Shoe Size - 9","1","108","46.9","0"
"6080-0408-41CHO-673","564","Ladies Suede Slippers","782","Shoe Size - 10","0","108","46.9","0"
"6080-0408-41CHO-673","564","Ladies Suede Slippers","783","Shoe Size - 11","0","108","46.9","0"
"6080-0408-41CHO-673","564","Ladies Suede Slippers","784","Shoe Size - 12","0","108","46.9","0"
"6080-0408-41CHO-673","564","Ladies Suede Slippers","785","Shoe Size - 4","0","108","46.9","0"
"6080-0408-41MO-677","565","Ladies Suede Slippers","786","Shoe Size - 5","0","108","46.9","0"
"6080-0408-41MO-677","565","Ladies Suede Slippers","787","Shoe Size - 6","0","108","46.9","0"
"6080-0408-41MO-677","565","Ladies Suede Slippers","788","Shoe Size - 7","0","108","46.9","0"
"6080-0408-41MO-677","565","Ladies Suede Slippers","789","Shoe Size - 8","0","108","46.9","0"
"6080-0408-41MO-677","565","Ladies Suede Slippers","790","Shoe Size - 9","0","108","46.9","0"
"6080-0408-41MO-677","565","Ladies Suede Slippers","791","Shoe Size - 10","0","108","46.9","0"
"6080-0408-41MO-677","565","Ladies Suede Slippers","792","Shoe Size - 11","0","108","46.9","0"
"6080-0408-41MO-677","565","Ladies Suede Slippers","793","Shoe Size - 12","0","108","46.9","0"
"6080-0408-41MO-677","565","Ladies Suede Slippers","794","Shoe Size - 4","0","108","46.9","0"
"6080-0408-41FU-698","569","Ladies Suede Slippers","822","Shoe Size - 5","0","108","46.9","0"
"6080-0408-41FU-698","569","Ladies Suede Slippers","823","Shoe Size - 6","0","108","46.9","0"
"6080-0408-41FU-698","569","Ladies Suede Slippers","824","Shoe Size - 7","0","108","46.9","0"
"6080-0408-41FU-698","569","Ladies Suede Slippers","825","Shoe Size - 8","0","108","46.9","0"
"6080-0408-41FU-698","569","Ladies Suede Slippers","826","Shoe Size - 9","0","108","46.9","0"
"6080-0408-41FU-698","569","Ladies Suede Slippers","827","Shoe Size - 10","0","108","46.9","0"
"6080-0408-41FU-698","569","Ladies Suede Slippers","828","Shoe Size - 11","0","108","46.9","0"
"6080-0408-41FU-698","569","Ladies Suede Slippers","829","Shoe Size - 12","0","108","46.9","0"
"6080-0408-41FU-698","569","Ladies Suede Slippers","830","Shoe Size - 4","1","108","46.9","0"
"6080-0408-41TO-755TO","571","Ladies Suede Slippers","840","Shoe Size - 5","0","108","46.9","0"
"6080-0408-41TO-755TO","571","Ladies Suede Slippers","841","Shoe Size - 6","0","108","46.9","0"
"6080-0408-41TO-755TO","571","Ladies Suede Slippers","842","Shoe Size - 7","0","108","46.9","0"
"6080-0408-41TO-755TO","571","Ladies Suede Slippers","843","Shoe Size - 8","0","108","46.9","0"
"6080-0408-41TO-755TO","571","Ladies Suede Slippers","844","Shoe Size - 9","0","108","46.9","0"
"6080-0408-41TO-755TO","571","Ladies Suede Slippers","845","Shoe Size - 10","0","108","46.9","0"
"6080-0408-41TO-755TO","571","Ladies Suede Slippers","846","Shoe Size - 11","0","108","46.9","0"
"6080-0408-41TO-755TO","571","Ladies Suede Slippers","847","Shoe Size - 12","0","108","46.9","0"
"6080-0408-41TO-755TO","571","Ladies Suede Slippers","848","Shoe Size - 4","0","108","46.9","0"
"6080-0408-41BLPL-6531","572","Ladies Suede Slippers","854","Shoe Size - 10","1","108","46.9","0"
"6080-0408-41BLPL-6531","572","Ladies Suede Slippers","7129","Shoe Size - 12","0","108","46.9","0"
"6080-0408-41BLPL-6531","572","Ladies Suede Slippers","7130","Shoe Size - 4","0","108","46.9","0"
"6080-0408-41BLPL-6531","572","Ladies Suede Slippers","7131","Shoe Size - 5","0","108","46.9","0"
"6080-0408-41BLPL-6531","572","Ladies Suede Slippers","7132","Shoe Size - 6","1","108","46.9","0"
"6080-0408-41BLPL-6531","572","Ladies Suede Slippers","7133","Shoe Size - 7","1","108","46.9","0"
"6080-0408-41BLPL-6531","572","Ladies Suede Slippers","7134","Shoe Size - 8","1","108","46.9","0"
"6080-0408-41BLPL-6531","572","Ladies Suede Slippers","7135","Shoe Size - 9","1","108","46.9","0"
"6080-0408-41BLPL-6531","572","Ladies Suede Slippers","7136","Shoe Size - 11","0","108","46.9","0"
"6080-0408-REBL-6541","573","Ladies Suede Slippers","864","Shoe Size - 11","0","108","46.9","0"
"6080-0408-REBL-6541","573","Ladies Suede Slippers","7146","Shoe Size - 12","0","108","46.9","0"
"6080-0408-REBL-6541","573","Ladies Suede Slippers","7147","Shoe Size - 4","0","108","46.9","0"
"6080-0408-REBL-6541","573","Ladies Suede Slippers","7148","Shoe Size - 5","0","108","46.9","0"
"6080-0408-REBL-6541","573","Ladies Suede Slippers","7149","Shoe Size - 6","1","108","46.9","0"
"6080-0408-REBL-6541","573","Ladies Suede Slippers","7150","Shoe Size - 7","1","108","46.9","0"
"6080-0408-REBL-6541","573","Ladies Suede Slippers","7151","Shoe Size - 8","1","108","46.9","0"
"6080-0408-REBL-6541","573","Ladies Suede Slippers","7152","Shoe Size - 9","1","108","46.9","0"
"6080-0408-REBL-6541","573","Ladies Suede Slippers","7153","Shoe Size - 10","0","108","46.9","0"
"6080-0408-41GRBL-6601","575","Ladies Suede Slippers","878","Shoe Size - 7","1","108","46.9","0"
"6080-0408-41GRBL-6601","575","Ladies Suede Slippers","7154","Shoe Size - 12","0","108","46.9","0"
"6080-0408-41GRBL-6601","575","Ladies Suede Slippers","7155","Shoe Size - 4","0","108","46.9","0"
"6080-0408-41GRBL-6601","575","Ladies Suede Slippers","7156","Shoe Size - 5","0","108","46.9","0"
"6080-0408-41GRBL-6601","575","Ladies Suede Slippers","7157","Shoe Size - 6","1","108","46.9","0"
"6080-0408-41GRBL-6601","575","Ladies Suede Slippers","7158","Shoe Size - 8","1","108","46.9","0"
"6080-0408-41GRBL-6601","575","Ladies Suede Slippers","7159","Shoe Size - 9","1","108","46.9","0"
"6080-0408-41GRBL-6601","575","Ladies Suede Slippers","7160","Shoe Size - 10","0","108","46.9","0"
"6080-0408-41GRBL-6601","575","Ladies Suede Slippers","7161","Shoe Size - 11","1","108","46.9","0"
"6080-0408-41CHOBL-6733","576","Ladies Suede Slippers","885","Shoe Size - 5","0","108","46.9","0"
"6080-0408-41CHOBL-6733","576","Ladies Suede Slippers","886","Shoe Size - 6","1","108","46.9","0"
"6080-0408-41CHOBL-6733","576","Ladies Suede Slippers","887","Shoe Size - 7","1","108","46.9","0"
"6080-0408-41CHOBL-6733","576","Ladies Suede Slippers","888","Shoe Size - 8","1","108","46.9","0"
"6080-0408-41CHOBL-6733","576","Ladies Suede Slippers","889","Shoe Size - 9","1","108","46.9","0"
"6080-0408-41CHOBL-6733","576","Ladies Suede Slippers","890","Shoe Size - 10","0","108","46.9","0"
"6080-0408-41CHOBL-6733","576","Ladies Suede Slippers","891","Shoe Size - 11","0","108","46.9","0"
"6080-0408-41CHOBL-6733","576","Ladies Suede Slippers","892","Shoe Size - 12","0","108","46.9","0"
"6080-0408-41CHOBL-6733","576","Ladies Suede Slippers","893","Shoe Size - 4","0","108","46.9","0"
"6080-0408-41MOCHO-6773","577","Ladies Suede Slippers","894","Shoe Size - 5","0","108","46.9","0"
"6080-0408-41MOCHO-6773","577","Ladies Suede Slippers","895","Shoe Size - 6","1","108","46.9","0"
"6080-0408-41MOCHO-6773","577","Ladies Suede Slippers","896","Shoe Size - 7","1","108","46.9","0"
"6080-0408-41MOCHO-6773","577","Ladies Suede Slippers","897","Shoe Size - 8","1","108","46.9","0"
"6080-0408-41MOCHO-6773","577","Ladies Suede Slippers","898","Shoe Size - 9","1","108","46.9","0"
"6080-0408-41MOCHO-6773","577","Ladies Suede Slippers","899","Shoe Size - 10","0","108","46.9","0"
"6080-0408-41MOCHO-6773","577","Ladies Suede Slippers","900","Shoe Size - 11","0","108","46.9","0"
"6080-0408-41MOCHO-6773","577","Ladies Suede Slippers","901","Shoe Size - 12","0","108","46.9","0"
"6080-0408-41MOCHO-6773","577","Ladies Suede Slippers","902","Shoe Size - 4","0","108","46.9","0"
"6080-0408-41TUCHO-69773","579","Ladies Suede Slippers","912","Shoe Size - 5","0","108","46.9","0"
"6080-0408-41TUCHO-69773","579","Ladies Suede Slippers","913","Shoe Size - 6","0","108","46.9","0"
"6080-0408-41TUCHO-69773","579","Ladies Suede Slippers","914","Shoe Size - 7","0","108","46.9","0"
"6080-0408-41TUCHO-69773","579","Ladies Suede Slippers","915","Shoe Size - 8","0","108","46.9","0"
"6080-0408-41TUCHO-69773","579","Ladies Suede Slippers","916","Shoe Size - 9","0","108","46.9","0"
"6080-0408-41TUCHO-69773","579","Ladies Suede Slippers","917","Shoe Size - 10","0","108","46.9","0"
"6080-0408-41TUCHO-69773","579","Ladies Suede Slippers","918","Shoe Size - 11","0","108","46.9","0"
"6080-0408-41TUCHO-69773","579","Ladies Suede Slippers","919","Shoe Size - 12","0","108","46.9","0"
"6080-0408-41TUCHO-69773","579","Ladies Suede Slippers","920","Shoe Size - 4","0","108","46.9","0"
"6080-0408-12BU-12600BU","581","Suede slippers with sole","930","Shoe Size - 4","0","132","57.3","0"
"6080-0408-12BU-12600BU","581","Suede slippers with sole","931","Shoe Size - 5","0","132","57.3","0"
"6080-0408-12BU-12600BU","581","Suede slippers with sole","932","Shoe Size - 6","0","132","57.3","0"
"6080-0408-12BU-12600BU","581","Suede slippers with sole","933","Shoe Size - 7","0","132","57.3","0"
"6080-0408-12BU-12600BU","581","Suede slippers with sole","934","Shoe Size - 8","0","132","57.3","0"
"6080-0408-12BU-12600BU","581","Suede slippers with sole","935","Shoe Size - 9","1","132","57.3","0"
"6080-0408-12BU-12600BU","581","Suede slippers with sole","936","Shoe Size - 10","0","132","57.3","0"
"6080-0408-12BU-12600BU","581","Suede slippers with sole","937","Shoe Size - 11","0","132","57.3","0"
"6080-0408-12BU-12600BU","581","Suede slippers with sole","938","Shoe Size - 12","0","132","57.3","0"
"6080-0408-12BL-12653","582","Suede Slippers with sole","939","Shoe Size - 5","0","132","57.3","0"
"6080-0408-12BL-12653","582","Suede Slippers with sole","940","Shoe Size - 6","0","132","57.3","0"
"6080-0408-12BL-12653","582","Suede Slippers with sole","941","Shoe Size - 7","0","132","57.3","0"
"6080-0408-12BL-12653","582","Suede Slippers with sole","942","Shoe Size - 8","0","132","57.3","0"
"6080-0408-12BL-12653","582","Suede Slippers with sole","943","Shoe Size - 9","0","132","57.3","0"
"6080-0408-12BL-12653","582","Suede Slippers with sole","944","Shoe Size - 10","0","132","57.3","0"
"6080-0408-12BL-12653","582","Suede Slippers with sole","945","Shoe Size - 11","0","132","57.3","0"
"6080-0408-12BL-12653","582","Suede Slippers with sole","946","Shoe Size - 12","0","132","57.3","0"
"6080-0408-12BL-12653","582","Suede Slippers with sole","947","Shoe Size - 4","0","132","57.3","0"
"6080-0408-12NB-12658","583","Suede Slippers with sole","949","Shoe Size - 6","1","132","57.3","0"
"6080-0408-12NB-12658","583","Suede Slippers with sole","954","Shoe Size - 11","0","132","57.3","0"
"6080-0408-12NB-12658","583","Suede Slippers with sole","7162","Shoe Size - 12","0","132","57.3","0"
"6080-0408-12NB-12658","583","Suede Slippers with sole","7163","Shoe Size - 4","0","132","57.3","0"
"6080-0408-12NB-12658","583","Suede Slippers with sole","7164","Shoe Size - 5","0","132","57.3","0"
"6080-0408-12NB-12658","583","Suede Slippers with sole","7165","Shoe Size - 7","0","132","57.3","0"
"6080-0408-12NB-12658","583","Suede Slippers with sole","7166","Shoe Size - 8","1","132","57.3","0"
"6080-0408-12NB-12658","583","Suede Slippers with sole","7167","Shoe Size - 9","0","132","57.3","0"
"6080-0408-12NB-12658","583","Suede Slippers with sole","7168","Shoe Size - 10","0","132","57.3","0"
"6080-0408-13GR-13660","584","Suede Slippers with sole","964","Shoe Size - 12","0","132","57.3","0"
"6080-0408-13GR-13660","584","Suede Slippers with sole","7169","Shoe Size - 4","0","132","57.3","0"
"6080-0408-13GR-13660","584","Suede Slippers with sole","7170","Shoe Size - 5","0","132","57.3","0"
"6080-0408-13GR-13660","584","Suede Slippers with sole","7171","Shoe Size - 8","0","132","57.3","0"
"6080-0408-13GR-13660","584","Suede Slippers with sole","7172","Shoe Size - 7","0","132","57.3","0"
"6080-0408-13GR-13660","584","Suede Slippers with sole","7173","Shoe Size - 6","0","132","57.3","0"
"6080-0408-13GR-13660","584","Suede Slippers with sole","7174","Shoe Size - 10","0","132","57.3","0"
"6080-0408-13GR-13660","584","Suede Slippers with sole","7175","Shoe Size - 9","0","132","57.3","0"
"6080-0408-13GR-13660","584","Suede Slippers with sole","7176","Shoe Size - 11","0","132","57.3","0"
"6080-0408-13CHO-13673","585","Suede Slippers with sole","966","Shoe Size - 5","0","132","57.3","57"
"6080-0408-13CHO-13673","585","Suede Slippers with sole","967","Shoe Size - 6","1","132","57.3","57"
"6080-0408-13CHO-13673","585","Suede Slippers with sole","968","Shoe Size - 7","1","132","57.3","57"
"6080-0408-13CHO-13673","585","Suede Slippers with sole","969","Shoe Size - 8","1","132","57.3","57"
"6080-0408-13CHO-13673","585","Suede Slippers with sole","970","Shoe Size - 9","0","132","57.3","57"
"6080-0408-13CHO-13673","585","Suede Slippers with sole","971","Shoe Size - 10","1","132","57.3","57"
"6080-0408-13CHO-13673","585","Suede Slippers with sole","972","Shoe Size - 11","0","132","57.3","57"
"6080-0408-13CHO-13673","585","Suede Slippers with sole","973","Shoe Size - 12","0","132","57.3","57"
"6080-0408-13CHO-13673","585","Suede Slippers with sole","974","Shoe Size - 4","0","132","57.3","57"
"6080-0408-13MO-13677","586","Suede Slippers with sole","975","Shoe Size - 5","0","132","57.3","0"
"6080-0408-13MO-13677","586","Suede Slippers with sole","976","Shoe Size - 6","0","132","57.3","0"
"6080-0408-13MO-13677","586","Suede Slippers with sole","977","Shoe Size - 7","0","132","57.3","0"
"6080-0408-13MO-13677","586","Suede Slippers with sole","978","Shoe Size - 8","0","132","57.3","0"
"6080-0408-13MO-13677","586","Suede Slippers with sole","979","Shoe Size - 9","0","132","57.3","0"
"6080-0408-13MO-13677","586","Suede Slippers with sole","980","Shoe Size - 10","0","132","57.3","0"
"6080-0408-13MO-13677","586","Suede Slippers with sole","981","Shoe Size - 11","0","132","57.3","0"
"6080-0408-13MO-13677","586","Suede Slippers with sole","982","Shoe Size - 12","0","132","57.3","0"
"6080-0408-13MO-13677","586","Suede Slippers with sole","983","Shoe Size - 4","0","132","57.3","0"
"6080-0408-13MT-13695","587","Suede Slippers with sole","984","Shoe Size - 5","0","132","57.3","0"
"6080-0408-13MT-13695","587","Suede Slippers with sole","985","Shoe Size - 6","0","132","57.3","0"
"6080-0408-13MT-13695","587","Suede Slippers with sole","986","Shoe Size - 7","0","132","57.3","0"
"6080-0408-13MT-13695","587","Suede Slippers with sole","987","Shoe Size - 8","0","132","57.3","0"
"6080-0408-13MT-13695","587","Suede Slippers with sole","988","Shoe Size - 9","0","132","57.3","0"
"6080-0408-13MT-13695","587","Suede Slippers with sole","989","Shoe Size - 10","0","132","57.3","0"
"6080-0408-13MT-13695","587","Suede Slippers with sole","990","Shoe Size - 11","0","132","57.3","0"
"6080-0408-13MT-13695","587","Suede Slippers with sole","991","Shoe Size - 12","0","132","57.3","0"
"6080-0408-13MT-13695","587","Suede Slippers with sole","992","Shoe Size - 4","0","132","57.3","0"
"A01030-6","607","Small Print - Eagle Moon","","Small Print - Eagle Moon","2","25","10.87","0"
"A01028-POD2555","608","Matted Print - Giving Thanks","","Matted Print - Giving Thanks","4","20","7.5","0"
"A01031-6","609","Small Print - Honoring the Giver of Life","","Small Print - Honoring the Giver of Life","19","25","10.87","0"
"A01032-6","610","Small Print - Moon Wisdom","","Small Print - Moon Wisdom","75","25","10.87","0"
"A01033-6","611","Small Print - New Fire","","Small Print - New Fire","91","25","10.87","0"
"A01036-6","612","Small Print - Teachings","","Small Print - Teachings","98","25","10.87","0"
"A01037-6","615","Small Print - Trust","","Small Print - Trust","5","25","10.87","0"
"A08011-6","616","Small Print - Whisper","","Small Print - Whisper","2","25","10.87","0"
"A08007-6","617","Small Print - A Moose and Goose","","Small Print - A Moose and Goose","4","25","10.87","0"
"A10012-6","618","Small Print - Sky Sisters","","Small Print - Sky Sisters","10","25","10.87","0"
"A10004-6","619","Small Print - Merging Earth and Sky","","Small Print - Merging Earth and Sky","1","25","10.87","0"
"A08013-POD2584","621","Matted Print - New Day","","Matted Print - New Day","2","20","7.5","0"
"A08045-20084","622","Matted Print - Patience","","Matted Print - Patience","2","20","7.5","0"
"A01029-6","623","Small Print - Birth of an Eagle Shadow","","Small Print - Birth of an Eagle Shadow","7","25","10.87","0"
"A08019-6","624","Small Print - Unity","","Small Print - Unity","0","25","10.87","0"
"A09006-6","625","Small Print - River Keeper","","Small Print - River Keeper","42","25","10.87","0"
"A04015-6","626","Small Print - Rebirth","","Small Print - Rebirth","1","25","10.87","0"
"A04039-6","627","Small Print - Nostalgia","","Small Print - Nostalgia","16","25","10.87","0"
"A07020-6","628","Small Print - Journey to the Spirit World","","Small Print - Journey to the Spirit World","11","25","10.87","0"
"W12024-6","630","Small Print - Breath of Life","","Small Print - Breath of Life","74","25","10.87","0"
"W12017-6","631","Small Print - Synchronicity","","Small Print - Synchronicity","67","25","10.87","0"
"W12008-6","632","Small Print - Winter Wolves","","Small Print - Winter Wolves","30","25","10.87","0"
"W12001-6","633","Small Print - Dialogue","","Small Print - Dialogue","9","25","10.87","0"
"W12014-6","634","Small Print - Gate of Silk","","Small Print - Gate of Silk","10","25","10.87","0"
"W12005-6","635","Small Print - Earth Keeper","","Small Print - Earth Keeper","42","25","10.87","0"
"W12016-6","636","Small Print - Going Home","","Small Print - Going Home","11","25","10.87","0"
"W12018-6","638","Small Print - Early Evening Flowing Into Fall","","Small Print - Early Evening Flowing Into Fall","15","25","10.87","0"
"A00048-6","640","Small Print - The Protector","","Small Print - The Protector","9","25","10.87","0"
"A01003-6","641","Small Print - Sky Girl","","Small Print - Sky Girl","10","25","10.87","0"
"A04060-6","642","Small Print - Passing Through","","Small Print - Passing Through","5","25","10.87","0"
"A09054-6","643","Small print - Tranquility","","Small print - Tranquility","8","25","10.87","0"
"A16055-6","644","Small Print - Abundance","","Small Print - Abundance","14","25","10.87","0"
"A13041-6","645","Small Print - Lapinx","","Small Print - Lapinx","17","25","10.87","0"
"A10044-6","646","Small Print - Returning","","Small Print - Returning","7","25","10.87","0"
"A13056-6","647","Small print - Otherness","","Small print - Otherness","12","25","10.87","0"
"A13057-6","648","Small Print - Origins","","Small Print - Origins","11","25","10.87","0"
"A16051-POD2566","649","Matted Print - Northern Keepers","","Matted Print - Northern Keepers","0","20","7.5","0"
"A16058-6","651","Small Print - Silent Seekers","","Small Print - Silent Seekers","11","25","10.87","0"
"A16059-6","652","Small Print - Wisdom Keepers","","Small Print - Wisdom Keepers","2","25","10.87","0"
"A95053-6","653","Small Print - Messenger","","Small Print - Messenger","7","25","10.87","0"
"A14051-POD2554","654","Matted Print - Gezaluwejit","","Matted Print - Gezaluwejit","1","20","7.5","0"
"W13026-6","655","Small Print - In Her World","","Small Print - In Her World","15","25","10.87","0"
"A12050-6","658","Small Print - Ice Dream","","Small Print - Ice Dream","1","25","10.87","0"
"W13027-6","659","Small Print - Playing With Shadows","","Small Print - Playing With Shadows","15","25","10.87","0"
"A13053-6","660","Small Print - Roots Of Another World","","Small Print - Roots Of Another World","10","25","10.87","0"
"A01038-6","661","Small Print - Harmony","","Small Print - Harmony","52","25","10.87","0"
"W13023-6","664","Small Print - Water and Spirit Buffalo","","Small Print - Water and Spirit Buffalo","14","25","10.87","0"
"A01030-2","665","Ltd Edition - Eagle Moon","1593","Frame Options - Without frame ","2","170","0","70.73"
"A01030-2","665","Ltd Edition - Eagle Moon","1594","Frame Options - Black rustic frame 1""","0","335","0","0"
"A01030-2","665","Ltd Edition - Eagle Moon","1595","Frame Options - Brown rustic frame 1""","0","335","0","0"
"A01030-2","665","Ltd Edition - Eagle Moon","1596","Frame Options - Grey rustic frame 1""","0","335","0","0"
"A01031-2","667","Ltd Edition - Honoring the Giver of Life","1601","Frame Options - Without frame ","2","170","0","70.73"
"A01031-2","667","Ltd Edition - Honoring the Giver of Life","1602","Frame Options - Black rustic frame 1""","0","335","0","0"
"A01031-2","667","Ltd Edition - Honoring the Giver of Life","1603","Frame Options - Brown rustic frame 1""","0","335","0","0"
"A01031-2","667","Ltd Edition - Honoring the Giver of Life","1604","Frame Options - Grey rustic frame 1""","0","335","0","0"
"A01032-2","668","Ltd Edition - Moon Wisdom","1605","Frame Options - Without frame ","2","170","0","74"
"A01032-2","668","Ltd Edition - Moon Wisdom","1606","Frame Options - Brown rustic frame 1""","0","335","0","0"
"A01032-2","668","Ltd Edition - Moon Wisdom","1607","Frame Options - Black rustic frame 1""","0","335","0","0"
"A01032-2","668","Ltd Edition - Moon Wisdom","1608","Frame Options - Grey rustic frame 1""","0","335","0","0"
"A01033-2","669","Ltd Edition - New Fire","1609","Frame Options - Without frame ","1","170","0","74"
"A01033-2","669","Ltd Edition - New Fire","1610","Frame Options - Black rustic frame 1""","0","335","0","0"
"A01033-2","669","Ltd Edition - New Fire","1611","Frame Options - Brown rustic frame 1""","0","335","0","0"
"A01033-2","669","Ltd Edition - New Fire","1612","Frame Options - Grey rustic frame 1""","0","335","0","0"
"A01036-2","670","Ltd Edition - Teachings","1613","Frame Options - Without frame ","1","170","0","74"
"A01036-2","670","Ltd Edition - Teachings","1614","Frame Options - Black rustic frame 1""","0","335","0","0"
"A01036-2","670","Ltd Edition - Teachings","1615","Frame Options - Brown rustic frame 1""","0","335","0","0"
"A01036-2","670","Ltd Edition - Teachings","1616","Frame Options - Grey rustic frame 1""","0","335","0","0"
"A01034-2","672","Ltd Edition - Reaching Out","1617","Frame Options - Without frame ","2","170","0","74"
"A01034-2","672","Ltd Edition - Reaching Out","1618","Frame Options - Black rustic frame 1""","0","335","0","0"
"A01034-2","672","Ltd Edition - Reaching Out","1619","Frame Options - Brown rustic frame 1""","0","335","0","0"
"A01034-2","672","Ltd Edition - Reaching Out","1620","Frame Options - Grey rustic frame 1""","0","335","0","0"
"A08007-2","675","Ltd Edition - A Moose and Goose","1801","Frame Options - Without frame ","1","170","0","74"
"A08007-2","675","Ltd Edition - A Moose and Goose","1802","Frame Options - Black rustic frame 1""","0","335","0","0"
"A08007-2","675","Ltd Edition - A Moose and Goose","1803","Frame Options - Brown rustic frame 1""","0","335","0","0"
"A08007-2","675","Ltd Edition - A Moose and Goose","1804","Frame Options - Grey rustic frame 1""","0","335","0","0"
"A10046-2","678","Ltd Edition - Geese Spirit","1725","Frame Options - Without frame ","2","170","0","74"
"A10046-2","678","Ltd Edition - Geese Spirit","1726","Frame Options - Black rustic frame 1""","0","335","0","0"
"A10046-2","678","Ltd Edition - Geese Spirit","1727","Frame Options - Brown rustic frame 1""","0","335","0","0"
"A10046-2","678","Ltd Edition - Geese Spirit","1728","Frame Options - Grey rustic frame 1""","0","335","0","0"
"A08045-2","680","Ltd Edition - Patience","1889","Frame Options - Without frame ","4","140","0","62.7"
"A08045-2","680","Ltd Edition - Patience","1890","Frame Options - Black rustic frame 1""","0","305","0","0"
"A08045-2","680","Ltd Edition - Patience","1891","Frame Options - Brown rustic frame 1""","0","305","0","0"
"A08045-2","680","Ltd Edition - Patience","1892","Frame Options - Grey rustic frame 1""","0","305","0","0"
"A08019-2","682","Ltd Edition - Unity","1805","Frame Options - Without frame ","2","170","0","70.73"
"A08019-2","682","Ltd Edition - Unity","1806","Frame Options - Black rustic frame 1""","0","335","0","0"
"A08019-2","682","Ltd Edition - Unity","1807","Frame Options - Brown rustic frame 1""","0","335","0","0"
"A08019-2","682","Ltd Edition - Unity","1808","Frame Options - Grey rustic frame 1""","0","335","0","0"
"A09006-2","683","Ltd Edition - River Keeper","1909","Frame Options - Without frame ","2","155","0","67.3"
"A09006-2","683","Ltd Edition - River Keeper","1910","Frame Options - Black rustic frame 1""","0","320","0","0"
"A09006-2","683","Ltd Edition - River Keeper","1911","Frame Options - Brown rustic frame 1""","0","320","0","0"
"A09006-2","683","Ltd Edition - River Keeper","1912","Frame Options - Grey rustic frame 1""","0","320","0","0"
"A04015-2","684","Ltd Edition - Rebirth","1809","Frame Options - Without frame ","2","170","0","74"
"A04015-2","684","Ltd Edition - Rebirth","1810","Frame Options - Black rustic frame 1""","0","335","0","0"
"A04015-2","684","Ltd Edition - Rebirth","1811","Frame Options - Brown rustic frame 1""","0","335","0","0"
"A04015-2","684","Ltd Edition - Rebirth","1812","Frame Options - Grey rustic frame 1""","0","335","0","0"
"A04039-2","685","Ltd Edition - Nostalgia","1813","Frame Options - Without frame ","3","170","0","74"
"A04039-2","685","Ltd Edition - Nostalgia","1814","Frame Options - Black rustic frame 1""","0","335","0","0"
"A04039-2","685","Ltd Edition - Nostalgia","1815","Frame Options - Grey rustic frame 1""","0","335","0","0"
"A04039-2","685","Ltd Edition - Nostalgia","1816","Frame Options - Brown rustic frame 1""","0","335","0","0"
"W13025-2","687","Ltd Edition - Passage","1625","Frame Options - Without frame ","1","170","0","74"
"W13025-2","687","Ltd Edition - Passage","1626","Frame Options - Black rustic frame 1""","0","335","0","0"
"W13025-2","687","Ltd Edition - Passage","1627","Frame Options - Brown rustic frame 1""","0","335","0","0"
"W13025-2","687","Ltd Edition - Passage","1628","Frame Options - Grey rustic frame 1""","0","335","0","0"
"W12024-2","688","Ltd Edition - Breath of life","1729","Frame Options - Without frame ","2","170","0","74"
"W12024-2","688","Ltd Edition - Breath of life","1730","Frame Options - Black rustic frame 1""","0","335","0","0"
"W12024-2","688","Ltd Edition - Breath of life","1731","Frame Options - Brown rustic frame 1""","0","335","0","0"
"W12024-2","688","Ltd Edition - Breath of life","1732","Frame Options - Grey rustic frame 1""","0","335","0","0"
"W12017-2","689","Ltd Edition - Synchronicity","1629","Frame Options - Without frame ","3","170","0","70.73"
"W12017-2","689","Ltd Edition - Synchronicity","1630","Frame Options - Black rustic frame 1""","0","335","0","0"
"W12017-2","689","Ltd Edition - Synchronicity","1631","Frame Options - Grey rustic frame 1""","0","335","0","0"
"W12017-2","689","Ltd Edition - Synchronicity","1632","Frame Options - Brown rustic frame 1""","0","335","0","0"
"W12008-2","690","Ltd Edition - Winter wolves","1733","Frame Options - Without frame ","2","170","0","70.73"
"W12008-2","690","Ltd Edition - Winter wolves","1734","Frame Options - Black rustic frame 1""","0","335","0","0"
"W12008-2","690","Ltd Edition - Winter wolves","1735","Frame Options - Brown rustic frame 1""","0","335","0","0"
"W12008-2","690","Ltd Edition - Winter wolves","1736","Frame Options - Grey rustic frame 1""","0","335","0","0"
"W12001-2","691","Ltd Edition - Dialogue","1873","Frame Options - Without frame ","2","135","0","60.85"
"W12001-2","691","Ltd Edition - Dialogue","1874","Frame Options - Black rustic frame 1""","0","305","0","0"
"W12001-2","691","Ltd Edition - Dialogue","1875","Frame Options - Brown rustic frame 1""","0","305","0","0"
"W12001-2","691","Ltd Edition - Dialogue","1876","Frame Options - Grey rustic frame 1""","0","305","0","0"
"W12014-2","692","Ltd Edition - Gate of Silk","1737","Frame Options - Without frame ","4","170","0","74"
"W12014-2","692","Ltd Edition - Gate of Silk","1738","Frame Options - Black rustic frame 1""","0","335","0","0"
"W12014-2","692","Ltd Edition - Gate of Silk","1739","Frame Options - Brown rustic frame 1""","0","335","0","0"
"W12014-2","692","Ltd Edition - Gate of Silk","1740","Frame Options - Grey rustic frame 1""","0","335","0","0"
"W12005-2","693","Ltd Edition - Earth Keeper","1633","Frame Options - Without frame ","3","170","0","74"
"W12005-2","693","Ltd Edition - Earth Keeper","1634","Frame Options - Black rustic frame 1""","0","335","0","0"
"W12005-2","693","Ltd Edition - Earth Keeper","1635","Frame Options - Brown rustic frame 1""","0","335","0","0"
"W12005-2","693","Ltd Edition - Earth Keeper","1636","Frame Options - Grey rustic frame 1""","0","335","0","0"
"W12016-2","694","Ltd Edition - Going Home","1637","Frame Options - Without frame ","2","170","0","74"
"W12016-2","694","Ltd Edition - Going Home","1638","Frame Options - Black rustic frame 1""","0","335","0","0"
"W12016-2","694","Ltd Edition - Going Home","1639","Frame Options - Brown rustic frame 1""","0","335","0","0"
"W12016-2","694","Ltd Edition - Going Home","1640","Frame Options - Grey rustic frame 1""","0","335","0","0"
"W12018-2","696","Ltd Edition - Early Evening Flowing into Fall","1741","Frame Options - Without frame ","2","170","0","74"
"W12018-2","696","Ltd Edition - Early Evening Flowing into Fall","1742","Frame Options - Black rustic frame 1""","0","335","0","0"
"W12018-2","696","Ltd Edition - Early Evening Flowing into Fall","1743","Frame Options - Brown rustic frame 1""","0","335","0","0"
"W12018-2","696","Ltd Edition - Early Evening Flowing into Fall","1744","Frame Options - Grey rustic frame 1""","0","335","0","0"
"A00048-2","698","Ltd Edition - The Protector","1653","Frame Options - Without frame ","2","170","0","70.73"
"A00048-2","698","Ltd Edition - The Protector","1654","Frame Options - Black rustic frame 1""","0","335","0","0"
"A00048-2","698","Ltd Edition - The Protector","1655","Frame Options - Brown rustic frame 1""","0","335","0","0"
"A00048-2","698","Ltd Edition - The Protector","1656","Frame Options - Grey rustic frame 1""","0","335","0","0"
"A01003-2","699","Ltd Edition - Sky Girl","1641","Frame Options - Without frame ","3","170","0","70.73"
"A01003-2","699","Ltd Edition - Sky Girl","1642","Frame Options - Black rustic frame 1""","0","335","0","0"
"A01003-2","699","Ltd Edition - Sky Girl","1643","Frame Options - Brown rustic frame 1""","0","335","0","0"
"A01003-2","699","Ltd Edition - Sky Girl","1644","Frame Options - Grey rustic frame 1""","0","335","0","0"
"A04060-2","700","Ltd Edition - Passing Through","1817","Frame Options - Without frame ","1","170","0","74"
"A04060-2","700","Ltd Edition - Passing Through","1818","Frame Options - Black rustic frame 1""","0","335","0","0"
"A04060-2","700","Ltd Edition - Passing Through","1819","Frame Options - Brown rustic frame 1""","0","335","0","0"
"A04060-2","700","Ltd Edition - Passing Through","1820","Frame Options - Grey rustic frame 1""","0","335","0","0"
"A09054-2","701","Ltd Edition - Tranquility","1645","Frame Options - Without frame ","2","170","0","70.73"
"A09054-2","701","Ltd Edition - Tranquility","1646","Frame Options - Black rustic frame 1""","0","335","0","0"
"A09054-2","701","Ltd Edition - Tranquility","1647","Frame Options - Brown rustic frame 1""","0","335","0","0"
"A09054-2","701","Ltd Edition - Tranquility","1648","Frame Options - Grey rustic frame 1""","0","335","0","0"
"A16055-2","702","Ltd Edition - Abundance","1649","Frame Options - Without frame ","2","170","0","74"
"A16055-2","702","Ltd Edition - Abundance","1650","Frame Options - Brown rustic frame 1""","0","335","0","0"
"A16055-2","702","Ltd Edition - Abundance","1651","Frame Options - Black rustic frame 1""","0","335","0","0"
"A16055-2","702","Ltd Edition - Abundance","1652","Frame Options - Grey rustic frame 1""","0","335","0","0"
"A13041-2","703","Ltd Edition - Lapinx","1918","Frame Options - Black rustic frame 1""","0","320","0","0"
"A13041-2","703","Ltd Edition - Lapinx","1919","Frame Options - Brown rustic frame 1""","0","320","0","0"
"A13041-2","703","Ltd Edition - Lapinx","1920","Frame Options - Grey rustic frame 1""","0","320","0","0"
"A13041-2","703","Ltd Edition - Lapinx","11347","Frame Options - Without frame 4.5"" x 13.25""","0","155","0","0"
"A13041-2","703","Ltd Edition - Lapinx","11348","Frame Options - Without frame 6"" x 18""","3","170","0","74"
"A13056-2","705","Ltd Edition - Otherness","1877","Frame Options - Without frame ","2","140","0","62.7"
"A13056-2","705","Ltd Edition - Otherness","1878","Frame Options - Black rustic frame 1""","0","305","0","0"
"A13056-2","705","Ltd Edition - Otherness","1879","Frame Options - Brown rustic frame 1""","0","305","0","0"
"A13056-2","705","Ltd Edition - Otherness","1880","Frame Options - Grey rustic frame 1""","0","305","0","0"
"A13057-2","706","Ltd Edition - Origins","1821","Frame Options - Without frame ","1","170","0","74"
"A13057-2","706","Ltd Edition - Origins","1822","Frame Options - Black rustic frame 1""","0","335","0","0"
"A13057-2","706","Ltd Edition - Origins","1823","Frame Options - Brown rustic frame 1""","0","335","0","0"
"A13057-2","706","Ltd Edition - Origins","1824","Frame Options - Grey rustic frame 1""","0","335","0","0"
"A16051-2","707","Ltd Edition - Northern Keepers","1521","Frame Options - Without frame ","1","170","0","74"
"A16051-2","707","Ltd Edition - Northern Keepers","1522","Frame Options - Black rustic frame 1""","0","335","0","0"
"A16051-2","707","Ltd Edition - Northern Keepers","1523","Frame Options - Brown rustic frame 1""","0","335","0","0"
"A16051-2","707","Ltd Edition - Northern Keepers","1524","Frame Options - Grey rustic frame 1""","0","335","0","0"
"A16058-2","709","Ltd Edition - Silent Seekers","1881","Frame Options - Without frame ","1","140","0","62.7"
"A16058-2","709","Ltd Edition - Silent Seekers","1882","Frame Options - Black rustic frame 1""","0","305","0","0"
"A16058-2","709","Ltd Edition - Silent Seekers","1883","Frame Options - Brown rustic frame 1""","0","305","0","0"
"A16058-2","709","Ltd Edition - Silent Seekers","1884","Frame Options - Grey rustic frame 1""","0","305","0","0"
"A16059-2","710","Ltd Edition - Wisdom Keepers","1885","Frame Options - Without frame ","0","140","0","62.7"
"A16059-2","710","Ltd Edition - Wisdom Keepers","1886","Frame Options - Black rustic frame 1""","0","305","0","0"
"A16059-2","710","Ltd Edition - Wisdom Keepers","1887","Frame Options - Brown rustic frame 1""","0","305","0","0"
"A16059-2","710","Ltd Edition - Wisdom Keepers","1888","Frame Options - Grey rustic frame 1""","0","305","0","0"
"A95053-2","711","Ltd Edition - Messenger","1893","Frame Options - Without frame ","3","140","0","62.7"
"A95053-2","711","Ltd Edition - Messenger","1894","Frame Options - Black rustic frame 1""","0","305","0","0"
"A95053-2","711","Ltd Edition - Messenger","1895","Frame Options - Brown rustic frame 1""","0","305","0","0"
"A95053-2","711","Ltd Edition - Messenger","1896","Frame Options - Grey rustic frame 1""","0","305","0","0"
"A14051-2","712","Ltd Edition - Gezaluwejit","1529","Frame Options - Without frame ","2","170","0","74"
"A14051-2","712","Ltd Edition - Gezaluwejit","1530","Frame Options - Black rustic frame 1""","0","335","0","0"
"A14051-2","712","Ltd Edition - Gezaluwejit","1531","Frame Options - Brown rustic frame 1""","0","335","0","0"
"A14051-2","712","Ltd Edition - Gezaluwejit","1532","Frame Options - Grey rustic frame 1""","0","335","0","0"
"W13047-2","714","Ltd Edition - Inner Memories","1753","Frame Options - Without frame ","4","170","0","74"
"W13047-2","714","Ltd Edition - Inner Memories","1754","Frame Options - Black rustic frame 1""","0","335","0","0"
"W13047-2","714","Ltd Edition - Inner Memories","1755","Frame Options - Brown rustic frame 1""","0","335","0","0"
"W13047-2","714","Ltd Edition - Inner Memories","1756","Frame Options - Grey rustic frame 1""","0","335","0","0"
"A12050-2","716","Ltd Edition - Ice Dream","1757","Frame Options - Without frame ","3","170","0","74"
"A12050-2","716","Ltd Edition - Ice Dream","1758","Frame Options - Black rustic frame 1""","0","335","0","0"
"A12050-2","716","Ltd Edition - Ice Dream","1759","Frame Options - Brown rustic frame 1""","0","335","0","0"
"A12050-2","716","Ltd Edition - Ice Dream","1760","Frame Options - Grey rustic frame 1""","0","335","0","0"
"A13053-2","718","Ltd Edition - Roots Of Another World","1765","Frame Options - Without frame ","1","170","0","70.73"
"A13053-2","718","Ltd Edition - Roots Of Another World","1766","Frame Options - Black rustic frame 1""","0","335","0","0"
"A13053-2","718","Ltd Edition - Roots Of Another World","1767","Frame Options - Brown rustic frame 1""","0","335","0","0"
"A13053-2","718","Ltd Edition - Roots Of Another World","1768","Frame Options - Grey rustic frame 1""","0","335","0","0"
"A01038-2","719","Ltd Edition - Harmony","1930","Frame Options - Without frame ","1","170","0","70.73"
"A01038-2","719","Ltd Edition - Harmony","1931","Frame Options - Black rustic frame 1""","0","335","0","0"
"A01038-2","719","Ltd Edition - Harmony","1932","Frame Options - Brown rustic frame 1""","0","335","0","0"
"A01038-2","719","Ltd Edition - Harmony","1933","Frame Options - Grey rustic frame 1""","0","335","0","0"
"A13042-2","721","Ltd Edition - Carried Away","1897","Frame Options - Without frame ","1","140","0","62.7"
"A13042-2","721","Ltd Edition - Carried Away","1898","Frame Options - Black rustic frame 1""","0","305","0","0"
"A13042-2","721","Ltd Edition - Carried Away","1899","Frame Options - Brown rustic frame 1""","0","305","0","0"
"A13042-2","721","Ltd Edition - Carried Away","1900","Frame Options - Grey rustic frame 1""","0","305","0","0"
"W13023-2","722","Ltd Edition - Water and Spirit Buffalo","1769","Frame Options - Without frame ","1","170","0","70.73"
"W13023-2","722","Ltd Edition - Water and Spirit Buffalo","1770","Frame Options - Black rustic frame 1""","0","335","0","0"
"W13023-2","722","Ltd Edition - Water and Spirit Buffalo","1771","Frame Options - Brown rustic frame 1""","0","335","0","0"
"W13023-2","722","Ltd Edition - Water and Spirit Buffalo","1772","Frame Options - Grey rustic frame 1""","0","335","0","0"
"A01031-1","725","Canvas - Honoring the Giver of Life","1589","Frame Options - Without frame ","1","295","0","0"
"A01031-1","725","Canvas - Honoring the Giver of Life","1590","Frame Options - Wood floater frame black","0","395","0","0"
"A01031-1","725","Canvas - Honoring the Giver of Life","1591","Frame Options - Wood floater frame brown","0","395","0","0"
"A01031-1","725","Canvas - Honoring the Giver of Life","1592","Frame Options - Wood floater frame pewter","0","395","0","0"
"A08007-1","733","Canvas - A Moose and Goose","1777","Frame Options - Without frame ","1","190","0","0"
"A08007-1","733","Canvas - A Moose and Goose","1778","Frame Options - Wood floater frame black","0","290","0","0"
"A08007-1","733","Canvas - A Moose and Goose","1779","Frame Options - Wood floater frame brown","0","290","0","0"
"A08007-1","733","Canvas - A Moose and Goose","1780","Frame Options - Wood floater frame pewter","0","290","0","0"
"A10046-1","736","Canvas - Geese Spirit","1665","Frame Options - Without frame ","0","295","0","84.27"
"A10046-1","736","Canvas - Geese Spirit","1666","Frame Options - Wood floater frame black","0","395","0","0"
"A10046-1","736","Canvas - Geese Spirit","1667","Frame Options - Wood floater frame brown","0","395","0","0"
"A10046-1","736","Canvas - Geese Spirit","1668","Frame Options - Wood floater frame pewter","0","395","0","0"
"A08013-1","737","Canvas - New Day","1561","Frame Options - Without frame ","1","295","0","0"
"A08013-1","737","Canvas - New Day","1562","Frame Options - Wood floater frame black","0","395","0","0"
"A08013-1","737","Canvas - New Day","1563","Frame Options - Wood floater frame brown","0","395","0","0"
"A08013-1","737","Canvas - New Day","1564","Frame Options - Wood floater frame pewter","0","395","0","0"
"A08045-1","738","Canvas - Patience","1837","Frame Options - Without frame ","1","225","0","0"
"A08045-1","738","Canvas - Patience","1838","Frame Options - Wood floater frame black","0","325","0","0"
"A08045-1","738","Canvas - Patience","1839","Frame Options - Wood floater frame brown","0","325","0","0"
"A08045-1","738","Canvas - Patience","1840","Frame Options - Wood floater frame pewter","0","325","0","0"
"A08019-1","740","Canvas - Unity","1781","Frame Options - Without frame ","1","335","0","0"
"A08019-1","740","Canvas - Unity","1782","Frame Options - Wood floater frame black","0","435","0","0"
"A08019-1","740","Canvas - Unity","1783","Frame Options - Wood floater frame brown","0","435","0","0"
"A08019-1","740","Canvas - Unity","1784","Frame Options - Wood floater frame pewter","0","435","0","0"
"A09006-1","741","Canvas - River Keeper","1854","Frame Options - Wood floater frame black","0","495","0","0"
"A09006-1","741","Canvas - River Keeper","1855","Frame Options - Wood floater frame brown","0","495","0","0"
"A09006-1","741","Canvas - River Keeper","1856","Frame Options - Wood floater frame pewter","0","495","0","0"
"A09006-1","741","Canvas - River Keeper","8134","Frame Options - Without frame 15"" x 24""","1","315","0","0"
"A09006-1","741","Canvas - River Keeper","8135","Frame Options - Without frame 30"" x 48""","0","695","0","0"
"A09006-1","741","Canvas - River Keeper","9712","Frame Options - Without frame 29"" x 48""","1","695","0","0"
"A07020-1","744","Canvas - Journey to the Spirit World","1857","Frame Options - Without frame ","1","525","0","0"
"A07020-1","744","Canvas - Journey to the Spirit World","1858","Frame Options - Wood floater frame black","0","695","0","0"
"A07020-1","744","Canvas - Journey to the Spirit World","1859","Frame Options - Wood floater frame brown","0","695","0","0"
"A07020-1","744","Canvas - Journey to the Spirit World","1860","Frame Options - Wood floater frame pewter","0","695","0","0"
"W12024-1","746","Canvas - Breath of life","1669","Frame Options - Without frame ","1","325","0","0"
"W12024-1","746","Canvas - Breath of life","1670","Frame Options - Wood floater frame black","0","425","0","0"
"W12024-1","746","Canvas - Breath of life","1671","Frame Options - Wood floater frame brown","0","425","0","0"
"W12024-1","746","Canvas - Breath of life","1672","Frame Options - Wood floater frame pewter","0","425","0","0"
"A13041-1","761","Canvas - Lapinx","1861","Frame Options - Without frame ","1","395","0","120"
"A13041-1","761","Canvas - Lapinx","1862","Frame Options - Wood floater frame black","0","495","0","0"
"A13041-1","761","Canvas - Lapinx","1863","Frame Options - Wood floater frame brown","0","495","0","0"
"A13041-1","761","Canvas - Lapinx","1864","Frame Options - Wood floater frame pewter","0","495","0","0"
"A16052-1","766","Canvas - Zenith","1866","Frame Options - Wood floater frame black","0","345","0","0"
"A16052-1","766","Canvas - Zenith","1867","Frame Options - Wood floater frame brown","0","345","0","0"
"A16052-1","766","Canvas - Zenith","1868","Frame Options - Wood floater frame pewter","0","345","0","0"
"A16052-1","766","Canvas - Zenith","9715","Frame Options - Without frame ","1","245","0","102"
"A16058-1","767","Canvas - Silent Seekers","1829","Frame Options - Without frame ","0","295","0","0"
"A16058-1","767","Canvas - Silent Seekers","1830","Frame Options - Wood floater frame black","1","425","0","0"
"A16058-1","767","Canvas - Silent Seekers","1831","Frame Options - Wood floater frame brown","0","425","0","0"
"A16058-1","767","Canvas - Silent Seekers","1832","Frame Options - Wood floater frame pewter","0","425","0","0"
"A16059-1","768","Canvas - Wisdom Keepers","1833","Frame Options - Without frame ","1","225","0","74.36"
"A16059-1","768","Canvas - Wisdom Keepers","1834","Frame Options - Wood floater frame black","0","325","0","0"
"A16059-1","768","Canvas - Wisdom Keepers","1835","Frame Options - Wood floater frame brown","0","325","0","0"
"A16059-1","768","Canvas - Wisdom Keepers","1836","Frame Options - Wood floater frame pewter","0","325","0","0"
"A16059-1","768","Canvas - Wisdom Keepers","7802","Frame Options - Without frame 24"" x 12""","0","295","0","0"
"A16059-1","768","Canvas - Wisdom Keepers","7803","Frame Options - Wood floater black","0","395","0","0"
"A16059-1","768","Canvas - Wisdom Keepers","7804","Frame Options - Wood floater brown","0","395","0","0"
"A16059-1","768","Canvas - Wisdom Keepers","7805","Frame Options - Wood floater pewter","0","395","0","0"
"A14051-1","770","Canvas - Gezaluwejit","1525","Frame Options - Without frame ","1","295","0","0"
"A14051-1","770","Canvas - Gezaluwejit","1526","Frame Options - Wood floater frame black","0","395","0","0"
"A14051-1","770","Canvas - Gezaluwejit","1527","Frame Options - Wood floater frame brown","0","395","0","0"
"A14051-1","770","Canvas - Gezaluwejit","1528","Frame Options - Wood floater frame pewter","0","395","0","0"
"W13047-1","772","Canvas - Inner Memories","1693","Frame Options - Without frame ","0","295","0","0"
"W13047-1","772","Canvas - Inner Memories","1694","Frame Options - Wood floater frame black","0","395","0","0"
"W13047-1","772","Canvas - Inner Memories","1695","Frame Options - Wood floater frame brown","0","395","0","0"
"W13047-1","772","Canvas - Inner Memories","1696","Frame Options - Wood floater frame pewter","0","395","0","0"
"A12050-1","774","Canvas - Ice Dream","1697","Frame Options - Without frame ","1","295","0","0"
"A12050-1","774","Canvas - Ice Dream","1698","Frame Options - Wood floater frame black","0","395","0","0"
"A12050-1","774","Canvas - Ice Dream","1699","Frame Options - Wood floater frame brown","0","395","0","0"
"A12050-1","774","Canvas - Ice Dream","1700","Frame Options - Wood floater frame pewter","0","395","0","0"
"A13042-1","779","Canvas - Carried Away","1846","Frame Options - Wood floater frame black","0","325","0","0"
"A13042-1","779","Canvas - Carried Away","1847","Frame Options - Wood floater frame brown","0","325","0","0"
"A13042-1","779","Canvas - Carried Away","1848","Frame Options - Wood floater frame pewter","0","325","0","0"
"A13042-1","779","Canvas - Carried Away","7728","Frame Options - Without frame ","1","250","0","0"
"A17065-POD2578","781","Card - The Forest Temple","","Card - The Forest Temple","10","6.35","2.75","0"
"A17063-POD2550","782","Card - Depth","","Card - Depth","13","6.35","2.75","0"
"W17062-7","783","Card - Horizon","","Card - Horizon","0","5.5","2.5","0"
"A17064-POD2563","784","Card - M'Otter love","","Card - M'Otter love","12","6.35","2.75","0"
"A17063-POD2550","785","Matted Print - Depth","","Matted Print - Depth","4","20","7.5","0"
"W17062-6","786","Small Print - Horizon","","Small Print - Horizon","12","25","10.87","0"
"A17064-POD2563","787","Matted Print - M'Otter Love","","Matted Print - M'Otter Love","1","20","7.5","0"
"A17065-6","788","Small Print - The Forest Temple","","Small Print - The Forest Temple","7","25","10.87","0"
"A17065-2","789","Ltd Edition - The Forest Temple","1901","Frame Options - Without frame ","3","140","0","62.7"
"A17065-2","789","Ltd Edition - The Forest Temple","1902","Frame Options - Black rustic frame 1""","0","305","0","0"
"A17065-2","789","Ltd Edition - The Forest Temple","1903","Frame Options - Brown rustic frame 1""","0","305","0","0"
"A17065-2","789","Ltd Edition - The Forest Temple","1904","Frame Options - Grey rustic frame 1""","0","305","0","0"
"A17064-2","790","Ltd Edition - M'Otter Love","1926","Frame Options - Black rustic frame 1""","0","335","0","0"
"A17064-2","790","Ltd Edition - M'Otter Love","1927","Frame Options - Brown rustic frame 1""","0","335","0","0"
"A17064-2","790","Ltd Edition - M'Otter Love","1928","Frame Options - Grey rustic frame 1""","0","335","0","0"
"A17064-2","790","Ltd Edition - M'Otter Love","11349","Frame Options - Without frame 3.30"" x 13.5""","2","135","0","58.5"
"A17064-2","790","Ltd Edition - M'Otter Love","11350","Frame Options - Without frame 6"" x 24""","2","190","0","89.52"
"A17063-2","791","Ltd Edition - Depth","1513","Frame Options - Without frame ","2","170","0","74"
"A17063-2","791","Ltd Edition - Depth","1514","Frame Options - Black rustic frame 1""","0","335","0","0"
"A17063-2","791","Ltd Edition - Depth","1515","Frame Options - Brown rustic frame 1""","0","335","0","0"
"A17063-2","791","Ltd Edition - Depth","1516","Frame Options - Grey rustic frame 1""","0","335","0","0"
"W17062-2","792","Ltd Edition - Horizon","1773","Frame Options - Without frame ","2","170","0","74"
"W17062-2","792","Ltd Edition - Horizon","1774","Frame Options - Black rustic frame 1""","0","335","0","0"
"W17062-2","792","Ltd Edition - Horizon","1775","Frame Options - Brown rustic frame 1""","0","335","0","0"
"W17062-2","792","Ltd Edition - Horizon","1776","Frame Options - Grey rustic frame 1""","0","335","0","0"
"A17065-1","793","Canvas - The Forest Temple","1849","Frame Options - Without frame ","1","445","0","0"
"A17065-1","793","Canvas - The Forest Temple","1850","Frame Options - Wood floater frame black","0","545","0","0"
"A17065-1","793","Canvas - The Forest Temple","1851","Frame Options - Wood floater frame brown","0","545","0","0"
"A17065-1","793","Canvas - The Forest Temple","1852","Frame Options - Wood floater frame pewter","0","545","0","0"
"A17064-1","794","Canvas - Motter Love","1869","Frame Options - Without frame ","0","225","0","0"
"A17064-1","794","Canvas - Motter Love","1870","Frame Options - Wood floater frame black","0","315","0","0"
"A17064-1","794","Canvas - Motter Love","1871","Frame Options - Wood floater frame brown","0","315","0","0"
"A17064-1","794","Canvas - Motter Love","1872","Frame Options - Wood floater frame pewter","0","315","0","0"
"A17063-1","795","Canvas - Depth","1509","Frame Options - Wood floater frame black","0","345","0","0"
"A17063-1","795","Canvas - Depth","1510","Frame Options - Wood floater frame brown","0","345","0","0"
"A17063-1","795","Canvas - Depth","1511","Frame Options - Wood floater frame pewter","0","345","0","0"
"A17063-1","795","Canvas - Depth","1512","Frame Options - Without frame ","0","295","0","295"
"A17063-1","795","Canvas - Depth","6668","Frame Options - Without frame 24"" x 30""","1","495","0","0"
"A08021-7","797","Card - Wikwemikong","","Card - Wikwemikong","4","5.5","2.5","0"
"A09055-7","798","Card - Abundance","","Card - Abundance","13","5.5","2.5","0"
"W18053-7-POD2883","799","Card - Northern Masters","","Card - Northern Masters","8","6.35","2.75","0"
"W18053-6","800","Small Print - Northern Masters","","Small Print - Northern Masters","0","25","10.87","0"
"W18053-2","801","Ltd Edition - Northern Masters","1316","Frame Options - Black rustic frame 1""","0","335","0","0"
"W18053-2","801","Ltd Edition - Northern Masters","1317","Frame Options - Brown rustic frame 1""","0","335","0","0"
"W18053-2","801","Ltd Edition - Northern Masters","1318","Frame Options - Grey rustic frame 1""","0","335","0","0"
"W18053-2","801","Ltd Edition - Northern Masters","1319","Frame Options - Without frame ","3","170","0","74"
"A17064-WPA0301NC03C","804","Carla Palazzo ""M'Otter Love""","3022","Size - XS","0","169","68","0"
"A17064-WPA0301NC03C","804","Carla Palazzo ""M'Otter Love""","3023","Size - S","0","169","68","0"
"A17064-WPA0301NC03C","804","Carla Palazzo ""M'Otter Love""","3024","Size - M","0","169","68","0"
"A17064-WPA0301NC03C","804","Carla Palazzo ""M'Otter Love""","3025","Size - L","0","169","68","0"
"A17064-WPA0301NC03C","804","Carla Palazzo ""M'Otter Love""","3026","Size - XL","0","169","68","0"
"A16058-WPA0301NC04A","805","Carla Palazzo ""Silent Seekers""","1325","Size - XS","1","189","74","0"
"A16058-WPA0301NC04A","805","Carla Palazzo ""Silent Seekers""","1326","Size - S","0","189","74","0"
"A16058-WPA0301NC04A","805","Carla Palazzo ""Silent Seekers""","1327","Size - M","1","189","74","0"
"A16058-WPA0301NC04A","805","Carla Palazzo ""Silent Seekers""","1328","Size - L","1","189","74","0"
"A16058-WPA0301NC04A","805","Carla Palazzo ""Silent Seekers""","1329","Size - XL","1","189","74","0"
"A16058-WNS0701NC04A","807","Coco Tank ""Silent Seekers""","1435","Size - XS","1","79","34.35","0"
"A16058-WNS0701NC04A","807","Coco Tank ""Silent Seekers""","1436","Size - S","1","79","34.35","0"
"A16058-WNS0701NC04A","807","Coco Tank ""Silent Seekers""","1437","Size - M","2","79","34.35","0"
"A16058-WNS0701NC04A","807","Coco Tank ""Silent Seekers""","1438","Size - L","1","79","34.35","0"
"A16058-WNS0701NC04A","807","Coco Tank ""Silent Seekers""","1439","Size - XL","1","79","34.35","0"
"A16051-WNS0701NC05A","808","Coco Tank ""Northern Keepers""","1430","Size - XS","0","79","34.35","0"
"A16051-WNS0701NC05A","808","Coco Tank ""Northern Keepers""","1431","Size - S","1","79","34.35","0"
"A16051-WNS0701NC05A","808","Coco Tank ""Northern Keepers""","1432","Size - M","1","79","34.35","0"
"A16051-WNS0701NC05A","808","Coco Tank ""Northern Keepers""","1433","Size - L","1","79","34.35","0"
"A16051-WNS0701NC05A","808","Coco Tank ""Northern Keepers""","1434","Size - XL","0","79","34.35","0"
"A01028-WNS0701NC08A","809","Coco Tank ""Giving Thanks""","1425","Size - XS","2","79","34.35","0"
"A01028-WNS0701NC08A","809","Coco Tank ""Giving Thanks""","1426","Size - S","0","79","34.35","0"
"A01028-WNS0701NC08A","809","Coco Tank ""Giving Thanks""","1427","Size - M","0","79","34.35","0"
"A01028-WNS0701NC08A","809","Coco Tank ""Giving Thanks""","1428","Size - L","1","79","34.35","0"
"A01028-WNS0701NC08A","809","Coco Tank ""Giving Thanks""","1429","Size - XL","0","79","34.35","0"
"A16051-WLS0401NC05A","810","Dolly Top ""Northern Keepers""","2194","Size - XS","0","119","50","0"
"A16051-WLS0401NC05A","810","Dolly Top ""Northern Keepers""","2195","Size - S","0","119","50","0"
"A16051-WLS0401NC05A","810","Dolly Top ""Northern Keepers""","2196","Size - M","0","119","50","0"
"A16051-WLS0401NC05A","810","Dolly Top ""Northern Keepers""","2197","Size - L","0","119","50","0"
"A16051-WLS0401NC05A","810","Dolly Top ""Northern Keepers""","2198","Size - XL","0","119","50","0"
"A17063-WPA0401NC02A","812","Jackie Legging ""Depth""","1350","Size - XS","0","109","45","0"
"A17063-WPA0401NC02A","812","Jackie Legging ""Depth""","1351","Size - S","0","109","45","0"
"A17063-WPA0401NC02A","812","Jackie Legging ""Depth""","1352","Size - M","0","109","45","0"
"A17063-WPA0401NC02A","812","Jackie Legging ""Depth""","1353","Size - L","0","109","45","0"
"A17063-WPA0401NC02A","812","Jackie Legging ""Depth""","1354","Size - XL","0","109","45","0"
"A17064-WPA0401NC03A","813","Jackie Legging ""M'Otter Love""","1345","Size - XS","0","109","45","0"
"A17064-WPA0401NC03A","813","Jackie Legging ""M'Otter Love""","1346","Size - S","0","109","45","0"
"A17064-WPA0401NC03A","813","Jackie Legging ""M'Otter Love""","1347","Size - M","0","109","45","0"
"A17064-WPA0401NC03A","813","Jackie Legging ""M'Otter Love""","1348","Size - L","0","109","45","0"
"A17064-WPA0401NC03A","813","Jackie Legging ""M'Otter Love""","1349","Size - XL","1","109","45","0"
"A09006-WPA0401NC06A","815","Jackie Legging ""The River Keeper""","1335","Size - XS","0","109","45","0"
"A09006-WPA0401NC06A","815","Jackie Legging ""The River Keeper""","1336","Size - S","0","109","45","0"
"A09006-WPA0401NC06A","815","Jackie Legging ""The River Keeper""","1337","Size - M","0","109","45","0"
"A09006-WPA0401NC06A","815","Jackie Legging ""The River Keeper""","1338","Size - L","0","109","45","0"
"A09006-WPA0401NC06A","815","Jackie Legging ""The River Keeper""","1339","Size - XL","0","109","45","0"
"A17063-MTT0501NC02A","816","Jasper Tie ""Depth""","","Jasper Tie ""Depth""","0","79","33","0"
"A16058-MTT0501NC04A","817","Jasper Tie ""Silent Seekers""","","Jasper Tie ""Silent Seekers""","0","79","32","0"
"A16052-MTT0501NC0BA","818","Jasper Tie ""Zenith""","","Jasper Tie ""Zenith""","0","79","32","0"
"A16059-WDR1001NC0IA","819","Jeanne Dress ""Wisdom Keepers""","3117","Size - XS","0","149","58","0"
"A16059-WDR1001NC0IA","819","Jeanne Dress ""Wisdom Keepers""","3118","Size - S","0","149","58","0"
"A16059-WDR1001NC0IA","819","Jeanne Dress ""Wisdom Keepers""","3119","Size - M","0","149","58","0"
"A16059-WDR1001NC0IA","819","Jeanne Dress ""Wisdom Keepers""","3120","Size - L","0","149","58","0"
"A16059-WDR1001NC0IA","819","Jeanne Dress ""Wisdom Keepers""","3121","Size - XL","1","149","58","0"
"A16058-WSS0901NC04A","820","K Smith T-Shirt ""Silent Seekers""","1405","Size - XS","1","89","35","0"
"A16058-WSS0901NC04A","820","K Smith T-Shirt ""Silent Seekers""","1406","Size - S","1","89","35","0"
"A16058-WSS0901NC04A","820","K Smith T-Shirt ""Silent Seekers""","1407","Size - M","1","89","35","0"
"A16058-WSS0901NC04A","820","K Smith T-Shirt ""Silent Seekers""","1408","Size - L","1","89","35","0"
"A16058-WSS0901NC04A","820","K Smith T-Shirt ""Silent Seekers""","1409","Size - XL","1","89","35","0"
"A17063-WSS0901NC02A","821","K Smith T-Shirt ""Depth""","2313","Size - XS","0","89","35","0"
"A17063-WSS0901NC02A","821","K Smith T-Shirt ""Depth""","2314","Size - S","0","89","35","0"
"A17063-WSS0901NC02A","821","K Smith T-Shirt ""Depth""","2315","Size - M","0","89","35","0"
"A17063-WSS0901NC02A","821","K Smith T-Shirt ""Depth""","2316","Size - L","0","89","35","0"
"A17063-WSS0901NC02A","821","K Smith T-Shirt ""Depth""","2317","Size - XL","0","89","35","0"
"A17064-WNS0801NC03A","822","Kaplan Tank ""M'Otter Love""","1420","Size - XS","1","129","60","0"
"A17064-WNS0801NC03A","822","Kaplan Tank ""M'Otter Love""","1421","Size - S","1","129","60","0"
"A17064-WNS0801NC03A","822","Kaplan Tank ""M'Otter Love""","1422","Size - M","1","129","60","0"
"A17064-WNS0801NC03A","822","Kaplan Tank ""M'Otter Love""","1423","Size - L","1","129","60","0"
"A17064-WNS0801NC03A","822","Kaplan Tank ""M'Otter Love""","1424","Size - XL","1","129","60","0"
"A16058-WNS0801NC04B","823","Kaplan Tank ""Silent Seekers""","1415","Size - XS","1","129","60","0"
"A16058-WNS0801NC04B","823","Kaplan Tank ""Silent Seekers""","1416","Size - S","0","129","60","0"
"A16058-WNS0801NC04B","823","Kaplan Tank ""Silent Seekers""","1417","Size - M","1","129","60","0"
"A16058-WNS0801NC04B","823","Kaplan Tank ""Silent Seekers""","1418","Size - L","1","129","60","0"
"A16058-WNS0801NC04B","823","Kaplan Tank ""Silent Seekers""","1419","Size - XL","0","129","60","0"
"W13023-WNS0801NC09A","824","Kaplan Tank ""Water and Spirit Buffalo""","1410","Size - XS","0","129","60","0"
"W13023-WNS0801NC09A","824","Kaplan Tank ""Water and Spirit Buffalo""","1411","Size - S","0","129","60","0"
"W13023-WNS0801NC09A","824","Kaplan Tank ""Water and Spirit Buffalo""","1412","Size - M","1","129","60","0"
"W13023-WNS0801NC09A","824","Kaplan Tank ""Water and Spirit Buffalo""","1413","Size - L","0","129","60","0"
"W13023-WNS0801NC09A","824","Kaplan Tank ""Water and Spirit Buffalo""","1414","Size - XL","0","129","60","0"
"A17063-WDR2601NC02A","825","Kate Dress ""Depth""","1395","Size - XS","0","169","64.5","0"
"A17063-WDR2601NC02A","825","Kate Dress ""Depth""","1396","Size - S","1","169","64.5","0"
"A17063-WDR2601NC02A","825","Kate Dress ""Depth""","1397","Size - M","0","169","64.5","0"
"A17063-WDR2601NC02A","825","Kate Dress ""Depth""","1398","Size - L","0","169","64.5","0"
"A17063-WDR2601NC02A","825","Kate Dress ""Depth""","1399","Size - XL","1","169","64.5","0"
"A17064-WDR2601NC03D","826","Kate Dress ""M'Otter Love""","1390","Size - XS","1","169","64.5","0"
"A17064-WDR2601NC03D","826","Kate Dress ""M'Otter Love""","1391","Size - S","1","169","64.5","0"
"A17064-WDR2601NC03D","826","Kate Dress ""M'Otter Love""","1392","Size - M","0","169","64.5","0"
"A17064-WDR2601NC03D","826","Kate Dress ""M'Otter Love""","1393","Size - L","0","169","64.5","0"
"A17064-WDR2601NC03D","826","Kate Dress ""M'Otter Love""","1394","Size - XL","1","169","64.5","0"
"A16058-WDR2601NC04A","827","Kate Dress ""Silent Seekers""","1385","Size - XS","1","169","64.5","0"
"A16058-WDR2601NC04A","827","Kate Dress ""Silent Seekers""","1386","Size - S","1","169","64.5","0"
"A16058-WDR2601NC04A","827","Kate Dress ""Silent Seekers""","1387","Size - M","1","169","64.5","0"
"A16058-WDR2601NC04A","827","Kate Dress ""Silent Seekers""","1388","Size - L","0","169","64.5","0"
"A16058-WDR2601NC04A","827","Kate Dress ""Silent Seekers""","1389","Size - XL","1","169","64.5","0"
"A16051-WDR2601NC05A","828","Kate Dress ""Northern Keepers""","1380","Size - XS","1","169","64.5","0"
"A16051-WDR2601NC05A","828","Kate Dress ""Northern Keepers""","1381","Size - S","0","169","64.5","0"
"A16051-WDR2601NC05A","828","Kate Dress ""Northern Keepers""","1382","Size - M","1","169","64.5","0"
"A16051-WDR2601NC05A","828","Kate Dress ""Northern Keepers""","1383","Size - L","0","169","64.5","0"
"A16051-WDR2601NC05A","828","Kate Dress ""Northern Keepers""","1384","Size - XL","1","169","64.5","0"
"A09006-WDR2601NC06A","829","Kate Dress ""The River Keeper""","1375","Size - XS","0","169","64.5","0"
"A09006-WDR2601NC06A","829","Kate Dress ""The River Keeper""","1376","Size - S","0","169","64.5","0"
"A09006-WDR2601NC06A","829","Kate Dress ""The River Keeper""","1377","Size - M","0","169","64.5","0"
"A09006-WDR2601NC06A","829","Kate Dress ""The River Keeper""","1378","Size - L","0","169","64.5","0"
"A09006-WDR2601NC06A","829","Kate Dress ""The River Keeper""","1379","Size - XL","1","169","64.5","0"
"A01028-WDR2601NC08A","830","Kate Dress ""Giving Thanks""","3042","Size - XS","1","169","64.5","0"
"A01028-WDR2601NC08A","830","Kate Dress ""Giving Thanks""","3043","Size - S","1","169","64.5","0"
"A01028-WDR2601NC08A","830","Kate Dress ""Giving Thanks""","3044","Size - M","1","169","64.5","0"
"A01028-WDR2601NC08A","830","Kate Dress ""Giving Thanks""","3045","Size - L","0","169","64.5","0"
"A01028-WDR2601NC08A","830","Kate Dress ""Giving Thanks""","3046","Size - XL","0","169","64.5","0"
"W13023-WDR2601NC09A","831","Kate Dress ""Water and Spirit Buffalo""","1365","Size - XS","1","169","64.5","0"
"W13023-WDR2601NC09A","831","Kate Dress ""Water and Spirit Buffalo""","1366","Size - S","0","169","64.5","0"
"W13023-WDR2601NC09A","831","Kate Dress ""Water and Spirit Buffalo""","1367","Size - M","0","169","64.5","0"
"W13023-WDR2601NC09A","831","Kate Dress ""Water and Spirit Buffalo""","1368","Size - L","0","169","64.5","0"
"W13023-WDR2601NC09A","831","Kate Dress ""Water and Spirit Buffalo""","1369","Size - XL","2","169","64.5","0"
"A07020-WDR2601NC0AB","832","Kate Dress ""Journey to the Spirit World""","1360","Size - XS","0","169","64.5","0"
"A07020-WDR2601NC0AB","832","Kate Dress ""Journey to the Spirit World""","1361","Size - S","1","169","64.5","0"
"A07020-WDR2601NC0AB","832","Kate Dress ""Journey to the Spirit World""","1362","Size - M","0","169","64.5","0"
"A07020-WDR2601NC0AB","832","Kate Dress ""Journey to the Spirit World""","1363","Size - L","0","169","64.5","0"
"A07020-WDR2601NC0AB","832","Kate Dress ""Journey to the Spirit World""","1364","Size - XL","1","169","64.5","0"
"A08011-WDR3101NC0HA","833","Marianne Flare Dress ""Whisper""","1355","Size - XS","0","139","58","0"
"A08011-WDR3101NC0HA","833","Marianne Flare Dress ""Whisper""","1356","Size - S","0","139","58","0"
"A08011-WDR3101NC0HA","833","Marianne Flare Dress ""Whisper""","1357","Size - M","0","139","58","0"
"A16058-UAC1801NC04A","835","Pablo Pillow ""Silent Seekers""","","Pablo Pillow ""Silent Seekers""","3","59","21","0"
"W13023-UAC1801NC09A","837","Pablo Pillow ""Water and Spirit Buffalo""","","Pablo Pillow ""Water and Spirit Buffalo""","2","59","21","0"
"A07020-UAC1801NC0AB","838","Pablo Pillow ""Journey to the Spirit World""","","Pablo Pillow ""Journey to the Spirit World""","3","59","21","0"
"A16051-WDR1601NC05A","841","Patti Tunic ""Northern Keepers""","1480","Size - XS","1","129","50.5","0"
"A16051-WDR1601NC05A","841","Patti Tunic ""Northern Keepers""","1481","Size - S","0","129","50.5","0"
"A16051-WDR1601NC05A","841","Patti Tunic ""Northern Keepers""","1482","Size - M","0","129","50.5","0"
"A16051-WDR1601NC05A","841","Patti Tunic ""Northern Keepers""","1483","Size - L","0","129","50.5","0"
"A16051-WDR1601NC05A","841","Patti Tunic ""Northern Keepers""","1484","Size - XL","0","129","50.5","0"
"A17063-WAC0201NC02A","845","Vivienne Scarf ""Depth""","","Vivienne Scarf ""Depth""","3","59","23","0"
"A17064-WAC0201NC03A","846","Vivienne Scarf ""M'Otter Love""","","Vivienne Scarf ""M'Otter Love""","4","59","23","0"
"A16058-WAC0201NC04A","847","Vivienne Scarf ""Silent Seekers""","","Vivienne Scarf ""Silent Seekers""","3","59","23","0"
"A16051-WAC0201NC05A","848","Vivienne Scarf ""Northern Keepers""","","Vivienne Scarf ""Northern Keepers""","5","59","23","0"
"A09006-WAC0201NC06A","849","Vivienne Scarf ""The River Keeper""","","Vivienne Scarf ""The River Keeper""","5","59","23","0"
"W12001-WAC0201NC07B","850","Vivienne Scarf ""Dialogue""","","Vivienne Scarf ""Dialogue""","4","59","23","0"
"A01028-WAC0201NC08A","851","Vivienne Scarf ""Giving Thanks""","","Vivienne Scarf ""Giving Thanks""","3","59","23","0"
"W13023-WAC0201NC09A","852","Vivienne Scarf ""Water and Spirit Buffalo""","","Vivienne Scarf ""Water and Spirit Buffalo""","4","59","23","0"
"A07020-WAC0201NC0AA","853","Vivienne Scarf ""Journey to the Spirit World""","","Vivienne Scarf ""Journey to the Spirit World""","5","59","23","0"
"A16052-WAC0201NC0BA","854","Vivienne Scarf ""Zenith""","","Vivienne Scarf ""Zenith""","4","59","23","0"
"A17065-WAC0201NC0CA","855","Vivienne Scarf ""Forest Temple""","","Vivienne Scarf ""Forest Temple""","6","59","23","0"
"A17063-WSS0701NC02A","856","Yoko Cape Tunic ""Depth""","3177","Size - XS","0","139","65","0"
"A17063-WSS0701NC02A","856","Yoko Cape Tunic ""Depth""","3178","Size - S","0","139","65","0"
"A17063-WSS0701NC02A","856","Yoko Cape Tunic ""Depth""","3179","Size - M","1","139","65","0"
"A17063-WSS0701NC02A","856","Yoko Cape Tunic ""Depth""","3180","Size - L","0","139","65","0"
"A17063-WSS0701NC02A","856","Yoko Cape Tunic ""Depth""","3181","Size - XL","0","139","65","0"
"A17064-WSS0701NC03C","858","Yoko Cape Tunic ""M'Otter Love""","1465","Size - XS","1","139","65","0"
"A17064-WSS0701NC03C","858","Yoko Cape Tunic ""M'Otter Love""","2070","Size - S","1","139","65","0"
"A17064-WSS0701NC03C","858","Yoko Cape Tunic ""M'Otter Love""","2071","Size - M","1","139","65","0"
"A17064-WSS0701NC03C","858","Yoko Cape Tunic ""M'Otter Love""","2072","Size - L","1","139","65","0"
"A17064-WSS0701NC03C","858","Yoko Cape Tunic ""M'Otter Love""","2073","Size - XL","1","139","65","0"
"A16058-WSS0701NC04A","859","Yoko Cape Tunic ""Silent Seekers""","1460","Size - XS","1","139","65","0"
"A16058-WSS0701NC04A","859","Yoko Cape Tunic ""Silent Seekers""","1461","Size - S","1","139","65","0"
"A16058-WSS0701NC04A","859","Yoko Cape Tunic ""Silent Seekers""","1462","Size - M","1","139","65","0"
"A16058-WSS0701NC04A","859","Yoko Cape Tunic ""Silent Seekers""","1463","Size - L","0","139","65","0"
"A16058-WSS0701NC04A","859","Yoko Cape Tunic ""Silent Seekers""","1464","Size - XL","1","139","65","0"
"A16051-WSS0701NC05A","861","Yoko Cape Tunic ""Nothern Keepers""","3182","Size - XS","1","139","65","0"
"A16051-WSS0701NC05A","861","Yoko Cape Tunic ""Nothern Keepers""","3183","Size - S","0","139","65","0"
"A16051-WSS0701NC05A","861","Yoko Cape Tunic ""Nothern Keepers""","3184","Size - M","0","139","65","0"
"A16051-WSS0701NC05A","861","Yoko Cape Tunic ""Nothern Keepers""","3185","Size - L","0","139","65","0"
"A16051-WSS0701NC05A","861","Yoko Cape Tunic ""Nothern Keepers""","3186","Size - XL","0","139","65","0"
"W13023-WSS0701NC09A","862","Yoko Cape Tunic ""Water & Spirit Buffalo""","3187","Size - XS","1","139","65","0"
"W13023-WSS0701NC09A","862","Yoko Cape Tunic ""Water & Spirit Buffalo""","3188","Size - S","1","139","65","0"
"W13023-WSS0701NC09A","862","Yoko Cape Tunic ""Water & Spirit Buffalo""","3189","Size - M","0","139","65","0"
"W13023-WSS0701NC09A","862","Yoko Cape Tunic ""Water & Spirit Buffalo""","3190","Size - L","0","139","65","0"
"W13023-WSS0701NC09A","862","Yoko Cape Tunic ""Water & Spirit Buffalo""","3191","Size - XL","0","139","65","0"
"WSS0701NC0AA","863","Yoko Cape Tunic ""Journey to the Spirit World""","3192","Size - XS","0","139","65","0"
"WSS0701NC0AA","863","Yoko Cape Tunic ""Journey to the Spirit World""","3193","Size - S","0","139","65","0"
"WSS0701NC0AA","863","Yoko Cape Tunic ""Journey to the Spirit World""","3194","Size - M","0","139","65","0"
"WSS0701NC0AA","863","Yoko Cape Tunic ""Journey to the Spirit World""","3195","Size - L","0","139","65","0"
"WSS0701NC0AA","863","Yoko Cape Tunic ""Journey to the Spirit World""","3196","Size - XL","0","139","65","0"
"A16059-WSS0701NC0IA","864","Yoko Cape Tunic ""Wisdom Keepers""","1440","Size - XS","0","139","65","0"
"A16059-WSS0701NC0IA","864","Yoko Cape Tunic ""Wisdom Keepers""","1441","Size - S","1","139","65","0"
"A16059-WSS0701NC0IA","864","Yoko Cape Tunic ""Wisdom Keepers""","1442","Size - M","0","139","65","0"
"A16059-WSS0701NC0IA","864","Yoko Cape Tunic ""Wisdom Keepers""","1443","Size - L","0","139","65","0"
"A16059-WSS0701NC0IA","864","Yoko Cape Tunic ""Wisdom Keepers""","1444","Size - XL","1","139","65","0"
"A17064-WSS0901NC03B","865","K Smith T-Shirt ""M'Otter Love""","3312","Size - XS","1","89","35","0"
"A17064-WSS0901NC03B","865","K Smith T-Shirt ""M'Otter Love""","3313","Size - S","1","89","35","0"
"A17064-WSS0901NC03B","865","K Smith T-Shirt ""M'Otter Love""","3314","Size - M","1","89","35","0"
"A17064-WSS0901NC03B","865","K Smith T-Shirt ""M'Otter Love""","3315","Size - L","1","89","35","0"
"A17064-WSS0901NC03B","865","K Smith T-Shirt ""M'Otter Love""","3316","Size - XL","0","89","35","0"
"W12018-UAC1801NC0DB","868","Pablo Pillow ""Early Evening Flowing into Fall""","","Pablo Pillow ""Early Evening Flowing into Fall""","2","59","21","0"
"A13041-UAC1801NC0EB","869","Pablo Pillow ""Lapinx""","","Pablo Pillow ""Lapinx""","3","59","21","0"
"A17065-UAC0301NC0CC","870","Pablo Pillow ""Forest Temple""","","Pablo Pillow ""Forest Temple""","2","59","21","0"
"A17065-UAC0301NCOCA","874","Reuben Tote Bag ""Forest Temple""","","Reuben Tote Bag ""Forest Temple""","0","49","21","0"
"W12018-UAC0301NC0DA","875","Reuben Tote Bag ""Early Evening Flowing into Fall""","","Reuben Tote Bag ""Early Evening Flowing into Fall""","0","49","21","0"
"A08011-UAC0301NC0HA","876","Reuben Tote Bag ""Whisper""","","Reuben Tote Bag ""Whisper""","3","49","21","0"
"A16059-UAC0301NC0IA","877","Reuben Tote Bag ""Wisdom Seekers""","","Reuben Tote Bag ""Wisdom Seekers""","2","49","21","0"
"A16059-WDR2901NC0IB","879","Joni Dress ""Wisdom Keepers""","3087","Size - XS","0","139","0","0"
"A16059-WDR2901NC0IB","879","Joni Dress ""Wisdom Keepers""","3088","Size - S","0","139","0","0"
"A16059-WDR2901NC0IB","879","Joni Dress ""Wisdom Keepers""","3089","Size - M","0","139","0","0"
"A16059-WDR2901NC0IB","879","Joni Dress ""Wisdom Keepers""","3090","Size - L","0","139","0","0"
"A16059-WDR2901NC0IB","879","Joni Dress ""Wisdom Keepers""","3091","Size - XL","0","139","0","0"
"A13041-WDR2901NC0EB","881","Joni Dress ""Lapinx""","3097","Size - XS","0","139","59.1","0"
"A13041-WDR2901NC0EB","881","Joni Dress ""Lapinx""","3098","Size - S","1","139","59.1","0"
"A13041-WDR2901NC0EB","881","Joni Dress ""Lapinx""","3099","Size - M","0","139","59.1","0"
"A13041-WDR2901NC0EB","881","Joni Dress ""Lapinx""","3100","Size - L","0","139","59.1","0"
"A13041-WDR2901NC0EB","881","Joni Dress ""Lapinx""","3101","Size - XL","0","139","59.1","0"
"A07020-MTT0501NC0AA","892","Jasper Tie ""Journey to the Spirit World""","","Jasper Tie ""Journey to the Spirit World""","2","79","32","0"
"W13023-MTT0501NC09A","893","Jasper Tie ""Water and Spirit Buffalo""","","Jasper Tie ""Water and Spirit Buffalo""","0","79","32","0"
"A16059-WPA0401NC0IB","894","Jackie Legging ""Wisdom Keepers""","3007","Size - XS","0","109","44.01","0"
"A16059-WPA0401NC0IB","894","Jackie Legging ""Wisdom Keepers""","3008","Size - S","0","109","44.01","0"
"A16059-WPA0401NC0IB","894","Jackie Legging ""Wisdom Keepers""","3009","Size - M","0","109","44.01","0"
"A16059-WPA0401NC0IB","894","Jackie Legging ""Wisdom Keepers""","3010","Size - L","0","109","44.01","0"
"A16059-WPA0401NC0IB","894","Jackie Legging ""Wisdom Keepers""","3011","Size - XL","1","109","44.01","0"
"W12018-WSS0701NC0DB","895","Yoko Cape Tunic ""Early Evening Flowing into Fall""","3197","Size - XS","1","139","65","0"
"W12018-WSS0701NC0DB","895","Yoko Cape Tunic ""Early Evening Flowing into Fall""","3198","Size - S","0","139","65","0"
"W12018-WSS0701NC0DB","895","Yoko Cape Tunic ""Early Evening Flowing into Fall""","3199","Size - M","0","139","65","0"
"W12018-WSS0701NC0DB","895","Yoko Cape Tunic ""Early Evening Flowing into Fall""","3200","Size - L","0","139","65","0"
"W12018-WSS0701NC0DB","895","Yoko Cape Tunic ""Early Evening Flowing into Fall""","3201","Size - XL","0","139","65","0"
"WSS0701NC0CC","896","Yoko Cape Tunic ""The Forest Temple""","2062","Size - XS","0","139","65","0"
"WSS0701NC0CC","896","Yoko Cape Tunic ""The Forest Temple""","2063","Size - S","0","139","65","0"
"WSS0701NC0CC","896","Yoko Cape Tunic ""The Forest Temple""","2064","Size - M","0","139","65","0"
"WSS0701NC0CC","896","Yoko Cape Tunic ""The Forest Temple""","2065","Size - L","0","139","65","0"
"WSS0701NC0CC","896","Yoko Cape Tunic ""The Forest Temple""","2066","Size - XL","0","139","65","0"
"A08011-MSS0701NC0HA","898","Salvadore Tee for Men ""Whisper""","3332","Size - XS","0","89","36","0"
"A08011-MSS0701NC0HA","898","Salvadore Tee for Men ""Whisper""","3333","Size - S","1","89","36","0"
"A08011-MSS0701NC0HA","898","Salvadore Tee for Men ""Whisper""","3334","Size - M","1","89","36","0"
"A08011-MSS0701NC0HA","898","Salvadore Tee for Men ""Whisper""","3335","Size - L","1","89","36","0"
"A08011-MSS0701NC0HA","898","Salvadore Tee for Men ""Whisper""","3336","Size - XL","1","89","36","0"
"W12018-WDR3101NC0DB","907","Marianne Flare Dress ""Early Evening Flowing into Fall""","3144","Size - M","0","139","64.5","0"
"W12018-WDR3101NC0DB","907","Marianne Flare Dress ""Early Evening Flowing into Fall""","3145","Size - L","0","139","64.5","0"
"W12018-WDR3101NC0DB","907","Marianne Flare Dress ""Early Evening Flowing into Fall""","3146","Size - XL","0","139","64.5","0"
"W12018-WDR3101NC0DB","907","Marianne Flare Dress ""Early Evening Flowing into Fall""","8319","Size - XS","0","139","64.5","0"
"W12018-WDR3101NC0DB","907","Marianne Flare Dress ""Early Evening Flowing into Fall""","8320","Size - S","0","139","64.5","0"
"W12018-WDR2601NC0DB","911","Kate Dress ""Early Evening Flowing into Fall""","3037","Size - XS","1","169","64.5","0"
"W12018-WDR2601NC0DB","911","Kate Dress ""Early Evening Flowing into Fall""","3038","Size - S","2","169","64.5","0"
"W12018-WDR2601NC0DB","911","Kate Dress ""Early Evening Flowing into Fall""","3039","Size - M","0","169","64.5","0"
"W12018-WDR2601NC0DB","911","Kate Dress ""Early Evening Flowing into Fall""","3040","Size - L","1","169","64.5","0"
"W12018-WDR2601NC0DB","911","Kate Dress ""Early Evening Flowing into Fall""","3041","Size - XL","0","169","64.5","0"
"A17065-WDR1001NC0CB","912","Jeanne Dress ""Forest Temple""","3107","Size - XS","1","149","67","0"
"A17065-WDR1001NC0CB","912","Jeanne Dress ""Forest Temple""","3108","Size - S","0","149","67","0"
"A17065-WDR1001NC0CB","912","Jeanne Dress ""Forest Temple""","3109","Size - M","1","149","67","0"
"A17065-WDR1001NC0CB","912","Jeanne Dress ""Forest Temple""","3110","Size - L","1","149","67","0"
"A17065-WDR1001NC0CB","912","Jeanne Dress ""Forest Temple""","3111","Size - XL","1","149","67","0"
"W13023-WLS0401NC09A","913","Dolly Top ""Spirit and Water Buffalo""","3217","Size - XS","0","119","50","0"
"W13023-WLS0401NC09A","913","Dolly Top ""Spirit and Water Buffalo""","3218","Size - S","1","119","50","0"
"W13023-WLS0401NC09A","913","Dolly Top ""Spirit and Water Buffalo""","3219","Size - M","0","119","50","0"
"W13023-WLS0401NC09A","913","Dolly Top ""Spirit and Water Buffalo""","3220","Size - L","0","119","50","0"
"W13023-WLS0401NC09A","913","Dolly Top ""Spirit and Water Buffalo""","3221","Size - XL","0","119","50","0"
"A17065-WLS0401NC0CB","914","Dolly Top ""Forest Temple""","3222","Size - XS","0","119","50","0"
"A17065-WLS0401NC0CB","914","Dolly Top ""Forest Temple""","3223","Size - S","0","119","50","0"
"A17065-WLS0401NC0CB","914","Dolly Top ""Forest Temple""","3224","Size - M","0","119","50","0"
"A17065-WLS0401NC0CB","914","Dolly Top ""Forest Temple""","3225","Size - L","0","119","50","0"
"A17065-WLS0401NC0CB","914","Dolly Top ""Forest Temple""","3226","Size - XL","0","119","50","0"
"W12018-WLS0401NC0DB","915","Dolly Top ""Early Evening Flowing into Fall""","3227","Size - XS","0","119","50","0"
"W12018-WLS0401NC0DB","915","Dolly Top ""Early Evening Flowing into Fall""","3228","Size - S","0","119","50","0"
"W12018-WLS0401NC0DB","915","Dolly Top ""Early Evening Flowing into Fall""","3229","Size - M","0","119","50","0"
"W12018-WLS0401NC0DB","915","Dolly Top ""Early Evening Flowing into Fall""","3230","Size - L","0","119","50","0"
"W12018-WLS0401NC0DB","915","Dolly Top ""Early Evening Flowing into Fall""","3231","Size - XL","0","119","50","0"
"A16059-WBL0301NC0IA","916","Frida Cardigan ""Wisdom Keepers""","2927","Size - XS","1","129","52.5","0"
"A16059-WBL0301NC0IA","916","Frida Cardigan ""Wisdom Keepers""","2928","Size - S","1","129","52.5","0"
"A16059-WBL0301NC0IA","916","Frida Cardigan ""Wisdom Keepers""","2929","Size - M","1","129","52.5","0"
"A16059-WBL0301NC0IA","916","Frida Cardigan ""Wisdom Keepers""","2930","Size - L","1","129","52.5","0"
"A16059-WBL0301NC0IA","916","Frida Cardigan ""Wisdom Keepers""","2931","Size - XL","1","129","52.5","0"
"A08011-WBL0301NC0HB","917","Frida Cardigan ""Whisper""","2942","Size - XS","0","129","52.5","0"
"A08011-WBL0301NC0HB","917","Frida Cardigan ""Whisper""","2943","Size - S","0","129","52.5","0"
"A08011-WBL0301NC0HB","917","Frida Cardigan ""Whisper""","2944","Size - M","1","129","52.5","0"
"A08011-WBL0301NC0HB","917","Frida Cardigan ""Whisper""","2945","Size - L","1","129","52.5","0"
"A08011-WBL0301NC0HB","917","Frida Cardigan ""Whisper""","2946","Size - XL","0","129","52.5","0"
"A17065-WBL0301NC0CB","918","Frida Cardigan ""The Forest Temple""","2937","Size - XS","1","129","52.5","0"
"A17065-WBL0301NC0CB","918","Frida Cardigan ""The Forest Temple""","2938","Size - S","0","129","52.5","0"
"A17065-WBL0301NC0CB","918","Frida Cardigan ""The Forest Temple""","2939","Size - M","0","129","52.5","0"
"A17065-WBL0301NC0CB","918","Frida Cardigan ""The Forest Temple""","2940","Size - L","0","129","52.5","0"
"A17065-WBL0301NC0CB","918","Frida Cardigan ""The Forest Temple""","2941","Size - XL","0","129","52.5","0"
"A07020-WBL0301NC0AA","920","Frida Cardigan ""Journey to the Spirit World""","2922","Size - XS","0","129","52.5","0"
"A07020-WBL0301NC0AA","920","Frida Cardigan ""Journey to the Spirit World""","2923","Size - S","1","129","52.5","0"
"A07020-WBL0301NC0AA","920","Frida Cardigan ""Journey to the Spirit World""","2924","Size - M","1","129","52.5","0"
"A07020-WBL0301NC0AA","920","Frida Cardigan ""Journey to the Spirit World""","2925","Size - L","1","129","52.5","0"
"A07020-WBL0301NC0AA","920","Frida Cardigan ""Journey to the Spirit World""","2926","Size - XL","1","129","52.5","0"
"189","927","Leather Moccasins for Men","2127","Shoe Size - 13","1","103","55","0"
"189","927","Leather Moccasins for Men","2128","Shoe Size - 12","2","103","55","0"
"189","927","Leather Moccasins for Men","2129","Shoe Size - 11","1","103","55","0"
"189","927","Leather Moccasins for Men","2566","Shoe Size - 15","1","113","55","0"
"189","927","Leather Moccasins for Men","2567","Shoe Size - 14","1","113","55","0"
"189","927","Leather Moccasins for Men","7177","Shoe Size - 6","0","103","55","0"
"189","927","Leather Moccasins for Men","7178","Shoe Size - 7","1","103","55","0"
"189","927","Leather Moccasins for Men","7179","Shoe Size - 8","0","103","55","0"
"189","927","Leather Moccasins for Men","7180","Shoe Size - 9","1","103","55","0"
"189","927","Leather Moccasins for Men","7181","Shoe Size - 10","0","103","55","0"
"188","928","Leather Moccasins for Men","2135","Shoe Size - 12","0","103","0","0"
"188","928","Leather Moccasins for Men","2136","Shoe Size - 11","0","103","0","0"
"188","928","Leather Moccasins for Men","2137","Shoe Size - 10","0","103","0","0"
"188","928","Leather Moccasins for Men","2138","Shoe Size - 6","0","103","0","0"
"188","928","Leather Moccasins for Men","2139","Shoe Size - 7","0","103","0","0"
"188","928","Leather Moccasins for Men","2140","Shoe Size - 8","0","103","0","0"
"188","928","Leather Moccasins for Men","2141","Shoe Size - 9","0","103","0","0"
"188","928","Leather Moccasins for Men","2142","Shoe Size - 13","0","103","0","0"
"188","928","Leather Moccasins for Men","2552","Shoe Size - 14","0","113","0","0"
"188","928","Leather Moccasins for Men","2553","Shoe Size - 15","0","113","0","0"
"186","930","Leather Moccasins for Men","2153","Shoe Size - 12","0","103","0","101"
"186","930","Leather Moccasins for Men","2154","Shoe Size - 11","0","103","0","101"
"186","930","Leather Moccasins for Men","2155","Shoe Size - 10","0","103","0","101"
"186","930","Leather Moccasins for Men","2156","Shoe Size - 6","0","103","0","101"
"186","930","Leather Moccasins for Men","2159","Shoe Size - 9","0","103","0","101"
"186","930","Leather Moccasins for Men","2160","Shoe Size - 13","0","103","0","101"
"186","930","Leather Moccasins for Men","7182","Shoe Size - 7","0","103","0","101"
"186","930","Leather Moccasins for Men","7183","Shoe Size - 8","2","103","0","101"
"186","930","Leather Moccasins for Men","7184","Shoe Size - 14","0","113","0","0"
"186","930","Leather Moccasins for Men","7185","Shoe Size - 15","0","113","0","0"
"193","932","Leather Moccasins for Men","12334","Shoe Size - 6","0","122","52.5","0"
"193","932","Leather Moccasins for Men","12335","Shoe Size - 7","0","122","52.5","0"
"193","932","Leather Moccasins for Men","12336","Shoe Size - 8","0","122","52.5","0"
"193","932","Leather Moccasins for Men","12337","Shoe Size - 9","0","122","52.5","0"
"193","932","Leather Moccasins for Men","12338","Shoe Size - 10","0","122","52.5","0"
"193","932","Leather Moccasins for Men","12339","Shoe Size - 11","0","122","52.5","0"
"193","932","Leather Moccasins for Men","12340","Shoe Size - 12","0","122","52.5","0"
"193","932","Leather Moccasins for Men","12341","Shoe Size - 13","0","122","52.5","0"
"A17063-UAC1801NC02A","933","Pablo Pillow ""Depth""","","Pablo Pillow ""Depth""","3","59","23","0"
"A17063-WLS0401NC02A","939","Dolly Top ""Depth""","3232","Size - XS","0","119","50","0"
"A17063-WLS0401NC02A","939","Dolly Top ""Depth""","3233","Size - S","0","119","50","0"
"A17063-WLS0401NC02A","939","Dolly Top ""Depth""","3234","Size - M","0","119","50","0"
"A17063-WLS0401NC02A","939","Dolly Top ""Depth""","3235","Size - L","0","119","50","0"
"A17063-WLS0401NC02A","939","Dolly Top ""Depth""","3236","Size - XL","0","119","50","0"
"A08013-WLS0401NC0FB","940","Dolly Top ""New Day""","3237","Size - XS","0","119","50","0"
"A08013-WLS0401NC0FB","940","Dolly Top ""New Day""","3238","Size - S","0","119","50","0"
"A08013-WLS0401NC0FB","940","Dolly Top ""New Day""","3239","Size - M","0","119","50","0"
"A08013-WLS0401NC0FB","940","Dolly Top ""New Day""","3240","Size - L","0","119","50","0"
"A08013-WLS0401NC0FB","940","Dolly Top ""New Day""","3241","Size - XL","0","119","50","0"
"A16058-WLS0401NC04A","941","Dolly Top ""Silent Seekers""","3242","Size - XS","0","119","50","0"
"A16058-WLS0401NC04A","941","Dolly Top ""Silent Seekers""","3243","Size - S","0","119","50","0"
"A16058-WLS0401NC04A","941","Dolly Top ""Silent Seekers""","3244","Size - M","0","119","50","0"
"A16058-WLS0401NC04A","941","Dolly Top ""Silent Seekers""","3245","Size - L","0","119","50","0"
"A16058-WLS0401NC04A","941","Dolly Top ""Silent Seekers""","3246","Size - XL","0","119","50","0"
"W12018-WNS0801NC0DB","942","Kaplan Tank ""Early Evening Flowing Into Fall""","3267","Size - XS","0","129","60","0"
"W12018-WNS0801NC0DB","942","Kaplan Tank ""Early Evening Flowing Into Fall""","3268","Size - S","0","129","60","0"
"W12018-WNS0801NC0DB","942","Kaplan Tank ""Early Evening Flowing Into Fall""","3269","Size - M","0","129","60","0"
"W12018-WNS0801NC0DB","942","Kaplan Tank ""Early Evening Flowing Into Fall""","3270","Size - L","0","129","60","0"
"W12018-WNS0801NC0DB","942","Kaplan Tank ""Early Evening Flowing Into Fall""","3271","Size - XL","1","129","60","0"
"A08013-WNS0801NC0FC","944","Kaplan Tank ""New Day""","3277","Size - XS","1","129","60","0"
"A08013-WNS0801NC0FC","944","Kaplan Tank ""New Day""","3278","Size - S","1","129","60","0"
"A08013-WNS0801NC0FC","944","Kaplan Tank ""New Day""","3279","Size - M","0","129","60","0"
"A08013-WNS0801NC0FC","944","Kaplan Tank ""New Day""","3280","Size - L","0","129","60","0"
"A08013-WNS0801NC0FC","944","Kaplan Tank ""New Day""","3281","Size - XL","0","129","60","0"
"W18053-WNS0801NC0JB","945","Kaplan Tank ""Northern Masters""","3282","Size - XS","0","129","60","0"
"W18053-WNS0801NC0JB","945","Kaplan Tank ""Northern Masters""","3283","Size - S","1","129","60","0"
"W18053-WNS0801NC0JB","945","Kaplan Tank ""Northern Masters""","3284","Size - M","0","129","60","0"
"W18053-WNS0801NC0JB","945","Kaplan Tank ""Northern Masters""","3285","Size - L","0","129","60","0"
"W18053-WNS0801NC0JB","945","Kaplan Tank ""Northern Masters""","3286","Size - XL","0","129","60","0"
"W12008-WNS0801NC07B","947","Kaplan Tank ""Winter Wolves""","3292","Size - XS","0","129","60","0"
"W12008-WNS0801NC07B","947","Kaplan Tank ""Winter Wolves""","3293","Size - S","0","129","60","0"
"W12008-WNS0801NC07B","947","Kaplan Tank ""Winter Wolves""","3294","Size - M","0","129","60","0"
"W12008-WNS0801NC07B","947","Kaplan Tank ""Winter Wolves""","3295","Size - L","1","129","60","0"
"W12008-WNS0801NC07B","947","Kaplan Tank ""Winter Wolves""","3296","Size - XL","0","129","60","0"
"A01028-UAC1801NC08B","948","Pablo Pillow ""Giving Thanks""","","Pablo Pillow ""Giving Thanks""","1","59","21","0"
"A16059-MSS0701NC0IA","951","Salvadore Tee for Men ""Wisdom Keepers""","3337","Size - XS","0","89","36","0"
"A16059-MSS0701NC0IA","951","Salvadore Tee for Men ""Wisdom Keepers""","3338","Size - S","0","89","36","0"
"A16059-MSS0701NC0IA","951","Salvadore Tee for Men ""Wisdom Keepers""","3339","Size - M","1","89","36","0"
"A16059-MSS0701NC0IA","951","Salvadore Tee for Men ""Wisdom Keepers""","3340","Size - L","0","89","36","0"
"A16059-MSS0701NC0IA","951","Salvadore Tee for Men ""Wisdom Keepers""","3341","Size - XL","0","89","36","0"
"A16059-MSS0701NC0DA","952","Salvadore Tee for Men ""Early Evening Flowing Into Fall""","3342","Size - XS","0","89","36","0"
"A16059-MSS0701NC0DA","952","Salvadore Tee for Men ""Early Evening Flowing Into Fall""","3343","Size - S","0","89","36","0"
"A16059-MSS0701NC0DA","952","Salvadore Tee for Men ""Early Evening Flowing Into Fall""","3344","Size - M","1","89","36","0"
"A16059-MSS0701NC0DA","952","Salvadore Tee for Men ""Early Evening Flowing Into Fall""","3345","Size - L","1","89","36","0"
"A16059-MSS0701NC0DA","952","Salvadore Tee for Men ""Early Evening Flowing Into Fall""","3346","Size - XL","1","89","36","0"
"WSS0701NC0FB","953","Yoko Cape Tunic ""New Day""","3202","Size - XS","0","139","65","0"
"WSS0701NC0FB","953","Yoko Cape Tunic ""New Day""","3203","Size - S","0","139","65","0"
"WSS0701NC0FB","953","Yoko Cape Tunic ""New Day""","3204","Size - M","0","139","65","0"
"WSS0701NC0FB","953","Yoko Cape Tunic ""New Day""","3205","Size - L","0","139","65","0"
"WSS0701NC0FB","953","Yoko Cape Tunic ""New Day""","3206","Size - XL","0","139","65","0"
"A10004-WBL0301NC01C","954","Frida Cardigan ""Merging Earth and Sky""","2947","Size - XS","1","129","52.5","0"
"A10004-WBL0301NC01C","954","Frida Cardigan ""Merging Earth and Sky""","2948","Size - S","0","129","52.5","0"
"A10004-WBL0301NC01C","954","Frida Cardigan ""Merging Earth and Sky""","2949","Size - M","1","129","52.5","0"
"A10004-WBL0301NC01C","954","Frida Cardigan ""Merging Earth and Sky""","2950","Size - L","0","129","52.5","0"
"A10004-WBL0301NC01C","954","Frida Cardigan ""Merging Earth and Sky""","2951","Size - XL","0","129","52.5","0"
"A17064-WBL0301NC03A","955","Frida Cardigan ""M'Otter Love""","2952","Size - XS","1","129","52.5","0"
"A17064-WBL0301NC03A","955","Frida Cardigan ""M'Otter Love""","2953","Size - S","1","129","52.5","0"
"A17064-WBL0301NC03A","955","Frida Cardigan ""M'Otter Love""","2954","Size - M","1","129","52.5","0"
"A17064-WBL0301NC03A","955","Frida Cardigan ""M'Otter Love""","2955","Size - L","1","129","52.5","0"
"A17064-WBL0301NC03A","955","Frida Cardigan ""M'Otter Love""","2956","Size - XL","1","129","52.5","0"
"A16058-WBL0301NC04A","956","Frida Cardigan ""Silent Seekers""","2957","Size - XS","1","129","52.5","0"
"A16058-WBL0301NC04A","956","Frida Cardigan ""Silent Seekers""","2958","Size - S","1","129","52.5","0"
"A16058-WBL0301NC04A","956","Frida Cardigan ""Silent Seekers""","2959","Size - M","1","129","52.5","0"
"A16058-WBL0301NC04A","956","Frida Cardigan ""Silent Seekers""","2960","Size - L","0","129","52.5","0"
"A16058-WBL0301NC04A","956","Frida Cardigan ""Silent Seekers""","2961","Size - XL","1","129","52.5","0"
"A10004-UAC0301NC01A","958","Reuben Tote Bag ""Merging Earth and Sky""","","Reuben Tote Bag ""Merging Earth and Sky""","1","49","21","0"
"A13041-WDR1001NC0EC","960","Jeanne Dress ""Lapinx""","3112","Size - XS","0","149","67","0"
"A13041-WDR1001NC0EC","960","Jeanne Dress ""Lapinx""","3113","Size - S","0","149","67","0"
"A13041-WDR1001NC0EC","960","Jeanne Dress ""Lapinx""","3114","Size - M","0","149","67","0"
"A13041-WDR1001NC0EC","960","Jeanne Dress ""Lapinx""","3115","Size - L","0","149","67","0"
"A13041-WDR1001NC0EC","960","Jeanne Dress ""Lapinx""","3116","Size - XL","1","149","67","0"
"A10004-WAC0201NC01A","961","Vivienne Scarf ""Merging Earth and Sky""","","Vivienne Scarf ""Merging Earth and Sky""","3","59","23","0"
"W12018-WAC0201NC0DB","962","Vivienne Scarf ""Early Evening Flowing into Fall""","","Vivienne Scarf ""Early Evening Flowing into Fall""","4","59","23","0"
"WSS0701NC02A","963","Yoko Cape Tunic ""Whisper""","3207","Size - XS","0","139","65","0"
"WSS0701NC02A","963","Yoko Cape Tunic ""Whisper""","3208","Size - S","0","139","65","0"
"WSS0701NC02A","963","Yoko Cape Tunic ""Whisper""","3209","Size - M","0","139","65","0"
"WSS0701NC02A","963","Yoko Cape Tunic ""Whisper""","3210","Size - L","0","139","65","0"
"WSS0701NC02A","963","Yoko Cape Tunic ""Whisper""","3211","Size - XL","0","139","65","0"
"A17063-WNS0701NC02A","964","Coco Tank ""Depth""","3297","Size - XS","1","79","34.35","0"
"A17063-WNS0701NC02A","964","Coco Tank ""Depth""","3298","Size - S","1","79","34.35","0"
"A17063-WNS0701NC02A","964","Coco Tank ""Depth""","3299","Size - M","1","79","34.35","0"
"A17063-WNS0701NC02A","964","Coco Tank ""Depth""","3300","Size - L","1","79","34.35","0"
"A17063-WNS0701NC02A","964","Coco Tank ""Depth""","3301","Size - XL","1","79","34.35","0"
"A08013-WNS0701NC0FA","965","Coco Tank ""New Day""","3302","Size - XS","0","79","34.35","0"
"A08013-WNS0701NC0FA","965","Coco Tank ""New Day""","3303","Size - S","1","79","34.35","0"
"A08013-WNS0701NC0FA","965","Coco Tank ""New Day""","3304","Size - M","1","79","34.35","0"
"A08013-WNS0701NC0FA","965","Coco Tank ""New Day""","3305","Size - L","0","79","34.35","0"
"A08013-WNS0701NC0FA","965","Coco Tank ""New Day""","3306","Size - XL","1","79","34.35","0"
"A17064-WNS0701NC03A","966","Coco Tank ""M'Otter Love""","3307","Size - XS","1","79","34.35","0"
"A17064-WNS0701NC03A","966","Coco Tank ""M'Otter Love""","3308","Size - S","1","79","34.35","0"
"A17064-WNS0701NC03A","966","Coco Tank ""M'Otter Love""","3309","Size - M","1","79","34.35","0"
"A17064-WNS0701NC03A","966","Coco Tank ""M'Otter Love""","3310","Size - L","1","79","34.35","0"
"A17064-WNS0701NC03A","966","Coco Tank ""M'Otter Love""","3311","Size - XL","1","79","34.35","0"
"A17065-WSS0901NC0CB","968","K Smith T-Shirt ""The Forest Temple""","3322","Size - XS","0","89","35","0"
"A17065-WSS0901NC0CB","968","K Smith T-Shirt ""The Forest Temple""","3323","Size - S","1","89","35","0"
"A17065-WSS0901NC0CB","968","K Smith T-Shirt ""The Forest Temple""","3324","Size - M","0","89","35","0"
"A17065-WSS0901NC0CB","968","K Smith T-Shirt ""The Forest Temple""","3325","Size - L","0","89","35","0"
"A17065-WSS0901NC0CB","968","K Smith T-Shirt ""The Forest Temple""","3326","Size - XL","0","89","35","0"
"A17065-WDR2601NC0CC","969","Kate Dress ""Forest Temple""","3052","Size - XS","1","169","64.5","0"
"A17065-WDR2601NC0CC","969","Kate Dress ""Forest Temple""","3053","Size - S","1","169","64.5","0"
"A17065-WDR2601NC0CC","969","Kate Dress ""Forest Temple""","3054","Size - M","1","169","64.5","0"
"A17065-WDR2601NC0CC","969","Kate Dress ""Forest Temple""","3055","Size - L","0","169","64.5","0"
"A17065-WDR2601NC0CC","969","Kate Dress ""Forest Temple""","3056","Size - XL","0","169","64.5","0"
"A08011-WDR2601NC0HC","971","Kate Dress ""Whisper""","3047","Size - XS","0","169","64.5","0"
"A08011-WDR2601NC0HC","971","Kate Dress ""Whisper""","3048","Size - S","0","169","64.5","0"
"A08011-WDR2601NC0HC","971","Kate Dress ""Whisper""","3049","Size - M","0","169","64.5","0"
"A08011-WDR2601NC0HC","971","Kate Dress ""Whisper""","3050","Size - L","0","169","64.5","0"
"A08011-WDR2601NC0HC","971","Kate Dress ""Whisper""","3051","Size - XL","1","169","64.5","0"
"A10004-WDR2601NC01G","972","Kate Dress ""Merging Earth and Sky""","3062","Size - XS","0","169","64.5","0"
"A10004-WDR2601NC01G","972","Kate Dress ""Merging Earth and Sky""","3063","Size - S","1","169","64.5","0"
"A10004-WDR2601NC01G","972","Kate Dress ""Merging Earth and Sky""","3064","Size - M","0","169","64.5","0"
"A10004-WDR2601NC01G","972","Kate Dress ""Merging Earth and Sky""","3065","Size - L","0","169","64.5","0"
"A10004-WDR2601NC01G","972","Kate Dress ""Merging Earth and Sky""","3066","Size - XL","0","169","64.5","0"
"A08013-WDR3501NC0FE","974","Amanda Dress ""New Day""","3137","Size - XS","0","119","0","0"
"A08013-WDR3501NC0FE","974","Amanda Dress ""New Day""","3138","Size - S","0","119","0","0"
"A08013-WDR3501NC0FE","974","Amanda Dress ""New Day""","3139","Size - M","0","119","0","0"
"A08013-WDR3501NC0FE","974","Amanda Dress ""New Day""","3140","Size - L","0","119","0","0"
"A08013-WDR3501NC0FE","974","Amanda Dress ""New Day""","3141","Size - XL","0","119","0","0"
"A08011-WDR2301NC0HB","975","Camille Dress ""Whisper""","3172","Size - XS","0","149","58","0"
"A08011-WDR2301NC0HB","975","Camille Dress ""Whisper""","3173","Size - S","0","149","58","0"
"A08011-WDR2301NC0HB","975","Camille Dress ""Whisper""","3174","Size - M","0","149","58","0"
"A08011-WDR2301NC0HB","975","Camille Dress ""Whisper""","3175","Size - L","0","149","58","0"
"A08011-WDR2301NC0HB","975","Camille Dress ""Whisper""","3176","Size - XL","0","149","58","0"
"A17064-WBL0601NCO3A","977","Kimono ""M'Otter Love""","2368","Size - TU/OS","3","129","49.5","0"
"W12018-WBL0601NCODA","978","Kimono ""Early Evening Flowing into Fall""","2369","Size - TU/OS","2","129","49.5","0"
"A17063-WBL0601NCO2A","980","Kimono ""Depth""","2371","Size - TU/OS","1","129","49.5","0"
"A08011-WDR3201NC0HA","981","Michelle Dress ""Whisper""","3157","Size - XS","0","159","67.5","0"
"A08011-WDR3201NC0HA","981","Michelle Dress ""Whisper""","3158","Size - S","0","159","67.5","0"
"A08011-WDR3201NC0HA","981","Michelle Dress ""Whisper""","3159","Size - M","0","159","67.5","0"
"A08011-WDR3201NC0HA","981","Michelle Dress ""Whisper""","3160","Size - L","0","159","67.5","0"
"A08011-WDR3201NC0HA","981","Michelle Dress ""Whisper""","3161","Size - XL","1","159","67.5","0"
"A08013-WSK040NCOFB","982","Alex Skirt ""New Day""","2377","Size - XS","0","139","64","0"
"A08013-WSK040NCOFB","982","Alex Skirt ""New Day""","2378","Size - S","0","139","64","0"
"A08013-WSK040NCOFB","982","Alex Skirt ""New Day""","2379","Size - M","0","139","64","0"
"A08013-WSK040NCOFB","982","Alex Skirt ""New Day""","2380","Size - L","0","139","64","0"
"A08013-WSK040NCOFB","982","Alex Skirt ""New Day""","2381","Size - XL","1","139","64","0"
"A08013-WBL0301NC0FB","986","Frida Cardigan ""New Day""","2962","Size - XS","1","129","52.5","0"
"A08013-WBL0301NC0FB","986","Frida Cardigan ""New Day""","2963","Size - S","1","129","52.5","0"
"A08013-WBL0301NC0FB","986","Frida Cardigan ""New Day""","2964","Size - M","0","129","52.5","0"
"A08013-WBL0301NC0FB","986","Frida Cardigan ""New Day""","2965","Size - L","0","129","52.5","0"
"A08013-WBL0301NC0FB","986","Frida Cardigan ""New Day""","2966","Size - XL","0","129","52.5","0"
"A17063-WBL0301NC02A","987","Frida Cardigan ""Depth""","2967","Size - XS","1","129","52.5","0"
"A17063-WBL0301NC02A","987","Frida Cardigan ""Depth""","2968","Size - S","1","129","52.5","0"
"A17063-WBL0301NC02A","987","Frida Cardigan ""Depth""","2969","Size - M","1","129","52.5","0"
"A17063-WBL0301NC02A","987","Frida Cardigan ""Depth""","2970","Size - L","1","129","52.5","0"
"A17063-WBL0301NC02A","987","Frida Cardigan ""Depth""","2971","Size - XL","1","129","52.5","0"
"W12018-WBL0301NC0DA","988","Frida Cardigan ""Early Evening Flowing into Fall""","2972","Size - XS","0","129","52.5","0"
"W12018-WBL0301NC0DA","988","Frida Cardigan ""Early Evening Flowing into Fall""","2973","Size - S","0","129","52.5","0"
"W12018-WBL0301NC0DA","988","Frida Cardigan ""Early Evening Flowing into Fall""","2974","Size - M","1","129","52.5","0"
"W12018-WBL0301NC0DA","988","Frida Cardigan ""Early Evening Flowing into Fall""","2975","Size - L","1","129","52.5","0"
"W12018-WBL0301NC0DA","988","Frida Cardigan ""Early Evening Flowing into Fall""","2976","Size - XL","1","129","52.5","0"
"A08011-WPA0401NC0HE","989","Jackie Legging ""Whisper""","3012","Size - XS","0","109","45","0"
"A08011-WPA0401NC0HE","989","Jackie Legging ""Whisper""","3013","Size - S","0","109","45","0"
"A08011-WPA0401NC0HE","989","Jackie Legging ""Whisper""","3014","Size - M","0","109","45","0"
"A08011-WPA0401NC0HE","989","Jackie Legging ""Whisper""","3015","Size - L","0","109","45","0"
"A08011-WPA0401NC0HE","989","Jackie Legging ""Whisper""","3016","Size - XL","0","109","45","0"
"A08013-WPA0401NC0FB","990","Jackie Legging ""New Day""","3017","Size - XS","1","109","44.01","0"
"A08013-WPA0401NC0FB","990","Jackie Legging ""New Day""","3018","Size - S","0","109","44.01","0"
"A08013-WPA0401NC0FB","990","Jackie Legging ""New Day""","3019","Size - M","0","109","44.01","0"
"A08013-WPA0401NC0FB","990","Jackie Legging ""New Day""","3020","Size - L","1","109","44.01","0"
"A08013-WPA0401NC0FB","990","Jackie Legging ""New Day""","3021","Size - XL","0","109","44.01","0"
"A17063-WPA0301NC02A","992","Carla Palazzo ""Depth""","3032","Size - XS","0","189","74","0"
"A17063-WPA0301NC02A","992","Carla Palazzo ""Depth""","3033","Size - S","1","189","74","0"
"A17063-WPA0301NC02A","992","Carla Palazzo ""Depth""","3034","Size - M","0","189","74","0"
"A17063-WPA0301NC02A","992","Carla Palazzo ""Depth""","3035","Size - L","0","189","74","0"
"A17063-WPA0301NC02A","992","Carla Palazzo ""Depth""","3036","Size - XL","0","189","74","0"
"A13041-WAC0201NC0EA","994","Vivienne Scarf ""Lapinx""","","Vivienne Scarf ""Lapinx""","4","59","23","0"
"W18053-WAC0201NC0JB","995","Vivienne Scarf ""Northern Masters""","","Vivienne Scarf ""Northern Masters""","3","59","23","0"
"W17062-WAC0201NC0GC","996","Vivienne Scarf ""Horizon""","","Vivienne Scarf ""Horizon""","3","59","23","0"
"A08013-WAC0201NC0FC","997","Vivienne Scarf ""New Day""","","Vivienne Scarf ""New Day""","3","59","23","0"
"A08011-WAC0201NC0HB","998","Vivienne Scarf ""Whisper""","","Vivienne Scarf ""Whisper""","2","59","23","0"
"A16059-WAC0201NC0IA","999","Vivienne Scarf ""Wisdom Keepers""","","Vivienne Scarf ""Wisdom Keepers""","2","59","23","0"
"W18053-UAC0301NCOJB","1002","Reuben Tote Bag ""Northern Masters""","","Reuben Tote Bag ""Northern Masters""","1","49","21","0"
"A108013-UAC0301NCOFB","1003","Reuben Tote Bag ""New Day""","","Reuben Tote Bag ""New Day""","0","49","21","0"
"A13041-UAC0301NCOEB","1004","Reuben Tote Bag ""Lapinx""","","Reuben Tote Bag ""Lapinx""","3","49","21","0"
"A16059-WDR2601NC01B","1006","Kate Dress ""Wisdom Keepers""","3067","Size - XS","1","169","64.5","0"
"A16059-WDR2601NC01B","1006","Kate Dress ""Wisdom Keepers""","3068","Size - S","1","169","64.5","0"
"A16059-WDR2601NC01B","1006","Kate Dress ""Wisdom Keepers""","3069","Size - M","0","169","64.5","0"
"A16059-WDR2601NC01B","1006","Kate Dress ""Wisdom Keepers""","3070","Size - L","0","169","64.5","0"
"A16059-WDR2601NC01B","1006","Kate Dress ""Wisdom Keepers""","3071","Size - XL","1","169","64.5","0"
"W12018-WDR3201NC0DA","1007","Michelle Dress ""Early Evening Flowing into Fall""","3162","Size - XS","0","129","0","0"
"W12018-WDR3201NC0DA","1007","Michelle Dress ""Early Evening Flowing into Fall""","3163","Size - S","0","129","0","0"
"W12018-WDR3201NC0DA","1007","Michelle Dress ""Early Evening Flowing into Fall""","3164","Size - M","0","129","0","0"
"W12018-WDR3201NC0DA","1007","Michelle Dress ""Early Evening Flowing into Fall""","3165","Size - L","0","129","0","0"
"W12018-WDR3201NC0DA","1007","Michelle Dress ""Early Evening Flowing into Fall""","3166","Size - XL","0","129","0","0"
"W12018-WAC0401NCODB","1008","Duncan Shawl ""Early Evening Flowing into Fall""","","Duncan Shawl ""Early Evening Flowing into Fall""","1","69","67","0"
"A16058-WAC0401NCODB","1009","Duncan Shawl ""Silent Seekers""","","Duncan Shawl ""Silent Seekers""","0","69","19","0"
"A01028-WBL0301NC08A","1010","Frida Cardigan ""Giving Thanks""","2977","Size - XS","1","129","52.5","0"
"A01028-WBL0301NC08A","1010","Frida Cardigan ""Giving Thanks""","2978","Size - S","0","129","52.5","0"
"A01028-WBL0301NC08A","1010","Frida Cardigan ""Giving Thanks""","2979","Size - M","1","129","52.5","0"
"A01028-WBL0301NC08A","1010","Frida Cardigan ""Giving Thanks""","2980","Size - L","1","129","52.5","0"
"A01028-WBL0301NC08A","1010","Frida Cardigan ""Giving Thanks""","2981","Size - XL","0","129","52.5","0"
"A16051-WBL0301NC05A","1012","Frida Cardigan ""Northern Keepers""","2982","Size - XS","1","129","52.5","0"
"A16051-WBL0301NC05A","1012","Frida Cardigan ""Northern Keepers""","2983","Size - S","1","129","52.5","0"
"A16051-WBL0301NC05A","1012","Frida Cardigan ""Northern Keepers""","2984","Size - M","1","129","52.5","0"
"A16051-WBL0301NC05A","1012","Frida Cardigan ""Northern Keepers""","2985","Size - L","1","129","52.5","0"
"A16051-WBL0301NC05A","1012","Frida Cardigan ""Northern Keepers""","2986","Size - XL","1","129","52.5","0"
"W18053-WDR2601NC0JB","1014","Kate Dress ""Northern Masters""","3077","Size - XS","1","169","64.5","0"
"W18053-WDR2601NC0JB","1014","Kate Dress ""Northern Masters""","3078","Size - S","1","169","64.5","0"
"W18053-WDR2601NC0JB","1014","Kate Dress ""Northern Masters""","3079","Size - M","0","169","64.5","0"
"W18053-WDR2601NC0JB","1014","Kate Dress ""Northern Masters""","3080","Size - L","0","169","64.5","0"
"W18053-WDR2601NC0JB","1014","Kate Dress ""Northern Masters""","3081","Size - XL","0","169","64.5","0"
"A17063-WSK040NCO2A","1016","Alex Skirt ""Depth""","3002","Size - XS","0","139","64","0"
"A17063-WSK040NCO2A","1016","Alex Skirt ""Depth""","3003","Size - S","0","139","64","0"
"A17063-WSK040NCO2A","1016","Alex Skirt ""Depth""","3004","Size - M","0","139","64","0"
"A17063-WSK040NCO2A","1016","Alex Skirt ""Depth""","3005","Size - L","0","139","64","0"
"A17063-WSK040NCO2A","1016","Alex Skirt ""Depth""","3006","Size - XL","0","139","64","0"
"W17062-WDR1001NC0GB","1018","Jeanne Dress ""Horizon""","3122","Size - XS","0","149","67","0"
"W17062-WDR1001NC0GB","1018","Jeanne Dress ""Horizon""","3123","Size - S","0","149","67","0"
"W17062-WDR1001NC0GB","1018","Jeanne Dress ""Horizon""","3124","Size - M","0","149","67","0"
"W17062-WDR1001NC0GB","1018","Jeanne Dress ""Horizon""","3125","Size - L","1","149","67","0"
"W17062-WDR1001NC0GB","1018","Jeanne Dress ""Horizon""","3126","Size - XL","0","149","67","0"
"197","1019","Suede Moccasins for Men","2497","Shoe Size - 10","0","85","35.6","0"
"197","1019","Suede Moccasins for Men","2498","Shoe Size - 11","0","85","35.6","0"
"197","1019","Suede Moccasins for Men","2499","Shoe Size - 12","0","85","35.6","0"
"197","1019","Suede Moccasins for Men","2500","Shoe Size - 13","0","85","35.6","0"
"197","1019","Suede Moccasins for Men","2501","Shoe Size - 7","0","85","35.6","0"
"197","1019","Suede Moccasins for Men","2502","Shoe Size - 6","0","85","35.6","0"
"197","1019","Suede Moccasins for Men","2503","Shoe Size - 8","1","85","35.6","0"
"197","1019","Suede Moccasins for Men","2504","Shoe Size - 9","0","85","35.6","0"
"197","1019","Suede Moccasins for Men","2580","Shoe Size - 14","0","95","35.6","0"
"197","1019","Suede Moccasins for Men","2581","Shoe Size - 15","0","95","35.6","0"
"142","1020","Suede Moccasins for Men","2508","Shoe Size - 12","2","152","33","0"
"142","1020","Suede Moccasins for Men","2512","Shoe Size - 8","0","152","33","0"
"142","1020","Suede Moccasins for Men","7186","Shoe Size - 6","0","152","33","0"
"142","1020","Suede Moccasins for Men","7187","Shoe Size - 7","0","152","33","0"
"142","1020","Suede Moccasins for Men","7188","Shoe Size - 13","0","152","33","0"
"142","1020","Suede Moccasins for Men","7189","Shoe Size - 14","0","152","33","0"
"142","1020","Suede Moccasins for Men","7190","Shoe Size - 15","0","152","33","0"
"142","1020","Suede Moccasins for Men","7191","Shoe Size - 9","0","152","33","0"
"142","1020","Suede Moccasins for Men","7192","Shoe Size - 10","0","152","33","0"
"142","1020","Suede Moccasins for Men","7193","Shoe Size - 11","0","152","33","0"
"142","1021","Suede Moccasins for Women","2520","Shoe Size - 10","0","87","37.5","0"
"142","1021","Suede Moccasins for Women","2521","Shoe Size - 9","0","87","37.5","0"
"142","1021","Suede Moccasins for Women","2522","Shoe Size - 8","0","87","37.5","0"
"142","1021","Suede Moccasins for Women","2523","Shoe Size - 7","0","87","37.5","0"
"142","1021","Suede Moccasins for Women","2524","Shoe Size - 6","0","87","37.5","0"
"142","1021","Suede Moccasins for Women","2538","Shoe Size - 4","0","87","37.5","0"
"142","1021","Suede Moccasins for Women","2539","Shoe Size - 5","0","87","37.5","0"
"142","1022","Suede Moccasins for Juniors","2526","Shoe Size - 13","0","64","27.5","0"
"142","1022","Suede Moccasins for Juniors","2527","Shoe Size - 12","0","64","27.5","0"
"142","1022","Suede Moccasins for Juniors","2528","Shoe Size - 11","0","64","27.5","0"
"142","1022","Suede Moccasins for Juniors","2535","Shoe Size - 1","0","64","27.5","0"
"142","1022","Suede Moccasins for Juniors","2536","Shoe Size - 2","0","64","27.5","0"
"142","1022","Suede Moccasins for Juniors","2537","Shoe Size - 3","0","64","27.5","0"
"142","1023","Suede Moccasins for Children","2546","Shoe Size - 7","0","57","24.5","0"
"142","1023","Suede Moccasins for Children","2547","Shoe Size - 8","0","57","24.5","0"
"142","1023","Suede Moccasins for Children","2548","Shoe Size - 9","0","57","24.5","0"
"142","1023","Suede Moccasins for Children","2549","Shoe Size - 10","0","57","24.5","0"
"188","1024","Leather Moccasins for Women","2556","Shoe Size - 10","0","89","38.5","0"
"188","1024","Leather Moccasins for Women","2557","Shoe Size - 6","0","89","38.5","0"
"188","1024","Leather Moccasins for Women","2558","Shoe Size - 7","0","89","38.5","0"
"188","1024","Leather Moccasins for Women","2559","Shoe Size - 8","0","89","38.5","0"
"188","1024","Leather Moccasins for Women","2560","Shoe Size - 9","0","89","38.5","0"
"188","1024","Leather Moccasins for Women","2564","Shoe Size - 4","0","89","38.5","0"
"188","1024","Leather Moccasins for Women","2565","Shoe Size - 5","0","89","38.5","0"
"193","1025","Leather Moccasins for Women","2572","Shoe Size - 10","0","106","46","0"
"193","1025","Leather Moccasins for Women","2573","Shoe Size - 6","0","106","46","0"
"193","1025","Leather Moccasins for Women","2574","Shoe Size - 7","0","106","46","0"
"193","1025","Leather Moccasins for Women","2575","Shoe Size - 8","0","106","46","0"
"193","1025","Leather Moccasins for Women","2576","Shoe Size - 9","0","106","46","0"
"193","1025","Leather Moccasins for Women","7194","Shoe Size - 4","0","106","46","0"
"193","1025","Leather Moccasins for Women","7195","Shoe Size - 5","0","106","46","0"
"189","1026","Leather Moccasins for Women","2585","Shoe Size - 6","0","114","49","0"
"189","1026","Leather Moccasins for Women","2586","Shoe Size - 7","0","114","49","0"
"189","1026","Leather Moccasins for Women","2587","Shoe Size - 8","0","114","49","0"
"189","1026","Leather Moccasins for Women","2588","Shoe Size - 9","0","114","49","0"
"189","1026","Leather Moccasins for Women","2592","Shoe Size - 4","0","114","49","0"
"189","1026","Leather Moccasins for Women","2593","Shoe Size - 5","0","114","49","0"
"189","1026","Leather Moccasins for Women","7900","Shoe Size - 10","0","114","49","0"
"186","1027","Leather Moccasins for Women","2596","Shoe Size - 10","0","89","38.5","0"
"186","1027","Leather Moccasins for Women","2597","Shoe Size - 6","0","89","38.5","0"
"186","1027","Leather Moccasins for Women","2598","Shoe Size - 7","0","89","38.5","0"
"186","1027","Leather Moccasins for Women","2599","Shoe Size - 8","0","89","38.5","0"
"186","1027","Leather Moccasins for Women","2600","Shoe Size - 9","0","89","38.5","0"
"186","1027","Leather Moccasins for Women","2604","Shoe Size - 4","0","89","38.5","0"
"186","1027","Leather Moccasins for Women","2605","Shoe Size - 5","0","89","38.5","0"
"197","1028","Suede Moccasins for Women","2609","Shoe Size - 7","0","97","42","0"
"197","1028","Suede Moccasins for Women","2610","Shoe Size - 6","0","97","42","0"
"197","1028","Suede Moccasins for Women","2611","Shoe Size - 8","0","97","42","0"
"197","1028","Suede Moccasins for Women","2612","Shoe Size - 9","0","97","42","0"
"197","1028","Suede Moccasins for Women","2615","Shoe Size - 10","0","97","42","0"
"197","1028","Suede Moccasins for Women","2616","Shoe Size - 4","0","97","42","0"
"197","1028","Suede Moccasins for Women","2617","Shoe Size - 5","0","97","42","0"
"258","1029","Mousecassins for Babies","2618","Shoe Size - 2","3","42","18.25","0"
"258","1029","Mousecassins for Babies","2619","Shoe Size - 3","3","42","18.25","0"
"258","1029","Mousecassins for Babies","2620","Shoe Size - 4","0","42","18.25","0"
"258","1029","Mousecassins for Babies","2621","Shoe Size - 5","2","42","18.25","0"
"258","1029","Mousecassins for Babies","2622","Shoe Size - 6","4","42","18.25","0"
"258","1030","Mousecassins for Children","2628","Shoe Size - 7","4","44.5","19","0"
"258","1030","Mousecassins for Children","2629","Shoe Size - 8","3","44.5","19","0"
"258","1030","Mousecassins for Children","2630","Shoe Size - 9","4","44.5","19","0"
"258","1030","Mousecassins for Children","2631","Shoe Size - 10","4","44.5","19","0"
"404","1031","Suede Moccasins for Women","2633","Shoe Size - 5","3","135","61.5","0"
"404","1031","Suede Moccasins for Women","2635","Shoe Size - 7","2","135","61.5","0"
"404","1031","Suede Moccasins for Women","2637","Shoe Size - 9","2","135","61.5","0"
"404","1031","Suede Moccasins for Women","2638","Shoe Size - 10","1","135","61.5","0"
"404","1031","Suede Moccasins for Women","7196","Shoe Size - 4","2","135","61.5","0"
"404","1031","Suede Moccasins for Women","7197","Shoe Size - 6","2","135","61.5","0"
"404","1031","Suede Moccasins for Women","7198","Shoe Size - 8","2","135","61.5","0"
"240","1032","Suede Moccasins for Women","2639","Shoe Size - 5","0","146","63.5","0"
"240","1032","Suede Moccasins for Women","2640","Shoe Size - 6","0","146","63.5","0"
"240","1032","Suede Moccasins for Women","2641","Shoe Size - 7","0","146","63.5","0"
"240","1032","Suede Moccasins for Women","2642","Shoe Size - 8","0","146","63.5","0"
"240","1032","Suede Moccasins for Women","2643","Shoe Size - 9","0","146","63.5","0"
"240","1032","Suede Moccasins for Women","2644","Shoe Size - 10","0","146","63.5","0"
"240","1032","Suede Moccasins for Women","2645","Shoe Size - 4","1","146","63.5","0"
"X242","1033","Suede Moccasins for Women","2646","Shoe Size - 5","0","146","63.5","0"
"X242","1033","Suede Moccasins for Women","2647","Shoe Size - 6","0","146","63.5","0"
"X242","1033","Suede Moccasins for Women","2648","Shoe Size - 7","0","146","63.5","0"
"X242","1033","Suede Moccasins for Women","2649","Shoe Size - 8","0","146","63.5","0"
"X242","1033","Suede Moccasins for Women","2650","Shoe Size - 9","0","146","63.5","0"
"X242","1033","Suede Moccasins for Women","2651","Shoe Size - 10","0","146","63.5","0"
"X242","1033","Suede Moccasins for Women","2652","Shoe Size - 4","0","146","63.5","0"
"402","1034","Suede Moccasins for Women","7041","Shoe Size - 6","0","61","36.5","0"
"402","1034","Suede Moccasins for Women","7042","Shoe Size - 7","1","61","36.5","0"
"402","1034","Suede Moccasins for Women","7043","Shoe Size - 8","0","61","36.5","0"
"402","1034","Suede Moccasins for Women","7044","Shoe Size - 9","0","61","36.5","0"
"402","1034","Suede Moccasins for Women","7045","Shoe Size - 10","0","61","36.5","0"
"402","1034","Suede Moccasins for Women","7199","Shoe Size - 4","0","61","36.5","0"
"402","1034","Suede Moccasins for Women","7200","Shoe Size - 5","1","61","36.5","0"
"402","1035","Suede Moccasins for Junior","2667","Shoe Size - 1","2","63","27","0"
"402","1035","Suede Moccasins for Junior","2668","Shoe Size - 2","1","63","27","0"
"402","1035","Suede Moccasins for Junior","2669","Shoe Size - 3","1","63","27","0"
"402","1035","Suede Moccasins for Junior","2670","Shoe Size - 11","2","63","27","0"
"402","1035","Suede Moccasins for Junior","2671","Shoe Size - 12","3","63","27","0"
"402","1035","Suede Moccasins for Junior","2672","Shoe Size - 13","2","63","27","0"
"402","1036","Suede Moccasins for Children","2679","Shoe Size - 7","0","49","25","0"
"402","1036","Suede Moccasins for Children","2680","Shoe Size - 8","1","49","25","0"
"402","1036","Suede Moccasins for Children","2681","Shoe Size - 9","1","49","25","0"
"402","1036","Suede Moccasins for Children","2682","Shoe Size - 10","3","49","25","0"
"402","1037","Suede Moccasins for Babies","2689","Shoe Size - 2","0","46","20","0"
"402","1037","Suede Moccasins for Babies","2690","Shoe Size - 3","1","46","20","0"
"402","1037","Suede Moccasins for Babies","2691","Shoe Size - 4","1","46","20","0"
"402","1037","Suede Moccasins for Babies","2692","Shoe Size - 5","2","46","20","0"
"402","1037","Suede Moccasins for Babies","2693","Shoe Size - 6","1","46","20","0"
"842","1038","Suede Moccasins for Women","2694","Shoe Size - 5","0","114","63.5","0"
"842","1038","Suede Moccasins for Women","2695","Shoe Size - 6","1","114","63.5","0"
"842","1038","Suede Moccasins for Women","2696","Shoe Size - 7","0","114","63.5","0"
"842","1038","Suede Moccasins for Women","2697","Shoe Size - 8","0","114","63.5","0"
"842","1038","Suede Moccasins for Women","2698","Shoe Size - 9","0","114","63.5","0"
"842","1038","Suede Moccasins for Women","2699","Shoe Size - 10","1","114","63.5","0"
"842","1038","Suede Moccasins for Women","2700","Shoe Size - 4","0","114","63.5","0"
"542","1039","Suede Moccasins for Women","2705","Shoe Size - 9","0","146","63.5","0"
"542","1039","Suede Moccasins for Women","2706","Shoe Size - 10","0","146","63.5","0"
"542","1039","Suede Moccasins for Women","7201","Shoe Size - 4","0","146","63.5","0"
"542","1039","Suede Moccasins for Women","7202","Shoe Size - 5","0","146","63.5","0"
"542","1039","Suede Moccasins for Women","7203","Shoe Size - 6","0","146","63.5","0"
"542","1039","Suede Moccasins for Women","7204","Shoe Size - 7","0","146","63.5","0"
"542","1039","Suede Moccasins for Women","7205","Shoe Size - 8","0","146","63.5","0"
"642","1040","Suede Moccasins for Women","2708","Shoe Size - 5","0","146","63.5","0"
"642","1040","Suede Moccasins for Women","2711","Shoe Size - 8","0","146","63.5","0"
"642","1040","Suede Moccasins for Women","2712","Shoe Size - 9","0","146","63.5","0"
"642","1040","Suede Moccasins for Women","7206","Shoe Size - 4","0","146","63.5","0"
"642","1040","Suede Moccasins for Women","7207","Shoe Size - 6","0","146","63.5","0"
"642","1040","Suede Moccasins for Women","7208","Shoe Size - 7","0","146","63.5","0"
"642","1040","Suede Moccasins for Women","7209","Shoe Size - 10","0","146","63.5","0"
"B468","1041","Leather Moccasins for Women","2715","Shoe Size - 6","0","145","63","0"
"B468","1041","Leather Moccasins for Women","2716","Shoe Size - 7","0","145","63","0"
"B468","1041","Leather Moccasins for Women","2717","Shoe Size - 8","0","145","63","0"
"B468","1041","Leather Moccasins for Women","2718","Shoe Size - 9","0","145","63","0"
"B468","1041","Leather Moccasins for Women","2719","Shoe Size - 4","0","145","63","0"
"B468","1041","Leather Moccasins for Women","2720","Shoe Size - 5","0","145","63","0"
"B468","1041","Leather Moccasins for Women","2721","Shoe Size - 10","0","145","63","0"
"4890","1042","Leather Moccasins for Women","2722","Shoe Size - 6","2","120","60","0"
"4890","1042","Leather Moccasins for Women","2723","Shoe Size - 7","8","120","60","0"
"4890","1042","Leather Moccasins for Women","2724","Shoe Size - 8","7","120","60","0"
"4890","1042","Leather Moccasins for Women","2725","Shoe Size - 9","11","120","60","0"
"4890","1042","Leather Moccasins for Women","2726","Shoe Size - 4","7","120","60","0"
"4890","1042","Leather Moccasins for Women","2728","Shoe Size - 10","9","120","60","0"
"4890","1042","Leather Moccasins for Women","7210","Shoe Size - 5","8","120","60","0"
"B468","1043","Leather Moccasins for Men","2729","Shoe Size - 6","0","164","71","0"
"B468","1043","Leather Moccasins for Men","2730","Shoe Size - 7","0","164","71","0"
"B468","1043","Leather Moccasins for Men","2731","Shoe Size - 8","0","164","71","0"
"B468","1043","Leather Moccasins for Men","2732","Shoe Size - 9","0","164","71","0"
"B468","1043","Leather Moccasins for Men","2735","Shoe Size - 10","0","164","71","0"
"B468","1043","Leather Moccasins for Men","7211","Shoe Size - 11","0","164","71","0"
"B468","1043","Leather Moccasins for Men","7212","Shoe Size - 12","0","164","71","0"
"B468","1043","Leather Moccasins for Men","7213","Shoe Size - 13","0","164","71","0"
"B468","1043","Leather Moccasins for Men","7214","Shoe Size - 14","0","164","71","0"
"B468","1043","Leather Moccasins for Men","7215","Shoe Size - 15","0","164","71","0"
"B489","1044","Leather Moccasins for Men","2744","Shoe Size - 7","3","108","58.5","0"
"B489","1044","Leather Moccasins for Men","2745","Shoe Size - 8","0","108","58.5","0"
"B489","1044","Leather Moccasins for Men","2746","Shoe Size - 10","0","108","58.5","0"
"B489","1044","Leather Moccasins for Men","2748","Shoe Size - 12","4","108","58.5","0"
"B489","1044","Leather Moccasins for Men","2749","Shoe Size - 13","6","108","58.5","0"
"B489","1044","Leather Moccasins for Men","5997","Shoe Size - 9","0","108","58.5","0"
"B489","1044","Leather Moccasins for Men","7216","Shoe Size - 6","0","108","58.5","0"
"B489","1044","Leather Moccasins for Men","7217","Shoe Size - 14","6","118","58.5","0"
"B489","1044","Leather Moccasins for Men","7218","Shoe Size - 15","0","118","58.5","0"
"B489","1044","Leather Moccasins for Men","7219","Shoe Size - 11","2","108","58.5","0"
"B489","1045","Leather Moccasins for Women","2761","Shoe Size - 4","3","98","53","0"
"B489","1045","Leather Moccasins for Women","2763","Shoe Size - 6","0","98","53","0"
"B489","1045","Leather Moccasins for Women","2764","Shoe Size - 7","8","98","53","0"
"B489","1045","Leather Moccasins for Women","2765","Shoe Size - 8","4","98","53","0"
"B489","1045","Leather Moccasins for Women","2766","Shoe Size - 9","5","98","53","0"
"B489","1045","Leather Moccasins for Women","2767","Shoe Size - 10","4","98","53","0"
"B489","1045","Leather Moccasins for Women","7220","Shoe Size - 5","6","98","53","0"
"220","1046","Suede Moccasins for Juniors","2775","Shoe Size - 11","5","68","44","0"
"220","1046","Suede Moccasins for Juniors","2776","Shoe Size - 12","3","68","44","0"
"220","1046","Suede Moccasins for Juniors","2777","Shoe Size - 13","2","68","44","0"
"220","1046","Suede Moccasins for Juniors","2779","Shoe Size - 2","5","68","44","0"
"220","1046","Suede Moccasins for Juniors","2780","Shoe Size - 3","6","68","44","0"
"220","1046","Suede Moccasins for Juniors","7221","Shoe Size - 1","3","68","44","0"
"220","1047","Suede Moccasins for Children","2787","Shoe Size - 7","6","65","38.5","0"
"220","1047","Suede Moccasins for Children","2790","Shoe Size - 10","3","65","38.5","0"
"220","1047","Suede Moccasins for Children","7222","Shoe Size - 8","3","65","38.5","0"
"220","1047","Suede Moccasins for Children","7223","Shoe Size - 9","4","65","38.5","0"
"220","1048","Suede Moccasins for Babies","8148","Shoe Size - 2","2","58","33.25","0"
"220","1048","Suede Moccasins for Babies","8149","Shoe Size - 3","2","58","33.25","0"
"220","1048","Suede Moccasins for Babies","8150","Shoe Size - 4","5","58","33.25","0"
"220","1048","Suede Moccasins for Babies","8151","Shoe Size - 5","4","58","33.25","0"
"220","1048","Suede Moccasins for Babies","8152","Shoe Size - 6","0","58","33.25","0"
"540","1049","Suede Moccasins for Babies","8153","Shoe Size - 2","0","77","33.25","0"
"540","1049","Suede Moccasins for Babies","8154","Shoe Size - 3","0","77","33.25","0"
"540","1049","Suede Moccasins for Babies","8155","Shoe Size - 4","0","77","33.25","0"
"540","1049","Suede Moccasins for Babies","8156","Shoe Size - 5","0","77","33.25","0"
"540","1049","Suede Moccasins for Babies","8157","Shoe Size - 6","0","77","33.25","0"
"540","1050","Suede Moccasins for Children","2799","Shoe Size - 8","0","89","38.5","0"
"540","1050","Suede Moccasins for Children","2800","Shoe Size - 9","0","89","38.5","0"
"540","1050","Suede Moccasins for Children","2801","Shoe Size - 10","0","89","38.5","0"
"540","1050","Suede Moccasins for Children","2802","Shoe Size - 7","0","89","38.5","0"
"540","1051","Suede Moccasins for Juniors","2803","Shoe Size - 11","0","120","44","0"
"540","1051","Suede Moccasins for Juniors","2804","Shoe Size - 12","0","120","44","0"
"540","1051","Suede Moccasins for Juniors","2805","Shoe Size - 13","0","120","44","0"
"540","1051","Suede Moccasins for Juniors","2806","Shoe Size - 2","0","120","44","0"
"540","1051","Suede Moccasins for Juniors","2807","Shoe Size - 3","0","120","44","0"
"540","1051","Suede Moccasins for Juniors","2808","Shoe Size - 1","0","120","44","0"
"A13053-UAC1801NC0KA","1052","Pablo Pillow ""Roots of Another World""","","Pablo Pillow ""Roots of Another World""","0","49","21","0"
"204","1053","Suede Moccasins for Women","2809","Shoe Size - 5","0","150","65","0"
"204","1053","Suede Moccasins for Women","2810","Shoe Size - 6","0","150","65","0"
"204","1053","Suede Moccasins for Women","2811","Shoe Size - 7","0","150","65","0"
"204","1053","Suede Moccasins for Women","2812","Shoe Size - 8","0","150","65","0"
"204","1053","Suede Moccasins for Women","2813","Shoe Size - 9","0","150","65","0"
"204","1053","Suede Moccasins for Women","2814","Shoe Size - 10","0","150","65","0"
"204","1053","Suede Moccasins for Women","2815","Shoe Size - 4","0","150","65","0"
"304","1054","Suede Moccasins for Women","2816","Shoe Size - 5","0","150","65","0"
"304","1054","Suede Moccasins for Women","2817","Shoe Size - 6","0","150","65","0"
"304","1054","Suede Moccasins for Women","2818","Shoe Size - 7","0","150","65","0"
"304","1054","Suede Moccasins for Women","2819","Shoe Size - 8","0","150","65","0"
"304","1054","Suede Moccasins for Women","2820","Shoe Size - 9","0","150","65","0"
"304","1054","Suede Moccasins for Women","2821","Shoe Size - 10","0","150","65","0"
"304","1054","Suede Moccasins for Women","2822","Shoe Size - 4","0","150","65","0"
"804","1055","Suede Moccasins for Women","2823","Shoe Size - 5","0","150","65","0"
"804","1055","Suede Moccasins for Women","2824","Shoe Size - 6","0","150","65","0"
"804","1055","Suede Moccasins for Women","2825","Shoe Size - 7","0","150","65","0"
"804","1055","Suede Moccasins for Women","2826","Shoe Size - 8","0","150","65","0"
"804","1055","Suede Moccasins for Women","2827","Shoe Size - 9","0","150","65","0"
"804","1055","Suede Moccasins for Women","2828","Shoe Size - 10","0","150","65","0"
"804","1055","Suede Moccasins for Women","2829","Shoe Size - 4","0","150","65","0"
"204","1056","Suede Moccasins for Men","2837","Shoe Size - 15","0","258","56","0"
"204","1056","Suede Moccasins for Men","2838","Shoe Size - 14","0","258","56","0"
"204","1056","Suede Moccasins for Men","2839","Shoe Size - 13","2","258","56","0"
"204","1056","Suede Moccasins for Men","2840","Shoe Size - 12","2","258","56","0"
"204","1056","Suede Moccasins for Men","2841","Shoe Size - 11","0","258","56","0"
"204","1056","Suede Moccasins for Men","2842","Shoe Size - 10","0","258","56","0"
"204","1056","Suede Moccasins for Men","2843","Shoe Size - 9","0","258","56","0"
"204","1056","Suede Moccasins for Men","2844","Shoe Size - 8","1","258","56","0"
"204","1056","Suede Moccasins for Men","2845","Shoe Size - 7","2","258","56","0"
"204","1056","Suede Moccasins for Men","2846","Shoe Size - 6","0","258","56","0"
"304","1057","Suede Moccasins for Men","2847","Shoe Size - 14","0","164","70.5","0"
"304","1057","Suede Moccasins for Men","2848","Shoe Size - 13","0","164","70.5","0"
"304","1057","Suede Moccasins for Men","2849","Shoe Size - 12","0","164","70.5","0"
"304","1057","Suede Moccasins for Men","2850","Shoe Size - 11","0","164","70.5","0"
"304","1057","Suede Moccasins for Men","2851","Shoe Size - 10","0","164","70.5","0"
"304","1057","Suede Moccasins for Men","2852","Shoe Size - 9","0","164","70.5","0"
"304","1057","Suede Moccasins for Men","2853","Shoe Size - 8","0","164","70.5","0"
"304","1057","Suede Moccasins for Men","2854","Shoe Size - 7","0","164","70.5","0"
"304","1057","Suede Moccasins for Men","2855","Shoe Size - 6","0","164","70.5","0"
"304","1057","Suede Moccasins for Men","2856","Shoe Size - 15","0","164","70.5","0"
"804","1058","Suede Moccasins for Men","7890","Shoe Size - 6","0","164","70.5","0"
"804","1058","Suede Moccasins for Men","7891","Shoe Size - 7","0","164","70.5","0"
"804","1058","Suede Moccasins for Men","7892","Shoe Size - 8","0","164","70.5","0"
"804","1058","Suede Moccasins for Men","7893","Shoe Size - 9","0","164","70.5","0"
"804","1058","Suede Moccasins for Men","7894","Shoe Size - 10","0","164","70.5","0"
"804","1058","Suede Moccasins for Men","7895","Shoe Size - 11","0","164","70.5","0"
"804","1058","Suede Moccasins for Men","7896","Shoe Size - 12","0","164","70.5","0"
"804","1058","Suede Moccasins for Men","7897","Shoe Size - 13","0","164","70.5","0"
"804","1058","Suede Moccasins for Men","7898","Shoe Size - 14","0","164","70.5","0"
"804","1058","Suede Moccasins for Men","7899","Shoe Size - 15","0","164","70.5","0"
"A16058-WBL0601NCO4A","1059","Kimono ""Silent Seekers""","2867","Size - TU/OS","7","129","49.5","0"
"A17063-UAC0201NC02A","1060","Nina Tablecloth ""Depth""","","Nina Tablecloth ""Depth""","0","119","0","0"
"A16058-UAC0201NC04B","1061","Nina Tablecloth ""Silent Seekers""","","Nina Tablecloth ""Silent Seekers""","1","119","50","0"
"A17063-UAC0401NC02A","1062","Nino Place Mats ""Depth""","","Nino Place Mats ""Depth""","10","15","6.5","0"
"A16058-UAC0401NC04A","1063","Nino Place Mats ""Silent Seekers""","","Nino Place Mats ""Silent Seekers""","11","15","6.5","0"
"A17063-WLS1701NC02A","1064","Mia Turtleneck ""Depth""","2868","Size - XS","0","149","59.5","0"
"A17063-WLS1701NC02A","1064","Mia Turtleneck ""Depth""","2869","Size - S","0","149","59.5","0"
"A17063-WLS1701NC02A","1064","Mia Turtleneck ""Depth""","2870","Size - M","1","149","59.5","0"
"A17063-WLS1701NC02A","1064","Mia Turtleneck ""Depth""","2871","Size - L","1","149","59.5","0"
"A17063-WLS1701NC02A","1064","Mia Turtleneck ""Depth""","2872","Size - XL","0","149","59.5","0"
"A16058-WLS1701NC04A","1065","Mia Turtleneck ""Silent Seekers""","3262","Size - XS","1","149","59.5","0"
"A16058-WLS1701NC04A","1065","Mia Turtleneck ""Silent Seekers""","3263","Size - S","1","149","59.5","0"
"A16058-WLS1701NC04A","1065","Mia Turtleneck ""Silent Seekers""","3264","Size - M","1","149","59.5","0"
"A16058-WLS1701NC04A","1065","Mia Turtleneck ""Silent Seekers""","3265","Size - L","1","149","59.5","0"
"A16058-WLS1701NC04A","1065","Mia Turtleneck ""Silent Seekers""","3266","Size - XL","1","149","59.5","0"
"WSS0701NC0EB","1066","Yoko Cape Tunic ""Lapinx""","3212","Size - XS","0","139","65","0"
"WSS0701NC0EB","1066","Yoko Cape Tunic ""Lapinx""","3213","Size - S","0","139","65","0"
"WSS0701NC0EB","1066","Yoko Cape Tunic ""Lapinx""","3214","Size - M","0","139","65","0"
"WSS0701NC0EB","1066","Yoko Cape Tunic ""Lapinx""","3215","Size - L","0","139","65","0"
"WSS0701NC0EB","1066","Yoko Cape Tunic ""Lapinx""","3216","Size - XL","0","139","65","0"
"A17065-WDR3101NC0CA","1069","Marianne Flare Dress ""The Forest Temple""","3147","Size - XS","0","139","58","0"
"A17065-WDR3101NC0CA","1069","Marianne Flare Dress ""The Forest Temple""","3148","Size - S","0","139","58","0"
"A17065-WDR3101NC0CA","1069","Marianne Flare Dress ""The Forest Temple""","3149","Size - M","0","139","58","0"
"A17065-WDR3101NC0CA","1069","Marianne Flare Dress ""The Forest Temple""","3150","Size - L","0","139","58","0"
"A17065-WDR3101NC0CA","1069","Marianne Flare Dress ""The Forest Temple""","8321","Size - XL","0","139","58","0"
"W12008-WDR2601NC0","1072","Kate Dress ""Winter Wolves""","3082","Size - XS","0","149","62","0"
"W12008-WDR2601NC0","1072","Kate Dress ""Winter Wolves""","3083","Size - S","0","149","62","0"
"W12008-WDR2601NC0","1072","Kate Dress ""Winter Wolves""","3084","Size - M","0","149","62","0"
"W12008-WDR2601NC0","1072","Kate Dress ""Winter Wolves""","3085","Size - L","0","149","62","0"
"W12008-WDR2601NC0","1072","Kate Dress ""Winter Wolves""","3086","Size - XL","0","149","62","0"
"A08011-WAC0201NC0HB","1073","Duncan Shawl ""Whisper""","","Duncan Shawl ""Whisper""","0","69","19","0"
"150CR","1076","Ballerina Slippers","3378","Shoe Size - 5","3","115","57.75","0"
"150CR","1076","Ballerina Slippers","3382","Shoe Size - 9","4","115","57.75","0"
"150CR","1076","Ballerina Slippers","3383","Shoe Size - 10","4","115","57.75","0"
"150CR","1076","Ballerina Slippers","7224","Shoe Size - 6","2","115","57.75","0"
"150CR","1076","Ballerina Slippers","7225","Shoe Size - 7","0","115","57.75","0"
"150CR","1076","Ballerina Slippers","7226","Shoe Size - 8","2","115","57.75","0"
"150CR","1076","Ballerina Slippers","9579","Shoe Size - 11","0","115","57.75","0"
"150CR","1076","Ballerina Slippers","9580","Shoe Size - 12","0","115","57.75","0"
"150BL","1078","Ballerina Slippers","3396","Shoe Size - 5","4","115","57.75","0"
"150BL","1078","Ballerina Slippers","3401","Shoe Size - 10","1","115","57.75","0"
"150BL","1078","Ballerina Slippers","7227","Shoe Size - 6","1","115","57.75","0"
"150BL","1078","Ballerina Slippers","7228","Shoe Size - 7","3","115","57.75","0"
"150BL","1078","Ballerina Slippers","7229","Shoe Size - 8","0","115","57.75","0"
"150BL","1078","Ballerina Slippers","7230","Shoe Size - 9","2","115","57.75","0"
"150BL","1078","Ballerina Slippers","9271","Shoe Size - 11","1","115","57.75","0"
"150BL","1078","Ballerina Slippers","9272","Shoe Size - 12","2","115","57.75","0"
"150BR","1079","Ballerina Slippers","3408","Shoe Size - 5","2","115","57.75","0"
"150BR","1079","Ballerina Slippers","3413","Shoe Size - 10","2","115","57.75","0"
"150BR","1079","Ballerina Slippers","7231","Shoe Size - 6","2","115","57.75","0"
"150BR","1079","Ballerina Slippers","7232","Shoe Size - 7","0","115","57.75","0"
"150BR","1079","Ballerina Slippers","7233","Shoe Size - 8","0","115","57.75","0"
"150BR","1079","Ballerina Slippers","7234","Shoe Size - 9","2","115","57.75","0"
"150BR","1079","Ballerina Slippers","9581","Shoe Size - 11","0","115","57.75","0"
"150BR","1079","Ballerina Slippers","9582","Shoe Size - 12","0","115","57.75","0"
"150P","1080","Ballerina Slippers","3421","Shoe Size - 6","1","115","57.75","0"
"150P","1080","Ballerina Slippers","7235","Shoe Size - 5","0","115","57.75","0"
"150P","1080","Ballerina Slippers","7236","Shoe Size - 7","0","115","57.75","0"
"150P","1080","Ballerina Slippers","7237","Shoe Size - 8","0","115","57.75","0"
"150P","1080","Ballerina Slippers","7238","Shoe Size - 9","0","115","57.75","0"
"150P","1080","Ballerina Slippers","7239","Shoe Size - 10","0","115","57.75","0"
"150P","1080","Ballerina Slippers","9583","Shoe Size - 11","0","115","57.75","0"
"150P","1080","Ballerina Slippers","9584","Shoe Size - 12","0","115","57.75","0"
"150PR","1081","Ballerina Slippers","3432","Shoe Size - 5","2","115","57.75","0"
"150PR","1081","Ballerina Slippers","3433","Shoe Size - 6","0","115","57.75","0"
"150PR","1081","Ballerina Slippers","3436","Shoe Size - 9","1","115","57.75","0"
"150PR","1081","Ballerina Slippers","3437","Shoe Size - 10","0","115","57.75","0"
"150PR","1081","Ballerina Slippers","7240","Shoe Size - 7","0","115","57.75","0"
"150PR","1081","Ballerina Slippers","7241","Shoe Size - 8","0","115","57.75","0"
"150PR","1081","Ballerina Slippers","9585","Shoe Size - 11","0","115","57.75","0"
"150PR","1081","Ballerina Slippers","9586","Shoe Size - 12","0","115","57.75","0"
"150RD","1082","Ballerina Slippers","3444","Shoe Size - 5","2","115","57.75","0"
"150RD","1082","Ballerina Slippers","3445","Shoe Size - 6","1","115","57.75","0"
"150RD","1082","Ballerina Slippers","3448","Shoe Size - 9","2","115","57.75","0"
"150RD","1082","Ballerina Slippers","3449","Shoe Size - 10","1","115","57.75","0"
"150RD","1082","Ballerina Slippers","7242","Shoe Size - 7","2","115","57.75","0"
"150RD","1082","Ballerina Slippers","7243","Shoe Size - 8","0","115","57.75","0"
"150RD","1082","Ballerina Slippers","9587","Shoe Size - 11","0","115","57.75","0"
"150RD","1082","Ballerina Slippers","9588","Shoe Size - 12","0","115","57.75","0"
"150ST","1083","Ballerina Slippers","3456","Shoe Size - 5","1","115","57.75","0"
"150ST","1083","Ballerina Slippers","3461","Shoe Size - 10","2","115","57.75","0"
"150ST","1083","Ballerina Slippers","7244","Shoe Size - 6","0","115","57.75","0"
"150ST","1083","Ballerina Slippers","7245","Shoe Size - 7","0","115","57.75","0"
"150ST","1083","Ballerina Slippers","7246","Shoe Size - 8","3","115","57.75","0"
"150ST","1083","Ballerina Slippers","7247","Shoe Size - 9","1","115","57.75","0"
"150ST","1083","Ballerina Slippers","9314","Shoe Size - 11","2","115","57.75","0"
"150ST","1083","Ballerina Slippers","9589","Shoe Size - 12","1","115","57.75","0"
"150TQ","1084","Ballerina Slippers","3468","Shoe Size - 5","1","115","57.75","0"
"150TQ","1084","Ballerina Slippers","3469","Shoe Size - 6","2","115","57.75","0"
"150TQ","1084","Ballerina Slippers","3470","Shoe Size - 7","0","115","57.75","0"
"150TQ","1084","Ballerina Slippers","3471","Shoe Size - 8","0","115","57.75","0"
"150TQ","1084","Ballerina Slippers","3473","Shoe Size - 10","1","115","57.75","0"
"150TQ","1084","Ballerina Slippers","7248","Shoe Size - 9","2","115","57.75","0"
"150TQ","1084","Ballerina Slippers","9590","Shoe Size - 11","0","115","57.75","0"
"150TQ","1084","Ballerina Slippers","9591","Shoe Size - 12","0","115","57.75","0"
"Sauge","1089","Buffalo Sage","6881","Smudge - 5"" thin","0","9","0","3"
"Sauge","1089","Buffalo Sage","6882","Smudge - 5"" large","9","15","0","6"
"Sauge","1089","Buffalo Sage","6883","Smudge - 5"" thin with lavender","2","9.949999999999999","0","4"
"Sauge","1089","Buffalo Sage","6884","Smudge - 9"" large","16","23","0","7"
"Sauge","1089","Buffalo Sage","6885","Smudge - 9"" pearly-everlasting","0","14","0","7"
"Sauge","1089","Buffalo Sage","6886","Smudge - Bulk 1oz","0","9.449999999999999","0","4.75"
"Sauge","1089","Buffalo Sage","7849","Smudge - 5"" thin with rosemary","2","9.949999999999999","0","4"
"Sauge","1089","Buffalo Sage","10357","Smudge - 5"" perly-everlasting","3","12.95","0","4"
"Sweetgrass","1090","Sweetgrass","9208","Smudge - 12"" to 15""","0","12.95","0","5.5"
"Sweetgrass","1090","Sweetgrass","9209","Smudge - 19"" to 21""","5","15.95","0","7.5"
"A10004-WPA0401NC01B","1091","Jackie Legging ""Merging Earth and Sky""","3487","Size - S","0","109","45","0"
"A10004-WPA0401NC01B","1091","Jackie Legging ""Merging Earth and Sky""","3488","Size - M","0","109","45","0"
"A10004-WPA0401NC01B","1091","Jackie Legging ""Merging Earth and Sky""","3489","Size - L","0","109","45","0"
"A10004-WPA0401NC01B","1091","Jackie Legging ""Merging Earth and Sky""","3490","Size - XL","0","109","45","0"
"A10004-WPA0401NC01B","1091","Jackie Legging ""Merging Earth and Sky""","3491","Size - XS","0","109","45","0"
"3700-0408-13DKT-37504DKT","1092","Ladies Concho","3565","Shoe Size - 5","0","160","69.59999999999999","0"
"3700-0408-13DKT-37504DKT","1092","Ladies Concho","3566","Shoe Size - 6","0","160","69.59999999999999","0"
"3700-0408-13DKT-37504DKT","1092","Ladies Concho","7249","Shoe Size - 4","0","160","69.59999999999999","0"
"3700-0408-13DKT-37504DKT","1092","Ladies Concho","7250","Shoe Size - 7","0","160","69.59999999999999","0"
"3700-0408-13DKT-37504DKT","1092","Ladies Concho","7251","Shoe Size - 8","0","160","69.59999999999999","0"
"3700-0408-13DKT-37504DKT","1092","Ladies Concho","7252","Shoe Size - 9","0","160","69.59999999999999","0"
"3700-0408-13DKT-37504DKT","1092","Ladies Concho","7253","Shoe Size - 10","0","160","69.59999999999999","0"
"3700-0408-13DKT-37504DKT","1092","Ladies Concho","7254","Shoe Size - 11","0","160","69.59999999999999","0"
"3700-0408-13DKT-37504DKT","1092","Ladies Concho","7255","Shoe Size - 12","0","160","69.59999999999999","0"
"3700-0000-13CK-137597CK","1093","Ladies Concho","3574","Shoe Size - 5","0","175","75.7","0"
"3700-0000-13CK-137597CK","1093","Ladies Concho","7256","Shoe Size - 4","0","175.00","75.70","0.00"
"3700-0000-13CK-137597CK","1093","Ladies Concho","7257","Shoe Size - 6","0","175.00","75.70","0.00"
"3700-0000-13CK-137597CK","1093","Ladies Concho","7258","Shoe Size - 7","0","175.00","75.70","0.00"
"3700-0000-13CK-137597CK","1093","Ladies Concho","7259","Shoe Size - 8","0","175.00","75.70","0.00"
"3700-0000-13CK-137597CK","1093","Ladies Concho","7260","Shoe Size - 9","0","175.00","75.70","0.00"
"3700-0000-13CK-137597CK","1093","Ladies Concho","7261","Shoe Size - 10","0","175.00","75.70","0.00"
"3700-0000-13CK-137597CK","1093","Ladies Concho","7262","Shoe Size - 11","0","175.00","75.70","0.00"
"3700-0000-13CK-137597CK","1093","Ladies Concho","7263","Shoe Size - 12","0","175.00","75.70","0.00"
"2719-0408-13MO-37717MO","1094","Ladies Concho","3537","Shoe Size - 4","0","0.00","52.00","0.00"
"2719-0408-13MO-37717MO","1094","Ladies Concho","3538","Shoe Size - 5","0","0.00","52.00","0.00"
"2719-0408-13MO-37717MO","1094","Ladies Concho","3539","Shoe Size - 6","0","0.00","52.00","0.00"
"2719-0408-13MO-37717MO","1094","Ladies Concho","3540","Shoe Size - 7","0","0.00","52.00","0.00"
"2719-0408-13MO-37717MO","1094","Ladies Concho","3541","Shoe Size - 8","0","0.00","52.00","0.00"
"2719-0408-13MO-37717MO","1094","Ladies Concho","3542","Shoe Size - 9","0","0.00","52.00","0.00"
"2719-0408-13MO-37717MO","1094","Ladies Concho","3543","Shoe Size - 10","0","0.00","52.00","0.00"
"2719-0408-13MO-37717MO","1094","Ladies Concho","3544","Shoe Size - 11","0","0.00","52.00","0.00"
"2719-0408-13MO-37717MO","1094","Ladies Concho","3545","Shoe Size - 12","0","0.00","52.00","0.00"
"2719-0408-13MO-377717NA","1095","Ladies Concho","3555","Shoe Size - 4","0","162.00","70.00","0.00"
"2719-0408-13MO-377717NA","1095","Ladies Concho","3556","Shoe Size - 5","0","162.00","70.00","0.00"
"2719-0408-13MO-377717NA","1095","Ladies Concho","3557","Shoe Size - 6","0","162.00","70.00","0.00"
"2719-0408-13MO-377717NA","1095","Ladies Concho","3558","Shoe Size - 7","0","162.00","70.00","0.00"
"2719-0408-13MO-377717NA","1095","Ladies Concho","3559","Shoe Size - 8","0","162.00","70.00","0.00"
"2719-0408-13MO-377717NA","1095","Ladies Concho","3560","Shoe Size - 9","0","162.00","70.00","0.00"
"2719-0408-13MO-377717NA","1095","Ladies Concho","3561","Shoe Size - 10","1","162.00","70.00","0.00"
"2719-0408-13MO-377717NA","1095","Ladies Concho","3562","Shoe Size - 11","0","162.00","70.00","0.00"
"2719-0408-13MO-377717NA","1095","Ladies Concho","3563","Shoe Size - 12","0","162.00","70.00","0.00"
"3700-0008-13CHO-37500CHO","1096","Ladies Concho","3591","Shoe Size - 4","0","142.00","61.40","0.00"
"3700-0008-13CHO-37500CHO","1096","Ladies Concho","3592","Shoe Size - 5","0","142.00","61.40","0.00"
"3700-0008-13CHO-37500CHO","1096","Ladies Concho","3593","Shoe Size - 6","0","142.00","61.40","0.00"
"3700-0008-13CHO-37500CHO","1096","Ladies Concho","3594","Shoe Size - 7","0","142.00","61.40","0.00"
"3700-0008-13CHO-37500CHO","1096","Ladies Concho","3595","Shoe Size - 8","0","142.00","61.40","0.00"
"3700-0008-13CHO-37500CHO","1096","Ladies Concho","3596","Shoe Size - 9","1","142.00","61.40","0.00"
"3700-0008-13CHO-37500CHO","1096","Ladies Concho","3597","Shoe Size - 10","0","142.00","61.40","0.00"
"3700-0008-13CHO-37500CHO","1096","Ladies Concho","3598","Shoe Size - 11","0","142.00","61.40","0.00"
"3700-0008-13CHO-37500CHO","1096","Ladies Concho","3599","Shoe Size - 12","0","142.00","61.40","0.00"
"2895-1600-53CHO-3870109CHO","1097","Ladies Concho","3612","Shoe Size - 7","0","146.00","63.30","0.00"
"2895-1600-53CHO-3870109CHO","1097","Ladies Concho","7264","Shoe Size - 4","0","146.00","63.30","0.00"
"2895-1600-53CHO-3870109CHO","1097","Ladies Concho","7265","Shoe Size - 5","0","146.00","63.30","0.00"
"2895-1600-53CHO-3870109CHO","1097","Ladies Concho","7266","Shoe Size - 6","0","146.00","63.30","0.00"
"2895-1600-53CHO-3870109CHO","1097","Ladies Concho","7267","Shoe Size - 8","0","146.00","63.30","0.00"
"2895-1600-53CHO-3870109CHO","1097","Ladies Concho","7268","Shoe Size - 9","0","146.00","63.30","0.00"
"2895-1600-53CHO-3870109CHO","1097","Ladies Concho","7269","Shoe Size - 10","0","146.00","63.30","0.00"
"2895-1600-53CHO-3870109CHO","1097","Ladies Concho","7270","Shoe Size - 11","0","146.00","63.30","0.00"
"2895-1600-53CHO-3870109CHO","1097","Ladies Concho","7271","Shoe Size - 12","0","146.00","63.30","0.00"
"5109-0048-13-13136DKDKP","1098","Ladies Moccasins","3624","Shoe Size - 10","1","102.00","44.00","0.00"
"5109-0048-13-13136DKDKP","1098","Ladies Moccasins","7273","Shoe Size - 4","0","102.00","44.00","0.00"
"5109-0048-13-13136DKDKP","1098","Ladies Moccasins","7274","Shoe Size - 5","0","102.00","44.00","0.00"
"5109-0048-13-13136DKDKP","1098","Ladies Moccasins","7275","Shoe Size - 6","0","102.00","44.00","0.00"
"5109-0048-13-13136DKDKP","1098","Ladies Moccasins","7276","Shoe Size - 7","2","102.00","44.00","0.00"
"5109-0048-13-13136DKDKP","1098","Ladies Moccasins","7277","Shoe Size - 8","1","102.00","44.00","0.00"
"5109-0048-13-13136DKDKP","1098","Ladies Moccasins","7278","Shoe Size - 9","1","102.00","44.00","0.00"
"5000-0008-12BL-1493BL","1099","Suede Moccasins for Men","3638","Shoe Size - 6","0","98.00","42.50","0.00"
"5000-0008-12BL-1493BL","1099","Suede Moccasins for Men","3639","Shoe Size - 7","0","98.00","42.50","0.00"
"5000-0008-12BL-1493BL","1099","Suede Moccasins for Men","3640","Shoe Size - 8","0","98.00","42.50","0.00"
"5000-0008-12BL-1493BL","1099","Suede Moccasins for Men","3641","Shoe Size - 9","0","98.00","42.50","0.00"
"5000-0008-12BL-1493BL","1099","Suede Moccasins for Men","3642","Shoe Size - 10","0","98.00","42.50","0.00"
"5000-0008-12BL-1493BL","1099","Suede Moccasins for Men","3643","Shoe Size - 11","0","98.00","42.50","0.00"
"5000-0008-12BL-1493BL","1099","Suede Moccasins for Men","3644","Shoe Size - 12","0","98.00","42.50","0.00"
"5000-0008-12BL-1493BL","1099","Suede Moccasins for Men","6543","Shoe Size - 13","0","98.00","42.50","0.00"
"5000-0008-12-1493CHO","1100","Ladies Suede Moccasins","3656","Shoe Size - 6","2","96.00","41.50","0.00"
"5000-0008-12-1493CHO","1100","Ladies Suede Moccasins","3657","Shoe Size - 7","0","96.00","41.50","0.00"
"5000-0008-12-1493CHO","1100","Ladies Suede Moccasins","3661","Shoe Size - 11","1","96.00","41.50","0.00"
"5000-0008-12-1493CHO","1100","Ladies Suede Moccasins","7280","Shoe Size - 4","0","96.00","41.50","0.00"
"5000-0008-12-1493CHO","1100","Ladies Suede Moccasins","7281","Shoe Size - 5","0","96.00","41.50","0.00"
"5000-0008-12-1493CHO","1100","Ladies Suede Moccasins","7282","Shoe Size - 8","1","96.00","41.50","0.00"
"5000-0008-12-1493CHO","1100","Ladies Suede Moccasins","7283","Shoe Size - 9","1","96.00","41.50","0.00"
"5000-0008-12-1493CHO","1100","Ladies Suede Moccasins","7284","Shoe Size - 10","0","96.00","41.50","0.00"
"5000-0008-12-1493CHO","1100","Ladies Suede Moccasins","7285","Shoe Size - 12","0","96.00","41.50","0.00"
"6019-0300-41BR-9133BR","1101","Leather Moccasins for Men","3663","Shoe Size - 6","0","174.00","0.00","72.00"
"6019-0300-41BR-9133BR","1101","Leather Moccasins for Men","3664","Shoe Size - 7","2","174.00","0.00","72.00"
"6019-0300-41BR-9133BR","1101","Leather Moccasins for Men","3665","Shoe Size - 8","1","174.00","0.00","72.00"
"6019-0300-41BR-9133BR","1101","Leather Moccasins for Men","3668","Shoe Size - 11","1","174.00","0.00","72.00"
"6019-0300-41BR-9133BR","1101","Leather Moccasins for Men","3670","Shoe Size - 13","1","174.00","0.00","72.00"
"6019-0300-41BR-9133BR","1101","Leather Moccasins for Men","6905","Shoe Size - 14","0","174.00","0.00","72.00"
"6019-0300-41BR-9133BR","1101","Leather Moccasins for Men","7286","Shoe Size - 9","1","174.00","0.00","72.00"
"6019-0300-41BR-9133BR","1101","Leather Moccasins for Men","7287","Shoe Size - 10","1","174.00","0.00","72.00"
"6019-0300-41BR-9133BR","1101","Leather Moccasins for Men","7288","Shoe Size - 12","1","174.00","0.00","72.00"
"6019-0300-41BR-9133BR","1101","Leather Moccasins for Men","7289","Shoe Size - 15","0","174.00","0.00","72.00"
"6019-0300-41BR-9113MODKT-9113MO","1102","Suede Moccasins for Men","3683","Shoe Size - 6","0","170.00","0.00","73.00"
"6019-0300-41BR-9113MODKT-9113MO","1102","Suede Moccasins for Men","3685","Shoe Size - 8","1","170.00","0.00","73.00"
"6019-0300-41BR-9113MODKT-9113MO","1102","Suede Moccasins for Men","3686","Shoe Size - 9","1","170.00","0.00","73.00"
"6019-0300-41BR-9113MODKT-9113MO","1102","Suede Moccasins for Men","3689","Shoe Size - 12","1","170.00","0.00","73.00"
"6019-0300-41BR-9113MODKT-9113MO","1102","Suede Moccasins for Men","3690","Shoe Size - 13","1","170.00","0.00","73.00"
"6019-0300-41BR-9113MODKT-9113MO","1102","Suede Moccasins for Men","7290","Shoe Size - 7","1","170.00","0.00","73.00"
"6019-0300-41BR-9113MODKT-9113MO","1102","Suede Moccasins for Men","7291","Shoe Size - 10","1","170.00","0.00","73.00"
"6019-0300-41BR-9113MODKT-9113MO","1102","Suede Moccasins for Men","7292","Shoe Size - 11","1","170.00","0.00","73.00"
"6019-0300-41BR-9113MODKT-9113MO","1102","Suede Moccasins for Men","7293","Shoe Size - 14","1","170.00","0.00","73.00"
"6019-0300-41BR-9113MODKT-9113MO","1102","Suede Moccasins for Men","7294","Shoe Size - 15","0","170.00","0.00","73.00"
"5000-0008-12BL-1493BL","1103","Ladies Suede Moccasins","3702","Shoe Size - 6","1","96.00","41.50","0.00"
"5000-0008-12BL-1493BL","1103","Ladies Suede Moccasins","3707","Shoe Size - 11","0","96.00","41.50","0.00"
"5000-0008-12BL-1493BL","1103","Ladies Suede Moccasins","7295","Shoe Size - 4","0","96.00","41.50","0.00"
"5000-0008-12BL-1493BL","1103","Ladies Suede Moccasins","7296","Shoe Size - 5","0","96.00","41.50","0.00"
"5000-0008-12BL-1493BL","1103","Ladies Suede Moccasins","7297","Shoe Size - 7","1","96.00","41.50","0.00"
"5000-0008-12BL-1493BL","1103","Ladies Suede Moccasins","7298","Shoe Size - 8","1","96.00","41.50","0.00"
"5000-0008-12BL-1493BL","1103","Ladies Suede Moccasins","7299","Shoe Size - 9","1","96.00","41.50","0.00"
"5000-0008-12BL-1493BL","1103","Ladies Suede Moccasins","7300","Shoe Size - 10","0","96.00","41.50","0.00"
"5000-0008-12BL-1493BL","1103","Ladies Suede Moccasins","7301","Shoe Size - 12","0","96.00","41.50","0.00"
"6080-0408-41BL-653","1105","Suede Slippers for Men","3718","Shoe Size - 6","0","125.00","0.00","52.00"
"6080-0408-41BL-653","1105","Suede Slippers for Men","3719","Shoe Size - 7","1","125.00","0.00","52.00"
"6080-0408-41BL-653","1105","Suede Slippers for Men","3720","Shoe Size - 8","1","125.00","0.00","52.00"
"6080-0408-41BL-653","1105","Suede Slippers for Men","3721","Shoe Size - 9","1","125.00","0.00","52.00"
"6080-0408-41BL-653","1105","Suede Slippers for Men","3722","Shoe Size - 10","0","125.00","0.00","52.00"
"6080-0408-41BL-653","1105","Suede Slippers for Men","3723","Shoe Size - 11","2","125.00","0.00","52.00"
"6080-0408-41BL-653","1105","Suede Slippers for Men","3724","Shoe Size - 12","1","125.00","0.00","52.00"
"6080-0408-41BL-653","1105","Suede Slippers for Men","6907","Shoe Size - 15","0","125.00","0.00","57.00"
"6080-0408-41BL-653","1105","Suede Slippers for Men","7302","Shoe Size - 13","1","125.00","0.00","52.00"
"6080-0408-41BL-653","1105","Suede Slippers for Men","7303","Shoe Size - 14","1","125.00","0.00","57.00"
"5000-0000-27-78CHORK","1106","Suede Moccasins for Men","3735","Shoe Size - 6","0","98.00","42.60","0.00"
"5000-0000-27-78CHORK","1106","Suede Moccasins for Men","3736","Shoe Size - 7","2","98.00","42.60","0.00"
"5000-0000-27-78CHORK","1106","Suede Moccasins for Men","3737","Shoe Size - 8","0","98.00","42.60","0.00"
"5000-0000-27-78CHORK","1106","Suede Moccasins for Men","3738","Shoe Size - 9","0","98.00","42.60","0.00"
"5000-0000-27-78CHORK","1106","Suede Moccasins for Men","3739","Shoe Size - 10","0","98.00","42.60","0.00"
"5000-0000-27-78CHORK","1106","Suede Moccasins for Men","3740","Shoe Size - 11","0","98.00","42.60","0.00"
"5000-0000-27-78CHORK","1106","Suede Moccasins for Men","3741","Shoe Size - 12","1","98.00","42.60","0.00"
"5000-0000-27-78CHORK","1106","Suede Moccasins for Men","3742","Shoe Size - 13","0","98.00","42.60","0.00"
"5000-0000-27-78CHORK","1106","Suede Moccasins for Men","7304","Shoe Size - 14","0","98.00","42.60","0.00"
"5000-0000-27-78CHORK","1106","Suede Moccasins for Men","7305","Shoe Size - 15","0","98.00","42.60","0.00"
"5000-0000-27-78DKTCK","1107","Suede Moccasins for Men","3755","Shoe Size - 6","0","98.00","42.60","0.00"
"5000-0000-27-78DKTCK","1107","Suede Moccasins for Men","3756","Shoe Size - 7","0","98.00","42.60","0.00"
"5000-0000-27-78DKTCK","1107","Suede Moccasins for Men","3757","Shoe Size - 8","0","98.00","42.60","0.00"
"5000-0000-27-78DKTCK","1107","Suede Moccasins for Men","3758","Shoe Size - 9","0","98.00","42.60","0.00"
"5000-0000-27-78DKTCK","1107","Suede Moccasins for Men","3759","Shoe Size - 10","0","98.00","42.60","0.00"
"5000-0000-27-78DKTCK","1107","Suede Moccasins for Men","3760","Shoe Size - 11","0","98.00","42.60","0.00"
"5000-0000-27-78DKTCK","1107","Suede Moccasins for Men","3761","Shoe Size - 12","0","98.00","42.60","0.00"
"5000-0000-27-78DKTCK","1107","Suede Moccasins for Men","3762","Shoe Size - 13","0","98.00","42.60","0.00"
"5000-0000-27-78DKTCK","1107","Suede Moccasins for Men","3763","Shoe Size - 14","1","98.00","42.60","0.00"
"5000-0000-27-78DKTCK","1107","Suede Moccasins for Men","3764","Shoe Size - 15","0","98.00","42.60","0.00"
"9813-0408-49-985447BL","1108","Ladies Mukluks","3766","Shoe Size - 5","0","414.00","179.70","0.00"
"9813-0408-49-985447BL","1108","Ladies Mukluks","3767","Shoe Size - 6","0","414.00","179.70","0.00"
"9813-0408-49-985447BL","1108","Ladies Mukluks","3768","Shoe Size - 7","0","414.00","179.70","0.00"
"9813-0408-49-985447BL","1108","Ladies Mukluks","3769","Shoe Size - 8","0","414.00","179.70","0.00"
"9813-0408-49-985447BL","1108","Ladies Mukluks","3770","Shoe Size - 9","0","414.00","179.70","0.00"
"9813-0408-49-985447BL","1108","Ladies Mukluks","3771","Shoe Size - 10","0","414.00","179.70","0.00"
"9813-0408-49-985447BL","1108","Ladies Mukluks","3772","Shoe Size - 11","0","414.00","179.70","0.00"
"9813-0408-49-985447BL","1108","Ladies Mukluks","3773","Shoe Size - 12","0","414.00","179.70","0.00"
"9813-0408-49-985447BL","1108","Ladies Mukluks","6568","Shoe Size - 4","0","414.00","179.70","0.00"
"9813-0408-47-985447CHO","1109","Ladies Mukluks","3958","Shoe Size - 9","0","414.00","179.70","0.00"
"9813-0408-47-985447CHO","1109","Ladies Mukluks","7561","Shoe Size - 4","0","414.00","179.70","0.00"
"9813-0408-47-985447CHO","1109","Ladies Mukluks","7562","Shoe Size - 5","0","414.00","179.70","0.00"
"9813-0408-47-985447CHO","1109","Ladies Mukluks","7563","Shoe Size - 6","0","414.00","179.70","0.00"
"9813-0408-47-985447CHO","1109","Ladies Mukluks","7564","Shoe Size - 7","0","414.00","179.70","0.00"
"9813-0408-47-985447CHO","1109","Ladies Mukluks","7565","Shoe Size - 8","0","414.00","179.70","0.00"
"9813-0408-47-985447CHO","1109","Ladies Mukluks","7566","Shoe Size - 10","0","414.00","179.70","0.00"
"9813-0408-47-985447CHO","1109","Ladies Mukluks","7567","Shoe Size - 11","0","414.00","179.70","0.00"
"9813-0408-47-985447CHO","1109","Ladies Mukluks","7568","Shoe Size - 12","0","414.00","179.70","0.00"
"9813-0408-47-985447MO","1110","Ladies Mukluks","3964","Shoe Size - 6","0","414.00","179.70","0.00"
"9813-0408-47-985447MO","1110","Ladies Mukluks","7569","Shoe Size - 4","0","414.00","179.70","0.00"
"9813-0408-47-985447MO","1110","Ladies Mukluks","7570","Shoe Size - 5","0","414.00","179.70","0.00"
"9813-0408-47-985447MO","1110","Ladies Mukluks","7571","Shoe Size - 7","0","414.00","179.70","0.00"
"9813-0408-47-985447MO","1110","Ladies Mukluks","7572","Shoe Size - 8","0","414.00","179.70","0.00"
"9813-0408-47-985447MO","1110","Ladies Mukluks","7573","Shoe Size - 9","0","414.00","179.70","0.00"
"9813-0408-47-985447MO","1110","Ladies Mukluks","7574","Shoe Size - 10","0","414.00","179.70","0.00"
"9813-0408-47-985447MO","1110","Ladies Mukluks","7575","Shoe Size - 11","0","414.00","179.70","0.00"
"9813-0408-47-985447MO","1110","Ladies Mukluks","7576","Shoe Size - 12","0","414.00","179.70","0.00"
"9816-0408-47-980447MO","1111","Ladies Mukluks","3975","Shoe Size - 8","1","422.00","198.00","0.00"
"9816-0408-47-980447MO","1111","Ladies Mukluks","7577","Shoe Size - 4","0","422.00","198.00","0.00"
"9816-0408-47-980447MO","1111","Ladies Mukluks","7578","Shoe Size - 5","0","422.00","198.00","0.00"
"9816-0408-47-980447MO","1111","Ladies Mukluks","7579","Shoe Size - 6","0","422.00","198.00","0.00"
"9816-0408-47-980447MO","1111","Ladies Mukluks","7580","Shoe Size - 7","0","422.00","198.00","0.00"
"9816-0408-47-980447MO","1111","Ladies Mukluks","7581","Shoe Size - 9","1","422.00","198.00","0.00"
"9816-0408-47-980447MO","1111","Ladies Mukluks","7582","Shoe Size - 10","0","422.00","198.00","0.00"
"9816-0408-47-980447MO","1111","Ladies Mukluks","7583","Shoe Size - 11","0","422.00","198.00","0.00"
"9816-0408-47-980447MO","1111","Ladies Mukluks","7584","Shoe Size - 12","0","422.00","198.00","0.00"
"9813-0408-86BL2-986486BL","1112","Ladies Mukluks","3982","Shoe Size - 6","0","445.00","199.60","0.00"
"9813-0408-86BL2-986486BL","1112","Ladies Mukluks","7585","Shoe Size - 4","0","445.00","199.60","0.00"
"9813-0408-86BL2-986486BL","1112","Ladies Mukluks","7586","Shoe Size - 5","0","445.00","199.60","0.00"
"9813-0408-86BL2-986486BL","1112","Ladies Mukluks","7587","Shoe Size - 7","0","445.00","199.60","0.00"
"9813-0408-86BL2-986486BL","1112","Ladies Mukluks","7588","Shoe Size - 8","0","445.00","199.60","0.00"
"9813-0408-86BL2-986486BL","1112","Ladies Mukluks","7589","Shoe Size - 9","1","445.00","199.60","0.00"
"9813-0408-86BL2-986486BL","1112","Ladies Mukluks","7590","Shoe Size - 10","0","445.00","199.60","0.00"
"9026-0467-85-1964385RK","1113","Ladies Mukluks","3995","Shoe Size - 10","0","240.00","105.00","0.00"
"9026-0467-85-1964385RK","1113","Ladies Mukluks","7593","Shoe Size - 4","0","240.00","105.00","0.00"
"9026-0467-85-1964385RK","1113","Ladies Mukluks","7594","Shoe Size - 5","0","240.00","105.00","0.00"
"9026-0467-85-1964385RK","1113","Ladies Mukluks","7595","Shoe Size - 6","0","240.00","105.00","0.00"
"9026-0467-85-1964385RK","1113","Ladies Mukluks","7596","Shoe Size - 7","0","240.00","105.00","0.00"
"9026-0467-85-1964385RK","1113","Ladies Mukluks","7597","Shoe Size - 8","0","240.00","105.00","0.00"
"9026-0467-85-1964385RK","1113","Ladies Mukluks","7598","Shoe Size - 9","0","240.00","105.00","0.00"
"9026-0467-85-1964385RK","1113","Ladies Mukluks","7599","Shoe Size - 11","0","240.00","105.00","0.00"
"9026-0467-85-1964385RK","1113","Ladies Mukluks","7600","Shoe Size - 12","0","240.00","105.00","0.00"
"9026-0468-85-1964585RMADKT","1114","Ladies Mukluks","3998","Shoe Size - 4","0","227.00","124.20","0.00"
"9026-0468-85-1964585RMADKT","1114","Ladies Mukluks","3999","Shoe Size - 5","0","227.00","124.20","0.00"
"9026-0468-85-1964585RMADKT","1114","Ladies Mukluks","4000","Shoe Size - 6","0","227.00","124.20","0.00"
"9026-0468-85-1964585RMADKT","1114","Ladies Mukluks","4001","Shoe Size - 7","0","227.00","124.20","0.00"
"9026-0468-85-1964585RMADKT","1114","Ladies Mukluks","4002","Shoe Size - 8","1","227.00","124.20","0.00"
"9026-0468-85-1964585RMADKT","1114","Ladies Mukluks","4003","Shoe Size - 9","0","227.00","124.20","0.00"
"9026-0468-85-1964585RMADKT","1114","Ladies Mukluks","4004","Shoe Size - 10","0","227.00","124.20","0.00"
"9026-0468-85-1964585RMADKT","1114","Ladies Mukluks","4005","Shoe Size - 11","0","227.00","124.20","0.00"
"9026-0468-85-1964585RMADKT","1114","Ladies Mukluks","4006","Shoe Size - 12","0","227.00","124.20","0.00"
"9013-0481-85-1904485RK","1115","Ladies Mukluks","4009","Shoe Size - 6","1","362.00","156.90","0.00"
"9013-0481-85-1904485RK","1115","Ladies Mukluks","4010","Shoe Size - 7","0","362.00","156.90","0.00"
"9013-0481-85-1904485RK","1115","Ladies Mukluks","4011","Shoe Size - 8","0","362.00","156.90","0.00"
"9013-0481-85-1904485RK","1115","Ladies Mukluks","4012","Shoe Size - 9","0","362.00","156.90","0.00"
"9013-0481-85-1904485RK","1115","Ladies Mukluks","7601","Shoe Size - 4","0","362.00","156.90","0.00"
"9013-0481-85-1904485RK","1115","Ladies Mukluks","7602","Shoe Size - 5","0","362.00","156.90","0.00"
"9013-0481-85-1904485RK","1115","Ladies Mukluks","7603","Shoe Size - 10","0","362.00","156.90","0.00"
"9013-0481-85-1904485RK","1115","Ladies Mukluks","7604","Shoe Size - 11","0","362.00","156.90","0.00"
"9013-0481-85-1904485RK","1115","Ladies Mukluks","7605","Shoe Size - 12","0","362.00","156.90","0.00"
"3700-0970-24-37599CKRK","1116","Conchos for Men","3843","Shoe Size - 8","0","210.00","90.10","0.00"
"3700-0970-24-37599CKRK","1116","Conchos for Men","7540","Shoe Size - 7","0","210.00","90.10","0.00"
"3700-0970-24-37599CKRK","1116","Conchos for Men","7541","Shoe Size - 9","0","210.00","90.10","0.00"
"3700-0970-24-37599CKRK","1116","Conchos for Men","7542","Shoe Size - 10","0","210.00","90.10","0.00"
"3700-0970-24-37599CKRK","1116","Conchos for Men","7543","Shoe Size - 11","0","210.00","90.10","0.00"
"3700-0970-24-37599CKRK","1116","Conchos for Men","7544","Shoe Size - 12","0","210.00","90.10","0.00"
"3700-0970-24-37599CKRK","1116","Conchos for Men","7545","Shoe Size - 13","0","210.00","90.10","0.00"
"3700-0970-24-37599CKRK","1116","Conchos for Men","7546","Shoe Size - 14","0","210.00","90.10","0.00"
"3700-0970-24-37599CKRK","1116","Conchos for Men","7547","Shoe Size - 15","0","210.00","90.10","0.00"
"9026-0308-85-1964185OBSM","1117","Mukluks for Men","3850","Shoe Size - 11","0","360.00","155.90","0.00"
"9026-0308-85-1964185OBSM","1117","Mukluks for Men","3851","Shoe Size - 12","0","360.00","155.90","0.00"
"9026-0308-85-1964185OBSM","1117","Mukluks for Men","3853","Shoe Size - 10","0","360.00","155.90","0.00"
"9026-0308-85-1964185OBSM","1117","Mukluks for Men","7548","Shoe Size - 7","0","360.00","155.90","0.00"
"9026-0308-85-1964185OBSM","1117","Mukluks for Men","7549","Shoe Size - 8","0","360.00","155.90","0.00"
"9026-0308-85-1964185OBSM","1117","Mukluks for Men","7550","Shoe Size - 9","0","360.00","155.90","0.00"
"9026-0308-85-1964185OBSM","1117","Mukluks for Men","7551","Shoe Size - 13","0","360.00","155.90","0.00"
"9026-0308-85-1964185OBSM","1117","Mukluks for Men","7552","Shoe Size - 14","0","360.00","155.90","0.00"
"9026-0308-85-1964185OBSM","1117","Mukluks for Men","7553","Shoe Size - 15","0","360.00","155.90","0.00"
"9013-0300-47RK-19245RK","1118","Mukluks for Men","3862","Shoe Size - 10","0","343.00","149.10","0.00"
"9013-0300-47RK-19245RK","1118","Mukluks for Men","3863","Shoe Size - 9","0","343.00","149.10","0.00"
"9013-0300-47RK-19245RK","1118","Mukluks for Men","7554","Shoe Size - 7","1","343.00","149.10","0.00"
"9013-0300-47RK-19245RK","1118","Mukluks for Men","7555","Shoe Size - 8","0","343.00","149.10","0.00"
"9013-0300-47RK-19245RK","1118","Mukluks for Men","7556","Shoe Size - 11","0","343.00","149.10","0.00"
"9013-0300-47RK-19245RK","1118","Mukluks for Men","7557","Shoe Size - 12","0","343.00","149.10","0.00"
"9013-0300-47RK-19245RK","1118","Mukluks for Men","7558","Shoe Size - 13","0","343.00","149.10","0.00"
"9013-0300-47RK-19245RK","1118","Mukluks for Men","7559","Shoe Size - 14","0","343.00","149.10","0.00"
"9013-0300-47RK-19245RK","1118","Mukluks for Men","7560","Shoe Size - 15","0","343.00","149.10","0.00"
"1614-LAD","1131","Ladies Mukluks","3948","Shoe Size - 8","1","455.00","230.00","0.00"
"1614-LAD","1131","Ladies Mukluks","7614","Shoe Size - 4","0","455.00","230.00","0.00"
"1614-LAD","1131","Ladies Mukluks","7615","Shoe Size - 5","0","455.00","230.00","0.00"
"1614-LAD","1131","Ladies Mukluks","7616","Shoe Size - 6","0","455.00","230.00","0.00"
"1614-LAD","1131","Ladies Mukluks","7617","Shoe Size - 7","0","455.00","230.00","0.00"
"1614-LAD","1131","Ladies Mukluks","7618","Shoe Size - 9","0","455.00","230.00","0.00"
"1614-LAD","1131","Ladies Mukluks","7619","Shoe Size - 10","0","455.00","230.00","0.00"
"1614-LAD","1131","Ladies Mukluks","7620","Shoe Size - 11","0","455.00","230.00","0.00"
"1614-LAD","1131","Ladies Mukluks","7621","Shoe Size - 12","0","455.00","230.00","0.00"
"SKU-54-54-541","1132","Crossbody City Bag, Bear Box","4020","Colors - Black Deer","1","185.00","80.00","0.00"
"SKU-54-54-541","1132","Crossbody City Bag, Bear Box","4021","Colors - Red Deer","2","185.00","80.00","0.00"
"SKU-54-54-541","1132","Crossbody City Bag, Bear Box","4022","Colors - Turquoise Deer","2","185.00","80.00","0.00"
"SKU: 54-54-350","1142","Wristlet, Raven","4058","Colors - Red","0","56.00","24.00","0.00"
"SKU: 54-54-350","1142","Wristlet, Raven","4059","Colors - Cherry","0","56.00","24.00","0.00"
"SKU: 54-54-350","1142","Wristlet, Raven","4060","Colors - Turquoise","0","56.00","24.00","0.00"
"SKU: 54-54-350","1142","Wristlet, Raven","4061","Colors - Walnut","2","56.00","24.00","0.00"
"SKU: 54-54-350","1142","Wristlet, Raven","4067","Colors - Black","0","56.00","24.00","0.00"
"SKU: 54-54-350","1142","Wristlet, Raven","4068","Colors - Tan","0","56.00","24.00","0.00"
"SKU: 54-54-308","1143","Corrine Hunt Coin Purse, Raven","4069","Colors - Red","0","34.00","14.50","0.00"
"SKU: 54-54-308","1143","Corrine Hunt Coin Purse, Raven","4070","Colors - Turquoise","1","34.00","14.50","0.00"
"SKU: 54-54-308","1143","Corrine Hunt Coin Purse, Raven","4072","Colors - Walnut","0","34.00","14.50","0.00"
"SKU: 54-54-308","1143","Corrine Hunt Coin Purse, Raven","4075","Colors - Black","1","34.00","14.50","0.00"
"SKU: 54-54-308","1143","Corrine Hunt Coin Purse, Raven","4076","Colors - Cherry","0","34.00","14.50","0.00"
"SKU: 54-54-308","1143","Corrine Hunt Coin Purse, Raven","4077","Colors - Tan","0","34.00","14.50","0.00"
"SKU: 12-12-403","1144","Polar Bear Oven Mitt","","Polar Bear Oven Mitt","1","18.95","8.00","0.00"
"SKU: 12-12-722","1145","Moose Oven Mitt","","Moose Oven Mitt","1","18.95","8.00","0.00"
"SKU: 12-12-101","1146","Inuksuk Pot Holder","","Inuksuk Pot Holder","0","14.95","5.75","0.00"
"3020","1147","Bear Pendant","","Bear Pendant","0","600.00","260.00","0.00"
"3099","1148","Bear Pendant","","Bear Pendant","1","560.00","240.00","0.00"
"CC20","1151","GIFT CARD $20","","GIFT CARD $20","990","20.00","0.00","0.00"
"SKU: 00-07-414","1158","Bill Helin Hummingbird Pendant","","Bill Helin Hummingbird Pendant","1","82.00","25.00","0.00"
"SKU: 00-07-417","1159","Bill Helin Raven Whale Pendant","","Bill Helin Raven Whale Pendant","2","82.00","35.50","0.00"
"SKU: 00-07-412","1160","Bill Helin Orca Pendant","","Bill Helin Orca Pendant","1","82.00","35.50","0.00"
"SKU: 00-07-415","1161","Bill Helin Eagle Pendant","","Bill Helin Eagle Pendant","1","82.00","35.50","0.00"
"SKU: 00-07-426","1162","Bill Helin Eagle Feather Earrings","","Bill Helin Eagle Feather Earrings","2","85.00","37.00","0.00"
"SKU: 00-07-424","1163","Bill Helin Hummingbird Earrings","","Bill Helin Hummingbird Earrings","1","85.00","37.00","0.00"
"SKU: 00-06-095","1164","Eagle Serving Set - (sold separately)","4134","Style - Slotted ladle","0","120.00","19.55","0.00"
"SKU: 00-06-095","1164","Eagle Serving Set - (sold separately)","4135","Style - Ladle","0","120.00","19.55","0.00"
"SKU: 00-01-026","1165","Bookend Bear Frog","","Bookend Bear Frog","0","76.00","33.00","0.00"
"SKU: 00-04-701","1167","Cribbage Board","","Cribbage Board","0","125.00","54.00","0.00"
"CC25","1170","GIFT CARD $25","","GIFT CARD $25","988","25.00","0.00","0.00"
"CC50","1171","GIFT CARD $50","","GIFT CARD $50","980","50.00","0.00","0.00"
"CC75","1172","GIFT CARD $75","","GIFT CARD $75","993","75.00","0.00","0.00"
"CC100","1173","GIFT CARD $100","","GIFT CARD $100","987","100.00","0.00","0.00"
"981485WH","1185","Ladies Mukluks","6343","Shoe Size - 7","0","474.00","205.70","0.00"
"981485WH","1185","Ladies Mukluks","6344","Shoe Size - 8","0","474.00","205.70","0.00"
"981485WH","1185","Ladies Mukluks","7622","Shoe Size - 4","0","474.00","205.70","0.00"
"981485WH","1185","Ladies Mukluks","7623","Shoe Size - 5","0","474.00","205.70","0.00"
"981485WH","1185","Ladies Mukluks","7624","Shoe Size - 6","0","474.00","205.70","0.00"
"981485WH","1185","Ladies Mukluks","7625","Shoe Size - 9","0","474.00","205.70","0.00"
"981485WH","1185","Ladies Mukluks","7626","Shoe Size - 10","0","474.00","205.70","0.00"
"981485WH","1185","Ladies Mukluks","7627","Shoe Size - 11","0","474.00","205.70","0.00"
"981485WH","1185","Ladies Mukluks","7628","Shoe Size - 12","0","474.00","205.70","0.00"
"SKU: 00-04-324","1187","Chief Grinder Salt/Pepper/Herbs","5587","Colors - Rosewood","1","105.95","46.00","0.00"
"SKU: 00-04-324","1187","Chief Grinder Salt/Pepper/Herbs","5589","Colors - Ivory","0","105.95","46.00","0.00"
"SKU: 00-04-324","1187","Chief Grinder Salt/Pepper/Herbs","5590","Colors - Slate","1","105.95","46.00","0.00"
"SKU: 00-04-330","1188","Princess Grinder Salt/Pepper/Herbs","5600","Colors - Ivory","1","105.95","46.00","0.00"
"SKU: 00-04-330","1188","Princess Grinder Salt/Pepper/Herbs","5601","Colors - Slate","1","105.95","46.00","46.00"
"SKU: 00-04-330","1188","Princess Grinder Salt/Pepper/Herbs","5602","Colors - Rosewood","0","105.95","46.00","46.00"
"3098","1193","Bear Pendant","","Bear Pendant","1","460.00","16.50","0.00"
"3031","1194","Bear Pendant","","Bear Pendant","1","440.00","190.00","0.00"
"3032","1195","Bear Pendant","","Bear Pendant","1","440.00","190.00","0.00"
"3033","1196","Bear Pendant","","Bear Pendant","0","440.00","190.00","0.00"
"3057","1197","Bear Pendant","","Bear Pendant","0","440.00","190.00","0.00"
"3059","1198","Bear Pendant","","Bear Pendant","1","440.00","190.00","0.00"
"3013","1199","Bear Pendant","","Bear Pendant","0","515.00","220.00","0.00"
"3014","1200","Bear Pendant","","Bear Pendant","2","480.00","200.00","0.00"
"3019","1201","Bear Pendant","","Bear Pendant","0","350.00","16.50","0.00"
"3016","1202","Bear Pendant","","Bear Pendant","1","350.00","150.00","0.00"
"3018","1203","Bear Pendant","","Bear Pendant","0","350.00","16.50","0.00"
"3011","1205","Bear Pendant","","Bear Pendant","0","485.00","16.50","0.00"
"3021","1206","Bear Pendant/Brooch","","Bear Pendant/Brooch","0","215.00","16.50","0.00"
"3071","1207","Bear Pendant","","Bear Pendant","0","215.00","16.50","0.00"
"3043","1208","Feather Pendant","","Feather Pendant","0","295.00","16.50","0.00"
"3044","1209","Feather Pendant","","Feather Pendant","0","295.00","16.50","0.00"
"3049","1210","Feather Pendant","","Feather Pendant","0","295.00","16.50","0.00"
"3041","1211","Feather Pendant","","Feather Pendant","2","460.00","200.00","0.00"
"3042","1212","Feather Pendant","","Feather Pendant","0","460.00","16.50","0.00"
"3052","1213","Feather Brooch","","Feather Brooch","1","150.00","65.00","0.00"
"3053","1214","Feather Pendant","","Feather Pendant","0","150.00","16.50","0.00"
"3062","1215","Feather Pendant","","Feather Pendant","0","160.00","16.50","0.00"
"3063","1216","Feather Pendant","","Feather Pendant","0","355.00","16.50","0.00"
"3064","1217","Feather Pendant","","Feather Pendant","0","65.00","16.50","0.00"
"3066","1218","Feather Pendant","","Feather Pendant","0","195.00","16.50","0.00"
"3067","1219","Feather Pendant","","Feather Pendant","1","375.00","160.00","0.00"
"3068","1220","Feather Pendant","","Feather Pendant","1","295.00","125.00","0.00"
"3070","1221","Feather Pendant","","Feather Pendant","0","95.00","16.50","0.00"
"3073","1222","Feather Pendant","","Feather Pendant","0","140.00","16.50","0.00"
"3045","1223","Feather Pendant","","Feather Pendant","0","175.00","16.50","0.00"
"3046","1224","Feather Pendant","","Feather Pendant","0","175.00","16.50","0.00"
"3047","1225","Feather Pendant","","Feather Pendant","0","175.00","16.50","0.00"
"3050","1226","Feather Pendant","","Feather Pendant","0","515.00","223.90","0.00"
"3075","1227","Pueblo Pendant","","Pueblo Pendant","0","160.00","16.50","0.00"
"3076","1228","Pueblo Pendant","","Pueblo Pendant","0","160.00","16.50","0.00"
"3077","1229","Pueblo Pendant","","Pueblo Pendant","0","160.00","16.50","0.00"
"3079","1230","Pueblo Pendant","","Pueblo Pendant","0","195.00","16.50","0.00"
"3102","1231","Pueblo Pendant","","Pueblo Pendant","1","750.00","325.00","0.00"
"3072","1232","Bear Pendant","","Bear Pendant","0","85.00","16.50","0.00"
"SKU:15-15-321","1234","Black Bear Halo Mug","","Black Bear Halo Mug","0","11.00","4.75","0.00"
"SKU:12-12-408","1235","Polar Bear Halo Mug","","Polar Bear Halo Mug","0","11.00","4.75","0.00"
"3085","1237","Pueblo Pendant","","Pueblo Pendant","0","145.00","16.50","0.00"
"3088","1238","Pueblo Pendant","","Pueblo Pendant","0","225.00","16.50","0.00"
"3090","1239","Pueblo Pendant","","Pueblo Pendant","1","295.00","125.00","0.00"
"3101","1240","Sungod Pendant","","Sungod Pendant","1","495.00","215.00","0.00"
"3106","1241","Sun God Brooch","","Sun God Brooch","0","195.00","16.50","0.00"
"3107","1242","Sungod Pendant/Brooch","","Sungod Pendant/Brooch","0","195.00","16.50","0.00"
"3108","1243","Rectangular Pendant","","Rectangular Pendant","0","135.00","16.50","0.00"
"3109","1244","Rectangular Pendant","","Rectangular Pendant","0","135.00","16.50","0.00"
"3110","1245","Rectangular Pendant","","Rectangular Pendant","0","135.00","16.50","0.00"
"3112","1246","Rectangular Pendant","","Rectangular Pendant","1","135.00","55.00","0.00"
"3114","1247","Rectangular Pendant","","Rectangular Pendant","0","135.00","16.50","0.00"
"3115","1248","Oval Pendant","","Oval Pendant","0","140.00","16.50","0.00"
"3116","1249","Triangular Pendant","","Triangular Pendant","0","175.00","16.50","0.00"
"3117","1250","Tear Drop Pendant","","Tear Drop Pendant","1","195.00","80.00","0.00"
"3118","1251","Arrow Pendant","","Arrow Pendant","1","225.00","95.00","0.00"
"3119","1252","Oval Pendant","","Oval Pendant","0","140.00","16.50","0.00"
"3123","1253","Trapezoid Pendant","","Trapezoid Pendant","0","325.00","16.50","0.00"
"3124","1254","Tear Drop Pendant","","Tear Drop Pendant","1","325.00","140.00","0.00"
"3125","1255","Oval Pendant","","Oval Pendant","0","115.00","16.50","0.00"
"3127","1256","Triangular Pendant","","Triangular Pendant","0","175.00","16.50","0.00"
"3129","1257","Infinity Pendant","","Infinity Pendant","1","250.00","105.00","0.00"
"3130","1258","Triangular Pendant","","Triangular Pendant","0","175.00","16.50","0.00"
"3134","1259","Square Pendant","","Square Pendant","0","320.00","16.50","0.00"
"3138","1260","Tear Drop Pendant","","Tear Drop Pendant","0","155.00","16.50","0.00"
"3141","1261","Triangular Pendant","","Triangular Pendant","1","220.00","95.00","0.00"
"3142","1262","Ulu Pendant","","Ulu Pendant","0","95.00","16.50","0.00"
"3143","1263","Tear Drop Pendant","","Tear Drop Pendant","1","210.00","90.00","0.00"
"3144","1264","Tear Drop Feather Pendant","","Tear Drop Feather Pendant","0","95.00","16.50","0.00"
"3145","1265","Tear Drop Pendant","","Tear Drop Pendant","1","140.00","60.00","0.00"
"3146","1266","Round Pendant","","Round Pendant","0","145.00","16.50","0.00"
"3147","1267","Oval Pendant","","Oval Pendant","0","125.00","16.50","0.00"
"3148","1268","Tear Drop Pendant","","Tear Drop Pendant","0","145.00","16.50","0.00"
"3150","1269","Oval Pendant","","Oval Pendant","0","145.00","16.50","0.00"
"3153","1270","Oval Pendant","","Oval Pendant","0","115.00","16.50","0.00"
"3154","1271","Square Pendant","","Square Pendant","0","95.00","16.50","0.00"
"3157","1272","Tear Drop Pendant","","Tear Drop Pendant","0","295.00","16.50","0.00"
"3155","1273","Butterfly Pendant","","Butterfly Pendant","0","275.00","16.50","0.00"
"3156","1274","Butterfly Pendant","","Butterfly Pendant","0","345.00","16.50","0.00"
"3158","1275","Tear Drop Pendant","","Tear Drop Pendant","1","230.00","100.00","0.00"
"3159","1276","Rectangular Pendant","","Rectangular Pendant","0","215.00","16.50","0.00"
"3135","1277","Half Moon Pendant","","Half Moon Pendant","0","395.00","16.50","0.00"
"3162","1279","Feather Pendant","","Feather Pendant","0","400.00","16.50","0.00"
"3163","1283","Horse Pendant","","Horse Pendant","1","685.00","295.00","0.00"
"3164","1284","Horse Pendant","","Horse Pendant","1","400.00","170.00","0.00"
"3165","1285","Horse Pendant","","Horse Pendant","0","325.00","16.50","0.00"
"3166","1286","Horse Pendant","","Horse Pendant","0","385.00","16.50","0.00"
"3167","1287","Horse Pendant","","Horse Pendant","0","385.00","16.50","0.00"
"3168","1288","Horse Pendant","","Horse Pendant","1","385.00","165.00","0.00"
"3169","1289","Horse Pendant","","Horse Pendant","0","385.00","16.50","0.00"
"3170","1290","Horse Pendant","","Horse Pendant","0","465.00","16.50","0.00"
"3171","1291","Horse Pendant","","Horse Pendant","0","295.00","16.50","0.00"
"3172","1292","Horse Pendant","","Horse Pendant","0","295.00","16.50","0.00"
"3174","1293","Horse Pendant/Brooch","","Horse Pendant/Brooch","1","210.00","90.00","0.00"
"3175","1294","Horse Pendant/Brooch","","Horse Pendant/Brooch","0","210.00","16.50","0.00"
"3177","1296","Horse Pendant","","Horse Pendant","0","310.00","16.50","0.00"
"3179","1297","Horse Pendant","","Horse Pendant","0","110.00","16.50","0.00"
"3180","1298","Gheko Pendant","","Gheko Pendant","0","220.00","16.50","0.00"
"3184","1299","Gheko Pendant","","Gheko Pendant","1","600.00","260.00","0.00"
"","1300","The gift card","","The gift card","0","0.00","0.00","0.00"
"3186","1301","Kokopelli Pendant","","Kokopelli Pendant","0","255.00","16.50","0.00"
"3187","1302","Kokopelli Pendant","","Kokopelli Pendant","0","140.00","16.50","0.00"
"3190","1303","Kokopelli Pendant","","Kokopelli Pendant","1","150.00","65.00","0.00"
"3191","1304","Kokopelli Pendant","","Kokopelli Pendant","0","25.00","16.50","0.00"
"3193","1305","Kokopelli Pendant","","Kokopelli Pendant","0","185.00","16.50","0.00"
"3194","1306","Kokopelli Pendant","","Kokopelli Pendant","0","275.00","16.50","0.00"
"3196","1307","Kokopelli Pendant","","Kokopelli Pendant","0","275.00","16.50","0.00"
"3200","1308","Kokopelli Pendant","","Kokopelli Pendant","0","300.00","16.50","0.00"
"3198","1309","Kokopelli Pendant","","Kokopelli Pendant","0","230.00","16.50","0.00"
"3199","1310","Kokopelli Pendant","","Kokopelli Pendant","0","230.00","16.50","0.00"
"3203","1311","Kokopelli Pendant","","Kokopelli Pendant","0","195.00","16.50","0.00"
"3207","1312","Kokopelli Pendant","","Kokopelli Pendant","0","195.00","16.50","0.00"
"3206","1313","Kokopelli Pendant","","Kokopelli Pendant","0","40.00","16.50","0.00"
"3210","1314","Kokopelli Pendant","","Kokopelli Pendant","0","230.00","16.50","0.00"
"3212","1315","Kokopelli Pendant","","Kokopelli Pendant","0","215.00","16.50","0.00"
"3214","1316","Kokopelli Pendant","","Kokopelli Pendant","0","125.00","16.50","0.00"
"3215","1317","Bear Pendant","","Bear Pendant","0","150.00","16.50","0.00"
"3216","1318","Pueblo Pendant","","Pueblo Pendant","1","140.00","60.00","0.00"
"3217","1319","Pueblo Pendant","","Pueblo Pendant","1","140.00","60.00","0.00"
"3219","1320","Vase Pendant","","Vase Pendant","0","160.00","16.50","0.00"
"3221","1321","Vase Pendant","","Vase Pendant","0","120.00","16.50","0.00"
"3222","1322","Wedding Vase Pendant","","Wedding Vase Pendant","0","120.00","16.50","0.00"
"3232","1323","Vase Pendant","","Vase Pendant","1","160.00","65.00","0.00"
"3223","1324","Chief Pendant","","Chief Pendant","1","185.00","80.00","0.00"
"3224","1325","Chief Pendant","","Chief Pendant","0","85.00","16.50","0.00"
"3225","1326","Chief Pendant","","Chief Pendant","0","85.00","16.50","0.00"
"3226","1327","Turtle Pendant","","Turtle Pendant","0","600.00","16.50","0.00"
"3227","1328","Butterfly Pendant","","Butterfly Pendant","1","400.00","170.00","0.00"
"3228","1329","Butterfly Pendant","","Butterfly Pendant","0","110.00","16.50","0.00"
"3234","1330","Bear Pendant","","Bear Pendant","0","45.00","16.50","0.00"
"3231","1331","Butterfly Pendant","","Butterfly Pendant","0","110.00","16.50","0.00"
"3244","1332","Buffalo Pendant","","Buffalo Pendant","0","75.00","16.50","0.00"
"3239","1333","Buffalo Pendant/Whistle","","Buffalo Pendant/Whistle","0","195.00","16.50","0.00"
"3240","1334","Buffalo Pendant","","Buffalo Pendant","0","385.00","16.50","0.00"
"3245","1335","Buffalo Pendant","","Buffalo Pendant","0","65.00","16.50","0.00"
"3260","1336","Sungod Pendant","","Sungod Pendant","1","450.00","195.00","0.00"
"3249","1337","Wolf Pendant","","Wolf Pendant","0","325.00","16.50","0.00"
"3252","1338","Wolf Pendant","","Wolf Pendant","0","160.00","16.50","0.00"
"3253","1339","Wolf Pendant","","Wolf Pendant","0","165.00","16.50","0.00"
"3254","1340","Wolf Pendant","","Wolf Pendant","0","85.00","16.50","0.00"
"3255","1341","Wolf Pendant","","Wolf Pendant","0","85.00","16.50","0.00"
"3261","1342","Wolf Pendant","","Wolf Pendant","0","60.00","16.50","0.00"
"3262","1343","Arrowhead Wolf Pendant","","Arrowhead Wolf Pendant","0","245.00","16.50","0.00"
"3266","1344","Arrowhead Wolf Pendant","","Arrowhead Wolf Pendant","0","115.00","16.50","0.00"
"3263","1345","Arrowhead Wolf Pendant","","Arrowhead Wolf Pendant","0","275.00","16.50","0.00"
"3267","1346","Arrowhead Wolf Pendant","","Arrowhead Wolf Pendant","0","140.00","16.50","0.00"
"3269","1347","Arrowhead Bear Pendant","","Arrowhead Bear Pendant","0","275.00","16.50","0.00"
"3270","1348","Arrowhead Bear Pendant","","Arrowhead Bear Pendant","0","140.00","16.50","0.00"
"3271","1349","Arrowhead Bear Pendant","","Arrowhead Bear Pendant","0","115.00","16.50","0.00"
"3272","1350","Arrowhead Eagle Pendant","","Arrowhead Eagle Pendant","0","115.00","16.50","0.00"
"3273","1351","Arrowhead Eagle Pendant","","Arrowhead Eagle Pendant","0","95.00","16.50","0.00"
"3274","1352","Thunderbird Pendant","","Thunderbird Pendant","0","140.00","16.50","0.00"
"3275","1353","Cross Pendant","","Cross Pendant","0","175.00","16.50","0.00"
"3276","1354","Flower Pendant","","Flower Pendant","0","85.00","16.50","0.00"
"3278","1355","Dolphin Pendant","","Dolphin Pendant","0","35.00","16.50","0.00"
"3282","1356","Sunburst Pendant","","Sunburst Pendant","0","425.00","16.50","0.00"
"3284","1357","Oval Pendant","","Oval Pendant","1","830.00","360.00","0.00"
"3285","1358","Oval Pendant","","Oval Pendant","1","355.00","150.00","0.00"
"3277","1359","Wedding Brooch","","Wedding Brooch","0","95.00","16.50","0.00"
"3371","1361","Turtle Pendant","","Turtle Pendant","0","650.00","16.50","0.00"
"3372","1362","Turtle Pendant","","Turtle Pendant","0","425.00","16.50","0.00"
"3373","1363","Turtle Pendant","","Turtle Pendant","0","465.00","16.50","0.00"
"3374","1364","Butterfly Pendant","","Butterfly Pendant","0","275.00","16.50","0.00"
"3353","1366","Bear Earrings","","Bear Earrings","1","335.00","145.00","0.00"
"3369","1367","Tear Drop Earrings","","Tear Drop Earrings","0","95.00","25.00","0.00"
"3375","1368","Bear/Feather Earrings","","Bear/Feather Earrings","0","115.00","25.00","0.00"
"3376","1369","Buffalo Earrings","","Buffalo Earrings","0","240.00","25.00","0.00"
"3377","1370","Buffalo Earrings","","Buffalo Earrings","0","75.00","25.00","0.00"
"3378","1371","Buffalo Earrings","","Buffalo Earrings","1","195.00","80.00","0.00"
"3379","1372","Turtle Earrings","","Turtle Earrings","0","85.00","25.00","0.00"
"3380","1373","Turtle Earrings","","Turtle Earrings","0","115.00","25.00","0.00"
"3382","1374","Turtle Earrings","","Turtle Earrings","0","55.00","25.00","0.00"
"3383","1375","Turtle Earrings","","Turtle Earrings","0","55.00","25.00","0.00"
"3384","1376","Turtle Earrings","","Turtle Earrings","0","80.00","25.00","0.00"
"3385","1377","Turtle Earrings","","Turtle Earrings","0","55.00","25.00","0.00"
"3386","1378","Turtle Earrings","","Turtle Earrings","0","48.00","25.00","0.00"
"3387","1379","Turtle Earrings","","Turtle Earrings","0","48.00","25.00","0.00"
"3388","1380","Turtle Earrings","","Turtle Earrings","0","48.00","25.00","0.00"
"3389-65041","1381","Round Earrings","","Round Earrings","0","68.00","28.90","0.00"
"3390","1382","Tear Drop Earrings","","Tear Drop Earrings","0","70.00","25.00","0.00"
"3391","1383","Sungod Earrings","","Sungod Earrings","0","105.00","25.00","0.00"
"3392","1384","Bear Paw Earrings","","Bear Paw Earrings","0","50.00","25.00","0.00"
"3394","1385","Bear Paw Earrings","","Bear Paw Earrings","0","35.00","25.00","0.00"
"3395","1386","Bear Paw Earrings","","Bear Paw Earrings","0","38.00","25.00","0.00"
"3396","1387","Bear Paw Earrings","","Bear Paw Earrings","0","38.00","25.00","0.00"
"3398","1388","Bear Paw Earrings","","Bear Paw Earrings","0","38.00","25.00","0.00"
"3399","1389","Bear Paw Earrings","","Bear Paw Earrings","0","38.00","25.00","0.00"
"3397","1390","Butterfly Earrings","","Butterfly Earrings","0","125.00","25.00","0.00"
"3400","1391","Floral Earrings","","Floral Earrings","0","70.00","25.00","0.00"
"3401","1392","Seahorse Earrings","","Seahorse Earrings","0","115.00","25.00","0.00"
"3402-64607","1393","Starfish Earrings","","Starfish Earrings","0","35.00","14.69","0.00"
"3403","1394","Oval Earrings","","Oval Earrings","0","115.00","25.00","0.00"
"3404","1395","Bird Earrings","","Bird Earrings","0","145.00","25.00","0.00"
"3405","1396","Wolf Earrings","","Wolf Earrings","1","140.00","60.00","0.00"
"3406","1397","Dream Catcher/Feather Earrings","","Dream Catcher/Feather Earrings","0","25.00","25.00","0.00"
"3407","1398","Horse Earrings","","Horse Earrings","1","195.00","80.00","0.00"
"3408","1399","Gheko Earrings","","Gheko Earrings","0","195.00","25.00","0.00"
"3409","1400","Gheko Earrings","","Gheko Earrings","0","195.00","25.00","0.00"
"3410","1401","Heart Earrings","","Heart Earrings","0","55.00","25.00","0.00"
"3411","1402","Round Earrings","","Round Earrings","0","55.00","25.00","0.00"
"5100-0700-27-7710SM","1403","Suede Moccasins for Men","6123","Shoe Size - 6","0","99.95","43.40","0.00"
"5100-0700-27-7710SM","1403","Suede Moccasins for Men","6124","Shoe Size - 7","0","99.95","43.40","0.00"
"5100-0700-27-7710SM","1403","Suede Moccasins for Men","6125","Shoe Size - 8","0","99.95","43.40","0.00"
"5100-0700-27-7710SM","1403","Suede Moccasins for Men","6126","Shoe Size - 9","0","99.95","43.40","0.00"
"5100-0700-27-7710SM","1403","Suede Moccasins for Men","6127","Shoe Size - 10","0","99.95","43.40","0.00"
"5100-0700-27-7710SM","1403","Suede Moccasins for Men","6128","Shoe Size - 11","0","99.95","43.40","0.00"
"5100-0700-27-7710SM","1403","Suede Moccasins for Men","6129","Shoe Size - 12","0","99.95","43.40","0.00"
"5100-0700-27-7710SM","1403","Suede Moccasins for Men","6130","Shoe Size - 13","0","99.95","43.40","0.00"
"5100-0700-27-7710SM","1403","Suede Moccasins for Men","6131","Shoe Size - 14","0","99.95","43.40","0.00"
"5100-0700-27-7710SM","1403","Suede Moccasins for Men","6132","Shoe Size - 15","0","99.95","43.40","0.00"
"9013-0481-85-1904485DT","1404","Ladies Mukluks","6017","Shoe Size - 8","0","360.00","156.90","0.00"
"9013-0481-85-1904485DT","1404","Ladies Mukluks","7606","Shoe Size - 4","0","360.00","156.90","0.00"
"9013-0481-85-1904485DT","1404","Ladies Mukluks","7607","Shoe Size - 5","0","360.00","156.90","0.00"
"9013-0481-85-1904485DT","1404","Ladies Mukluks","7608","Shoe Size - 6","0","360.00","156.90","0.00"
"9013-0481-85-1904485DT","1404","Ladies Mukluks","7609","Shoe Size - 7","0","360.00","156.90","0.00"
"9013-0481-85-1904485DT","1404","Ladies Mukluks","7610","Shoe Size - 9","0","360.00","156.90","0.00"
"9013-0481-85-1904485DT","1404","Ladies Mukluks","7611","Shoe Size - 10","0","360.00","156.90","0.00"
"9013-0481-85-1904485DT","1404","Ladies Mukluks","7612","Shoe Size - 11","0","360.00","156.90","0.00"
"9013-0481-85-1904485DT","1404","Ladies Mukluks","7613","Shoe Size - 12","0","360.00","156.90","0.00"
"5000-0000-27-11563DT","1405","Leather Moccasins for Men","6133","Shoe Size - 6","0","140.00","60.70","0.00"
"5000-0000-27-11563DT","1405","Leather Moccasins for Men","6134","Shoe Size - 7","0","140.00","60.70","0.00"
"5000-0000-27-11563DT","1405","Leather Moccasins for Men","6135","Shoe Size - 8","0","140.00","60.70","0.00"
"5000-0000-27-11563DT","1405","Leather Moccasins for Men","6136","Shoe Size - 9","0","140.00","60.70","0.00"
"5000-0000-27-11563DT","1405","Leather Moccasins for Men","6137","Shoe Size - 10","0","140.00","60.70","0.00"
"5000-0000-27-11563DT","1405","Leather Moccasins for Men","6138","Shoe Size - 11","0","140.00","60.70","0.00"
"5000-0000-27-11563DT","1405","Leather Moccasins for Men","6139","Shoe Size - 12","0","140.00","60.70","0.00"
"5000-0000-27-11563DT","1405","Leather Moccasins for Men","6140","Shoe Size - 13","0","140.00","60.70","0.00"
"5000-0000-27-11563DT","1405","Leather Moccasins for Men","6141","Shoe Size - 14","0","140.00","60.70","0.00"
"5000-0000-27-11563DT","1405","Leather Moccasins for Men","6142","Shoe Size - 15","0","140.00","60.70","0.00"
"5000-0000-27-11563BL","1406","Leather Moccasins for Men","6143","Shoe Size - 6","0","140.00","60.70","53.00"
"5000-0000-27-11563BL","1406","Leather Moccasins for Men","6144","Shoe Size - 7","0","140.00","60.70","53.00"
"5000-0000-27-11563BL","1406","Leather Moccasins for Men","6145","Shoe Size - 8","0","140.00","60.70","53.00"
"5000-0000-27-11563BL","1406","Leather Moccasins for Men","6146","Shoe Size - 9","0","140.00","60.70","53.00"
"5000-0000-27-11563BL","1406","Leather Moccasins for Men","6147","Shoe Size - 10","0","140.00","60.70","53.00"
"5000-0000-27-11563BL","1406","Leather Moccasins for Men","6148","Shoe Size - 11","0","140.00","60.70","53.00"
"5000-0000-27-11563BL","1406","Leather Moccasins for Men","6149","Shoe Size - 12","0","140.00","60.70","53.00"
"5000-0000-27-11563BL","1406","Leather Moccasins for Men","6150","Shoe Size - 13","0","140.00","60.70","53.00"
"5000-0000-27-11563BL","1406","Leather Moccasins for Men","6151","Shoe Size - 14","0","140.00","60.70","57.00"
"5000-0000-27-11563BL","1406","Leather Moccasins for Men","6152","Shoe Size - 15","0","140.00","60.70","57.00"
"5000-0400-00-2479DT","1407","Leather Moccasins for Men","6158","Shoe Size - 11","0","106.00","45.90","0.00"
"5000-0400-00-2479DT","1407","Leather Moccasins for Men","7306","Shoe Size - 12","0","106.00","45.90","0.00"
"5000-0400-00-2479DT","1407","Leather Moccasins for Men","7307","Shoe Size - 13","0","106.00","45.90","0.00"
"5000-0400-00-2479DT","1407","Leather Moccasins for Men","7308","Shoe Size - 14","0","106.00","45.90","0.00"
"5000-0400-00-2479DT","1407","Leather Moccasins for Men","7309","Shoe Size - 15","0","106.00","45.90","0.00"
"5000-0400-00-2479DT","1407","Leather Moccasins for Men","7310","Shoe Size - 6","0","106.00","45.90","0.00"
"5000-0400-00-2479DT","1407","Leather Moccasins for Men","7311","Shoe Size - 7","0","106.00","45.90","0.00"
"5000-0400-00-2479DT","1407","Leather Moccasins for Men","7312","Shoe Size - 8","0","106.00","45.90","0.00"
"5000-0400-00-2479DT","1407","Leather Moccasins for Men","7313","Shoe Size - 9","0","106.00","45.90","0.00"
"5000-0400-00-2479DT","1407","Leather Moccasins for Men","7314","Shoe Size - 10","0","106.00","45.90","0.00"
"5000-0800-17-7055RK","1408","Leather Moccasins for Men","6166","Shoe Size - 9","1","143.00","0.00","62.00"
"5000-0800-17-7055RK","1408","Leather Moccasins for Men","6167","Shoe Size - 10","2","143.00","0.00","62.00"
"5000-0800-17-7055RK","1408","Leather Moccasins for Men","6169","Shoe Size - 12","1","143.00","0.00","62.00"
"5000-0800-17-7055RK","1408","Leather Moccasins for Men","7315","Shoe Size - 6","0","143.00","0.00","62.00"
"5000-0800-17-7055RK","1408","Leather Moccasins for Men","7316","Shoe Size - 7","0","143.00","0.00","62.00"
"5000-0800-17-7055RK","1408","Leather Moccasins for Men","7317","Shoe Size - 8","0","143.00","0.00","62.00"
"5000-0800-17-7055RK","1408","Leather Moccasins for Men","7318","Shoe Size - 11","1","143.00","0.00","62.00"
"5000-0800-17-7055RK","1408","Leather Moccasins for Men","7319","Shoe Size - 13","0","143.00","0.00","62.00"
"5000-0800-17-7055RK","1408","Leather Moccasins for Men","7320","Shoe Size - 14","0","143.00","0.00","62.00"
"5000-0800-17-7055RK","1408","Leather Moccasins for Men","7321","Shoe Size - 15","0","143.00","0.00","62.00"
"5100-0400-27-7709MO","1409","Suede Moccasins for Men","6171","Shoe Size - 6","0","98.00","42.00","82.00"
"5100-0400-27-7709MO","1409","Suede Moccasins for Men","6172","Shoe Size - 7","0","98.00","42.00","82.00"
"5100-0400-27-7709MO","1409","Suede Moccasins for Men","6173","Shoe Size - 8","0","98.00","42.00","82.00"
"5100-0400-27-7709MO","1409","Suede Moccasins for Men","6174","Shoe Size - 9","0","98.00","42.00","82.00"
"5100-0400-27-7709MO","1409","Suede Moccasins for Men","6175","Shoe Size - 10","0","98.00","42.00","82.00"
"5100-0400-27-7709MO","1409","Suede Moccasins for Men","6176","Shoe Size - 11","0","98.00","42.00","82.00"
"5100-0400-27-7709MO","1409","Suede Moccasins for Men","6177","Shoe Size - 12","0","98.00","42.00","82.00"
"5100-0400-27-7709MO","1409","Suede Moccasins for Men","6178","Shoe Size - 13","0","98.00","42.00","82.00"
"5100-0400-27-7709MO","1409","Suede Moccasins for Men","6179","Shoe Size - 14","0","98.00","42.00","82.00"
"5100-0400-27-7709MO","1409","Suede Moccasins for Men","6180","Shoe Size - 15","0","98.00","42.00","82.00"
"5000-0800-17-7055BL","1410","Leather Moccasins for Men","6181","Shoe Size - 6","0","143.00","62.00","0.00"
"5000-0800-17-7055BL","1410","Leather Moccasins for Men","6182","Shoe Size - 7","0","143.00","62.00","0.00"
"5000-0800-17-7055BL","1410","Leather Moccasins for Men","6183","Shoe Size - 8","0","143.00","62.00","0.00"
"5000-0800-17-7055BL","1410","Leather Moccasins for Men","6184","Shoe Size - 9","0","143.00","62.00","0.00"
"5000-0800-17-7055BL","1410","Leather Moccasins for Men","6185","Shoe Size - 10","0","143.00","62.00","0.00"
"5000-0800-17-7055BL","1410","Leather Moccasins for Men","6186","Shoe Size - 11","0","143.00","62.00","0.00"
"5000-0800-17-7055BL","1410","Leather Moccasins for Men","6187","Shoe Size - 12","1","143.00","62.00","0.00"
"5000-0800-17-7055BL","1410","Leather Moccasins for Men","6188","Shoe Size - 13","0","143.00","62.00","0.00"
"5000-0800-17-7055BL","1410","Leather Moccasins for Men","7322","Shoe Size - 14","0","143.00","62.00","0.00"
"5000-0800-17-7055BL","1410","Leather Moccasins for Men","7323","Shoe Size - 15","0","143.00","62.00","0.00"
"5100-0000-41-3107CK","1411","Leather Moccasins for Men","6087","Shoe Size - 12","0","109.00","47.20","0.00"
"5100-0000-41-3107CK","1411","Leather Moccasins for Men","6088","Shoe Size - 13","0","109.00","47.20","0.00"
"5100-0000-41-3107CK","1411","Leather Moccasins for Men","6089","Shoe Size - 14","0","109.00","47.20","0.00"
"5100-0000-41-3107CK","1411","Leather Moccasins for Men","7324","Shoe Size - 6","0","109.00","47.20","0.00"
"5100-0000-41-3107CK","1411","Leather Moccasins for Men","7325","Shoe Size - 7","0","109.00","47.20","0.00"
"5100-0000-41-3107CK","1411","Leather Moccasins for Men","7326","Shoe Size - 8","0","109.00","47.20","0.00"
"5100-0000-41-3107CK","1411","Leather Moccasins for Men","7327","Shoe Size - 9","0","109.00","47.20","0.00"
"5100-0000-41-3107CK","1411","Leather Moccasins for Men","7328","Shoe Size - 10","0","109.00","47.20","0.00"
"5100-0000-41-3107CK","1411","Leather Moccasins for Men","7329","Shoe Size - 15","0","109.00","47.20","0.00"
"5100-0000-41-3107CK","1411","Leather Moccasins for Men","10507","Shoe Size - 11","0","109.00","47.20","0.00"
"5000-0400-00-749DKT","1412","Suede Moccasins for Men","6093","Shoe Size - 7","0","85.00","36.70","35.00"
"5000-0400-00-749DKT","1412","Suede Moccasins for Men","6094","Shoe Size - 8","0","85.00","36.70","35.00"
"5000-0400-00-749DKT","1412","Suede Moccasins for Men","6095","Shoe Size - 9","0","85.00","36.70","35.00"
"5000-0400-00-749DKT","1412","Suede Moccasins for Men","6096","Shoe Size - 10","0","85.00","36.70","35.00"
"5000-0400-00-749DKT","1412","Suede Moccasins for Men","6097","Shoe Size - 11","0","85.00","36.70","35.00"
"5000-0400-00-749DKT","1412","Suede Moccasins for Men","6098","Shoe Size - 12","0","85.00","36.70","35.00"
"5000-0400-00-749DKT","1412","Suede Moccasins for Men","6099","Shoe Size - 13","0","85.00","36.70","35.00"
"5000-0400-00-749DKT","1412","Suede Moccasins for Men","6100","Shoe Size - 14","0","85.00","36.70","39.00"
"5000-0400-00-749DKT","1412","Suede Moccasins for Men","6101","Shoe Size - 15","0","85.00","36.70","39.00"
"5000-0400-00-749DKT","1412","Suede Moccasins for Men","6102","Shoe Size - 6","0","85.00","36.70","35.00"
"5000-0500-41-2474DT","1413","Leather Moccasins for Men","6110","Shoe Size - 14","0","148.00","64.00","152.00"
"5000-0500-41-2474DT","1413","Leather Moccasins for Men","7330","Shoe Size - 12","0","148.00","64.00","0.00"
"5000-0500-41-2474DT","1413","Leather Moccasins for Men","7331","Shoe Size - 13","0","148.00","64.00","0.00"
"5000-0500-41-2474DT","1413","Leather Moccasins for Men","7332","Shoe Size - 15","0","148.00","64.00","0.00"
"5000-0500-41-2474DT","1413","Leather Moccasins for Men","7333","Shoe Size - 6","0","148.00","64.00","0.00"
"5000-0500-41-2474DT","1413","Leather Moccasins for Men","7334","Shoe Size - 7","0","148.00","64.00","0.00"
"5000-0500-41-2474DT","1413","Leather Moccasins for Men","7335","Shoe Size - 8","0","148.00","64.00","0.00"
"5000-0500-41-2474DT","1413","Leather Moccasins for Men","7336","Shoe Size - 9","0","148.00","64.00","0.00"
"5000-0500-41-2474DT","1413","Leather Moccasins for Men","7337","Shoe Size - 10","0","148.00","64.00","0.00"
"5000-0500-41-2474DT","1413","Leather Moccasins for Men","7338","Shoe Size - 11","0","148.00","64.00","0.00"
"6080-0400-41IND-648","1414","Suede Slippers for Men","6190","Shoe Size - 7","0","125.00","54.30","0.00"
"6080-0400-41IND-648","1414","Suede Slippers for Men","6191","Shoe Size - 8","0","125.00","54.30","0.00"
"6080-0400-41IND-648","1414","Suede Slippers for Men","6193","Shoe Size - 10","2","125.00","54.30","0.00"
"6080-0400-41IND-648","1414","Suede Slippers for Men","6196","Shoe Size - 13","2","125.00","54.30","0.00"
"6080-0400-41IND-648","1414","Suede Slippers for Men","7339","Shoe Size - 6","0","125.00","54.30","0.00"
"6080-0400-41IND-648","1414","Suede Slippers for Men","7340","Shoe Size - 9","1","125.00","54.30","0.00"
"6080-0400-41IND-648","1414","Suede Slippers for Men","7341","Shoe Size - 11","2","125.00","54.30","0.00"
"6080-0400-41IND-648","1414","Suede Slippers for Men","7342","Shoe Size - 12","2","125.00","54.30","0.00"
"6080-0400-41IND-648","1414","Suede Slippers for Men","7343","Shoe Size - 14","0","125.00","54.30","0.00"
"6080-0400-41IND-648","1414","Suede Slippers for Men","7344","Shoe Size - 15","0","125.00","54.30","0.00"
"3286","1415","Tear Drop Pendant","","Tear Drop Pendant","1","260.00","110.00","0.00"
"5125-0800-00-160GR","1416","Ladies Suede Moccasins","6207","Shoe Size - 4","0","68.00","29.40","0.00"
"5125-0800-00-160GR","1416","Ladies Suede Moccasins","6208","Shoe Size - 5","0","68.00","29.40","0.00"
"5125-0800-00-160GR","1416","Ladies Suede Moccasins","6209","Shoe Size - 6","0","68.00","29.40","0.00"
"5125-0800-00-160GR","1416","Ladies Suede Moccasins","6210","Shoe Size - 7","0","68.00","29.40","0.00"
"5125-0800-00-160GR","1416","Ladies Suede Moccasins","6211","Shoe Size - 8","0","68.00","29.40","0.00"
"5125-0800-00-160GR","1416","Ladies Suede Moccasins","6212","Shoe Size - 9","0","68.00","29.40","0.00"
"5125-0800-00-160GR","1416","Ladies Suede Moccasins","6213","Shoe Size - 10","0","68.00","29.40","0.00"
"5000-0400-00-748IND","1417","Ladies Suede Moccasins","6228","Shoe Size - 4","0","75.00","32.40","0.00"
"5000-0400-00-748IND","1417","Ladies Suede Moccasins","6229","Shoe Size - 5","1","75.00","32.40","0.00"
"5000-0400-00-748IND","1417","Ladies Suede Moccasins","6230","Shoe Size - 6","0","75.00","32.40","0.00"
"5000-0400-00-748IND","1417","Ladies Suede Moccasins","6233","Shoe Size - 9","0","75.00","32.40","0.00"
"5000-0400-00-748IND","1417","Ladies Suede Moccasins","6236","Shoe Size - 12","0","75.00","32.40","0.00"
"5000-0400-00-748IND","1417","Ladies Suede Moccasins","7345","Shoe Size - 7","0","75.00","32.40","0.00"
"5000-0400-00-748IND","1417","Ladies Suede Moccasins","7346","Shoe Size - 8","0","75.00","32.40","0.00"
"5000-0400-00-748IND","1417","Ladies Suede Moccasins","7347","Shoe Size - 10","0","75.00","32.40","0.00"
"5000-0400-00-748IND","1417","Ladies Suede Moccasins","7348","Shoe Size - 11","0","75.00","32.40","0.00"
"5000-0408-00-2479NA","1418","Ladies Leather Moccasins","6249","Shoe Size - 7","0","98.00","42.50","0.00"
"5000-0408-00-2479NA","1418","Ladies Leather Moccasins","6320","Shoe Size - 11","0","98.00","42.50","0.00"
"5000-0408-00-2479NA","1418","Ladies Leather Moccasins","7349","Shoe Size - 4","0","98.00","42.50","0.00"
"5000-0408-00-2479NA","1418","Ladies Leather Moccasins","7350","Shoe Size - 5","0","98.00","42.50","0.00"
"5000-0408-00-2479NA","1418","Ladies Leather Moccasins","7351","Shoe Size - 6","0","98.00","42.50","0.00"
"5000-0408-00-2479NA","1418","Ladies Leather Moccasins","7352","Shoe Size - 8","0","98.00","42.50","0.00"
"5000-0408-00-2479NA","1418","Ladies Leather Moccasins","7353","Shoe Size - 9","0","98.00","42.50","0.00"
"5000-0408-00-2479NA","1418","Ladies Leather Moccasins","7354","Shoe Size - 10","0","98.00","42.50","0.00"
"5000-0408-00-2479NA","1418","Ladies Leather Moccasins","7355","Shoe Size - 12","0","98.00","42.50","0.00"
"5000-0008-27-7463NA","1419","Ladies Leather Moccasins","6260","Shoe Size - 4","0","136.00","59.10","0.00"
"5000-0008-27-7463NA","1419","Ladies Leather Moccasins","6261","Shoe Size - 5","0","136.00","59.10","0.00"
"5000-0008-27-7463NA","1419","Ladies Leather Moccasins","6262","Shoe Size - 6","0","136.00","59.10","0.00"
"5000-0008-27-7463NA","1419","Ladies Leather Moccasins","6263","Shoe Size - 7","0","136.00","59.10","0.00"
"5000-0008-27-7463NA","1419","Ladies Leather Moccasins","6264","Shoe Size - 8","0","136.00","59.10","0.00"
"5000-0008-27-7463NA","1419","Ladies Leather Moccasins","6265","Shoe Size - 9","0","136.00","59.10","0.00"
"5000-0008-27-7463NA","1419","Ladies Leather Moccasins","6266","Shoe Size - 10","0","136.00","59.10","0.00"
"5000-0008-16-7456NA","1420","Ladies Leather Moccasins","6279","Shoe Size - 9","0","129.00","55.90","0.00"
"5000-0008-16-7456NA","1420","Ladies Leather Moccasins","7356","Shoe Size - 4","0","129.00","55.90","0.00"
"5000-0008-16-7456NA","1420","Ladies Leather Moccasins","7357","Shoe Size - 5","0","129.00","55.90","0.00"
"5000-0008-16-7456NA","1420","Ladies Leather Moccasins","7358","Shoe Size - 6","0","129.00","55.90","0.00"
"5000-0008-16-7456NA","1420","Ladies Leather Moccasins","7359","Shoe Size - 7","0","129.00","55.90","0.00"
"5000-0008-16-7456NA","1420","Ladies Leather Moccasins","7360","Shoe Size - 8","0","129.00","55.90","0.00"
"5000-0008-16-7456NA","1420","Ladies Leather Moccasins","7361","Shoe Size - 10","0","129.00","55.90","0.00"
"5000-0008-16-7456NA","1420","Ladies Leather Moccasins","7362","Shoe Size - 11","0","129.00","55.90","0.00"
"5000-0008-16-7456NA","1420","Ladies Leather Moccasins","7363","Shoe Size - 12","0","129.00","55.90","0.00"
"5000-0008-1-8536MO","1421","Ladies Suede Moccasins","6295","Shoe Size - 11","1","94.00","40.60","0.00"
"5000-0008-1-8536MO","1421","Ladies Suede Moccasins","6296","Shoe Size - 12","0","94.00","40.60","0.00"
"5000-0008-1-8536MO","1421","Ladies Suede Moccasins","7364","Shoe Size - 4","0","94.00","40.60","0.00"
"5000-0008-1-8536MO","1421","Ladies Suede Moccasins","7365","Shoe Size - 5","0","94.00","40.60","0.00"
"5000-0008-1-8536MO","1421","Ladies Suede Moccasins","7366","Shoe Size - 6","0","94.00","40.60","0.00"
"5000-0008-1-8536MO","1421","Ladies Suede Moccasins","7367","Shoe Size - 7","0","94.00","40.60","0.00"
"5000-0008-1-8536MO","1421","Ladies Suede Moccasins","7368","Shoe Size - 8","0","94.00","40.60","0.00"
"5000-0008-1-8536MO","1421","Ladies Suede Moccasins","7369","Shoe Size - 9","0","94.00","40.60","0.00"
"5000-0008-1-8536MO","1421","Ladies Suede Moccasins","7370","Shoe Size - 10","0","94.00","40.60","0.00"
"5076-0500-36-KB841","1422","Ladies Leather Moccasins","6304","Shoe Size - 4","0","136.00","59.00","0.00"
"5076-0500-36-KB841","1422","Ladies Leather Moccasins","6305","Shoe Size - 5","0","136.00","59.00","0.00"
"5076-0500-36-KB841","1422","Ladies Leather Moccasins","6306","Shoe Size - 6","0","136.00","59.00","0.00"
"5076-0500-36-KB841","1422","Ladies Leather Moccasins","6307","Shoe Size - 7","0","136.00","59.00","0.00"
"5076-0500-36-KB841","1422","Ladies Leather Moccasins","6308","Shoe Size - 8","0","136.00","59.00","0.00"
"5076-0500-36-KB841","1422","Ladies Leather Moccasins","6309","Shoe Size - 9","0","136.00","59.00","0.00"
"5076-0500-36-KB841","1422","Ladies Leather Moccasins","6310","Shoe Size - 10","0","136.00","59.00","0.00"
"986442WH","1425","Ladies Mukluks","6363","Shoe Size - 9","0","435.00","188.70","0.00"
"986442WH","1425","Ladies Mukluks","7629","Shoe Size - 4","0","435.00","188.70","0.00"
"986442WH","1425","Ladies Mukluks","7630","Shoe Size - 5","0","435.00","188.70","0.00"
"986442WH","1425","Ladies Mukluks","7631","Shoe Size - 6","0","435.00","188.70","0.00"
"986442WH","1425","Ladies Mukluks","7632","Shoe Size - 7","0","435.00","188.70","0.00"
"986442WH","1425","Ladies Mukluks","7633","Shoe Size - 8","0","435.00","188.70","0.00"
"986442WH","1425","Ladies Mukluks","7634","Shoe Size - 10","0","435.00","188.70","0.00"
"986442WH","1425","Ladies Mukluks","7635","Shoe Size - 11","0","435.00","188.70","0.00"
"986442WH","1425","Ladies Mukluks","7636","Shoe Size - 12","0","435.00","188.70","0.00"
"989","1426","Suede Moccasins for Men","6379","Shoe Size - 8","2","109.00","59.00","0.00"
"989","1426","Suede Moccasins for Men","6380","Shoe Size - 9","0","109.00","59.00","0.00"
"989","1426","Suede Moccasins for Men","7371","Shoe Size - 4","0","109.00","59.00","0.00"
"989","1426","Suede Moccasins for Men","7372","Shoe Size - 5","0","109.00","59.00","0.00"
"989","1426","Suede Moccasins for Men","7373","Shoe Size - 6","0","109.00","59.00","0.00"
"989","1426","Suede Moccasins for Men","7374","Shoe Size - 7","0","109.00","59.00","0.00"
"989","1426","Suede Moccasins for Men","7375","Shoe Size - 10","0","109.00","59.00","0.00"
"989","1426","Suede Moccasins for Men","7532","Shoe Size - 11","1","109.00","59.00","0.00"
"989","1426","Suede Moccasins for Men","7533","Shoe Size - 12","0","109.00","59.00","0.00"
"989","1426","Suede Moccasins for Men","7534","Shoe Size - 13","0","109.00","59.00","0.00"
"1973","1427","Suede Moccasins for Men","6398","Shoe Size - 7","0","110.00","47.50","0.00"
"1973","1427","Suede Moccasins for Men","7376","Shoe Size - 6","0","110.00","47.50","0.00"
"1973","1427","Suede Moccasins for Men","7377","Shoe Size - 8","0","110.00","47.50","0.00"
"1973","1427","Suede Moccasins for Men","7378","Shoe Size - 9","0","110.00","47.50","0.00"
"1973","1427","Suede Moccasins for Men","7379","Shoe Size - 10","0","110.00","47.50","0.00"
"1973","1427","Suede Moccasins for Men","7380","Shoe Size - 11","0","110.00","47.50","0.00"
"1973","1427","Suede Moccasins for Men","7381","Shoe Size - 12","0","110.00","47.50","0.00"
"1973","1427","Suede Moccasins for Men","7382","Shoe Size - 13","0","110.00","47.50","0.00"
"1973","1427","Suede Moccasins for Men","7383","Shoe Size - 14","0","110.00","47.50","0.00"
"1973","1427","Suede Moccasins for Men","7384","Shoe Size - 15","0","110.00","47.50","0.00"
"5000-0400-00-749BL","1428","Ladies Suede Moccasins","6417","Shoe Size - 4","0","85.00","36.70","0.00"
"5000-0400-00-749BL","1428","Ladies Suede Moccasins","6418","Shoe Size - 5","0","85.00","36.70","0.00"
"5000-0400-00-749BL","1428","Ladies Suede Moccasins","6419","Shoe Size - 6","0","85.00","36.70","0.00"
"5000-0400-00-749BL","1428","Ladies Suede Moccasins","6420","Shoe Size - 7","0","85.00","36.70","0.00"
"5000-0400-00-749BL","1428","Ladies Suede Moccasins","6421","Shoe Size - 8","0","85.00","36.70","0.00"
"5000-0400-00-749BL","1428","Ladies Suede Moccasins","6422","Shoe Size - 9","0","85.00","36.70","0.00"
"5000-0400-00-749BL","1428","Ladies Suede Moccasins","6423","Shoe Size - 10","0","85.00","36.70","0.00"
"5000-0400-00-749BL","1428","Ladies Suede Moccasins","6424","Shoe Size - 11","1","85.00","36.70","0.00"
"5000-0400-00-749BL","1428","Ladies Suede Moccasins","6425","Shoe Size - 12","0","85.00","36.70","0.00"
"9813-0408-47-986447WH","1429","Ladies Mukluks","6435","Shoe Size - 4","0","467.00","188.60","0.00"
"9813-0408-47-986447WH","1429","Ladies Mukluks","6436","Shoe Size - 5","0","467.00","188.60","0.00"
"9813-0408-47-986447WH","1429","Ladies Mukluks","6437","Shoe Size - 6","0","467.00","188.60","0.00"
"9813-0408-47-986447WH","1429","Ladies Mukluks","6438","Shoe Size - 7","1","467.00","188.60","0.00"
"9813-0408-47-986447WH","1429","Ladies Mukluks","6439","Shoe Size - 8","0","467.00","188.60","0.00"
"9813-0408-47-986447WH","1429","Ladies Mukluks","6440","Shoe Size - 9","0","467.00","188.60","0.00"
"9813-0408-47-986447WH","1429","Ladies Mukluks","6441","Shoe Size - 10","0","467.00","188.60","0.00"
"9813-0408-47-986447WH","1429","Ladies Mukluks","6442","Shoe Size - 11","0","467.00","188.60","0.00"
"9813-0408-47-986447WH","1429","Ladies Mukluks","6443","Shoe Size - 12","0","467.00","188.60","0.00"
"9816-0408-47-981447WH","1430","Ladies Mukluks","6453","Shoe Size - 4","0","458.00","198.60","0.00"
"9816-0408-47-981447WH","1430","Ladies Mukluks","6454","Shoe Size - 5","0","458.00","198.60","0.00"
"9816-0408-47-981447WH","1430","Ladies Mukluks","6455","Shoe Size - 6","0","458.00","198.60","0.00"
"9816-0408-47-981447WH","1430","Ladies Mukluks","6456","Shoe Size - 7","0","458.00","198.60","0.00"
"9816-0408-47-981447WH","1430","Ladies Mukluks","6457","Shoe Size - 8","0","458.00","198.60","0.00"
"9816-0408-47-981447WH","1430","Ladies Mukluks","6458","Shoe Size - 9","0","458.00","198.60","0.00"
"9816-0408-47-981447WH","1430","Ladies Mukluks","6459","Shoe Size - 10","0","458.00","198.60","0.00"
"9816-0408-47-981447WH","1430","Ladies Mukluks","6460","Shoe Size - 11","0","458.00","198.60","0.00"
"9816-0408-47-981447WH","1430","Ladies Mukluks","6461","Shoe Size - 12","0","458.00","198.60","0.00"
"SKU: 12-12-737","1435","Moose Halo Mug","","Moose Halo Mug","0","11.00","4.75","0.00"
"3288","1436","Tear Drop Pendant","","Tear Drop Pendant","1","195.00","80.00","0.00"
"3289","1437","Diamond Shaped Pendant","","Diamond Shaped Pendant","1","195.00","80.00","0.00"
"3290","1438","Rectangular Pendant","","Rectangular Pendant","1","200.00","85.00","0.00"
"3292","1439","Tear Drop Pendant","","Tear Drop Pendant","0","215.00","16.50","0.00"
"3293","1440","Triangular Pendant","","Triangular Pendant","0","125.00","16.50","0.00"
"3296","1441","Oval Pendant","","Oval Pendant","0","115.00","16.50","0.00"
"3300","1442","Oval Pendant","","Oval Pendant","0","215.00","16.50","0.00"
"3302","1443","Oval Pendant","","Oval Pendant","0","225.00","16.50","0.00"
"3304","1444","Oval Pendant","","Oval Pendant","0","595.00","16.50","0.00"
"3305","1445","Oval Pendant","","Oval Pendant","0","125.00","16.50","0.00"
"3306","1447","Tear Drop Pendant","","Tear Drop Pendant","0","265.00","16.50","0.00"
"3307","1448","Tear Drop Pendant","","Tear Drop Pendant","0","155.00","16.50","0.00"
"3309","1449","Round Pendant","","Round Pendant","0","180.00","16.50","0.00"
"3312","1450","Tear Drop Pendant","","Tear Drop Pendant","0","185.00","16.50","0.00"
"3313","1451","Tear Drop Pendant","","Tear Drop Pendant","0","145.00","16.50","0.00"
"3328","1452","Triangular Pendant","","Triangular Pendant","0","175.00","16.50","0.00"
"3329","1453","Rectangular Pendant","","Rectangular Pendant","0","295.00","16.50","0.00"
"3330","1454","Bear Claw Pendant","","Bear Claw Pendant","0","125.00","16.50","0.00"
"3334","1455","Buffalo Skull Pendant","","Buffalo Skull Pendant","0","395.00","16.50","0.00"
"3348","1456","Flower Pendant","","Flower Pendant","1","115.00","50.00","0.00"
"3351","1457","Flower Pendant","","Flower Pendant","0","75.00","16.50","0.00"
"SKU: 12-12-726","1458","Moose Trivet","","Moose Trivet","0","14.95","6.30","0.00"
"SKU: 15-15-314","1459","Black Bear Trivet","","Black Bear Trivet","0","14.95","6.30","0.00"
"SKU: 12-12-736","1460","Moose Trivet","","Moose Trivet","0","14.95","6.30","0.00"
"SKU: 46-46-301","1461","Moose Trivet","","Moose Trivet","0","14.00","6.30","0.00"
"SKU: 55-55-004","1473","Passport Pouch ""Hands""","6466","Colors - Turquoise","0","72.00","31.00","0.00"
"SKU: 00-07-419","1496","Bill Helin Feather Pendant","","Bill Helin Feather Pendant","0","82.00","35.50","0.00"
"3132","1497","Bear Pendant","","Bear Pendant","0","190.00","16.50","0.00"
"3370","1498","Sungod Pendant","","Sungod Pendant","0","140.00","16.50","0.00"
"3160","1499","Triangular Pendant","","Triangular Pendant","0","140.00","16.50","0.00"
"3314","1512","Oval Pendant","","Oval Pendant","0","125.00","0.00","0.00"
"3315","1513","Oval Pendant","","Oval Pendant","0","175.00","0.00","0.00"
"3316","1514","Oval Pendant","","Oval Pendant","0","115.00","0.00","0.00"
"3317","1515","Feather Pendant","","Feather Pendant","0","175.00","0.00","0.00"
"3322","1516","Wheel Pendant","","Wheel Pendant","0","195.00","0.00","0.00"
"3323","1518","Oval Pendant","","Oval Pendant","0","180.00","0.00","0.00"
"3325","1519","Horseshoe Pendant","","Horseshoe Pendant","0","75.00","0.00","0.00"
"3326","1520","Spider Pendant","","Spider Pendant","0","75.00","0.00","0.00"
"3327","1521","Spider Pendant","","Spider Pendant","0","75.00","0.00","0.00"
"3324","1522","Corn Pendant","","Corn Pendant","0","95.00","0.00","0.00"
"3338","1523","Wolf/Feather Pendant","","Wolf/Feather Pendant","0","170.00","0.00","0.00"
"3339","1525","Bear Paw Pendant","","Bear Paw Pendant","1","95.00","40.00","0.00"
"3343","1526","Bear Paw Pendant","","Bear Paw Pendant","0","50.00","0.00","0.00"
"3346","1527","Round Pendant","","Round Pendant","0","105.00","0.00","0.00"
"3344","1528","Chief Brooch","","Chief Brooch","1","500.00","215.00","0.00"
"3332","1530","Loop Bail for Pendant","","Loop Bail for Pendant","2","40.00","15.00","0.00"
"3333","1531","Loop Bail for Pendant","","Loop Bail for Pendant","1","25.00","10.00","0.00"
"3357","1562","Bear Earrings","","Bear Earrings","0","230.00","25.00","0.00"
"3358","1563","Bear Earrings","","Bear Earrings","0","240.00","25.00","0.00"
"3360","1564","Bear Earrings","","Bear Earrings","0","160.00","25.00","0.00"
"3363-66826","1565","Bear Earrings","","Bear Earrings","0","28.00","10.86","0.00"
"3361","1566","Bear Earrings","","Bear Earrings","0","240.00","25.00","0.00"
"3362","1567","Bear Earrings","","Bear Earrings","0","240.00","25.00","0.00"
"3365","1568","Chief Earrings","","Chief Earrings","1","105.00","45.00","0.00"
"3367","1569","Chief Earrings","","Chief Earrings","1","105.00","45.00","0.00"
"3368","1570","Oval Earrings","","Oval Earrings","0","120.00","25.00","0.00"
"3412","1571","Round Earrings","","Round Earrings","1","65.00","25.00","0.00"
"3413","1572","Spider Earrings","","Spider Earrings","0","95.00","25.00","0.00"
"3414","1573","Half Moon Earrings","","Half Moon Earrings","0","75.00","25.00","0.00"
"3416","1574","Rectangular Earrings","","Rectangular Earrings","0","265.00","25.00","0.00"
"3417","1575","Rectangular Earrings","","Rectangular Earrings","0","265.00","25.00","0.00"
"3418","1576","Square Earrings","","Square Earrings","0","275.00","25.00","0.00"
"3419","1577","Triangular Earrings","","Triangular Earrings","0","265.00","25.00","0.00"
"3421","1578","Tear Drop Earrings","","Tear Drop Earrings","0","295.00","25.00","0.00"
"3422","1579","Rectangular Earrings","","Rectangular Earrings","0","85.00","25.00","0.00"
"3423","1580","Triangular Earrings","","Triangular Earrings","0","140.00","25.00","0.00"
"3425","1611","Rectangular Earrings","","Rectangular Earrings","0","85.00","25.00","0.00"
"3426","1612","Half Moon Earrings","","Half Moon Earrings","0","135.00","25.00","0.00"
"3428","1613","Half Moon Earrings","","Half Moon Earrings","0","110.00","25.00","0.00"
"3430","1614","Half Moon Earrings","","Half Moon Earrings","1","110.00","45.00","0.00"
"3432","1615","Half Moon Earrings","","Half Moon Earrings","0","110.00","25.00","0.00"
"3434","1616","Half Moon Earrings","","Half Moon Earrings","0","75.00","25.00","0.00"
"3436","1617","Half Moon Earrings","","Half Moon Earrings","0","125.00","25.00","0.00"
"3438","1618","Half Moon Earrings","","Half Moon Earrings","0","115.00","25.00","0.00"
"3440","1619","Half Moon Earrings","","Half Moon Earrings","1","135.00","55.00","0.00"
"3442","1620","Half Moon Earrings","","Half Moon Earrings","0","95.00","25.00","0.00"
"3444","1621","Half Moon Earrings","","Half Moon Earrings","0","95.00","25.00","0.00"
"3446","1622","Half Moon Earrings","","Half Moon Earrings","0","95.00","25.00","0.00"
"3448","1623","Half Moon Earrings","","Half Moon Earrings","0","95.00","25.00","0.00"
"3450","1624","Half Moon Earrings","","Half Moon Earrings","0","95.00","25.00","0.00"
"3452","1625","Bear Paw/Feather Earrings","","Bear Paw/Feather Earrings","0","80.00","25.00","0.00"
"3453","1626","Bear Paw Earrings","","Bear Paw Earrings","0","38.00","25.00","0.00"
"3454","1627","Bear Paw Earrings","","Bear Paw Earrings","0","38.00","25.00","0.00"
"3455","1628","Bear Paw/Feather Earrings","","Bear Paw/Feather Earrings","0","60.00","25.00","0.00"
"3456","1629","Bear Paw Earrings","","Bear Paw Earrings","0","50.00","25.00","0.00"
"3457","1630","Bear Paw Earrings","","Bear Paw Earrings","0","35.00","25.00","0.00"
"3458","1631","Bear Paw Earrings","","Bear Paw Earrings","0","90.00","25.00","0.00"
"3459","1632","Bear Paw Earrings","","Bear Paw Earrings","0","35.00","25.00","0.00"
"3460-3","1633","Small Feather Earrings","","Small Feather Earrings","0","35.00","25.00","0.00"
"3461","1634","Flower Earrings","","Flower Earrings","1","75.00","30.00","0.00"
"3462","1635","Half Moon Earrings","","Half Moon Earrings","0","105.00","25.00","0.00"
"3463","1636","Half Moon Earrings","","Half Moon Earrings","0","105.00","25.00","0.00"
"3464","1637","Tear Drop Earrings","","Tear Drop Earrings","0","125.00","25.00","0.00"
"3465","1638","Rectangular Earrings","","Rectangular Earrings","0","125.00","25.00","0.00"
"3466","1639","Square Earrings","","Square Earrings","0","65.00","25.00","0.00"
"3467","1640","Round Earrings","","Round Earrings","0","50.00","25.00","0.00"
"3469","1641","Stud Earrings","","Stud Earrings","0","30.00","25.00","0.00"
"3468","1642","Bear Paw Earrings","","Bear Paw Earrings","0","50.00","25.00","0.00"
"3470","1643","Oval Earrings","","Oval Earrings","0","45.00","25.00","0.00"
"3473","1644","Oval Earrings","","Oval Earrings","1","90.00","35.00","0.00"
"3474","1645","Floral Earrings","","Floral Earrings","0","70.00","25.00","0.00"
"3475","1646","Stud Earrings","","Stud Earrings","3","28.00","25.00","0.00"
"3478","1647","Stud Earrings","","Stud Earrings","0","35.00","25.00","0.00"
"3476-65854","1648","Oval Earrings","","Oval Earrings","0","36.00","15.40","0.00"
"3477","1649","Turtle Earrings","","Turtle Earrings","0","45.00","25.00","0.00"
"9816-0408-86-981486BL","1663","Ladies Mukluks","6579","Shoe Size - 7","0","467.00","203.04","0.00"
"9816-0408-86-981486BL","1663","Ladies Mukluks","6581","Shoe Size - 9","0","467.00","203.04","0.00"
"9816-0408-86-981486BL","1663","Ladies Mukluks","6582","Shoe Size - 10","0","467.00","203.04","0.00"
"9816-0408-86-981486BL","1663","Ladies Mukluks","7637","Shoe Size - 4","0","467.00","203.04","0.00"
"9816-0408-86-981486BL","1663","Ladies Mukluks","7638","Shoe Size - 5","0","467.00","203.04","0.00"
"9816-0408-86-981486BL","1663","Ladies Mukluks","7639","Shoe Size - 6","2","467.00","203.04","0.00"
"9816-0408-86-981486BL","1663","Ladies Mukluks","7640","Shoe Size - 8","0","467.00","203.04","0.00"
"9816-0408-86-981486BL","1663","Ladies Mukluks","7641","Shoe Size - 11","0","467.00","203.04","0.00"
"9816-0408-86-981486BL","1663","Ladies Mukluks","7642","Shoe Size - 12","0","467.00","203.04","0.00"
"3479","1689","Stud Earrings","","Stud Earrings","0","75.00","25.00","0.00"
"3480","1690","Heart Earrings","","Heart Earrings","0","55.00","25.00","0.00"
"3481","1734","Feather Earrings","","Feather Earrings","1","50.00","20.00","0.00"
"3482","1735","Corn Earrings","","Corn Earrings","1","125.00","50.00","0.00"
"3483","1737","Oval Earrings","","Oval Earrings","0","125.00","25.00","0.00"
"3484","1739","Half Moon Earrings","","Half Moon Earrings","0","75.00","25.00","0.00"
"3485","1744","Half Moon Earrings","","Half Moon Earrings","0","75.00","25.00","0.00"
"3487-66233","1745","Stud Earrings","","Stud Earrings","0","25.00","8.33","0.00"
"3488","1746","Round Earrings","","Round Earrings","0","40.00","25.00","0.00"
"3489","1747","Tear Drop Earrings","","Tear Drop Earrings","0","165.00","25.00","0.00"
"3490","1748","Rectangular Earrings","","Rectangular Earrings","0","190.00","25.00","0.00"
"3491","1749","Diamond Shaped Earrings","","Diamond Shaped Earrings","0","190.00","25.00","0.00"
"3492","1750","Spiral Earrings","","Spiral Earrings","0","145.00","25.00","0.00"
"3493","1751","Oblong Earrings","","Oblong Earrings","0","35.00","25.00","0.00"
"3494","1752","Rabbit Earrings","","Rabbit Earrings","1","65.00","25.00","0.00"
"3495","1753","Rabbit Earrings","","Rabbit Earrings","0","65.00","25.00","0.00"
"3496","1754","Loop Earrings","","Loop Earrings","0","25.00","25.00","0.00"
"3497","1755","Round Earrings","","Round Earrings","0","70.00","25.00","0.00"
"3498","1756","Oval Earrings","","Oval Earrings","0","115.00","25.00","0.00"
"3500","1757","Round Earrings","","Round Earrings","0","60.00","25.00","0.00"
"3501","1758","Oval Earrings","","Oval Earrings","0","85.00","25.00","0.00"
"3504","1759","Oval Earrings","","Oval Earrings","0","75.00","25.00","0.00"
"3505","1760","Heart Earrings","","Heart Earrings","1","95.00","40.00","0.00"
"3506","1761","Oval Earrings","","Oval Earrings","0","65.00","25.00","0.00"
"3507","1762","Rectangular Earrings","","Rectangular Earrings","0","75.00","25.00","0.00"
"3508","1763","Rectangular Earrings","","Rectangular Earrings","0","75.00","25.00","0.00"
"3509","1764","Oval Earrings","","Oval Earrings","0","65.00","25.00","0.00"
"3510","1765","Spiral Earrings","","Spiral Earrings","0","95.00","25.00","0.00"
"3514","1771","Round Earrings","","Round Earrings","0","195.00","25.00","0.00"
"3515","1772","Round Earrings","","Round Earrings","0","175.00","25.00","0.00"
"3516","1773","Tear Drop Earrings","","Tear Drop Earrings","0","295.00","25.00","0.00"
"3542-66228","1774","Garnet Stud Earrings","","Garnet Stud Earrings","0","25.00","8.80","0.00"
"3543-66230","1775","Stud Earrings","","Stud Earrings","9","25.00","8.33","0.00"
"3544","1776","Stud Earrings","","Stud Earrings","0","30.00","25.00","0.00"
"3545-66229","1777","Stud Earrings","","Stud Earrings","1","25.00","8.33","0.00"
"3546","1778","Stud Earrings","","Stud Earrings","0","20.00","25.00","0.00"
"3547","1779","Stud Earrings","","Stud Earrings","0","20.00","25.00","0.00"
"3548-66230","1780","Stud Earrings","","Stud Earrings","0","25.00","8.33","0.00"
"3549","1781","Stud Earrings","","Stud Earrings","0","30.00","25.00","0.00"
"3550","1782","Stud Earrings","","Stud Earrings","0","20.00","25.00","0.00"
"3551","1783","Stud Earrings","","Stud Earrings","0","25.00","25.00","0.00"
"3552","1784","Stud Earrings","","Stud Earrings","0","30.00","25.00","0.00"
"3553","1785","Stud Earrings","","Stud Earrings","0","30.00","25.00","0.00"
"3554-64055","1786","Stud Earrings","","Stud Earrings","0","30.00","9.34","0.00"
"3558","1787","Stud Earrings","","Stud Earrings","0","30.00","25.00","0.00"
"3559","1788","Stud Earrings","","Stud Earrings","0","30.00","25.00","0.00"
"3560","1789","Stud Earrings","","Stud Earrings","0","30.00","25.00","0.00"
"3561","1791","Stud Earrings","","Stud Earrings","0","20.00","25.00","0.00"
"3562","1792","Stud Earrings","","Stud Earrings","0","20.00","25.00","0.00"
"3563","1794","Stud Earrings","","Stud Earrings","0","30.00","25.00","0.00"
"SKU: 00-07-410","2241","Bill Helin Hummingbird Pendant","","Bill Helin Hummingbird Pendant","1","82.00","35.50","0.00"
"SKU: 00-07-411","2242","Bill Helin Hummingbird Pendant","","Bill Helin Hummingbird Pendant","1","82.00","35.50","0.00"
"SKU: 00-07-413","2243","Bill Helin Salmon Pendant","","Bill Helin Salmon Pendant","0","82.00","35.50","0.00"
"SKU: 00-07-420","2244","Bill Helin Hummingbird Earrings","","Bill Helin Hummingbird Earrings","1","85.00","37.00","0.00"
"5000-0000-27-78DKTCK","2284","Ladies Suede Moccasins","6614","Shoe Size - 7","0","92.00","39.70","0.00"
"5000-0000-27-78DKTCK","2284","Ladies Suede Moccasins","6615","Shoe Size - 8","0","92.00","39.70","0.00"
"5000-0000-27-78DKTCK","2284","Ladies Suede Moccasins","6616","Shoe Size - 9","1","92.00","39.70","0.00"
"5000-0000-27-78DKTCK","2284","Ladies Suede Moccasins","6617","Shoe Size - 10","1","92.00","39.70","0.00"
"5000-0000-27-78DKTCK","2284","Ladies Suede Moccasins","6618","Shoe Size - 11","1","92.00","39.70","0.00"
"5000-0000-27-78DKTCK","2284","Ladies Suede Moccasins","7385","Shoe Size - 4","0","92.00","39.70","0.00"
"5000-0000-27-78DKTCK","2284","Ladies Suede Moccasins","7386","Shoe Size - 5","1","92.00","39.70","0.00"
"5000-0000-27-78DKTCK","2284","Ladies Suede Moccasins","7387","Shoe Size - 6","1","92.00","39.70","0.00"
"5000-0000-27-78DKTCK","2284","Ladies Suede Moccasins","7388","Shoe Size - 12","0","92.00","39.70","38.00"
"5060-0008-00IND-148IND","2286","Ladies Suede Moccasins","6623","Shoe Size - 8","0","67.00","29.10","0.00"
"5060-0008-00IND-148IND","2286","Ladies Suede Moccasins","7389","Shoe Size - 4","0","67.00","29.10","0.00"
"5060-0008-00IND-148IND","2286","Ladies Suede Moccasins","7390","Shoe Size - 5","0","67.00","29.10","0.00"
"5060-0008-00IND-148IND","2286","Ladies Suede Moccasins","7391","Shoe Size - 6","0","67.00","29.10","0.00"
"5060-0008-00IND-148IND","2286","Ladies Suede Moccasins","7392","Shoe Size - 7","0","67.00","29.10","0.00"
"5060-0008-00IND-148IND","2286","Ladies Suede Moccasins","7393","Shoe Size - 9","0","67.00","29.10","0.00"
"5060-0008-00IND-148IND","2286","Ladies Suede Moccasins","7394","Shoe Size - 10","0","67.00","29.10","0.00"
"5060-0008-00IND-148IND","2286","Ladies Suede Moccasins","7395","Shoe Size - 11","0","67.00","29.10","0.00"
"5060-0008-00IND-148IND","2286","Ladies Suede Moccasins","7396","Shoe Size - 12","0","67.00","29.10","0.00"
"5061-0000-00-198IND","2288","Ladies Suede Moccasins","6631","Shoe Size - 7","0","75.00","32.40","0.00"
"5061-0000-00-198IND","2288","Ladies Suede Moccasins","7397","Shoe Size - 4","0","75.00","32.40","0.00"
"5061-0000-00-198IND","2288","Ladies Suede Moccasins","7398","Shoe Size - 5","0","75.00","32.40","0.00"
"5061-0000-00-198IND","2288","Ladies Suede Moccasins","7399","Shoe Size - 6","0","75.00","32.40","0.00"
"5061-0000-00-198IND","2288","Ladies Suede Moccasins","7400","Shoe Size - 8","0","75.00","32.40","0.00"
"5061-0000-00-198IND","2288","Ladies Suede Moccasins","7401","Shoe Size - 9","0","75.00","32.40","0.00"
"5061-0000-00-198IND","2288","Ladies Suede Moccasins","7402","Shoe Size - 10","0","75.00","32.40","0.00"
"5061-0000-00-198IND","2288","Ladies Suede Moccasins","7403","Shoe Size - 11","0","75.00","32.40","0.00"
"5061-0000-00-198IND","2288","Ladies Suede Moccasins","7404","Shoe Size - 12","0","75.00","32.40","0.00"
"5000-0008-00-84IND","2290","Ladies Suede Moccasins","6644","Shoe Size - 11","0","64.00","27.70","0.00"
"5000-0008-00-84IND","2290","Ladies Suede Moccasins","7405","Shoe Size - 4","0","64.00","27.70","0.00"
"5000-0008-00-84IND","2290","Ladies Suede Moccasins","7406","Shoe Size - 5","0","64.00","27.70","0.00"
"5000-0008-00-84IND","2290","Ladies Suede Moccasins","7407","Shoe Size - 6","0","64.00","27.70","0.00"
"5000-0008-00-84IND","2290","Ladies Suede Moccasins","7408","Shoe Size - 7","0","64.00","27.70","0.00"
"5000-0008-00-84IND","2290","Ladies Suede Moccasins","7409","Shoe Size - 8","0","64.00","27.70","0.00"
"5000-0008-00-84IND","2290","Ladies Suede Moccasins","7410","Shoe Size - 9","0","64.00","27.70","0.00"
"5000-0008-00-84IND","2290","Ladies Suede Moccasins","7411","Shoe Size - 10","0","64.00","27.70","0.00"
"5000-0008-00-84IND","2290","Ladies Suede Moccasins","7412","Shoe Size - 12","0","64.00","27.70","0.00"
"5000-0008-00-84MO","2291","Ladies Suede Moccasins","6653","Shoe Size - 11","0","64.00","27.70","0.00"
"5000-0008-00-84MO","2291","Ladies Suede Moccasins","7413","Shoe Size - 4","0","64.00","27.70","0.00"
"5000-0008-00-84MO","2291","Ladies Suede Moccasins","7414","Shoe Size - 5","0","64.00","27.70","0.00"
"5000-0008-00-84MO","2291","Ladies Suede Moccasins","7415","Shoe Size - 6","0","64.00","27.70","0.00"
"5000-0008-00-84MO","2291","Ladies Suede Moccasins","7416","Shoe Size - 7","0","64.00","27.70","0.00"
"5000-0008-00-84MO","2291","Ladies Suede Moccasins","7417","Shoe Size - 8","0","64.00","27.70","0.00"
"5000-0008-00-84MO","2291","Ladies Suede Moccasins","7418","Shoe Size - 9","0","64.00","27.70","0.00"
"5000-0008-00-84MO","2291","Ladies Suede Moccasins","7419","Shoe Size - 12","0","64.00","27.70","0.00"
"5000-0008-00-84MO","2291","Ladies Suede Moccasins","7420","Shoe Size - 10","0","64.00","27.70","0.00"
"W13023-WNS0801NC0IB","2408","Kaplan Tank ""Wisdom Keepers""","6663","Size - S","1","129.00","60.00","0.00"
"W13023-WNS0801NC0IB","2408","Kaplan Tank ""Wisdom Keepers""","6664","Size - M","1","129.00","60.00","0.00"
"W13023-WNS0801NC0IB","2408","Kaplan Tank ""Wisdom Keepers""","6665","Size - L","0","129.00","60.00","0.00"
"W13023-WNS0801NC0IB","2408","Kaplan Tank ""Wisdom Keepers""","6666","Size - XL","0","129.00","60.00","0.00"
"W13023-WNS0801NC0IB","2408","Kaplan Tank ""Wisdom Keepers""","6667","Size - XS","1","129.00","60.00","0.00"
"3305-1008-26MUCR-KB88","2672","Ladies Suede Slippers","6681","Shoe Size - 6","0","136.00","59.10","0.00"
"3305-1008-26MUCR-KB88","2672","Ladies Suede Slippers","6684","Shoe Size - 9","0","136.00","59.10","0.00"
"3305-1008-26MUCR-KB88","2672","Ladies Suede Slippers","6685","Shoe Size - 10","0","136.00","59.10","0.00"
"3305-1008-26MUCR-KB88","2672","Ladies Suede Slippers","7421","Shoe Size - 4","0","136.00","59.10","0.00"
"3305-1008-26MUCR-KB88","2672","Ladies Suede Slippers","7422","Shoe Size - 5","0","136.00","59.10","0.00"
"3305-1008-26MUCR-KB88","2672","Ladies Suede Slippers","7423","Shoe Size - 7","0","136.00","59.10","0.00"
"3305-1008-26MUCR-KB88","2672","Ladies Suede Slippers","7424","Shoe Size - 8","0","136.00","59.10","0.00"
"3305-1008-26MUCR-KB88","2672","Ladies Suede Slippers","7425","Shoe Size - 11","0","136.00","59.10","0.00"
"3305-1008-26MUCR-KB88","2672","Ladies Suede Slippers","7426","Shoe Size - 12","0","136.00","59.10","0.00"
"6019-0308-41MODKT-9113MO","2686","Ladies Suede Moccasins","6692","Shoe Size - 9","1","157.00","68.30","0.00"
"6019-0308-41MODKT-9113MO","2686","Ladies Suede Moccasins","6694","Shoe Size - 11","0","157.00","68.30","0.00"
"6019-0308-41MODKT-9113MO","2686","Ladies Suede Moccasins","6697","Shoe Size - 6","0","157.00","68.30","0.00"
"6019-0308-41MODKT-9113MO","2686","Ladies Suede Moccasins","7427","Shoe Size - 4","1","157.00","68.30","0.00"
"6019-0308-41MODKT-9113MO","2686","Ladies Suede Moccasins","7428","Shoe Size - 5","1","157.00","68.30","0.00"
"6019-0308-41MODKT-9113MO","2686","Ladies Suede Moccasins","7429","Shoe Size - 7","0","157.00","68.30","0.00"
"6019-0308-41MODKT-9113MO","2686","Ladies Suede Moccasins","7430","Shoe Size - 8","3","157.00","68.30","0.00"
"6019-0308-41MODKT-9113MO","2686","Ladies Suede Moccasins","7431","Shoe Size - 10","2","157.00","68.30","0.00"
"6019-0308-41MODKT-9113MO","2686","Ladies Suede Moccasins","7432","Shoe Size - 12","0","157.00","68.30","0.00"
"6080-0408-41GR-600GR","2687","Ladies Suede Slippers","6698","Shoe Size - 5","0","108.00","46.90","0.00"
"6080-0408-41GR-600GR","2687","Ladies Suede Slippers","6699","Shoe Size - 6","0","108.00","46.90","0.00"
"6080-0408-41GR-600GR","2687","Ladies Suede Slippers","6700","Shoe Size - 7","0","108.00","46.90","0.00"
"6080-0408-41GR-600GR","2687","Ladies Suede Slippers","6701","Shoe Size - 8","0","108.00","46.90","0.00"
"6080-0408-41GR-600GR","2687","Ladies Suede Slippers","6702","Shoe Size - 9","0","108.00","46.90","0.00"
"6080-0408-41GR-600GR","2687","Ladies Suede Slippers","6703","Shoe Size - 10","0","108.00","46.90","0.00"
"6080-0408-41GR-600GR","2687","Ladies Suede Slippers","6704","Shoe Size - 11","0","108.00","46.90","0.00"
"6080-0408-41GR-600GR","2687","Ladies Suede Slippers","6705","Shoe Size - 12","0","108.00","46.90","0.00"
"6080-0408-41GR-600GR","2687","Ladies Suede Slippers","6706","Shoe Size - 4","0","108.00","46.90","0.00"
"110","2693","Leather Moccasins for Babies","6712","Shoe Size - 3","0","54.00","23.50","0.00"
"110","2693","Leather Moccasins for Babies","6713","Shoe Size - 4","0","54.00","23.50","0.00"
"110","2693","Leather Moccasins for Babies","6714","Shoe Size - 5","0","54.00","23.50","0.00"
"110","2693","Leather Moccasins for Babies","7433","Shoe Size - 1","0","54.00","23.50","0.00"
"110","2693","Leather Moccasins for Babies","7434","Shoe Size - 2","0","54.00","23.50","0.00"
"110","2693","Leather Moccasins for Babies","7435","Shoe Size - 6","0","54.00","23.50","0.00"
"7142","2752","Suede Mules for Men","7528","Size - S","0","140.00","61.00","0.00"
"7142","2752","Suede Mules for Men","7529","Size - M","0","140.00","61.00","0.00"
"7142","2752","Suede Mules for Men","7530","Size - L","0","140.00","61.00","0.00"
"7142","2752","Suede Mules for Men","7531","Size - XL","0","140.00","61.00","0.00"
"7142","2753","Ladies Suede Mules","6822","Shoe Size - S","0","134.00","58.00","0.00"
"7142","2753","Ladies Suede Mules","6823","Shoe Size - M","0","134.00","58.00","0.00"
"7142","2753","Ladies Suede Mules","6824","Shoe Size - L","0","134.00","58.00","0.00"
"7142","2753","Ladies Suede Mules","7436","Shoe Size - XL","0","134.00","58.00","0.00"
"A10004-UAC0701NC01","2773","""Merging Earth and Sky"" Mask","6743","Size - XS","1","18.00","15.94","0.00"
"A10004-UAC0701NC01","2773","""Merging Earth and Sky"" Mask","6744","Size - S","5","18.00","15.94","0.00"
"A10004-UAC0701NC01","2773","""Merging Earth and Sky"" Mask","6745","Size - L","9","18.00","15.94","0.00"
"A10004-UAC0701NC01","2773","""Merging Earth and Sky"" Mask","6746","Size - XL","14","18.00","15.94","0.00"
"A10004-UAC0701NC01","2773","""Merging Earth and Sky"" Mask","6747","Size - M","9","18.00","15.94","0.00"
"A17063-UAC0701NC02","2791","""Depth"" Mask","6748","Size - XS","1","18.00","15.14","0.00"
"A17063-UAC0701NC02","2791","""Depth"" Mask","6749","Size - S","2","18.00","15.14","0.00"
"A17063-UAC0701NC02","2791","""Depth"" Mask","6750","Size - L","1","18.00","15.14","0.00"
"A17063-UAC0701NC02","2791","""Depth"" Mask","6751","Size - XL","11","18.00","15.14","0.00"
"A17063-UAC0701NC02","2791","""Depth"" Mask","6752","Size - M","9","18.00","15.14","0.00"
"A17064-UAC0701NC03","2792","""M'Otter Love"" Mask","6753","Size - XS","2","18.00","15.94","0.00"
"A17064-UAC0701NC03","2792","""M'Otter Love"" Mask","6754","Size - S","0","18.00","15.94","0.00"
"A17064-UAC0701NC03","2792","""M'Otter Love"" Mask","6755","Size - L","15","18.00","15.94","0.00"
"A17064-UAC0701NC03","2792","""M'Otter Love"" Mask","6756","Size - XL","12","18.00","15.94","0.00"
"A17064-UAC0701NC03","2792","""M'Otter Love"" Mask","6757","Size - M","7","18.00","15.94","0.00"
"A16058-UAC0701NC04","2793","""Silent Seekers"" Mask","6758","Size - XS","0","18.00","15.94","0.00"
"A16058-UAC0701NC04","2793","""Silent Seekers"" Mask","6759","Size - S","2","18.00","15.94","0.00"
"A16058-UAC0701NC04","2793","""Silent Seekers"" Mask","6760","Size - L","12","18.00","15.94","0.00"
"A16058-UAC0701NC04","2793","""Silent Seekers"" Mask","6761","Size - XL","7","18.00","15.94","0.00"
"A16058-UAC0701NC04","2793","""Silent Seekers"" Mask","6762","Size - M","23","18.00","15.94","0.00"
"A16051-UAC0701NC05","2794","""Northern Keepers"" Mask","6763","Size - XS","0","18.00","15.94","0.00"
"A16051-UAC0701NC05","2794","""Northern Keepers"" Mask","6764","Size - S","1","18.00","15.94","0.00"
"A16051-UAC0701NC05","2794","""Northern Keepers"" Mask","6765","Size - L","3","18.00","15.94","0.00"
"A16051-UAC0701NC05","2794","""Northern Keepers"" Mask","6766","Size - XL","4","18.00","15.94","0.00"
