"Product name","Reference code","Combinations (Attribute - value pair)","Quantity","Pre-tax wholesale price","Pre-tax retail price","Product Combinations ID","Product ID"
"Carla Palazzo ""Silent Seekers""","A16058-WPA0301NC04A","Palazzo Carla ""En Quête de Silence"" : Taille - XP;Palazzo Carla ""En Quête de Silence"" : Taille - P;Palazzo Carla ""En Quête de Silence"" : Taille - M;Palazzo Carla ""En Quête de Silence"" : Taille - L;Palazzo Carla ""En Quête de Silence"" : Taille - XL","0;0;0;0;0","74.00","189.00","1325;1326;1327;1328;1329","805"
"Coco Tank ""Silent Seekers""","A16058-WNS0701NC04A","Débardeur Coco ""En Quête de Silence"" : Taille - XP;Débardeur Coco ""En Quête de Silence"" : Taille - P;Débardeur Coco ""En Quête de Silence"" : Taille - M;Débardeur Coco ""En Quête de Silence"" : Taille - L;Débardeur Coco ""En Quête de Silence"" : Taille - XL","4;2;5;3;1","34.35","79.00","1435;1436;1437;1438;1439","807"
"Coco Tank ""Northern Keepers""","A16051-WNS0701NC05A","Débardeur Coco ""Gardiens du Nord"" : Taille - XP;Débardeur Coco ""Gardiens du Nord"" : Taille - P;Débardeur Coco ""Gardiens du Nord"" : Taille - M;Débardeur Coco ""Gardiens du Nord"" : Taille - L;Débardeur Coco ""Gardiens du Nord"" : Taille - XL","0;0;0;0;0","34.35","79.00","1430;1431;1432;1433;1434","808"
"Coco Tank ""Giving Thanks""","A01028-WNS0701NC08A","Débardeur Coco ""Rendre Grâce"" : Taille - XP;Débardeur Coco ""Rendre Grâce"" : Taille - P;Débardeur Coco ""Rendre Grâce"" : Taille - M;Débardeur Coco ""Rendre Grâce"" : Taille - L;Débardeur Coco ""Rendre Grâce"" : Taille - XL","0;0;0;0;0","34.35","79.00","1425;1426;1427;1428;1429","809"
"Jackie Legging ""M'Otter Love""","A17064-WPA0401NC03A","Legging Jackie ""L'Outre Mère"" : Taille - XP;Legging Jackie ""L'Outre Mère"" : Taille - P;Legging Jackie ""L'Outre Mère"" : Taille - M;Legging Jackie ""L'Outre Mère"" : Taille - L;Legging Jackie ""L'Outre Mère"" : Taille - XL","0;0;0;0;1","45.00","109.00","1345;1346;1347;1348;1349","813"
"Jeanne Dress ""Wisdom Keepers""","A16059-WDR1001NC0IA","Robe Jeanne ""Gardiens de la Sagesse"" : Taille - XP;Robe Jeanne ""Gardiens de la Sagesse"" : Taille - P;Robe Jeanne ""Gardiens de la Sagesse"" : Taille - M;Robe Jeanne ""Gardiens de la Sagesse"" : Taille - L;Robe Jeanne ""Gardiens de la Sagesse"" : Taille - XL","0;0;0;0;1","58.00","149.00","3117;3118;3119;3120;3121","819"
"K Smith T-Shirt ""Silent Seekers""","A16058-WSS0901NC04A","K Smith T-Shirt ""En Quête de Silence"" : Taille - XP;K Smith T-Shirt ""En Quête de Silence"" : Taille - P;K Smith T-Shirt ""En Quête de Silence"" : Taille - M;K Smith T-Shirt ""En Quête de Silence"" : Taille - L;K Smith T-Shirt ""En Quête de Silence"" : Taille - XL","3;4;5;4;0","35.00","89.00","1405;1406;1407;1408;1409","820"
"K Smith T-Shirt ""Depth""","A17063-WSS0901NC02A","K Smith T-Shirt ""Profondeur"" : Taille - XP;K Smith T-Shirt ""Profondeur"" : Taille - P;K Smith T-Shirt ""Profondeur"" : Taille - M;K Smith T-Shirt ""Profondeur"" : Taille - L;K Smith T-Shirt ""Profondeur"" : Taille - XL","0;0;0;0;0","35.00","89.00","2313;2314;2315;2316;2317","821"
"Kaplan Tank ""M'Otter Love""","A17064-WNS0801NC03A","Débardeur Kaplan ""L'Outre Mère"" : Taille - XP;Débardeur Kaplan ""L'Outre Mère"" : Taille - P;Débardeur Kaplan ""L'Outre Mère"" : Taille - M;Débardeur Kaplan ""L'Outre Mère"" : Taille - L;Débardeur Kaplan ""L'Outre Mère"" : Taille - XL","3;3;6;0;0","60.00","129.00","1420;1421;1422;1423;1424","822"
"Kaplan Tank ""Silent Seekers""","A16058-WNS0801NC04B","Débardeur Kaplan ""En Quête de Silence"" : Taille - XP;Débardeur Kaplan ""En Quête de Silence"" : Taille - P;Débardeur Kaplan ""En Quête de Silence"" : Taille - M;Débardeur Kaplan ""En Quête de Silence"" : Taille - L;Débardeur Kaplan ""En Quête de Silence"" : Taille - XL","5;0;7;0;1","60.00","129.00","1415;1416;1417;1418;1419","823"
"Kaplan Tank ""Water and Spirit Buffalo""","W13023-WNS0801NC09A","Débardeur Kaplan ""Eau et Esprit du Bison"" : Taille - XP;Débardeur Kaplan ""Eau et Esprit du Bison"" : Taille - P;Débardeur Kaplan ""Eau et Esprit du Bison"" : Taille - M;Débardeur Kaplan ""Eau et Esprit du Bison"" : Taille - L;Débardeur Kaplan ""Eau et Esprit du Bison"" : Taille - XL","0;0;0;0;0","60.00","129.00","1410;1411;1412;1413;1414","824"
"Kate Dress ""Depth""","A17063-WDR2601NC02A","Robe Kate ""Profondeur"" : Taille - XP;Robe Kate ""Profondeur"" : Taille - P;Robe Kate ""Profondeur"" : Taille - M;Robe Kate ""Profondeur"" : Taille - L;Robe Kate ""Profondeur"" : Taille - XL","0;0;0;0;0","64.50","169.00","1395;1396;1397;1398;1399","825"
"Kate Dress ""M'Otter Love""","A17064-WDR2601NC03D","Robe Kate ""L'Outre Mère"" : Taille - XP;Robe Kate ""L'Outre Mère"" : Taille - P;Robe Kate ""L'Outre Mère"" : Taille - M;Robe Kate ""L'Outre Mère"" : Taille - L;Robe Kate ""L'Outre Mère"" : Taille - XL","1;3;0;0;1","64.50","169.00","1390;1391;1392;1393;1394","826"
"Kate Dress ""Silent Seekers""","A16058-WDR2601NC04A","Robe Kate ""En Quête de Silence"" : Taille - XP;Robe Kate ""En Quête de Silence"" : Taille - P;Robe Kate ""En Quête de Silence"" : Taille - M;Robe Kate ""En Quête de Silence"" : Taille - L;Robe Kate ""En Quête de Silence"" : Taille - XL","3;3;7;0;0","64.50","169.00","1385;1386;1387;1388;1389","827"
"Kate Dress ""Northern Keepers""","A16051-WDR2601NC05A","Robe Kate ""Gardiens du Nord"" : Taille - XP;Robe Kate ""Gardiens du Nord"" : Taille - P;Robe Kate ""Gardiens du Nord"" : Taille - M;Robe Kate ""Gardiens du Nord"" : Taille - L;Robe Kate ""Gardiens du Nord"" : Taille - XL","0;0;0;0;1","64.50","169.00","1380;1381;1382;1383;1384","828"
"Kate Dress ""The River Keeper""","A09006-WDR2601NC06A","Robe Kate ""La Gardienne de l'Eau"" : Taille - XP;Robe Kate ""La Gardienne de l'Eau"" : Taille - P;Robe Kate ""La Gardienne de l'Eau"" : Taille - M;Robe Kate ""La Gardienne de l'Eau"" : Taille - L;Robe Kate ""La Gardienne de l'Eau"" : Taille - XL","0;0;0;0;0","64.50","169.00","1375;1376;1377;1378;1379","829"
"Kate Dress ""Giving Thanks""","A01028-WDR2601NC08A","Robe Kate ""Rendre Grâce"" : Taille - XP;Robe Kate ""Rendre Grâce"" : Taille - P;Robe Kate ""Rendre Grâce"" : Taille - M;Robe Kate ""Rendre Grâce"" : Taille - L;Robe Kate ""Rendre Grâce"" : Taille - XL","0;0;0;0;0","64.50","169.00","3042;3043;3044;3045;3046","830"
"Kate Dress ""Water and Spirit Buffalo""","W13023-WDR2601NC09A","Robe Kate ""Eau et Esprit du Bison"" : Taille - XP;Robe Kate ""Eau et Esprit du Bison"" : Taille - P;Robe Kate ""Eau et Esprit du Bison"" : Taille - M;Robe Kate ""Eau et Esprit du Bison"" : Taille - L;Robe Kate ""Eau et Esprit du Bison"" : Taille - XL","0;0;0;0;1","64.50","169.00","1365;1366;1367;1368;1369","831"
"Kate Dress ""Journey to the Spirit World""","A07020-WDR2601NC0AB","Robe Kate ""Voyage vers le Monde du Songe"" : Taille - XP;Robe Kate ""Voyage vers le Monde du Songe"" : Taille - P;Robe Kate ""Voyage vers le Monde du Songe"" : Taille - M;Robe Kate ""Voyage vers le Monde du Songe"" : Taille - L;Robe Kate ""Voyage vers le Monde du Songe"" : Taille - XL","0;0;0;0;0","64.50","169.00","1360;1361;1362;1363;1364","832"
"Patti Tunic ""Northern Keepers""","A16051-WDR1601NC05A","Tunique Patti ""Gardiens du Nord"" : Taille - XP;Tunique Patti ""Gardiens du Nord"" : Taille - P;Tunique Patti ""Gardiens du Nord"" : Taille - M;Tunique Patti ""Gardiens du Nord"" : Taille - L;Tunique Patti ""Gardiens du Nord"" : Taille - XL","0;0;0;0;0","50.50","129.00","1480;1481;1482;1483;1484","841"
"Vivienne Scarf ""Depth""","A17063-WAC0201NC02A","","65","23.00","59.00","","845"
"Vivienne Scarf ""M'Otter Love""","A17064-WAC0201NC03A","","128","23.00","59.00","","846"
"Vivienne Scarf ""Silent Seekers""","A16058-WAC0201NC04A","","70","23.00","59.00","","847"
"Vivienne Scarf ""Northern Keepers""","A16051-WAC0201NC05A","","0","23.00","59.00","","848"
"Vivienne Scarf ""The River Keeper""","A09006-WAC0201NC06A","","0","23.00","59.00","","849"
"Vivienne Scarf ""Dialogue""","W12001-WAC0201NC07B","","0","23.00","59.00","","850"
"Vivienne Scarf ""Giving Thanks""","A01028-WAC0201NC08A","","0","23.00","59.00","","851"
"Vivienne Scarf ""Water and Spirit Buffalo""","W13023-WAC0201NC09A","","0","23.00","59.00","","852"
"Vivienne Scarf ""Journey to the Spirit World""","A07020-WAC0201NC0AA","","5","23.00","59.00","","853"
"Vivienne Scarf ""Zenith""","A16052-WAC0201NC0BA","","0","23.00","59.00","","854"
"Vivienne Scarf ""Forest Temple""","A17065-WAC0201NC0CA","","1","23.00","59.00","","855"
"Yoko Cape Tunic ""Depth""","A17063-WSS0701NC02A","Yoko Tunique ""Profondeur"" : Taille - XP;Yoko Tunique ""Profondeur"" : Taille - P;Yoko Tunique ""Profondeur"" : Taille - M;Yoko Tunique ""Profondeur"" : Taille - L;Yoko Tunique ""Profondeur"" : Taille - XL","0;0;0;0;0","65.00","139.00","3177;3178;3179;3180;3181","856"
"Yoko Cape Tunic ""M'Otter Love""","A17064-WSS0701NC03C","Yoko Tunique ""L'Outre Mère"" : Taille - XP;Yoko Tunique ""L'Outre Mère"" : Taille - P;Yoko Tunique ""L'Outre Mère"" : Taille - M;Yoko Tunique ""L'Outre Mère"" : Taille - L;Yoko Tunique ""L'Outre Mère"" : Taille - XL","0;0;3;0;0","65.00","139.00","1465;2070;2071;2072;2073","858"
"Yoko Cape Tunic ""Silent Seekers""","A16058-WSS0701NC04A","Yoko Tunique ""En Quête de Silence"" : Taille - XP;Yoko Tunique ""En Quête de Silence"" : Taille - P;Yoko Tunique ""En Quête de Silence"" : Taille - M;Yoko Tunique ""En Quête de Silence"" : Taille - L;Yoko Tunique ""En Quête de Silence"" : Taille - XL","3;1;4;0;0","65.00","139.00","1460;1461;1462;1463;1464","859"
"Yoko Cape Tunic ""Nothern Keepers""","A16051-WSS0701NC05A","Yoko Tunique ""Gardiens du Nord"" : Taille - XP;Yoko Tunique ""Gardiens du Nord"" : Taille - P;Yoko Tunique ""Gardiens du Nord"" : Taille - M;Yoko Tunique ""Gardiens du Nord"" : Taille - L;Yoko Tunique ""Gardiens du Nord"" : Taille - XL","0;0;0;0;0","65.00","139.00","3182;3183;3184;3185;3186","861"
"Yoko Cape Tunic ""Water & Spirit Buffalo""","W13023-WSS0701NC09A","Yoko Tunique ""Eau et Esprit du Bison"" : Taille - XP;Yoko Tunique ""Eau et Esprit du Bison"" : Taille - P;Yoko Tunique ""Eau et Esprit du Bison"" : Taille - M;Yoko Tunique ""Eau et Esprit du Bison"" : Taille - L;Yoko Tunique ""Eau et Esprit du Bison"" : Taille - XL","0;0;0;0;0","65.00","139.00","3187;3188;3189;3190;3191","862"
"Yoko Cape Tunic ""Journey to the Spirit World""","WSS0701NC0AA","Yoko Tunique ""Voyage Vers le Monde du Songe"" : Taille - XP;Yoko Tunique ""Voyage Vers le Monde du Songe"" : Taille - P;Yoko Tunique ""Voyage Vers le Monde du Songe"" : Taille - M;Yoko Tunique ""Voyage Vers le Monde du Songe"" : Taille - L;Yoko Tunique ""Voyage Vers le Monde du Songe"" : Taille - XL","0;0;0;0;0","65.00","139.00","3192;3193;3194;3195;3196","863"
"Yoko Cape Tunic ""Wisdom Keepers""","A16059-WSS0701NC0IA","Yoko Tunique ""Gardiens de la Sagesse"" : Taille - XP;Yoko Tunique ""Gardiens de la Sagesse"" : Taille - P;Yoko Tunique ""Gardiens de la Sagesse"" : Taille - M;Yoko Tunique ""Gardiens de la Sagesse"" : Taille - L;Yoko Tunique ""Gardiens de la Sagesse"" : Taille - XL","0;0;0;0;0","65.00","139.00","1440;1441;1442;1443;1444","864"
"K Smith T-Shirt ""M'Otter Love""","A17064-WSS0901NC03B","K Smith T-Shirt ""L'Outre Mère"" : Taille - XP;K Smith T-Shirt ""L'Outre Mère"" : Taille - P;K Smith T-Shirt ""L'Outre Mère"" : Taille - M;K Smith T-Shirt ""L'Outre Mère"" : Taille - L;K Smith T-Shirt ""L'Outre Mère"" : Taille - XL","2;4;1;0;0","35.00","89.00","3312;3313;3314;3315;3316","865"
"Joni Dress ""Lapinx""","A13041-WDR2901NC0EB","Robe Joni ""Lapinx"" : Taille - XP;Robe Joni ""Lapinx"" : Taille - P;Robe Joni ""Lapinx"" : Taille - M;Robe Joni ""Lapinx"" : Taille - L;Robe Joni ""Lapinx"" : Taille - XL","0;0;0;0;0","59.10","139.00","3097;3098;3099;3100;3101","881"
"Jackie Legging ""Wisdom Keepers""","A16059-WPA0401NC0IB","Legging Jackie ""Gardiens de la Sagesse"" : Taille - XP;Legging Jackie ""Gardiens de la Sagesse"" : Taille - P;Legging Jackie ""Gardiens de la Sagesse"" : Taille - M;Legging Jackie ""Gardiens de la Sagesse"" : Taille - L;Legging Jackie ""Gardiens de la Sagesse"" : Taille - XL","0;0;0;0;1","44.01","109.00","3007;3008;3009;3010;3011","894"
"Yoko Cape Tunic ""Early Evening Flowing into Fall""","W12018-WSS0701NC0DB","Yoko Tunique ""Soirée Glissant Vers l'Automne"" : Taille - XP;Yoko Tunique ""Soirée Glissant Vers l'Automne"" : Taille - P;Yoko Tunique ""Soirée Glissant Vers l'Automne"" : Taille - M;Yoko Tunique ""Soirée Glissant Vers l'Automne"" : Taille - L;Yoko Tunique ""Soirée Glissant Vers l'Automne"" : Taille - XL","0;0;0;0;0","65.00","139.00","3197;3198;3199;3200;3201","895"
"Yoko Cape Tunic ""The Forest Temple""","WSS0701NC0CC","Yoko Tunique ""Le Temple de la Forêt"" : Taille - XP;Yoko Tunique ""Le Temple de la Forêt"" : Taille - P;Yoko Tunique ""Le Temple de la Forêt"" : Taille - M;Yoko Tunique ""Le Temple de la Forêt"" : Taille - L;Yoko Tunique ""Le Temple de la Forêt"" : Taille - XL","0;0;0;0;0","65.00","139.00","2062;2063;2064;2065;2066","896"
"Salvadore Tee for Men ""Whisper""","A08011-MSS0701NC0HA","Salvador Tee pour Homme ""Murmure"" : Taille - XP;Salvador Tee pour Homme ""Murmure"" : Taille - P;Salvador Tee pour Homme ""Murmure"" : Taille - M;Salvador Tee pour Homme ""Murmure"" : Taille - L;Salvador Tee pour Homme ""Murmure"" : Taille - XL","0;0;1;0;0","36.00","89.00","3332;3333;3334;3335;3336","898"
"Kate Dress ""Early Evening Flowing into Fall""","W12018-WDR2601NC0DB","Robe Kate ""Soirée Glissant vers l'Automne"" : Taille - XP;Robe Kate ""Soirée Glissant vers l'Automne"" : Taille - P;Robe Kate ""Soirée Glissant vers l'Automne"" : Taille - M;Robe Kate ""Soirée Glissant vers l'Automne"" : Taille - L;Robe Kate ""Soirée Glissant vers l'Automne"" : Taille - XL","0;0;0;0;0","64.50","169.00","3037;3038;3039;3040;3041","911"
"Jeanne Dress ""Forest Temple""","A17065-WDR1001NC0CB","Robe Jeanne ""Temple de la Forêt"" : Taille - XP;Robe Jeanne ""Temple de la Forêt"" : Taille - P;Robe Jeanne ""Temple de la Forêt"" : Taille - M;Robe Jeanne ""Temple de la Forêt"" : Taille - L;Robe Jeanne ""Temple de la Forêt"" : Taille - XL","1;0;1;0;1","67.00","149.00","3107;3108;3109;3110;3111","912"
"Frida Cardigan ""Wisdom Keepers""","A16059-WBL0301NC0IA","Cardigan Frida ""Gardiens de la Sagesse"" : Taille - XP;Cardigan Frida ""Gardiens de la Sagesse"" : Taille - P;Cardigan Frida ""Gardiens de la Sagesse"" : Taille - M;Cardigan Frida ""Gardiens de la Sagesse"" : Taille - L;Cardigan Frida ""Gardiens de la Sagesse"" : Taille - XL","4;4;0;0;0","52.50","129.00","2927;2928;2929;2930;2931","916"
"Frida Cardigan ""Whisper""","A08011-WBL0301NC0HB","Cardigan Frida ""Murmure"" : Taille - XP;Cardigan Frida ""Murmure"" : Taille - P;Cardigan Frida ""Murmure"" : Taille - M;Cardigan Frida ""Murmure"" : Taille - L;Cardigan Frida ""Murmure"" : Taille - XL","0;0;0;0;0","52.50","129.00","2942;2943;2944;2945;2946","917"
"Frida Cardigan ""The Forest Temple""","A17065-WBL0301NC0CB","Cardigan Frida ""Temple de la Forêt"" : Taille - XP;Cardigan Frida ""Temple de la Forêt"" : Taille - P;Cardigan Frida ""Temple de la Forêt"" : Taille - M;Cardigan Frida ""Temple de la Forêt"" : Taille - L;Cardigan Frida ""Temple de la Forêt"" : Taille - XL","0;0;0;0;0","52.50","129.00","2937;2938;2939;2940;2941","918"
"Frida Cardigan ""Journey to the Spirit World""","A07020-WBL0301NC0AA","Cardigan Frida ""Voyage vers le Monde du Songe"" : Taille - XP;Cardigan Frida ""Voyage vers le Monde du Songe"" : Taille - P;Cardigan Frida ""Voyage vers le Monde du Songe"" : Taille - M;Cardigan Frida ""Voyage vers le Monde du Songe"" : Taille - L;Cardigan Frida ""Voyage vers le Monde du Songe"" : Taille - XL","0;0;0;0;0","52.50","129.00","2922;2923;2924;2925;2926","920"
"Kaplan Tank ""Early Evening Flowing Into Fall""","W12018-WNS0801NC0DB","Débardeur Kaplan ""Soirée Glissant Vers l'Automne"" : Taille - XP;Débardeur Kaplan ""Soirée Glissant Vers l'Automne"" : Taille - P;Débardeur Kaplan ""Soirée Glissant Vers l'Automne"" : Taille - M;Débardeur Kaplan ""Soirée Glissant Vers l'Automne"" : Taille - L;Débardeur Kaplan ""Soirée Glissant Vers l'Automne"" : Taille - XL","0;0;0;0;0","60.00","129.00","3267;3268;3269;3270;3271","942"
"Kaplan Tank ""New Day""","A08013-WNS0801NC0FC","Débardeur Kaplan ""Nouveau Jour"" : Taille - XP;Débardeur Kaplan ""Nouveau Jour"" : Taille - P;Débardeur Kaplan ""Nouveau Jour"" : Taille - M;Débardeur Kaplan ""Nouveau Jour"" : Taille - L;Débardeur Kaplan ""Nouveau Jour"" : Taille - XL","1;0;0;0;0","60.00","129.00","3277;3278;3279;3280;3281","944"
"Kaplan Tank ""Northern Masters""","W18053-WNS0801NC0JB","Débardeur Kaplan ""Maîtres du Nord"" : Taille - XP;Débardeur Kaplan ""Maîtres du Nord"" : Taille - P;Débardeur Kaplan ""Maîtres du Nord"" : Taille - M;Débardeur Kaplan ""Maîtres du Nord"" : Taille - L;Débardeur Kaplan ""Maîtres du Nord"" : Taille - XL","0;0;0;0;0","60.00","129.00","3282;3283;3284;3285;3286","945"
"Kaplan Tank ""Winter Wolves""","W12008-WNS0801NC07B","Débardeur Kaplan ""Loups d'Hiver"" : Taille - XP;Débardeur Kaplan ""Loups d'Hiver"" : Taille - P;Débardeur Kaplan ""Loups d'Hiver"" : Taille - M;Débardeur Kaplan ""Loups d'Hiver"" : Taille - L;Débardeur Kaplan ""Loups d'Hiver"" : Taille - XL","0;0;0;0;0","60.00","129.00","3292;3293;3294;3295;3296","947"
"Salvadore Tee for Men ""Wisdom Keepers""","A16059-MSS0701NC0IA","Salvador Tee pour Homme ""Gardiens de la Sagesse"" : Taille - XP;Salvador Tee pour Homme ""Gardiens de la Sagesse"" : Taille - P;Salvador Tee pour Homme ""Gardiens de la Sagesse"" : Taille - M;Salvador Tee pour Homme ""Gardiens de la Sagesse"" : Taille - L;Salvador Tee pour Homme ""Gardiens de la Sagesse"" : Taille - XL","0;0;0;0;0","36.00","89.00","3337;3338;3339;3340;3341","951"
"Salvadore Tee for Men ""Early Evening Flowing Into Fall""","A16059-MSS0701NC0DA","Salvador Tee pour Homme ""Soirée Glissant Vers l'Automne"" : Taille - XP;Salvador Tee pour Homme ""Soirée Glissant Vers l'Automne"" : Taille - P;Salvador Tee pour Homme ""Soirée Glissant Vers l'Automne"" : Taille - M;Salvador Tee pour Homme ""Soirée Glissant Vers l'Automne"" : Taille - L;Salvador Tee pour Homme ""Soirée Glissant Vers l'Automne"" : Taille - XL","0;0;0;0;0","36.00","89.00","3342;3343;3344;3345;3346","952"
"Yoko Cape Tunic ""New Day""","WSS0701NC0FB","Yoko Tunique ""Nouveau Jour"" : Taille - XP;Yoko Tunique ""Nouveau Jour"" : Taille - P;Yoko Tunique ""Nouveau Jour"" : Taille - M;Yoko Tunique ""Nouveau Jour"" : Taille - L;Yoko Tunique ""Nouveau Jour"" : Taille - XL","0;0;0;0;0","65.00","139.00","3202;3203;3204;3205;3206","953"
"Frida Cardigan ""Merging Earth and Sky""","A10004-WBL0301NC01C","Cardigan  Frida ""Fusion entre Terre et Ciel"" : Taille - XP;Cardigan  Frida ""Fusion entre Terre et Ciel"" : Taille - P;Cardigan  Frida ""Fusion entre Terre et Ciel"" : Taille - M;Cardigan  Frida ""Fusion entre Terre et Ciel"" : Taille - L;Cardigan  Frida ""Fusion entre Terre et Ciel"" : Taille - XL","0;0;0;0;0","52.50","129.00","2947;2948;2949;2950;2951","954"
"Frida Cardigan ""M'Otter Love""","A17064-WBL0301NC03A","Cardigan Frida ""L'Outre Mère"" : Taille - XP;Cardigan Frida ""L'Outre Mère"" : Taille - P;Cardigan Frida ""L'Outre Mère"" : Taille - M;Cardigan Frida ""L'Outre Mère"" : Taille - L;Cardigan Frida ""L'Outre Mère"" : Taille - XL","2;3;7;0;1","52.50","129.00","2952;2953;2954;2955;2956","955"
"Frida Cardigan ""Silent Seekers""","A16058-WBL0301NC04A","Cardigan Frida ""En Quête de Silence"" : Taille - XP;Cardigan Frida ""En Quête de Silence"" : Taille - P;Cardigan Frida ""En Quête de Silence"" : Taille - M;Cardigan Frida ""En Quête de Silence"" : Taille - L;Cardigan Frida ""En Quête de Silence"" : Taille - XL","6;4;3;3;2","52.50","129.00","2957;2958;2959;2960;2961","956"
"Jeanne Dress ""Lapinx""","A13041-WDR1001NC0EC","Robe Jeanne ""Lapinx"" : Taille - XP;Robe Jeanne ""Lapinx"" : Taille - P;Robe Jeanne ""Lapinx"" : Taille - M;Robe Jeanne ""Lapinx"" : Taille - L;Robe Jeanne ""Lapinx"" : Taille - XL","0;0;0;0;1","67.00","149.00","3112;3113;3114;3115;3116","960"
"Vivienne Scarf ""Merging Earth and Sky""","A10004-WAC0201NC01A","","0","23.00","59.00","","961"
"Vivienne Scarf ""Early Evening Flowing into Fall""","W12018-WAC0201NC0DB","","0","23.00","59.00","","962"
"Yoko Cape Tunic ""Whisper""","WSS0701NC02A","Yoko Tunique ""Murmure"" : Taille - XP;Yoko Tunique ""Murmure"" : Taille - P;Yoko Tunique ""Murmure"" : Taille - M;Yoko Tunique ""Murmure"" : Taille - L;Yoko Tunique ""Murmure"" : Taille - XL","0;0;0;0;0","65.00","139.00","3207;3208;3209;3210;3211","963"
"Coco Tank ""Depth""","A17063-WNS0701NC02A","Débardeur Coco ""Profondeur"" : Taille - XP;Débardeur Coco ""Profondeur"" : Taille - P;Débardeur Coco ""Profondeur"" : Taille - M;Débardeur Coco ""Profondeur"" : Taille - L;Débardeur Coco ""Profondeur"" : Taille - XL","1;0;3;0;1","34.35","79.00","3297;3298;3299;3300;3301","964"
"Coco Tank ""New Day""","A08013-WNS0701NC0FA","Débardeur Coco ""Nouveau Jour"" : Taille - XP;Débardeur Coco ""Nouveau Jour"" : Taille - P;Débardeur Coco ""Nouveau Jour"" : Taille - M;Débardeur Coco ""Nouveau Jour"" : Taille - L;Débardeur Coco ""Nouveau Jour"" : Taille - XL","0;0;0;0;0","34.35","79.00","3302;3303;3304;3305;3306","965"
"Coco Tank ""M'Otter Love""","A17064-WNS0701NC03A","Débardeur Coco ""L'Outre Mère"" : Taille - XP;Débardeur Coco ""L'Outre Mère"" : Taille - P;Débardeur Coco ""L'Outre Mère"" : Taille - M;Débardeur Coco ""L'Outre Mère"" : Taille - L;Débardeur Coco ""L'Outre Mère"" : Taille - XL","2;2;6;2;3","34.35","79.00","3307;3308;3309;3310;3311","966"
"K Smith T-Shirt ""The Forest Temple""","A17065-WSS0901NC0CB","K Smith T-Shirt ""Temple de la Forêt"" : Taille - XP;K Smith T-Shirt ""Temple de la Forêt"" : Taille - P;K Smith T-Shirt ""Temple de la Forêt"" : Taille - M;K Smith T-Shirt ""Temple de la Forêt"" : Taille - L;K Smith T-Shirt ""Temple de la Forêt"" : Taille - XL","0;0;0;0;0","35.00","89.00","3322;3323;3324;3325;3326","968"
"Kate Dress ""Forest Temple""","A17065-WDR2601NC0CC","Robe Kate ""Temple de la Forêt"" : Taille - XP;Robe Kate ""Temple de la Forêt"" : Taille - P;Robe Kate ""Temple de la Forêt"" : Taille - M;Robe Kate ""Temple de la Forêt"" : Taille - L;Robe Kate ""Temple de la Forêt"" : Taille - XL","0;0;0;0;0","64.50","169.00","3052;3053;3054;3055;3056","969"
"Kate Dress ""Whisper""","A08011-WDR2601NC0HC","Robe Kate ""Murmure"" : Taille - XP;Robe Kate ""Murmure"" : Taille - P;Robe Kate ""Murmure"" : Taille - M;Robe Kate ""Murmure"" : Taille - L;Robe Kate ""Murmure"" : Taille - XL","0;0;0;0;0","64.50","169.00","3047;3048;3049;3050;3051","971"
"Kate Dress ""Merging Earth and Sky""","A10004-WDR2601NC01G","Robe Kate ""Fusion entre Terre et Ciel"" : Taille - XP;Robe Kate ""Fusion entre Terre et Ciel"" : Taille - P;Robe Kate ""Fusion entre Terre et Ciel"" : Taille - M;Robe Kate ""Fusion entre Terre et Ciel"" : Taille - L;Robe Kate ""Fusion entre Terre et Ciel"" : Taille - XL","0;0;0;0;0","64.50","169.00","3062;3063;3064;3065;3066","972"
"Kimono ""M'Otter Love""","A17064-WBL0601NCO3A","Kimono ""L'Outre Mère"" : Taille - TU/OS","0","49.50","129.00","2368","977"
"Kimono ""Early Evening Flowing into Fall""","W12018-WBL0601NCODA","Kimono ""Soirée Glissant vers l'Automne"" : Taille - TU/OS","0","49.50","129.00","2369","978"
"Kimono ""Depth""","A17063-WBL0601NCO2A","Kimono ""Profondeur"" : Taille - TU/OS","0","49.50","129.00","2371","980"
"Michelle Dress ""Whisper""","A08011-WDR3201NC0HA","Robe Michelle ""Murmure"" : Taille - XP;Robe Michelle ""Murmure"" : Taille - P;Robe Michelle ""Murmure"" : Taille - M;Robe Michelle ""Murmure"" : Taille - L;Robe Michelle ""Murmure"" : Taille - XL","0;0;0;0;0","67.50","159.00","3157;3158;3159;3160;3161","981"
"Alex Skirt ""New Day""","A08013-WSK040NCOFB","Jupe Alex ""Nouveau Jour"" : Taille - XP;Jupe Alex ""Nouveau Jour"" : Taille - P;Jupe Alex ""Nouveau Jour"" : Taille - M;Jupe Alex ""Nouveau Jour"" : Taille - L;Jupe Alex ""Nouveau Jour"" : Taille - XL","0;0;0;0;0","64.00","139.00","2377;2378;2379;2380;2381","982"
"Frida Cardigan ""New Day""","A08013-WBL0301NC0FB","Cardigan Frida ""Nouveau Jour"" : Taille - XP;Cardigan Frida ""Nouveau Jour"" : Taille - P;Cardigan Frida ""Nouveau Jour"" : Taille - M;Cardigan Frida ""Nouveau Jour"" : Taille - L;Cardigan Frida ""Nouveau Jour"" : Taille - XL","0;0;0;0;0","52.50","129.00","2962;2963;2964;2965;2966","986"
"Frida Cardigan ""Depth""","A17063-WBL0301NC02A","Cardigan Frida ""Profondeur"" : Taille - XP;Cardigan Frida ""Profondeur"" : Taille - P;Cardigan Frida ""Profondeur"" : Taille - M;Cardigan Frida ""Profondeur"" : Taille - L;Cardigan Frida ""Profondeur"" : Taille - XL","4;2;5;0;4","52.50","129.00","2967;2968;2969;2970;2971","987"
"Frida Cardigan ""Early Evening Flowing into Fall""","W12018-WBL0301NC0DA","Cardigan Frida ""Soirée Glissant vers l'Automne"" : Taille - XP;Cardigan Frida ""Soirée Glissant vers l'Automne"" : Taille - P;Cardigan Frida ""Soirée Glissant vers l'Automne"" : Taille - M;Cardigan Frida ""Soirée Glissant vers l'Automne"" : Taille - L;Cardigan Frida ""Soirée Glissant vers l'Automne"" : Taille - XL","0;0;0;0;0","52.50","129.00","2972;2973;2974;2975;2976","988"
"Jackie Legging ""New Day""","A08013-WPA0401NC0FB","Legging Jackie ""Nouveau Jour"" : Taille - XP;Legging Jackie ""Nouveau Jour"" : Taille - P;Legging Jackie ""Nouveau Jour"" : Taille - M;Legging Jackie ""Nouveau Jour"" : Taille - L;Legging Jackie ""Nouveau Jour"" : Taille - XL","1;0;0;1;0","44.01","109.00","3017;3018;3019;3020;3021","990"
"Carla Palazzo ""Depth""","A17063-WPA0301NC02A","Palazzo Carla ""Profondeur"" : Taille - XP;Palazzo Carla ""Profondeur"" : Taille - P;Palazzo Carla ""Profondeur"" : Taille - M;Palazzo Carla ""Profondeur"" : Taille - L;Palazzo Carla ""Profondeur"" : Taille - XL","0;0;0;0;0","74.00","189.00","3032;3033;3034;3035;3036","992"
"Vivienne Scarf ""Lapinx""","A13041-WAC0201NC0EA","","0","23.00","59.00","","994"
"Vivienne Scarf ""Northern Masters""","W18053-WAC0201NC0JB","","0","23.00","59.00","","995"
"Vivienne Scarf ""Horizon""","W17062-WAC0201NC0GC","","0","23.00","59.00","","996"
"Vivienne Scarf ""New Day""","A08013-WAC0201NC0FC","","0","23.00","59.00","","997"
"Vivienne Scarf ""Whisper""","A08011-WAC0201NC0HB","","0","23.00","59.00","","998"
"Vivienne Scarf ""Wisdom Keepers""","A16059-WAC0201NC0IA","","73","23.00","59.00","","999"
"Kate Dress ""Wisdom Keepers""","A16059-WDR2601NC01B","Robe Kate ""Gardiens de la Sagesse"" : Taille - XP;Robe Kate ""Gardiens de la Sagesse"" : Taille - P;Robe Kate ""Gardiens de la Sagesse"" : Taille - M;Robe Kate ""Gardiens de la Sagesse"" : Taille - L;Robe Kate ""Gardiens de la Sagesse"" : Taille - XL","0;4;2;1;0","64.50","169.00","3067;3068;3069;3070;3071","1006"
"Duncan Shawl ""Early Evening Flowing into Fall""","W12018-WAC0401NCODB","","0","67.00","69.00","","1008"
"Frida Cardigan ""Giving Thanks""","A01028-WBL0301NC08A","Cardigan Frida ""Rendre Grâce"" : Taille - XP;Cardigan Frida ""Rendre Grâce"" : Taille - P;Cardigan Frida ""Rendre Grâce"" : Taille - M;Cardigan Frida ""Rendre Grâce"" : Taille - L;Cardigan Frida ""Rendre Grâce"" : Taille - XL","0;0;0;0;0","52.50","129.00","2977;2978;2979;2980;2981","1010"
"Frida Cardigan ""Northern Keepers""","A16051-WBL0301NC05A","Cardigan Frida ""Gardiens du Nord"" : Taille - XP;Cardigan Frida ""Gardiens du Nord"" : Taille - P;Cardigan Frida ""Gardiens du Nord"" : Taille - M;Cardigan Frida ""Gardiens du Nord"" : Taille - L;Cardigan Frida ""Gardiens du Nord"" : Taille - XL","0;0;0;0;0","52.50","129.00","2982;2983;2984;2985;2986","1012"
"Kate Dress ""Northern Masters""","W18053-WDR2601NC0JB","Robe Kate ""Maîtres du Nord"" : Taille - XP;Robe Kate ""Maîtres du Nord"" : Taille - P;Robe Kate ""Maîtres du Nord"" : Taille - M;Robe Kate ""Maîtres du Nord"" : Taille - L;Robe Kate ""Maîtres du Nord"" : Taille - XL","0;0;0;0;0","64.50","169.00","3077;3078;3079;3080;3081","1014"
"Alex Skirt ""Depth""","A17063-WSK040NCO2A","Jupe Alex ""Profondeur"" : Taille - XP;Jupe Alex ""Profondeur"" : Taille - P;Jupe Alex ""Profondeur"" : Taille - M;Jupe Alex ""Profondeur"" : Taille - L;Jupe Alex ""Profondeur"" : Taille - XL","0;0;0;0;0","64.00","139.00","3002;3003;3004;3005;3006","1016"
"Kimono ""Silent Seekers""","A16058-WBL0601NCO4A","Kimono ""En Quête de Silence"" : Taille - TU/OS","0","49.50","129.00","2867","1059"
"Mia Turtleneck ""Depth""","A17063-WLS1701NC02A","Col Roulé Mia ""Profondeur"" : Taille - XP;Col Roulé Mia ""Profondeur"" : Taille - P;Col Roulé Mia ""Profondeur"" : Taille - M;Col Roulé Mia ""Profondeur"" : Taille - L;Col Roulé Mia ""Profondeur"" : Taille - XL","0;0;0;0;0","59.50","149.00","2868;2869;2870;2871;2872","1064"
"Mia Turtleneck ""Silent Seekers""","A16058-WLS1701NC04A","Col Roulé Mia ""En Quête de Silence"" : Taille - XP;Col Roulé Mia ""En Quête de Silence"" : Taille - P;Col Roulé Mia ""En Quête de Silence"" : Taille - M;Col Roulé Mia ""En Quête de Silence"" : Taille - L;Col Roulé Mia ""En Quête de Silence"" : Taille - XL","0;0;0;0;1","59.50","149.00","3262;3263;3264;3265;3266","1065"
"Yoko Cape Tunic ""Lapinx""","WSS0701NC0EB","Yoko Tunique ""Lapinx"" : Taille - XP;Yoko Tunique ""Lapinx"" : Taille - P;Yoko Tunique ""Lapinx"" : Taille - M;Yoko Tunique ""Lapinx"" : Taille - L;Yoko Tunique ""Lapinx"" : Taille - XL","0;0;0;0;0","65.00","139.00","3212;3213;3214;3215;3216","1066"
"Kaplan Tank ""Wisdom Keepers""","W13023-WNS0801NC0IB","Débardeur Kaplan ""Gardiens de la Sagesse"" : Taille - P;Débardeur Kaplan ""Gardiens de la Sagesse"" : Taille - M;Débardeur Kaplan ""Gardiens de la Sagesse"" : Taille - L;Débardeur Kaplan ""Gardiens de la Sagesse"" : Taille - XL;Débardeur Kaplan ""Gardiens de la Sagesse"" : Taille - XP","5;4;0;0;2","60.00","129.00","6663;6664;6665;6666;6667","2408"
"Michelle II Dress ""M'Otter Love""","A17064-WDR4101NC03A","Robe Michelle II ""L'Outre Mère"" : Taille - P;Robe Michelle II ""L'Outre Mère"" : Taille - M;Robe Michelle II ""L'Outre Mère"" : Taille - L;Robe Michelle II ""L'Outre Mère"" : Taille - XL;Robe Michelle II ""L'Outre Mère"" : Taille - XP","1;1;0;0;3","67.50","159.00","6855;6856;6857;6858;6859","2910"
"Alex Skirt ""Merging Earth and Sky""","A10004-WSK0401NC01B","Jupe Alex ""Fusion Entre Terre et Ciel"" : Taille - P;Jupe Alex ""Fusion Entre Terre et Ciel"" : Taille - M;Jupe Alex ""Fusion Entre Terre et Ciel"" : Taille - L;Jupe Alex ""Fusion Entre Terre et Ciel"" : Taille - XL;Jupe Alex ""Fusion Entre Terre et Ciel"" : Taille - XP","0;0;0;0;0","64.00","149.00","6863;6864;6865;6866;6867","3055"
"Salvadore Tee for Men ""Silent Seekers""","A16058-MSS0701NC04A","Salvador Tee pour Homme ""Quête de Silence"" : Taille - P;Salvador Tee pour Homme ""Quête de Silence"" : Taille - M;Salvador Tee pour Homme ""Quête de Silence"" : Taille - L;Salvador Tee pour Homme ""Quête de Silence"" : Taille - XL;Salvador Tee pour Homme ""Quête de Silence"" : Taille - XP","2;1;0;0;0","36.00","89.00","7535;7536;7537;7538;7539","4056"
"Vivienne Scarf ""Under the Same Sky""","A14051-WAC0201NC0TA","","53","23.00","59.00","","4864"
"Vivienne Scarf ""Gezaluwejit""","A14051-WAC0201NC0UA","","0","23.00","59.00","","4865"
"Kimono ""Gezaluwejit""","A14051-WBL0601NCOTA","Taille - TU/OS","15","49.50","129.00","7983","4866"
"Kimono ""Under the Same Sky""","A18066-WBL0601NCOUA","Kimono ""Sous le Même Ciel"" : Taille - TU/OS","0","49.50","129.00","7984","4867"
"Kate Dress ""Gezaluwejit""","A14051-WDR2601NC0TA","Robe Kate ""Gezaluwejit"" : Taille - P;Robe Kate ""Gezaluwejit"" : Taille - M;Robe Kate ""Gezaluwejit"" : Taille - L;Robe Kate ""Gezaluwejit"" : Taille - XL;Robe Kate ""Gezaluwejit"" : Taille - XP","0;0;0;0;0","64.50","169.00","7985;7986;7987;7988;7989","4871"
"Kate Dress ""Under the Same Sky""","A18066-WDR2601NC0UA","Robe Kate ""Sous le Même Ciel"" : Taille - P;Robe Kate ""Sous le Même Ciel"" : Taille - M;Robe Kate ""Sous le Même Ciel"" : Taille - L;Robe Kate ""Sous le Même Ciel"" : Taille - XL;Robe Kate ""Sous le Même Ciel"" : Taille - XP","0;0;0;0;0","64.50","169.00","7990;7991;7992;7993;7994","4872"
"Carla Palazzo ""Under the Same Sky""","A18066-WPA0301NC0UA","Palazzo Carla ""Sous le Même Ciel"" : Taille - P;Palazzo Carla ""Sous le Même Ciel"" : Taille - M;Palazzo Carla ""Sous le Même Ciel"" : Taille - L;Palazzo Carla ""Sous le Même Ciel"" : Taille - XL;Palazzo Carla ""Sous le Même Ciel"" : Taille - XP","0;0;0;0;0","74.00","189.00","8002;8003;8004;8005;8006","5121"
"Carla Palazzo ""Gezaluwejit""","A14051-WPA0301NC0TA","Palazzo Carla ""Gezaluwejit"" : Taille - P;Palazzo Carla ""Gezaluwejit"" : Taille - M;Palazzo Carla ""Gezaluwejit"" : Taille - L;Palazzo Carla ""Gezaluwejit"" : Taille - XL;Palazzo Carla ""Gezaluwejit"" : Taille - XP","0;0;0;0;0","74.00","189.00","8007;8008;8009;8010;8011","5122"
"Kiki T-Shirt ""Silent Seekers"" Plus Size","A16058-WSS1401NC04A","Kiki T-shirt ""En Quête de Silence"" Taille Plus : Taille - 2X;Kiki T-shirt ""En Quête de Silence"" Taille Plus : Taille - 3X;Kiki T-shirt ""En Quête de Silence"" Taille Plus : Taille - 1X","0;0;0","43.90","89.00","8028;8029;8027","5188"
"Claudia Shawl ""Under the Same Sky""","WAC0601NC0UA","","0","35.00","109.00","","5214"
"Coco Tank ""Gezaluwejit""","A14051-WNS0701NC0TA","Débardeur Coco ""Gezaluwejit"" : Taille - P;Débardeur Coco ""Gezaluwejit"" : Taille - M;Débardeur Coco ""Gezaluwejit"" : Taille - L;Débardeur Coco ""Gezaluwejit"" : Taille - XL;Débardeur Coco ""Gezaluwejit"" : Taille - XP","0;0;0;0;0","34.35","79.00","8036;8037;8038;8039;8040","5215"
"Coco Tank ""Under the Same Sky""","A18066-WNS0701NC0UA","Débardeur Coco ""Sous le Même Ciel"" : Taille - P;Débardeur Coco ""Sous le Même Ciel"" : Taille - M;Débardeur Coco ""Sous le Même Ciel"" : Taille - L;Débardeur Coco ""Sous le Même Ciel"" : Taille - XL;Débardeur Coco ""Sous le Même Ciel"" : Taille - XP","0;0;0;0;0","34.35","79.00","8041;8042;8043;8044;8045","5217"
"Mia Turtleneck ""Under the Same Sky""","A18066-WLS01701NC0UA","Col Roulé Mia ""Sous le Même Ciel"" : Taille - P;Col Roulé Mia ""Sous le Même Ciel"" : Taille - M;Col Roulé Mia ""Sous le Même Ciel"" : Taille - L;Col Roulé Mia ""Sous le Même Ciel"" : Taille - XL;Col Roulé Mia ""Sous le Même Ciel"" : Taille - XP","0;0;0;0;0","59.50","149.00","8046;8047;8048;8049;8050","5224"
"Claudia Shawl ""Gezaluwejit""","WAC0601NC0TA","","0","35.00","109.00","","5225"
"Jamie Top ""Gezaluwejit""","A14051-WLS1301NCOTA","Haut Jamie ""Gezaluwejit"" : Taille - XP;Haut Jamie ""Gezaluwejit"" : Taille - P;Haut Jamie ""Gezaluwejit"" : Taille - M;Haut Jamie ""Gezaluwejit"" : Taille - L;Haut Jamie ""Gezaluwejit"" : Taille - XL","0;0;0;0;0","49.50","129.00","8069;8070;8071;8072;8073","5708"
"Parma Capri ""Early Evening Flowing into Fall""","W12018-WPA0701NC0DA","Capri Parma ""Soirée Glissant vers l'Automne"" : Taille - XP;Capri Parma ""Soirée Glissant vers l'Automne"" : Taille - P;Capri Parma ""Soirée Glissant vers l'Automne"" : Taille - M;Capri Parma ""Soirée Glissant vers l'Automne"" : Taille - L;Capri Parma ""Soirée Glissant vers l'Automne"" : Taille - XL","0;0;0;0;0","55.50","129.00","8079;8080;8081;8082;8083","5721"
"Marlene Top ""Gezaluwejit""","A14051-WLS0701NC0TA","Taille - XP;Taille - P;Taille - M;Taille - XL;Taille - L","0;0;0;0;0","79.50","139.00","8104;8105;8106;8107;8108","5724"
"Coco Tank ""Water and Spirit Buffalo""","W13023-WNS0701NC09A","Débardeur Coco ""Eau et Esprit du Bison"" : Taille - XP;Débardeur Coco ""Eau et Esprit du Bison"" : Taille - P;Débardeur Coco ""Eau et Esprit du Bison"" : Taille - M;Débardeur Coco ""Eau et Esprit du Bison"" : Taille - L;Débardeur Coco ""Eau et Esprit du Bison"" : Taille - XL","0;0;0;0;0","34.35","79.00","8110;8111;8112;8113;8114","5725"
"Marlene Top ""Under the Same Sky""","A18066-WLS0701NC0UA","Marlene Top ""Sous le Même Ciel"" : Taille - P;Marlene Top ""Sous le Même Ciel"" : Taille - M;Marlene Top ""Sous le Même Ciel"" : Taille - XL;Marlene Top ""Sous le Même Ciel"" : Taille - L;Marlene Top ""Sous le Même Ciel"" : Taille - XP","0;0;0;0;0","79.50","139.00","8129;8130;8131;8132;8133","6565"
"Joni Dress ""Depth""","A17063-WDR2901NC02A","Robe Joni ""Profondeur"" : Taille - P;Robe Joni ""Profondeur"" : Taille - M;Robe Joni ""Profondeur"" : Taille - L;Robe Joni ""Profondeur"" : Taille - XL;Robe Joni ""Profondeur"" : Taille - XP","0;0;0;0;0","59.10","139.00","8284;8285;8286;8287;8288","8588"
"Nikki Cardigan ""Northern Keepers""","A16051-WBL1101NC05A","Cardigan Nikki ""Gardiens du Nord"" : Taille - XP;Cardigan Nikki ""Gardiens du Nord"" : Taille - P;Cardigan Nikki ""Gardiens du Nord"" : Taille - M;Cardigan Nikki ""Gardiens du Nord"" : Taille - L;Cardigan Nikki ""Gardiens du Nord"" : Taille - XL","0;0;0;0;0","50.00","159.00","8289;8290;8291;8292;8293","8844"
"Nikki Cardigan ""Under the Same Sky""","A18066-WBL1101NC0UA","Cardigan Nikki ""Sous le Même Ciel"" : Taille - XP;Cardigan Nikki ""Sous le Même Ciel"" : Taille - P;Cardigan Nikki ""Sous le Même Ciel"" : Taille - M;Cardigan Nikki ""Sous le Même Ciel"" : Taille - L;Cardigan Nikki ""Sous le Même Ciel"" : Taille - XL","0;0;0;0;0","50.00","159.00","8294;8295;8296;8297;8298","8845"
"Mia Turtleneck ""Northern Keepers""","A16051-WLS1701NC05A","Col Roulé Mia ""Gardiens du Nord"" : Taille - P;Col Roulé Mia ""Gardiens du Nord"" : Taille - M;Col Roulé Mia ""Gardiens du Nord"" : Taille - L;Col Roulé Mia ""Gardiens du Nord"" : Taille - XL;Col Roulé Mia ""Gardiens du Nord"" : Taille - XP","0;0;0;0;2","59.50","149.00","8304;8305;8306;8307;8308","8961"
"Mia Turtleneck ""Earth Keeper""","W12005-WLS1701NC0WA","Col Roulé Mia ""Gardienne de la Terre"" : Taille - P;Col Roulé Mia ""Gardienne de la Terre"" : Taille - M;Col Roulé Mia ""Gardienne de la Terre"" : Taille - L;Col Roulé Mia ""Gardienne de la Terre"" : Taille - XL;Col Roulé Mia ""Gardienne de la Terre"" : Taille - XP","0;0;0;0;0","59.50","149.00","8309;8310;8311;8312;8313","8964"
"Mia Turtleneck ""Refuge""","A20055-WLS1701NC0YA","Col Roulé Mia ""Refuge"" : Taille - P;Col Roulé Mia ""Refuge"" : Taille - M;Col Roulé Mia ""Refuge"" : Taille - L;Col Roulé Mia ""Refuge"" : Taille - XL;Col Roulé Mia ""Refuge"" : Taille - XP","0;0;0;0;0","59.50","149.00","8314;8315;8316;8317;8318","8965"
"Felicia ""The River Keeper""","A09006-WDR3801NC0VA","Felicia ""La Gardienne de l'Eau"" : Taille - XP;Felicia ""La Gardienne de l'Eau"" : Taille - P;Felicia ""La Gardienne de l'Eau"" : Taille - M;Felicia ""La Gardienne de l'Eau"" : Taille - L;Felicia ""La Gardienne de l'Eau"" : Taille - XL","0;0;0;0;0","62.00","149.00","8322;8323;8324;8325;8326","8967"
"Felicia ""Refuge""","A20055-WDR3801NC0YA","Taille - P;Taille - M;Taille - L;Taille - XL;Taille - XP","0;0;0;0;0","62.00","149.00","8327;8328;8329;8330;8331","8968"
"Felicia ""Earth Keeper""","A12005-WDR3801NC0WA","Felicia ""Gardienne de la Terre"" : Taille - P;Felicia ""Gardienne de la Terre"" : Taille - M;Felicia ""Gardienne de la Terre"" : Taille - L;Felicia ""Gardienne de la Terre"" : Taille - XL;Felicia ""Gardienne de la Terre"" : Taille - XP","0;0;0;0;0","62.00","149.00","8332;8333;8334;8335;8336","8969"
"Felicia ""Honoring the Giver of Life""","A01031-WDR3801NC0XA","Felicia ""Rendre Grâce"" : Taille - P;Felicia ""Rendre Grâce"" : Taille - M;Felicia ""Rendre Grâce"" : Taille - L;Felicia ""Rendre Grâce"" : Taille - XL;Felicia ""Rendre Grâce"" : Taille - XP","0;0;0;0;0","62.00","149.00","8337;8338;8339;8340;8341","8970"
"Felicia ""Depth""","A17063-WDR3801NC02A","Felicia ""Profondeur"" : Taille - P;Felicia ""Profondeur"" : Taille - M;Felicia ""Profondeur"" : Taille - L;Felicia ""Profondeur"" : Taille - XL;Felicia ""Profondeur"" : Taille - XP","0;0;0;0;0","62.00","149.00","8342;8343;8344;8345;8346","8971"
"Amanda II ""Earth Keeper""","W12005-WDR4001NC0WA","Amanda II ""Gardienne de la Terre"" : Taille - XP;Amanda II ""Gardienne de la Terre"" : Taille - P;Amanda II ""Gardienne de la Terre"" : Taille - M;Amanda II ""Gardienne de la Terre"" : Taille - L;Amanda II ""Gardienne de la Terre"" : Taille - XL","0;0;0;0;0","50.00","119.00","8347;8348;8349;8350;8351","8973"
"Amanda II ""Refuge""","W20055-WDR4001NC0YA","Taille - P;Taille - M;Taille - L;Taille - XL;Taille - XP","0;0;0;0;0","50.00","119.00","8352;8353;8354;8355;8356","8974"
"Amanda II ""Honoring the Giver of Life""","W01031-WDR4001NC0XA","Amanda II ""Hommage à la Source de Vie"" : Taille - P;Amanda II ""Hommage à la Source de Vie"" : Taille - M;Amanda II ""Hommage à la Source de Vie"" : Taille - L;Amanda II ""Hommage à la Source de Vie"" : Taille - XL;Amanda II ""Hommage à la Source de Vie"" : Taille - XP","0;0;0;0;0","50.00","119.00","8357;8358;8359;8360;8361","8975"
"Felicia ""Gezaluwejit""","A14051-WDR3801NC0TA","Taille - P;Taille - M;Taille - L;Taille - XL;Taille - XP","0;0;0;0;0","62.00","149.00","8362;8363;8364;8365;8366","8976"
"Daniela Maxi ""Gezaluwejit""","A14051-WDR4201NC0TA","Taille - XP;Taille - P;Taille - M;Taille - L;Taille - XL","0;0;0;0;0","89.00","199.00","8367;8368;8369;8370;8371","8977"
"Daniela Maxi ""Under the Same Sky""","A18066-WDR4201NC0UA","Daniela Maxi ""Sous le Même Ciel"" : Taille - P;Daniela Maxi ""Sous le Même Ciel"" : Taille - M;Daniela Maxi ""Sous le Même Ciel"" : Taille - L;Daniela Maxi ""Sous le Même Ciel"" : Taille - XL;Daniela Maxi ""Sous le Même Ciel"" : Taille - XP","0;0;0;0;0","89.00","199.00","8372;8373;8374;8375;8376","8978"
"Elaine Skirt ""Depth""","A17063-WSK0501NC02A","Jupe Elaine ""Profondeur"" : Taille - XP;Jupe Elaine ""Profondeur"" : Taille - P;Jupe Elaine ""Profondeur"" : Taille - M;Jupe Elaine ""Profondeur"" : Taille - L;Jupe Elaine ""Profondeur"" : Taille - XL","0;0;0;0;0","63.50","149.00","8392;8393;8394;8395;8396","8981"
"Elaine Skirt ""Journey to the Spirit World""","A07020-WSK0501NC0AA","Jupe Elaine ""Voyage Vers le Monde du Songe"" : Taille - XP;Jupe Elaine ""Voyage Vers le Monde du Songe"" : Taille - P;Jupe Elaine ""Voyage Vers le Monde du Songe"" : Taille - M;Jupe Elaine ""Voyage Vers le Monde du Songe"" : Taille - L;Jupe Elaine ""Voyage Vers le Monde du Songe"" : Taille - XL","0;0;0;0;0","63.50","149.00","8397;8398;8399;8400;8401","8982"
"Salvadore Tee for Men ""Northern Keepers""","A16051-MSS0701NC05A","Salvador Tee pour Homme ""Gardiens du Nord"" : Taille - P;Salvador Tee pour Homme ""Gardiens du Nord"" : Taille - M;Salvador Tee pour Homme ""Gardiens du Nord"" : Taille - L;Salvador Tee pour Homme ""Gardiens du Nord"" : Taille - XL;Salvador Tee pour Homme ""Gardiens du Nord"" : Taille - XP","0;0;0;0;0","36.00","89.00","8382;8383;8384;8385;8386","8983"
"Sylvie Tunic ""Under the Same Sky""","WSS1201NC0UA","Tunique Sylvie ""Sous le Même Ciel"" : Taille - P;Tunique Sylvie ""Sous le Même Ciel"" : Taille - M;Tunique Sylvie ""Sous le Même Ciel"" : Taille - L;Tunique Sylvie ""Sous le Même Ciel"" : Taille - XL;Tunique Sylvie ""Sous le Même Ciel"" : Taille - XP","0;0;0;0;0","69.00","139.00","8402;8403;8404;8405;8406","8985"
"Sylvie Tunic ""Gezaluwejit""","WSS1201NC0TA","Tunique Sylvie ""Gezaluwejit"" : Taille - P;Tunique Sylvie ""Gezaluwejit"" : Taille - M;Tunique Sylvie ""Gezaluwejit"" : Taille - L;Tunique Sylvie ""Gezaluwejit"" : Taille - XL;Tunique Sylvie ""Gezaluwejit"" : Taille - XP","0;0;0;0;0","69.00","139.00","8407;8408;8409;8410;8411","8986"
"Sylvie Tunic ""Northern Keepers""","A16051-WSS1201NC05A","Tunique Sylvie ""Gardiens du Nord"" : Taille - P;Tunique Sylvie ""Gardiens du Nord"" : Taille - M;Tunique Sylvie ""Gardiens du Nord"" : Taille - L;Tunique Sylvie ""Gardiens du Nord"" : Taille - XL;Tunique Sylvie ""Gardiens du Nord"" : Taille - XP","0;0;0;0;0","69.00","139.00","8412;8413;8414;8415;8416","8987"
"April Mock ""Under the Same Sky""","A18066-WLS23701NC0UA","Haut April ""Sous le Même Ciel"" : Taille - P;Haut April ""Sous le Même Ciel"" : Taille - M;Haut April ""Sous le Même Ciel"" : Taille - L;Haut April ""Sous le Même Ciel"" : Taille - XL;Haut April ""Sous le Même Ciel"" : Taille - XP","0;0;0;0;0","66.09","119.00","8417;8418;8419;8420;8421","8988"
"Patti Tunic II ""Gezaluwejit""","A14051-WLS1001NC0TA","Tunique Patti II ""Gezaluwejit"" : Taille - XP;Tunique Patti II ""Gezaluwejit"" : Taille - P;Tunique Patti II ""Gezaluwejit"" : Taille - M;Tunique Patti II ""Gezaluwejit"" : Taille - L;Tunique Patti II ""Gezaluwejit"" : Taille - XL","0;0;0;0;0","50.50","129.00","8422;8423;8424;8425;8426","8990"
"Patti Tunic II ""Under the Same Sky""","A18066-WLS1001NC0TA","Tunique Patti II ""Sous le Même Ciel"" : Taille - P;Tunique Patti II ""Sous le Même Ciel"" : Taille - M;Tunique Patti II ""Sous le Même Ciel"" : Taille - L;Tunique Patti II ""Sous le Même Ciel"" : Taille - XL;Tunique Patti II ""Sous le Même Ciel"" : Taille - XP","0;0;0;0;0","50.50","129.00","8427;8428;8429;8430;8431","8991"
"Kaplan Tank ""Under the Same Sky""","A18066-WNS0801NC0UA","Débardeur Kaplan ""Sous le Même Ciel"" : Taille - P;Débardeur Kaplan ""Sous le Même Ciel"" : Taille - M;Débardeur Kaplan ""Sous le Même Ciel"" : Taille - L;Débardeur Kaplan ""Sous le Même Ciel"" : Taille - XL;Débardeur Kaplan ""Sous le Même Ciel"" : Taille - XP","2;5;0;3;3","60.00","129.00","8437;8438;8439;8440;8441","9014"
"K Smith T-Shirt ""Water and Spirit Buffalo""","W13023-WSS0901NC09A","K Smith T-Shirt ""Eau et Esprit du Bison"" : Taille - P;K Smith T-Shirt ""Eau et Esprit du Bison"" : Taille - M;K Smith T-Shirt ""Eau et Esprit du Bison"" : Taille - L;K Smith T-Shirt ""Eau et Esprit du Bison"" : Taille - XL;K Smith T-Shirt ""Eau et Esprit du Bison"" : Taille - XP","0;0;0;0;0","35.00","89.00","8442;8443;8444;8445;8446","9017"
"Jackie II Leggings ""Under the Same Sky""","A18066-WPA0801NC0UA","Legging Jackie II ""Sous le Même Ciel"" : Taille - XP;Legging Jackie II ""Sous le Même Ciel"" : Taille - P;Legging Jackie II ""Sous le Même Ciel"" : Taille - M;Legging Jackie II ""Sous le Même Ciel"" : Taille - L;Legging Jackie II ""Sous le Même Ciel"" : Taille - XL","0;0;1;1;1","45.00","109.00","8457;8458;8459;8460;8461","9020"
"Samo ""Silent Seekers""","A16058-MSW0101NC04A","Samo ""En Quête de Silence"" : Taille - M;Samo ""En Quête de Silence"" : Taille - L;Samo ""En Quête de Silence"" : Taille - XL;Samo ""En Quête de Silence"" : Taille - P","0;0;0;0","45.00","109.00","8463;8464;8465;8462","9026"
"Ava Poncho ""Earth Keeper""","WAC0801NC0WA","","0","38.00","109.00","","9027"
"Vivienne Scarf ""Refuge""","A18066-WAC0201NC0UA","","0","23.00","59.00","","9038"
"Melinda Western Scarf ""Refuge""","W20055-UAC1101NC0YA","","0","23.00","59.00","","9040"
"Melinda Western Scarf ""Teachings""","A01036-UAC1101NC0ZA","","0","23.00","59.00","","9045"
"Alice Neck Warmer ""Under the Same Sky""","A18066-UAC1101NC0UA","","0","16.58","59.00","","9046"
"Kimono ""Earth Keeper""","A12005-WBL0601NCOWA","Kimono ""Gardienne de la Terre"" : Taille - TU/OS","0","49.50","129.00","8481","9048"
"Olivia Dress ""Earth Keeper""","A12005-WDR4501NC0WA","Robe Olivia ""Gardienne de la Terre"" : Taille - XP;Robe Olivia ""Gardienne de la Terre"" : Taille - P;Robe Olivia ""Gardienne de la Terre"" : Taille - M;Robe Olivia ""Gardienne de la Terre"" : Taille - L;Robe Olivia ""Gardienne de la Terre"" : Taille - XL","0;0;0;0;0","76.00","159.00","8482;8483;8484;8485;8486","9049"
"Tilda Tank ""Earth Keeper""","A12005-WNS0901NC0WA","Camisole Tilda ""Gardienne de la Terre"" : Taille - XP;Camisole Tilda ""Gardienne de la Terre"" : Taille - P;Camisole Tilda ""Gardienne de la Terre"" : Taille - M;Camisole Tilda ""Gardienne de la Terre"" : Taille - L;Camisole Tilda ""Gardienne de la Terre"" : Taille - XL","0;0;0;0;0","27.00","79.00","8487;8488;8489;8490;8491","9050"
"Marlene Top ""Journey to the Spirit World""","A07020-WLS0701NC0AA","Marlene Top ""Voyage Vers le Monde du Songe"" : Taille - P;Marlene Top ""Voyage Vers le Monde du Songe"" : Taille - M;Marlene Top ""Voyage Vers le Monde du Songe"" : Taille - XL;Marlene Top ""Voyage Vers le Monde du Songe"" : Taille - L;Marlene Top ""Voyage Vers le Monde du Songe"" : Taille - XP","0;0;0;0;0","79.50","139.00","8492;8493;8494;8495;8496","9059"
"Mia Turtleneck ""Journey to the Spirit World""","A07020-WLS1701NC0AA","Col Roulé Mia ""Voyage Vers le Monde du Songe"" : Taille - P;Col Roulé Mia ""Voyage Vers le Monde du Songe"" : Taille - M;Col Roulé Mia ""Voyage Vers le Monde du Songe"" : Taille - L;Col Roulé Mia ""Voyage Vers le Monde du Songe"" : Taille - XL;Col Roulé Mia ""Voyage Vers le Monde du Songe"" : Taille - XP","0;0;0;0;0","59.50","149.00","8497;8498;8499;8500;8501","9060"
"Elaine Skirt ""Earth Keeper""","W12005-WSK0501NC0WA","Jupe Elaine ""Gardienne de la Terre"" : Taille - P;Jupe Elaine ""Gardienne de la Terre"" : Taille - M;Jupe Elaine ""Gardienne de la Terre"" : Taille - L;Jupe Elaine ""Gardienne de la Terre"" : Taille - XL;Jupe Elaine ""Gardienne de la Terre"" : Taille - XP","0;0;0;0;0","63.50","149.00","8502;8503;8504;8505;8506","9061"
"Kimono ""Northern Keepers""","A16051-WBL0601NCO5A","Kimono ""Gardiens du Nord"" : Taille - TU/OS","0","49.50","129.00","8587","9062"
"Rosa Headband ""Journey to the Spirit World""","A07020-UAC1301NC0AA","","0","13.00","49.00","","9063"
"Vivienne Scarf ""Teachings""","A01036-WAC0201NC0ZA","","0","23.00","59.00","","9064"
"Jamie Top ""Journey to the Spirit World""","A07020-WLS1301NCOAA","Haut Jamie ""Voyage Vers le Monde du Songe"" : Taille - P;Haut Jamie ""Voyage Vers le Monde du Songe"" : Taille - M;Haut Jamie ""Voyage Vers le Monde du Songe"" : Taille - L;Haut Jamie ""Voyage Vers le Monde du Songe"" : Taille - XL;Haut Jamie ""Voyage Vers le Monde du Songe"" : Taille - XP","0;0;0;0;0","49.50","129.00","8518;8519;8520;8521;8522","9141"
"Coco Tank ""Wisdom Keepers""","W13023-WNS0701NC01A","Débardeur Coco ""Gardiens de la Sagesse"" : Taille - P;Débardeur Coco ""Gardiens de la Sagesse"" : Taille - M;Débardeur Coco ""Gardiens de la Sagesse"" : Taille - L;Débardeur Coco ""Gardiens de la Sagesse"" : Taille - XL;Débardeur Coco ""Gardiens de la Sagesse"" : Taille - XP","0;3;1;0;3","34.35","79.00","8588;8589;8590;8591;8592","9767"
"Carla Palazzo ""Water and Spirit Buffalo at Sunset""","W13023-WPA0301NC11A","Palazzo Carla ""Eau et Esprit du Bison au Soleil Couchant"" : Taille - XP;Palazzo Carla ""Eau et Esprit du Bison au Soleil Couchant"" : Taille - P;Palazzo Carla ""Eau et Esprit du Bison au Soleil Couchant"" : Taille - M;Palazzo Carla ""Eau et Esprit du Bison au Soleil Couchant"" : Taille - L;Palazzo Carla ""Eau et Esprit du Bison au Soleil Couchant"" : Taille - XL","0;0;0;0;0","74.00","189.00","8738;8739;8740;8741;8742","9851"
"Vivienne Scarf ""Water and Spirit Buffalo at Sunset""","W13023-WAC0501NC11A","","0","20.00","59.00","","9854"
"Vivienne Scarf ""Water and Spirit Buffalo at Moonrise""","W13023-WAC0501NC12A","","0","20.00","59.00","","9856"
"Vivienne Scarf ""Rebirth""","A04015-WAC0501NC14A","","0","20.00","59.00","","9857"
"Vivienne Scarf ""Unity""","A08019-WAC0501NC13A","","0","20.00","59.00","","9858"
"Kate Dress ""Water and Spirit Buffalo at Sunset""","W13023-WDR2601NC11A","Robe Kate ""Eau et Esprit du Bison au Soleil Couchant"" : Taille - P;Robe Kate ""Eau et Esprit du Bison au Soleil Couchant"" : Taille - M;Robe Kate ""Eau et Esprit du Bison au Soleil Couchant"" : Taille - L;Robe Kate ""Eau et Esprit du Bison au Soleil Couchant"" : Taille - XL;Robe Kate ""Eau et Esprit du Bison au Soleil Couchant"" : Taille - XP","0;0;0;0;0","64.50","169.00","8603;8604;8605;8606;8607","9860"
"Kate Dress ""Rebirth""","A04015-WDR2601NC14A","Robe Kate ""Renaissance"" : Taille - P;Robe Kate ""Renaissance"" : Taille - M;Robe Kate ""Renaissance"" : Taille - L;Robe Kate ""Renaissance"" : Taille - XL;Robe Kate ""Renaissance"" : Taille - XP","0;0;0;0;0","64.50","169.00","8608;8609;8610;8611;8612","9861"
"Felicia ""Water and Spirit Buffalo at Moonrise""","W13023-WDR3801NC12A","Felicia ""Eau et Esprit du Bison à l'Éveil de la Lune"" : Taille - P;Felicia ""Eau et Esprit du Bison à l'Éveil de la Lune"" : Taille - M;Felicia ""Eau et Esprit du Bison à l'Éveil de la Lune"" : Taille - L;Felicia ""Eau et Esprit du Bison à l'Éveil de la Lune"" : Taille - XL;Felicia ""Eau et Esprit du Bison à l'Éveil de la Lune"" : Taille - XP","0;0;0;0;0","62.00","149.00","8618;8619;8620;8621;8622","9863"
"Coco Tank ""Water and Spirit Buffalo at Moonrise""","W13023-WNS0701NC12A","Débardeur Coco ""Eau et Esprit du Bison à l'Éveil de la Lune"" : Taille - P;Débardeur Coco ""Eau et Esprit du Bison à l'Éveil de la Lune"" : Taille - M;Débardeur Coco ""Eau et Esprit du Bison à l'Éveil de la Lune"" : Taille - L;Débardeur Coco ""Eau et Esprit du Bison à l'Éveil de la Lune"" : Taille - XL;Débardeur Coco ""Eau et Esprit du Bison à l'Éveil de la Lune"" : Taille - XP","0;0;0;0;0","34.35","79.00","8623;8624;8625;8626;8627","9864"
"Coco Tank ""Unity""","W08019-WNS0701NC13A","Débardeur Coco ""Union"" : Taille - P;Débardeur Coco ""Union"" : Taille - M;Débardeur Coco ""Union"" : Taille - L;Débardeur Coco ""Union"" : Taille - XL;Débardeur Coco ""Union"" : Taille - XP","0;0;0;0;0","34.35","79.00","8628;8629;8630;8631;8632","9865"
"Elaine Skirt ""Water and Spirit Buffalo""","W13023-WSK0501NC09A","Jupe Elaine ""Eau et Esprit du Bison"" : Taille - P;Jupe Elaine ""Eau et Esprit du Bison"" : Taille - M;Jupe Elaine ""Eau et Esprit du Bison"" : Taille - L;Jupe Elaine ""Eau et Esprit du Bison"" : Taille - XL;Jupe Elaine ""Eau et Esprit du Bison"" : Taille - XP","0;0;0;0;0","63.50","149.00","8633;8634;8635;8636;8637","9866"
"Elaine Skirt ""Water and Spirit Buffalo at Sunset""","W13023-WSK0501NC11A","Jupe Elaine ""Eau et Esprit du Bison au Soleil Couchant"" : Taille - P;Jupe Elaine ""Eau et Esprit du Bison au Soleil Couchant"" : Taille - M;Jupe Elaine ""Eau et Esprit du Bison au Soleil Couchant"" : Taille - L;Jupe Elaine ""Eau et Esprit du Bison au Soleil Couchant"" : Taille - XL;Jupe Elaine ""Eau et Esprit du Bison au Soleil Couchant"" : Taille - XP","0;0;0;0;0","63.50","149.00","8638;8639;8640;8641;8642","9867"
"Elaine Skirt ""Water and Spirit Buffalo at Moonrise""","W13023-WSK0501NC12A","Jupe Elaine ""Eau et Esprit du Bison à l'Éveil de la Lune"" : Taille - P;Jupe Elaine ""Eau et Esprit du Bison à l'Éveil de la Lune"" : Taille - M;Jupe Elaine ""Eau et Esprit du Bison à l'Éveil de la Lune"" : Taille - L;Jupe Elaine ""Eau et Esprit du Bison à l'Éveil de la Lune"" : Taille - XL;Jupe Elaine ""Eau et Esprit du Bison à l'Éveil de la Lune"" : Taille - XP","0;1;0;0;0","63.50","149.00","8643;8644;8645;8646;8647","9868"
"Elaine Skirt ""Rebirth""","A04015-WSK0501NC14A","Jupe Elaine ""Renaissance"" : Taille - P;Jupe Elaine ""Renaissance"" : Taille - M;Jupe Elaine ""Renaissance"" : Taille - L;Jupe Elaine ""Renaissance"" : Taille - XL;Jupe Elaine ""Renaissance"" : Taille - XP","0;0;0;0;0","63.50","149.00","8648;8649;8650;8651;8652","9869"
"Elaine Skirt ""Refuge""","A20055-WSK0501NCOYA","Jupe Elaine ""Refuge"" : Taille - P;Jupe Elaine ""Refuge"" : Taille - M;Jupe Elaine ""Refuge"" : Taille - L;Jupe Elaine ""Refuge"" : Taille - XL;Jupe Elaine ""Refuge"" : Taille - XP","0;0;0;0;0","63.50","149.00","8653;8654;8655;8656;8657","9870"
"Sylvie Tunic ""Rebirth""","A04015-WSS1201NC14A","Tunique Sylvie ""Renaissance"" : Taille - P;Tunique Sylvie ""Renaissance"" : Taille - M;Tunique Sylvie ""Renaissance"" : Taille - L;Tunique Sylvie ""Renaissance"" : Taille - XL;Tunique Sylvie ""Renaissance"" : Taille - XP","0;0;0;0;0","69.00","139.00","8658;8659;8660;8661;8662","9893"
"Sylvie Tunic ""Unity""","WSS1201NC13A","Tunique Sylvie ""Union"" : Taille - P;Tunique Sylvie ""Union"" : Taille - M;Tunique Sylvie ""Union"" : Taille - L;Tunique Sylvie ""Union"" : Taille - XL;Tunique Sylvie ""Union"" : Taille - XP","0;0;0;0;0","69.00","139.00","8663;8664;8665;8666;8667","9894"
"Tilda Tank ""Rebirth""","A04015-WNS0901NC14A","Camisole Tilda ""Renaissance"" : Taille - P;Camisole Tilda ""Renaissance"" : Taille - M;Camisole Tilda ""Renaissance"" : Taille - L;Camisole Tilda ""Renaissance"" : Taille - XL;Camisole Tilda ""Renaissance"" : Taille - XP","0;0;0;0;0","27.00","79.00","8668;8669;8670;8671;8672","9895"
"Frida Cardigan ""Unity""","A18019-WBL0301NC13A","Cardigan Frida ""Union"" : Taille - P;Cardigan Frida ""Union"" : Taille - M;Cardigan Frida ""Union"" : Taille - L;Cardigan Frida ""Union"" : Taille - XL;Cardigan Frida ""Union"" : Taille - XP","0;0;0;0;0","52.50","129.00","8673;8674;8675;8676;8677","9896"
"Olivia Dress ""Unity""","A08019-WDR4501NC13A","Robe Olivia ""Union"" : Taille - P;Robe Olivia ""Union"" : Taille - M;Robe Olivia ""Union"" : Taille - L;Robe Olivia ""Union"" : Taille - XL;Robe Olivia ""Union"" : Taille - XP","1;0;0;0;0","76.00","159.00","8678;8679;8680;8681;8682","9898"
"Tamara Top ""Spirit and Water Buffalo at Sunset""","W13023-WNS1201NC11A","Tamara Top ""Eau et Esprit du Bison au Soleil Couchant"" : Taille - P;Tamara Top ""Eau et Esprit du Bison au Soleil Couchant"" : Taille - M;Tamara Top ""Eau et Esprit du Bison au Soleil Couchant"" : Taille - L;Tamara Top ""Eau et Esprit du Bison au Soleil Couchant"" : Taille - XL;Tamara Top ""Eau et Esprit du Bison au Soleil Couchant"" : Taille - XP","0;0;0;0;0","60.50","129.00","8683;8684;8685;8686;8687","9899"
"Tamara Top ""Spirit and Water Buffalo at Moonrise""","W13023-WNS1201NC12A","Tamara Top ""Eau et Esprit du Bison à l'Éveil de la Lune"" : Taille - P;Tamara Top ""Eau et Esprit du Bison à l'Éveil de la Lune"" : Taille - M;Tamara Top ""Eau et Esprit du Bison à l'Éveil de la Lune"" : Taille - L;Tamara Top ""Eau et Esprit du Bison à l'Éveil de la Lune"" : Taille - XL;Tamara Top ""Eau et Esprit du Bison à l'Éveil de la Lune"" : Taille - XP","0;0;0;0;0","60.50","129.00","8688;8689;8690;8691;8692","9900"
"Tamara Top ""Unity""","A08019-WNS1201NC13A","Tamara Top ""Union"" : Taille - P;Tamara Top ""Union"" : Taille - M;Tamara Top ""Union"" : Taille - L;Tamara Top ""Union"" : Taille - XL;Tamara Top ""Union"" : Taille - XP","0;0;0;0;0","50.00","129.00","8693;8694;8695;8696;8697","9901"
"Elani Kimono ""Rebirth""","A04015-WBL1401NC14A","Kimono Elanie ""Renaissance"" : Taille - TU/OS","0","74.00","149.00","8700","9903"
"Julie Drape ""Spirit and Water Buffalo at Moonrise""","W13023-WSS1801NC12A","Drapé Julie ""Eau et Esprit du Bison à l'Éveil de la Lune"" : Taille - P;Drapé Julie ""Eau et Esprit du Bison à l'Éveil de la Lune"" : Taille - M;Drapé Julie ""Eau et Esprit du Bison à l'Éveil de la Lune"" : Taille - L;Drapé Julie ""Eau et Esprit du Bison à l'Éveil de la Lune"" : Taille - XL;Drapé Julie ""Eau et Esprit du Bison à l'Éveil de la Lune"" : Taille - XP","0;0;0;0;0","35.50","79.00","8708;8709;8710;8711;8712","9906"
"Lea Dress ""Rebirth""","A04015-WDR4701NC14A","Robe Lea ""Renaissance"" : Taille - P;Robe Lea ""Renaissance"" : Taille - M;Robe Lea ""Renaissance"" : Taille - L;Robe Lea ""Renaissance"" : Taille - XL;Robe Lea ""Renaissance"" : Taille - XP","0;0;0;0;0","68.50","149.00","8718;8719;8720;8721;8722","9908"
"Carrie Dress ""Rebirth""","A04015-WDR4901NC14A","Robe Carrie ""Renaissance"" : Taille - P;Robe Carrie ""Renaissance"" : Taille - M;Robe Carrie ""Renaissance"" : Taille - L;Robe Carrie ""Renaissance"" : Taille - XL;Robe Carrie ""Renaissance"" : Taille - XP","0;0;0;0;0","78.50","149.00","8723;8724;8725;8726;8727","9909"
"Carrie Dress ""Unity""","A08019-WDR4901NC13A","Robe Carrie ""Union"" : Taille - P;Robe Carrie ""Union"" : Taille - M;Robe Carrie ""Union"" : Taille - L;Robe Carrie ""Union"" : Taille - XL;Robe Carrie ""Union"" : Taille - XP","0;0;0;0;0","78.50","149.00","8728;8729;8730;8731;8732","9910"
"Eden Tunic ""Rebirth""","A04015-WLS2801NC14A","Tunique Eden ""Renaissance"" : Taille - P;Tunique Eden ""Renaissance"" : Taille - M;Tunique Eden ""Renaissance"" : Taille - L;Tunique Eden ""Renaissance"" : Taille - XL;Tunique Eden ""Renaissance"" : Taille - XP","0;0;0;0;0","61.89","139.00","8733;8734;8735;8736;8737","9911"
"Elaine Skirt ""Merging Earth and Sky""","A10004-WSK0501NC01A","Jupe Elaine ""Fusion Entre Terre et Ciel"" : Taille - P;Jupe Elaine ""Fusion Entre Terre et Ciel"" : Taille - M;Jupe Elaine ""Fusion Entre Terre et Ciel"" : Taille - L;Jupe Elaine ""Fusion Entre Terre et Ciel"" : Taille - XL;Jupe Elaine ""Fusion Entre Terre et Ciel"" : Taille - XP","1;0;0;0;0","63.50","149.00","8743;8744;8745;8746;8747","9922"
"Felicia ""Silent Seekers""","A16058-WDR3801NC04A","Felicia ""En Quête de Silence"" : Taille - P;Felicia ""En Quête de Silence"" : Taille - M;Felicia ""En Quête de Silence"" : Taille - L;Felicia ""En Quête de Silence"" : Taille - XL;Felicia ""En Quête de Silence"" : Taille - XP","0;0;0;0;0","62.00","149.00","9095;9096;9097;9098;9099","10394"
"Mia Turtleneck ""Silent Seekers"" Plus Size","A16058-WLS2001NC04A","Col Roulé Mia ""En Quête de Silence"" Taille Plus : Taille - 2X;Col Roulé Mia ""En Quête de Silence"" Taille Plus : Taille - 3X;Col Roulé Mia ""En Quête de Silence"" Taille Plus : Taille - 1X","0;0;0","68.00","149.00","9141;9142;9140","11079"
"Mia Turtleneck ""Water and Spirit Buffalo at Moonrise""","W13023-WLS1701NC12A","Col Roulé Mia ""Eau et Esprit du Bison à l'Éveil de la Lune"" : Taille - P;Col Roulé Mia ""Eau et Esprit du Bison à l'Éveil de la Lune"" : Taille - M;Col Roulé Mia ""Eau et Esprit du Bison à l'Éveil de la Lune"" : Taille - L;Col Roulé Mia ""Eau et Esprit du Bison à l'Éveil de la Lune"" : Taille - XL;Col Roulé Mia ""Eau et Esprit du Bison à l'Éveil de la Lune"" : Taille - XP","0;0;0;0;0","59.50","149.00","9143;9144;9145;9146;9147","11085"
"Carla Palazzo ""Forest Temple""","A17065-WPA0301NC0CA","Palazzo Carla ""Temple de la Forêt"" : Taille - P;Palazzo Carla ""Temple de la Forêt"" : Taille - M;Palazzo Carla ""Temple de la Forêt"" : Taille - L;Palazzo Carla ""Temple de la Forêt"" : Taille - XL;Palazzo Carla ""Temple de la Forêt"" : Taille - XP","0;0;0;0;0","74.00","189.00","9153;9154;9155;9156;9157","11087"
"Elaine Skirt ""Forest Temple""","A17065-WSK0501NC15A","Jupe Elaine ""Temple de la Forêt"" : Taille - P;Jupe Elaine ""Temple de la Forêt"" : Taille - M;Jupe Elaine ""Temple de la Forêt"" : Taille - L;Jupe Elaine ""Temple de la Forêt"" : Taille - XL;Jupe Elaine ""Temple de la Forêt"" : Taille - XP","0;0;0;0;0","63.50","149.00","9163;9164;9165;9166;9167","11089"
"Elaine Skirt ""Teachings""","A01036-WSK0501NC0ZA","Jupe Elaine ""Le Chant du Tambour"" : Taille - P;Jupe Elaine ""Le Chant du Tambour"" : Taille - M;Jupe Elaine ""Le Chant du Tambour"" : Taille - L;Jupe Elaine ""Le Chant du Tambour"" : Taille - XL;Jupe Elaine ""Le Chant du Tambour"" : Taille - XP","1;0;0;0;0","63.50","149.00","9168;9169;9170;9171;9172","11090"
"Salvadore Tee for Men ""Forest Temple""","A17065-MSS0701NC15A","Salvador Tee pour Homme ""Temple de la Forêt"" : Taille - P;Salvador Tee pour Homme ""Temple de la Forêt"" : Taille - M;Salvador Tee pour Homme ""Temple de la Forêt"" : Taille - L;Salvador Tee pour Homme ""Temple de la Forêt"" : Taille - XL;Salvador Tee pour Homme ""Temple de la Forêt"" : Taille - XP","1;0;0;0;1","36.00","89.00","9173;9174;9175;9176;9177","11091"
"Salvadore Tee for Men ""Teachings""","A01036-MSS0701NC0ZA","Salvador Tee pour Homme ""Le Chant du Tambour"" : Taille - P;Salvador Tee pour Homme ""Le Chant du Tambour"" : Taille - M;Salvador Tee pour Homme ""Le Chant du Tambour"" : Taille - L;Salvador Tee pour Homme ""Le Chant du Tambour"" : Taille - XL;Salvador Tee pour Homme ""Le Chant du Tambour"" : Taille - XP","0;0;0;0;0","36.00","89.00","9178;9179;9180;9181;9182","11092"
"Ava Poncho ""Dialogue""","W12001-WAC0801NC07A","","0","38.00","109.00","","12060"
"Ava Poncho ""Depth""","WAC0801NC02A","","0","38.00","109.00","","12061"
"Parma Capri ""Depth""","W17063-WPA0701NC02B","Capri Parma ""Profondeur"" : Taille - P;Capri Parma ""Profondeur"" : Taille - M;Capri Parma ""Profondeur"" : Taille - L;Capri Parma ""Profondeur"" : Taille - XL;Capri Parma ""Profondeur"" : Taille - XP","0;0;0;0;0","55.50","129.00","9346;9347;9348;9349;9350","12062"
"Alice Neck Warmer ""Refuge""","A20055-UAC1101NC0YA","","0","16.58","59.00","","12063"
"Alice Neck Warmer ""Earth Keeper""","A12005-UAC1101NC0WA","","0","16.58","59.00","","12064"
"Serena Legging ""Gezaluwejit""","A14051-WPA1201NC0TA","Legging Serena ""Gezaluwejit"" : Taille - XP;Legging Serena ""Gezaluwejit"" : Taille - P;Legging Serena ""Gezaluwejit"" : Taille - M;Legging Serena ""Gezaluwejit"" : Taille - L;Legging Serena ""Gezaluwejit"" : Taille - XL","0;0;0;0;0","64.00","169.00","9354;9355;9356;9357;9358","12067"
"Serena Legging ""Silent Seekers""","A16058-WPA1201NC04A","Legging Serena ""En Quête de Silence"" : Taille - XP;Legging Serena ""En Quête de Silence"" : Taille - P;Legging Serena ""En Quête de Silence"" : Taille - M;Legging Serena ""En Quête de Silence"" : Taille - L;Legging Serena ""En Quête de Silence"" : Taille - XL","0;0;0;0;0","64.00","169.00","9359;9360;9361;9362;9363","12068"
"Mia Turtleneck ""Under the Same Sky"" Plus Size","WLS20001NC0UA","Col Roulé Mia ""Sous le Même Ciel"" Taille Plus : Taille - 2X;Col Roulé Mia ""Sous le Même Ciel"" Taille Plus : Taille - 3X;Col Roulé Mia ""Sous le Même Ciel"" Taille Plus : Taille - 1X","0;0;0","68.00","149.00","9542;9543;9541","12069"
"Serena Legging ""Depth""","A17063-WPA1201NC02B","Legging Serena ""Profondeur"" : Taille - P;Legging Serena ""Profondeur"" : Taille - M;Legging Serena ""Profondeur"" : Taille - L;Legging Serena ""Profondeur"" : Taille - XL;Legging Serena ""Profondeur"" : Taille - XP","0;0;0;0;0","64.00","169.00","9369;9370;9371;9372;9373","12070"
"Serena Legging ""Inner Memories""","W13047-WPA1201NC17A","Legging Serena ""Mémoires Ancestrales"" : Taille - P;Legging Serena ""Mémoires Ancestrales"" : Taille - M;Legging Serena ""Mémoires Ancestrales"" : Taille - L;Legging Serena ""Mémoires Ancestrales"" : Taille - XL;Legging Serena ""Mémoires Ancestrales"" : Taille - XP","0;0;0;0;0","64.00","169.00","9374;9375;9376;9377;9378","12071"
"Serena Legging ""Early Evening Flowing into Fall""","W12018-WPA1201NC0DA","Legging Serena ""Soirée Glissant vers l'Automne"" : Taille - P;Legging Serena ""Soirée Glissant vers l'Automne"" : Taille - M;Legging Serena ""Soirée Glissant vers l'Automne"" : Taille - L;Legging Serena ""Soirée Glissant vers l'Automne"" : Taille - XL;Legging Serena ""Soirée Glissant vers l'Automne"" : Taille - XP","0;0;0;0;0","64.00","169.00","9379;9380;9381;9382;9383","12072"
"Serena Legging ""Zenith""","W160523-WPA1201NC0BB","Legging Serena ""Zenith"" : Taille - P;Legging Serena ""Zenith"" : Taille - M;Legging Serena ""Zenith"" : Taille - L;Legging Serena ""Zenith"" : Taille - XL;Legging Serena ""Zenith"" : Taille - XP","0;0;0;0;0","64.00","169.00","9384;9385;9386;9387;9388","12073"
"Florence Tank ""The Forest Temple""","A17065-WNS1101NC0CB","Camisole Florence ""Temple de la Forêt"" : Taille - XP;Camisole Florence ""Temple de la Forêt"" : Taille - P;Camisole Florence ""Temple de la Forêt"" : Taille - M;Camisole Florence ""Temple de la Forêt"" : Taille - L;Camisole Florence ""Temple de la Forêt"" : Taille - XL","0;0;1;0;0","35.00","79.00","9389;9390;9391;9392;9393","12074"
"Florence Tank ""Inner Memories""","W13047-WNS1101NC17A","Camisole Florence ""Mémoires Ancestrales"" : Taille - XP;Camisole Florence ""Mémoires Ancestrales"" : Taille - P;Camisole Florence ""Mémoires Ancestrales"" : Taille - M;Camisole Florence ""Mémoires Ancestrales"" : Taille - L;Camisole Florence ""Mémoires Ancestrales"" : Taille - XL","0;0;0;1;0","35.00","79.00","9394;9395;9396;9397;9398","12075"
"Venus Active Support Top ""Zenith""","A16052-WNS1001NC0BA","Haut Sport Venus ""Zenith"" : Taille - XP;Haut Sport Venus ""Zenith"" : Taille - P;Haut Sport Venus ""Zenith"" : Taille - M;Haut Sport Venus ""Zenith"" : Taille - L;Haut Sport Venus ""Zenith"" : Taille - XL","0;0;0;0;0","49.00","109.00","9399;9400;9401;9402;9403","12076"
"Venus Active Support Top ""Silent Seekers""","A16058-WNS1001NC04A","Haut Sport Venus ""En Quête de Silence"" : Taille - P;Haut Sport Venus ""En Quête de Silence"" : Taille - M;Haut Sport Venus ""En Quête de Silence"" : Taille - L;Haut Sport Venus ""En Quête de Silence"" : Taille - XL;Haut Sport Venus ""En Quête de Silence"" : Taille - XP","0;0;0;0;0","49.00","109.00","9404;9405;9406;9407;9408","12077"
"Sandrine ""Inner Memories""","W13047-WPA0901NC17A","Sandrine ""Mémoires Ancestrales"" : Taille - XP;Sandrine ""Mémoires Ancestrales"" : Taille - P;Sandrine ""Mémoires Ancestrales"" : Taille - M;Sandrine ""Mémoires Ancestrales"" : Taille - L;Sandrine ""Mémoires Ancestrales"" : Taille - XL","0;0;0;0;0","61.00","149.00","9409;9410;9411;9412;9413","12081"
"Sandrine ""Zenith""","W16052-WPA0901NC0BA","Taille - P;Taille - M;Taille - L;Taille - XL;Taille - XP","0;0;0;0;0","61.00","149.00","9414;9415;9416;9417;9418","12082"
"Sandrine ""Depth""","W17063-WPA0901NC02A","Sandrine ""Profondeur"" : Taille - P;Sandrine ""Profondeur"" : Taille - M;Sandrine ""Profondeur"" : Taille - L;Sandrine ""Profondeur"" : Taille - XL;Sandrine ""Profondeur"" : Taille - XP","0;0;0;0;0","61.00","149.00","9419;9420;9421;9422;9423","12083"
"Sophia ""Inner Memories""","W13047-WDR4301NC17A","Sophia ""Mémoires Ancestrales"" : Taille - XP;Sophia ""Mémoires Ancestrales"" : Taille - P;Sophia ""Mémoires Ancestrales"" : Taille - M;Sophia ""Mémoires Ancestrales"" : Taille - L;Sophia ""Mémoires Ancestrales"" : Taille - XL","0;0;0;0;0","69.00","179.00","9424;9425;9426;9427;9428","12085"
"Sophia ""Early Evening Flowing into Fall""","W12018-WDR4301NC0DA","Sophia ""Soirée Glissant vers l'Automne"" : Taille - XP;Sophia ""Soirée Glissant vers l'Automne"" : Taille - P;Sophia ""Soirée Glissant vers l'Automne"" : Taille - M;Sophia ""Soirée Glissant vers l'Automne"" : Taille - L;Sophia ""Soirée Glissant vers l'Automne"" : Taille - XL","0;0;0;0;0","69.00","179.00","9429;9430;9431;9432;9433","12087"
"Sophia ""The Forest Temple""","W11065-WDR4301NC0CA","Sophia ""Temple de la Forêt"" : Taille - P;Sophia ""Temple de la Forêt"" : Taille - M;Sophia ""Temple de la Forêt"" : Taille - L;Sophia ""Temple de la Forêt"" : Taille - XL;Sophia ""Temple de la Forêt"" : Taille - XP","0;0;0;0;0","69.00","179.00","9434;9435;9436;9437;9438","12088"
"Sophia ""Zenith""","W16052-WDR4301NC0BA","Taille - P;Taille - M;Taille - L;Taille - XL;Taille - XP","0;0;0;0;0","69.00","179.00","9439;9440;9441;9442;9443","12089"
"Sophia ""Earth Keeper""","W12005-WDR4301NC0WA","Sophia ""Gardienne de la Terre"" : Taille - P;Sophia ""Gardienne de la Terre"" : Taille - M;Sophia ""Gardienne de la Terre"" : Taille - L;Sophia ""Gardienne de la Terre"" : Taille - XL;Sophia ""Gardienne de la Terre"" : Taille - XP","0;0;0;0;0","69.00","179.00","9444;9445;9446;9447;9448","12090"
"Victoire ""Inner Memories""","W13047-WDR5301NC17B","Victoire ""Mémoires Ancestrales"" : Taille - XP;Victoire ""Mémoires Ancestrales"" : Taille - P;Victoire ""Mémoires Ancestrales"" : Taille - M;Victoire ""Mémoires Ancestrales"" : Taille - L;Victoire ""Mémoires Ancestrales"" : Taille - XL","0;0;0;0;0","61.50","159.00","9449;9450;9451;9452;9453","12098"
"Victoire ""Lapinx""","W13041-WDR5301NC0EB","Taille - P;Taille - M;Taille - L;Taille - XL;Taille - XP","0;0;0;0;0","61.50","159.00","9454;9455;9456;9457;9458","12101"
"Victoire ""Depth""","W17063-WDR5301NC02A","Victoire ""Profondeur"" : Taille - P;Victoire ""Profondeur"" : Taille - M;Victoire ""Profondeur"" : Taille - L;Victoire ""Profondeur"" : Taille - XL;Victoire ""Profondeur"" : Taille - XP","0;0;0;0;0","61.50","159.00","9459;9460;9461;9462;9463","12102"
"Victoire ""Zenith""","W16052-WDR5301NC0BA","Taille - P;Taille - M;Taille - L;Taille - XL;Taille - XP","0;0;0;0;0","61.50","159.00","9464;9465;9466;9467;9468","12103"
"Victoire ""Merging Earth and Sky""","W10004-WDR5301NC01A","Victoire ""Fusion entre Terre et Ciel"" : Taille - P;Victoire ""Fusion entre Terre et Ciel"" : Taille - M;Victoire ""Fusion entre Terre et Ciel"" : Taille - L;Victoire ""Fusion entre Terre et Ciel"" : Taille - XL;Victoire ""Fusion entre Terre et Ciel"" : Taille - XP","0;0;0;0;0","61.50","159.00","9469;9470;9471;9472;9473","12104"
"Nikki Cardigan ""Depth""","A17063-WBL1101NC02A","Cardigan Nikki ""Profondeur"" : Taille - P;Cardigan Nikki ""Profondeur"" : Taille - M;Cardigan Nikki ""Profondeur"" : Taille - L;Cardigan Nikki ""Profondeur"" : Taille - XL;Cardigan Nikki ""Profondeur"" : Taille - XP","0;0;0;0;0","50.00","159.00","9474;9475;9476;9477;9478","12106"
"Nikki Cardigan ""Silent Seekers""","A16058-WBL1101NC04A","Cardigan Nikki ""En Quête de Silence"" : Taille - P;Cardigan Nikki ""En Quête de Silence"" : Taille - M;Cardigan Nikki ""En Quête de Silence"" : Taille - L;Cardigan Nikki ""En Quête de Silence"" : Taille - XL;Cardigan Nikki ""En Quête de Silence"" : Taille - XP","0;0;0;0;0","50.00","159.00","9479;9480;9481;9482;9483","12107"
"Nikki Cardigan ""Silent Seekers"" Plus Size","A16058-WBL1201NC04A","Cardigan Nikki ""En Quête de Silence"" Taille Plus : Taille - 2X;Cardigan Nikki ""En Quête de Silence"" Taille Plus : Taille - 3X;Cardigan Nikki ""En Quête de Silence"" Taille Plus : Taille - 1X","0;0;0","61.50","159.00","9490;9491;9489","12108"
"Elaine Skirt ""Silent Seekers""","A16058-WSK0501NC04A","Jupe Elaine ""En Quête de Silence"" : Taille - P;Jupe Elaine ""En Quête de Silence"" : Taille - M;Jupe Elaine ""En Quête de Silence"" : Taille - L;Jupe Elaine ""En Quête de Silence"" : Taille - XL;Jupe Elaine ""En Quête de Silence"" : Taille - XP","0;0;0;0;0","63.50","149.00","9492;9493;9494;9495;9496","12139"
"Sophia ""Earth Keeper"" Plus Size","W12005-WDR4401NC0WA","Sophia ""Gardienne de la Terre"" Taille Plus : Taille - 2X;Sophia ""Gardienne de la Terre"" Taille Plus : Taille - 3X;Sophia ""Gardienne de la Terre"" Taille Plus : Taille - 1X","0;0;0","73.00","179.00","9518;9519;9517","12188"
"Patti Tunic II ""Silent Seekers"" Plus Size","A16058-WLS1801NC04A","Tunique Patti II ""En Quête de Silence"" Taille Plus : Taille - 2X;Tunique Patti II ""En Quête de Silence"" Taille Plus : Taille - 3X;Tunique Patti II ""En Quête de Silence"" Taille Plus : Taille - 1X","0;0;0","60.50","129.00","9526;9527;9525","12194"
"Mia Turtleneck ""Water and Spirit Buffalo at Moonrise"" Plus Size","W13023-WLS2001NC12A","Col Roulé Mia ""Eau et Esprit du Bison à l'Éveil de la Lune"" Taille Plus : Taille - 2X;Col Roulé Mia ""Eau et Esprit du Bison à l'Éveil de la Lune"" Taille Plus : Taille - 3X;Col Roulé Mia ""Eau et Esprit du Bison à l'Éveil de la Lune"" Taille Plus : Taille - 1X","0;0;0","68.00","149.00","9534;9535;9533","12195"
"Patti Tunic II ""Earth Keeper"" Plus Size","W12005-WLS1801NC0WA","Tunique Patti II ""Gardienne de la Terre"" Taille Plus : Taille - 2X;Tunique Patti II ""Gardienne de la Terre"" Taille Plus : Taille - 3X;Tunique Patti II ""Gardienne de la Terre"" Taille Plus : Taille - 1X","0;0;0","60.50","129.00","9793;9794;9795","13026"
"Simone Headband ""Silent Seekers""","A16058-UAC1501NC04A","","0","12.03","49.00","","13028"
"Alice Neck Warmer ""Motter Love""","A17064-UAC1101NC03A","","0","16.58","59.00","","13111"
"Alice Neck Warmer ""Silent Seekers""","A16058-UAC1101NC04A","","0","16.58","59.00","","13112"
"Kiki T-Shirt ""Teachings"" Plus size","A01036-WSS1401NC0ZA","Kiki T-shirt ""Le Chant du Tambour"" Taille Plus : Taille - 2X;Kiki T-shirt ""Le Chant du Tambour"" Taille Plus : Taille - 3X;Kiki T-shirt ""Le Chant du Tambour"" Taille Plus : Taille - 1X","0;0;0","43.90","89.00","10167;10168;10169","13274"
"Catherine Zip Top - ""Wisdom Keepers""","A16059-WLS340101NC01A","Haut Zippé Catherine  - ""Gardiens de la Sagesse"" : Taille - XP;Haut Zippé Catherine  - ""Gardiens de la Sagesse"" : Taille - P;Haut Zippé Catherine  - ""Gardiens de la Sagesse"" : Taille - M;Haut Zippé Catherine  - ""Gardiens de la Sagesse"" : Taille - L;Haut Zippé Catherine  - ""Gardiens de la Sagesse"" : Taille - XL","0;0;0;0;0","59.50","159.00","10257;10258;10259;10260;10261","13621"
"Claudia Shawl ""Silent Seekers""","WAC0601NC04A","","0","35.00","109.00","","13876"
"Claudia Shawl ""Motter Love""","WAC0601NC03A","","0","35.00","109.00","","13880"
"Catherine Zip Top - ""Unity""","A08019-WLS340101NC13A","Haut Zippé Catherine  - ""Union"" : Taille - P;Haut Zippé Catherine  - ""Union"" : Taille - M;Haut Zippé Catherine  - ""Union"" : Taille - L;Haut Zippé Catherine  - ""Union"" : Taille - XL;Haut Zippé Catherine  - ""Union"" : Taille - XP","0;0;0;0;0","59.50","159.00","10306;10307;10308;10309;10310","13884"
"Terry-Ann Kimono ""In her World""","W13026-WBL1701NC1DA","Kimono Terry-Ann ""Dans son Monde"" : Taille - TU/OS","0","58.00","119.00","10323","14000"
"Terry-Ann Kimono ""Water and Spirit Buffalo""","W13023-WBL1701NC16A","Kimono Terry-Ann ""Eau et Esprit du Bison"" : Taille - TU/OS","0","58.00","119.00","10324","14009"
"Terry-Ann Kimono ""Giving Thanks""","A01028-WBL1701NC08A","Kimono Terry-Ann ""Rendre Grâce"" : Taille - TU/OS","0","58.00","119.00","10325","14010"
"Terry-Ann Kimono ""Geese Spirit""","WBL1701NC1BA","Kimono Terry-Ann ""L'Esprit de l'Outarde"" : Taille - TU/OS","0","58.00","119.00","10326","14011"
"Terry-Ann Kimono ""Passage""","W13025-WBL1701NC1EA","Kimono Terry-Ann ""Passage"" : Taille - TU/OS","0","58.00","119.00","10327","14012"
"Marina Beach ""Inner Memories""","W13047-RES0101NC17A","","0","46.00","109.00","","14013"
"Océanne Beach ""Inner Memories""","W13047-RES0201NC17A","","0","40.50","99.00","","14018"
"Kaplan Plus ""Journey to the Spirit World""","A07020-WNS1301NC0AA","Kaplan Plus""Voyage vers le Monde du Songe"" : Taille - 2X;Kaplan Plus""Voyage vers le Monde du Songe"" : Taille - 3X;Kaplan Plus""Voyage vers le Monde du Songe"" : Taille - 1X","0;0;0","64.00","129.00","10334;10335;10333","14091"
"Kaplan Plus ""Depth""","A17063-WNS1301NC02A","Kaplan Plus ""Profondeur"" : Taille - 2X;Kaplan Plus ""Profondeur"" : Taille - 3X;Kaplan Plus ""Profondeur"" : Taille - 1X","0;0;0","64.00","129.00","10336;10337;10338","14092"
"Kaplan Plus ""In Her World""","A13026-WNS1301NC1DA","Kaplan Plus ""Dans Son Monde"" : Taille - 2X;Kaplan Plus ""Dans Son Monde"" : Taille - 3X;Kaplan Plus ""Dans Son Monde"" : Taille - 1X","0;0;0","64.00","129.00","10339;10340;10341","14093"
"Kaplan Plus ""Geese Spirit""","A10046-WNS1301NC1BA","Kaplan Plus ""L'Esprit de l'Outarde"" : Taille - 2X;Kaplan Plus ""L'Esprit de l'Outarde"" : Taille - 3X;Kaplan Plus ""L'Esprit de l'Outarde"" : Taille - 1X","0;0;0","64.00","129.00","10342;10343;10344","14094"
"Kate Dress ""Earth Keeper"" Plus Size","W12005-WDR5401NC0WA","Robe Kate ""Gardienne de la Terre"" Taille Plus : Taille - 2X;Robe Kate ""Gardienne de la Terre"" Taille Plus : Taille - 3X;Robe Kate ""Gardienne de la Terre"" Taille Plus : Taille - 1X","0;1;0","81.50","169.00","10351;10352;10350","14095"
"Kate Dress ""Silent Seekers"" Plus Size","A16058-WDR5401NC04A","Robe Kate ""En Quête de Silence"" Taille Plus : Taille - 2X;Robe Kate ""En Quête de Silence"" Taille Plus : Taille - 3X;Robe Kate ""En Quête de Silence"" Taille Plus : Taille - 1X","0;0;0","81.50","169.00","10353;10354;10355","14096"
"Kimono ""Water and Spirit Buffalo at Sunset""","W13023-WBL0601NC11A","Kimono ""Eau et Esprit du Bison au Soleil Couchant"" : Taille - TU/OS","0","49.50","129.00","10356","14097"
"Elise Maxi ""Depth""","A17063-WDR4801NC02A","Elise Maxi ""Profondeur"" : Taille - XP;Elise Maxi ""Profondeur"" : Taille - P;Elise Maxi ""Profondeur"" : Taille - M;Elise Maxi ""Profondeur"" : Taille - L;Elise Maxi ""Profondeur"" : Taille - XL","0;0;0;0;0","56.00","149.00","10369;10370;10371;10372;10373","14173"
"Elise Maxi ""Water and Spirit Buffalo""","W13023-WDR4801NC16A","Elise Maxi ""Eau et Esprit du Bison"" : Taille - XP;Elise Maxi ""Eau et Esprit du Bison"" : Taille - P;Elise Maxi ""Eau et Esprit du Bison"" : Taille - M;Elise Maxi ""Eau et Esprit du Bison"" : Taille - L;Elise Maxi ""Eau et Esprit du Bison"" : Taille - XL","0;0;0;0;0","56.00","149.00","10374;10375;10376;10377;10378","14174"
"K Smith T-Shirt ""Journey to the Spirit World""","A07020-WSS0901NC0AA","K Smith T-Shirt ""Voyage Vers le Monde du Songe"" : Taille - P;K Smith T-Shirt ""Voyage Vers le Monde du Songe"" : Taille - M;K Smith T-Shirt ""Voyage Vers le Monde du Songe"" : Taille - L;K Smith T-Shirt ""Voyage Vers le Monde du Songe"" : Taille - XL;K Smith T-Shirt ""Voyage Vers le Monde du Songe"" : Taille - XP","0;0;0;0;0","35.00","89.00","10379;10380;10381;10382;10383","14175"
"Nikki Cardigan ""Earth Keeper"" Plus Size","W12005-WBL1201NC0WA","Cardigan Nikki ""Gardienne de la Terre"" Taille Plus : Taille - 2X;Cardigan Nikki ""Gardienne de la Terre"" Taille Plus : Taille - 3X;Cardigan Nikki ""Gardienne de la Terre"" Taille Plus : Taille - 1X","0;0;0","50.00","159.00","10394;10395;10396","14183"
"Catherine Zip Top - ""Silent Seekers""","A16058-WLS340101NC04A","Haut Zippé Catherine  - ""En Quête de Silence"" : Taille - XP;Haut Zippé Catherine  - ""En Quête de Silence"" : Taille - P;Haut Zippé Catherine  - ""En Quête de Silence"" : Taille - M;Haut Zippé Catherine  - ""En Quête de Silence"" : Taille - L;Haut Zippé Catherine  - ""En Quête de Silence"" : Taille - XL","0;0;0;0;0","59.50","159.00","10402;10403;10404;10405;10406","14184"
"Catherine Zip Top - ""Early Evening Flowing into Fall""","W12018-WLS340101NC0DA","Haut Zippé Catherine  - ""Soirée Glissant Vers l'Automne"" : Taille - XP;Haut Zippé Catherine  - ""Soirée Glissant Vers l'Automne"" : Taille - P;Haut Zippé Catherine  - ""Soirée Glissant Vers l'Automne"" : Taille - M;Haut Zippé Catherine  - ""Soirée Glissant Vers l'Automne"" : Taille - L;Haut Zippé Catherine  - ""Soirée Glissant Vers l'Automne"" : Taille - XL","0;0;0;0;0","59.50","159.00","10412;10413;10414;10415;10416","14185"
"Kaplan Tank ""Geese Spirit""","A10046-WNS0801NC1BA","Débardeur Kaplan ""L'Esprit de l'Outarde"" : Taille - XP;Débardeur Kaplan ""L'Esprit de l'Outarde"" : Taille - P;Débardeur Kaplan ""L'Esprit de l'Outarde"" : Taille - M;Débardeur Kaplan ""L'Esprit de l'Outarde"" : Taille - L;Débardeur Kaplan ""L'Esprit de l'Outarde"" : Taille - XL","0;0;0;0;0","60.00","129.00","10422;10423;10424;10425;10426","14186"
"Brooke Jogger ""Silent Seekers""","A16058-WPA1301NC04A","Jogger Brooke ""En Quête de Silence"" : Taille - XP;Jogger Brooke ""En Quête de Silence"" : Taille - P;Jogger Brooke ""En Quête de Silence"" : Taille - M;Jogger Brooke ""En Quête de Silence"" : Taille - L;Jogger Brooke ""En Quête de Silence"" : Taille - XL","0;0;0;0;0","63.50","159.00","10562;10563;10564;10565;10566","14601"
"Oprah Cardigan ""Carried Away Under The Blue Moon""","OVR0101NC1JA","","0","54.00","139.00","","14754"
"Oprah Cardigan ""Silent Seekers""","OVR0101NC14A","","0","54.00","139.00","","14755"
"Oprah Cardigan ""Geese Spirit""","OVR0101NC1BA","","0","54.00","139.00","","14756"
"Elaine Skirt ""Carried Away Under The Blue Moon""","WSK0501NC1JA","Jupe Elaine ""Emportée Sous La Lune Bleu"" : Taille - P;Jupe Elaine ""Emportée Sous La Lune Bleu"" : Taille - M;Jupe Elaine ""Emportée Sous La Lune Bleu"" : Taille - L;Jupe Elaine ""Emportée Sous La Lune Bleu"" : Taille - XL;Jupe Elaine ""Emportée Sous La Lune Bleu"" : Taille - XP","0;0;0;0;0","63.50","149.00","10620;10621;10622;10623;10624","14758"
"Nora Scarf ""Carried Away Under The Blue Moon""","WAC0901NC1JA","","0","26.00","69.00","","14760"
"Salvadore Tee for Men ""Carried Away Under The Blue Moon""","MSS0701NC05A","Salvador Tee pour Homme ""Emportée Sous La Lune Bleu"" : Taille - XP;Salvador Tee pour Homme ""Emportée Sous La Lune Bleu"" : Taille - P;Salvador Tee pour Homme ""Emportée Sous La Lune Bleu"" : Taille - M;Salvador Tee pour Homme ""Emportée Sous La Lune Bleu"" : Taille - L;Salvador Tee pour Homme ""Emportée Sous La Lune Bleu"" : Taille - XL","0;0;0;0;0","36.00","89.00","10630;10631;10632;10633;10634","14761"
"Meryl Satin Kimono ""Carried Away Under The Blue Moon""","WBL1801NC1JA","","0","128.00","279.00","","14763"
"Meryl Satin Kimono ""Geese Spirit""","WBL1801NC1BA","","0","128.00","279.00","","14764"
"Meryl Satin Kimono ""Silent Seekers""","WBL1801NC14A","","0","128.00","279.00","","14765"
"Meryl Satin Kimono ""Northern Keepers""","WBL1801NC15A","","0","128.00","279.00","","14766"
"Mia Turtleneck ""Zenith II""","WLS1701NC0BB","Col Roulé Mia ""Zenith II"" : Taille - XP;Col Roulé Mia ""Zenith II"" : Taille - P;Col Roulé Mia ""Zenith II"" : Taille - M;Col Roulé Mia ""Zenith II"" : Taille - L;Col Roulé Mia ""Zenith II"" : Taille - XL","0;0;0;0;0","59.50","149.00","10641;10642;10643;10644;10645","14769"
"Mia Turtleneck ""Zenith""","WLS1701NC0BA","Col Roulé Mia ""Zenith"" : Taille - XP;Col Roulé Mia ""Zenith"" : Taille - P;Col Roulé Mia ""Zenith"" : Taille - M;Col Roulé Mia ""Zenith"" : Taille - L;Col Roulé Mia ""Zenith"" : Taille - XL","0;0;0;0;0","59.50","149.00","10646;10647;10648;10649;10650","14770"
"Aspen Scarf ""Refuge""","SCA0201NC0YA","","0","19.55","79.00","","14828"
"Aspen Scarf ""Carried Away Under The Blue Moon""","SCA0201NC1JA","","0","19.55","79.00","","14829"
"Aspen Scarf ""Zenith""","SCA0201NC0BA","","0","19.55","79.00","","14830"
"Aspen Scarf ""Silent Seekers""","SCA0201NC04A","","0","19.55","79.00","","14832"
"Aspen Scarf ""Geese Spirit""","SCA0201NCIBA","","0","19.55","79.00","","14833"
"Aspen Scarf ""Northern Keepers""","SCA0201NC05A","","0","19.55","79.00","","14834"
"Mia Turtleneck ""Northern Keepers"" Plus Size","WLS2001NC05A","Taille Plus Col Roulé Mia ""Gardiens du Nord"" : Taille - 2X;Taille Plus Col Roulé Mia ""Gardiens du Nord"" : Taille - 3X;Taille Plus Col Roulé Mia ""Gardiens du Nord"" : Taille - 1X","0;0;0","68.00","149.00","10692;10693;10691","14835"
"Aspen Scarf ""Early Evening Flowing Into Fall""","SCA0201NCODA","","0","19.55","79.00","","15020"
"Aspen Scarf ""Wisdom Keepers""","SCA0201NC0IA","","0","19.55","79.00","","15178"
"James Sweater ""Depth""","MSW0201NC02A","James Sweat-Shirt ""Profondeur"" : Taille - P;James Sweat-Shirt ""Profondeur"" : Taille - M;James Sweat-Shirt ""Profondeur"" : Taille - L;James Sweat-Shirt ""Profondeur"" : Taille - XL;James Sweat-Shirt ""Profondeur"" : Taille - XP","0;0;0;0;0","63.50","149.00","10970;10971;10972;10973;10974","15180"
"Océanne Beach ""Unity""","RES0201NC13A","","0","40.50","99.00","","15183"
"Océanne Beach ""New Day""","RES0201NC0FA","","0","40.50","99.00","","15185"
"Marina Beach ""Unity""","A08019-RES0101NC3A2","","0","46.00","109.00","","15186"
"Marina Beach ""New Day""","A08013-RES0101NC0FA","","0","46.00","109.00","","15187"
"Frida Cardigan ""Teachings""","A01036-WBL0301NC0ZA","Cardigan Frida ""Le Chant du Tambour"" : Taille - P;Cardigan Frida ""Le Chant du Tambour"" : Taille - M;Cardigan Frida ""Le Chant du Tambour"" : Taille - L;Cardigan Frida ""Le Chant du Tambour"" : Taille - XL;Cardigan Frida ""Le Chant du Tambour"" : Taille - XP","0;0;0;0;0","52.50","129.00","10984;10985;10986;10987;10988","15197"
"Ava Poncho ""Early Evening Flowing into Fall""","WAC0801NC0DB","","0","38.00","109.00","","15199"
"Ava Poncho ""Inner Memories""","WAC0801NC17A","","0","38.00","109.00","","15200"
"Claudia Shawl ""Wisdom Keepers""","WAC0601NC0IA","","0","35.00","109.00","","15201"
"Coco Tank ""Water and Spirit Buffalo at Sunset""","W13023-WNS0701NC11A","Débardeur Coco ""Eau et Esprit du Bison au Soleil Couchant"" : Taille - P;Débardeur Coco ""Eau et Esprit du Bison au Soleil Couchant"" : Taille - M;Débardeur Coco ""Eau et Esprit du Bison au Soleil Couchant"" : Taille - L;Débardeur Coco ""Eau et Esprit du Bison au Soleil Couchant"" : Taille - XL;Débardeur Coco ""Eau et Esprit du Bison au Soleil Couchant"" : Taille - XP","0;0;0;0;0","34.35","79.00","10989;10990;10991;10992;10993","15202"
"Julie Drape ""Rebirth""","WSS1801NC14A","Drapé Julie ""Renaissance"" : Taille - P;Drapé Julie ""Renaissance"" : Taille - M;Drapé Julie ""Renaissance"" : Taille - L;Drapé Julie ""Renaissance"" : Taille - XL;Drapé Julie ""Renaissance"" : Taille - XP","0;0;0;0;0","35.50","79.00","10994;10995;10996;10997;10998","15203"
"Marlene Top ""Water and Spirit Buffalo at Moonrise""","WLS0701NC12A","Marlene Top ""Eau et Esprit du Bison à l'Éveil de la Lune"" : Taille - P;Marlene Top ""Eau et Esprit du Bison à l'Éveil de la Lune"" : Taille - M;Marlene Top ""Eau et Esprit du Bison à l'Éveil de la Lune"" : Taille - L;Marlene Top ""Eau et Esprit du Bison à l'Éveil de la Lune"" : Taille - XL;Marlene Top ""Eau et Esprit du Bison à l'Éveil de la Lune"" : Taille - XP","0;0;0;0;0","79.50","139.00","10999;11000;11001;11002;11003","15204"
"Kate Dress ""Unity""","A04015-WDR2601NC14A","Robe Kate ""Union"" : Taille - P;Robe Kate ""Union"" : Taille - M;Robe Kate ""Union"" : Taille - L;Robe Kate ""Union"" : Taille - XL;Robe Kate ""Union"" : Taille - XP","0;0;0;0;0","64.50","169.00","11004;11005;11006;11007;11008","15206"
"Alice Neck Warmer ""Northern Keepers""","A16051-UAC1101NC05A","","0","16.58","59.00","","15208"
"Kaplan Tank ""Gezaluwejit""","A14051-WNS0801NC0TA","Débardeur Kaplan ""Gezaluwejit"" : Taille - P;Débardeur Kaplan ""Gezaluwejit"" : Taille - M;Débardeur Kaplan ""Gezaluwejit"" : Taille - L;Débardeur Kaplan ""Gezaluwejit"" : Taille - XL;Débardeur Kaplan ""Gezaluwejit"" : Taille - XP","0;0;0;0;0","60.00","129.00","11009;11010;11011;11012;11013","15209"
"Salvadore Tee for Men ""The River Keeper""","A16051-MSS0701NC05A","Salvador Tee pour Homme ""La Gardienne de l'Eau"" : Taille - P;Salvador Tee pour Homme ""La Gardienne de l'Eau"" : Taille - M;Salvador Tee pour Homme ""La Gardienne de l'Eau"" : Taille - L;Salvador Tee pour Homme ""La Gardienne de l'Eau"" : Taille - XL;Salvador Tee pour Homme ""La Gardienne de l'Eau"" : Taille - XP","0;0;0;0;0","36.00","89.00","11014;11015;11016;11017;11018","15210"
"Michelle Dress ""Forest Temple""","A17065-WDR3201NC0CA","Robe Michelle ""Temple de la Forêt"" : Taille - P;Robe Michelle ""Temple de la Forêt"" : Taille - M;Robe Michelle ""Temple de la Forêt"" : Taille - L;Robe Michelle ""Temple de la Forêt"" : Taille - XL;Robe Michelle ""Temple de la Forêt"" : Taille - XP","0;0;0;0;0","67.50","159.00","11019;11020;11021;11022;11023","15211"
"Marlene ""Northern Keepers""","WLS0701NC05A","Marlene ""Gardiens du Nord"" : Taille - P;Marlene ""Gardiens du Nord"" : Taille - M;Marlene ""Gardiens du Nord"" : Taille - L;Marlene ""Gardiens du Nord"" : Taille - XL;Marlene ""Gardiens du Nord"" : Taille - XP","0;0;0;0;0","79.50","139.00","11024;11025;11026;11027;11028","15212"
"Parma Capri ""Silent Seekers""","A16058-WPA0701NC04A","Capri Parma ""En Quête de Silence"" : Taille - P;Capri Parma ""En Quête de Silence"" : Taille - M;Capri Parma ""En Quête de Silence"" : Taille - L;Capri Parma ""En Quête de Silence"" : Taille - XL;Capri Parma ""En Quête de Silence"" : Taille - XP","0;0;0;0;0","55.50","129.00","11029;11030;11031;11032;11033","15214"
"Parma Capri ""Gezaluwejit""","A14051-WPA0701NCOTA","Capri Parma ""Gezaluwejit"" : Taille - P;Capri Parma ""Gezaluwejit"" : Taille - M;Capri Parma ""Gezaluwejit"" : Taille - L;Capri Parma ""Gezaluwejit"" : Taille - XL;Capri Parma ""Gezaluwejit"" : Taille - XP","0;0;0;0;0","55.50","129.00","11034;11035;11036;11037;11038","15215"
"Michelle Dress ""Wisdom Keepers""","A16059-WDR3201NC0IB","Robe Michelle ""Gardiens de la Sagesse"" : Taille - P;Robe Michelle ""Gardiens de la Sagesse"" : Taille - M;Robe Michelle ""Gardiens de la Sagesse"" : Taille - L;Robe Michelle ""Gardiens de la Sagesse"" : Taille - XL;Robe Michelle ""Gardiens de la Sagesse"" : Taille - XP","0;0;0;0;0","67.50","159.00","11058;11059;11060;11061;11062","15225"
"Duncan Shawl ""Horizon""","W17062-WAC0201NC0GC","","0","27.00","69.00","","15226"
"Patti Tunic ""Giving Thanks""","WDR1601NC08A","Tunique Patti ""Rendre Grâce"" : Taille - P;Tunique Patti ""Rendre Grâce"" : Taille - M;Tunique Patti ""Rendre Grâce"" : Taille - L;Tunique Patti ""Rendre Grâce"" : Taille - XL;Tunique Patti ""Rendre Grâce"" : Taille - XP","0;0;0;0;0","50.50","129.00","11063;11064;11065;11066;11067","15227"
"Cassatt Vest ""Silent Seekers""","WBL0701NC04A","Veste Cassatt ""En Quête de Silence"" : Taille - P;Veste Cassatt ""En Quête de Silence"" : Taille - M;Veste Cassatt ""En Quête de Silence"" : Taille - L;Veste Cassatt ""En Quête de Silence"" : Taille - XL;Veste Cassatt ""En Quête de Silence"" : Taille - XP","0;0;0;0;0","55.00","119.00","11068;11069;11070;11071;11072","15228"
"Cassatt Vest ""Depth""","WBL0701NC02A","Veste Cassatt ""Profondeur"" : Taille - P;Veste Cassatt ""Profondeur"" : Taille - M;Veste Cassatt ""Profondeur"" : Taille - L;Veste Cassatt ""Profondeur"" : Taille - XL;Veste Cassatt ""Profondeur"" : Taille - XP","0;0;0;0;0","55.00","119.00","11073;11074;11075;11076;11077","15229"
"Jeanne Dress ""New Day""","A16059-WDR1001NC0FC","Robe Jeanne ""Nouveau Jour"" : Taille - P;Robe Jeanne ""Nouveau Jour"" : Taille - M;Robe Jeanne ""Nouveau Jour"" : Taille - L;Robe Jeanne ""Nouveau Jour"" : Taille - XL;Robe Jeanne ""Nouveau Jour"" : Taille - XP","0;0;0;0;0","67.00","159.00","11078;11079;11080;11081;11082","15230"
"Carla Palazzo ""New Day""","A08013-WPA0301NC0FA","Palazzo Carla ""Nouveau Jour"" : Taille - P;Palazzo Carla ""Nouveau Jour"" : Taille - M;Palazzo Carla ""Nouveau Jour"" : Taille - L;Palazzo Carla ""Nouveau Jour"" : Taille - XL;Palazzo Carla ""Nouveau Jour"" : Taille - XP","0;0;0;0;0","74.00","189.00","11084;11085;11086;11087;11088","15233"
"Alex Skirt ""Whisper""","A08011-WSK040NCOHA","Jupe Alex ""Murmure"" : Taille - P;Jupe Alex ""Murmure"" : Taille - M;Jupe Alex ""Murmure"" : Taille - L;Jupe Alex ""Murmure"" : Taille - XL;Jupe Alex ""Murmure"" : Taille - XP","0;0;0;0;0","64.00","149.00","11089;11090;11091;11092;11093","15234"
"Alex Skirt ""Silent Seekers""","A16058-WSK040NCO4A","Jupe Alex ""En Quête de Silence"" : Taille - P;Jupe Alex ""En Quête de Silence"" : Taille - M;Jupe Alex ""En Quête de Silence"" : Taille - L;Jupe Alex ""En Quête de Silence"" : Taille - XL;Jupe Alex ""En Quête de Silence"" : Taille - XP","0;0;0;0;0","64.00","149.00","11094;11095;11096;11097;11098","15235"
"Alex Skirt ""Early Evening Flowing into Fall""","W12018-WSK040NCODA","Jupe Alex ""Soirée Glissant vers l'Automne"" : Taille - P;Jupe Alex ""Soirée Glissant vers l'Automne"" : Taille - M;Jupe Alex ""Soirée Glissant vers l'Automne"" : Taille - L;Jupe Alex ""Soirée Glissant vers l'Automne"" : Taille - XL;Jupe Alex ""Soirée Glissant vers l'Automne"" : Taille - XP","0;0;0;0;0","64.00","149.00","11099;11100;11101;11102;11103","15236"
"Kimono ""Forest Temple""","A17065-WBL0601NCOCA","Kimono ""Temple de la Forêt"" : Taille - TU/OS","0","49.50","129.00","11104","15237"
"Joni Dress ""New Day""","A08013-WDR2901NC0FA","Robe Joni ""Nouveau Jour"" : Taille - P;Robe Joni ""Nouveau Jour"" : Taille - M;Robe Joni ""Nouveau Jour"" : Taille - L;Robe Joni ""Nouveau Jour"" : Taille - XL;Robe Joni ""Nouveau Jour"" : Taille - XP","0;0;0;0;0","59.10","139.00","11105;11106;11107;11108;11109","15238"
"Kate Dress ""New Day""","A08013-WDR2601NC0FD","Robe Kate ""Nouveau Jour"" : Taille - P;Robe Kate ""Nouveau Jour"" : Taille - M;Robe Kate ""Nouveau Jour"" : Taille - L;Robe Kate ""Nouveau Jour"" : Taille - XL;Robe Kate ""Nouveau Jour"" : Taille - XP","0;0;0;0;0","64.50","169.00","11110;11111;11112;11113;11114","15239"
"K Smith T-Shirt ""New Day""","A08013-WSS0901NC0FB","K Smith T-Shirt ""Nouveau Jour"" : Taille - P;K Smith T-Shirt ""Nouveau Jour"" : Taille - M;K Smith T-Shirt ""Nouveau Jour"" : Taille - L;K Smith T-Shirt ""Nouveau Jour"" : Taille - XL;K Smith T-Shirt ""Nouveau Jour"" : Taille - XP","0;0;0;0;0","35.00","89.00","11115;11116;11117;11118;11119","15240"
"Salvadore Tee for Men ""Merging Earth and Sky""","A10004-MSS0701NC01A","Salvador Tee pour Homme ""Fusion entre Terre et Ciel"" : Taille - P;Salvador Tee pour Homme ""Fusion entre Terre et Ciel"" : Taille - M;Salvador Tee pour Homme ""Fusion entre Terre et Ciel"" : Taille - L;Salvador Tee pour Homme ""Fusion entre Terre et Ciel"" : Taille - XL;Salvador Tee pour Homme ""Fusion entre Terre et Ciel"" : Taille - XP","0;0;0;0;0","36.00","89.00","11120;11121;11122;11123;11124","15241"
"Kaplan Tank ""Lapinx""","A13041-WNS0801NC0EC","Débardeur Kaplan ""Lapinx"" : Taille - P;Débardeur Kaplan ""Lapinx"" : Taille - M;Débardeur Kaplan ""Lapinx"" : Taille - L;Débardeur Kaplan ""Lapinx"" : Taille - XL;Débardeur Kaplan ""Lapinx"" : Taille - XP","0;0;0;0;0","60.00","129.00","11125;11126;11127;11128;11129","15244"
"Kaplan Tank ""Whisper""","A08011-WNS0801NC0HB","Débardeur Kaplan ""Murmure"" : Taille - P;Débardeur Kaplan ""Murmure"" : Taille - M;Débardeur Kaplan ""Murmure"" : Taille - L;Débardeur Kaplan ""Murmure"" : Taille - XL;Débardeur Kaplan ""Murmure"" : Taille - XP","0;0;0;0;0","60.00","129.00","11130;11131;11132;11133;11134","15245"
"Patti Tunic ""Early Evening Flowing Into Fall""","WDR1601NC0DA","Tunique Patti ""Soirée Glissant Vers l'Automne"" : Taille - P;Tunique Patti ""Soirée Glissant Vers l'Automne"" : Taille - M;Tunique Patti ""Soirée Glissant Vers l'Automne"" : Taille - L;Tunique Patti ""Soirée Glissant Vers l'Automne"" : Taille - XL;Tunique Patti ""Soirée Glissant Vers l'Automne"" : Taille - XP","0;0;0;0;0","50.50","129.00","11135;11136;11137;11138;11139","15246"
"Patti Tunic ""New Day""","WDR1601NC0FB","Tunique Patti ""Nouveau Jour"" : Taille - P;Tunique Patti ""Nouveau Jour"" : Taille - M;Tunique Patti ""Nouveau Jour"" : Taille - L;Tunique Patti ""Nouveau Jour"" : Taille - XL;Tunique Patti ""Nouveau Jour"" : Taille - XP","0;0;0;0;0","50.50","129.00","11140;11141;11142;11143;11144","15247"
"Michelle II Dress ""Lapinx""","A13041-WDR4101NC0EB","Robe Michelle II ""Lapinx"" : Taille - P;Robe Michelle II ""Lapinx"" : Taille - M;Robe Michelle II ""Lapinx"" : Taille - L;Robe Michelle II ""Lapinx"" : Taille - XL;Robe Michelle II ""Lapinx"" : Taille - XP","0;0;0;0;0","67.50","159.00","11145;11146;11147;11148;11149","15248"
"Frida Cardigan ""Zenith""","A16052-WBL0301NC0BA","Cardigan Frida ""Zenith"" : Taille - P;Cardigan Frida ""Zenith"" : Taille - M;Cardigan Frida ""Zenith"" : Taille - L;Cardigan Frida ""Zenith"" : Taille - XL;Cardigan Frida ""Zenith"" : Taille - XP","0;0;0;0;0","52.50","129.00","11150;11151;11152;11153;11154","15249"
"K Smith T-Shirt ""Early Evening Flowing into Fall""","W12018-WSS0901NC0DA","K Smith T-shirt ""Soirée Glissant vers l'Automne"" : Taille - P;K Smith T-shirt ""Soirée Glissant vers l'Automne"" : Taille - M;K Smith T-shirt ""Soirée Glissant vers l'Automne"" : Taille - L;K Smith T-shirt ""Soirée Glissant vers l'Automne"" : Taille - XL;K Smith T-shirt ""Soirée Glissant vers l'Automne"" : Taille - XP","0;0;0;0;0","35.00","89.00","11155;11156;11157;11158;11159","15250"
"Joni Dress ""Early Evening Flowing into Fall""","W12018-WDR2901NC0DA","Robe Joni ""Soirée Glissant vers l'Automne"" : Taille - P;Robe Joni ""Soirée Glissant vers l'Automne"" : Taille - M;Robe Joni ""Soirée Glissant vers l'Automne"" : Taille - L;Robe Joni ""Soirée Glissant vers l'Automne"" : Taille - XL;Robe Joni ""Soirée Glissant vers l'Automne"" : Taille - XP","0;0;0;0;0","59.10","139.00","11160;11161;11162;11163;11164","15252"
"Joni Dress ""Forest Temple""","A17065-WDR2901NC0CB","Robe Joni ""Temple de la Forêt"" : Taille - P;Robe Joni ""Temple de la Forêt"" : Taille - M;Robe Joni ""Temple de la Forêt"" : Taille - L;Robe Joni ""Temple de la Forêt"" : Taille - XL;Robe Joni ""Temple de la Forêt"" : Taille - XP","0;0;0;0;0","59.10","139.00","11165;11166;11167;11168;11169","15253"
"Patti Tunic ""Silent Seekers""","WDR1601NC04A","Tunique Patti ""En Quête de Silence"" : Taille - P;Tunique Patti ""En Quête de Silence"" : Taille - M;Tunique Patti ""En Quête de Silence"" : Taille - L;Tunique Patti ""En Quête de Silence"" : Taille - XL;Tunique Patti ""En Quête de Silence"" : Taille - XP","0;0;0;0;0","50.50","129.00","11170;11171;11172;11173;11174","15255"
"Patti Tunic ""Depth""","WDR1601NC02A","Tunique Patti ""Profondeur"" : Taille - P;Tunique Patti ""Profondeur"" : Taille - M;Tunique Patti ""Profondeur"" : Taille - L;Tunique Patti ""Profondeur"" : Taille - XL;Tunique Patti ""Profondeur"" : Taille - XP","0;0;0;0;0","50.50","129.00","11175;11176;11177;11178;11179","15256"
"Jackie Legging ""Silent Seekers""","A16058-WPA0401NC04A","Legging Jackie ""En Quête de Silence"" : Taille - P;Legging Jackie ""En Quête de Silence"" : Taille - M;Legging Jackie ""En Quête de Silence"" : Taille - L;Legging Jackie ""En Quête de Silence"" : Taille - XL;Legging Jackie ""En Quête de Silence"" : Taille - XP","0;0;0;0;0","44.01","109.00","11180;11181;11182;11183;11184","15259"
"Carla Palazzo ""Northern Keepers""","A16051-WPA0301NC05A","Palazzo Carla ""Les Gardiens du Nord"" : Taille - P;Palazzo Carla ""Les Gardiens du Nord"" : Taille - M;Palazzo Carla ""Les Gardiens du Nord"" : Taille - L;Palazzo Carla ""Les Gardiens du Nord"" : Taille - XL;Palazzo Carla ""Les Gardiens du Nord"" : Taille - XP","0;0;0;0;0","74.00","189.00","11185;11186;11187;11188;11189","15260"
"Patti Tunic II ""Wisdom Keepers"" Plus Size","WLS1801NC0IA","Tunique Patti II ""Gardiens de la Sagesse"" Taille Plus : Taille - 2X;Tunique Patti II ""Gardiens de la Sagesse"" Taille Plus : Taille - 3X;Tunique Patti II ""Gardiens de la Sagesse"" Taille Plus : Taille - 1X","0;0;0","60.50","129.00","11629;11630;11628","15454"
"Yoko Cape Tunic ""Early Evening Flowing into Fall""","WSS0701NC0DA","Yoko Tunique ""Soirée Glissant Vers l'Automne"" : Taille - XP;Yoko Tunique ""Soirée Glissant Vers l'Automne"" : Taille - P;Yoko Tunique ""Soirée Glissant Vers l'Automne"" : Taille - M;Yoko Tunique ""Soirée Glissant Vers l'Automne"" : Taille - L;Yoko Tunique ""Soirée Glissant Vers l'Automne"" : Taille - XL","0;0;0;0;0","65.00","139.00","11636;11637;11638;11639;11640","15455"
"Lena Dress ""Geese Spirit""","WDR5801NC1BA","Robe Lena ""L'Esprit de l'Outarde"" : Taille - XP;Robe Lena ""L'Esprit de l'Outarde"" : Taille - P;Robe Lena ""L'Esprit de l'Outarde"" : Taille - M;Robe Lena ""L'Esprit de l'Outarde"" : Taille - L;Robe Lena ""L'Esprit de l'Outarde"" : Taille - XL","0;0;0;0;0","74.00","179.00","11717;11718;11719;11720;11721","15609"
"Lena Dress ""All My Relations""","WDR5801NC1KA","Robe Lena ""Toutes Mes Relations"" : Taille - XP;Robe Lena ""Toutes Mes Relations"" : Taille - P;Robe Lena ""Toutes Mes Relations"" : Taille - M;Robe Lena ""Toutes Mes Relations"" : Taille - L;Robe Lena ""Toutes Mes Relations"" : Taille - XL","0;0;0;0;0","74.00","179.00","11722;11723;11724;11725;11726","15611"
"Lena Dress ""Carried Away Under the Blue Moon""","WDR5801NC1JA","Robe Lena ""Emportée Sous La Lune Bleu"" : Taille - XP;Robe Lena ""Emportée Sous La Lune Bleu"" : Taille - P;Robe Lena ""Emportée Sous La Lune Bleu"" : Taille - M;Robe Lena ""Emportée Sous La Lune Bleu"" : Taille - L;Robe Lena ""Emportée Sous La Lune Bleu"" : Taille - XL","0;0;0;0;0","74.00","179.00","11727;11728;11729;11730;11731","15612"
"Lena Dress ""Giving Thanks""","WDR5801NC08A","Robe Lena ""Rendre Grâce"" : Taille - XP;Robe Lena ""Rendre Grâce"" : Taille - P;Robe Lena ""Rendre Grâce"" : Taille - M;Robe Lena ""Rendre Grâce"" : Taille - L;Robe Lena ""Rendre Grâce"" : Taille - XL","0;0;0;0;0","74.00","179.00","11732;11733;11734;11735;11736","15613"
"Lena Dress ""Inner Memories""","WDR5801NC17A","Robe Lena ""Mémoires Ancestrales"" : Taille - XP;Robe Lena ""Mémoires Ancestrales"" : Taille - P;Robe Lena ""Mémoires Ancestrales"" : Taille - M;Robe Lena ""Mémoires Ancestrales"" : Taille - L;Robe Lena ""Mémoires Ancestrales"" : Taille - XL","0;0;0;0;0","74.00","179.00","11737;11738;11739;11740;11741","15614"
"Lena Dress ""Silent Seekers""","WDR5801NC04A","Robe Lena ""En Quête de Silence"" : Taille - XP;Robe Lena ""En Quête de Silence"" : Taille - P;Robe Lena ""En Quête de Silence"" : Taille - M;Robe Lena ""En Quête de Silence"" : Taille - L;Robe Lena ""En Quête de Silence"" : Taille - XL","0;0;0;0;0","74.00","179.00","11742;11743;11744;11745;11746","15615"
"Lena Dress ""Water and Spirit Buffalo at Sunset""","WDR5801NC11A","Robe Lena ""Eau et Esprit du Bison au Soleil Couchant"" : Taille - XP;Robe Lena ""Eau et Esprit du Bison au Soleil Couchant"" : Taille - P;Robe Lena ""Eau et Esprit du Bison au Soleil Couchant"" : Taille - M;Robe Lena ""Eau et Esprit du Bison au Soleil Couchant"" : Taille - L;Robe Lena ""Eau et Esprit du Bison au Soleil Couchant"" : Taille - XL","0;0;0;0;0","74.00","179.00","11747;11748;11749;11750;11751","15616"
"Lena Dress ""Water and Spirit Buffalo""","WDR5801NC09A","Robe Lena ""Eau et Esprit du Bison"" : Taille - XP;Robe Lena ""Eau et Esprit du Bison"" : Taille - P;Robe Lena ""Eau et Esprit du Bison"" : Taille - M;Robe Lena ""Eau et Esprit du Bison"" : Taille - L;Robe Lena ""Eau et Esprit du Bison"" : Taille - XL","0;0;0;0;0","74.00","179.00","11752;11753;11754;11755;11756","15617"
"Lena Dress ""In Her World""","WDR5801NC1DA","Robe Lena ""Dans Son Monde"" : Taille - XP;Robe Lena ""Dans Son Monde"" : Taille - P;Robe Lena ""Dans Son Monde"" : Taille - M;Robe Lena ""Dans Son Monde"" : Taille - L;Robe Lena ""Dans Son Monde"" : Taille - XL","0;0;0;0;0","74.00","179.00","11757;11758;11759;11760;11761","15618"
"Anais Dress ""Carried Away Under The Blue Moon""","WDR5701NC1JA","Robe Anais ""Emportée Sous La Lune Bleu"" : Taille - XP;Robe Anais ""Emportée Sous La Lune Bleu"" : Taille - P;Robe Anais ""Emportée Sous La Lune Bleu"" : Taille - M;Robe Anais ""Emportée Sous La Lune Bleu"" : Taille - L;Robe Anais ""Emportée Sous La Lune Bleu"" : Taille - XL","0;0;0;0;0","47.00","119.00","11762;11763;11764;11765;11766","15619"
"Anais Dress ""Geese Spirit""","WDR5701NC1BA","Robe Anais ""L'Esprit de l'Outarde"" : Taille - XP;Robe Anais ""L'Esprit de l'Outarde"" : Taille - P;Robe Anais ""L'Esprit de l'Outarde"" : Taille - M;Robe Anais ""L'Esprit de l'Outarde"" : Taille - L;Robe Anais ""L'Esprit de l'Outarde"" : Taille - XL","0;0;0;0;0","47.00","119.00","11772;11773;11774;11775;11776","15621"
"Katia Dress ""Carried Away under the Blue Moon""","WDR5901NC1JA","Robe Katia ""Emportée Sous La Lune Bleu"" : Taille - XP;Robe Katia ""Emportée Sous La Lune Bleu"" : Taille - P;Robe Katia ""Emportée Sous La Lune Bleu"" : Taille - M;Robe Katia ""Emportée Sous La Lune Bleu"" : Taille - L;Robe Katia ""Emportée Sous La Lune Bleu"" : Taille - XL","0;0;0;0;0","54.00","119.00","12524;12525;12526;12527;12528","16244"
"Kate Dress ""Geese Spirit""","WDR2601NC1BA","Robe Kate ""L'Esprit de l'Outarde"" : Taille - XP;Robe Kate ""L'Esprit de l'Outarde"" : Taille - P;Robe Kate ""L'Esprit de l'Outarde"" : Taille - M;Robe Kate ""L'Esprit de l'Outarde"" : Taille - L;Robe Kate ""L'Esprit de l'Outarde"" : Taille - XL","0;0;0;0;0","64.50","169.00","12376;12377;12378;12379;12380","16245"
"Sandrine ""Silent Seekers""","WPA0901NC04A","Sandrine ""En Quête de Silence"" : Taille - XP;Sandrine ""En Quête de Silence"" : Taille - P;Sandrine ""En Quête de Silence"" : Taille - M;Sandrine ""En Quête de Silence"" : Taille - L;Sandrine ""En Quête de Silence"" : Taille - XL","0;0;0;0;0","61.00","149.00","12386;12387;12388;12389;12390","16246"
"Parma Capri ""Carried Away Under The Blue Moon""","WPA0701NC1JA","Capri Parma ""Emporté Sous La Lune Bleu"" : Taille - XP;Capri Parma ""Emporté Sous La Lune Bleu"" : Taille - P;Capri Parma ""Emporté Sous La Lune Bleu"" : Taille - M;Capri Parma ""Emporté Sous La Lune Bleu"" : Taille - L;Capri Parma ""Emporté Sous La Lune Bleu"" : Taille - XL","0;0;0;0;0","55.50","129.00","12396;12397;12398;12399;12400","16247"
"Parma Capri ""Geese Spirit""","WPA0701NC1BA","Capri Parma ""L'Esprit de l'Outarde"" : Taille - XP;Capri Parma ""L'Esprit de l'Outarde"" : Taille - P;Capri Parma ""L'Esprit de l'Outarde"" : Taille - M;Capri Parma ""L'Esprit de l'Outarde"" : Taille - L;Capri Parma ""L'Esprit de l'Outarde"" : Taille - XL","0;0;0;0;0","55.50","129.00","12407;12408;12409;12410;12411","16248"
"Sandrine ""Wisdom Keepers""","WPA0901NC0IA","Sandrine ""Gardiens de la Sagesse"" : Taille - XP;Sandrine ""Gardiens de la Sagesse"" : Taille - P;Sandrine ""Gardiens de la Sagesse"" : Taille - M;Sandrine ""Gardiens de la Sagesse"" : Taille - L;Sandrine ""Gardiens de la Sagesse"" : Taille - XL","0;0;0;0;0","61.00","149.00","12420;12421;12422;12423;12424","16249"
"Carla Palazzo ""Geese Spirit""","WPA0301NC1BA","Palazzo Carla ""L'Esprit de l'Outarde"" : Taille - XP;Palazzo Carla ""L'Esprit de l'Outarde"" : Taille - P;Palazzo Carla ""L'Esprit de l'Outarde"" : Taille - M;Palazzo Carla ""L'Esprit de l'Outarde"" : Taille - L;Palazzo Carla ""L'Esprit de l'Outarde"" : Taille - XL","0;0;0;0;0","74.00","189.00","12432;12433;12434;12435;12436","16250"
"Patti Tunic II ""Geese Spirit""","WLS1001NC1BA","Tunique Patti II ""L'Esprit de l'Outarde"" : Taille - XP;Tunique Patti II ""L'Esprit de l'Outarde"" : Taille - P;Tunique Patti II ""L'Esprit de l'Outarde"" : Taille - M;Tunique Patti II ""L'Esprit de l'Outarde"" : Taille - L;Tunique Patti II ""L'Esprit de l'Outarde"" : Taille - XL","0;0;0;0;0","50.50","129.00","12453;12454;12455;12456;12457","16253"
"Patti Tunic II ""Geese Spirit"" Plus Size","WLS1801NC1BA","Tunique Patti II ""L'Esprit de l'Outarde"" Taille Plus : Taille - 2X;Tunique Patti II ""L'Esprit de l'Outarde"" Taille Plus : Taille - 3X;Tunique Patti II ""L'Esprit de l'Outarde"" Taille Plus : Taille - 1X","0;0;0","60.50","129.00","12464;12465;12463","16254"
"Julie Drape ""Geese Spirit""","WSS1801NC1BA","Drapé Julie ""L'Esprit de l'Outarde"" : Taille - XP;Drapé Julie ""L'Esprit de l'Outarde"" : Taille - P;Drapé Julie ""L'Esprit de l'Outarde"" : Taille - M;Drapé Julie ""L'Esprit de l'Outarde"" : Taille - L;Drapé Julie ""L'Esprit de l'Outarde"" : Taille - XL","0;0;0;0;0","35.50","79.00","12471;12472;12473;12474;12475","16255"
"Patti Tunic II ""Zenith""","WLS1001NC0BA","Tunique Patti II ""Zenith"" : Taille - XP;Tunique Patti II ""Zenith"" : Taille - P;Tunique Patti II ""Zenith"" : Taille - M;Tunique Patti II ""Zenith"" : Taille - L;Tunique Patti II ""Zenith"" : Taille - XL","0;0;0;0;0","50.50","129.00","12481;12482;12483;12484;12485","16256"
"Autumn Half-Zip Top - ""Silent Seekers""","WLS350101NC04B","Haut Demi-Zip Autumn  - ""En Quête de Silence"" : Taille - XP;Haut Demi-Zip Autumn  - ""En Quête de Silence"" : Taille - P;Haut Demi-Zip Autumn  - ""En Quête de Silence"" : Taille - M;Haut Demi-Zip Autumn  - ""En Quête de Silence"" : Taille - L;Haut Demi-Zip Autumn  - ""En Quête de Silence"" : Taille - XL","0;0;0;0;0","59.50","149.00","12491;12492;12493;12494;12495","16264"
"Autumn Half-Zip Top - ""In her World""","WLS350101NC1DA","Haut Demi-Zip Autumn  - ""Dans Son Monde"" : Taille - XP;Haut Demi-Zip Autumn  - ""Dans Son Monde"" : Taille - P;Haut Demi-Zip Autumn  - ""Dans Son Monde"" : Taille - M;Haut Demi-Zip Autumn  - ""Dans Son Monde"" : Taille - L;Haut Demi-Zip Autumn  - ""Dans Son Monde"" : Taille - XL","0;0;0;0;0","59.50","149.00","12496;12497;12498;12499;12500","16265"
"Autumn Half-Zip Top - ""Wisdom Keepers""","WLS350101NC0IA","Haut Demi-Zip Autumn  - ""Gardiens de la Sagesse"" : Taille - XP;Haut Demi-Zip Autumn  - ""Gardiens de la Sagesse"" : Taille - P;Haut Demi-Zip Autumn  - ""Gardiens de la Sagesse"" : Taille - M;Haut Demi-Zip Autumn  - ""Gardiens de la Sagesse"" : Taille - L;Haut Demi-Zip Autumn  - ""Gardiens de la Sagesse"" : Taille - XL","0;0;0;0;0","59.50","149.00","12501;12502;12503;12504;12505","16266"
"Vivienne Scarf ""Geese Spirit""","WAC0501NC1BA","","0","20.00","59.00","","16267"
"Venus Active Support Top ""Gezaluwejit""","WNS1001NC0TA","Haut Sport Venus ""Gezaluwejit"" : Taille - XP;Haut Sport Venus ""Gezaluwejit"" : Taille - P;Haut Sport Venus ""Gezaluwejit"" : Taille - M;Haut Sport Venus ""Gezaluwejit"" : Taille - L;Haut Sport Venus ""Gezaluwejit"" : Taille - XL","0;0;0;0;0","49.00","109.00","12511;12512;12513;12514;12515","16268"
"Kate Dress ""Earth Keeper""","W12005-WDR2601NC0WA","Robe Kate ""Gardienne de la Terre"" : Taille - XP;Robe Kate ""Gardienne de la Terre"" : Taille - P;Robe Kate ""Gardienne de la Terre"" : Taille - M;Robe Kate ""Gardienne de la Terre"" : Taille - L;Robe Kate ""Gardienne de la Terre"" : Taille - XL","0;0;0;0;0","64.50","169.00","12519;12520;12521;12522;12523","16278"
"Joni Cape Dress ""Lapinx""","WDR1101NC0EA","Robe Joni ""Lapinx"" : Taille - XP;Robe Joni ""Lapinx"" : Taille - P;Robe Joni ""Lapinx"" : Taille - M;Robe Joni ""Lapinx"" : Taille - L;Robe Joni ""Lapinx"" : Taille - XL","0;0;0;0;0","59.50","139.00","12820;12821;12822;12823;12824","16545"
"Joni Cape Dress ""Under The Same Sky""","WDR1101NC0UA","Robe Joni ""Sous Le Même Ciel"" : Taille - XP;Robe Joni ""Sous Le Même Ciel"" : Taille - P;Robe Joni ""Sous Le Même Ciel"" : Taille - M;Robe Joni ""Sous Le Même Ciel"" : Taille - L;Robe Joni ""Sous Le Même Ciel"" : Taille - XL","0;0;0;0;0","59.50","139.00","12825;12826;12827;12828;12829","16546"
"Joni Cape Dress ""Silent Seekers""","WDR1101NC04A","Robe Joni ""En Quête de Silence"" : Taille - XP;Robe Joni ""En Quête de Silence"" : Taille - P;Robe Joni ""En Quête de Silence"" : Taille - M;Robe Joni ""En Quête de Silence"" : Taille - L;Robe Joni ""En Quête de Silence"" : Taille - XL","0;0;0;0;0","59.50","139.00","12830;12831;12832;12833;12834","16547"
"Coco Robe ""Silent Seekers""","HBA0101NC04A","","0","135.00","249.00","","16548"
"Coco Robe ""Forest Temple""","HBA0101NC0CA","","0","135.00","249.00","","16549"
"Coco Robe ""Geese Spirit""","HBA0101NC1BA","","0","135.00","249.00","","16550"
"Coco Robe ""Under The Same Sky""","HBA0101NC0UA","","0","135.00","249.00","","16552"
"Nadia ""Zenith""","WSS1601NC0BA","Taille - XP;Taille - P;Taille - M;Taille - L;Taille - XL","0;0;0;0;0","40.50","99.00","12840;12841;12842;12843;12844","16580"
"Nadia ""Refuge""","WSS1601NC0YA","Taille - XP;Taille - P;Taille - M;Taille - L;Taille - XL","0;0;0;0;0","40.50","99.00","12835;12836;12837;12838;12839","16581"
"Autumn Half-Zip Top - ""Depth""","WLS350101NC02B","Haut Demi-Zip Autumn  - ""Profondeur"" : Taille - XP;Haut Demi-Zip Autumn  - ""Profondeur"" : Taille - P;Haut Demi-Zip Autumn  - ""Profondeur"" : Taille - M;Haut Demi-Zip Autumn  - ""Profondeur"" : Taille - L;Haut Demi-Zip Autumn  - ""Profondeur"" : Taille - XL","0;0;0;0;0","59.50","149.00","12845;12846;12847;12848;12849","16582"
"Scarlet Poncho ""Zenith""","WAC1501NC0BA","","0","44.55","109.00","","16602"
"Scarlet Poncho ""Wisdom Keepers""","WAC1501NC0IA","","0","44.55","109.00","","16603"
"Scarlet Poncho ""Motter Love""","WAC1501NC03A","","0","44.55","109.00","","16604"
"Scarlet Shawl ""Depth""","WSS2001NC02A","","0","44.55","109.00","","16605"
"Scarlet Shawl ""Geese Spirit""","WSS2001NC1BA","","0","44.55","109.00","","16606"
"Kimono ""Wisdom Keepers""","WBL0601NCOIA","","0","49.50","129.00","","16607"
"Terry-Ann Kimono ""Wisdom Keepers""","WBL1701NC0IA","","0","58.00","119.00","","16608"
"Maria Vest ""Depth""","WBL1901NC02A","Veste Maria ""Profondeur"" : Taille - XP;Veste Maria ""Profondeur"" : Taille - P;Veste Maria ""Profondeur"" : Taille - M;Veste Maria ""Profondeur"" : Taille - L;Veste Maria ""Profondeur"" : Taille - XL","0;0;0;0;0","47.50","119.00","12870;12871;12872;12873;12874","16609"
"Maria Vest ""Geese Spirit""","WBL1901NC1BA","Veste Maria ""L'Esprit de l'Outarde"" : Taille - XP;Veste Maria ""L'Esprit de l'Outarde"" : Taille - P;Veste Maria ""L'Esprit de l'Outarde"" : Taille - M;Veste Maria ""L'Esprit de l'Outarde"" : Taille - L;Veste Maria ""L'Esprit de l'Outarde"" : Taille - XL","0;0;0;0;0","47.50","119.00","12875;12876;12877;12878;12879","16610"
"Maria Vest ""Wisdom Keepers""","WBL1901NC1BA","Veste Maria ""Gardiens de la Sagesse"" : Taille - XP;Veste Maria ""Gardiens de la Sagesse"" : Taille - P;Veste Maria ""Gardiens de la Sagesse"" : Taille - M;Veste Maria ""Gardiens de la Sagesse"" : Taille - L;Veste Maria ""Gardiens de la Sagesse"" : Taille - XL","0;0;1;0;0","47.50","119.00","12880;12881;12882;12883;12884","16611"
"Mia Turtleneck ""Geese Spirit""","WLS1701NC1BA","Col Roulé Mia ""L'Esprit de l'Outarde"" : Taille - XP;Col Roulé Mia ""L'Esprit de l'Outarde"" : Taille - P;Col Roulé Mia ""L'Esprit de l'Outarde"" : Taille - M;Col Roulé Mia ""L'Esprit de l'Outarde"" : Taille - L;Col Roulé Mia ""L'Esprit de l'Outarde"" : Taille - XL","0;0;0;0;0","59.50","149.00","12890;12891;12892;12893;12894","16612"
"Mia Turtleneck ""Geese Spirit"" Plus Size","WLS2001NC1BA","Taille Plus Col Roulé Mia ""L'Esprit de l'Outarde"" : Taille - 2X;Taille Plus Col Roulé Mia ""L'Esprit de l'Outarde"" : Taille - 3X;Taille Plus Col Roulé Mia ""L'Esprit de l'Outarde"" : Taille - 1X","0;0;0","68.00","149.00","12895;12896;12897","16613"
"Carla Melton Palazzo ""Zenith""","WPA0301NC0BA","Palazzo Melton Carla ""Zenith"" : Taille - XP;Palazzo Melton Carla ""Zenith"" : Taille - P;Palazzo Melton Carla ""Zenith"" : Taille - M;Palazzo Melton Carla ""Zenith"" : Taille - L;Palazzo Melton Carla ""Zenith"" : Taille - XL","0;0;0;0;0","72.00","189.00","12904;12905;12906;12907;12908","16614"
"Carla Melton Palazzo ""Motter Love""","WPA0301NC03A","Palazzo Melton Carla ""Loutre Mère"" : Taille - XP;Palazzo Melton Carla ""Loutre Mère"" : Taille - P;Palazzo Melton Carla ""Loutre Mère"" : Taille - M;Palazzo Melton Carla ""Loutre Mère"" : Taille - L;Palazzo Melton Carla ""Loutre Mère"" : Taille - XL","0;0;0;0;0","72.00","189.00","12912;12913;12914;12915;12916","16615"
"Carla Melton Palazzo ""Wisdom Keepers""","WPA0301NC0IA","Palazzo Melton Carla ""Gardiens de la Sagesse"" : Taille - XP;Palazzo Melton Carla ""Gardiens de la Sagesse"" : Taille - P;Palazzo Melton Carla ""Gardiens de la Sagesse"" : Taille - M;Palazzo Melton Carla ""Gardiens de la Sagesse"" : Taille - L;Palazzo Melton Carla ""Gardiens de la Sagesse"" : Taille - XL","0;0;0;0;0","72.00","189.00","12917;12918;12919;12920;12921","16616"
"Patti Tunic II ""Early Evening Flowing Into Fall"" Plus Size","WLS1801NC0DA","Tunique Patti II ""Soirée Glissant Vers l'Automne"" Taille Plus : Taille - 2X;Tunique Patti II ""Soirée Glissant Vers l'Automne"" Taille Plus : Taille - 3X;Tunique Patti II ""Soirée Glissant Vers l'Automne"" Taille Plus : Taille - 1X","0;0;0","60.50","129.00","12928;12929;12927","16618"
"Patti Tunic II ""Early Evening Flowing Into Fall""","WLS1001NC0DA","Tunique Patti II ""Soirée Glissant Vers l'Automne"" : Taille - XP;Tunique Patti II ""Soirée Glissant Vers l'Automne"" : Taille - P;Tunique Patti II ""Soirée Glissant Vers l'Automne"" : Taille - M;Tunique Patti II ""Soirée Glissant Vers l'Automne"" : Taille - L;Tunique Patti II ""Soirée Glissant Vers l'Automne"" : Taille - XL","0;0;0;0;0","60.50","129.00","13050;13051;13052;13053;13054","16848"
"Molly PJ Jogger ""Northern Keepers""","WPA1801NC05A","Molly PJ Jogger ""Gardiens du Nord"" : Taille - XP;Molly PJ Jogger ""Gardiens du Nord"" : Taille - P;Molly PJ Jogger ""Gardiens du Nord"" : Taille - M;Molly PJ Jogger ""Gardiens du Nord"" : Taille - L;Molly PJ Jogger ""Gardiens du Nord"" : Taille - XL","0;0;0;0;0","63.50","159.00","13060;13061;13062;13063;13064","16853"
