"Reference code","Product ID","Product name","Product Combinations ID","Combinations (Attribute - value pair)","Quantity","Final price (pre-tax)","Pre-tax wholesale price","Combinations wholesale price"
"A16058-WPA0301NC04A","805","Carla Palazzo ""Silent Seekers""","1325","Size - XS","1","189","74","0"
"A16058-WPA0301NC04A","805","Carla Palazzo ""Silent Seekers""","1326","Size - S","0","189","74","0"
"A16058-WPA0301NC04A","805","Carla Palazzo ""Silent Seekers""","1327","Size - M","1","189","74","0"
"A16058-WPA0301NC04A","805","Carla Palazzo ""Silent Seekers""","1328","Size - L","1","189","74","0"
"A16058-WPA0301NC04A","805","Carla Palazzo ""Silent Seekers""","1329","Size - XL","1","189","74","0"
"A16058-WNS0701NC04A","807","Coco Tank ""Silent Seekers""","1435","Size - XS","1","79","34.35","0"
"A16058-WNS0701NC04A","807","Coco Tank ""Silent Seekers""","1436","Size - S","1","79","34.35","0"
"A16058-WNS0701NC04A","807","Coco Tank ""Silent Seekers""","1437","Size - M","2","79","34.35","0"
"A16058-WNS0701NC04A","807","Coco Tank ""Silent Seekers""","1438","Size - L","1","79","34.35","0"
"A16058-WNS0701NC04A","807","Coco Tank ""Silent Seekers""","1439","Size - XL","1","79","34.35","0"
"A16051-WNS0701NC05A","808","Coco Tank ""Northern Keepers""","1430","Size - XS","0","79","34.35","0"
"A16051-WNS0701NC05A","808","Coco Tank ""Northern Keepers""","1431","Size - S","1","79","34.35","0"
"A16051-WNS0701NC05A","808","Coco Tank ""Northern Keepers""","1432","Size - M","1","79","34.35","0"
"A16051-WNS0701NC05A","808","Coco Tank ""Northern Keepers""","1433","Size - L","1","79","34.35","0"
"A16051-WNS0701NC05A","808","Coco Tank ""Northern Keepers""","1434","Size - XL","0","79","34.35","0"
"A01028-WNS0701NC08A","809","Coco Tank ""Giving Thanks""","1425","Size - XS","2","79","34.35","0"
"A01028-WNS0701NC08A","809","Coco Tank ""Giving Thanks""","1426","Size - S","0","79","34.35","0"
"A01028-WNS0701NC08A","809","Coco Tank ""Giving Thanks""","1427","Size - M","0","79","34.35","0"
"A01028-WNS0701NC08A","809","Coco Tank ""Giving Thanks""","1428","Size - L","1","79","34.35","0"
"A01028-WNS0701NC08A","809","Coco Tank ""Giving Thanks""","1429","Size - XL","0","79","34.35","0"
"A16059-WDR1001NC0IA","819","Jeanne Dress ""Wisdom Keepers""","3117","Size - XS","0","149","58","0"
"A16059-WDR1001NC0IA","819","Jeanne Dress ""Wisdom Keepers""","3118","Size - S","0","149","58","0"
"A16059-WDR1001NC0IA","819","Jeanne Dress ""Wisdom Keepers""","3119","Size - M","0","149","58","0"
"A16059-WDR1001NC0IA","819","Jeanne Dress ""Wisdom Keepers""","3120","Size - L","0","149","58","0"
"A16059-WDR1001NC0IA","819","Jeanne Dress ""Wisdom Keepers""","3121","Size - XL","1","149","58","0"
"A16058-WSS0901NC04A","820","K Smith T-Shirt ""Silent Seekers""","1405","Size - XS","1","89","35","0"
"A16058-WSS0901NC04A","820","K Smith T-Shirt ""Silent Seekers""","1406","Size - S","1","89","35","0"
"A16058-WSS0901NC04A","820","K Smith T-Shirt ""Silent Seekers""","1407","Size - M","1","89","35","0"
"A16058-WSS0901NC04A","820","K Smith T-Shirt ""Silent Seekers""","1408","Size - L","1","89","35","0"
"A16058-WSS0901NC04A","820","K Smith T-Shirt ""Silent Seekers""","1409","Size - XL","1","89","35","0"
"A17063-WSS0901NC02A","821","K Smith T-Shirt ""Depth""","2313","Size - XS","0","89","35","0"
"A17063-WSS0901NC02A","821","K Smith T-Shirt ""Depth""","2314","Size - S","0","89","35","0"
"A17063-WSS0901NC02A","821","K Smith T-Shirt ""Depth""","2315","Size - M","0","89","35","0"
"A17063-WSS0901NC02A","821","K Smith T-Shirt ""Depth""","2316","Size - L","0","89","35","0"
"A17063-WSS0901NC02A","821","K Smith T-Shirt ""Depth""","2317","Size - XL","0","89","35","0"
"A17064-WNS0801NC03A","822","Kaplan Tank ""M'Otter Love""","1420","Size - XS","1","129","60","0"
"A17064-WNS0801NC03A","822","Kaplan Tank ""M'Otter Love""","1421","Size - S","1","129","60","0"
"A17064-WNS0801NC03A","822","Kaplan Tank ""M'Otter Love""","1422","Size - M","1","129","60","0"
"A17064-WNS0801NC03A","822","Kaplan Tank ""M'Otter Love""","1423","Size - L","1","129","60","0"
"A17064-WNS0801NC03A","822","Kaplan Tank ""M'Otter Love""","1424","Size - XL","1","129","60","0"
"A16058-WNS0801NC04B","823","Kaplan Tank ""Silent Seekers""","1415","Size - XS","1","129","60","0"
"A16058-WNS0801NC04B","823","Kaplan Tank ""Silent Seekers""","1416","Size - S","0","129","60","0"
"A16058-WNS0801NC04B","823","Kaplan Tank ""Silent Seekers""","1417","Size - M","1","129","60","0"
"A16058-WNS0801NC04B","823","Kaplan Tank ""Silent Seekers""","1418","Size - L","1","129","60","0"
"A16058-WNS0801NC04B","823","Kaplan Tank ""Silent Seekers""","1419","Size - XL","0","129","60","0"
"W13023-WNS0801NC09A","824","Kaplan Tank ""Water and Spirit Buffalo""","1410","Size - XS","0","129","60","0"
"W13023-WNS0801NC09A","824","Kaplan Tank ""Water and Spirit Buffalo""","1411","Size - S","0","129","60","0"
"W13023-WNS0801NC09A","824","Kaplan Tank ""Water and Spirit Buffalo""","1412","Size - M","1","129","60","0"
"W13023-WNS0801NC09A","824","Kaplan Tank ""Water and Spirit Buffalo""","1413","Size - L","0","129","60","0"
"W13023-WNS0801NC09A","824","Kaplan Tank ""Water and Spirit Buffalo""","1414","Size - XL","0","129","60","0"
"A17063-WDR2601NC02A","825","Kate Dress ""Depth""","1395","Size - XS","0","169","64.5","0"
"A17063-WDR2601NC02A","825","Kate Dress ""Depth""","1396","Size - S","1","169","64.5","0"
"A17063-WDR2601NC02A","825","Kate Dress ""Depth""","1397","Size - M","0","169","64.5","0"
"A17063-WDR2601NC02A","825","Kate Dress ""Depth""","1398","Size - L","0","169","64.5","0"
"A17063-WDR2601NC02A","825","Kate Dress ""Depth""","1399","Size - XL","1","169","64.5","0"
"A17064-WDR2601NC03D","826","Kate Dress ""M'Otter Love""","1390","Size - XS","1","169","64.5","0"
"A17064-WDR2601NC03D","826","Kate Dress ""M'Otter Love""","1391","Size - S","1","169","64.5","0"
"A17064-WDR2601NC03D","826","Kate Dress ""M'Otter Love""","1392","Size - M","0","169","64.5","0"
"A17064-WDR2601NC03D","826","Kate Dress ""M'Otter Love""","1393","Size - L","0","169","64.5","0"
"A17064-WDR2601NC03D","826","Kate Dress ""M'Otter Love""","1394","Size - XL","1","169","64.5","0"
"A16058-WDR2601NC04A","827","Kate Dress ""Silent Seekers""","1385","Size - XS","1","169","64.5","0"
"A16058-WDR2601NC04A","827","Kate Dress ""Silent Seekers""","1386","Size - S","1","169","64.5","0"
"A16058-WDR2601NC04A","827","Kate Dress ""Silent Seekers""","1387","Size - M","1","169","64.5","0"
"A16058-WDR2601NC04A","827","Kate Dress ""Silent Seekers""","1388","Size - L","0","169","64.5","0"
"A16058-WDR2601NC04A","827","Kate Dress ""Silent Seekers""","1389","Size - XL","1","169","64.5","0"
"A16051-WDR2601NC05A","828","Kate Dress ""Northern Keepers""","1380","Size - XS","1","169","64.5","0"
"A16051-WDR2601NC05A","828","Kate Dress ""Northern Keepers""","1381","Size - S","0","169","64.5","0"
"A16051-WDR2601NC05A","828","Kate Dress ""Northern Keepers""","1382","Size - M","1","169","64.5","0"
"A16051-WDR2601NC05A","828","Kate Dress ""Northern Keepers""","1383","Size - L","0","169","64.5","0"
"A16051-WDR2601NC05A","828","Kate Dress ""Northern Keepers""","1384","Size - XL","1","169","64.5","0"
"A09006-WDR2601NC06A","829","Kate Dress ""The River Keeper""","1375","Size - XS","0","169","64.5","0"
"A09006-WDR2601NC06A","829","Kate Dress ""The River Keeper""","1376","Size - S","0","169","64.5","0"
"A09006-WDR2601NC06A","829","Kate Dress ""The River Keeper""","1377","Size - M","0","169","64.5","0"
"A09006-WDR2601NC06A","829","Kate Dress ""The River Keeper""","1378","Size - L","0","169","64.5","0"
"A09006-WDR2601NC06A","829","Kate Dress ""The River Keeper""","1379","Size - XL","1","169","64.5","0"
"A01028-WDR2601NC08A","830","Kate Dress ""Giving Thanks""","3042","Size - XS","1","169","64.5","0"
"A01028-WDR2601NC08A","830","Kate Dress ""Giving Thanks""","3043","Size - S","1","169","64.5","0"
"A01028-WDR2601NC08A","830","Kate Dress ""Giving Thanks""","3044","Size - M","1","169","64.5","0"
"A01028-WDR2601NC08A","830","Kate Dress ""Giving Thanks""","3045","Size - L","0","169","64.5","0"
"A01028-WDR2601NC08A","830","Kate Dress ""Giving Thanks""","3046","Size - XL","0","169","64.5","0"
"W13023-WDR2601NC09A","831","Kate Dress ""Water and Spirit Buffalo""","1365","Size - XS","1","169","64.5","0"
"W13023-WDR2601NC09A","831","Kate Dress ""Water and Spirit Buffalo""","1366","Size - S","0","169","64.5","0"
"W13023-WDR2601NC09A","831","Kate Dress ""Water and Spirit Buffalo""","1367","Size - M","0","169","64.5","0"
"W13023-WDR2601NC09A","831","Kate Dress ""Water and Spirit Buffalo""","1368","Size - L","0","169","64.5","0"
"W13023-WDR2601NC09A","831","Kate Dress ""Water and Spirit Buffalo""","1369","Size - XL","2","169","64.5","0"
"A07020-WDR2601NC0AB","832","Kate Dress ""Journey to the Spirit World""","1360","Size - XS","0","169","64.5","0"
"A07020-WDR2601NC0AB","832","Kate Dress ""Journey to the Spirit World""","1361","Size - S","1","169","64.5","0"
"A07020-WDR2601NC0AB","832","Kate Dress ""Journey to the Spirit World""","1362","Size - M","0","169","64.5","0"
"A07020-WDR2601NC0AB","832","Kate Dress ""Journey to the Spirit World""","1363","Size - L","0","169","64.5","0"
"A07020-WDR2601NC0AB","832","Kate Dress ""Journey to the Spirit World""","1364","Size - XL","1","169","64.5","0"
"A16051-WDR1601NC05A","841","Patti Tunic ""Northern Keepers""","1480","Size - XS","1","129","50.5","0"
"A16051-WDR1601NC05A","841","Patti Tunic ""Northern Keepers""","1481","Size - S","0","129","50.5","0"
"A16051-WDR1601NC05A","841","Patti Tunic ""Northern Keepers""","1482","Size - M","0","129","50.5","0"
"A16051-WDR1601NC05A","841","Patti Tunic ""Northern Keepers""","1483","Size - L","0","129","50.5","0"
"A16051-WDR1601NC05A","841","Patti Tunic ""Northern Keepers""","1484","Size - XL","0","129","50.5","0"
"A17063-WAC0201NC02A","845","Vivienne Scarf ""Depth""","","Vivienne Scarf ""Depth""","3","59","23","0"
"A17064-WAC0201NC03A","846","Vivienne Scarf ""M'Otter Love""","","Vivienne Scarf ""M'Otter Love""","4","59","23","0"
"A16058-WAC0201NC04A","847","Vivienne Scarf ""Silent Seekers""","","Vivienne Scarf ""Silent Seekers""","3","59","23","0"
"A16051-WAC0201NC05A","848","Vivienne Scarf ""Northern Keepers""","","Vivienne Scarf ""Northern Keepers""","5","59","23","0"
"A09006-WAC0201NC06A","849","Vivienne Scarf ""The River Keeper""","","Vivienne Scarf ""The River Keeper""","5","59","23","0"
"W12001-WAC0201NC07B","850","Vivienne Scarf ""Dialogue""","","Vivienne Scarf ""Dialogue""","4","59","23","0"
"A01028-WAC0201NC08A","851","Vivienne Scarf ""Giving Thanks""","","Vivienne Scarf ""Giving Thanks""","3","59","23","0"
"W13023-WAC0201NC09A","852","Vivienne Scarf ""Water and Spirit Buffalo""","","Vivienne Scarf ""Water and Spirit Buffalo""","4","59","23","0"
"A07020-WAC0201NC0AA","853","Vivienne Scarf ""Journey to the Spirit World""","","Vivienne Scarf ""Journey to the Spirit World""","5","59","23","0"
"A16052-WAC0201NC0BA","854","Vivienne Scarf ""Zenith""","","Vivienne Scarf ""Zenith""","4","59","23","0"
"A17065-WAC0201NC0CA","855","Vivienne Scarf ""Forest Temple""","","Vivienne Scarf ""Forest Temple""","6","59","23","0"
"A17063-WSS0701NC02A","856","Yoko Cape Tunic ""Depth""","3177","Size - XS","0","139","65","0"
"A17063-WSS0701NC02A","856","Yoko Cape Tunic ""Depth""","3178","Size - S","0","139","65","0"
"A17063-WSS0701NC02A","856","Yoko Cape Tunic ""Depth""","3179","Size - M","1","139","65","0"
"A17063-WSS0701NC02A","856","Yoko Cape Tunic ""Depth""","3180","Size - L","0","139","65","0"
"A17063-WSS0701NC02A","856","Yoko Cape Tunic ""Depth""","3181","Size - XL","0","139","65","0"
"A17064-WSS0701NC03C","858","Yoko Cape Tunic ""M'Otter Love""","1465","Size - XS","1","139","65","0"
"A17064-WSS0701NC03C","858","Yoko Cape Tunic ""M'Otter Love""","2070","Size - S","1","139","65","0"
"A17064-WSS0701NC03C","858","Yoko Cape Tunic ""M'Otter Love""","2071","Size - M","1","139","65","0"
"A17064-WSS0701NC03C","858","Yoko Cape Tunic ""M'Otter Love""","2072","Size - L","1","139","65","0"
"A17064-WSS0701NC03C","858","Yoko Cape Tunic ""M'Otter Love""","2073","Size - XL","1","139","65","0"
"A16058-WSS0701NC04A","859","Yoko Cape Tunic ""Silent Seekers""","1460","Size - XS","1","139","65","0"
"A16058-WSS0701NC04A","859","Yoko Cape Tunic ""Silent Seekers""","1461","Size - S","1","139","65","0"
"A16058-WSS0701NC04A","859","Yoko Cape Tunic ""Silent Seekers""","1462","Size - M","1","139","65","0"
"A16058-WSS0701NC04A","859","Yoko Cape Tunic ""Silent Seekers""","1463","Size - L","1","139","65","0"
"A16058-WSS0701NC04A","859","Yoko Cape Tunic ""Silent Seekers""","1464","Size - XL","1","139","65","0"
"A16051-WSS0701NC05A","861","Yoko Cape Tunic ""Nothern Keepers""","3182","Size - XS","1","139","65","0"
"A16051-WSS0701NC05A","861","Yoko Cape Tunic ""Nothern Keepers""","3183","Size - S","0","139","65","0"
"A16051-WSS0701NC05A","861","Yoko Cape Tunic ""Nothern Keepers""","3184","Size - M","0","139","65","0"
"A16051-WSS0701NC05A","861","Yoko Cape Tunic ""Nothern Keepers""","3185","Size - L","0","139","65","0"
"A16051-WSS0701NC05A","861","Yoko Cape Tunic ""Nothern Keepers""","3186","Size - XL","0","139","65","0"
"W13023-WSS0701NC09A","862","Yoko Cape Tunic ""Water & Spirit Buffalo""","3187","Size - XS","1","139","65","0"
"W13023-WSS0701NC09A","862","Yoko Cape Tunic ""Water & Spirit Buffalo""","3188","Size - S","1","139","65","0"
"W13023-WSS0701NC09A","862","Yoko Cape Tunic ""Water & Spirit Buffalo""","3189","Size - M","0","139","65","0"
"W13023-WSS0701NC09A","862","Yoko Cape Tunic ""Water & Spirit Buffalo""","3190","Size - L","0","139","65","0"
"W13023-WSS0701NC09A","862","Yoko Cape Tunic ""Water & Spirit Buffalo""","3191","Size - XL","0","139","65","0"
"WSS0701NC0AA","863","Yoko Cape Tunic ""Journey to the Spirit World""","3192","Size - XS","0","139","65","0"
"WSS0701NC0AA","863","Yoko Cape Tunic ""Journey to the Spirit World""","3193","Size - S","0","139","65","0"
"WSS0701NC0AA","863","Yoko Cape Tunic ""Journey to the Spirit World""","3194","Size - M","0","139","65","0"
"WSS0701NC0AA","863","Yoko Cape Tunic ""Journey to the Spirit World""","3195","Size - L","0","139","65","0"
"WSS0701NC0AA","863","Yoko Cape Tunic ""Journey to the Spirit World""","3196","Size - XL","0","139","65","0"
"A16059-WSS0701NC0IA","864","Yoko Cape Tunic ""Wisdom Keepers""","1440","Size - XS","0","139","65","0"
"A16059-WSS0701NC0IA","864","Yoko Cape Tunic ""Wisdom Keepers""","1441","Size - S","1","139","65","0"
"A16059-WSS0701NC0IA","864","Yoko Cape Tunic ""Wisdom Keepers""","1442","Size - M","0","139","65","0"
"A16059-WSS0701NC0IA","864","Yoko Cape Tunic ""Wisdom Keepers""","1443","Size - L","0","139","65","0"
"A16059-WSS0701NC0IA","864","Yoko Cape Tunic ""Wisdom Keepers""","1444","Size - XL","1","139","65","0"
"A17064-WSS0901NC03B","865","K Smith T-Shirt ""M'Otter Love""","3312","Size - XS","1","89","35","0"
"A17064-WSS0901NC03B","865","K Smith T-Shirt ""M'Otter Love""","3313","Size - S","1","89","35","0"
"A17064-WSS0901NC03B","865","K Smith T-Shirt ""M'Otter Love""","3314","Size - M","1","89","35","0"
"A17064-WSS0901NC03B","865","K Smith T-Shirt ""M'Otter Love""","3315","Size - L","1","89","35","0"
"A17064-WSS0901NC03B","865","K Smith T-Shirt ""M'Otter Love""","3316","Size - XL","0","89","35","0"
"A13041-WDR2901NC0EB","881","Joni Dress ""Lapinx""","3097","Size - XS","0","139","59.1","0"
"A13041-WDR2901NC0EB","881","Joni Dress ""Lapinx""","3098","Size - S","1","139","59.1","0"
"A13041-WDR2901NC0EB","881","Joni Dress ""Lapinx""","3099","Size - M","0","139","59.1","0"
"A13041-WDR2901NC0EB","881","Joni Dress ""Lapinx""","3100","Size - L","0","139","59.1","0"
"A13041-WDR2901NC0EB","881","Joni Dress ""Lapinx""","3101","Size - XL","0","139","59.1","0"
"A16059-WPA0401NC0IB","894","Jackie Legging ""Wisdom Keepers""","3007","Size - XS","0","109","44.01","0"
"A16059-WPA0401NC0IB","894","Jackie Legging ""Wisdom Keepers""","3008","Size - S","0","109","44.01","0"
"A16059-WPA0401NC0IB","894","Jackie Legging ""Wisdom Keepers""","3009","Size - M","0","109","44.01","0"
"A16059-WPA0401NC0IB","894","Jackie Legging ""Wisdom Keepers""","3010","Size - L","0","109","44.01","0"
"A16059-WPA0401NC0IB","894","Jackie Legging ""Wisdom Keepers""","3011","Size - XL","1","109","44.01","0"
"W12018-WSS0701NC0DB","895","Yoko Cape Tunic ""Early Evening Flowing into Fall""","3197","Size - XS","1","139","65","0"
"W12018-WSS0701NC0DB","895","Yoko Cape Tunic ""Early Evening Flowing into Fall""","3198","Size - S","0","139","65","0"
"W12018-WSS0701NC0DB","895","Yoko Cape Tunic ""Early Evening Flowing into Fall""","3199","Size - M","0","139","65","0"
"W12018-WSS0701NC0DB","895","Yoko Cape Tunic ""Early Evening Flowing into Fall""","3200","Size - L","0","139","65","0"
"W12018-WSS0701NC0DB","895","Yoko Cape Tunic ""Early Evening Flowing into Fall""","3201","Size - XL","0","139","65","0"
"WSS0701NC0CC","896","Yoko Cape Tunic ""The Forest Temple""","2062","Size - XS","0","139","65","0"
"WSS0701NC0CC","896","Yoko Cape Tunic ""The Forest Temple""","2063","Size - S","0","139","65","0"
"WSS0701NC0CC","896","Yoko Cape Tunic ""The Forest Temple""","2064","Size - M","0","139","65","0"
"WSS0701NC0CC","896","Yoko Cape Tunic ""The Forest Temple""","2065","Size - L","0","139","65","0"
"WSS0701NC0CC","896","Yoko Cape Tunic ""The Forest Temple""","2066","Size - XL","0","139","65","0"
"A08011-MSS0701NC0HA","898","Salvadore Tee for Men ""Whisper""","3332","Size - XS","0","89","36","0"
"A08011-MSS0701NC0HA","898","Salvadore Tee for Men ""Whisper""","3333","Size - S","1","89","36","0"
"A08011-MSS0701NC0HA","898","Salvadore Tee for Men ""Whisper""","3334","Size - M","1","89","36","0"
"A08011-MSS0701NC0HA","898","Salvadore Tee for Men ""Whisper""","3335","Size - L","1","89","36","0"
"A08011-MSS0701NC0HA","898","Salvadore Tee for Men ""Whisper""","3336","Size - XL","1","89","36","0"
"W12018-WDR2601NC0DB","911","Kate Dress ""Early Evening Flowing into Fall""","3037","Size - XS","1","169","64.5","0"
"W12018-WDR2601NC0DB","911","Kate Dress ""Early Evening Flowing into Fall""","3038","Size - S","2","169","64.5","0"
"W12018-WDR2601NC0DB","911","Kate Dress ""Early Evening Flowing into Fall""","3039","Size - M","0","169","64.5","0"
"W12018-WDR2601NC0DB","911","Kate Dress ""Early Evening Flowing into Fall""","3040","Size - L","1","169","64.5","0"
"W12018-WDR2601NC0DB","911","Kate Dress ""Early Evening Flowing into Fall""","3041","Size - XL","0","169","64.5","0"
"A17065-WDR1001NC0CB","912","Jeanne Dress ""Forest Temple""","3107","Size - XS","1","149","67","0"
"A17065-WDR1001NC0CB","912","Jeanne Dress ""Forest Temple""","3108","Size - S","0","149","67","0"
"A17065-WDR1001NC0CB","912","Jeanne Dress ""Forest Temple""","3109","Size - M","1","149","67","0"
"A17065-WDR1001NC0CB","912","Jeanne Dress ""Forest Temple""","3110","Size - L","1","149","67","0"
"A17065-WDR1001NC0CB","912","Jeanne Dress ""Forest Temple""","3111","Size - XL","1","149","67","0"
"A16059-WBL0301NC0IA","916","Frida Cardigan ""Wisdom Keepers""","2927","Size - XS","1","129","52.5","0"
"A16059-WBL0301NC0IA","916","Frida Cardigan ""Wisdom Keepers""","2928","Size - S","1","129","52.5","0"
"A16059-WBL0301NC0IA","916","Frida Cardigan ""Wisdom Keepers""","2929","Size - M","1","129","52.5","0"
"A16059-WBL0301NC0IA","916","Frida Cardigan ""Wisdom Keepers""","2930","Size - L","1","129","52.5","0"
"A16059-WBL0301NC0IA","916","Frida Cardigan ""Wisdom Keepers""","2931","Size - XL","1","129","52.5","0"
"A08011-WBL0301NC0HB","917","Frida Cardigan ""Whisper""","2942","Size - XS","0","129","52.5","0"
"A08011-WBL0301NC0HB","917","Frida Cardigan ""Whisper""","2943","Size - S","0","129","52.5","0"
"A08011-WBL0301NC0HB","917","Frida Cardigan ""Whisper""","2944","Size - M","1","129","52.5","0"
"A08011-WBL0301NC0HB","917","Frida Cardigan ""Whisper""","2945","Size - L","1","129","52.5","0"
"A08011-WBL0301NC0HB","917","Frida Cardigan ""Whisper""","2946","Size - XL","0","129","52.5","0"
"A17065-WBL0301NC0CB","918","Frida Cardigan ""The Forest Temple""","2937","Size - XS","1","129","52.5","0"
"A17065-WBL0301NC0CB","918","Frida Cardigan ""The Forest Temple""","2938","Size - S","0","129","52.5","0"
"A17065-WBL0301NC0CB","918","Frida Cardigan ""The Forest Temple""","2939","Size - M","0","129","52.5","0"
"A17065-WBL0301NC0CB","918","Frida Cardigan ""The Forest Temple""","2940","Size - L","0","129","52.5","0"
"A17065-WBL0301NC0CB","918","Frida Cardigan ""The Forest Temple""","2941","Size - XL","0","129","52.5","0"
"A07020-WBL0301NC0AA","920","Frida Cardigan ""Journey to the Spirit World""","2922","Size - XS","0","129","52.5","0"
"A07020-WBL0301NC0AA","920","Frida Cardigan ""Journey to the Spirit World""","2923","Size - S","1","129","52.5","0"
"A07020-WBL0301NC0AA","920","Frida Cardigan ""Journey to the Spirit World""","2924","Size - M","1","129","52.5","0"
"A07020-WBL0301NC0AA","920","Frida Cardigan ""Journey to the Spirit World""","2925","Size - L","1","129","52.5","0"
"A07020-WBL0301NC0AA","920","Frida Cardigan ""Journey to the Spirit World""","2926","Size - XL","1","129","52.5","0"
"W12018-WNS0801NC0DB","942","Kaplan Tank ""Early Evening Flowing Into Fall""","3267","Size - XS","0","129","60","0"
"W12018-WNS0801NC0DB","942","Kaplan Tank ""Early Evening Flowing Into Fall""","3268","Size - S","0","129","60","0"
"W12018-WNS0801NC0DB","942","Kaplan Tank ""Early Evening Flowing Into Fall""","3269","Size - M","0","129","60","0"
"W12018-WNS0801NC0DB","942","Kaplan Tank ""Early Evening Flowing Into Fall""","3270","Size - L","0","129","60","0"
"W12018-WNS0801NC0DB","942","Kaplan Tank ""Early Evening Flowing Into Fall""","3271","Size - XL","1","129","60","0"
"A08013-WNS0801NC0FC","944","Kaplan Tank ""New Day""","3277","Size - XS","1","129","60","0"
"A08013-WNS0801NC0FC","944","Kaplan Tank ""New Day""","3278","Size - S","1","129","60","0"
"A08013-WNS0801NC0FC","944","Kaplan Tank ""New Day""","3279","Size - M","0","129","60","0"
"A08013-WNS0801NC0FC","944","Kaplan Tank ""New Day""","3280","Size - L","0","129","60","0"
"A08013-WNS0801NC0FC","944","Kaplan Tank ""New Day""","3281","Size - XL","0","129","60","0"
"W18053-WNS0801NC0JB","945","Kaplan Tank ""Northern Masters""","3282","Size - XS","0","129","60","0"
"W18053-WNS0801NC0JB","945","Kaplan Tank ""Northern Masters""","3283","Size - S","1","129","60","0"
"W18053-WNS0801NC0JB","945","Kaplan Tank ""Northern Masters""","3284","Size - M","0","129","60","0"
"W18053-WNS0801NC0JB","945","Kaplan Tank ""Northern Masters""","3285","Size - L","0","129","60","0"
"W18053-WNS0801NC0JB","945","Kaplan Tank ""Northern Masters""","3286","Size - XL","0","129","60","0"
"W12008-WNS0801NC07B","947","Kaplan Tank ""Winter Wolves""","3292","Size - XS","0","129","60","0"
"W12008-WNS0801NC07B","947","Kaplan Tank ""Winter Wolves""","3293","Size - S","0","129","60","0"
"W12008-WNS0801NC07B","947","Kaplan Tank ""Winter Wolves""","3294","Size - M","0","129","60","0"
"W12008-WNS0801NC07B","947","Kaplan Tank ""Winter Wolves""","3295","Size - L","1","129","60","0"
"W12008-WNS0801NC07B","947","Kaplan Tank ""Winter Wolves""","3296","Size - XL","0","129","60","0"
"A16059-MSS0701NC0IA","951","Salvadore Tee for Men ""Wisdom Keepers""","3337","Size - XS","0","89","36","0"
"A16059-MSS0701NC0IA","951","Salvadore Tee for Men ""Wisdom Keepers""","3338","Size - S","0","89","36","0"
"A16059-MSS0701NC0IA","951","Salvadore Tee for Men ""Wisdom Keepers""","3339","Size - M","1","89","36","0"
"A16059-MSS0701NC0IA","951","Salvadore Tee for Men ""Wisdom Keepers""","3340","Size - L","0","89","36","0"
"A16059-MSS0701NC0IA","951","Salvadore Tee for Men ""Wisdom Keepers""","3341","Size - XL","0","89","36","0"
"A16059-MSS0701NC0DA","952","Salvadore Tee for Men ""Early Evening Flowing Into Fall""","3342","Size - XS","0","89","36","0"
"A16059-MSS0701NC0DA","952","Salvadore Tee for Men ""Early Evening Flowing Into Fall""","3343","Size - S","0","89","36","0"
"A16059-MSS0701NC0DA","952","Salvadore Tee for Men ""Early Evening Flowing Into Fall""","3344","Size - M","1","89","36","0"
"A16059-MSS0701NC0DA","952","Salvadore Tee for Men ""Early Evening Flowing Into Fall""","3345","Size - L","1","89","36","0"
"A16059-MSS0701NC0DA","952","Salvadore Tee for Men ""Early Evening Flowing Into Fall""","3346","Size - XL","1","89","36","0"
"WSS0701NC0FB","953","Yoko Cape Tunic ""New Day""","3202","Size - XS","0","139","65","0"
"WSS0701NC0FB","953","Yoko Cape Tunic ""New Day""","3203","Size - S","0","139","65","0"
"WSS0701NC0FB","953","Yoko Cape Tunic ""New Day""","3204","Size - M","0","139","65","0"
"WSS0701NC0FB","953","Yoko Cape Tunic ""New Day""","3205","Size - L","0","139","65","0"
"WSS0701NC0FB","953","Yoko Cape Tunic ""New Day""","3206","Size - XL","0","139","65","0"
"A10004-WBL0301NC01C","954","Frida Cardigan ""Merging Earth and Sky""","2947","Size - XS","1","129","52.5","0"
"A10004-WBL0301NC01C","954","Frida Cardigan ""Merging Earth and Sky""","2948","Size - S","0","129","52.5","0"
"A10004-WBL0301NC01C","954","Frida Cardigan ""Merging Earth and Sky""","2949","Size - M","1","129","52.5","0"
"A10004-WBL0301NC01C","954","Frida Cardigan ""Merging Earth and Sky""","2950","Size - L","0","129","52.5","0"
"A10004-WBL0301NC01C","954","Frida Cardigan ""Merging Earth and Sky""","2951","Size - XL","0","129","52.5","0"
"A17064-WBL0301NC03A","955","Frida Cardigan ""M'Otter Love""","2952","Size - XS","1","129","52.5","0"
"A17064-WBL0301NC03A","955","Frida Cardigan ""M'Otter Love""","2953","Size - S","1","129","52.5","0"
"A17064-WBL0301NC03A","955","Frida Cardigan ""M'Otter Love""","2954","Size - M","1","129","52.5","0"
"A17064-WBL0301NC03A","955","Frida Cardigan ""M'Otter Love""","2955","Size - L","1","129","52.5","0"
"A17064-WBL0301NC03A","955","Frida Cardigan ""M'Otter Love""","2956","Size - XL","1","129","52.5","0"
"A16058-WBL0301NC04A","956","Frida Cardigan ""Silent Seekers""","2957","Size - XS","1","129","52.5","0"
"A16058-WBL0301NC04A","956","Frida Cardigan ""Silent Seekers""","2958","Size - S","1","129","52.5","0"
"A16058-WBL0301NC04A","956","Frida Cardigan ""Silent Seekers""","2959","Size - M","1","129","52.5","0"
"A16058-WBL0301NC04A","956","Frida Cardigan ""Silent Seekers""","2960","Size - L","0","129","52.5","0"
"A16058-WBL0301NC04A","956","Frida Cardigan ""Silent Seekers""","2961","Size - XL","1","129","52.5","0"
"A13041-WDR1001NC0EC","960","Jeanne Dress ""Lapinx""","3112","Size - XS","0","149","67","0"
"A13041-WDR1001NC0EC","960","Jeanne Dress ""Lapinx""","3113","Size - S","0","149","67","0"
"A13041-WDR1001NC0EC","960","Jeanne Dress ""Lapinx""","3114","Size - M","0","149","67","0"
"A13041-WDR1001NC0EC","960","Jeanne Dress ""Lapinx""","3115","Size - L","0","149","67","0"
"A13041-WDR1001NC0EC","960","Jeanne Dress ""Lapinx""","3116","Size - XL","1","149","67","0"
"A10004-WAC0201NC01A","961","Vivienne Scarf ""Merging Earth and Sky""","","Vivienne Scarf ""Merging Earth and Sky""","3","59","23","0"
"W12018-WAC0201NC0DB","962","Vivienne Scarf ""Early Evening Flowing into Fall""","","Vivienne Scarf ""Early Evening Flowing into Fall""","4","59","23","0"
"WSS0701NC02A","963","Yoko Cape Tunic ""Whisper""","3207","Size - XS","0","139","65","0"
"WSS0701NC02A","963","Yoko Cape Tunic ""Whisper""","3208","Size - S","0","139","65","0"
"WSS0701NC02A","963","Yoko Cape Tunic ""Whisper""","3209","Size - M","0","139","65","0"
"WSS0701NC02A","963","Yoko Cape Tunic ""Whisper""","3210","Size - L","0","139","65","0"
"WSS0701NC02A","963","Yoko Cape Tunic ""Whisper""","3211","Size - XL","0","139","65","0"
"A17063-WNS0701NC02A","964","Coco Tank ""Depth""","3297","Size - XS","1","79","34.35","0"
"A17063-WNS0701NC02A","964","Coco Tank ""Depth""","3298","Size - S","1","79","34.35","0"
"A17063-WNS0701NC02A","964","Coco Tank ""Depth""","3299","Size - M","1","79","34.35","0"
"A17063-WNS0701NC02A","964","Coco Tank ""Depth""","3300","Size - L","1","79","34.35","0"
"A17063-WNS0701NC02A","964","Coco Tank ""Depth""","3301","Size - XL","1","79","34.35","0"
"A08013-WNS0701NC0FA","965","Coco Tank ""New Day""","3302","Size - XS","0","79","34.35","0"
"A08013-WNS0701NC0FA","965","Coco Tank ""New Day""","3303","Size - S","1","79","34.35","0"
"A08013-WNS0701NC0FA","965","Coco Tank ""New Day""","3304","Size - M","1","79","34.35","0"
"A08013-WNS0701NC0FA","965","Coco Tank ""New Day""","3305","Size - L","0","79","34.35","0"
"A08013-WNS0701NC0FA","965","Coco Tank ""New Day""","3306","Size - XL","1","79","34.35","0"
"A17064-WNS0701NC03A","966","Coco Tank ""M'Otter Love""","3307","Size - XS","1","79","34.35","0"
"A17064-WNS0701NC03A","966","Coco Tank ""M'Otter Love""","3308","Size - S","1","79","34.35","0"
"A17064-WNS0701NC03A","966","Coco Tank ""M'Otter Love""","3309","Size - M","1","79","34.35","0"
"A17064-WNS0701NC03A","966","Coco Tank ""M'Otter Love""","3310","Size - L","1","79","34.35","0"
"A17064-WNS0701NC03A","966","Coco Tank ""M'Otter Love""","3311","Size - XL","1","79","34.35","0"
"A17065-WSS0901NC0CB","968","K Smith T-Shirt ""The Forest Temple""","3322","Size - XS","0","89","35","0"
"A17065-WSS0901NC0CB","968","K Smith T-Shirt ""The Forest Temple""","3323","Size - S","1","89","35","0"
"A17065-WSS0901NC0CB","968","K Smith T-Shirt ""The Forest Temple""","3324","Size - M","0","89","35","0"
"A17065-WSS0901NC0CB","968","K Smith T-Shirt ""The Forest Temple""","3325","Size - L","0","89","35","0"
"A17065-WSS0901NC0CB","968","K Smith T-Shirt ""The Forest Temple""","3326","Size - XL","0","89","35","0"
"A17065-WDR2601NC0CC","969","Kate Dress ""Forest Temple""","3052","Size - XS","1","169","64.5","0"
"A17065-WDR2601NC0CC","969","Kate Dress ""Forest Temple""","3053","Size - S","1","169","64.5","0"
"A17065-WDR2601NC0CC","969","Kate Dress ""Forest Temple""","3054","Size - M","1","169","64.5","0"
"A17065-WDR2601NC0CC","969","Kate Dress ""Forest Temple""","3055","Size - L","0","169","64.5","0"
"A17065-WDR2601NC0CC","969","Kate Dress ""Forest Temple""","3056","Size - XL","0","169","64.5","0"
"A08011-WDR2601NC0HC","971","Kate Dress ""Whisper""","3047","Size - XS","0","169","64.5","0"
"A08011-WDR2601NC0HC","971","Kate Dress ""Whisper""","3048","Size - S","0","169","64.5","0"
"A08011-WDR2601NC0HC","971","Kate Dress ""Whisper""","3049","Size - M","0","169","64.5","0"
"A08011-WDR2601NC0HC","971","Kate Dress ""Whisper""","3050","Size - L","0","169","64.5","0"
"A08011-WDR2601NC0HC","971","Kate Dress ""Whisper""","3051","Size - XL","1","169","64.5","0"
"A10004-WDR2601NC01G","972","Kate Dress ""Merging Earth and Sky""","3062","Size - XS","0","169","64.5","0"
"A10004-WDR2601NC01G","972","Kate Dress ""Merging Earth and Sky""","3063","Size - S","1","169","64.5","0"
"A10004-WDR2601NC01G","972","Kate Dress ""Merging Earth and Sky""","3064","Size - M","0","169","64.5","0"
"A10004-WDR2601NC01G","972","Kate Dress ""Merging Earth and Sky""","3065","Size - L","0","169","64.5","0"
"A10004-WDR2601NC01G","972","Kate Dress ""Merging Earth and Sky""","3066","Size - XL","0","169","64.5","0"
"A17064-WBL0601NCO3A","977","Kimono ""M'Otter Love""","2368","Size - TU/OS","3","129","49.5","0"
"W12018-WBL0601NCODA","978","Kimono ""Early Evening Flowing into Fall""","2369","Size - TU/OS","2","129","49.5","0"
"A17063-WBL0601NCO2A","980","Kimono ""Depth""","2371","Size - TU/OS","1","129","49.5","0"
"A08011-WDR3201NC0HA","981","Michelle Dress ""Whisper""","3157","Size - XS","0","159","67.5","0"
"A08011-WDR3201NC0HA","981","Michelle Dress ""Whisper""","3158","Size - S","0","159","67.5","0"
"A08011-WDR3201NC0HA","981","Michelle Dress ""Whisper""","3159","Size - M","0","159","67.5","0"
"A08011-WDR3201NC0HA","981","Michelle Dress ""Whisper""","3160","Size - L","0","159","67.5","0"
"A08011-WDR3201NC0HA","981","Michelle Dress ""Whisper""","3161","Size - XL","1","159","67.5","0"
"A08013-WSK040NCOFB","982","Alex Skirt ""New Day""","2377","Size - XS","0","139","64","0"
"A08013-WSK040NCOFB","982","Alex Skirt ""New Day""","2378","Size - S","0","139","64","0"
"A08013-WSK040NCOFB","982","Alex Skirt ""New Day""","2379","Size - M","0","139","64","0"
"A08013-WSK040NCOFB","982","Alex Skirt ""New Day""","2380","Size - L","0","139","64","0"
"A08013-WSK040NCOFB","982","Alex Skirt ""New Day""","2381","Size - XL","1","139","64","0"
"A08013-WBL0301NC0FB","986","Frida Cardigan ""New Day""","2962","Size - XS","1","129","52.5","0"
"A08013-WBL0301NC0FB","986","Frida Cardigan ""New Day""","2963","Size - S","1","129","52.5","0"
"A08013-WBL0301NC0FB","986","Frida Cardigan ""New Day""","2964","Size - M","0","129","52.5","0"
"A08013-WBL0301NC0FB","986","Frida Cardigan ""New Day""","2965","Size - L","0","129","52.5","0"
"A08013-WBL0301NC0FB","986","Frida Cardigan ""New Day""","2966","Size - XL","0","129","52.5","0"
"A17063-WBL0301NC02A","987","Frida Cardigan ""Depth""","2967","Size - XS","1","129","52.5","0"
"A17063-WBL0301NC02A","987","Frida Cardigan ""Depth""","2968","Size - S","1","129","52.5","0"
"A17063-WBL0301NC02A","987","Frida Cardigan ""Depth""","2969","Size - M","1","129","52.5","0"
"A17063-WBL0301NC02A","987","Frida Cardigan ""Depth""","2970","Size - L","1","129","52.5","0"
"A17063-WBL0301NC02A","987","Frida Cardigan ""Depth""","2971","Size - XL","1","129","52.5","0"
"W12018-WBL0301NC0DA","988","Frida Cardigan ""Early Evening Flowing into Fall""","2972","Size - XS","0","129","52.5","0"
"W12018-WBL0301NC0DA","988","Frida Cardigan ""Early Evening Flowing into Fall""","2973","Size - S","0","129","52.5","0"
"W12018-WBL0301NC0DA","988","Frida Cardigan ""Early Evening Flowing into Fall""","2974","Size - M","1","129","52.5","0"
"W12018-WBL0301NC0DA","988","Frida Cardigan ""Early Evening Flowing into Fall""","2975","Size - L","1","129","52.5","0"
"W12018-WBL0301NC0DA","988","Frida Cardigan ""Early Evening Flowing into Fall""","2976","Size - XL","1","129","52.5","0"
"A08013-WPA0401NC0FB","990","Jackie Legging ""New Day""","3017","Size - XS","1","109","44.01","0"
"A08013-WPA0401NC0FB","990","Jackie Legging ""New Day""","3018","Size - S","0","109","44.01","0"
"A08013-WPA0401NC0FB","990","Jackie Legging ""New Day""","3019","Size - M","0","109","44.01","0"
"A08013-WPA0401NC0FB","990","Jackie Legging ""New Day""","3020","Size - L","1","109","44.01","0"
"A08013-WPA0401NC0FB","990","Jackie Legging ""New Day""","3021","Size - XL","0","109","44.01","0"
"A17063-WPA0301NC02A","992","Carla Palazzo ""Depth""","3032","Size - XS","0","189","74","0"
"A17063-WPA0301NC02A","992","Carla Palazzo ""Depth""","3033","Size - S","1","189","74","0"
"A17063-WPA0301NC02A","992","Carla Palazzo ""Depth""","3034","Size - M","0","189","74","0"
"A17063-WPA0301NC02A","992","Carla Palazzo ""Depth""","3035","Size - L","0","189","74","0"
"A17063-WPA0301NC02A","992","Carla Palazzo ""Depth""","3036","Size - XL","0","189","74","0"
"A13041-WAC0201NC0EA","994","Vivienne Scarf ""Lapinx""","","Vivienne Scarf ""Lapinx""","4","59","23","0"
"W18053-WAC0201NC0JB","995","Vivienne Scarf ""Northern Masters""","","Vivienne Scarf ""Northern Masters""","3","59","23","0"
"W17062-WAC0201NC0GC","996","Vivienne Scarf ""Horizon""","","Vivienne Scarf ""Horizon""","3","59","23","0"
"A08013-WAC0201NC0FC","997","Vivienne Scarf ""New Day""","","Vivienne Scarf ""New Day""","3","59","23","0"
"A08011-WAC0201NC0HB","998","Vivienne Scarf ""Whisper""","","Vivienne Scarf ""Whisper""","2","59","23","0"
"A16059-WAC0201NC0IA","999","Vivienne Scarf ""Wisdom Keepers""","","Vivienne Scarf ""Wisdom Keepers""","2","59","23","0"
"A16059-WDR2601NC01B","1006","Kate Dress ""Wisdom Keepers""","3067","Size - XS","1","169","64.5","0"
"A16059-WDR2601NC01B","1006","Kate Dress ""Wisdom Keepers""","3068","Size - S","1","169","64.5","0"
"A16059-WDR2601NC01B","1006","Kate Dress ""Wisdom Keepers""","3069","Size - M","0","169","64.5","0"
"A16059-WDR2601NC01B","1006","Kate Dress ""Wisdom Keepers""","3070","Size - L","0","169","64.5","0"
"A16059-WDR2601NC01B","1006","Kate Dress ""Wisdom Keepers""","3071","Size - XL","1","169","64.5","0"
"W12018-WAC0401NCODB","1008","Duncan Shawl ""Early Evening Flowing into Fall""","","Duncan Shawl ""Early Evening Flowing into Fall""","1","69","67","0"
"A01028-WBL0301NC08A","1010","Frida Cardigan ""Giving Thanks""","2977","Size - XS","1","129","52.5","0"
"A01028-WBL0301NC08A","1010","Frida Cardigan ""Giving Thanks""","2978","Size - S","0","129","52.5","0"
"A01028-WBL0301NC08A","1010","Frida Cardigan ""Giving Thanks""","2979","Size - M","1","129","52.5","0"
"A01028-WBL0301NC08A","1010","Frida Cardigan ""Giving Thanks""","2980","Size - L","1","129","52.5","0"
"A01028-WBL0301NC08A","1010","Frida Cardigan ""Giving Thanks""","2981","Size - XL","0","129","52.5","0"
"A16051-WBL0301NC05A","1012","Frida Cardigan ""Northern Keepers""","2982","Size - XS","1","129","52.5","0"
"A16051-WBL0301NC05A","1012","Frida Cardigan ""Northern Keepers""","2983","Size - S","1","129","52.5","0"
"A16051-WBL0301NC05A","1012","Frida Cardigan ""Northern Keepers""","2984","Size - M","1","129","52.5","0"
"A16051-WBL0301NC05A","1012","Frida Cardigan ""Northern Keepers""","2985","Size - L","1","129","52.5","0"
"A16051-WBL0301NC05A","1012","Frida Cardigan ""Northern Keepers""","2986","Size - XL","1","129","52.5","0"
"W18053-WDR2601NC0JB","1014","Kate Dress ""Northern Masters""","3077","Size - XS","1","169","64.5","0"
"W18053-WDR2601NC0JB","1014","Kate Dress ""Northern Masters""","3078","Size - S","1","169","64.5","0"
"W18053-WDR2601NC0JB","1014","Kate Dress ""Northern Masters""","3079","Size - M","0","169","64.5","0"
"W18053-WDR2601NC0JB","1014","Kate Dress ""Northern Masters""","3080","Size - L","0","169","64.5","0"
"W18053-WDR2601NC0JB","1014","Kate Dress ""Northern Masters""","3081","Size - XL","0","169","64.5","0"
"A17063-WSK040NCO2A","1016","Alex Skirt ""Depth""","3002","Size - XS","0","139","64","0"
"A17063-WSK040NCO2A","1016","Alex Skirt ""Depth""","3003","Size - S","0","139","64","0"
"A17063-WSK040NCO2A","1016","Alex Skirt ""Depth""","3004","Size - M","0","139","64","0"
"A17063-WSK040NCO2A","1016","Alex Skirt ""Depth""","3005","Size - L","0","139","64","0"
"A17063-WSK040NCO2A","1016","Alex Skirt ""Depth""","3006","Size - XL","0","139","64","0"
"W17062-WDR1001NC0GB","1018","Jeanne Dress ""Horizon""","3122","Size - XS","0","149","67","0"
"W17062-WDR1001NC0GB","1018","Jeanne Dress ""Horizon""","3123","Size - S","0","149","67","0"
"W17062-WDR1001NC0GB","1018","Jeanne Dress ""Horizon""","3124","Size - M","0","149","67","0"
"W17062-WDR1001NC0GB","1018","Jeanne Dress ""Horizon""","3125","Size - L","1","149","67","0"
"W17062-WDR1001NC0GB","1018","Jeanne Dress ""Horizon""","3126","Size - XL","0","149","67","0"
"A16058-WBL0601NCO4A","1059","Kimono ""Silent Seekers""","2867","Size - TU/OS","7","129","49.5","0"
"A17063-WLS1701NC02A","1064","Mia Turtleneck ""Depth""","2868","Size - XS","0","149","59.5","0"
"A17063-WLS1701NC02A","1064","Mia Turtleneck ""Depth""","2869","Size - S","0","149","59.5","0"
"A17063-WLS1701NC02A","1064","Mia Turtleneck ""Depth""","2870","Size - M","1","149","59.5","0"
"A17063-WLS1701NC02A","1064","Mia Turtleneck ""Depth""","2871","Size - L","1","149","59.5","0"
"A17063-WLS1701NC02A","1064","Mia Turtleneck ""Depth""","2872","Size - XL","0","149","59.5","0"
"A16058-WLS1701NC04A","1065","Mia Turtleneck ""Silent Seekers""","3262","Size - XS","1","149","59.5","0"
"A16058-WLS1701NC04A","1065","Mia Turtleneck ""Silent Seekers""","3263","Size - S","1","149","59.5","0"
"A16058-WLS1701NC04A","1065","Mia Turtleneck ""Silent Seekers""","3264","Size - M","1","149","59.5","0"
"A16058-WLS1701NC04A","1065","Mia Turtleneck ""Silent Seekers""","3265","Size - L","1","149","59.5","0"
"A16058-WLS1701NC04A","1065","Mia Turtleneck ""Silent Seekers""","3266","Size - XL","1","149","59.5","0"
"WSS0701NC0EB","1066","Yoko Cape Tunic ""Lapinx""","3212","Size - XS","0","139","65","0"
"WSS0701NC0EB","1066","Yoko Cape Tunic ""Lapinx""","3213","Size - S","0","139","65","0"
"WSS0701NC0EB","1066","Yoko Cape Tunic ""Lapinx""","3214","Size - M","0","139","65","0"
"WSS0701NC0EB","1066","Yoko Cape Tunic ""Lapinx""","3215","Size - L","0","139","65","0"
"WSS0701NC0EB","1066","Yoko Cape Tunic ""Lapinx""","3216","Size - XL","0","139","65","0"
"W13023-WNS0801NC0IB","2408","Kaplan Tank ""Wisdom Keepers""","6663","Size - S","1","129","60","0"
"W13023-WNS0801NC0IB","2408","Kaplan Tank ""Wisdom Keepers""","6664","Size - M","1","129","60","0"
"W13023-WNS0801NC0IB","2408","Kaplan Tank ""Wisdom Keepers""","6665","Size - L","0","129","60","0"
"W13023-WNS0801NC0IB","2408","Kaplan Tank ""Wisdom Keepers""","6666","Size - XL","0","129","60","0"
"W13023-WNS0801NC0IB","2408","Kaplan Tank ""Wisdom Keepers""","6667","Size - XS","1","129","60","0"
"A17064-WDR4101NC03A","2910","Michelle II Dress ""M'Otter Love""","6855","Size - S","1","159","67.5","0"
"A17064-WDR4101NC03A","2910","Michelle II Dress ""M'Otter Love""","6856","Size - M","1","159","67.5","0"
"A17064-WDR4101NC03A","2910","Michelle II Dress ""M'Otter Love""","6857","Size - L","1","159","67.5","0"
"A17064-WDR4101NC03A","2910","Michelle II Dress ""M'Otter Love""","6858","Size - XL","1","159","67.5","0"
"A17064-WDR4101NC03A","2910","Michelle II Dress ""M'Otter Love""","6859","Size - XS","1","159","67.5","0"
"A10004-WSK0401NC01B","3055","Alex Skirt ""Merging Earth and Sky""","6863","Size - S","0","149","64","0"
"A10004-WSK0401NC01B","3055","Alex Skirt ""Merging Earth and Sky""","6864","Size - M","0","149","64","0"
"A10004-WSK0401NC01B","3055","Alex Skirt ""Merging Earth and Sky""","6865","Size - L","0","149","64","0"
"A10004-WSK0401NC01B","3055","Alex Skirt ""Merging Earth and Sky""","6866","Size - XL","0","149","64","0"
"A10004-WSK0401NC01B","3055","Alex Skirt ""Merging Earth and Sky""","6867","Size - XS","0","149","64","0"
"A16058-MSS0701NC04A","4056","Salvadore Tee for Men ""Silent Seekers""","7535","Size - S","1","89","36","0"
"A16058-MSS0701NC04A","4056","Salvadore Tee for Men ""Silent Seekers""","7536","Size - M","1","89","36","0"
"A16058-MSS0701NC04A","4056","Salvadore Tee for Men ""Silent Seekers""","7537","Size - L","1","89","36","0"
"A16058-MSS0701NC04A","4056","Salvadore Tee for Men ""Silent Seekers""","7538","Size - XL","1","89","36","0"
"A16058-MSS0701NC04A","4056","Salvadore Tee for Men ""Silent Seekers""","7539","Size - XS","1","89","36","0"
"A14051-WAC0201NC0TA","4864","Vivienne Scarf ""Under the Same Sky""","","Vivienne Scarf ""Under the Same Sky""","5","59","23","0"
"A14051-WAC0201NC0UA","4865","Vivienne Scarf ""Gezaluwejit""","","Vivienne Scarf ""Gezaluwejit""","3","59","23","0"
"A14051-WBL0601NCOTA","4866","Kimono ""Gezaluwejit""","7983","Size - TU/OS","0","129","49.5","0"
"A18066-WBL0601NCOUA","4867","Kimono ""Under the Same Sky""","7984","Size - TU/OS","2","129","49.5","0"
"A14051-WDR2601NC0TA","4871","Kate Dress ""Gezaluwejit""","7985","Size - S","1","169","64.5","0"
"A14051-WDR2601NC0TA","4871","Kate Dress ""Gezaluwejit""","7986","Size - M","0","169","64.5","0"
"A14051-WDR2601NC0TA","4871","Kate Dress ""Gezaluwejit""","7987","Size - L","0","169","64.5","0"
"A14051-WDR2601NC0TA","4871","Kate Dress ""Gezaluwejit""","7988","Size - XL","0","169","64.5","0"
"A14051-WDR2601NC0TA","4871","Kate Dress ""Gezaluwejit""","7989","Size - XS","0","169","64.5","0"
"A18066-WDR2601NC0UA","4872","Kate Dress ""Under the Same Sky""","7990","Size - S","0","169","64.5","0"
"A18066-WDR2601NC0UA","4872","Kate Dress ""Under the Same Sky""","7991","Size - M","0","169","64.5","0"
"A18066-WDR2601NC0UA","4872","Kate Dress ""Under the Same Sky""","7992","Size - L","0","169","64.5","0"
"A18066-WDR2601NC0UA","4872","Kate Dress ""Under the Same Sky""","7993","Size - XL","1","169","64.5","0"
"A18066-WDR2601NC0UA","4872","Kate Dress ""Under the Same Sky""","7994","Size - XS","1","169","64.5","0"
"A18066-WPA0301NC0UA","5121","Carla Palazzo ""Under the Same Sky""","8002","Size - S","1","189","74","0"
"A18066-WPA0301NC0UA","5121","Carla Palazzo ""Under the Same Sky""","8003","Size - M","1","189","74","0"
"A18066-WPA0301NC0UA","5121","Carla Palazzo ""Under the Same Sky""","8004","Size - L","0","189","74","0"
"A18066-WPA0301NC0UA","5121","Carla Palazzo ""Under the Same Sky""","8005","Size - XL","0","189","74","0"
"A18066-WPA0301NC0UA","5121","Carla Palazzo ""Under the Same Sky""","8006","Size - XS","0","189","74","0"
"A14051-WPA0301NC0TA","5122","Carla Palazzo ""Gezaluwejit""","8007","Size - S","1","189","74","0"
"A14051-WPA0301NC0TA","5122","Carla Palazzo ""Gezaluwejit""","8008","Size - M","0","189","74","0"
"A14051-WPA0301NC0TA","5122","Carla Palazzo ""Gezaluwejit""","8009","Size - L","0","189","74","0"
"A14051-WPA0301NC0TA","5122","Carla Palazzo ""Gezaluwejit""","8010","Size - XL","1","189","74","0"
"A14051-WPA0301NC0TA","5122","Carla Palazzo ""Gezaluwejit""","8011","Size - XS","1","189","74","0"
"A16058-WSS1401NC04A","5188","Kiki T-Shirt ""Silent Seekers"" Plus Size","8027","Size - 1X","0","89","43.9","0"
"A16058-WSS1401NC04A","5188","Kiki T-Shirt ""Silent Seekers"" Plus Size","8028","Size - 2X","3","89","43.9","0"
"A16058-WSS1401NC04A","5188","Kiki T-Shirt ""Silent Seekers"" Plus Size","8029","Size - 3X","1","89","43.9","0"
"WAC0601NC0UA","5214","Claudia Shawl ""Under the Same Sky""","","Claudia Shawl ""Under the Same Sky""","0","109","35","0"
"A14051-WNS0701NC0TA","5215","Coco Tank ""Gezaluwejit""","8036","Size - S","0","79","34.35","0"
"A14051-WNS0701NC0TA","5215","Coco Tank ""Gezaluwejit""","8037","Size - M","0","79","34.35","0"
"A14051-WNS0701NC0TA","5215","Coco Tank ""Gezaluwejit""","8038","Size - L","0","79","34.35","0"
"A14051-WNS0701NC0TA","5215","Coco Tank ""Gezaluwejit""","8039","Size - XL","1","79","34.35","0"
"A14051-WNS0701NC0TA","5215","Coco Tank ""Gezaluwejit""","8040","Size - XS","1","79","34.35","0"
"A18066-WNS0701NC0UA","5217","Coco Tank ""Under the Same Sky""","8041","Size - S","0","79","34.35","0"
"A18066-WNS0701NC0UA","5217","Coco Tank ""Under the Same Sky""","8042","Size - M","0","79","34.35","0"
"A18066-WNS0701NC0UA","5217","Coco Tank ""Under the Same Sky""","8043","Size - L","0","79","34.35","0"
"A18066-WNS0701NC0UA","5217","Coco Tank ""Under the Same Sky""","8044","Size - XL","0","79","34.35","0"
"A18066-WNS0701NC0UA","5217","Coco Tank ""Under the Same Sky""","8045","Size - XS","0","79","34.35","0"
"A18066-WLS01701NC0UA","5224","Mia Turtleneck ""Under the Same Sky""","8046","Size - S","1","149","59.5","0"
"A18066-WLS01701NC0UA","5224","Mia Turtleneck ""Under the Same Sky""","8047","Size - M","0","149","59.5","0"
"A18066-WLS01701NC0UA","5224","Mia Turtleneck ""Under the Same Sky""","8048","Size - L","0","149","59.5","0"
"A18066-WLS01701NC0UA","5224","Mia Turtleneck ""Under the Same Sky""","8049","Size - XL","0","149","59.5","0"
"A18066-WLS01701NC0UA","5224","Mia Turtleneck ""Under the Same Sky""","8050","Size - XS","1","149","59.5","0"
"A14051-WAC0601NC0TA","5225","Claudia Shawl ""Gezaluwejit""","","Claudia Shawl ""Gezaluwejit""","2","109","35","0"
"A14051-WLS1301NCOTA","5708","Jamie Top ""Gezaluwejit""","8069","Size - XS","1","129","49.5","0"
"A14051-WLS1301NCOTA","5708","Jamie Top ""Gezaluwejit""","8070","Size - S","1","129","49.5","0"
"A14051-WLS1301NCOTA","5708","Jamie Top ""Gezaluwejit""","8071","Size - M","1","129","49.5","0"
"A14051-WLS1301NCOTA","5708","Jamie Top ""Gezaluwejit""","8072","Size - L","1","129","49.5","0"
"A14051-WLS1301NCOTA","5708","Jamie Top ""Gezaluwejit""","8073","Size - XL","0","129","49.5","0"
"W12018-WPA0701NC0DA","5721","Parma Capri ""Early Evening Flowing into Fall""","8079","Size - XS","0","129","55.5","0"
"W12018-WPA0701NC0DA","5721","Parma Capri ""Early Evening Flowing into Fall""","8080","Size - S","1","129","55.5","0"
"W12018-WPA0701NC0DA","5721","Parma Capri ""Early Evening Flowing into Fall""","8081","Size - M","0","129","55.5","0"
"W12018-WPA0701NC0DA","5721","Parma Capri ""Early Evening Flowing into Fall""","8082","Size - L","0","129","55.5","0"
"W12018-WPA0701NC0DA","5721","Parma Capri ""Early Evening Flowing into Fall""","8083","Size - XL","0","129","55.5","0"
"A14051-WLS0701NC0TA","5724","Marlene Top ""Gezaluwejit""","8104","Size - XS","0","139","79.5","0"
"A14051-WLS0701NC0TA","5724","Marlene Top ""Gezaluwejit""","8105","Size - S","0","139","79.5","0"
"A14051-WLS0701NC0TA","5724","Marlene Top ""Gezaluwejit""","8106","Size - M","1","139","79.5","0"
"A14051-WLS0701NC0TA","5724","Marlene Top ""Gezaluwejit""","8107","Size - XL","1","139","79.5","0"
"A14051-WLS0701NC0TA","5724","Marlene Top ""Gezaluwejit""","8108","Size - L","1","139","79.5","0"
"W13023-WNS0701NC09A","5725","Coco Tank ""Water and Spirit Buffalo""","8110","Size - XS","0","79","34.35","0"
"W13023-WNS0701NC09A","5725","Coco Tank ""Water and Spirit Buffalo""","8111","Size - S","1","79","34.35","0"
"W13023-WNS0701NC09A","5725","Coco Tank ""Water and Spirit Buffalo""","8112","Size - M","0","79","34.35","0"
"W13023-WNS0701NC09A","5725","Coco Tank ""Water and Spirit Buffalo""","8113","Size - L","1","79","34.35","0"
"W13023-WNS0701NC09A","5725","Coco Tank ""Water and Spirit Buffalo""","8114","Size - XL","0","79","34.35","0"
"A18066-WLS0701NC0UA","6565","Marlene Top ""Under the Same Sky""","8129","Size - S","0","139","79.5","0"
"A18066-WLS0701NC0UA","6565","Marlene Top ""Under the Same Sky""","8130","Size - M","0","139","79.5","0"
"A18066-WLS0701NC0UA","6565","Marlene Top ""Under the Same Sky""","8131","Size - XL","1","139","79.5","0"
"A18066-WLS0701NC0UA","6565","Marlene Top ""Under the Same Sky""","8132","Size - L","0","139","79.5","0"
"A18066-WLS0701NC0UA","6565","Marlene Top ""Under the Same Sky""","8133","Size - XS","2","139","79.5","0"
"A17063-WDR2901NC02A","8588","Joni Dress ""Depth"" DISCOUNTINUDED","8284","Size - S","0","139","59.1","0"
"A17063-WDR2901NC02A","8588","Joni Dress ""Depth"" DISCOUNTINUDED","8285","Size - M","0","139","59.1","0"
"A17063-WDR2901NC02A","8588","Joni Dress ""Depth"" DISCOUNTINUDED","8286","Size - L","0","139","59.1","0"
"A17063-WDR2901NC02A","8588","Joni Dress ""Depth"" DISCOUNTINUDED","8287","Size - XL","0","139","59.1","0"
"A17063-WDR2901NC02A","8588","Joni Dress ""Depth"" DISCOUNTINUDED","8288","Size - XS","0","139","59.1","0"
"A16051-WBL1101NC05A","8844","Nikki Cardigan ""Northern Keepers""","8289","Size - XS","1","159","50","0"
"A16051-WBL1101NC05A","8844","Nikki Cardigan ""Northern Keepers""","8290","Size - S","1","159","50","0"
"A16051-WBL1101NC05A","8844","Nikki Cardigan ""Northern Keepers""","8291","Size - M","0","159","50","0"
"A16051-WBL1101NC05A","8844","Nikki Cardigan ""Northern Keepers""","8292","Size - L","1","159","50","0"
"A16051-WBL1101NC05A","8844","Nikki Cardigan ""Northern Keepers""","8293","Size - XL","1","159","50","0"
"A18066-WBL1101NC0UA","8845","Nikki Cardigan ""Under the Same Sky""","8294","Size - XS","1","159","50","0"
"A18066-WBL1101NC0UA","8845","Nikki Cardigan ""Under the Same Sky""","8295","Size - S","1","159","50","0"
"A18066-WBL1101NC0UA","8845","Nikki Cardigan ""Under the Same Sky""","8296","Size - M","1","159","50","0"
"A18066-WBL1101NC0UA","8845","Nikki Cardigan ""Under the Same Sky""","8297","Size - L","1","159","50","0"
"A18066-WBL1101NC0UA","8845","Nikki Cardigan ""Under the Same Sky""","8298","Size - XL","0","159","50","0"
"A16051-WLS1701NC05A","8961","Mia Turtleneck ""Northern Keepers""","8304","Size - S","1","149","59.5","0"
"A16051-WLS1701NC05A","8961","Mia Turtleneck ""Northern Keepers""","8305","Size - M","1","149","59.5","0"
"A16051-WLS1701NC05A","8961","Mia Turtleneck ""Northern Keepers""","8306","Size - L","1","149","59.5","0"
"A16051-WLS1701NC05A","8961","Mia Turtleneck ""Northern Keepers""","8307","Size - XL","0","149","59.5","0"
"A16051-WLS1701NC05A","8961","Mia Turtleneck ""Northern Keepers""","8308","Size - XS","1","149","59.5","0"
"W12005-WLS1701NC0WA","8964","Mia Turtleneck ""Earth Keeper""","8309","Size - S","1","149","59.5","0"
"W12005-WLS1701NC0WA","8964","Mia Turtleneck ""Earth Keeper""","8310","Size - M","1","149","59.5","0"
"W12005-WLS1701NC0WA","8964","Mia Turtleneck ""Earth Keeper""","8311","Size - L","1","149","59.5","0"
"W12005-WLS1701NC0WA","8964","Mia Turtleneck ""Earth Keeper""","8312","Size - XL","0","149","59.5","0"
"W12005-WLS1701NC0WA","8964","Mia Turtleneck ""Earth Keeper""","8313","Size - XS","1","149","59.5","0"
"A20055-WLS1701NC0YA","8965","Mia Turtleneck ""Refuge""","8314","Size - S","0","149","59.5","0"
"A20055-WLS1701NC0YA","8965","Mia Turtleneck ""Refuge""","8315","Size - M","0","149","59.5","0"
"A20055-WLS1701NC0YA","8965","Mia Turtleneck ""Refuge""","8316","Size - L","0","149","59.5","0"
"A20055-WLS1701NC0YA","8965","Mia Turtleneck ""Refuge""","8317","Size - XL","0","149","59.5","0"
"A20055-WLS1701NC0YA","8965","Mia Turtleneck ""Refuge""","8318","Size - XS","1","149","59.5","0"
"A09006-WDR3801NC0VA","8967","Felicia ""The River Keeper""","8322","Size - XS","1","149","62","0"
"A09006-WDR3801NC0VA","8967","Felicia ""The River Keeper""","8323","Size - S","1","149","62","0"
"A09006-WDR3801NC0VA","8967","Felicia ""The River Keeper""","8324","Size - M","1","149","62","0"
"A09006-WDR3801NC0VA","8967","Felicia ""The River Keeper""","8325","Size - L","0","149","62","0"
"A09006-WDR3801NC0VA","8967","Felicia ""The River Keeper""","8326","Size - XL","0","149","62","0"
"A20055-WDR3801NC0YA","8968","Felicia ""Refuge""","8327","Size - S","0","149","62","0"
"A20055-WDR3801NC0YA","8968","Felicia ""Refuge""","8328","Size - M","0","149","62","0"
"A20055-WDR3801NC0YA","8968","Felicia ""Refuge""","8329","Size - L","0","149","62","0"
"A20055-WDR3801NC0YA","8968","Felicia ""Refuge""","8330","Size - XL","0","149","62","0"
"A20055-WDR3801NC0YA","8968","Felicia ""Refuge""","8331","Size - XS","0","149","62","0"
"A12005-WDR3801NC0WA","8969","Felicia ""Earth Keeper""","8332","Size - S","1","149","62","0"
"A12005-WDR3801NC0WA","8969","Felicia ""Earth Keeper""","8333","Size - M","1","149","62","0"
"A12005-WDR3801NC0WA","8969","Felicia ""Earth Keeper""","8334","Size - L","1","149","62","0"
"A12005-WDR3801NC0WA","8969","Felicia ""Earth Keeper""","8335","Size - XL","1","149","62","0"
"A12005-WDR3801NC0WA","8969","Felicia ""Earth Keeper""","8336","Size - XS","1","149","62","0"
"A01031-WDR3801NC0XA","8970","Felicia ""Honoring the Giver of Life""","8337","Size - S","1","149","62","0"
"A01031-WDR3801NC0XA","8970","Felicia ""Honoring the Giver of Life""","8338","Size - M","1","149","62","0"
"A01031-WDR3801NC0XA","8970","Felicia ""Honoring the Giver of Life""","8339","Size - L","0","149","62","0"
"A01031-WDR3801NC0XA","8970","Felicia ""Honoring the Giver of Life""","8340","Size - XL","0","149","62","0"
"A01031-WDR3801NC0XA","8970","Felicia ""Honoring the Giver of Life""","8341","Size - XS","1","149","62","0"
"A17063-WDR3801NC02A","8971","Felicia ""Depth""","8342","Size - S","0","149","62","0"
"A17063-WDR3801NC02A","8971","Felicia ""Depth""","8343","Size - M","0","149","62","0"
"A17063-WDR3801NC02A","8971","Felicia ""Depth""","8344","Size - L","0","149","62","0"
"A17063-WDR3801NC02A","8971","Felicia ""Depth""","8345","Size - XL","0","149","62","0"
"A17063-WDR3801NC02A","8971","Felicia ""Depth""","8346","Size - XS","1","149","62","0"
"W12005-WDR4001NC0WA","8973","Amanda II ""Earth Keeper""","8347","Size - XS","0","119","50","0"
"W12005-WDR4001NC0WA","8973","Amanda II ""Earth Keeper""","8348","Size - S","0","119","50","0"
"W12005-WDR4001NC0WA","8973","Amanda II ""Earth Keeper""","8349","Size - M","0","119","50","0"
"W12005-WDR4001NC0WA","8973","Amanda II ""Earth Keeper""","8350","Size - L","0","119","50","0"
"W12005-WDR4001NC0WA","8973","Amanda II ""Earth Keeper""","8351","Size - XL","1","119","50","0"
"W20055-WDR4001NC0YA","8974","Amanda II ""Refuge""","8352","Size - S","1","119","50","0"
"W20055-WDR4001NC0YA","8974","Amanda II ""Refuge""","8353","Size - M","0","119","50","0"
"W20055-WDR4001NC0YA","8974","Amanda II ""Refuge""","8354","Size - L","0","119","50","0"
"W20055-WDR4001NC0YA","8974","Amanda II ""Refuge""","8355","Size - XL","1","119","50","0"
"W20055-WDR4001NC0YA","8974","Amanda II ""Refuge""","8356","Size - XS","0","119","50","0"
"W01031-WDR4001NC0XA","8975","Amanda II ""Honoring the Giver of Life""","8357","Size - S","1","119","50","0"
"W01031-WDR4001NC0XA","8975","Amanda II ""Honoring the Giver of Life""","8358","Size - M","1","119","50","0"
"W01031-WDR4001NC0XA","8975","Amanda II ""Honoring the Giver of Life""","8359","Size - L","1","119","50","0"
"W01031-WDR4001NC0XA","8975","Amanda II ""Honoring the Giver of Life""","8360","Size - XL","0","119","50","0"
"W01031-WDR4001NC0XA","8975","Amanda II ""Honoring the Giver of Life""","8361","Size - XS","1","119","50","0"
"A14051-WDR3801NC0TA","8976","Felicia ""Gezaluwejit""","8362","Size - S","0","149","62","0"
"A14051-WDR3801NC0TA","8976","Felicia ""Gezaluwejit""","8363","Size - M","1","149","62","0"
"A14051-WDR3801NC0TA","8976","Felicia ""Gezaluwejit""","8364","Size - L","1","149","62","0"
"A14051-WDR3801NC0TA","8976","Felicia ""Gezaluwejit""","8365","Size - XL","1","149","62","0"
"A14051-WDR3801NC0TA","8976","Felicia ""Gezaluwejit""","8366","Size - XS","0","149","62","0"
"A14051-WDR4201NC0TA","8977","Daniela Maxi ""Gezaluwejit""","8367","Size - XS","1","199","89","0"
"A14051-WDR4201NC0TA","8977","Daniela Maxi ""Gezaluwejit""","8368","Size - S","1","199","89","0"
"A14051-WDR4201NC0TA","8977","Daniela Maxi ""Gezaluwejit""","8369","Size - M","0","199","89","0"
"A14051-WDR4201NC0TA","8977","Daniela Maxi ""Gezaluwejit""","8370","Size - L","0","199","89","0"
"A14051-WDR4201NC0TA","8977","Daniela Maxi ""Gezaluwejit""","8371","Size - XL","1","199","89","0"
"A18066-WDR4201NC0UA","8978","Daniela Maxi ""Under the Same Sky""","8372","Size - S","0","199","89","0"
"A18066-WDR4201NC0UA","8978","Daniela Maxi ""Under the Same Sky""","8373","Size - M","0","199","89","0"
"A18066-WDR4201NC0UA","8978","Daniela Maxi ""Under the Same Sky""","8374","Size - L","1","199","89","0"
"A18066-WDR4201NC0UA","8978","Daniela Maxi ""Under the Same Sky""","8375","Size - XL","0","199","89","0"
"A18066-WDR4201NC0UA","8978","Daniela Maxi ""Under the Same Sky""","8376","Size - XS","0","199","89","0"
"A17063-WSK0501NC02A","8981","Elaine Skirt ""Depth""","8392","Size - XS","0","149","63.5","0"
"A17063-WSK0501NC02A","8981","Elaine Skirt ""Depth""","8393","Size - S","0","149","63.5","0"
"A17063-WSK0501NC02A","8981","Elaine Skirt ""Depth""","8394","Size - M","0","149","63.5","0"
"A17063-WSK0501NC02A","8981","Elaine Skirt ""Depth""","8395","Size - L","0","149","63.5","0"
"A17063-WSK0501NC02A","8981","Elaine Skirt ""Depth""","8396","Size - XL","1","149","63.5","0"
"A07020-WSK0501NC0AA","8982","Elaine Skirt ""Journey to the Spirit World""","8397","Size - XS","1","149","63.5","0"
"A07020-WSK0501NC0AA","8982","Elaine Skirt ""Journey to the Spirit World""","8398","Size - S","2","149","63.5","0"
"A07020-WSK0501NC0AA","8982","Elaine Skirt ""Journey to the Spirit World""","8399","Size - M","0","149","63.5","0"
"A07020-WSK0501NC0AA","8982","Elaine Skirt ""Journey to the Spirit World""","8400","Size - L","2","149","63.5","0"
"A07020-WSK0501NC0AA","8982","Elaine Skirt ""Journey to the Spirit World""","8401","Size - XL","0","149","63.5","0"
"A16051-MSS0701NC05A","8983","Salvadore Tee for Men ""Northern Keepers""","8382","Size - S","1","89","36","0"
"A16051-MSS0701NC05A","8983","Salvadore Tee for Men ""Northern Keepers""","8383","Size - M","0","89","36","0"
"A16051-MSS0701NC05A","8983","Salvadore Tee for Men ""Northern Keepers""","8384","Size - L","0","89","36","0"
"A16051-MSS0701NC05A","8983","Salvadore Tee for Men ""Northern Keepers""","8385","Size - XL","1","89","36","0"
"A16051-MSS0701NC05A","8983","Salvadore Tee for Men ""Northern Keepers""","8386","Size - XS","0","89","36","0"
"WSS1201NC0UA","8985","Sylvie Tunic ""Under the Same Sky""","8402","Size - S","0","139","69","0"
"WSS1201NC0UA","8985","Sylvie Tunic ""Under the Same Sky""","8403","Size - M","0","139","69","0"
"WSS1201NC0UA","8985","Sylvie Tunic ""Under the Same Sky""","8404","Size - L","0","139","69","0"
"WSS1201NC0UA","8985","Sylvie Tunic ""Under the Same Sky""","8405","Size - XL","0","139","69","0"
"WSS1201NC0UA","8985","Sylvie Tunic ""Under the Same Sky""","8406","Size - XS","0","139","69","0"
"WSS1201NC0TA","8986","Sylvie Tunic ""Gezaluwejit""","8407","Size - S","0","139","69","0"
"WSS1201NC0TA","8986","Sylvie Tunic ""Gezaluwejit""","8408","Size - M","0","139","69","0"
"WSS1201NC0TA","8986","Sylvie Tunic ""Gezaluwejit""","8409","Size - L","0","139","69","0"
"WSS1201NC0TA","8986","Sylvie Tunic ""Gezaluwejit""","8410","Size - XL","0","139","69","0"
"WSS1201NC0TA","8986","Sylvie Tunic ""Gezaluwejit""","8411","Size - XS","0","139","69","0"
"A16051-WSS1201NC05A","8987","Sylvie Tunic ""Northern Keepers""","8412","Size - S","1","139","69","0"
"A16051-WSS1201NC05A","8987","Sylvie Tunic ""Northern Keepers""","8413","Size - M","1","139","69","0"
"A16051-WSS1201NC05A","8987","Sylvie Tunic ""Northern Keepers""","8414","Size - L","1","139","69","0"
"A16051-WSS1201NC05A","8987","Sylvie Tunic ""Northern Keepers""","8415","Size - XL","0","139","69","0"
"A16051-WSS1201NC05A","8987","Sylvie Tunic ""Northern Keepers""","8416","Size - XS","1","139","69","0"
"A18066-WLS23701NC0UA","8988","April Mock ""Under the Same Sky""","8417","Size - S","0","119","66.09","0"
"A18066-WLS23701NC0UA","8988","April Mock ""Under the Same Sky""","8418","Size - M","1","119","66.09","0"
"A18066-WLS23701NC0UA","8988","April Mock ""Under the Same Sky""","8419","Size - L","0","119","66.09","0"
"A18066-WLS23701NC0UA","8988","April Mock ""Under the Same Sky""","8420","Size - XL","0","119","66.09","0"
"A18066-WLS23701NC0UA","8988","April Mock ""Under the Same Sky""","8421","Size - XS","0","119","66.09","0"
"A14051-WLS1001NC0TA","8990","Patti Tunic II ""Gezaluwejit""","8422","Size - XS","0","129","50.5","0"
"A14051-WLS1001NC0TA","8990","Patti Tunic II ""Gezaluwejit""","8423","Size - S","1","129","50.5","0"
"A14051-WLS1001NC0TA","8990","Patti Tunic II ""Gezaluwejit""","8424","Size - M","0","129","50.5","0"
"A14051-WLS1001NC0TA","8990","Patti Tunic II ""Gezaluwejit""","8425","Size - L","0","129","50.5","0"
"A14051-WLS1001NC0TA","8990","Patti Tunic II ""Gezaluwejit""","8426","Size - XL","0","129","50.5","0"
"A18066-WLS1001NC0TA","8991","Patti Tunic II ""Under the Same Sky""","8427","Size - S","0","129","50.5","0"
"A18066-WLS1001NC0TA","8991","Patti Tunic II ""Under the Same Sky""","8428","Size - M","0","129","50.5","0"
"A18066-WLS1001NC0TA","8991","Patti Tunic II ""Under the Same Sky""","8429","Size - L","1","129","50.5","0"
"A18066-WLS1001NC0TA","8991","Patti Tunic II ""Under the Same Sky""","8430","Size - XL","0","129","50.5","0"
"A18066-WLS1001NC0TA","8991","Patti Tunic II ""Under the Same Sky""","8431","Size - XS","1","129","50.5","0"
"A18066-WNS0801NC0UA","9014","Kaplan Tank ""Under the Same Sky""","8437","Size - S","1","129","60","0"
"A18066-WNS0801NC0UA","9014","Kaplan Tank ""Under the Same Sky""","8438","Size - M","1","129","60","0"
"A18066-WNS0801NC0UA","9014","Kaplan Tank ""Under the Same Sky""","8439","Size - L","1","129","60","0"
"A18066-WNS0801NC0UA","9014","Kaplan Tank ""Under the Same Sky""","8440","Size - XL","1","129","60","0"
"A18066-WNS0801NC0UA","9014","Kaplan Tank ""Under the Same Sky""","8441","Size - XS","1","129","60","0"
"W13023-WSS0901NC09A","9017","K Smith T-Shirt ""Water and Spirit Buffalo""","8442","Size - S","1","89","35","0"
"W13023-WSS0901NC09A","9017","K Smith T-Shirt ""Water and Spirit Buffalo""","8443","Size - M","1","89","35","0"
"W13023-WSS0901NC09A","9017","K Smith T-Shirt ""Water and Spirit Buffalo""","8444","Size - L","1","89","35","0"
"W13023-WSS0901NC09A","9017","K Smith T-Shirt ""Water and Spirit Buffalo""","8445","Size - XL","1","89","35","0"
"W13023-WSS0901NC09A","9017","K Smith T-Shirt ""Water and Spirit Buffalo""","8446","Size - XS","1","89","35","0"
"A18066-WPA0801NC0UA","9020","Jackie II Leggings ""Under the Same Sky""","8457","Size - XS","0","109","45","0"
"A18066-WPA0801NC0UA","9020","Jackie II Leggings ""Under the Same Sky""","8458","Size - S","0","109","45","0"
"A18066-WPA0801NC0UA","9020","Jackie II Leggings ""Under the Same Sky""","8459","Size - M","1","109","45","0"
"A18066-WPA0801NC0UA","9020","Jackie II Leggings ""Under the Same Sky""","8460","Size - L","1","109","45","0"
"A18066-WPA0801NC0UA","9020","Jackie II Leggings ""Under the Same Sky""","8461","Size - XL","1","109","45","0"
"A16058-MSW0101NC04A","9026","Samo ""Silent Seekers""","8462","Size - S","0","109","45","0"
"A16058-MSW0101NC04A","9026","Samo ""Silent Seekers""","8463","Size - M","1","109","45","0"
"A16058-MSW0101NC04A","9026","Samo ""Silent Seekers""","8464","Size - L","1","109","45","0"
"A16058-MSW0101NC04A","9026","Samo ""Silent Seekers""","8465","Size - XL","1","109","45","0"
"WAC0801NC0WA","9027","Ava Poncho ""Earth Keeper""","","Ava Poncho ""Earth Keeper""","3","109","38","0"
"A18066-WAC0201NC0UA","9038","Vivienne Scarf ""Refuge""","","Vivienne Scarf ""Refuge""","2","59","23","0"
"W20055-UAC1101NC0YA","9040","Melinda Western Scarf ""Refuge""","","Melinda Western Scarf ""Refuge""","2","59","23","0"
"A01036-UAC1101NC0ZA","9045","Melinda Western Scarf ""Teachings""","","Melinda Western Scarf ""Teachings""","0","59","23","0"
"A18066-UAC1101NC0UA","9046","Alice Neck Warmer ""Under the Same Sky""","","Alice Neck Warmer ""Under the Same Sky""","3","59","16.58","0"
"A12005-WBL0601NCOWA","9048","Kimono ""Earth Keeper""","8481","Size - TU/OS","0","129","49.5","0"
"A12005-WDR4501NC0WA","9049","Olivia Dress ""Earth Keeper""","8482","Size - XS","0","159","76","0"
"A12005-WDR4501NC0WA","9049","Olivia Dress ""Earth Keeper""","8483","Size - S","0","159","76","0"
"A12005-WDR4501NC0WA","9049","Olivia Dress ""Earth Keeper""","8484","Size - M","0","159","76","0"
"A12005-WDR4501NC0WA","9049","Olivia Dress ""Earth Keeper""","8485","Size - L","1","159","76","0"
"A12005-WDR4501NC0WA","9049","Olivia Dress ""Earth Keeper""","8486","Size - XL","0","159","76","0"
"A12005-WNS0901NC0WA","9050","Tilda Tank ""Earth Keeper""","8487","Size - XS","0","79","27","0"
"A12005-WNS0901NC0WA","9050","Tilda Tank ""Earth Keeper""","8488","Size - S","0","79","27","0"
"A12005-WNS0901NC0WA","9050","Tilda Tank ""Earth Keeper""","8489","Size - M","1","79","27","0"
"A12005-WNS0901NC0WA","9050","Tilda Tank ""Earth Keeper""","8490","Size - L","0","79","27","0"
"A12005-WNS0901NC0WA","9050","Tilda Tank ""Earth Keeper""","8491","Size - XL","1","79","27","0"
"A07020-WLS0701NC0AA","9059","Marlene Top ""Journey to the Spirit World""","8492","Size - S","0","139","79.5","0"
"A07020-WLS0701NC0AA","9059","Marlene Top ""Journey to the Spirit World""","8493","Size - M","0","139","79.5","0"
"A07020-WLS0701NC0AA","9059","Marlene Top ""Journey to the Spirit World""","8494","Size - XL","0","139","79.5","0"
"A07020-WLS0701NC0AA","9059","Marlene Top ""Journey to the Spirit World""","8495","Size - L","0","139","79.5","0"
"A07020-WLS0701NC0AA","9059","Marlene Top ""Journey to the Spirit World""","8496","Size - XS","1","139","79.5","0"
"A07020-WLS1701NC0AA","9060","Mia Turtleneck ""Journey to the Spirit World""","8497","Size - S","0","149","59.5","0"
"A07020-WLS1701NC0AA","9060","Mia Turtleneck ""Journey to the Spirit World""","8498","Size - M","0","149","59.5","0"
"A07020-WLS1701NC0AA","9060","Mia Turtleneck ""Journey to the Spirit World""","8499","Size - L","0","149","59.5","0"
"A07020-WLS1701NC0AA","9060","Mia Turtleneck ""Journey to the Spirit World""","8500","Size - XL","1","149","59.5","0"
"A07020-WLS1701NC0AA","9060","Mia Turtleneck ""Journey to the Spirit World""","8501","Size - XS","0","149","59.5","0"
"W12005-WSK0501NC0WA","9061","Elaine Skirt ""Earth Keeper""","8502","Size - S","1","149","63.5","0"
"W12005-WSK0501NC0WA","9061","Elaine Skirt ""Earth Keeper""","8503","Size - M","0","149","63.5","0"
"W12005-WSK0501NC0WA","9061","Elaine Skirt ""Earth Keeper""","8504","Size - L","0","149","63.5","0"
"W12005-WSK0501NC0WA","9061","Elaine Skirt ""Earth Keeper""","8505","Size - XL","0","149","63.5","0"
"W12005-WSK0501NC0WA","9061","Elaine Skirt ""Earth Keeper""","8506","Size - XS","1","149","63.5","0"
"A16051-WBL0601NCO5A","9062","Kimono ""Northern Keepers""","8587","Size - TU/OS","3","129","49.5","0"
"A07020-UAC1301NC0AA","9063","Rosa Headband ""Journey to the Spirit World""","","Rosa Headband ""Journey to the Spirit World""","0","49","13","0"
"A01036-WAC0201NC0ZA","9064","Vivienne Scarf ""Teachings""","","Vivienne Scarf ""Teachings""","3","59","23","0"
"A07020-WLS1301NCOAA","9141","Jamie Top ""Journey to the Spirit World""","8518","Size - S","0","129","49.5","0"
"A07020-WLS1301NCOAA","9141","Jamie Top ""Journey to the Spirit World""","8519","Size - M","1","129","49.5","0"
"A07020-WLS1301NCOAA","9141","Jamie Top ""Journey to the Spirit World""","8520","Size - L","1","129","49.5","0"
"A07020-WLS1301NCOAA","9141","Jamie Top ""Journey to the Spirit World""","8521","Size - XL","1","129","49.5","0"
"A07020-WLS1301NCOAA","9141","Jamie Top ""Journey to the Spirit World""","8522","Size - XS","0","129","49.5","0"
"W13023-WNS0701NC01A","9767","Coco Tank ""Wisdom Keepers""","8588","Size - S","1","79","34.35","0"
"W13023-WNS0701NC01A","9767","Coco Tank ""Wisdom Keepers""","8589","Size - M","2","79","34.35","0"
"W13023-WNS0701NC01A","9767","Coco Tank ""Wisdom Keepers""","8590","Size - L","1","79","34.35","0"
"W13023-WNS0701NC01A","9767","Coco Tank ""Wisdom Keepers""","8591","Size - XL","1","79","34.35","0"
"W13023-WNS0701NC01A","9767","Coco Tank ""Wisdom Keepers""","8592","Size - XS","1","79","34.35","0"
"W13023-WPA0301NC11A","9851","Carla Palazzo ""Water and Spirit Buffalo at Sunset""","8738","Size - XS","0","189","74","0"
"W13023-WPA0301NC11A","9851","Carla Palazzo ""Water and Spirit Buffalo at Sunset""","8739","Size - S","1","189","74","0"
"W13023-WPA0301NC11A","9851","Carla Palazzo ""Water and Spirit Buffalo at Sunset""","8740","Size - M","0","189","74","0"
"W13023-WPA0301NC11A","9851","Carla Palazzo ""Water and Spirit Buffalo at Sunset""","8741","Size - L","0","189","74","0"
"W13023-WPA0301NC11A","9851","Carla Palazzo ""Water and Spirit Buffalo at Sunset""","8742","Size - XL","0","189","74","0"
"W13023-WAC0501NC11A","9854","Vivienne Scarf ""Water and Spirit Buffalo at Sunset""","","Vivienne Scarf ""Water and Spirit Buffalo at Sunset""","4","59","20","0"
"W13023-WAC0501NC12A","9856","Vivienne Scarf ""Water and Spirit Buffalo at Moonrise""","","Vivienne Scarf ""Water and Spirit Buffalo at Moonrise""","3","59","20","0"
"A04015-WAC0501NC14A","9857","Vivienne Scarf ""Rebirth""","","Vivienne Scarf ""Rebirth""","3","59","20","0"
"A08019-WAC0501NC13A","9858","Vivienne Scarf ""Unity""","","Vivienne Scarf ""Unity""","3","59","20","0"
"W13023-WDR2601NC11A","9860","Kate Dress ""Water and Spirit Buffalo at Sunset""","8603","Size - S","1","169","64.5","0"
"W13023-WDR2601NC11A","9860","Kate Dress ""Water and Spirit Buffalo at Sunset""","8604","Size - M","0","169","64.5","0"
"W13023-WDR2601NC11A","9860","Kate Dress ""Water and Spirit Buffalo at Sunset""","8605","Size - L","1","169","64.5","0"
"W13023-WDR2601NC11A","9860","Kate Dress ""Water and Spirit Buffalo at Sunset""","8606","Size - XL","0","169","64.5","0"
"W13023-WDR2601NC11A","9860","Kate Dress ""Water and Spirit Buffalo at Sunset""","8607","Size - XS","0","169","64.5","0"
"A04015-WDR2601NC14A","9861","Kate Dress ""Rebirth""","8608","Size - S","0","169","64.5","0"
"A04015-WDR2601NC14A","9861","Kate Dress ""Rebirth""","8609","Size - M","0","169","64.5","0"
"A04015-WDR2601NC14A","9861","Kate Dress ""Rebirth""","8610","Size - L","0","169","64.5","0"
"A04015-WDR2601NC14A","9861","Kate Dress ""Rebirth""","8611","Size - XL","0","169","64.5","0"
"A04015-WDR2601NC14A","9861","Kate Dress ""Rebirth""","8612","Size - XS","1","169","64.5","0"
"W13023-WDR3801NC12A","9863","Felicia ""Water and Spirit Buffalo at Moonrise""","8618","Size - S","1","149","62","0"
"W13023-WDR3801NC12A","9863","Felicia ""Water and Spirit Buffalo at Moonrise""","8619","Size - M","0","149","62","0"
"W13023-WDR3801NC12A","9863","Felicia ""Water and Spirit Buffalo at Moonrise""","8620","Size - L","0","149","62","0"
"W13023-WDR3801NC12A","9863","Felicia ""Water and Spirit Buffalo at Moonrise""","8621","Size - XL","0","149","62","0"
"W13023-WDR3801NC12A","9863","Felicia ""Water and Spirit Buffalo at Moonrise""","8622","Size - XS","0","149","62","0"
"W13023-WNS0701NC12A","9864","Coco Tank ""Water and Spirit Buffalo at Moonrise""","8623","Size - S","1","79","34.35","0"
"W13023-WNS0701NC12A","9864","Coco Tank ""Water and Spirit Buffalo at Moonrise""","8624","Size - M","0","79","34.35","0"
"W13023-WNS0701NC12A","9864","Coco Tank ""Water and Spirit Buffalo at Moonrise""","8625","Size - L","0","79","34.35","0"
"W13023-WNS0701NC12A","9864","Coco Tank ""Water and Spirit Buffalo at Moonrise""","8626","Size - XL","0","79","34.35","0"
"W13023-WNS0701NC12A","9864","Coco Tank ""Water and Spirit Buffalo at Moonrise""","8627","Size - XS","1","79","34.35","0"
"W08019-WNS0701NC13A","9865","Coco Tank ""Unity""","8628","Size - S","0","79","34.35","0"
"W08019-WNS0701NC13A","9865","Coco Tank ""Unity""","8629","Size - M","0","79","34.35","0"
"W08019-WNS0701NC13A","9865","Coco Tank ""Unity""","8630","Size - L","0","79","34.35","0"
"W08019-WNS0701NC13A","9865","Coco Tank ""Unity""","8631","Size - XL","1","79","34.35","0"
"W08019-WNS0701NC13A","9865","Coco Tank ""Unity""","8632","Size - XS","0","79","34.35","0"
"W13023-WSK0501NC09A","9866","Elaine Skirt ""Water and Spirit Buffalo""","8633","Size - S","1","149","63.5","0"
"W13023-WSK0501NC09A","9866","Elaine Skirt ""Water and Spirit Buffalo""","8634","Size - M","0","149","63.5","0"
"W13023-WSK0501NC09A","9866","Elaine Skirt ""Water and Spirit Buffalo""","8635","Size - L","0","149","63.5","0"
"W13023-WSK0501NC09A","9866","Elaine Skirt ""Water and Spirit Buffalo""","8636","Size - XL","0","149","63.5","0"
"W13023-WSK0501NC09A","9866","Elaine Skirt ""Water and Spirit Buffalo""","8637","Size - XS","1","149","63.5","0"
"W13023-WSK0501NC11A","9867","Elaine Skirt ""Water and Spirit Buffalo at Sunset""","8638","Size - S","0","149","63.5","0"
"W13023-WSK0501NC11A","9867","Elaine Skirt ""Water and Spirit Buffalo at Sunset""","8639","Size - M","1","149","63.5","0"
"W13023-WSK0501NC11A","9867","Elaine Skirt ""Water and Spirit Buffalo at Sunset""","8640","Size - L","1","149","63.5","0"
"W13023-WSK0501NC11A","9867","Elaine Skirt ""Water and Spirit Buffalo at Sunset""","8641","Size - XL","1","149","63.5","0"
"W13023-WSK0501NC11A","9867","Elaine Skirt ""Water and Spirit Buffalo at Sunset""","8642","Size - XS","1","149","63.5","0"
"W13023-WSK0501NC12A","9868","Elaine Skirt ""Water and Spirit Buffalo at Moonrise""","8643","Size - S","0","149","63.5","0"
"W13023-WSK0501NC12A","9868","Elaine Skirt ""Water and Spirit Buffalo at Moonrise""","8644","Size - M","2","149","63.5","0"
"W13023-WSK0501NC12A","9868","Elaine Skirt ""Water and Spirit Buffalo at Moonrise""","8645","Size - L","1","149","63.5","0"
"W13023-WSK0501NC12A","9868","Elaine Skirt ""Water and Spirit Buffalo at Moonrise""","8646","Size - XL","0","149","63.5","0"
"W13023-WSK0501NC12A","9868","Elaine Skirt ""Water and Spirit Buffalo at Moonrise""","8647","Size - XS","1","149","63.5","0"
"A04015-WSK0501NC14A","9869","Elaine Skirt ""Rebirth""","8648","Size - S","1","149","63.5","0"
"A04015-WSK0501NC14A","9869","Elaine Skirt ""Rebirth""","8649","Size - M","1","149","63.5","0"
"A04015-WSK0501NC14A","9869","Elaine Skirt ""Rebirth""","8650","Size - L","1","149","63.5","0"
"A04015-WSK0501NC14A","9869","Elaine Skirt ""Rebirth""","8651","Size - XL","1","149","63.5","0"
"A04015-WSK0501NC14A","9869","Elaine Skirt ""Rebirth""","8652","Size - XS","0","149","63.5","0"
"A20055-WSK0501NCOYA","9870","Elaine Skirt ""Refuge""","8653","Size - S","0","149","63.5","0"
"A20055-WSK0501NCOYA","9870","Elaine Skirt ""Refuge""","8654","Size - M","2","149","63.5","0"
"A20055-WSK0501NCOYA","9870","Elaine Skirt ""Refuge""","8655","Size - L","1","149","63.5","0"
"A20055-WSK0501NCOYA","9870","Elaine Skirt ""Refuge""","8656","Size - XL","1","149","63.5","0"
"A20055-WSK0501NCOYA","9870","Elaine Skirt ""Refuge""","8657","Size - XS","0","149","63.5","0"
"A04015-WSS1201NC14A","9893","Sylvie Tunic ""Rebirth""","8658","Size - S","1","139","69","0"
"A04015-WSS1201NC14A","9893","Sylvie Tunic ""Rebirth""","8659","Size - M","1","139","69","0"
"A04015-WSS1201NC14A","9893","Sylvie Tunic ""Rebirth""","8660","Size - L","0","139","69","0"
"A04015-WSS1201NC14A","9893","Sylvie Tunic ""Rebirth""","8661","Size - XL","1","139","69","0"
"A04015-WSS1201NC14A","9893","Sylvie Tunic ""Rebirth""","8662","Size - XS","1","139","69","0"
"WSS1201NC13A","9894","Sylvie Tunic ""Unity""","8663","Size - S","0","139","69","0"
"WSS1201NC13A","9894","Sylvie Tunic ""Unity""","8664","Size - M","0","139","69","0"
"WSS1201NC13A","9894","Sylvie Tunic ""Unity""","8665","Size - L","0","139","69","0"
"WSS1201NC13A","9894","Sylvie Tunic ""Unity""","8666","Size - XL","0","139","69","0"
"WSS1201NC13A","9894","Sylvie Tunic ""Unity""","8667","Size - XS","0","139","69","0"
"A04015-WNS0901NC14A","9895","Tilda Tank ""Rebirth""","8668","Size - S","1","79","27","0"
"A04015-WNS0901NC14A","9895","Tilda Tank ""Rebirth""","8669","Size - M","0","79","27","0"
"A04015-WNS0901NC14A","9895","Tilda Tank ""Rebirth""","8670","Size - L","0","79","27","0"
"A04015-WNS0901NC14A","9895","Tilda Tank ""Rebirth""","8671","Size - XL","0","79","27","0"
"A04015-WNS0901NC14A","9895","Tilda Tank ""Rebirth""","8672","Size - XS","1","79","27","0"
"A18019-WBL0301NC13A","9896","Frida Cardigan ""Unity""","8673","Size - S","0","129","52.5","0"
"A18019-WBL0301NC13A","9896","Frida Cardigan ""Unity""","8674","Size - M","1","129","52.5","0"
"A18019-WBL0301NC13A","9896","Frida Cardigan ""Unity""","8675","Size - L","0","129","52.5","0"
"A18019-WBL0301NC13A","9896","Frida Cardigan ""Unity""","8676","Size - XL","0","129","52.5","0"
"A18019-WBL0301NC13A","9896","Frida Cardigan ""Unity""","8677","Size - XS","0","129","52.5","0"
"A08019-WDR4501NC13A","9898","Olivia Dress ""Unity""","8678","Size - S","1","159","76","0"
"A08019-WDR4501NC13A","9898","Olivia Dress ""Unity""","8679","Size - M","0","159","76","0"
"A08019-WDR4501NC13A","9898","Olivia Dress ""Unity""","8680","Size - L","0","159","76","0"
"A08019-WDR4501NC13A","9898","Olivia Dress ""Unity""","8681","Size - XL","0","159","76","0"
"A08019-WDR4501NC13A","9898","Olivia Dress ""Unity""","8682","Size - XS","0","159","76","0"
"W13023-WNS1201NC11A","9899","Tamara Top ""Spirit and Water Buffalo at Sunset""","8683","Size - S","1","129","60.5","0"
"W13023-WNS1201NC11A","9899","Tamara Top ""Spirit and Water Buffalo at Sunset""","8684","Size - M","0","129","60.5","0"
"W13023-WNS1201NC11A","9899","Tamara Top ""Spirit and Water Buffalo at Sunset""","8685","Size - L","0","129","60.5","0"
"W13023-WNS1201NC11A","9899","Tamara Top ""Spirit and Water Buffalo at Sunset""","8686","Size - XL","0","129","60.5","0"
"W13023-WNS1201NC11A","9899","Tamara Top ""Spirit and Water Buffalo at Sunset""","8687","Size - XS","1","129","60.5","0"
"W13023-WNS1201NC12A","9900","Tamara Top ""Spirit and Water Buffalo at Moonrise""","8688","Size - S","0","129","60.5","0"
"W13023-WNS1201NC12A","9900","Tamara Top ""Spirit and Water Buffalo at Moonrise""","8689","Size - M","1","129","60.5","0"
"W13023-WNS1201NC12A","9900","Tamara Top ""Spirit and Water Buffalo at Moonrise""","8690","Size - L","0","129","60.5","0"
"W13023-WNS1201NC12A","9900","Tamara Top ""Spirit and Water Buffalo at Moonrise""","8691","Size - XL","0","129","60.5","0"
"W13023-WNS1201NC12A","9900","Tamara Top ""Spirit and Water Buffalo at Moonrise""","8692","Size - XS","1","129","60.5","0"
"A08019-WNS1201NC13A","9901","Tamara Top ""Unity""","8693","Size - S","0","129","50","0"
"A08019-WNS1201NC13A","9901","Tamara Top ""Unity""","8694","Size - M","1","129","50","0"
"A08019-WNS1201NC13A","9901","Tamara Top ""Unity""","8695","Size - L","0","129","50","0"
"A08019-WNS1201NC13A","9901","Tamara Top ""Unity""","8696","Size - XL","0","129","50","0"
"A08019-WNS1201NC13A","9901","Tamara Top ""Unity""","8697","Size - XS","0","129","50","0"
"A04015-WBL1401NC14A","9903","Elani Kimono ""Rebirth""","8700","Size - TU/OS","1","149","74","0"
"W13023-WSS1801NC12A","9906","Julie Drape ""Spirit and Water Buffalo at Moonrise""","8708","Size - S","1","79","35.5","0"
"W13023-WSS1801NC12A","9906","Julie Drape ""Spirit and Water Buffalo at Moonrise""","8709","Size - M","1","79","35.5","0"
"W13023-WSS1801NC12A","9906","Julie Drape ""Spirit and Water Buffalo at Moonrise""","8710","Size - L","0","79","35.5","0"
"W13023-WSS1801NC12A","9906","Julie Drape ""Spirit and Water Buffalo at Moonrise""","8711","Size - XL","0","79","35.5","0"
"W13023-WSS1801NC12A","9906","Julie Drape ""Spirit and Water Buffalo at Moonrise""","8712","Size - XS","0","79","35.5","0"
"A04015-WDR4701NC14A","9908","Lea Dress ""Rebirth""","8718","Size - S","1","149","68.5","0"
"A04015-WDR4701NC14A","9908","Lea Dress ""Rebirth""","8719","Size - M","0","149","68.5","0"
"A04015-WDR4701NC14A","9908","Lea Dress ""Rebirth""","8720","Size - L","0","149","68.5","0"
"A04015-WDR4701NC14A","9908","Lea Dress ""Rebirth""","8721","Size - XL","0","149","68.5","0"
"A04015-WDR4701NC14A","9908","Lea Dress ""Rebirth""","8722","Size - XS","0","149","68.5","0"
"A04015-WDR4901NC14A","9909","Carrie Dress ""Rebirth""","8723","Size - S","0","149","78.5","0"
"A04015-WDR4901NC14A","9909","Carrie Dress ""Rebirth""","8724","Size - M","1","149","78.5","0"
"A04015-WDR4901NC14A","9909","Carrie Dress ""Rebirth""","8725","Size - L","1","149","78.5","0"
"A04015-WDR4901NC14A","9909","Carrie Dress ""Rebirth""","8726","Size - XL","0","149","78.5","0"
"A04015-WDR4901NC14A","9909","Carrie Dress ""Rebirth""","8727","Size - XS","0","149","78.5","0"
"A08019-WDR4901NC13A","9910","Carrie Dress ""Unity""","8728","Size - S","1","149","78.5","0"
"A08019-WDR4901NC13A","9910","Carrie Dress ""Unity""","8729","Size - M","0","149","78.5","0"
"A08019-WDR4901NC13A","9910","Carrie Dress ""Unity""","8730","Size - L","1","149","78.5","0"
"A08019-WDR4901NC13A","9910","Carrie Dress ""Unity""","8731","Size - XL","0","149","78.5","0"
"A08019-WDR4901NC13A","9910","Carrie Dress ""Unity""","8732","Size - XS","0","149","78.5","0"
"A04015-WLS2801NC14A","9911","Eden Tunic ""Rebirth""","8733","Size - S","0","139","61.89","0"
"A04015-WLS2801NC14A","9911","Eden Tunic ""Rebirth""","8734","Size - M","1","139","61.89","0"
"A04015-WLS2801NC14A","9911","Eden Tunic ""Rebirth""","8735","Size - L","1","139","61.89","0"
"A04015-WLS2801NC14A","9911","Eden Tunic ""Rebirth""","8736","Size - XL","0","139","61.89","0"
"A04015-WLS2801NC14A","9911","Eden Tunic ""Rebirth""","8737","Size - XS","0","139","61.89","0"
"A10004-WSK0501NC01A","9922","Elaine Skirt ""Merging Earth and Sky""","8743","Size - S","1","149","63.5","0"
"A10004-WSK0501NC01A","9922","Elaine Skirt ""Merging Earth and Sky""","8744","Size - M","1","149","63.5","0"
"A10004-WSK0501NC01A","9922","Elaine Skirt ""Merging Earth and Sky""","8745","Size - L","1","149","63.5","0"
"A10004-WSK0501NC01A","9922","Elaine Skirt ""Merging Earth and Sky""","8746","Size - XL","0","149","63.5","0"
"A10004-WSK0501NC01A","9922","Elaine Skirt ""Merging Earth and Sky""","8747","Size - XS","1","149","63.5","0"
"A16058-WDR3801NC04A","10394","Felicia ""Silent Seekers""","9095","Size - S","1","149","62","0"
"A16058-WDR3801NC04A","10394","Felicia ""Silent Seekers""","9096","Size - M","1","149","62","0"
"A16058-WDR3801NC04A","10394","Felicia ""Silent Seekers""","9097","Size - L","1","149","62","0"
"A16058-WDR3801NC04A","10394","Felicia ""Silent Seekers""","9098","Size - XL","1","149","62","0"
"A16058-WDR3801NC04A","10394","Felicia ""Silent Seekers""","9099","Size - XS","1","149","62","0"
"A16058-WLS2001NC04A","11079","Mia Turtleneck ""Silent Seekers"" Plus Size","9140","Size - 1X","1","149","68","0"
"A16058-WLS2001NC04A","11079","Mia Turtleneck ""Silent Seekers"" Plus Size","9141","Size - 2X","1","149","68","0"
"A16058-WLS2001NC04A","11079","Mia Turtleneck ""Silent Seekers"" Plus Size","9142","Size - 3X","1","149","68","0"
"W13023-WLS1701NC12A","11085","Mia Turtleneck ""Water and Spirit Buffalo at Moonrise""","9143","Size - S","1","149","59.5","0"
"W13023-WLS1701NC12A","11085","Mia Turtleneck ""Water and Spirit Buffalo at Moonrise""","9144","Size - M","0","149","59.5","0"
"W13023-WLS1701NC12A","11085","Mia Turtleneck ""Water and Spirit Buffalo at Moonrise""","9145","Size - L","0","149","59.5","0"
"W13023-WLS1701NC12A","11085","Mia Turtleneck ""Water and Spirit Buffalo at Moonrise""","9146","Size - XL","0","149","59.5","0"
"W13023-WLS1701NC12A","11085","Mia Turtleneck ""Water and Spirit Buffalo at Moonrise""","9147","Size - XS","1","149","59.5","0"
"A17065-WPA0301NC0CA","11087","Carla Palazzo ""Forest Temple""","9153","Size - S","1","189","74","0"
"A17065-WPA0301NC0CA","11087","Carla Palazzo ""Forest Temple""","9154","Size - M","0","189","74","0"
"A17065-WPA0301NC0CA","11087","Carla Palazzo ""Forest Temple""","9155","Size - L","1","189","74","0"
"A17065-WPA0301NC0CA","11087","Carla Palazzo ""Forest Temple""","9156","Size - XL","1","189","74","0"
"A17065-WPA0301NC0CA","11087","Carla Palazzo ""Forest Temple""","9157","Size - XS","1","189","74","0"
"A17065-WSK0501NC15A","11089","Elaine Skirt ""Forest Temple""","9163","Size - S","2","149","63.5","0"
"A17065-WSK0501NC15A","11089","Elaine Skirt ""Forest Temple""","9164","Size - M","1","149","63.5","0"
"A17065-WSK0501NC15A","11089","Elaine Skirt ""Forest Temple""","9165","Size - L","1","149","63.5","0"
"A17065-WSK0501NC15A","11089","Elaine Skirt ""Forest Temple""","9166","Size - XL","0","149","63.5","0"
"A17065-WSK0501NC15A","11089","Elaine Skirt ""Forest Temple""","9167","Size - XS","1","149","63.5","0"
"A01036-WSK0501NC0ZA","11090","Elaine Skirt ""Teachings""","9168","Size - S","1","149","63.5","0"
"A01036-WSK0501NC0ZA","11090","Elaine Skirt ""Teachings""","9169","Size - M","1","149","63.5","0"
"A01036-WSK0501NC0ZA","11090","Elaine Skirt ""Teachings""","9170","Size - L","0","149","63.5","0"
"A01036-WSK0501NC0ZA","11090","Elaine Skirt ""Teachings""","9171","Size - XL","0","149","63.5","0"
"A01036-WSK0501NC0ZA","11090","Elaine Skirt ""Teachings""","9172","Size - XS","1","149","63.5","0"
"A17065-MSS0701NC15A","11091","Salvadore Tee for Men ""Forest Temple""","9173","Size - S","1","89","36","0"
"A17065-MSS0701NC15A","11091","Salvadore Tee for Men ""Forest Temple""","9174","Size - M","1","89","36","0"
"A17065-MSS0701NC15A","11091","Salvadore Tee for Men ""Forest Temple""","9175","Size - L","1","89","36","0"
"A17065-MSS0701NC15A","11091","Salvadore Tee for Men ""Forest Temple""","9176","Size - XL","0","89","36","0"
"A17065-MSS0701NC15A","11091","Salvadore Tee for Men ""Forest Temple""","9177","Size - XS","1","89","36","0"
"A01036-MSS0701NC0ZA","11092","Salvadore Tee for Men ""Teachings""","9178","Size - S","1","89","36","0"
"A01036-MSS0701NC0ZA","11092","Salvadore Tee for Men ""Teachings""","9179","Size - M","0","89","36","0"
"A01036-MSS0701NC0ZA","11092","Salvadore Tee for Men ""Teachings""","9180","Size - L","1","89","36","0"
"A01036-MSS0701NC0ZA","11092","Salvadore Tee for Men ""Teachings""","9181","Size - XL","1","89","36","0"
"A01036-MSS0701NC0ZA","11092","Salvadore Tee for Men ""Teachings""","9182","Size - XS","1","89","36","0"
"W12001-WAC0801NC07A","12060","Ava Poncho ""Dialogue""","","Ava Poncho ""Dialogue""","1","109","38","0"
"WAC0801NC02A","12061","Ava Poncho ""Depth""","","Ava Poncho ""Depth""","0","109","38","0"
"W17063-WPA0701NC02B","12062","Parma Capri ""Depth""","9346","Size - S","0","129","55.5","0"
"W17063-WPA0701NC02B","12062","Parma Capri ""Depth""","9347","Size - M","0","129","55.5","0"
"W17063-WPA0701NC02B","12062","Parma Capri ""Depth""","9348","Size - L","0","129","55.5","0"
"W17063-WPA0701NC02B","12062","Parma Capri ""Depth""","9349","Size - XL","0","129","55.5","0"
"W17063-WPA0701NC02B","12062","Parma Capri ""Depth""","9350","Size - XS","1","129","55.5","0"
"A20055-UAC1101NC0YA","12063","Alice Neck Warmer ""Refuge""","","Alice Neck Warmer ""Refuge""","3","59","16.58","0"
"A12005-UAC1101NC0WA","12064","Alice Neck Warmer ""Earth Keeper""","","Alice Neck Warmer ""Earth Keeper""","4","59","16.58","0"
"A14051-WPA1201NC0TA","12067","Serena Legging ""Gezaluwejit""","9354","Size - XS","2","169","64","0"
"A14051-WPA1201NC0TA","12067","Serena Legging ""Gezaluwejit""","9355","Size - S","0","169","64","0"
"A14051-WPA1201NC0TA","12067","Serena Legging ""Gezaluwejit""","9356","Size - M","2","169","64","0"
"A14051-WPA1201NC0TA","12067","Serena Legging ""Gezaluwejit""","9357","Size - L","2","169","64","0"
"A14051-WPA1201NC0TA","12067","Serena Legging ""Gezaluwejit""","9358","Size - XL","2","169","64","0"
"A16058-WPA1201NC04A","12068","Serena Legging ""Silent Seekers""","9359","Size - XS","1","169","64","0"
"A16058-WPA1201NC04A","12068","Serena Legging ""Silent Seekers""","9360","Size - S","0","169","64","0"
"A16058-WPA1201NC04A","12068","Serena Legging ""Silent Seekers""","9361","Size - M","0","169","64","0"
"A16058-WPA1201NC04A","12068","Serena Legging ""Silent Seekers""","9362","Size - L","1","169","64","0"
"A16058-WPA1201NC04A","12068","Serena Legging ""Silent Seekers""","9363","Size - XL","2","169","64","0"
"A18066-WLS20001NC0UA","12069","Mia Turtleneck ""Under the Same Sky"" Plus Size","9541","Size - 1X","0","149","68","0"
"A18066-WLS20001NC0UA","12069","Mia Turtleneck ""Under the Same Sky"" Plus Size","9542","Size - 2X","0","149","68","0"
"A18066-WLS20001NC0UA","12069","Mia Turtleneck ""Under the Same Sky"" Plus Size","9543","Size - 3X","1","149","68","0"
"A17063-WPA1201NC02B","12070","Serena Legging ""Depth""","9369","Size - S","0","169","64","0"
"A17063-WPA1201NC02B","12070","Serena Legging ""Depth""","9370","Size - M","1","169","64","0"
"A17063-WPA1201NC02B","12070","Serena Legging ""Depth""","9371","Size - L","0","169","64","0"
"A17063-WPA1201NC02B","12070","Serena Legging ""Depth""","9372","Size - XL","1","169","64","0"
"A17063-WPA1201NC02B","12070","Serena Legging ""Depth""","9373","Size - XS","1","169","64","0"
"W13047-WPA1201NC17A","12071","Serena Legging ""Inner Memories""","9374","Size - S","3","169","64","0"
"W13047-WPA1201NC17A","12071","Serena Legging ""Inner Memories""","9375","Size - M","1","169","64","0"
"W13047-WPA1201NC17A","12071","Serena Legging ""Inner Memories""","9376","Size - L","2","169","64","0"
"W13047-WPA1201NC17A","12071","Serena Legging ""Inner Memories""","9377","Size - XL","1","169","64","0"
"W13047-WPA1201NC17A","12071","Serena Legging ""Inner Memories""","9378","Size - XS","0","169","64","0"
"W12018-WPA1201NC0DA","12072","Serena Legging ""Early Evening Flowing into Fall""","9379","Size - S","0","169","64","0"
"W12018-WPA1201NC0DA","12072","Serena Legging ""Early Evening Flowing into Fall""","9380","Size - M","1","169","64","0"
"W12018-WPA1201NC0DA","12072","Serena Legging ""Early Evening Flowing into Fall""","9381","Size - L","1","169","64","0"
"W12018-WPA1201NC0DA","12072","Serena Legging ""Early Evening Flowing into Fall""","9382","Size - XL","0","169","64","0"
"W12018-WPA1201NC0DA","12072","Serena Legging ""Early Evening Flowing into Fall""","9383","Size - XS","1","169","64","0"
"W160523-WPA1201NC0BB","12073","Serena Legging ""Zenith""","9384","Size - S","0","169","64","0"
"W160523-WPA1201NC0BB","12073","Serena Legging ""Zenith""","9385","Size - M","1","169","64","0"
"W160523-WPA1201NC0BB","12073","Serena Legging ""Zenith""","9386","Size - L","0","169","64","0"
"W160523-WPA1201NC0BB","12073","Serena Legging ""Zenith""","9387","Size - XL","0","169","64","0"
"W160523-WPA1201NC0BB","12073","Serena Legging ""Zenith""","9388","Size - XS","0","169","64","0"
"A17065-WNS1101NC0CB","12074","Florence Tank ""The Forest Temple""","9389","Size - XS","0","79","35","0"
"A17065-WNS1101NC0CB","12074","Florence Tank ""The Forest Temple""","9390","Size - S","0","79","35","0"
"A17065-WNS1101NC0CB","12074","Florence Tank ""The Forest Temple""","9391","Size - M","1","79","35","0"
"A17065-WNS1101NC0CB","12074","Florence Tank ""The Forest Temple""","9392","Size - L","0","79","35","0"
"A17065-WNS1101NC0CB","12074","Florence Tank ""The Forest Temple""","9393","Size - XL","0","79","35","0"
"W13047-WNS1101NC17A","12075","Florence Tank ""Inner Memories""","9394","Size - XS","1","79","35","0"
"W13047-WNS1101NC17A","12075","Florence Tank ""Inner Memories""","9395","Size - S","0","79","35","0"
"W13047-WNS1101NC17A","12075","Florence Tank ""Inner Memories""","9396","Size - M","0","79","35","0"
"W13047-WNS1101NC17A","12075","Florence Tank ""Inner Memories""","9397","Size - L","2","79","35","0"
"W13047-WNS1101NC17A","12075","Florence Tank ""Inner Memories""","9398","Size - XL","0","79","35","0"
"A16052-WNS1001NC0BA","12076","Venus Active Support Top ""Zenith""","9399","Size - XS","0","109","49","0"
"A16052-WNS1001NC0BA","12076","Venus Active Support Top ""Zenith""","9400","Size - S","1","109","49","0"
"A16052-WNS1001NC0BA","12076","Venus Active Support Top ""Zenith""","9401","Size - M","0","109","49","0"
"A16052-WNS1001NC0BA","12076","Venus Active Support Top ""Zenith""","9402","Size - L","1","109","49","0"
"A16052-WNS1001NC0BA","12076","Venus Active Support Top ""Zenith""","9403","Size - XL","0","109","49","0"
"A16058-WNS1001NC04A","12077","Venus Active Support Top ""Silent Seekers""","9404","Size - S","1","109","49","0"
"A16058-WNS1001NC04A","12077","Venus Active Support Top ""Silent Seekers""","9405","Size - M","1","109","49","0"
"A16058-WNS1001NC04A","12077","Venus Active Support Top ""Silent Seekers""","9406","Size - L","0","109","49","0"
"A16058-WNS1001NC04A","12077","Venus Active Support Top ""Silent Seekers""","9407","Size - XL","1","109","49","0"
"A16058-WNS1001NC04A","12077","Venus Active Support Top ""Silent Seekers""","9408","Size - XS","1","109","49","0"
"W13047-WPA0901NC17A","12081","Sandrine ""Inner Memories""","9409","Size - XS","1","149","61","0"
"W13047-WPA0901NC17A","12081","Sandrine ""Inner Memories""","9410","Size - S","1","149","61","0"
"W13047-WPA0901NC17A","12081","Sandrine ""Inner Memories""","9411","Size - M","0","149","61","0"
"W13047-WPA0901NC17A","12081","Sandrine ""Inner Memories""","9412","Size - L","0","149","61","0"
"W13047-WPA0901NC17A","12081","Sandrine ""Inner Memories""","9413","Size - XL","0","149","61","0"
"W16052-WPA0901NC0BA","12082","Sandrine ""Zenith""","9414","Size - S","1","149","61","0"
"W16052-WPA0901NC0BA","12082","Sandrine ""Zenith""","9415","Size - M","1","149","61","0"
"W16052-WPA0901NC0BA","12082","Sandrine ""Zenith""","9416","Size - L","0","149","61","0"
"W16052-WPA0901NC0BA","12082","Sandrine ""Zenith""","9417","Size - XL","0","149","61","0"
"W16052-WPA0901NC0BA","12082","Sandrine ""Zenith""","9418","Size - XS","1","149","61","0"
"W17063-WPA0901NC02A","12083","Sandrine ""Depth""","9419","Size - S","0","149","61","0"
"W17063-WPA0901NC02A","12083","Sandrine ""Depth""","9420","Size - M","0","149","61","0"
"W17063-WPA0901NC02A","12083","Sandrine ""Depth""","9421","Size - L","0","149","61","0"
"W17063-WPA0901NC02A","12083","Sandrine ""Depth""","9422","Size - XL","0","149","61","0"
"W17063-WPA0901NC02A","12083","Sandrine ""Depth""","9423","Size - XS","0","149","61","0"
"W13047-WDR4301NC17A","12085","Sophia ""Inner Memories""","9424","Size - XS","1","179","69","0"
"W13047-WDR4301NC17A","12085","Sophia ""Inner Memories""","9425","Size - S","0","179","69","0"
"W13047-WDR4301NC17A","12085","Sophia ""Inner Memories""","9426","Size - M","0","179","69","0"
"W13047-WDR4301NC17A","12085","Sophia ""Inner Memories""","9427","Size - L","0","179","69","0"
"W13047-WDR4301NC17A","12085","Sophia ""Inner Memories""","9428","Size - XL","0","179","69","0"
"W12018-WDR4301NC0DA","12087","Sophia ""Early Evening Flowing into Fall""","9429","Size - XS","0","179","69","0"
"W12018-WDR4301NC0DA","12087","Sophia ""Early Evening Flowing into Fall""","9430","Size - S","0","179","69","0"
"W12018-WDR4301NC0DA","12087","Sophia ""Early Evening Flowing into Fall""","9431","Size - M","0","179","69","0"
"W12018-WDR4301NC0DA","12087","Sophia ""Early Evening Flowing into Fall""","9432","Size - L","1","179","69","0"
"W12018-WDR4301NC0DA","12087","Sophia ""Early Evening Flowing into Fall""","9433","Size - XL","1","179","69","0"
"W11065-WDR4301NC0CA","12088","Sophia ""The Forest Temple""","9434","Size - S","1","179","69","0"
"W11065-WDR4301NC0CA","12088","Sophia ""The Forest Temple""","9435","Size - M","1","179","69","0"
"W11065-WDR4301NC0CA","12088","Sophia ""The Forest Temple""","9436","Size - L","0","179","69","0"
"W11065-WDR4301NC0CA","12088","Sophia ""The Forest Temple""","9437","Size - XL","0","179","69","0"
"W11065-WDR4301NC0CA","12088","Sophia ""The Forest Temple""","9438","Size - XS","0","179","69","0"
"W16052-WDR4301NC0BA","12089","Sophia ""Zenith""","9439","Size - S","1","179","69","0"
"W16052-WDR4301NC0BA","12089","Sophia ""Zenith""","9440","Size - M","0","179","69","0"
"W16052-WDR4301NC0BA","12089","Sophia ""Zenith""","9441","Size - L","0","179","69","0"
"W16052-WDR4301NC0BA","12089","Sophia ""Zenith""","9442","Size - XL","0","179","69","0"
"W16052-WDR4301NC0BA","12089","Sophia ""Zenith""","9443","Size - XS","0","179","69","0"
"W12005-WDR4301NC0WA","12090","Sophia ""Earth Keeper""","9444","Size - S","1","179","69","0"
"W12005-WDR4301NC0WA","12090","Sophia ""Earth Keeper""","9445","Size - M","0","179","69","0"
"W12005-WDR4301NC0WA","12090","Sophia ""Earth Keeper""","9446","Size - L","0","179","69","0"
"W12005-WDR4301NC0WA","12090","Sophia ""Earth Keeper""","9447","Size - XL","0","179","69","0"
"W12005-WDR4301NC0WA","12090","Sophia ""Earth Keeper""","9448","Size - XS","1","179","69","0"
"W13047-WDR5301NC17B","12098","Victoire ""Inner Memories""","9449","Size - XS","1","159","61.5","0"
"W13047-WDR5301NC17B","12098","Victoire ""Inner Memories""","9450","Size - S","1","159","61.5","0"
"W13047-WDR5301NC17B","12098","Victoire ""Inner Memories""","9451","Size - M","1","159","61.5","0"
"W13047-WDR5301NC17B","12098","Victoire ""Inner Memories""","9452","Size - L","0","159","61.5","0"
"W13047-WDR5301NC17B","12098","Victoire ""Inner Memories""","9453","Size - XL","0","159","61.5","0"
"W13041-WDR5301NC0EB","12101","Victoire ""Lapinx""","9454","Size - S","0","159","61.5","0"
"W13041-WDR5301NC0EB","12101","Victoire ""Lapinx""","9455","Size - M","1","159","61.5","0"
"W13041-WDR5301NC0EB","12101","Victoire ""Lapinx""","9456","Size - L","0","159","61.5","0"
"W13041-WDR5301NC0EB","12101","Victoire ""Lapinx""","9457","Size - XL","1","159","61.5","0"
"W13041-WDR5301NC0EB","12101","Victoire ""Lapinx""","9458","Size - XS","0","159","61.5","0"
"W17063-WDR5301NC02A","12102","Victoire ""Depth""","9459","Size - S","0","159","61.5","0"
"W17063-WDR5301NC02A","12102","Victoire ""Depth""","9460","Size - M","1","159","61.5","0"
"W17063-WDR5301NC02A","12102","Victoire ""Depth""","9461","Size - L","0","159","61.5","0"
"W17063-WDR5301NC02A","12102","Victoire ""Depth""","9462","Size - XL","0","159","61.5","0"
"W17063-WDR5301NC02A","12102","Victoire ""Depth""","9463","Size - XS","1","159","61.5","0"
"W16052-WDR5301NC0BA","12103","Victoire ""Zenith""","9464","Size - S","0","159","61.5","0"
"W16052-WDR5301NC0BA","12103","Victoire ""Zenith""","9465","Size - M","1","159","61.5","0"
"W16052-WDR5301NC0BA","12103","Victoire ""Zenith""","9466","Size - L","0","159","61.5","0"
"W16052-WDR5301NC0BA","12103","Victoire ""Zenith""","9467","Size - XL","1","159","61.5","0"
"W16052-WDR5301NC0BA","12103","Victoire ""Zenith""","9468","Size - XS","0","159","61.5","0"
"W10004-WDR5301NC01A","12104","Victoire ""Merging Earth and Sky""","9469","Size - S","1","159","61.5","0"
"W10004-WDR5301NC01A","12104","Victoire ""Merging Earth and Sky""","9470","Size - M","1","159","61.5","0"
"W10004-WDR5301NC01A","12104","Victoire ""Merging Earth and Sky""","9471","Size - L","0","159","61.5","0"
"W10004-WDR5301NC01A","12104","Victoire ""Merging Earth and Sky""","9472","Size - XL","0","159","61.5","0"
"W10004-WDR5301NC01A","12104","Victoire ""Merging Earth and Sky""","9473","Size - XS","0","159","61.5","0"
"A17063-WBL1101NC02A","12106","Nikki Cardigan ""Depth""","9474","Size - S","1","159","50","0"
"A17063-WBL1101NC02A","12106","Nikki Cardigan ""Depth""","9475","Size - M","1","159","50","0"
"A17063-WBL1101NC02A","12106","Nikki Cardigan ""Depth""","9476","Size - L","1","159","50","0"
"A17063-WBL1101NC02A","12106","Nikki Cardigan ""Depth""","9477","Size - XL","1","159","50","0"
"A17063-WBL1101NC02A","12106","Nikki Cardigan ""Depth""","9478","Size - XS","1","159","50","0"
"A16058-WBL1101NC04A","12107","Nikki Cardigan ""Silent Seekers""","9479","Size - S","0","159","50","0"
"A16058-WBL1101NC04A","12107","Nikki Cardigan ""Silent Seekers""","9480","Size - M","1","159","50","0"
"A16058-WBL1101NC04A","12107","Nikki Cardigan ""Silent Seekers""","9481","Size - L","1","159","50","0"
"A16058-WBL1101NC04A","12107","Nikki Cardigan ""Silent Seekers""","9482","Size - XL","1","159","50","0"
"A16058-WBL1101NC04A","12107","Nikki Cardigan ""Silent Seekers""","9483","Size - XS","1","159","50","0"
"A16058-WBL1201NC04A","12108","Nikki Cardigan ""Silent Seekers"" Plus Size","9489","Size - 1X","1","159","61.5","0"
"A16058-WBL1201NC04A","12108","Nikki Cardigan ""Silent Seekers"" Plus Size","9490","Size - 2X","1","159","61.5","0"
"A16058-WBL1201NC04A","12108","Nikki Cardigan ""Silent Seekers"" Plus Size","9491","Size - 3X","1","159","61.5","0"
"A16058-WSK0501NC04A","12139","Elaine Skirt ""Silent Seekers""","9492","Size - S","1","149","63.5","0"
"A16058-WSK0501NC04A","12139","Elaine Skirt ""Silent Seekers""","9493","Size - M","1","149","63.5","0"
"A16058-WSK0501NC04A","12139","Elaine Skirt ""Silent Seekers""","9494","Size - L","1","149","63.5","0"
"A16058-WSK0501NC04A","12139","Elaine Skirt ""Silent Seekers""","9495","Size - XL","1","149","63.5","0"
"A16058-WSK0501NC04A","12139","Elaine Skirt ""Silent Seekers""","9496","Size - XS","1","149","63.5","0"
"W12005-WDR4401NC0WA","12188","Sophia ""Earth Keeper"" Plus Size","9517","Size - 1X","1","179","73","0"
"W12005-WDR4401NC0WA","12188","Sophia ""Earth Keeper"" Plus Size","9518","Size - 2X","1","179","73","0"
"W12005-WDR4401NC0WA","12188","Sophia ""Earth Keeper"" Plus Size","9519","Size - 3X","1","179","73","0"
"A16058-WLS1801NC04A","12194","Patti Tunic II ""Silent Seekers"" Plus Size","9525","Size - 1X","1","129","60.5","0"
"A16058-WLS1801NC04A","12194","Patti Tunic II ""Silent Seekers"" Plus Size","9526","Size - 2X","1","129","60.5","0"
"A16058-WLS1801NC04A","12194","Patti Tunic II ""Silent Seekers"" Plus Size","9527","Size - 3X","1","129","60.5","0"
"W13023-WLS2001NC12A","12195","Mia Turtleneck ""Water and Spirit Buffalo at Moonrise"" Plus Size","9533","Size - 1X","0","149","68","0"
"W13023-WLS2001NC12A","12195","Mia Turtleneck ""Water and Spirit Buffalo at Moonrise"" Plus Size","9534","Size - 2X","0","149","68","0"
"W13023-WLS2001NC12A","12195","Mia Turtleneck ""Water and Spirit Buffalo at Moonrise"" Plus Size","9535","Size - 3X","1","149","68","0"
"W12005-WLS1801NC0WA","13026","Patti Tunic II ""Earth Keeper"" Plus Size","9793","Size - 2X","1","129","60.5","0"
"W12005-WLS1801NC0WA","13026","Patti Tunic II ""Earth Keeper"" Plus Size","9794","Size - 3X","1","129","60.5","0"
"W12005-WLS1801NC0WA","13026","Patti Tunic II ""Earth Keeper"" Plus Size","9795","Size - 1X","1","129","60.5","0"
"A16058-UAC1501NC04A","13028","Simone Headband ""Silent Seekers""","","Simone Headband ""Silent Seekers""","8","49","12.03","0"
"PON400O-06","13085","Poncho ""Harfang""","9843","Size - 18mth - 3yrs","0","85","0","51"
"PON400O-06","13085","Poncho ""Harfang""","9844","Size - 4yrs - 8yrs","0","89","0","53"
"SUN400O-06","13086","Poncho ""Sunrise""","9845","Size - 4yrs - 8yrs","0","89","0","53"
"SUN400O-06","13086","Poncho ""Sunrise""","9846","Size - 18mth - 3yrs","1","85.00","0.00","51.00"
"STOR600OS-03","13087","Shawl ""Storm""","","Shawl ""Storm""","0","134.00","80.00","0.00"
"THUN600OS-03","13089","Shawl ""Thunderbird""","","Shawl ""Thunderbird""","1","134.00","80.00","0.00"
"BIRC600OS-03","13090","Shawl ""Birch Bark""","","Shawl ""Birch Bark""","1","134.00","80.00","0.00"
"MIEL600OS-03","13091","Shawl ""Miel""","","Shawl ""Miel""","2","134.00","80.00","0.00"
"CURR600OS-03","13092","Shawl ""Currant""","","Shawl ""Currant""","2","134.00","80.00","0.00"
"HARV600OS-03","13093","Shawl ""Harvesters""","","Shawl ""Harvesters""","2","134.00","80.00","0.00"
"A17064-UAC1101NC03A","13111","Alice Neck Warmer ""Motter Love""","","Alice Neck Warmer ""Motter Love""","3","59.00","16.58","0.00"
"A16058-UAC1101NC04A","13112","Alice Neck Warmer ""Silent Seekers""","","Alice Neck Warmer ""Silent Seekers""","1","59.00","16.58","0.00"
"A01036-WSS1401NC0ZA","13274","Kiki T-Shirt ""Teachings"" Plus size","10167","Size - 2X","0","89.00","43.90","0.00"
"A01036-WSS1401NC0ZA","13274","Kiki T-Shirt ""Teachings"" Plus size","10168","Size - 3X","1","89.00","43.90","0.00"
"A01036-WSS1401NC0ZA","13274","Kiki T-Shirt ""Teachings"" Plus size","10169","Size - 1X","0","89.00","43.90","0.00"
"A16059-WLS340101NC01A","13621","Catherine Zip Top - ""Wisdom Keepers""","10257","Size - XS","1","159.00","59.50","0.00"
"A16059-WLS340101NC01A","13621","Catherine Zip Top - ""Wisdom Keepers""","10258","Size - S","2","159.00","59.50","0.00"
"A16059-WLS340101NC01A","13621","Catherine Zip Top - ""Wisdom Keepers""","10259","Size - M","0","159.00","59.50","0.00"
"A16059-WLS340101NC01A","13621","Catherine Zip Top - ""Wisdom Keepers""","10260","Size - L","0","159.00","59.50","0.00"
"A16059-WLS340101NC01A","13621","Catherine Zip Top - ""Wisdom Keepers""","10261","Size - XL","0","159.00","59.50","0.00"
"A16058-WAC0601NC04A","13876","Claudia Shawl ""Silent Seekers""","","Claudia Shawl ""Silent Seekers""","0","109.00","35.00","0.00"
"A17064-WAC0601NC03A","13880","Claudia Shawl ""Motter Love""","","Claudia Shawl ""Motter Love""","0","109.00","35.00","0.00"
"A08019-WLS340101NC13A","13884","Catherine Zip Top - ""Unity""","10306","Size - S","0","159.00","59.50","0.00"
"A08019-WLS340101NC13A","13884","Catherine Zip Top - ""Unity""","10307","Size - M","1","159.00","59.50","0.00"
"A08019-WLS340101NC13A","13884","Catherine Zip Top - ""Unity""","10308","Size - L","0","159.00","59.50","0.00"
"A08019-WLS340101NC13A","13884","Catherine Zip Top - ""Unity""","10309","Size - XL","1","159.00","59.50","0.00"
"A08019-WLS340101NC13A","13884","Catherine Zip Top - ""Unity""","10310","Size - XS","1","159.00","59.50","0.00"
"W13026-WBL1701NC1DA","14000","Terry-Ann Kimono ""In her World""","10323","Size - TU/OS","1","119.00","58.00","0.00"
"W13023-WBL1701NC16A","14009","Terry-Ann Kimono ""Water and Spirit Buffalo""","10324","Size - TU/OS","3","119.00","58.00","0.00"
"A01028-WBL1701NC08A","14010","Terry-Ann Kimono ""Giving Thanks""","10325","Size - TU/OS","4","119.00","58.00","0.00"
"WBL1701NC1BA","14011","Terry-Ann Kimono ""Geese Spirit""","10326","Size - TU/OS","3","119.00","58.00","0.00"
"W13025-WBL1701NC1EA","14012","Terry-Ann Kimono ""Passage""","10327","Size - TU/OS","2","119.00","58.00","0.00"
"W13047-RES0101NC17A","14013","Marina Beach ""Inner Memories""","","Marina Beach ""Inner Memories""","1","109.00","46.00","0.00"
"W13047-RES0201NC17A","14018","Océanne Beach ""Inner Memories""","","Océanne Beach ""Inner Memories""","1","99.00","40.50","0.00"
"A07020-WNS1301NC0AA","14091","Kaplan Plus ""Journey to the Spirit World""","10333","Size - 1X","0","129.00","64.00","0.00"
"A07020-WNS1301NC0AA","14091","Kaplan Plus ""Journey to the Spirit World""","10334","Size - 2X","1","129.00","64.00","0.00"
"A07020-WNS1301NC0AA","14091","Kaplan Plus ""Journey to the Spirit World""","10335","Size - 3X","1","129.00","64.00","0.00"
"A17063-WNS1301NC02A","14092","Kaplan Plus ""Depth""","10336","Size - 2X","1","129.00","64.00","0.00"
"A17063-WNS1301NC02A","14092","Kaplan Plus ""Depth""","10337","Size - 3X","1","129.00","64.00","0.00"
"A17063-WNS1301NC02A","14092","Kaplan Plus ""Depth""","10338","Size - 1X","0","129.00","64.00","0.00"
"A13026-WNS1301NC1DA","14093","Kaplan Plus ""In Her World""","10339","Size - 2X","0","129.00","64.00","0.00"
"A13026-WNS1301NC1DA","14093","Kaplan Plus ""In Her World""","10340","Size - 3X","0","129.00","64.00","0.00"
"A13026-WNS1301NC1DA","14093","Kaplan Plus ""In Her World""","10341","Size - 1X","1","129.00","64.00","0.00"
"A10046-WNS1301NC1BA","14094","Kaplan Plus ""Geese Spirit""","10342","Size - 2X","0","129.00","64.00","0.00"
"A10046-WNS1301NC1BA","14094","Kaplan Plus ""Geese Spirit""","10343","Size - 3X","1","129.00","64.00","0.00"
"A10046-WNS1301NC1BA","14094","Kaplan Plus ""Geese Spirit""","10344","Size - 1X","1","129.00","64.00","0.00"
"W12005-WDR5401NC0WA","14095","Kate Dress ""Earth Keeper"" Plus Size","10350","Size - 1X","1","169.00","81.50","0.00"
"W12005-WDR5401NC0WA","14095","Kate Dress ""Earth Keeper"" Plus Size","10351","Size - 2X","1","169.00","81.50","0.00"
"W12005-WDR5401NC0WA","14095","Kate Dress ""Earth Keeper"" Plus Size","10352","Size - 3X","1","169.00","81.50","0.00"
"A16058-WDR5401NC04A","14096","Kate Dress ""Silent Seekers"" Plus Size","10353","Size - 2X","1","169.00","81.50","0.00"
"A16058-WDR5401NC04A","14096","Kate Dress ""Silent Seekers"" Plus Size","10354","Size - 3X","1","169.00","81.50","0.00"
"A16058-WDR5401NC04A","14096","Kate Dress ""Silent Seekers"" Plus Size","10355","Size - 1X","0","169.00","81.50","0.00"
"W13023-WBL0601NC11A","14097","Kimono ""Water and Spirit Buffalo at Sunset""","10356","Size - TU/OS","1","129.00","49.50","0.00"
"A17063-WDR4801NC02A","14173","Elise Maxi ""Depth""","10369","Size - XS","0","149.00","56.00","0.00"
"A17063-WDR4801NC02A","14173","Elise Maxi ""Depth""","10370","Size - S","0","149.00","56.00","0.00"
"A17063-WDR4801NC02A","14173","Elise Maxi ""Depth""","10371","Size - M","0","149.00","56.00","0.00"
"A17063-WDR4801NC02A","14173","Elise Maxi ""Depth""","10372","Size - L","0","149.00","56.00","0.00"
"A17063-WDR4801NC02A","14173","Elise Maxi ""Depth""","10373","Size - XL","0","149.00","56.00","0.00"
"W13023-WDR4801NC16A","14174","Elise Maxi ""Water and Spirit Buffalo""","10374","Size - XS","0","149.00","56.00","0.00"
"W13023-WDR4801NC16A","14174","Elise Maxi ""Water and Spirit Buffalo""","10375","Size - S","0","149.00","56.00","0.00"
"W13023-WDR4801NC16A","14174","Elise Maxi ""Water and Spirit Buffalo""","10376","Size - M","1","149.00","56.00","0.00"
"W13023-WDR4801NC16A","14174","Elise Maxi ""Water and Spirit Buffalo""","10377","Size - L","0","149.00","56.00","0.00"
"W13023-WDR4801NC16A","14174","Elise Maxi ""Water and Spirit Buffalo""","10378","Size - XL","0","149.00","56.00","0.00"
"A07020-WSS0901NC0AA","14175","K Smith T-Shirt ""Journey to the Spirit World""","10379","Size - S","1","89.00","35.00","0.00"
"A07020-WSS0901NC0AA","14175","K Smith T-Shirt ""Journey to the Spirit World""","10380","Size - M","0","89.00","35.00","0.00"
"A07020-WSS0901NC0AA","14175","K Smith T-Shirt ""Journey to the Spirit World""","10381","Size - L","1","89.00","35.00","0.00"
"A07020-WSS0901NC0AA","14175","K Smith T-Shirt ""Journey to the Spirit World""","10382","Size - XL","1","89.00","35.00","0.00"
"A07020-WSS0901NC0AA","14175","K Smith T-Shirt ""Journey to the Spirit World""","10383","Size - XS","1","89.00","35.00","0.00"
"W12005-WBL1201NC0WA","14183","Nikki Cardigan ""Earth Keeper"" Plus Size","10394","Size - 2X","1","159.00","50.00","0.00"
"W12005-WBL1201NC0WA","14183","Nikki Cardigan ""Earth Keeper"" Plus Size","10395","Size - 3X","0","159.00","50.00","0.00"
"W12005-WBL1201NC0WA","14183","Nikki Cardigan ""Earth Keeper"" Plus Size","10396","Size - 1X","1","159.00","50.00","0.00"
"A16058-WLS340101NC04A","14184","Catherine Zip Top - ""Silent Seekers""","10402","Size - XS","1","159.00","59.50","0.00"
"A16058-WLS340101NC04A","14184","Catherine Zip Top - ""Silent Seekers""","10403","Size - S","1","159.00","59.50","0.00"
"A16058-WLS340101NC04A","14184","Catherine Zip Top - ""Silent Seekers""","10404","Size - M","0","159.00","59.50","0.00"
"A16058-WLS340101NC04A","14184","Catherine Zip Top - ""Silent Seekers""","10405","Size - L","0","159.00","59.50","0.00"
"A16058-WLS340101NC04A","14184","Catherine Zip Top - ""Silent Seekers""","10406","Size - XL","1","159.00","59.50","0.00"
"W12018-WLS340101NC0DA","14185","Catherine Zip Top - ""Early Evening Flowing into Fall""","10412","Size - XS","0","159.00","59.50","0.00"
"W12018-WLS340101NC0DA","14185","Catherine Zip Top - ""Early Evening Flowing into Fall""","10413","Size - S","0","159.00","59.50","0.00"
"W12018-WLS340101NC0DA","14185","Catherine Zip Top - ""Early Evening Flowing into Fall""","10414","Size - M","0","159.00","59.50","0.00"
"W12018-WLS340101NC0DA","14185","Catherine Zip Top - ""Early Evening Flowing into Fall""","10415","Size - L","0","159.00","59.50","0.00"
"W12018-WLS340101NC0DA","14185","Catherine Zip Top - ""Early Evening Flowing into Fall""","10416","Size - XL","0","159.00","59.50","0.00"
"A10046-WNS0801NC1BA","14186","Kaplan Tank ""Geese Spirit""","10422","Size - XS","1","129.00","60.00","0.00"
"A10046-WNS0801NC1BA","14186","Kaplan Tank ""Geese Spirit""","10423","Size - S","1","129.00","60.00","0.00"
"A10046-WNS0801NC1BA","14186","Kaplan Tank ""Geese Spirit""","10424","Size - M","1","129.00","60.00","0.00"
"A10046-WNS0801NC1BA","14186","Kaplan Tank ""Geese Spirit""","10425","Size - L","1","129.00","60.00","0.00"
"A10046-WNS0801NC1BA","14186","Kaplan Tank ""Geese Spirit""","10426","Size - XL","1","129.00","60.00","0.00"
"TUND600OS-03","14231","Shawl ""Tundra""","","Shawl ""Tundra""","1","134.00","80.00","0.00"
"MKWA600OS-03","14232","Shawl ""Mkwa""","","Shawl ""Mkwa""","1","134.00","80.00","0.00"
"NIBI600OS-03","14234","Shawl ""Nibi""","","Shawl ""Nibi""","2","134.00","80.00","0.00"
"SAND600OS-03","14235","Shawl ""Sand""","","Shawl ""Sand""","1","134.00","80.00","0.00"
"FLEU600OS-03","14236","Shawl ""Fleurs""","","Shawl ""Fleurs""","1","134.00","80.00","0.00"
"A16058-WPA1301NC04A","14601","Brooke Jogger ""Silent Seekers""","10562","Size - XS","1","159.00","63.50","0.00"
"A16058-WPA1301NC04A","14601","Brooke Jogger ""Silent Seekers""","10563","Size - S","1","159.00","63.50","0.00"
"A16058-WPA1301NC04A","14601","Brooke Jogger ""Silent Seekers""","10564","Size - M","1","159.00","63.50","0.00"
"A16058-WPA1301NC04A","14601","Brooke Jogger ""Silent Seekers""","10565","Size - L","0","159.00","63.50","0.00"
"A16058-WPA1301NC04A","14601","Brooke Jogger ""Silent Seekers""","10566","Size - XL","0","159.00","63.50","0.00"
"4DIR700-10","14661","Hoodie Poncho ""Four Directions""","10583","Size - S","1","209.00","120.00","0.00"
"4DIR700-10","14661","Hoodie Poncho ""Four Directions""","10584","Size - M","2","209.00","120.00","0.00"
"4DIR700-10","14661","Hoodie Poncho ""Four Directions""","10585","Size - L","1","209.00","120.00","0.00"
"4DIR700-10","14661","Hoodie Poncho ""Four Directions""","10586","Size - XL","1","209.00","120.00","0.00"
"THUN700-10","14662","Hoodie Poncho ""Thunderbird""","10587","Size - S","0","209.00","120.00","0.00"
"THUN700-10","14662","Hoodie Poncho ""Thunderbird""","10588","Size - M","2","209.00","120.00","0.00"
"THUN700-10","14662","Hoodie Poncho ""Thunderbird""","10589","Size - L","1","209.00","120.00","0.00"
"THUN700-10","14662","Hoodie Poncho ""Thunderbird""","10590","Size - XL","1","209.00","120.00","0.00"
"OVR0101NC1JA","14754","Oprah Cardigan ""Carried Away Under The Blue Moon""","","Oprah Cardigan ""Carried Away Under The Blue Moon""","3","139.00","54.00","0.00"
"OVR0101NC14A","14755","Oprah Cardigan ""Silent Seekers""","","Oprah Cardigan ""Silent Seekers""","0","139.00","54.00","0.00"
"OVR0101NC1BA","14756","Oprah Cardigan ""Geese Spirit""","","Oprah Cardigan ""Geese Spirit""","2","139.00","54.00","0.00"
"WSK0501NC1JA","14758","Elaine Skirt ""Carried Away Under The Blue Moon""","10620","Size - S","1","149.00","63.50","0.00"
"WSK0501NC1JA","14758","Elaine Skirt ""Carried Away Under The Blue Moon""","10621","Size - M","0","149.00","63.50","0.00"
"WSK0501NC1JA","14758","Elaine Skirt ""Carried Away Under The Blue Moon""","10622","Size - L","0","149.00","63.50","0.00"
"WSK0501NC1JA","14758","Elaine Skirt ""Carried Away Under The Blue Moon""","10623","Size - XL","0","149.00","63.50","0.00"
"WSK0501NC1JA","14758","Elaine Skirt ""Carried Away Under The Blue Moon""","10624","Size - XS","0","149.00","63.50","0.00"
"WAC0901NC1JA","14760","Nora Scarf ""Carried Away Under The Blue Moon""","","Nora Scarf ""Carried Away Under The Blue Moon""","0","69.00","26.00","0.00"
"MSS0701NC05A","14761","Salvadore Tee for Men ""Carried Away Under The Blue Moon""","10630","Size - XS","0","89.00","36.00","0.00"
"MSS0701NC05A","14761","Salvadore Tee for Men ""Carried Away Under The Blue Moon""","10631","Size - S","0","89.00","36.00","0.00"
"MSS0701NC05A","14761","Salvadore Tee for Men ""Carried Away Under The Blue Moon""","10632","Size - M","1","89.00","36.00","0.00"
"MSS0701NC05A","14761","Salvadore Tee for Men ""Carried Away Under The Blue Moon""","10633","Size - L","0","89.00","36.00","0.00"
"MSS0701NC05A","14761","Salvadore Tee for Men ""Carried Away Under The Blue Moon""","10634","Size - XL","0","89.00","36.00","0.00"
"WBL1801NC1JA","14763","Meryl Satin Kimono ""Carried Away Under The Blue Moon""","","Meryl Satin Kimono ""Carried Away Under The Blue Moon""","1","279.00","128.00","0.00"
"WBL1801NC1BA","14764","Meryl Satin Kimono ""Geese Spirit""","","Meryl Satin Kimono ""Geese Spirit""","1","279.00","128.00","0.00"
"WBL1801NC14A","14765","Meryl Satin Kimono ""Silent Seekers""","","Meryl Satin Kimono ""Silent Seekers""","1","279.00","128.00","0.00"
"WBL1801NC15A","14766","Meryl Satin Kimono ""Northern Keepers""","","Meryl Satin Kimono ""Northern Keepers""","1","279.00","128.00","0.00"
"WLS1701NC0BB","14769","Mia Turtleneck ""Zenith II""","10641","Size - XS","0","149.00","59.50","0.00"
"WLS1701NC0BB","14769","Mia Turtleneck ""Zenith II""","10642","Size - S","1","149.00","59.50","0.00"
"WLS1701NC0BB","14769","Mia Turtleneck ""Zenith II""","10643","Size - M","1","149.00","59.50","0.00"
"WLS1701NC0BB","14769","Mia Turtleneck ""Zenith II""","10644","Size - L","1","149.00","59.50","0.00"
"WLS1701NC0BB","14769","Mia Turtleneck ""Zenith II""","10645","Size - XL","0","149.00","59.50","0.00"
"WLS1701NC0BA","14770","Mia Turtleneck ""Zenith""","10646","Size - XS","1","149.00","59.50","0.00"
"WLS1701NC0BA","14770","Mia Turtleneck ""Zenith""","10647","Size - S","0","149.00","59.50","0.00"
"WLS1701NC0BA","14770","Mia Turtleneck ""Zenith""","10648","Size - M","0","149.00","59.50","0.00"
"WLS1701NC0BA","14770","Mia Turtleneck ""Zenith""","10649","Size - L","0","149.00","59.50","0.00"
"WLS1701NC0BA","14770","Mia Turtleneck ""Zenith""","10650","Size - XL","1","149.00","59.50","0.00"
"CURRMITT","14802","""Current"" Mittens","10665","Size - S","0","58.00","34.00","0.00"
"CURRMITT","14802","""Current"" Mittens","10666","Size - M","1","58.00","34.00","0.00"
"CURRMITT","14802","""Current"" Mittens","10667","Size - L","0","58.00","34.00","0.00"
"TUNDMITT","14803","""Tundra"" Mittens","10668","Size - M","1","58.00","34.00","0.00"
"TUNDMITT","14803","""Tundra"" Mittens","10669","Size - L","0","58.00","34.00","0.00"
"TUNDMITT","14803","""Tundra"" Mittens","10670","Size - S","0","58.00","34.00","0.00"
"SANDMITT","14807","""Sand"" Mittens","10671","Size - M","1","58.00","34.00","0.00"
"SANDMITT","14807","""Sand"" Mittens","10672","Size - L","0","58.00","34.00","0.00"
"SANDMITT","14807","""Sand"" Mittens","10673","Size - S","0","58.00","34.00","0.00"
"NIBIMITT","14808","""Nibi"" Mittens","10674","Size - M","1","58.00","34.00","0.00"
"NIBIMITT","14808","""Nibi"" Mittens","10675","Size - L","0","58.00","34.00","0.00"
"NIBIMITT","14808","""Nibi"" Mittens","10676","Size - S","0","58.00","34.00","0.00"
"MKWAMITT","14809","""Mkwa"" Mittens","10677","Size - M","0","58.00","34.00","0.00"
"MKWAMITT","14809","""Mkwa"" Mittens","10678","Size - L","0","58.00","34.00","0.00"
"MKWAMITT","14809","""Mkwa"" Mittens","10679","Size - S","0","58.00","34.00","0.00"
"FLEUMITT","14810","""Fleurs"" Mittens","10680","Size - M","2","58.00","34.00","0.00"
"FLEUMITT","14810","""Fleurs"" Mittens","10681","Size - L","0","58.00","34.00","0.00"
"FLEUMITT","14810","""Fleurs"" Mittens","10682","Size - S","0","58.00","34.00","0.00"
"THUNMITT","14811","""Thunderbird"" Mittens","10683","Size - M","0","58.00","34.00","0.00"
"THUNMITT","14811","""Thunderbird"" Mittens","10684","Size - L","0","58.00","34.00","0.00"
"THUNMITT","14811","""Thunderbird"" Mittens","10685","Size - S","0","58.00","34.00","0.00"
"STARSCARF","14812","Infinity Scarf ""Star""","","Infinity Scarf ""Star""","0","85.00","0.00","0.00"
"STAR600OS-03","14817","Shawl ""Star""","","Shawl ""Star""","0","134.00","80.00","0.00"
"SCA0201NC0YA","14828","Aspen Scarf ""Refuge""","","Aspen Scarf ""Refuge""","4","79.00","19.55","0.00"
"SCA0201NC1JA","14829","Aspen Scarf ""Carried Away Under The Blue Moon""","","Aspen Scarf ""Carried Away Under The Blue Moon""","2","79.00","19.55","0.00"
"SCA0201NC0BA","14830","Aspen Scarf ""Zenith""","","Aspen Scarf ""Zenith""","4","79.00","19.55","0.00"
"SCA0201NC04A","14832","Aspen Scarf ""Silent Seekers""","","Aspen Scarf ""Silent Seekers""","4","79.00","19.55","0.00"
"SCA0201NCIBA","14833","Aspen Scarf ""Geese Spirit""","","Aspen Scarf ""Geese Spirit""","2","79.00","19.55","0.00"
"SCA0201NC05A","14834","Aspen Scarf ""Northern Keepers""","","Aspen Scarf ""Northern Keepers""","5","79.00","19.55","0.00"
"WLS2001NC05A","14835","Mia Turtleneck ""Northern Keepers"" Plus Size","10691","Size - 1X","0","149.00","68.00","0.00"
"WLS2001NC05A","14835","Mia Turtleneck ""Northern Keepers"" Plus Size","10692","Size - 2X","1","149.00","68.00","0.00"
"WLS2001NC05A","14835","Mia Turtleneck ""Northern Keepers"" Plus Size","10693","Size - 3X","0","149.00","68.00","0.00"
"SCA0201NCODA","15020","Aspen Scarf ""Early Evening Flowing Into Fall""","","Aspen Scarf ""Early Evening Flowing Into Fall""","2","79.00","19.55","0.00"
"ECLA600OS-03","15148","Shawl ""Eclair""","","Shawl ""Eclair""","2","134.00","80.00","0.00"
"BLU400O-06","15156","Poncho ""Blush""","10932","Size - 4yrs - 8yrs","0","89.00","0.00","53.00"
"BLU400O-06","15156","Poncho ""Blush""","10933","Size - 18mth - 3yrs","0","85.00","0.00","51.00"
"SCA0201NC0IA","15178","Aspen Scarf ""Wisdom Keepers""","","Aspen Scarf ""Wisdom Keepers""","4","79.00","19.55","0.00"
"MSW0201NC02A","15180","James Sweater ""Depth""","10970","Size - S","0","149.00","63.50","0.00"
"MSW0201NC02A","15180","James Sweater ""Depth""","10971","Size - M","0","149.00","63.50","0.00"
"MSW0201NC02A","15180","James Sweater ""Depth""","10972","Size - L","0","149.00","63.50","0.00"
"MSW0201NC02A","15180","James Sweater ""Depth""","10973","Size - XL","0","149.00","63.50","0.00"
"MSW0201NC02A","15180","James Sweater ""Depth""","10974","Size - XS","0","149.00","63.50","0.00"
"RES0201NC13A","15183","Océanne Beach ""Unity""","","Océanne Beach ""Unity""","0","99.00","40.50","0.00"
"RES0201NC0FA","15185","Océanne Beach ""New Day""","","Océanne Beach ""New Day""","0","99.00","40.50","0.00"
"A08019-RES0101NC3A2","15186","Marina Beach ""Unity""","","Marina Beach ""Unity""","0","109.00","46.00","0.00"
"A08013-RES0101NC0FA","15187","Marina Beach ""New Day""","","Marina Beach ""New Day""","0","109.00","46.00","0.00"
"A01036-WBL0301NC0ZA","15197","Frida Cardigan ""Teachings""","10984","Size - S","0","129.00","52.50","0.00"
"A01036-WBL0301NC0ZA","15197","Frida Cardigan ""Teachings""","10985","Size - M","0","129.00","52.50","0.00"
"A01036-WBL0301NC0ZA","15197","Frida Cardigan ""Teachings""","10986","Size - L","0","129.00","52.50","0.00"
"A01036-WBL0301NC0ZA","15197","Frida Cardigan ""Teachings""","10987","Size - XL","0","129.00","52.50","0.00"
"A01036-WBL0301NC0ZA","15197","Frida Cardigan ""Teachings""","10988","Size - XS","0","129.00","52.50","0.00"
"WAC0801NC0DB","15199","Ava Poncho ""Early Evening Flowing into Fall""","","Ava Poncho ""Early Evening Flowing into Fall""","1","109.00","38.00","0.00"
"WAC0801NC17A","15200","Ava Poncho ""Inner Memories""","","Ava Poncho ""Inner Memories""","4","109.00","38.00","0.00"
"W12005-WAC0601NC0IA","15201","Claudia Shawl ""Wisdom Keepers""","","Claudia Shawl ""Wisdom Keepers""","0","109.00","35.00","0.00"
"W13023-WNS0701NC11A","15202","Coco Tank ""Water and Spirit Buffalo at Sunset""","10989","Size - S","0","79.00","34.35","0.00"
"W13023-WNS0701NC11A","15202","Coco Tank ""Water and Spirit Buffalo at Sunset""","10990","Size - M","0","79.00","34.35","0.00"
"W13023-WNS0701NC11A","15202","Coco Tank ""Water and Spirit Buffalo at Sunset""","10991","Size - L","0","79.00","34.35","0.00"
"W13023-WNS0701NC11A","15202","Coco Tank ""Water and Spirit Buffalo at Sunset""","10992","Size - XL","0","79.00","34.35","0.00"
"W13023-WNS0701NC11A","15202","Coco Tank ""Water and Spirit Buffalo at Sunset""","10993","Size - XS","0","79.00","34.35","0.00"
"WSS1801NC14A","15203","Julie Drape ""Rebirth""","10994","Size - S","0","79.00","35.50","0.00"
"WSS1801NC14A","15203","Julie Drape ""Rebirth""","10995","Size - M","0","79.00","35.50","0.00"
"WSS1801NC14A","15203","Julie Drape ""Rebirth""","10996","Size - L","0","79.00","35.50","0.00"
"WSS1801NC14A","15203","Julie Drape ""Rebirth""","10997","Size - XL","0","79.00","35.50","0.00"
"WSS1801NC14A","15203","Julie Drape ""Rebirth""","10998","Size - XS","0","79.00","35.50","0.00"
"WLS0701NC12A","15204","Marlene Top ""Water and Spirit Buffalo at Moonrise""","10999","Size - S","0","139.00","79.50","0.00"
"WLS0701NC12A","15204","Marlene Top ""Water and Spirit Buffalo at Moonrise""","11000","Size - M","0","139.00","79.50","0.00"
"WLS0701NC12A","15204","Marlene Top ""Water and Spirit Buffalo at Moonrise""","11001","Size - L","0","139.00","79.50","0.00"
"WLS0701NC12A","15204","Marlene Top ""Water and Spirit Buffalo at Moonrise""","11002","Size - XL","0","139.00","79.50","0.00"
"WLS0701NC12A","15204","Marlene Top ""Water and Spirit Buffalo at Moonrise""","11003","Size - XS","0","139.00","79.50","0.00"
"A04015-WDR2601NC14A","15206","Kate Dress ""Unity""","11004","Size - S","1","169.00","64.50","0.00"
"A04015-WDR2601NC14A","15206","Kate Dress ""Unity""","11005","Size - M","1","169.00","64.50","0.00"
"A04015-WDR2601NC14A","15206","Kate Dress ""Unity""","11006","Size - L","0","169.00","64.50","0.00"
"A04015-WDR2601NC14A","15206","Kate Dress ""Unity""","11007","Size - XL","0","169.00","64.50","0.00"
"A04015-WDR2601NC14A","15206","Kate Dress ""Unity""","11008","Size - XS","0","169.00","64.50","0.00"
"A16051-UAC1101NC05A","15208","Alice Neck Warmer ""Northern Keepers""","","Alice Neck Warmer ""Northern Keepers""","2","59.00","16.58","0.00"
"A14051-WNS0801NC0TA","15209","Kaplan Tank ""Gezaluwejit""","11009","Size - S","0","129.00","60.00","0.00"
"A14051-WNS0801NC0TA","15209","Kaplan Tank ""Gezaluwejit""","11010","Size - M","0","129.00","60.00","0.00"
"A14051-WNS0801NC0TA","15209","Kaplan Tank ""Gezaluwejit""","11011","Size - L","0","129.00","60.00","0.00"
"A14051-WNS0801NC0TA","15209","Kaplan Tank ""Gezaluwejit""","11012","Size - XL","0","129.00","60.00","0.00"
"A14051-WNS0801NC0TA","15209","Kaplan Tank ""Gezaluwejit""","11013","Size - XS","0","129.00","60.00","0.00"
"A16051-MSS0701NC05A","15210","Salvadore Tee for Men ""The River Keeper""","11014","Size - S","0","89.00","36.00","0.00"
"A16051-MSS0701NC05A","15210","Salvadore Tee for Men ""The River Keeper""","11015","Size - M","0","89.00","36.00","0.00"
"A16051-MSS0701NC05A","15210","Salvadore Tee for Men ""The River Keeper""","11016","Size - L","0","89.00","36.00","0.00"
"A16051-MSS0701NC05A","15210","Salvadore Tee for Men ""The River Keeper""","11017","Size - XL","0","89.00","36.00","0.00"
"A16051-MSS0701NC05A","15210","Salvadore Tee for Men ""The River Keeper""","11018","Size - XS","0","89.00","36.00","0.00"
"A17065-WDR3201NC0CA","15211","Michelle Dress ""Forest Temple""","11019","Size - S","0","159.00","67.50","0.00"
"A17065-WDR3201NC0CA","15211","Michelle Dress ""Forest Temple""","11020","Size - M","0","159.00","67.50","0.00"
"A17065-WDR3201NC0CA","15211","Michelle Dress ""Forest Temple""","11021","Size - L","0","159.00","67.50","0.00"
"A17065-WDR3201NC0CA","15211","Michelle Dress ""Forest Temple""","11022","Size - XL","0","159.00","67.50","0.00"
"A17065-WDR3201NC0CA","15211","Michelle Dress ""Forest Temple""","11023","Size - XS","0","159.00","67.50","0.00"
"WLS0701NC05A","15212","Marlene ""Northern Keepers""","11024","Size - S","0","139.00","79.50","0.00"
"WLS0701NC05A","15212","Marlene ""Northern Keepers""","11025","Size - M","0","139.00","79.50","0.00"
"WLS0701NC05A","15212","Marlene ""Northern Keepers""","11026","Size - L","0","139.00","79.50","0.00"
"WLS0701NC05A","15212","Marlene ""Northern Keepers""","11027","Size - XL","0","139.00","79.50","0.00"
"WLS0701NC05A","15212","Marlene ""Northern Keepers""","11028","Size - XS","0","139.00","79.50","0.00"
"A16058-WPA0701NC04A","15214","Parma Capri ""Silent Seekers""","11029","Size - S","0","129.00","55.50","0.00"
"A16058-WPA0701NC04A","15214","Parma Capri ""Silent Seekers""","11030","Size - M","0","129.00","55.50","0.00"
"A16058-WPA0701NC04A","15214","Parma Capri ""Silent Seekers""","11031","Size - L","0","129.00","55.50","0.00"
"A16058-WPA0701NC04A","15214","Parma Capri ""Silent Seekers""","11032","Size - XL","0","129.00","55.50","0.00"
"A16058-WPA0701NC04A","15214","Parma Capri ""Silent Seekers""","11033","Size - XS","0","129.00","55.50","0.00"
"A14051-WPA0701NCOTA","15215","Parma Capri ""Gezaluwejit""","11034","Size - S","0","129.00","55.50","0.00"
"A14051-WPA0701NCOTA","15215","Parma Capri ""Gezaluwejit""","11035","Size - M","0","129.00","55.50","0.00"
"A14051-WPA0701NCOTA","15215","Parma Capri ""Gezaluwejit""","11036","Size - L","0","129.00","55.50","0.00"
"A14051-WPA0701NCOTA","15215","Parma Capri ""Gezaluwejit""","11037","Size - XL","0","129.00","55.50","0.00"
"A14051-WPA0701NCOTA","15215","Parma Capri ""Gezaluwejit""","11038","Size - XS","0","129.00","55.50","0.00"
"A16059-WDR3201NC0IB","15225","Michelle Dress ""Wisdom Keepers""","11058","Size - S","0","159.00","67.50","0.00"
"A16059-WDR3201NC0IB","15225","Michelle Dress ""Wisdom Keepers""","11059","Size - M","0","159.00","67.50","0.00"
"A16059-WDR3201NC0IB","15225","Michelle Dress ""Wisdom Keepers""","11060","Size - L","0","159.00","67.50","0.00"
"A16059-WDR3201NC0IB","15225","Michelle Dress ""Wisdom Keepers""","11061","Size - XL","0","159.00","67.50","0.00"
"A16059-WDR3201NC0IB","15225","Michelle Dress ""Wisdom Keepers""","11062","Size - XS","0","159.00","67.50","0.00"
"W17062-WAC0201NC0GC","15226","Duncan Shawl ""Horizon""","","Duncan Shawl ""Horizon""","0","69.00","27.00","0.00"
"WDR1601NC08A","15227","Patti Tunic ""Giving Thanks""","11063","Size - S","0","129.00","50.50","0.00"
"WDR1601NC08A","15227","Patti Tunic ""Giving Thanks""","11064","Size - M","0","129.00","50.50","0.00"
"WDR1601NC08A","15227","Patti Tunic ""Giving Thanks""","11065","Size - L","0","129.00","50.50","0.00"
"WDR1601NC08A","15227","Patti Tunic ""Giving Thanks""","11066","Size - XL","0","129.00","50.50","0.00"
"WDR1601NC08A","15227","Patti Tunic ""Giving Thanks""","11067","Size - XS","0","129.00","50.50","0.00"
"A16058-WBL0701NC04A","15228","Cassatt Vest ""Silent Seekers""","11068","Size - S","0","119.00","55.00","0.00"
"A16058-WBL0701NC04A","15228","Cassatt Vest ""Silent Seekers""","11069","Size - M","0","119.00","55.00","0.00"
"A16058-WBL0701NC04A","15228","Cassatt Vest ""Silent Seekers""","11070","Size - L","0","119.00","55.00","0.00"
"A16058-WBL0701NC04A","15228","Cassatt Vest ""Silent Seekers""","11071","Size - XL","0","119.00","55.00","0.00"
"A16058-WBL0701NC04A","15228","Cassatt Vest ""Silent Seekers""","11072","Size - XS","0","119.00","55.00","0.00"
"A17063-WBL0701NC02A","15229","Cassatt Vest ""Depth""","11073","Size - S","0","119.00","55.00","0.00"
"A17063-WBL0701NC02A","15229","Cassatt Vest ""Depth""","11074","Size - M","0","119.00","55.00","0.00"
"A17063-WBL0701NC02A","15229","Cassatt Vest ""Depth""","11075","Size - L","0","119.00","55.00","0.00"
"A17063-WBL0701NC02A","15229","Cassatt Vest ""Depth""","11076","Size - XL","0","119.00","55.00","0.00"
"A17063-WBL0701NC02A","15229","Cassatt Vest ""Depth""","11077","Size - XS","0","119.00","55.00","0.00"
"A16059-WDR1001NC0FC","15230","Jeanne Dress ""New Day""","11078","Size - S","0","159.00","67.00","0.00"
"A16059-WDR1001NC0FC","15230","Jeanne Dress ""New Day""","11079","Size - M","0","159.00","67.00","0.00"
"A16059-WDR1001NC0FC","15230","Jeanne Dress ""New Day""","11080","Size - L","0","159.00","67.00","0.00"
"A16059-WDR1001NC0FC","15230","Jeanne Dress ""New Day""","11081","Size - XL","0","159.00","67.00","0.00"
"A16059-WDR1001NC0FC","15230","Jeanne Dress ""New Day""","11082","Size - XS","0","159.00","67.00","0.00"
"A08013-WPA0301NC0FA","15233","Carla Palazzo ""New Day""","11084","Size - S","0","189.00","74.00","0.00"
"A08013-WPA0301NC0FA","15233","Carla Palazzo ""New Day""","11085","Size - M","0","189.00","74.00","0.00"
"A08013-WPA0301NC0FA","15233","Carla Palazzo ""New Day""","11086","Size - L","0","189.00","74.00","0.00"
"A08013-WPA0301NC0FA","15233","Carla Palazzo ""New Day""","11087","Size - XL","0","189.00","74.00","0.00"
"A08013-WPA0301NC0FA","15233","Carla Palazzo ""New Day""","11088","Size - XS","0","189.00","74.00","0.00"
"A08011-WSK040NCOHA","15234","Alex Skirt ""Whisper""","11089","Size - S","0","149.00","64.00","0.00"
"A08011-WSK040NCOHA","15234","Alex Skirt ""Whisper""","11090","Size - M","0","149.00","64.00","0.00"
"A08011-WSK040NCOHA","15234","Alex Skirt ""Whisper""","11091","Size - L","0","149.00","64.00","0.00"
"A08011-WSK040NCOHA","15234","Alex Skirt ""Whisper""","11092","Size - XL","0","149.00","64.00","0.00"
"A08011-WSK040NCOHA","15234","Alex Skirt ""Whisper""","11093","Size - XS","0","149.00","64.00","0.00"
"A16058-WSK040NCO4A","15235","Alex Skirt ""Silent Seekers""","11094","Size - S","0","149.00","64.00","0.00"
"A16058-WSK040NCO4A","15235","Alex Skirt ""Silent Seekers""","11095","Size - M","0","149.00","64.00","0.00"
"A16058-WSK040NCO4A","15235","Alex Skirt ""Silent Seekers""","11096","Size - L","0","149.00","64.00","0.00"
"A16058-WSK040NCO4A","15235","Alex Skirt ""Silent Seekers""","11097","Size - XL","0","149.00","64.00","0.00"
"A16058-WSK040NCO4A","15235","Alex Skirt ""Silent Seekers""","11098","Size - XS","0","149.00","64.00","0.00"
"W12018-WSK040NCODA","15236","Alex Skirt ""Early Evening Flowing into Fall""","11099","Size - S","0","149.00","64.00","0.00"
"W12018-WSK040NCODA","15236","Alex Skirt ""Early Evening Flowing into Fall""","11100","Size - M","0","149.00","64.00","0.00"
"W12018-WSK040NCODA","15236","Alex Skirt ""Early Evening Flowing into Fall""","11101","Size - L","0","149.00","64.00","0.00"
"W12018-WSK040NCODA","15236","Alex Skirt ""Early Evening Flowing into Fall""","11102","Size - XL","0","149.00","64.00","0.00"
"W12018-WSK040NCODA","15236","Alex Skirt ""Early Evening Flowing into Fall""","11103","Size - XS","0","149.00","64.00","0.00"
"A17065-WBL0601NCOCA","15237","Kimono ""Forest Temple""","11104","Size - TU/OS","3","129.00","49.50","0.00"
"A08013-WDR2901NC0FA","15238","Joni Dress ""New Day""","11105","Size - S","0","139.00","59.10","0.00"
"A08013-WDR2901NC0FA","15238","Joni Dress ""New Day""","11106","Size - M","0","139.00","59.10","0.00"
"A08013-WDR2901NC0FA","15238","Joni Dress ""New Day""","11107","Size - L","0","139.00","59.10","0.00"
"A08013-WDR2901NC0FA","15238","Joni Dress ""New Day""","11108","Size - XL","0","139.00","59.10","0.00"
"A08013-WDR2901NC0FA","15238","Joni Dress ""New Day""","11109","Size - XS","0","139.00","59.10","0.00"
"A08013-WDR2601NC0FD","15239","Kate Dress ""New Day""","11110","Size - S","0","169.00","64.50","0.00"
"A08013-WDR2601NC0FD","15239","Kate Dress ""New Day""","11111","Size - M","0","169.00","64.50","0.00"
"A08013-WDR2601NC0FD","15239","Kate Dress ""New Day""","11112","Size - L","0","169.00","64.50","0.00"
"A08013-WDR2601NC0FD","15239","Kate Dress ""New Day""","11113","Size - XL","0","169.00","64.50","0.00"
"A08013-WDR2601NC0FD","15239","Kate Dress ""New Day""","11114","Size - XS","0","169.00","64.50","0.00"
"A08013-WSS0901NC0FB","15240","K Smith T-Shirt ""New Day""","11115","Size - S","0","89.00","35.00","0.00"
"A08013-WSS0901NC0FB","15240","K Smith T-Shirt ""New Day""","11116","Size - M","0","89.00","35.00","0.00"
"A08013-WSS0901NC0FB","15240","K Smith T-Shirt ""New Day""","11117","Size - L","0","89.00","35.00","0.00"
"A08013-WSS0901NC0FB","15240","K Smith T-Shirt ""New Day""","11118","Size - XL","0","89.00","35.00","0.00"
"A08013-WSS0901NC0FB","15240","K Smith T-Shirt ""New Day""","11119","Size - XS","0","89.00","35.00","0.00"
"A10004-MSS0701NC01A","15241","Salvadore Tee for Men ""Merging Earth and Sky""","11120","Size - S","0","89.00","36.00","0.00"
"A10004-MSS0701NC01A","15241","Salvadore Tee for Men ""Merging Earth and Sky""","11121","Size - M","0","89.00","36.00","0.00"
"A10004-MSS0701NC01A","15241","Salvadore Tee for Men ""Merging Earth and Sky""","11122","Size - L","0","89.00","36.00","0.00"
"A10004-MSS0701NC01A","15241","Salvadore Tee for Men ""Merging Earth and Sky""","11123","Size - XL","0","89.00","36.00","0.00"
"A10004-MSS0701NC01A","15241","Salvadore Tee for Men ""Merging Earth and Sky""","11124","Size - XS","0","89.00","36.00","0.00"
"A13041-WNS0801NC0EC","15244","Kaplan Tank ""Lapinx""","11125","Size - S","0","129.00","60.00","0.00"
"A13041-WNS0801NC0EC","15244","Kaplan Tank ""Lapinx""","11126","Size - M","0","129.00","60.00","0.00"
"A13041-WNS0801NC0EC","15244","Kaplan Tank ""Lapinx""","11127","Size - L","0","129.00","60.00","0.00"
"A13041-WNS0801NC0EC","15244","Kaplan Tank ""Lapinx""","11128","Size - XL","0","129.00","60.00","0.00"
"A13041-WNS0801NC0EC","15244","Kaplan Tank ""Lapinx""","11129","Size - XS","0","129.00","60.00","0.00"
"A08011-WNS0801NC0HB","15245","Kaplan Tank ""Whisper""","11130","Size - S","0","129.00","60.00","0.00"
"A08011-WNS0801NC0HB","15245","Kaplan Tank ""Whisper""","11131","Size - M","0","129.00","60.00","0.00"
"A08011-WNS0801NC0HB","15245","Kaplan Tank ""Whisper""","11132","Size - L","0","129.00","60.00","0.00"
"A08011-WNS0801NC0HB","15245","Kaplan Tank ""Whisper""","11133","Size - XL","0","129.00","60.00","0.00"
"A08011-WNS0801NC0HB","15245","Kaplan Tank ""Whisper""","11134","Size - XS","0","129.00","60.00","0.00"
"WDR1601NC0DA","15246","Patti Tunic ""Early Evening Flowing Into Fall""","11135","Size - S","0","129.00","50.50","0.00"
"WDR1601NC0DA","15246","Patti Tunic ""Early Evening Flowing Into Fall""","11136","Size - M","0","129.00","50.50","0.00"
"WDR1601NC0DA","15246","Patti Tunic ""Early Evening Flowing Into Fall""","11137","Size - L","0","129.00","50.50","0.00"
"WDR1601NC0DA","15246","Patti Tunic ""Early Evening Flowing Into Fall""","11138","Size - XL","0","129.00","50.50","0.00"
"WDR1601NC0DA","15246","Patti Tunic ""Early Evening Flowing Into Fall""","11139","Size - XS","0","129.00","50.50","0.00"
"WDR1601NC0FB","15247","Patti Tunic ""New Day""","11140","Size - S","0","129.00","50.50","0.00"
"WDR1601NC0FB","15247","Patti Tunic ""New Day""","11141","Size - M","0","129.00","50.50","0.00"
"WDR1601NC0FB","15247","Patti Tunic ""New Day""","11142","Size - L","0","129.00","50.50","0.00"
"WDR1601NC0FB","15247","Patti Tunic ""New Day""","11143","Size - XL","0","129.00","50.50","0.00"
"WDR1601NC0FB","15247","Patti Tunic ""New Day""","11144","Size - XS","0","129.00","50.50","0.00"
"A13041-WDR4101NC0EB","15248","Michelle II Dress ""Lapinx""","11145","Size - S","0","159.00","67.50","0.00"
"A13041-WDR4101NC0EB","15248","Michelle II Dress ""Lapinx""","11146","Size - M","0","159.00","67.50","0.00"
"A13041-WDR4101NC0EB","15248","Michelle II Dress ""Lapinx""","11147","Size - L","0","159.00","67.50","0.00"
"A13041-WDR4101NC0EB","15248","Michelle II Dress ""Lapinx""","11148","Size - XL","0","159.00","67.50","0.00"
"A13041-WDR4101NC0EB","15248","Michelle II Dress ""Lapinx""","11149","Size - XS","0","159.00","67.50","0.00"
"A16052-WBL0301NC0BA","15249","Frida Cardigan ""Zenith""","11150","Size - S","0","129.00","52.50","0.00"
"A16052-WBL0301NC0BA","15249","Frida Cardigan ""Zenith""","11151","Size - M","0","129.00","52.50","0.00"
"A16052-WBL0301NC0BA","15249","Frida Cardigan ""Zenith""","11152","Size - L","0","129.00","52.50","0.00"
"A16052-WBL0301NC0BA","15249","Frida Cardigan ""Zenith""","11153","Size - XL","0","129.00","52.50","0.00"
"A16052-WBL0301NC0BA","15249","Frida Cardigan ""Zenith""","11154","Size - XS","0","129.00","52.50","0.00"
"W12018-WSS0901NC0DA","15250","K Smith T-Shirt ""Early Evening Flowing into Fall""","11155","Size - S","0","89.00","35.00","0.00"
"W12018-WSS0901NC0DA","15250","K Smith T-Shirt ""Early Evening Flowing into Fall""","11156","Size - M","0","89.00","35.00","0.00"
"W12018-WSS0901NC0DA","15250","K Smith T-Shirt ""Early Evening Flowing into Fall""","11157","Size - L","0","89.00","35.00","0.00"
"W12018-WSS0901NC0DA","15250","K Smith T-Shirt ""Early Evening Flowing into Fall""","11158","Size - XL","0","89.00","35.00","0.00"
"W12018-WSS0901NC0DA","15250","K Smith T-Shirt ""Early Evening Flowing into Fall""","11159","Size - XS","0","89.00","35.00","0.00"
"W12018-WDR2901NC0DA","15252","Joni Dress ""Early Evening Flowing into Fall""","11160","Size - S","0","139.00","59.10","0.00"
"W12018-WDR2901NC0DA","15252","Joni Dress ""Early Evening Flowing into Fall""","11161","Size - M","0","139.00","59.10","0.00"
"W12018-WDR2901NC0DA","15252","Joni Dress ""Early Evening Flowing into Fall""","11162","Size - L","0","139.00","59.10","0.00"
"W12018-WDR2901NC0DA","15252","Joni Dress ""Early Evening Flowing into Fall""","11163","Size - XL","0","139.00","59.10","0.00"
"W12018-WDR2901NC0DA","15252","Joni Dress ""Early Evening Flowing into Fall""","11164","Size - XS","0","139.00","59.10","0.00"
"A17065-WDR2901NC0CB","15253","Joni Dress ""Forest Temple""","11165","Size - S","0","139.00","59.10","0.00"
"A17065-WDR2901NC0CB","15253","Joni Dress ""Forest Temple""","11166","Size - M","0","139.00","59.10","0.00"
"A17065-WDR2901NC0CB","15253","Joni Dress ""Forest Temple""","11167","Size - L","0","139.00","59.10","0.00"
"A17065-WDR2901NC0CB","15253","Joni Dress ""Forest Temple""","11168","Size - XL","0","139.00","59.10","0.00"
"A17065-WDR2901NC0CB","15253","Joni Dress ""Forest Temple""","11169","Size - XS","0","139.00","59.10","0.00"
"WDR1601NC04A","15255","Patti Tunic ""Silent Seekers""","11170","Size - S","0","129.00","50.50","0.00"
"WDR1601NC04A","15255","Patti Tunic ""Silent Seekers""","11171","Size - M","0","129.00","50.50","0.00"
"WDR1601NC04A","15255","Patti Tunic ""Silent Seekers""","11172","Size - L","0","129.00","50.50","0.00"
"WDR1601NC04A","15255","Patti Tunic ""Silent Seekers""","11173","Size - XL","0","129.00","50.50","0.00"
"WDR1601NC04A","15255","Patti Tunic ""Silent Seekers""","11174","Size - XS","0","129.00","50.50","0.00"
"WDR1601NC02A","15256","Patti Tunic ""Depth""","11175","Size - S","0","129.00","50.50","0.00"
"WDR1601NC02A","15256","Patti Tunic ""Depth""","11176","Size - M","0","129.00","50.50","0.00"
"WDR1601NC02A","15256","Patti Tunic ""Depth""","11177","Size - L","0","129.00","50.50","0.00"
"WDR1601NC02A","15256","Patti Tunic ""Depth""","11178","Size - XL","0","129.00","50.50","0.00"
"WDR1601NC02A","15256","Patti Tunic ""Depth""","11179","Size - XS","0","129.00","50.50","0.00"
"A16058-WPA0401NC04A","15259","Jackie Legging ""Silent Seekers""","11180","Size - S","0","109.00","44.01","0.00"
"A16058-WPA0401NC04A","15259","Jackie Legging ""Silent Seekers""","11181","Size - M","0","109.00","44.01","0.00"
"A16058-WPA0401NC04A","15259","Jackie Legging ""Silent Seekers""","11182","Size - L","0","109.00","44.01","0.00"
"A16058-WPA0401NC04A","15259","Jackie Legging ""Silent Seekers""","11183","Size - XL","0","109.00","44.01","0.00"
"A16058-WPA0401NC04A","15259","Jackie Legging ""Silent Seekers""","11184","Size - XS","0","109.00","44.01","0.00"
"A16051-WPA0301NC05A","15260","Carla Palazzo ""Northern Keepers""","11185","Size - S","0","189.00","74.00","0.00"
"A16051-WPA0301NC05A","15260","Carla Palazzo ""Northern Keepers""","11186","Size - M","0","189.00","74.00","0.00"
"A16051-WPA0301NC05A","15260","Carla Palazzo ""Northern Keepers""","11187","Size - L","0","189.00","74.00","0.00"
"A16051-WPA0301NC05A","15260","Carla Palazzo ""Northern Keepers""","11188","Size - XL","0","189.00","74.00","0.00"
"A16051-WPA0301NC05A","15260","Carla Palazzo ""Northern Keepers""","11189","Size - XS","0","189.00","74.00","0.00"
"WLS1801NC0IA","15454","Patti Tunic II ""Wisdom Keepers"" Plus Size","11628","Size - 1X","0","129.00","60.50","0.00"
"WLS1801NC0IA","15454","Patti Tunic II ""Wisdom Keepers"" Plus Size","11629","Size - 2X","0","129.00","60.50","0.00"
"WLS1801NC0IA","15454","Patti Tunic II ""Wisdom Keepers"" Plus Size","11630","Size - 3X","1","129.00","60.50","0.00"
"WSS0701NC0DA","15455","Yoko Cape Tunic ""Early Evening Flowing into Fall""","11636","Size - XS","1","139.00","65.00","0.00"
"WSS0701NC0DA","15455","Yoko Cape Tunic ""Early Evening Flowing into Fall""","11637","Size - S","1","139.00","65.00","0.00"
"WSS0701NC0DA","15455","Yoko Cape Tunic ""Early Evening Flowing into Fall""","11638","Size - M","0","139.00","65.00","0.00"
"WSS0701NC0DA","15455","Yoko Cape Tunic ""Early Evening Flowing into Fall""","11639","Size - L","0","139.00","65.00","0.00"
"WSS0701NC0DA","15455","Yoko Cape Tunic ""Early Evening Flowing into Fall""","11640","Size - XL","0","139.00","65.00","0.00"
"WDR5801NC1BA","15609","Lena Dress ""Geese Spirit""","11717","Size - XS","0","179.00","74.00","0.00"
"WDR5801NC1BA","15609","Lena Dress ""Geese Spirit""","11718","Size - S","1","179.00","74.00","0.00"
"WDR5801NC1BA","15609","Lena Dress ""Geese Spirit""","11719","Size - M","0","179.00","74.00","0.00"
"WDR5801NC1BA","15609","Lena Dress ""Geese Spirit""","11720","Size - L","1","179.00","74.00","0.00"
"WDR5801NC1BA","15609","Lena Dress ""Geese Spirit""","11721","Size - XL","1","179.00","74.00","0.00"
"WDR5801NC1KA","15611","Lena Dress ""All My Relations""","11722","Size - XS","1","179.00","74.00","0.00"
"WDR5801NC1KA","15611","Lena Dress ""All My Relations""","11723","Size - S","0","179.00","74.00","0.00"
"WDR5801NC1KA","15611","Lena Dress ""All My Relations""","11724","Size - M","0","179.00","74.00","0.00"
"WDR5801NC1KA","15611","Lena Dress ""All My Relations""","11725","Size - L","1","179.00","74.00","0.00"
"WDR5801NC1KA","15611","Lena Dress ""All My Relations""","11726","Size - XL","0","179.00","74.00","0.00"
"WDR5801NC1JA","15612","Lena Dress ""Carried Away Under the Blue Moon""","11727","Size - XS","1","179.00","74.00","0.00"
"WDR5801NC1JA","15612","Lena Dress ""Carried Away Under the Blue Moon""","11728","Size - S","1","179.00","74.00","0.00"
"WDR5801NC1JA","15612","Lena Dress ""Carried Away Under the Blue Moon""","11729","Size - M","0","179.00","74.00","0.00"
"WDR5801NC1JA","15612","Lena Dress ""Carried Away Under the Blue Moon""","11730","Size - L","0","179.00","74.00","0.00"
"WDR5801NC1JA","15612","Lena Dress ""Carried Away Under the Blue Moon""","11731","Size - XL","1","179.00","74.00","0.00"
"WDR5801NC08A","15613","Lena Dress ""Giving Thanks""","11732","Size - XS","1","179.00","74.00","0.00"
"WDR5801NC08A","15613","Lena Dress ""Giving Thanks""","11733","Size - S","1","179.00","74.00","0.00"
"WDR5801NC08A","15613","Lena Dress ""Giving Thanks""","11734","Size - M","1","179.00","74.00","0.00"
"WDR5801NC08A","15613","Lena Dress ""Giving Thanks""","11735","Size - L","1","179.00","74.00","0.00"
"WDR5801NC08A","15613","Lena Dress ""Giving Thanks""","11736","Size - XL","1","179.00","74.00","0.00"
"WDR5801NC17A","15614","Lena Dress ""Inner Memories""","11737","Size - XS","1","179.00","74.00","0.00"
"WDR5801NC17A","15614","Lena Dress ""Inner Memories""","11738","Size - S","1","179.00","74.00","0.00"
"WDR5801NC17A","15614","Lena Dress ""Inner Memories""","11739","Size - M","0","179.00","74.00","0.00"
"WDR5801NC17A","15614","Lena Dress ""Inner Memories""","11740","Size - L","0","179.00","74.00","0.00"
"WDR5801NC17A","15614","Lena Dress ""Inner Memories""","11741","Size - XL","1","179.00","74.00","0.00"
"WDR5801NC04A","15615","Lena Dress ""Silent Seekers""","11742","Size - XS","1","179.00","74.00","0.00"
"WDR5801NC04A","15615","Lena Dress ""Silent Seekers""","11743","Size - S","1","179.00","74.00","0.00"
"WDR5801NC04A","15615","Lena Dress ""Silent Seekers""","11744","Size - M","1","179.00","74.00","0.00"
"WDR5801NC04A","15615","Lena Dress ""Silent Seekers""","11745","Size - L","1","179.00","74.00","0.00"
"WDR5801NC04A","15615","Lena Dress ""Silent Seekers""","11746","Size - XL","1","179.00","74.00","0.00"
"WDR5801NC11A","15616","Lena Dress ""Water and Spirit Buffalo at Sunset""","11747","Size - XS","0","179.00","74.00","0.00"
"WDR5801NC11A","15616","Lena Dress ""Water and Spirit Buffalo at Sunset""","11748","Size - S","0","179.00","74.00","0.00"
"WDR5801NC11A","15616","Lena Dress ""Water and Spirit Buffalo at Sunset""","11749","Size - M","1","179.00","74.00","0.00"
"WDR5801NC11A","15616","Lena Dress ""Water and Spirit Buffalo at Sunset""","11750","Size - L","0","179.00","74.00","0.00"
"WDR5801NC11A","15616","Lena Dress ""Water and Spirit Buffalo at Sunset""","11751","Size - XL","1","179.00","74.00","0.00"
"WDR5801NC09A","15617","Lena Dress ""Water and Spirit Buffalo""","11752","Size - XS","1","179.00","74.00","0.00"
"WDR5801NC09A","15617","Lena Dress ""Water and Spirit Buffalo""","11753","Size - S","1","179.00","74.00","0.00"
"WDR5801NC09A","15617","Lena Dress ""Water and Spirit Buffalo""","11754","Size - M","2","179.00","74.00","0.00"
"WDR5801NC09A","15617","Lena Dress ""Water and Spirit Buffalo""","11755","Size - L","0","179.00","74.00","0.00"
"WDR5801NC09A","15617","Lena Dress ""Water and Spirit Buffalo""","11756","Size - XL","1","179.00","74.00","0.00"
"WDR5801NC1DA","15618","Lena Dress ""In Her World""","11757","Size - XS","0","179.00","74.00","0.00"
"WDR5801NC1DA","15618","Lena Dress ""In Her World""","11758","Size - S","0","179.00","74.00","0.00"
"WDR5801NC1DA","15618","Lena Dress ""In Her World""","11759","Size - M","1","179.00","74.00","0.00"
"WDR5801NC1DA","15618","Lena Dress ""In Her World""","11760","Size - L","0","179.00","74.00","0.00"
"WDR5801NC1DA","15618","Lena Dress ""In Her World""","11761","Size - XL","0","179.00","74.00","0.00"
"WDR5701NC1JA","15619","Anais Dress ""Carried Away Under The Blue Moon""","11762","Size - XS","1","119.00","47.00","0.00"
"WDR5701NC1JA","15619","Anais Dress ""Carried Away Under The Blue Moon""","11763","Size - S","1","119.00","47.00","0.00"
"WDR5701NC1JA","15619","Anais Dress ""Carried Away Under The Blue Moon""","11764","Size - M","1","119.00","47.00","0.00"
"WDR5701NC1JA","15619","Anais Dress ""Carried Away Under The Blue Moon""","11765","Size - L","1","119.00","47.00","0.00"
"WDR5701NC1JA","15619","Anais Dress ""Carried Away Under The Blue Moon""","11766","Size - XL","1","119.00","47.00","0.00"
"WDR5701NC1BA","15621","Anais Dress ""Geese Spirit""","11772","Size - XS","2","119.00","47.00","0.00"
"WDR5701NC1BA","15621","Anais Dress ""Geese Spirit""","11773","Size - S","2","119.00","47.00","0.00"
"WDR5701NC1BA","15621","Anais Dress ""Geese Spirit""","11774","Size - M","1","119.00","47.00","0.00"
"WDR5701NC1BA","15621","Anais Dress ""Geese Spirit""","11775","Size - L","1","119.00","47.00","0.00"
"WDR5701NC1BA","15621","Anais Dress ""Geese Spirit""","11776","Size - XL","1","119.00","47.00","0.00"
"SKIRTS","15774","Ribbon Skirts","","Ribbon Skirts","4","120.00","60.00","0.00"
"NIB700-06","16167","Poncho ""Nibi""","12328","Size - 18mth - 3yrs","0","85.00","0.00","51.00"
"NIB700-06","16167","Poncho ""Nibi""","12329","Size - 4yrs - 8yrs","2","89.00","0.00","53.00"
"BGTH700-06","16168","Poncho ""Grey Thunderbird""","12330","Size - 4yrs - 8yrs","2","89.00","0.00","53.00"
"BGTH700-06","16168","Poncho ""Grey Thunderbird""","12331","Size - 18mth - 3yrs","1","85.00","0.00","51.00"
"INTH700-06","16169","Poncho ""Brown Thunderbird""","12332","Size - 4yrs - 8yrs","2","89.00","0.00","53.00"
"INTH700-06","16169","Poncho ""Brown Thunderbird""","12333","Size - 18mth - 3yrs","0","85.00","0.00","51.00"
"WDR5901NC1JA","16244","Katia Dress ""Carried Away under the Blue Moon""","12524","Size - XS","1","119.00","54.00","0.00"
"WDR5901NC1JA","16244","Katia Dress ""Carried Away under the Blue Moon""","12525","Size - S","1","119.00","54.00","0.00"
"WDR5901NC1JA","16244","Katia Dress ""Carried Away under the Blue Moon""","12526","Size - M","1","119.00","54.00","0.00"
"WDR5901NC1JA","16244","Katia Dress ""Carried Away under the Blue Moon""","12527","Size - L","0","119.00","54.00","0.00"
"WDR5901NC1JA","16244","Katia Dress ""Carried Away under the Blue Moon""","12528","Size - XL","0","119.00","54.00","0.00"
"WDR2601NC1BA","16245","Kate Dress ""Geese Spirit""","12376","Size - XS","1","169.00","64.50","0.00"
"WDR2601NC1BA","16245","Kate Dress ""Geese Spirit""","12377","Size - S","0","169.00","64.50","0.00"
"WDR2601NC1BA","16245","Kate Dress ""Geese Spirit""","12378","Size - M","1","169.00","64.50","0.00"
"WDR2601NC1BA","16245","Kate Dress ""Geese Spirit""","12379","Size - L","1","169.00","64.50","0.00"
"WDR2601NC1BA","16245","Kate Dress ""Geese Spirit""","12380","Size - XL","1","169.00","64.50","0.00"
"WPA0901NC04A","16246","Sandrine ""Silent Seekers""","12386","Size - XS","0","149.00","61.00","0.00"
"WPA0901NC04A","16246","Sandrine ""Silent Seekers""","12387","Size - S","0","149.00","61.00","0.00"
"WPA0901NC04A","16246","Sandrine ""Silent Seekers""","12388","Size - M","0","149.00","61.00","0.00"
"WPA0901NC04A","16246","Sandrine ""Silent Seekers""","12389","Size - L","0","149.00","61.00","0.00"
"WPA0901NC04A","16246","Sandrine ""Silent Seekers""","12390","Size - XL","0","149.00","61.00","0.00"
"WPA0701NC1JA","16247","Parma Capri ""Carried Away Under The Blue Moon""","12396","Size - XS","0","129.00","55.50","0.00"
"WPA0701NC1JA","16247","Parma Capri ""Carried Away Under The Blue Moon""","12397","Size - S","1","129.00","55.50","0.00"
"WPA0701NC1JA","16247","Parma Capri ""Carried Away Under The Blue Moon""","12398","Size - M","1","129.00","55.50","0.00"
"WPA0701NC1JA","16247","Parma Capri ""Carried Away Under The Blue Moon""","12399","Size - L","0","129.00","55.50","0.00"
"WPA0701NC1JA","16247","Parma Capri ""Carried Away Under The Blue Moon""","12400","Size - XL","0","129.00","55.50","0.00"
"WPA0701NC1BA","16248","Parma Capri ""Geese Spirit""","12407","Size - XS","0","129.00","55.50","0.00"
"WPA0701NC1BA","16248","Parma Capri ""Geese Spirit""","12408","Size - S","0","129.00","55.50","0.00"
"WPA0701NC1BA","16248","Parma Capri ""Geese Spirit""","12409","Size - M","1","129.00","55.50","0.00"
"WPA0701NC1BA","16248","Parma Capri ""Geese Spirit""","12410","Size - L","0","129.00","55.50","0.00"
"WPA0701NC1BA","16248","Parma Capri ""Geese Spirit""","12411","Size - XL","0","129.00","55.50","0.00"
"WPA0901NC0IA","16249","Sandrine ""Wisdom Keepers""","12420","Size - XS","0","149.00","61.00","0.00"
"WPA0901NC0IA","16249","Sandrine ""Wisdom Keepers""","12421","Size - S","0","149.00","61.00","0.00"
"WPA0901NC0IA","16249","Sandrine ""Wisdom Keepers""","12422","Size - M","0","149.00","61.00","0.00"
"WPA0901NC0IA","16249","Sandrine ""Wisdom Keepers""","12423","Size - L","1","149.00","61.00","0.00"
"WPA0901NC0IA","16249","Sandrine ""Wisdom Keepers""","12424","Size - XL","0","149.00","61.00","0.00"
"WPA0301NC1BA","16250","Carla Palazzo ""Geese Spirit""","12432","Size - XS","0","189.00","74.00","0.00"
"WPA0301NC1BA","16250","Carla Palazzo ""Geese Spirit""","12433","Size - S","1","189.00","74.00","0.00"
"WPA0301NC1BA","16250","Carla Palazzo ""Geese Spirit""","12434","Size - M","1","189.00","74.00","0.00"
"WPA0301NC1BA","16250","Carla Palazzo ""Geese Spirit""","12435","Size - L","1","189.00","74.00","0.00"
"WPA0301NC1BA","16250","Carla Palazzo ""Geese Spirit""","12436","Size - XL","0","189.00","74.00","0.00"
"WLS1001NC1BA","16253","Patti Tunic II ""Geese Spirit""","12453","Size - XS","1","129.00","50.50","0.00"
"WLS1001NC1BA","16253","Patti Tunic II ""Geese Spirit""","12454","Size - S","1","129.00","50.50","0.00"
"WLS1001NC1BA","16253","Patti Tunic II ""Geese Spirit""","12455","Size - M","1","129.00","50.50","0.00"
"WLS1001NC1BA","16253","Patti Tunic II ""Geese Spirit""","12456","Size - L","0","129.00","50.50","0.00"
"WLS1001NC1BA","16253","Patti Tunic II ""Geese Spirit""","12457","Size - XL","0","129.00","50.50","0.00"
"WLS1801NC1BA","16254","Patti Tunic II ""Geese Spirit"" Plus Size","12463","Size - 1X","1","129.00","60.50","0.00"
"WLS1801NC1BA","16254","Patti Tunic II ""Geese Spirit"" Plus Size","12464","Size - 2X","1","129.00","60.50","0.00"
"WLS1801NC1BA","16254","Patti Tunic II ""Geese Spirit"" Plus Size","12465","Size - 3X","1","129.00","60.50","0.00"
"WSS1801NC1BA","16255","Julie Drape ""Geese Spirit""","12471","Size - XS","1","79.00","35.50","0.00"
"WSS1801NC1BA","16255","Julie Drape ""Geese Spirit""","12472","Size - S","1","79.00","35.50","0.00"
"WSS1801NC1BA","16255","Julie Drape ""Geese Spirit""","12473","Size - M","1","79.00","35.50","0.00"
"WSS1801NC1BA","16255","Julie Drape ""Geese Spirit""","12474","Size - L","0","79.00","35.50","0.00"
"WSS1801NC1BA","16255","Julie Drape ""Geese Spirit""","12475","Size - XL","0","79.00","35.50","0.00"
"WLS1001NC0BA","16256","Patti Tunic II ""Zenith""","12481","Size - XS","0","129.00","50.50","0.00"
"WLS1001NC0BA","16256","Patti Tunic II ""Zenith""","12482","Size - S","0","129.00","50.50","0.00"
"WLS1001NC0BA","16256","Patti Tunic II ""Zenith""","12483","Size - M","0","129.00","50.50","0.00"
"WLS1001NC0BA","16256","Patti Tunic II ""Zenith""","12484","Size - L","0","129.00","50.50","0.00"
"WLS1001NC0BA","16256","Patti Tunic II ""Zenith""","12485","Size - XL","0","129.00","50.50","0.00"
"WLS350101NC04B","16264","Autumn Half-Zip Top - ""Silent Seekers""","12491","Size - XS","0","149.00","59.50","0.00"
"WLS350101NC04B","16264","Autumn Half-Zip Top - ""Silent Seekers""","12492","Size - S","0","149.00","59.50","0.00"
"WLS350101NC04B","16264","Autumn Half-Zip Top - ""Silent Seekers""","12493","Size - M","0","149.00","59.50","0.00"
"WLS350101NC04B","16264","Autumn Half-Zip Top - ""Silent Seekers""","12494","Size - L","0","149.00","59.50","0.00"
"WLS350101NC04B","16264","Autumn Half-Zip Top - ""Silent Seekers""","12495","Size - XL","0","149.00","59.50","0.00"
"WLS350101NC1DA","16265","Autumn Half-Zip Top - ""In her World""","12496","Size - XS","0","149.00","59.50","0.00"
"WLS350101NC1DA","16265","Autumn Half-Zip Top - ""In her World""","12497","Size - S","0","149.00","59.50","0.00"
"WLS350101NC1DA","16265","Autumn Half-Zip Top - ""In her World""","12498","Size - M","1","149.00","59.50","0.00"
"WLS350101NC1DA","16265","Autumn Half-Zip Top - ""In her World""","12499","Size - L","1","149.00","59.50","0.00"
"WLS350101NC1DA","16265","Autumn Half-Zip Top - ""In her World""","12500","Size - XL","1","149.00","59.50","0.00"
"WLS350101NC0IA","16266","Autumn Half-Zip Top - ""Wisdom Keepers""","12501","Size - XS","0","149.00","59.50","0.00"
"WLS350101NC0IA","16266","Autumn Half-Zip Top - ""Wisdom Keepers""","12502","Size - S","1","149.00","59.50","0.00"
"WLS350101NC0IA","16266","Autumn Half-Zip Top - ""Wisdom Keepers""","12503","Size - M","1","149.00","59.50","0.00"
"WLS350101NC0IA","16266","Autumn Half-Zip Top - ""Wisdom Keepers""","12504","Size - L","0","149.00","59.50","0.00"
"WLS350101NC0IA","16266","Autumn Half-Zip Top - ""Wisdom Keepers""","12505","Size - XL","0","149.00","59.50","0.00"
"WAC0501NC1BA","16267","Vivienne Scarf ""Geese Spirit""","","Vivienne Scarf ""Geese Spirit""","3","59.00","20.00","0.00"
"WNS1001NC0TA","16268","Venus Active Support Top ""Gezaluwejit""","12511","Size - XS","0","109.00","49.00","0.00"
"WNS1001NC0TA","16268","Venus Active Support Top ""Gezaluwejit""","12512","Size - S","0","109.00","49.00","0.00"
"WNS1001NC0TA","16268","Venus Active Support Top ""Gezaluwejit""","12513","Size - M","1","109.00","49.00","0.00"
"WNS1001NC0TA","16268","Venus Active Support Top ""Gezaluwejit""","12514","Size - L","0","109.00","49.00","0.00"
"WNS1001NC0TA","16268","Venus Active Support Top ""Gezaluwejit""","12515","Size - XL","0","109.00","49.00","0.00"
"W12005-WDR2601NC0WA","16278","Kate Dress ""Earth Keeper""","12519","Size - XS","0","169.00","64.50","0.00"
"W12005-WDR2601NC0WA","16278","Kate Dress ""Earth Keeper""","12520","Size - S","0","169.00","64.50","0.00"
"W12005-WDR2601NC0WA","16278","Kate Dress ""Earth Keeper""","12521","Size - M","0","169.00","64.50","0.00"
"W12005-WDR2601NC0WA","16278","Kate Dress ""Earth Keeper""","12522","Size - L","0","169.00","64.50","0.00"
"W12005-WDR2601NC0WA","16278","Kate Dress ""Earth Keeper""","12523","Size - XL","0","169.00","64.50","0.00"
"FP-COYOTE","16360","Coyote Scarf","","Coyote Scarf","1","215.00","98.00","0.00"
"FP-CRYSTAL","16361","Crystal Fox Scarf","","Crystal Fox Scarf","1","329.00","158.00","0.00"
"MBVEST","16382","Leather Vest","","Leather Vest","1","950.00","475.00","0.00"
"CHILDVEST","16386","Leather Vest for Children","","Leather Vest for Children","1","60.00","30.00","0.00"
