"Reference code","Product ID","Product name","Product Combinations ID","Combinations (Attribute - value pair)","Quantity","Final price (pre-tax)","Pre-tax wholesale price","Combinations wholesale price"
"A01030-7","14","Card - Eagle Moon","","Carte - Lune de l'Aigle","24","5.5","2.5","0"
"A01028-POD2555","17","Card - Giving Thanks","","Carte - Rendre Grâce","16","6.35","2.75","0"
"A01031-7","20","Card - Honoring the Giver of Life","","Carte - Hommage à la Source de Vie","49","5.5","2.5","0"
"A01032-7","23","Card - Moon Wisdom","","Carte - Sagesse de la Lune","71","5.5","2.5","0"
"A01036-7","30","Card - Teachings","","Carte - Le Chant du Tambour","32","5.5","2.5","0"
"A01035-7","34","Card - Strength Within","","Carte - La force Intérieur","52","5.5","2.5","0"
"A01034-POD2570","35","Card - Reaching Out","","Carte - Chaleur de Terre","10","6.35","2.75","0"
"A01037-7","40","Card - Trust","","Carte - La Confiance","35","5.5","2.5","0"
"A08011-7","44","Card - Whisper","","Carte - Murmure","107","5.5","2.5","0"
"A08007-POD2548","47","Card - A Moose and Goose","","Carte - Un Orignal et une Outarde","15","6.35","2.75","0"
"A10012-POD2565","51","Card - Sky Sisters","","Carte - Nos Soeurs du Ciel","11","6.35","2.75","0"
"A10004-7","54","Card - Merging Earth and Sky","","Carte - Fusion Entre Terre et Ciel","32","5.5","2.5","0"
"A10046-7","58","Card - Geese Spirit","","Carte - L'Esprit de l'Outarde","25","5.5","2.5","0"
"A08013-POD2584","61","Card - New Day","","Carte - Nouveau Jour","9","6.35","2.75","0"
"A08045-20084","64","Card - Patience","","Carte - Patience","12","6.35","2.75","0"
"A01029-POD2882","67","Card - Birth of Eagle Shadow","","Carte - Naissance de l'Ombre de l'Aigle","9","6.35","2.75","0"
"A08019-POD2886","70","Card - Unity","","Carte - Union","5","6.35","2.75","0"
"A09006-POD2579","73","Card - River Keeper","","Carte - La Gardienne de l'Eau","7","6.35","2.75","0"
"A04015-20085","76","Card - Rebirth","","Carte - Renaissance","4","6.35","2.75","0"
"A04039-7","79","Card - Nostalgia","","Carte - Nostalgia","2","5.5","2.5","0"
"W13025-POD2569","85","Card - Passage","","Carte - Passage","14","6.35","2.75","0"
"W12024-20076","88","Card - Breath of Life","","Carte - Souffle de Vie","8","6.35","2.75","0"
"W12008-POD2581","95","Card - Winter Wolves","","Carte - Loups d'Hiver","14","6.35","2.75","0"
"W12014-7","101","Card - Gate of Silk","","Carte - Portail de Soie","1","5.5","2.5","0"
"W12005-POD2552","104","Card - Earth Keeper","","Carte - Gardienne de la Terre","11","6.35","2.75","0"
"W12016-POD2556","107","Card - Going Home","","Carte - Retour Chez Soi","13","6.35","2.75","0"
"W12018-POD2551","113","Card - Early Evening Flowing Into Fall","","Carte - Soirée Glissant Vers l'Automne","14","6.35","2.75","0"
"SKU:53-53-617","119","Bill Helin Killer Whale Halo Mug","","Bill Helin Tasse épaulard","0","11","4.75","0"
"SKU: 53-53-613","122","Bill Helin Killer Whale Apron","","Bill Helin Tablier Épaulard","0","34.5","15","0"
"SKU: 53-53-612","123","Bill Helin Killer Whale Oven Mitt","","Bill Helin mitaines à four épaulard","1","17.25","6.95","0"
"SKU: 53-53-610","125","Bill Helin Killer Whale Dish Towel","","Bill Helin Linge à vaisselle","0","15","6.52","0"
"SKU: 53-53-616x2","126","Bill Helin Killer Whale Trivet or Coasters","","Bill Helin Sous-plat ou Sous-verre épaulard","0","14","6.52","0"
"SKU: 53-53-620","127","Bill Helin Killer Whale Pot Holder","","Bill Helin Poignées de four Épaulard bleu et noir","2","14.95","5.75","0"
"SKU: 53-53-611","128","Bill Helin Killer Whale Pocket Pot Holder","","Bill Helin Linge à vaisselle en pochette épaulard bleu et noir","0","27","11.7","0"
"SKU: 53-53-510","129","Bill Helin Chilkat Apron","","Bill Helin Tablier de cuisine Chilkat","0","36.95","16","0"
"SKU: 53-53-528","130","Bill Helin Chilkat Trivet or Coasters","","Bill Helin Sous-plat ou Sous-verre Chilkat","0","14.95","6.3","0"
"SKU: 53-53-521","131","Bill Helin Chilkat Halo Mug","","Bill Helin Tasse Chilkat","0","11","4.75","0"
"SKU: 53-53-582","132","Bill Helin Chilkat Oven Mitt","1081","Bill Helin Mitaines à four Chilkat : Couleurs - Rouge/noir","0","18.95","7.5","0"
"SKU: 53-53-582","132","Bill Helin Chilkat Oven Mitt","1082","Bill Helin Mitaines à four Chilkat : Couleurs - Rouge/noir/blanc","1","18.95","7.5","0"
"SKU: 53-53-581","133","Bill Helin Chilkat Pot Holder","1079","Bill Helin Poignées de four Chilkat : Couleurs - Rouge/noir","0","14.95","6.5","0"
"SKU: 53-53-581","133","Bill Helin Chilkat Pot Holder","1080","Bill Helin Poignées de four Chilkat : Couleurs - Rouge/noir/blanc","0","14.95","6.5","0"
"SKU: 53-53-507x2","134","Bill Helin Chilkat Dish Towel","1077","Bill Helin Linge à vaisselle Chilkat : Couleurs - Rouge/noir","0","15","6.5","0"
"SKU: 53-53-507x2","134","Bill Helin Chilkat Dish Towel","1078","Bill Helin Linge à vaisselle Chilkat : Couleurs - Rouge/noir/blanc","0","15","6.5","0"
"SKU: 53-53-672","135","Bill Helin Eagle Oven Mitt","","Bill Helin - Mitaines à four - Aigle","0","18.95","8","0"
"SKU: 53-53-671","138","Bill Helin Eagle Pot Holder","","Bill Helin Poignée de four Aigle","0","14.95","6.5","0"
"SKU: 53-53-670","139","Bill Helin Eagle Dish Towel","","Bill Helin Linge à Vaisselle Aigle","0","15","6.5","0"
"SKU: 53-53-676x2","140","Bill Helin Eagle Trivet or Coasters","","Bill Helin Sous-plats ou Sous-verre Aigle","0","14.95","6.3","0"
"SKU: 53-53-417","142","Bill Helin Frog Halo Mug","","Bill Helin Tasse Grenouille","0","11","4.75","0"
"SKU: 53-53-413","143","Bill Helin Frog  Oven Mitt","","Bill Helin Mitaines à four Grenouille","0","17.25","6.95","0"
"SKU: 53-53-412","144","Bill Helin Frog Pocket Pot Holder","","Bill Helin Linge à Vaisselle en Pochette Grenouille","0","27","11.75","0"
"SKU: 53-53-414","145","Bill Helin Frog Pot Holder","","Bill Helin Poignée de four Grenouille","0","12.95","4.75","0"
"SKU53-53-411","146","Bill Helin Frog Dish Towell","","Bill Helin Linge à Vaisselle Grenouille","0","15","6.5","0"
"SKU: 53-53-416x2","147","Bill Helin Frog Trivel or Coasters","","Bill Helin Sous-plat ou Sous-verre Grenouille","0","14","6.3","0"
"SKU: 53-53-554","148","Bill Helin Hummingbird Apron","","Bill Helin Tablier Colibri","0","36.95","16","0"
"SKU: 53-53-550","149","Bill Helin Hummingbird Embroidered Tea Towel","","Bill Helin Linge à Vaisselle Brodé Colibri","0","15","6.5","0"
"SKU: 53-53-559","150","Bill Helin Hummingbird Halo Mug","","Bill Helin Tasse Colibri","0","11","4.75","0"
"SKU: 53-53-553","151","Bill Helin Hummingbird Oven Mitt","","Bill Helin Mitaine à four Colibri","0","18.95","8","0"
"SKU: 53-53-552","152","Bill Helin Hummingbird Pot Holder","","Bill Helin Poignée à four Colibri","3","14.95","5.75","0"
"SKU: 53-53-551","153","Bill Helin Hummingbird Dish Towel","","Bill Helin Linge à Vaisselle Colibri","0","15","6.5","0"
"SKU: 53-53-558x2","154","Bill Helin Hummingbird Trivet or Coasters","","Bill Helin Sous-plat ou Sous-verre Colibri","0","14.95","6.3","0"
"SKU: 53-53-657","155","Bill Helin Killer Whale Halo Mug","","Bill Helin Tasse Epaulard Noir","0","11","4.75","0"
"SKU: 53-53-652","156","Bill Helin Killer Whale Oven Mitt","","Bill Helin Mitaine à four Epaulard Noir","0","17.25","6.95","0"
"SKU: 53-53-651","157","Bill Helin Killer Whale Pocket Pot Holder","","Bill Helin Linge à Vaisselle en Pochette Epaulard","0","27","11.75","0"
"SKU: 53-53-653","158","Bill Helin Killer Whale Pot Holder","","Bill Helin Poignée à Four Epaulard","3","14.95","5.75","0"
"SKU: 53-53-650","159","Bill Helin Killer Whale Dish Towel","","Bill Helin Linge à Vaisselle Epaulard Noir","0","15","6.5","0"
"SKU: 53-53-656x2","160","Bill Helin Killer Whale Trivet or Coasters","","Bill Helin Sous-plat ou Sous-verre Epaulard Noir","0","14.95","6.3","0"
"SKU: 53-53-437","161","Bill Helin Moose Halo Mug","","Bill Helin Tasse Orignal","0","11","4.75","0"
"SKU: 53-53-432","162","Bill Helin Moose Oven Mitt","","Bill Helin Mitaine à Four Orignal","0","17.25","6.95","0"
"SKU: 53-53-434","163","Bill Helin Moose Pocket Pot Holder","","Bill Helin Linge à Vaisselle en Pochette Orignal","0","27","11.75","0"
"SKU: 53-53-431","164","Bill Helin Moose Pot Holder","","Bill Helin Poignée à four Orignal","0","12.95","4.75","0"
"SKU: 53-53-430","165","Bill Helin Moose Dish Towel","","Bill Helin Linge à Vaisselle Orignal","0","15","6.5","0"
"SKU: 53-53-436x2","166","Bill Helin Moose Trivet or Coasters","","Bill Helin Sous-plat ou Sous-verre Orignal","0","14","6.3","0"
"SKU: 53-53-010","167","Bill Helin Raven Apron","","Bill Helin Tablier de Cuisine Corbeau","1","36.95","16","0"
"SKU: 53-53-016","168","Bill Helin Raven Mug","","Bill Helin Tasse Corbeau","0","11","4.75","0"
"SKU: 53-53-405","169","Bill Helin Raven Embroidered Pot Holder","","Bill Helin Poignée à Four Brodé Corbeau","0","12.95","4.75","0"
"SKU: 53-53-040","170","Bill Helin Raven Halo Mug","","Bill Helin Tasse Corbeau","0","11","4.75","0"
"SKU: 53-53-007","171","Bill Helin Raven Oven Mitt","","Bill Helin Mitaine à Four Corbeau","0","18.95","8","0"
"SKU: 53-53-006","172","Bill Helin Raven Pot Holder","","Bill Helin Poignée à four Corbeau","2","14.95","6.5","0"
"SKU: 53-53-005","173","Bill Helin Raven Dish Towel","","Bill Helin Linge à Vaisselle Corbeau","0","15","6.5","0"
"SKU: 53-53-013x2","174","Bill Helin Raven Trivet or Coasters","","Bill Helin Sous-plat ou Sous-verre Corbeau","0","14","6.3","0"
"SKU: 53-53-045","175","Bill Helin Raven Salad Servers","1063","Bill Helin Ustensiles de Service Corbeau Noir : Couleurs - Rosewood","0","67","29","0"
"SKU: 53-53-045","175","Bill Helin Raven Salad Servers","1064","Bill Helin Ustensiles de Service Corbeau Noir : Couleurs - Charcoal","2","67","29","0"
"SKU: 52-52-797","178","Andrew Williams Hummingbird Mug","","Andrew William Tasse Colibri","0","11","4.75","0"
"SKU: 52-52-792","179","Andrew Williams Hummingbird Oven Mitt","","Andrew William Mitaine à Four Colibri","0","18.95","8","0"
"SKU: 52-52-794","180","Andrew Williams Hummingbird Pocket Pot Holder","","Andrew William Linge à Vaisselle en Pochette Colibri","0","27","11.75","0"
"SKU: 52-52-791","181","Andrew Williams Hummingbird Pot Holder","","Andrew William Poignée à Four Colibri","0","14.95","6.5","0"
"SKU: 52-52-790","182","Andrew Williams Hummingbird Dish Towel","","Andrew William Linge à Vaisselle Colibri","0","15","6.5","0"
"SKU: 52-52-796x2","183","Andrew Williams Hummingbird Trivet or Coasters","","Andrew William Sous-plat ou Sous-verre Colibri","0","14","6.3","0"
"SKU: 52-52-747","184","Andrew Williams Octopus Halo Mug","","Andrew William Tasse Pieuvre","0","11","4.75","0"
"SKU: 52-52-737","185","Andrew Williams Octopus Halo Mug","","Andrew William Tasse Pieuvre","0","11","4.75","0"
"SKU: 52-52-742","186","Andrew Williams Octopus Oven Mitt","","Andrew William Mitaine à Four Pieuvre","0","18.95","8","0"
"SKU: 52-52-732","187","Andrew Williams Octopus Oven Mitt","","Andrew William Mitaine à Four Pieuvre","0","18.95","8","0"
"SKU: 52-52-744","188","Andrew Williams Octopus Pocket Pot Holder","","Andrew William Linge à Vaisselle en Pochette Pieuvre","0","27","11.75","0"
"SKU: 52-52-734","189","Andrew Williams Octopus Pocket Pot Holder","","Andrew William Linge à Vaisselle en Pochette Pieuvre","0","27","11.75","0"
"SKU: 52-52-741","190","Andrew Williams Octopus Pot Holder","","Andrew William Poignée à Four Pieuvre","0","14.95","6.5","0"
"SKU: 52-52-731","191","Andrew Williams Octopus Pot Holder","","Andrew William Poignée à Four Pieuvre","0","14.95","6.5","0"
"SKU: 52-52-740","192","Andrew Williams Octopus Dish Towel","","Andrew William Linge à Vaisselle Pieuvre","0","15","6.5","0"
"SKU: 52-52-730","193","Andrew Williams Octopus Dish Towel","","Andrew William Linge à Vaisselle Pieuvre","0","15","6.5","0"
"SKU: 52-52-745x2","194","Andrew Williams Octopus Trivet or Coasters","","Andrew William Sous-plat ou Sous-verre Pieuvre","0","14.95","6.3","0"
"SKU: 52-52-735x2","195","Andrew Williams Octopus Trivet or Coasters","","Andrew William Sous-plat ou Sous-verre Pieuvre","0","14.95","6.3","0"
"SKU: 51-51-320","196","Anthony Joseph Salmon Glass Charger","","Anthony Joseph Assiette Saumon","0","50","21.75","0"
"SKU: 51-51-322","197","Anthony Joseph Salmon Bowl","","Anthony Joseph Bol Saumon","0","50","21.75","0"
"SKU: 51-51-209","198","Anthony Joseph Salmon Apron","","Anthony Joseph Tablier de Cuisine Saumon","0","36.95","16","0"
"SKU: 51-51-195","199","Anthony Joseph Salmon Tea Towel","","Anthony Joseph Linge à Vaisselle Brodé Saumon","0","15","6.5","0"
"SKU: 51-51-337","200","Anthony Joseph Salmon Halo Mug","","Anthony Joseph Tasse Saumon","0","11","4.75","0"
"SKU: 51-51-332","201","Anthony Joseph Salmon Oven Mitt","","Anthony Joseph Mitaine à Four Saumon","0","18.95","8","0"
"SKU: 51-51-333","202","Anthony Joseph Salmon Pot Holder","","Anthony Joseph Poignée à Four Saumon","0","14.95","6.5","0"
"SKU: 51-51-330","203","Anthony Joseph Salmon Dish Towel","","Anthony Joseph Linge à Vaisselle Saumon","0","15","6.5","0"
"SKU: 51-51-336x2","204","Anthony Joseph Salmon Trivet or Coasters","","Anthony Joseph Sous-plat ou Sous-verre Saumon","0","14.95","6.3","0"
"SKU: 51-51-032","205","Bill Reid ""Children of the Raven"" Apron","","Bill Reid Tablier de Cuisine Les Enfants du Corbeau","0","36.95","16","0"
"SKU: 51-51-019","206","Bill Reid  ""Children of the Raven"" Mug","","Bill Reid Tasse ""Children of the Raven""","0","11","4.75","0"
"SKU: 51-51-006","207","Bill Reid  ""Children of the Raven"" Magnet","","Bill Reid Aimant ""Children of the Raven""","0","6","2.6","0"
"SKU: 51-51-030","208","Bill Reid  ""Children of the Raven"" Oven Mitt","","Bill Reid Mitaine à Four ""Children of the Raven""","0","18.95","6.95","0"
"SKU: 51-51-027","209","Bill Reid ""Children of the Raven"" Pot Holder","","Bill Reid Poignée à Four ""Children of the Raven""","0","14.95","4.75","0"
"SKU: 51-51-001","210","Bill Reid  ""Children of the Raven"" Dish Towel","","Bill Reid Linge à Vaisselle ""Children of the Raven""","0","15","6.5","0"
"SKU: 51-51-018x2","211","Bill Reil  ""Children of the Raven"" Trivet or Coasters","","Bill Reil Sous-plat ou Sous-verre ""Children of the Raven""","0","14","6.3","0"
"SKU: 51-51-523","212","Clifton Fred ""Bear Box"" Mug","","Clifton Fred Tasse ""Bear Box""","0","11","4.75","0"
"SKU: 51-51-503","213","Clifton Fred ""Bear Box"" Oven Mitt","","Clifton Fred Mitaine à Four ""Bear Box""","0","17.25","6.95","0"
"SKU: 51-51-502","214","Clifton Fred ""Bear Box"" Pot Holder","","Clifton Fred Poignée à Four ""Bear Box""","0","12.95","4.75","0"
"SKU: 51-51-501","215","Clifton Fred ""Bear Box"" Dish Towel","","Clifton Fred Linge à Vaisselle ""Bear Box""","0","15","6.5","0"
"SKU: 51-51-521x2","216","Clifton Fred ""Bear Box"" Trivet or Coasters","","Clifton Fred Sous-plat ou Sous-verre ""Bear Box""","0","14","6.3","0"
"SKU: 52-52-432","217","Connie Dickens Raven Oven Mitt","","Connie Dickens Mitaines à Four Corbeau","0","18.95","8","0"
"SKU: 52-52-442","218","Connie Dickens Raven Oven Mitt","","Connie Dickens Mitaines à Four Corbeau","0","18.95","8","0"
"SKU: 52-52-431","221","Connie Dickens Raven Pot Holder","","Connie Dickens Poignée à Four Corbeau","0","14.95","6.5","0"
"SKU: 52-52-441","222","Connie Dickens Raven Pot Holder","","Connie Dickens Poignée à Four Corbeau","0","14.95","6.5","0"
"SKU: 52-52-430","223","Connie Dickens Raven Dish Towel","","Connie Dickens Linge à Vaisselle Corbeau","0","15","6.5","0"
"SKU: 52-52-430","224","Connie Dickens Raven Dish Towel","","Connie Dickens Linge à Vaisselle Corbeau","0","15","6.5","0"
"SKU: 52-52-435x2","225","Connie Dickens Raven Trivet or Coasters","","Connie Dickens Sous-plat ou Sous-verre Corbeau","0","14.95","6.3","0"
"SKU: 52-52-446x2","226","Connie Dickens Raven Trivet or Coasters","","Connie Dickens Sous-plat ou Sous-verre Corbeau","0","14","6.3","0"
"SKU: 52-52-ziptissus","227","Zip Pouch","","Pochette Zip","0","16","6.75","0"
"SKU: 00-04-566","229","Corrine Hunt Namwayut Collection Large Bowl","","Namwayut Large Bol","2","80","34","0"
"SKU: 00-04-561","230","Corrine Hunt Namwayut Collection Large Bowl","","Corrine Hunt Collection Namwayut  Large Bol en forme libre","0","80","34","0"
"SKU: 00-04-567","231","Corrine Hunt Namwayut Collection Large Bowl Set","","Namwayut Large Bol","0","144","62","0"
"SKU: 00-04-562","232","Corrine Hunt Namwayut Collection Large Bowl Set","","Namwayut Large Bol","0","144","62","0"
"SKU: 00-04-565","233","Corrine Hunt Namwayut Collection Small Bowl","","Namwayut Large Bol","0","65","28","0"
"SKU: 00-04-560","234","Corrine Hunt Namwayut Collection Small Bowl","","Namwayut Large Bol","0","65","28","0"
"SKU: 00-04-568","235","Corrine Hunt Collection Namwayut  Salad Servers","","Corrine Hunt Collection Namwayut  Service à Salade","0","67","29","0"
"SKU: 00-04-563","236","Corrine Hunt Collection Namwayut  Salad Servers","","Corrine Hunt Collection Namwayut  Service à Salade","1","67","29","0"
"SKU: 00-04-526","238","Corrine Hunt Sea to Sky Candle Holder","","Corrine Hunt Sea to Sky Chandelier","0","50.95","22","0"
"SKU: 00-04-525","239","Corrine Hunt Sea to Sky Candle Holder","","Corrine Hunt Sea to Sky Chandelier","0","48.45","21","0"
"SKU: 00-04-531","240","Corrine Hunt Sea to Sky Cheese Knife","","Corrine Hunt Sea to Sky Couteau à Fromage","2","56","22","0"
"SKU: 00-04-528","241","Corrine Hunt Sea to Sky Table Napkin Ring","","Corrine Hunt Sea to Sky Anneau de Serviette de Table","1","14","6.05","0"
"SKU: 00-04-523","242","Corrine Hunt Sea to Sky Hostess Platter","","Corrine Hunt Sea to Sky Plateau d'Hôte","0","42","18","0"
"SKU: 00-04-522","243","Corrine Hunt Sea to Sky Hostess Platter","","Corrine Hunt Sea to Sky Plateau d'Hôte","0","78","34","0"
"SKU: 04-04-521","244","Corrine Hunt Sea to Sky Hostess Platter","","Corrine Hunt Sea to Sky Plateau d'Hôte","0","70","30","0"
"SKU: 00-04-520","245","Corrine Hunt Sea to Sky Hostess Platter","","Corrine Hunt Sea to Sky Plateau d'Hôte","0","63","27","0"
"SKU: 00-04-532","246","Corrine Hunt Sea to Sky Pâté Knife","","Corrine Hunt Sea to Sky Couteau à Pâté","0","46","20","0"
"SKU: 00-06-914","247","Corrine Hunt Sea to Sky Cheese Knife","","Corrine Hunt Sea to Sky Couteau à Fromage","0","74","32","0"
"SKU: 00-06-915","248","Corrine Hunt Sea to Sky Cheese Knife and Fork Set","","Corrine Hunt Sea to Sky Couteau à Fromage","1","88","38","0"
"SKU: 00-04-524","249","Corrine Hunt Collection Namwayut  Salad Servers","","Corrine Hunt Collection Namwayut  Service à Salade","0","67","29","0"
"A00048-7-POD2884","251","Card - The Protector","","Carte - Le Protecteur","5","6.35","2.75","0"
"SKU: 52-52-618","253","Jim Charlie Tablier Raven Apron","","Jim Charlie Tablier de cuisine Corbeau","1","36.95","16","0"
"SKU: 52-52-622","255","Jim Charlie Raven Halo Mug","","Jim Charlie Tasse Corbeau","0","11","4.75","0"
"SKU: 52-52-617","256","Jim Charlie Mitaine Raven Oven Mitt","","Jim Charlie Mitaine à four Corbeau","0","18.95","8","0"
"A01003-POD2575","257","Card - Sky Girl","","Carte - Fille du Ciel","12","6.35","2.75","0"
"SKU: 52-52-627","259","Jim Charlie Raven Oven Mitt","","Jim Charlie Mitaine à four Corbeau","1","18.95","8","0"
"SKU:52-52-616","261","Jim Charlie Raven Pocket Pot Holder","","Jim Charlie Linge à vaisselle en pochette Corbeau","0","32","14","0"
"A04060-20083","262","Card - Passing Through","","Carte - Traversée","11","6.35","2.75","0"
"SKU:52-52-626","264","Jim Charlie Raven Pocket Pot Holder","","Jim Charlie Linge à vaisselle en pochette Corbeau","0","32","14","0"
"SKU: 52-52-619","266","Jim Charlie Raven Pot Holder","","Jim Charlie Poignée à four Corbeau","1","14.95","5.75","0"
"SKU: 52-52-629","267","Jim Charlie Raven Pot Holder","","Jim Charlie Poignée à four Corbeau","0","14.95","6.5","0"
"A09054-20087","268","Card - Tranquility","","Carte - Tranquillité","9","6.35","2.75","0"
"SK52-52-615","269","Jim Charlie Raven Dish Towel","","Jim Charlie Linge à vaisselle Corbeau","0","15","5.9","0"
"SK52-52-625","272","Jim Charlie Raven Dish Towel","","Jim Charlie Linge à vaisselle Corbeau","0","15","5.9","0"
"SKU: 52-52-621x2","274","Jim Charlie Raven Trivet or Coasters","","Jim Charlie Sous-plat ou Sous-verre Corbeau","0","14.95","5.25","0"
"SKU: 52-52-647","277","Jim Charlie Salmon Halo Mug","","Jim Charlie Tasse Saumon","0","11","4.75","0"
"SKU: 52-52-607","279","Jim Charlie Wolf Oven Mitt","","Jim Charlie Mitaine à four  Loup","0","17.25","6.95","0"
"SKU:52-52-644","281","Jim Charlie Salmon Pocket Pot Holder","","Jim Charlie Linge à vaisselle en pochette Corbeau","0","32","14","0"
"SKU: 52-52-609","283","Jim Charlie Wolf Pot Holder","","Jim Charlie Poignée à four Loup","2","12.95","4.75","0"
"SK52-52-640","284","Jim Charlie Salmon Dish Towel","","Jim Charlie Linge à vaisselle Saumon","0","15","5.9","0"
"A10044-POD2572","285","Card - The Return","","Carte - Le Retour","9","6.35","2.75","0"
"SKU: 52-52-646x2","286","Jim Charlie Salmon Trivet or Coasters","","Jim Charlie Sous-plat ou Sous-verre Saumon","0","14.95","5.25","0"
"SKU:52-52-606","289","Jim Charlie Linge Wolf Pocket Pot Holder","","Jim Charlie Linge à vaisselle en pochette Loup","0","27","11.5","0"
"A13056-POD2568","290","Card - Otherness","","Carte - Altérité","11","6.35","2.75","0"
"SK52-52-605","291","Jim Charlie Wolf Dish Towel","","Jim Charlie Linge à vaisselle Loup","0","15","5.9","0"
"A13057-POD2567","294","Card - Origins","","Carte - Origines","8","6.35","2.75","0"
"SKU: 51-51-805","296","Klatle-Bhi Killer Whale Apron","","Klatle-Bhi Tablier de cuisine Épaulard","0","36.95","16","0"
"SKU: 51-51-811","298","Klatle-Bhi Killer Whale Mug","","Klatle-Bhi Tasse Épaulard","0","11","4.75","0"
"A16051-POD2566","299","Card - Northern Keepers","","Carte - Gardiens du Nord","10","6.35","2.75","0"
"SKU: 51-51-801","300","Klatle-Bhi Killer Whale Pot Holder","","Klatle-Bhi Poignée à four Épaulard","0","12.95","4.75","0"
"SKU: 51-51-718","302","Klatle-Bhi Moon Mask Dish Towel","","Klatle-Bhi Linge à vaisselle Moon Mask","0","15","5.9","0"
"A16052-POD2586","304","Card - Zenith","","Carte - Zénith","27","6.35","2.75","0"
"SKU: 51-51-710x2","306","Klatle-Bhi Moon Mask Trivet or Coasters","","Klatle-Bhi Sous-plat ou Sous-verre Moon Mask","0","14.95","6.3","0"
"SKU: 51-51-702","308","Klatle-Bhi Moon Mask Oven Mitt","","Klatle-Bhi Mitaine à four Moon Mask","0","18.95","8","0"
"A16058-POD2574","309","Card - Silent Seekers","","Carte - En quête de silence","9","6.35","2.75","0"
"A16059-POD2582","313","Card - Wisdom Keepers","","Carte - Gardiens de la Sagesse","9","6.35","2.75","0"
"A95053-20081","315","Card - Messenger","","Carte - Messager","15","6.35","2.75","0"
"A14051-POD2554","318","Card - Gezaluwejit","","Carte - Gezaluwejit","11","6.35","2.75","0"
"W13026-7","321","Card - In Her World","","Carte - Dans Son Monde","9","5.5","2.5","0"
"W13047-POD2560","324","Card - Inner Memories","","Carte - Mémoires Ancestrales","11","6.35","2.75","0"
"SKU: 51-51-713","327","Klatle-Bhi Moon Mask Mug","","Klatle-Bhi Tasse Moon Mask","0","11","4.75","0"
"SKU: 51-51-717","328","Klatle-Bhi Moon Mask Halo Mug","","Klatle-Bhi Tasse Moon Mask","0","11","4.75","0"
"SKU: 51-51-802","329","Klatle-Bhi Killer Whale Oven Mitt","","Klatle-Bhi Mitaine à four Épaulard","0","17.25","6.95","0"
"SKU: 51-51-701","330","Klatle-Bhi Moon Mask Pot Holder","","Klatle-Bhi Poignée à four Moon Mask","0","14.95","6.5","0"
"A11052-7","331","Card - Curiously","","Carte - Curieusement","0","5.5","2.5","0"
"A12050-POD2559","332","Card - Ice Dream","","Carte - Rêve de Glace","9","6.35","2.75","0"
"W13027-7","335","Card - Playing With Shadows","","Carte - Jeux d'Ombres","2","5.5","2.5","0"
"W13053-20086","338","Card - Roots Of Another World","","Carte - Racines d'un Autre Monde","9","6.35","2.75","0"
"A01038-7","341","Card - Harmony","","Carte - Harmonie","17","5.5","2.5","0"
"A01040-7","344","Card - Sharing","","Carte - Partage","42","5.5","2.5","0"
"A13042-POD2549","347","Card - Carried Away","","Carte - Emportée","7","6.35","2.75","0"
"W13023-POD2887","350","Card - Water and Spirit Buffalo","","Carte - Eau et Esprit du Bison","11","6.35","2.75","0"
"SKU: 00-04-529","353","Corrine Hunt Sea to Sky Belt Buckle","","Corrine Hunt Sea to Sky Boucle de Ceinture","0","34","14.5","0"
"SKU: 00-04-530","354","Corrine Hunt Sea to Sky Belt Buckle","","Corrine Hunt Boucle de Ceinture","0","34","14.5","0"
"SKU: 52-52-414","355","Connie Dickens Raven Bucket Tote Bag","","Connie Dickens Sac Bandoulière Corbeau","0","56","24","0"
"SKU: 52-52-413","356","Connie Dickens Raven Zip Tote Bag","","Connie Dickens Sac Bandoulière Corbeau","0","52","22","0"
"SKU: 52-52-412","357","Connie Dickens Raven Town Bag","","Connie Dickens Sacoche Bandoulière Corbeau","2","56","24","0"
"SKU: 52-52-411","358","Connie Dickens Raven Passport Bag","","Connie Dickens Sacoche à Passeport Corbeau","3","40","16.75","0"
"SKU: 52-52-410","359","Connie Dickens Raven Zip Pouch","","Connie Dickens Pochette Zip Corbeau","2","20","8.25","0"
"SKU: 52-52-415","360","Connie Dickens Raven Coin Purse","","Connie Dickens Porte-Monnaie Corbeau","0","15","6.5","0"
"SKU: 52-52-865","361","Kelly Robinson Eagle Bucket Tote Bag","","Kelly Robinson Sac à Bandoulière Aigle","0","56","24","0"
"SKU: 52-52-855","362","Kelly Robinson Eagle Bucket Tote Bag","","Kelly Robinson Sac à Bandoulière Aigle","0","56","24","0"
"SKU: 52-52-864","363","Kelly Robinson Eagle Zip Tote Bag","","Kelly Robinson Sac à Bandoulière Aigle","0","52","22","0"
"SKU: 52-52-854","364","Kelly Robinson Eagle Zip Tote Bag","","Kelly Robinson Sac à Bandoulière Aigle","0","52","22","0"
"SKU: 52-52-866","365","Kelly Robinson Eagle Coin Purse","","Kelly Robinson Porte-Monnaie Aigle","0","15","6.5","0"
"SKU: 52-52-856","366","Kelly Robinson Eagle Coin Purse","","Kelly Robinson Porte-Monnaie Aigle","1","15","6.5","0"
"SKU: 52-52-861","367","Kelly Robinson Eagle Passport Purse","","Kelly Robinson Sacoche à Passeport Aigle","1","40","16.75","0"
"SKU: 52-52-851","368","Kelly Robinson Eagle Passport Purse","","Kelly Robinson Sacoche à Passeport Aigle","2","40","16.75","0"
"SKU: 52-52-863","369","Kelly Robinson Eagle Town Bag","","Kelly Robinson Sacoche Bandoulière Aigle","2","56","24","0"
"SKU: 52-52-853","370","Kelly Robinson Eagle Town Bag","","Kelly Robinson Sacoche Bandoulière Aigle","3","56","21","0"
"SKU: 52-52-860","371","Kelly Robinson Eagle Zip Pouch","","Kelly Robinson Pochette Zip Aigle","2","20","8.25","0"
"SKU: 52-52-850","372","Kelly Robinson Eagle Zip Pouch","","Kelly Robinson Pochette Zip Aigle","1","20","8.25","0"
"SKU: 00-07-730x3","373","Corrine Hunt Silk Inspiration Bangle","1038","Corrine Hunt Inspiration de Soie - Bracelet : Taille - P","0","54","23.5","0"
"SKU: 00-07-730x3","373","Corrine Hunt Silk Inspiration Bangle","1039","Corrine Hunt Inspiration de Soie - Bracelet : Taille - M","1","54","23.5","0"
"SKU: 00-07-730x3","373","Corrine Hunt Silk Inspiration Bangle","1040","Corrine Hunt Inspiration de Soie - Bracelet : Taille - L","0","54","23.5","0"
"SKU: 00-07-733x3","374","Corrine Hunt Silk Inspiration Bangle","1035","Corrine Hunt Inspiration de Soie - Bracelet : Taille - P","0","54","23.5","0"
"SKU: 00-07-733x3","374","Corrine Hunt Silk Inspiration Bangle","1036","Corrine Hunt Inspiration de Soie - Bracelet : Taille - M","1","54","23.5","0"
"SKU: 00-07-733x3","374","Corrine Hunt Silk Inspiration Bangle","1037","Corrine Hunt Inspiration de Soie - Bracelet : Taille - L","1","54","23.5","0"
"SKU: 00-07-750x2","375","Corrine Hunt Silk Inspiration Cuff Bracelet","1033","Corrine Hunt Inspiration de Soie Bracelet : Taille - P","1","60","26","0"
"SKU: 00-07-750x2","375","Corrine Hunt Silk Inspiration Cuff Bracelet","1034","Corrine Hunt Inspiration de Soie Bracelet : Taille - M","1","60","26","0"
"SKU: 00-07-752x2","376","Corrine Hunt Silk Inspiration Cuff Bracelet","1031","Corrine Hunt Inspiration de Soie Bracelet : Taille - P","0","60","26","0"
"SKU: 00-07-752x2","376","Corrine Hunt Silk Inspiration Cuff Bracelet","1032","Corrine Hunt Inspiration de Soie Bracelet : Taille - M","0","60","26","0"
"SKU: 00-07-666","377","Corrine Hunt Silk Inspiration Drop Earrings","","Corrine Hunt Inspiration de Soie Boucles d'Oreilles","1","50","21.5","0"
"SKU: 00-07-662","378","Corrine Hunt Silk Inspiration Drop Earrings","","Corrine Hunt Inspiration de Soie Boucles d'Oreilles","2","50","21.5","0"
"SKU: 00-07-664","379","Corrine Hunt Silk Inspiration Oval Earrings","","Corrine Hunt Inspiration de Soie Boucles d'Oreilles","2","50","21.5","0"
"SKU: 00-07-674","380","Corrine Hunt Silk Inspiration Drop Earrings","","Corrine Hunt Inspiration de Soie Boucles d'Oreilles","3","50","21.5","0"
"SKU: 00-07-660","381","Corrine Hunt Silk Inspiration Oval Earrings","","Corrine Hunt Inspiration de Soie Boucles d'Oreilles","1","50","21.5","0"
"SKU: 00-07-672","382","Corrine Hunt Silk Inspiration Oval Earrings","","Corrine Hunt Inspiration de Soie Boucles d'Oreilles","1","50","21.5","0"
"SKU: 00-07-667","383","Corrine Hunt Silk Inspiration Trapezoid Earrings","","Corrine Hunt Inspiration de Soie Boucles d'Oreilles","2","50","21.5","0"
"SKU: 00-07-663","384","Corrine Hunt Silk Inspiration Trapezoid Earrings","","Corrine Hunt Inspiration de Soie Boucles d'Oreilles","2","50","21.5","0"
"SKU: 00-07-675","385","Corrine Hunt Silk Inspiration Trapezoid Earrings","","Corrine Hunt Inspiration de Soie Boucles d'Oreilles","1","50","21.5","0"
"SKU: 00-07-665","386","Corrine Hunt Silk Inspiration Triangle Earrings","","Corrine Hunt Inspiration de Soie Boucles d'Oreilles","1","50","21.5","0"
"SKU: 00-07-661","387","Corrine Hunt Silk Inspiration Triangle Earrings","","Corrine Hunt Inspiration de Soie Boucles d'Oreilles","1","50","21.5","0"
"SKU: 00-07-673","388","Corrine Hunt Silk Inspiration Triangle Earrings","","Corrine Hunt Inspiration de Soie Boucles d'Oreilles","2","50","21.5","0"
"SKU: 00-07-653","389","Corrine Hunt Silk Inspiration Oval Pendant","","Corrine Hunt Inspiration de Soie Pendentif","0","46","20","0"
"SKU: 00-07-657","391","Corrine Hunt Silk Inspiration Oval Pendant","","Corrine Hunt Inspiration de Soie Pendentif","2","46","20","0"
"SKU: 00-07-654","392","Corrine Hunt Silk Inspiration Round Pendant","","Corrine Hunt Inspiration de Soie Pendentif","1","46","20","0"
"SKU: 00-07-652","393","Corrine Hunt Silk Inspiration Round Pendant","","Corrine Hunt Inspiration de Soie Pendentif","1","46","20","0"
"SKU: 00-07-658","394","Corrine Hunt Silk Inspiration Round Pendant","","Corrine Hunt Inspiration de Soie Pendentif","1","46","20","0"
"SKU: 00-07-739x3","395","Kelly Robinson Silk Inspiration Bangle","1028","Kelly Robinson Inspiration de Soie Bracelet : Taille - P","2","54","23.5","0"
"SKU: 00-07-739x3","395","Kelly Robinson Silk Inspiration Bangle","1029","Kelly Robinson Inspiration de Soie Bracelet : Taille - M","0","54","23.5","0"
"SKU: 00-07-739x3","395","Kelly Robinson Silk Inspiration Bangle","1030","Kelly Robinson Inspiration de Soie Bracelet : Taille - L","2","54","23.5","0"
"SKU: 00-07-736x3","396","Kelly Robinson Silk Inspiration Bangle","1025","Kelly Robinson Inspiration de Soie Bracelet : Taille - P","0","54","23.5","0"
"SKU: 00-07-736x3","396","Kelly Robinson Silk Inspiration Bangle","1026","Kelly Robinson Inspiration de Soie Bracelet : Taille - M","0","54","23.5","0"
"SKU: 00-07-736x3","396","Kelly Robinson Silk Inspiration Bangle","1027","Kelly Robinson Inspiration de Soie Bracelet : Taille - L","0","54","23.5","0"
"SKU: 00-07-756x2","397","Kelly Robinson Silk Inspiration Cuff Bracelet","1023","Kelly Robinson Inspiration de Soie Bracelet : Taille - P","1","60","26","0"
"SKU: 00-07-756x2","397","Kelly Robinson Silk Inspiration Cuff Bracelet","1024","Kelly Robinson Inspiration de Soie Bracelet : Taille - M","1","60","26","0"
"SKU: 00-07-754x2","398","Kelly Robinson Silk Inspiration Cuff Bracelet","1021","Kelly Robinson Inspiration de Soie Bracelet : Taille - P","1","60","26","0"
"SKU: 00-07-754x2","398","Kelly Robinson Silk Inspiration Cuff Bracelet","1022","Kelly Robinson Inspiration de Soie Bracelet : Taille - M","1","60","26","0"
"SKU: 00-07-670","399","Kelly Robinson Silk Inspiration Drop Earrings","","Kelly Robinson Inspiration de Soie Boucles d'Oreilles","2","50","21.5","0"
"SKU: 00-07-678","400","Kelly Robinson Silk Inspiration Drop Earrings","","Kelly Robinson Inspiration de Soie Boucles d'Oreilles","1","50","21.5","0"
"SKU: 00-07-668","401","Kelly Robinson Silk Inspiration Oval Earrings","","Kelly Robinson Inspiration de Soie Boucles d'Oreilles","2","50","21.5","0"
"SKU: 00-07-676","402","Kelly Robinson Silk Inspiration Oval Earrings","","Kelly Robinson Inspiration de Soie Boucles d'Oreilles","0","50","21.5","0"
"SKU: 00-07-679","403","Kelly Robinson Silk Inspiration Trapezoid Earrings","","Kelly Robinson Inspiration de Soie Boucles d'Oreilles","0","50","21.5","0"
"SKU: 00-07-671","404","Kelly Robinson Silk Inspiration Trapezoid Earrings","","Kelly Robinson Inspiration de Soie Boucles d'Oreilles","2","50","21.5","0"
"SKU: 00-07-669","405","Kelly Robinson Silk Inspiration Triangle Earrings","","Kelly Robinson Inspiration de Soie Boucles d'Oreilles","2","50","21.5","0"
"SKU: 00-07-677","406","Kelly Robinson Silk Inspiration Triangle Earrings","","Kelly Robinson Inspiration de Soie Boucles d'Oreilles","1","50","21.5","0"
"SKU: 00-07-655","407","Kelly Robinson Silk Inspiration Oval Pendant","","Kelly Robinson Inspiration de Soie Pendentif","2","46","20","0"
"SKU: 00-07-631","408","Kelly Robinson Silk Inspiration Oval Pendant","","Kelly Robinson Inspiration de Soie Pendentif","1","46","20","0"
"SKU: 00-07-632","409","Kelly Robinson Silk Inspiration Round Pendant","","Kelly Robinson Inspiration de Soie Pendentif","2","46","20","0"
"SKU: 00-07-656","410","Kelly Robinson Silk Inspiration Round Pendant","","Kelly Robinson Inspiration de Soie Pendentif","2","46","16.5","0"
"SKU: 00-07-562x2","418","Andrew Williams Octopus Bracelet","7525","Andrew Williams Bracelet Pieuvre : Taille - 6.5""","0","110.95","45","0"
"SKU: 00-07-562x2","418","Andrew Williams Octopus Bracelet","7526","Andrew Williams Bracelet Pieuvre : Taille - 8""","2","110.95","45","0"
"SKU: 00-07-563x2","420","Andrew Williams Octopus Pendant","","Andrew Williams Pendentif Pieuvre","1","90","39","0"
"SKU: 00-07-560x2","422","Andrew Williams Raven Pendant","","Andrew Williams Pendentif Corbeau","1","90","39","0"
"00-07-581","423","Bill Helin Raven Bracelet","","Andrew Williams Bracelet Corbeau","0","110.95","48","0"
"SKU: 00-07-528","424","Corrine Hunt Eagle Earrings","","Corrine Hunt Boucles d'Oreilles Aigle (Air)","1","80","34.5","0"
"SKU: 00-07-503","425","Corrine Hunt Killer Whale Pendant","","Corrine Hunt Pendentif  Épaulard","1","82","35.5","0"
"SKU: 00-07-520","426","Corrine Hunt Eagle Earrings","","Corrine Hunt Boucles d'Oreilles Aigle","1","85","37","0"
"SKU: 00-07-530","427","Corrine Hunt Eagle Earrings","","Corrine Hunt Boucles d'Oreilles Aigle","0","85","37","0"
"SKU: 00-07-504","428","Corrine Hunt Wolf Pendant","","Corrine Hunt Pendentif Loup","2","82","35.5","0"
"SKU: 00-07-529","429","Corrine Hunt Wolf Earrings","","Corrine Hunt Boucles d'Oreilles Loup","1","80","34.5","0"
"SKU: 00-07-521","430","Corrine Hunt Killer Whale Earrings","","Corrine Hunt Boucles d'Oreilles Épaulard","1","85","37","0"
"SKU: 00-07-508","431","Corrine Hunt Eagle Pendant","","Corrine Hunt Pendentif Aigle","1","90","39","0"
"SKU: 00-07-523","434","Corrine Hunt Killer Whale Earrings","","Corrine Hunt Boucles d'Oreilles Épaulard","0","85","37","0"
"SKU: 00-07-501","435","Corrine Hunt Killer Whale Pendant","1015","Corrine Hunt Pendentif  Épaulard : Taille - P","0","60","27","35.5"
"SKU: 00-07-501","435","Corrine Hunt Killer Whale Pendant","1016","Corrine Hunt Pendentif  Épaulard : Taille - L","1","86","27","37.5"
"SKU: 00-07-500","436","Corrine Hunt Eagle Pendant","","Corrine Hunt Pendentif Aigle","2","82","35.5","0"
"SKU: 00-07-524","437","Corrine Hunt Wolf Earrings","","Corrine Hunt Boucles d'Oreilles Loup","1","85","37","0"
"SKU: 00-07-509","439","Corrine Hunt Wolf Pendant","11700","Corrine Hunt Pendentif Loup : Bijoux - Chaîne en argent","1","90","39","39"
"SKU: 00-07-509","439","Corrine Hunt Wolf Pendant","11701","Corrine Hunt Pendentif Loup : Bijoux - Cordon Satin Noir","0","74","39","32"
"SKU: 00-07-594","440","Corrine Hunt Eagle Pendant","","Corrine  Hunt Pendentif Aigle","0","82","28","0"
"SKU: 00-07-507","442","Corrine Hunt Eagle Pendant","6556","Corrine  Hunt Pendentif Aigle : Bijoux - Chaîne en argent","1","82","28","35.5"
"SKU: 00-07-507","442","Corrine Hunt Eagle Pendant","6557","Corrine  Hunt Pendentif Aigle : Bijoux - Cordon Satin Noir","0","74","28","31.5"
"SKU: 00-07-505","443","Corrine Hunt Eagle Pendant","","Corrine  Hunt Pendentif Aigle","1","82","35.5","0"
"SKU: 00-07-595","444","Corrine Hunt Killer Whale Pendant","","Corrine  Hunt Pendentif Épaulard","1","76","32","0"
"SKU: 00-07-506","445","Corrine Hunt Eagle Pendant","","Corrine Hunt Pendentif Aigle","0","82","35.5","0"
"SKU: 00-07-570x2","447","Kelly Robinson Eagle Bracelet","7830","Kelly Robinson Bracelet Aigle : Taille - 6.5""","0","110.95","48","0"
"SKU: 00-07-570x2","447","Kelly Robinson Eagle Bracelet","7831","Kelly Robinson Bracelet Aigle : Taille - 8""","0","110.95","48","0"
"SKU: 00-07-571x2","448","Kelly Robinson Hummingbird Bracelet","7523","Kelly Robinson Bracelet Colibri : Taille - 6.5""","0","110.95","0","48"
"SKU: 00-07-571x2","448","Kelly Robinson Hummingbird Bracelet","7524","Kelly Robinson Bracelet Colibri : Taille - 8""","0","110.95","0","45"
"SKU: 00-04-703","449","Moon Mask Cribbage Board","","Jeu de Crib Moon Mask","0","196","85","0"
"SKU: 00-04-702","451","Cribbage Board","","Jeu de Crib","1","180","72","0"
"SKU: 00-04-495","452","Keith Tait Frog Box","","Keith Tait Coffret  Grenouille","1","81","35","0"
"SKU: 90-90-252","454","John Robson CMH Clamshell Box Watch","11706","John Robson Coffret Coquille de Mollusque : Taille - M","0","345","450","150"
"SKU: 90-90-252","454","John Robson CMH Clamshell Box Watch","11707","John Robson Coffret Coquille de Mollusque : Taille - L","0","1050","450","450"
"SKU: 90-90-250","455","CMH Dogfish Box","","Coffret Haida Gwaii Chien de Mer","0","62","27","0"
"SKU: 90-90-251","456","CMH Sea Monster Box","","Coffret Haida Gwaii Loup de Mer","0","76","33","0"
"SKU: 90-90-152","457","Haida Gwaii Beaver Bowl","","Bol Haida Gwaii Castor","1","230","92","0"
"SKU: 90-90-150","458","Haida Gwaii Frog Bowl","","Bol Haida Gwaii Grenouille","1","65","28","0"
"SKU: 90-90-151","459","Haida Gwaii Frog Bowl","","Bol Haida Gwaii Grenouille","0","80.95","35","0"
"SKU: 90-90-200","460","Haida Gwaii Halibut Plate","","Plat Potlatch Haida Gwaii Flétan","0","152","66","0"
"SKU: 90-90-201","461","Haida Gwaii Killer Whale Plate","","Plat Haida Gwaii Épaulard","1","182","72","0"
"SKU: 90-90-208","462","Haida Gwaii Octopus Platter","","Plat Potlatch  Haida Gwaii Pieuvre","1","355","154","0"
"SKU: 90-90-203","463","Haida Gwaii Sea Wolf Platter","","Plat Haida Gwaii Loup de Mer","1","448","180","0"
"SKU: 90-90-206","464","Haida Gwaii Dogfish Platter","","Plat Potlatch  Haida Gwaii Chien de Mer","0","230","97","0"
"SKU: 90-90-202","465","Haida Gwaii Thunderbird/Whale Platter","","Plat Haida Gwaii L'Oiseau-Tonnerre/Baleine","0","254","110","0"
"SKU: 90-90-003","466","Haida Gwaii Bear/Dogfish Totem","","Totem Haida Gwaii Ours/Chien de Mer","0","50.95","22","0"
"SKU: 90-90-001","467","Haida Gwaii Bear/Halibut Totem","","Totem Haida Gwaii Ours/Flétan","0","38.5","16.75","0"
"SKU: 90-90-009","468","Haida Gwaii Bear Mother Totem","","Totem Haida Gwaii Ours/Mère","0","230","100","0"
"SKU: 90-90-004","469","Haida Gwaii Bear/Raven Totem","","Totem Haida Gwaii Ours/Corbeau","0","76","33","0"
"SKU: 90-90-002","471","Haida Gwaii Bear/Salmon Totem","","Totem Haida Gwaii Ours/Saumon","0","50.95","22","0"
"SKU: 90-90-008","472","Haida Gwaii Beaver/Bear/Killer Whale Totem","","Totem Haida Gwaii Castor/Ours/Épaulard","0","104","45","0"
"SKU: 90-90-010","473","Haida Gwaii Eagle Totem","","Totem Haida Gwaii Aigle","0","299","130","0"
"SKU: 90-90-006","474","Haida Gwaii Raven Totem","","Totem Haida Gwaii Corbeau","0","82.95","36","0"
"SKU: 90-90-005","475","Haida Gwaii Raven/Beaver Totem","","Totem Haida Gwaii Corbeau/Castor","0","76","33","0"
"SKU: 90-90-007","476","Haida Gwaii Shaman/Raven/Beaver Totem","","Totem Haida Gwaii Shaman/Corbeau/Castor","0","104","45","0"
"SKU: 00-02-826","477","Potlatch Bear Dish","","Plat Potlatch Ours","2","116","50.5","0"
"SKU: 00-02-816","478","Potlatch Bear Bowl","","Bol Potlatch Ours","0","299","130","0"
"SKU: 00-02-815","479","Potlatch Dogfish Bowl","","Bol Potlatch Chien de Mer en bois","0","222","96","0"
"SKU: 00-02-822","480","Potlatch Frog Bowl","","Bol Potlatch Grenouille","3","116","50.5","0"
"SKU: 00-02-823","481","Potlatch Loon Bowl","","Bol Potlatch Huard","0","116","50.5","0"
"SKU: 00-02-824","482","Potlatch Raven Bowl","","Bol Potlatch Corbeau","1","116","50.5","0"
"SKU: 00-02-814","483","Potlatch Raven Bowl","","Bol Potlatch Corbeau","1","184","96","0"
"SKU: 54-54-116","485","Moccasins Bear Box","1087","Mocassins Bear Box : Pointure - 18 mois","0","92","40","0"
"SKU: 54-54-116","485","Moccasins Bear Box","1088","Mocassins Bear Box : Pointure - 24 mois","0","92","40","0"
"SKU: 54-54-116","485","Moccasins Bear Box","1089","Mocassins Bear Box : Pointure - 36 mois","4","92","40","0"
"SKU-54-54-380","489","City Bag, Bear Box","4027","Sacoche à Bandoulière, Bear Box : Couleurs - Noir","0","110","48","0"
"SKU-54-54-380","489","City Bag, Bear Box","4029","Sacoche à Bandoulière, Bear Box : Couleurs - Turquoise","0","110","48","0"
"SKU-54-54-380","489","City Bag, Bear Box","4030","Sacoche à Bandoulière, Bear Box : Couleurs - Noisette","1","110","48","0"
"SKU: 54-54-206x12","501","Bear Box Coin Purse","106","Porte-monnaie Bear Box : Couleurs - Noir","0","34.5","15","0"
"SKU: 54-54-206x12","501","Bear Box Coin Purse","107","Porte-monnaie Bear Box : Couleurs - Rouge","0","34.5","15","0"
"SKU: 54-54-206x12","501","Bear Box Coin Purse","110","Porte-monnaie Bear Box : Couleurs - Turquoise","0","34.5","15","0"
"SKU: 54-54-206x12","501","Bear Box Coin Purse","112","Porte-monnaie Bear Box : Couleurs - Noir chevreuil","0","34.5","15","0"
"SKU: 54-54-206x12","501","Bear Box Coin Purse","113","Porte-monnaie Bear Box : Couleurs - Rouge chevreuil","0","34.5","15","0"
"SKU: 54-54-206x12","501","Bear Box Coin Purse","114","Porte-monnaie Bear Box : Couleurs - Brun pâle chevreuil","0","34.5","15","0"
"SKU: 54-54-206x12","501","Bear Box Coin Purse","115","Porte-monnaie Bear Box : Couleurs - Turquoise chevreuil","0","34.5","15","0"
"SKU: 54-54-206x12","501","Bear Box Coin Purse","9223","Porte-monnaie Bear Box : Couleurs - Beige","1","34.5","15","0"
"SKU: 54-54-395","502","Mini Coin Purse Bear Box","102","Petit Porte-Monnaie Bear Box : Couleurs - Noir","0","32.95","14.5","0"
"SKU: 54-54-395","502","Mini Coin Purse Bear Box","103","Petit Porte-Monnaie Bear Box : Couleurs - Rouge","4","32.95","14.5","0"
"SKU: 54-54-395","502","Mini Coin Purse Bear Box","104","Petit Porte-Monnaie Bear Box : Couleurs - Turquoise","4","32.95","14.5","0"
"SKU: 54-54-395","502","Mini Coin Purse Bear Box","105","Petit Porte-Monnaie Bear Box : Couleurs - Brun pâle","3","32.95","14.5","0"
"SKU: 54-54-395","502","Mini Coin Purse Bear Box","2069","Petit Porte-Monnaie Bear Box : Couleurs - Noisette","0","32.95","14.5","0"
"SKU: 54-54-395","502","Mini Coin Purse Bear Box","3952","Petit Porte-Monnaie Bear Box : Couleurs - Jaune","3","32.95","14.5","0"
"SKU: 54-54-208","509","Passport Pouch Bear Box","4097","Sacoche à Passeport Bear Box : Couleurs - Noir","0","72","31","0"
"SKU: 54-54-208","509","Passport Pouch Bear Box","4098","Sacoche à Passeport Bear Box : Couleurs - Rouge","0","72","31","0"
"SKU: 54-54-208","509","Passport Pouch Bear Box","4099","Sacoche à Passeport Bear Box : Couleurs - Noisette","0","72","31","0"
"SKU: 54-54-208","509","Passport Pouch Bear Box","4100","Sacoche à Passeport Bear Box : Couleurs - Turquoise","1","72","31","0"
"SKU: 54-54-208","509","Passport Pouch Bear Box","4102","Sacoche à Passeport Bear Box : Couleurs - Bleu sarcelle","1","72","31","0"
"SKU: 54-54-208","509","Passport Pouch Bear Box","4121","Sacoche à Passeport Bear Box : Couleurs - Bronze","0","72","31","0"
"SKU: 54-54-208","509","Passport Pouch Bear Box","7834","Sacoche à Passeport Bear Box : Couleurs - Crème","0","72","31","0"
"SKU: 54-54-208","509","Passport Pouch Bear Box","9129","Sacoche à Passeport Bear Box : Couleurs - Jaune","0","72","31","0"
"SKU: 54-54-203","518","Embossed Solo Bag Bear Box","8523","Sacoche à Bandoulière, Bear Box : Couleurs - Noir","0","120","52","0"
"SKU: 54-54-203","518","Embossed Solo Bag Bear Box","8524","Sacoche à Bandoulière, Bear Box : Couleurs - Rouge","0","120","52","0"
"SKU: 54-54-203","518","Embossed Solo Bag Bear Box","8525","Sacoche à Bandoulière, Bear Box : Couleurs - Brun","0","120","52","0"
"SKU: 54-54-203","518","Embossed Solo Bag Bear Box","8526","Sacoche à Bandoulière, Bear Box : Couleurs - Turquoise","0","120","52","0"
"SKU: 54-54-203","518","Embossed Solo Bag Bear Box","8527","Sacoche à Bandoulière, Bear Box : Couleurs - Noir chevreuil","0","120","52","0"
"SKU: 54-54-203","518","Embossed Solo Bag Bear Box","8528","Sacoche à Bandoulière, Bear Box : Couleurs - Rouge chevreuil","0","120","52","0"
"SKU: 54-54-203","518","Embossed Solo Bag Bear Box","8529","Sacoche à Bandoulière, Bear Box : Couleurs - Beige Chevreuil","0","120","52","0"
"SKU: 54-54-203","518","Embossed Solo Bag Bear Box","8530","Sacoche à Bandoulière, Bear Box : Couleurs - Tan Chevreuil","0","120","52","0"
"SKU: 54-54-203","518","Embossed Solo Bag Bear Box","8531","Sacoche à Bandoulière, Bear Box : Couleurs - Turquoise chevreuil","1","120","52","0"
"SKU: 54-54-232","525","Wristlet Bear Box","4078","Sacoche de Soirée, Bear Box : Couleurs - Noir","0","56","24","0"
"SKU: 54-54-232","525","Wristlet Bear Box","4079","Sacoche de Soirée, Bear Box : Couleurs - Rouge","0","56","24","0"
"SKU: 54-54-232","525","Wristlet Bear Box","4081","Sacoche de Soirée, Bear Box : Couleurs - Turquoise","0","56","24","0"
"SKU: 54-54-232","525","Wristlet Bear Box","4082","Sacoche de Soirée, Bear Box : Couleurs - Tan","0","56","24","0"
"SKU: 54-54-232","525","Wristlet Bear Box","4090","Sacoche de Soirée, Bear Box : Couleurs - Cerise","0","56","24","0"
"SKU: 54-54-232","525","Wristlet Bear Box","8532","Sacoche de Soirée, Bear Box : Couleurs - Brun","0","56","24","0"
"SKU: 54-54-134x7","531","Bill Helin Eagle Coin Purse","62","Bill Helin Porte-Monnaie Aigle : Couleurs - Noir","0","34","14.5","0"
"SKU: 54-54-134x7","531","Bill Helin Eagle Coin Purse","63","Bill Helin Porte-Monnaie Aigle : Couleurs - Rouge","0","34","14.5","0"
"SKU: 54-54-134x7","531","Bill Helin Eagle Coin Purse","64","Bill Helin Porte-Monnaie Aigle : Couleurs - Turquoise","0","34","14.5","0"
"SKU: 54-54-134x7","531","Bill Helin Eagle Coin Purse","65","Bill Helin Porte-Monnaie Aigle : Couleurs - Brun pâle","0","34","14.5","0"
"SKU: 54-54-134x7","531","Bill Helin Eagle Coin Purse","67","Bill Helin Porte-Monnaie Aigle : Couleurs - Brun pâle chevreuil","0","28","14.5","28"
"SKU: 54-54-134x7","531","Bill Helin Eagle Coin Purse","68","Bill Helin Porte-Monnaie Aigle : Couleurs - Rouge chevreuil","0","28","14.5","0"
"6017-0408-00VI-600VI","534","Ladies Suede Slippers","507","Pantoufles Suède Dames : Pointure - 4","0","108","46.9","0"
"6017-0408-00VI-600VI","534","Ladies Suede Slippers","508","Pantoufles Suède Dames : Pointure - 5","0","108","46.9","0"
"6017-0408-00VI-600VI","534","Ladies Suede Slippers","509","Pantoufles Suède Dames : Pointure - 6","0","108","46.9","0"
"6017-0408-00VI-600VI","534","Ladies Suede Slippers","510","Pantoufles Suède Dames : Pointure - 7","0","108","46.9","0"
"6017-0408-00VI-600VI","534","Ladies Suede Slippers","511","Pantoufles Suède Dames : Pointure - 8","0","108","46.9","0"
"6017-0408-00VI-600VI","534","Ladies Suede Slippers","512","Pantoufles Suède Dames : Pointure - 9","0","108","46.9","0"
"6017-0408-00VI-600VI","534","Ladies Suede Slippers","513","Pantoufles Suède Dames : Pointure - 10","0","108","46.9","0"
"6017-0408-00VI-600VI","534","Ladies Suede Slippers","514","Pantoufles Suède Dames : Pointure - 11","0","108","46.9","0"
"6017-0408-00VI-600VI","534","Ladies Suede Slippers","515","Pantoufles Suède Dames : Pointure - 12","0","108","46.9","0"
"6080-0408-41AQ-600AQ","535","Ladies Suede Slippers","522","Pantoufles Suède Dames : Pointure - 11","0","108","46.9","0"
"6080-0408-41AQ-600AQ","535","Ladies Suede Slippers","7058","Pantoufles Suède Dames : Pointure - 4","0","108","46.9","0"
"6080-0408-41AQ-600AQ","535","Ladies Suede Slippers","7059","Pantoufles Suède Dames : Pointure - 5","0","108","46.9","0"
"6080-0408-41AQ-600AQ","535","Ladies Suede Slippers","7060","Pantoufles Suède Dames : Pointure - 6","0","108","46.9","0"
"6080-0408-41AQ-600AQ","535","Ladies Suede Slippers","7061","Pantoufles Suède Dames : Pointure - 7","0","108","46.9","0"
"6080-0408-41AQ-600AQ","535","Ladies Suede Slippers","7062","Pantoufles Suède Dames : Pointure - 8","0","108","46.9","0"
"6080-0408-41AQ-600AQ","535","Ladies Suede Slippers","7063","Pantoufles Suède Dames : Pointure - 9","0","108","46.9","0"
"6080-0408-41AQ-600AQ","535","Ladies Suede Slippers","7064","Pantoufles Suède Dames : Pointure - 10","0","108","46.9","0"
"6080-0408-41AQ-600AQ","535","Ladies Suede Slippers","7065","Pantoufles Suède Dames : Pointure - 12","0","108","46.9","0"
"6080-0408-41BU-600BU","537","Ladies Suede Slippers","534","Pantoufles Suède Dames : Pointure - 5","1","108","46.9","0"
"6080-0408-41BU-600BU","537","Ladies Suede Slippers","535","Pantoufles Suède Dames : Pointure - 6","1","108","46.9","0"
"6080-0408-41BU-600BU","537","Ladies Suede Slippers","536","Pantoufles Suède Dames : Pointure - 7","0","108","46.9","0"
"6080-0408-41BU-600BU","537","Ladies Suede Slippers","537","Pantoufles Suède Dames : Pointure - 8","0","108","46.9","0"
"6080-0408-41BU-600BU","537","Ladies Suede Slippers","538","Pantoufles Suède Dames : Pointure - 9","1","108","46.9","0"
"6080-0408-41BU-600BU","537","Ladies Suede Slippers","539","Pantoufles Suède Dames : Pointure - 10","0","108","46.9","0"
"6080-0408-41BU-600BU","537","Ladies Suede Slippers","540","Pantoufles Suède Dames : Pointure - 11","0","108","46.9","0"
"6080-0408-41BU-600BU","537","Ladies Suede Slippers","541","Pantoufles Suède Dames : Pointure - 12","0","108","46.9","0"
"6080-0408-41BU-600BU","537","Ladies Suede Slippers","542","Pantoufles Suède Dames : Pointure - 4","0","108","46.9","0"
"6080-0408-41CO-600CO","538","Ladies Suede Slippers","543","Pantoufles Suède Dames : Pointure - 5","0","108","46.9","0"
"6080-0408-41CO-600CO","538","Ladies Suede Slippers","544","Pantoufles Suède Dames : Pointure - 6","0","108","46.9","0"
"6080-0408-41CO-600CO","538","Ladies Suede Slippers","545","Pantoufles Suède Dames : Pointure - 7","0","108","46.9","0"
"6080-0408-41CO-600CO","538","Ladies Suede Slippers","546","Pantoufles Suède Dames : Pointure - 8","0","108","46.9","0"
"6080-0408-41CO-600CO","538","Ladies Suede Slippers","547","Pantoufles Suède Dames : Pointure - 9","0","108","46.9","0"
"6080-0408-41CO-600CO","538","Ladies Suede Slippers","548","Pantoufles Suède Dames : Pointure - 10","0","108","46.9","0"
"6080-0408-41CO-600CO","538","Ladies Suede Slippers","549","Pantoufles Suède Dames : Pointure - 11","0","108","46.9","0"
"6080-0408-41CO-600CO","538","Ladies Suede Slippers","550","Pantoufles Suède Dames : Pointure - 12","0","108","46.9","0"
"6080-0408-41CO-600CO","538","Ladies Suede Slippers","551","Pantoufles Suède Dames : Pointure - 4","0","108","46.9","0"
"6080-0408-41COTO-600COTO","539","Ladies Suede Slippers","558","Pantoufles Suède Dames : Pointure - 11","0","108","46.9","0"
"6080-0408-41COTO-600COTO","539","Ladies Suede Slippers","7066","Pantoufles Suède Dames : Pointure - 4","0","108","46.9","0"
"6080-0408-41COTO-600COTO","539","Ladies Suede Slippers","7067","Pantoufles Suède Dames : Pointure - 5","0","108","46.9","0"
"6080-0408-41COTO-600COTO","539","Ladies Suede Slippers","7068","Pantoufles Suède Dames : Pointure - 6","0","108","46.9","0"
"6080-0408-41COTO-600COTO","539","Ladies Suede Slippers","7069","Pantoufles Suède Dames : Pointure - 7","0","108","46.9","0"
"6080-0408-41COTO-600COTO","539","Ladies Suede Slippers","7070","Pantoufles Suède Dames : Pointure - 8","0","108","46.9","0"
"6080-0408-41COTO-600COTO","539","Ladies Suede Slippers","7071","Pantoufles Suède Dames : Pointure - 9","0","108","46.9","0"
"6080-0408-41COTO-600COTO","539","Ladies Suede Slippers","7072","Pantoufles Suède Dames : Pointure - 10","0","108","46.9","0"
"6080-0408-41COTO-600COTO","539","Ladies Suede Slippers","7073","Pantoufles Suède Dames : Pointure - 12","0","108","46.9","0"
"6080-0408-41DKTCK-600DKTCK","540","Ladies Suede/Leather Slippers","561","Pantoufles Suède/Cuir Dames : Pointure - 5","0","115","49.7","0"
"6080-0408-41DKTCK-600DKTCK","540","Ladies Suede/Leather Slippers","562","Pantoufles Suède/Cuir Dames : Pointure - 6","0","115","49.7","0"
"6080-0408-41DKTCK-600DKTCK","540","Ladies Suede/Leather Slippers","563","Pantoufles Suède/Cuir Dames : Pointure - 7","0","115","49.7","0"
"6080-0408-41DKTCK-600DKTCK","540","Ladies Suede/Leather Slippers","564","Pantoufles Suède/Cuir Dames : Pointure - 8","0","115","49.7","0"
"6080-0408-41DKTCK-600DKTCK","540","Ladies Suede/Leather Slippers","565","Pantoufles Suède/Cuir Dames : Pointure - 9","0","115","49.7","0"
"6080-0408-41DKTCK-600DKTCK","540","Ladies Suede/Leather Slippers","566","Pantoufles Suède/Cuir Dames : Pointure - 10","0","115","49.7","0"
"6080-0408-41DKTCK-600DKTCK","540","Ladies Suede/Leather Slippers","567","Pantoufles Suède/Cuir Dames : Pointure - 11","0","115","49.7","0"
"6080-0408-41DKTCK-600DKTCK","540","Ladies Suede/Leather Slippers","568","Pantoufles Suède/Cuir Dames : Pointure - 12","0","115","49.7","0"
"6080-0408-41DKTCK-600DKTCK","540","Ladies Suede/Leather Slippers","569","Pantoufles Suède/Cuir Dames : Pointure - 4","0","115","49.7","0"
"6080-0408-41NBCK-600NBCK","541","Ladies Suede/Leather Slippers","574","Pantoufles Suède/Cuir Dames : Pointure - 9","0","115","49.7","0"
"6080-0408-41NBCK-600NBCK","541","Ladies Suede/Leather Slippers","7074","Pantoufles Suède/Cuir Dames : Pointure - 4","0","115","49.7","0"
"6080-0408-41NBCK-600NBCK","541","Ladies Suede/Leather Slippers","7075","Pantoufles Suède/Cuir Dames : Pointure - 5","0","115","49.7","0"
"6080-0408-41NBCK-600NBCK","541","Ladies Suede/Leather Slippers","7076","Pantoufles Suède/Cuir Dames : Pointure - 6","0","115","49.7","0"
"6080-0408-41NBCK-600NBCK","541","Ladies Suede/Leather Slippers","7077","Pantoufles Suède/Cuir Dames : Pointure - 7","0","115","49.7","0"
"6080-0408-41NBCK-600NBCK","541","Ladies Suede/Leather Slippers","7078","Pantoufles Suède/Cuir Dames : Pointure - 8","0","115","49.7","0"
"6080-0408-41NBCK-600NBCK","541","Ladies Suede/Leather Slippers","7079","Pantoufles Suède/Cuir Dames : Pointure - 10","0","115","49.7","0"
"6080-0408-41NBCK-600NBCK","541","Ladies Suede/Leather Slippers","7080","Pantoufles Suède/Cuir Dames : Pointure - 11","0","115","49.7","0"
"6080-0408-41NBCK-600NBCK","541","Ladies Suede/Leather Slippers","7081","Pantoufles Suède/Cuir Dames : Pointure - 12","0","115","49.7","0"
"6080-0408-41PU-600PU","542","Ladies Suede Slippers","584","Pantoufles Suède Dames : Pointure - 10","0","108","46.9","0"
"6080-0408-41PU-600PU","542","Ladies Suede Slippers","7082","Pantoufles Suède Dames : Pointure - 4","0","108","46.9","0"
"6080-0408-41PU-600PU","542","Ladies Suede Slippers","7083","Pantoufles Suède Dames : Pointure - 5","1","108","46.9","0"
"6080-0408-41PU-600PU","542","Ladies Suede Slippers","7084","Pantoufles Suède Dames : Pointure - 6","0","108","46.9","0"
"6080-0408-41PU-600PU","542","Ladies Suede Slippers","7085","Pantoufles Suède Dames : Pointure - 7","1","108","46.9","0"
"6080-0408-41PU-600PU","542","Ladies Suede Slippers","7086","Pantoufles Suède Dames : Pointure - 8","1","108","46.9","0"
"6080-0408-41PU-600PU","542","Ladies Suede Slippers","7087","Pantoufles Suède Dames : Pointure - 9","1","108","46.9","0"
"6080-0408-41PU-600PU","542","Ladies Suede Slippers","7088","Pantoufles Suède Dames : Pointure - 11","1","108","46.9","0"
"6080-0408-41PU-600PU","542","Ladies Suede Slippers","7089","Pantoufles Suède Dames : Pointure - 12","0","108","46.9","0"
"6080-0408-41RBBL-600RBBL","543","Ladies Suede Slippers","588","Pantoufles Suède Dames : Pointure - 5","0","108","46.9","0"
"6080-0408-41RBBL-600RBBL","543","Ladies Suede Slippers","589","Pantoufles Suède Dames : Pointure - 6","0","108","46.9","0"
"6080-0408-41RBBL-600RBBL","543","Ladies Suede Slippers","590","Pantoufles Suède Dames : Pointure - 7","0","108","46.9","0"
"6080-0408-41RBBL-600RBBL","543","Ladies Suede Slippers","591","Pantoufles Suède Dames : Pointure - 8","0","108","46.9","0"
"6080-0408-41RBBL-600RBBL","543","Ladies Suede Slippers","592","Pantoufles Suède Dames : Pointure - 9","0","108","46.9","0"
"6080-0408-41RBBL-600RBBL","543","Ladies Suede Slippers","593","Pantoufles Suède Dames : Pointure - 10","0","108","46.9","0"
"6080-0408-41RBBL-600RBBL","543","Ladies Suede Slippers","594","Pantoufles Suède Dames : Pointure - 11","0","108","46.9","0"
"6080-0408-41RBBL-600RBBL","543","Ladies Suede Slippers","595","Pantoufles Suède Dames : Pointure - 12","0","108","46.9","0"
"6080-0408-41RBBL-600RBBL","543","Ladies Suede Slippers","596","Pantoufles Suède Dames : Pointure - 4","0","108","46.9","0"
"6080-0408-41RB-600RB","544","Ladies Suede Slippers","597","Pantoufles Suède Dames : Pointure - 5","0","108","46.9","0"
"6080-0408-41RB-600RB","544","Ladies Suede Slippers","598","Pantoufles Suède Dames : Pointure - 6","0","108","46.9","0"
"6080-0408-41RB-600RB","544","Ladies Suede Slippers","599","Pantoufles Suède Dames : Pointure - 7","0","108","46.9","0"
"6080-0408-41RB-600RB","544","Ladies Suede Slippers","600","Pantoufles Suède Dames : Pointure - 8","0","108","46.9","0"
"6080-0408-41RB-600RB","544","Ladies Suede Slippers","601","Pantoufles Suède Dames : Pointure - 9","0","108","46.9","0"
"6080-0408-41RB-600RB","544","Ladies Suede Slippers","602","Pantoufles Suède Dames : Pointure - 10","0","108","46.9","0"
"6080-0408-41RB-600RB","544","Ladies Suede Slippers","603","Pantoufles Suède Dames : Pointure - 11","0","108","46.9","0"
"6080-0408-41RB-600RB","544","Ladies Suede Slippers","604","Pantoufles Suède Dames : Pointure - 12","0","108","46.9","0"
"6080-0408-41RB-600RB","544","Ladies Suede Slippers","605","Pantoufles Suède Dames : Pointure - 4","0","108","46.9","0"
"6080-0408-41SMFD-600SMFD","545","Ladies Suede/Leather Slippers","606","Pantoufles Suède/Cuir Dames : Pointure - 5","0","115","49.7","0"
"6080-0408-41SMFD-600SMFD","545","Ladies Suede/Leather Slippers","607","Pantoufles Suède/Cuir Dames : Pointure - 6","0","115","49.7","0"
"6080-0408-41SMFD-600SMFD","545","Ladies Suede/Leather Slippers","608","Pantoufles Suède/Cuir Dames : Pointure - 7","0","115","49.7","0"
"6080-0408-41SMFD-600SMFD","545","Ladies Suede/Leather Slippers","609","Pantoufles Suède/Cuir Dames : Pointure - 8","0","115","49.7","0"
"6080-0408-41SMFD-600SMFD","545","Ladies Suede/Leather Slippers","610","Pantoufles Suède/Cuir Dames : Pointure - 9","0","115","49.7","0"
"6080-0408-41SMFD-600SMFD","545","Ladies Suede/Leather Slippers","611","Pantoufles Suède/Cuir Dames : Pointure - 10","0","115","49.7","0"
"6080-0408-41SMFD-600SMFD","545","Ladies Suede/Leather Slippers","612","Pantoufles Suède/Cuir Dames : Pointure - 11","0","115","49.7","0"
"6080-0408-41SMFD-600SMFD","545","Ladies Suede/Leather Slippers","613","Pantoufles Suède/Cuir Dames : Pointure - 12","0","115","49.7","0"
"6080-0408-41SMFD-600SMFD","545","Ladies Suede/Leather Slippers","614","Pantoufles Suède/Cuir Dames : Pointure - 4","0","115","49.7","0"
"6080-0408-41STO-600STO","546","Ladies Suede Slippers","615","Pantoufles Suède Dames : Pointure - 5","0","108","46.9","0"
"6080-0408-41STO-600STO","546","Ladies Suede Slippers","616","Pantoufles Suède Dames : Pointure - 6","0","108","46.9","0"
"6080-0408-41STO-600STO","546","Ladies Suede Slippers","617","Pantoufles Suède Dames : Pointure - 7","0","108","46.9","0"
"6080-0408-41STO-600STO","546","Ladies Suede Slippers","618","Pantoufles Suède Dames : Pointure - 8","0","108","46.9","0"
"6080-0408-41STO-600STO","546","Ladies Suede Slippers","619","Pantoufles Suède Dames : Pointure - 9","0","108","46.9","0"
"6080-0408-41STO-600STO","546","Ladies Suede Slippers","620","Pantoufles Suède Dames : Pointure - 10","0","108","46.9","0"
"6080-0408-41STO-600STO","546","Ladies Suede Slippers","621","Pantoufles Suède Dames : Pointure - 11","0","108","46.9","0"
"6080-0408-41STO-600STO","546","Ladies Suede Slippers","622","Pantoufles Suède Dames : Pointure - 12","0","108","46.9","0"
"6080-0408-41STO-600STO","546","Ladies Suede Slippers","623","Pantoufles Suède Dames : Pointure - 4","0","108","46.9","0"
"6080-0408-41VIGR-600VIGR","547","Ladies Suede Slippers","624","Pantoufles Suède Dames : Pointure - 5","0","108","46.9","0"
"6080-0408-41VIGR-600VIGR","547","Ladies Suede Slippers","625","Pantoufles Suède Dames : Pointure - 6","0","108","46.9","0"
"6080-0408-41VIGR-600VIGR","547","Ladies Suede Slippers","626","Pantoufles Suède Dames : Pointure - 7","0","108","46.9","0"
"6080-0408-41VIGR-600VIGR","547","Ladies Suede Slippers","627","Pantoufles Suède Dames : Pointure - 8","0","108","46.9","0"
"6080-0408-41VIGR-600VIGR","547","Ladies Suede Slippers","628","Pantoufles Suède Dames : Pointure - 9","0","108","46.9","0"
"6080-0408-41VIGR-600VIGR","547","Ladies Suede Slippers","629","Pantoufles Suède Dames : Pointure - 10","0","108","46.9","0"
"6080-0408-41VIGR-600VIGR","547","Ladies Suede Slippers","630","Pantoufles Suède Dames : Pointure - 11","0","108","46.9","0"
"6080-0408-41VIGR-600VIGR","547","Ladies Suede Slippers","631","Pantoufles Suède Dames : Pointure - 12","0","108","46.9","0"
"6080-0408-41VIGR-600VIGR","547","Ladies Suede Slippers","632","Pantoufles Suède Dames : Pointure - 4","0","108","46.9","0"
"6080-0208-41BL-613BL","550","Ladies Suede Slippers","656","Pantoufles Suède Dames : Pointure - 10","0","108","46.9","0"
"6080-0208-41BL-613BL","550","Ladies Suede Slippers","658","Pantoufles Suède Dames : Pointure - 12","0","108","46.9","0"
"6080-0208-41BL-613BL","550","Ladies Suede Slippers","7053","Pantoufles Suède Dames : Pointure - 9","0","108","46.9","0"
"6080-0208-41BL-613BL","550","Ladies Suede Slippers","7054","Pantoufles Suède Dames : Pointure - 7","0","108","46.9","0"
"6080-0208-41BL-613BL","550","Ladies Suede Slippers","7055","Pantoufles Suède Dames : Pointure - 8","0","108","46.9","0"
"6080-0208-41BL-613BL","550","Ladies Suede Slippers","7056","Pantoufles Suède Dames : Pointure - 11","0","108","46.9","0"
"6080-0208-41BL-613BL","550","Ladies Suede Slippers","7057","Pantoufles Suède Dames : Pointure - 6","0","108","46.9","0"
"6080-0426-41DKDKP-626DKDKP","551","Ladies Suede Slippers","660","Pantoufles Suède Dames : Pointure - 5","0","108","46.9","0"
"6080-0426-41DKDKP-626DKDKP","551","Ladies Suede Slippers","661","Pantoufles Suède Dames : Pointure - 6","0","108","46.9","0"
"6080-0426-41DKDKP-626DKDKP","551","Ladies Suede Slippers","662","Pantoufles Suède Dames : Pointure - 7","0","108","46.9","0"
"6080-0426-41DKDKP-626DKDKP","551","Ladies Suede Slippers","663","Pantoufles Suède Dames : Pointure - 8","0","108","46.9","0"
"6080-0426-41DKDKP-626DKDKP","551","Ladies Suede Slippers","664","Pantoufles Suède Dames : Pointure - 9","0","108","46.9","0"
"6080-0426-41DKDKP-626DKDKP","551","Ladies Suede Slippers","665","Pantoufles Suède Dames : Pointure - 10","0","108","46.9","0"
"6080-0426-41DKDKP-626DKDKP","551","Ladies Suede Slippers","666","Pantoufles Suède Dames : Pointure - 11","0","108","46.9","0"
"6080-0426-41DKDKP-626DKDKP","551","Ladies Suede Slippers","667","Pantoufles Suède Dames : Pointure - 12","0","108","46.9","0"
"6080-0426-41DKDKP-626DKDKP","551","Ladies Suede Slippers","668","Pantoufles Suède Dames : Pointure - 4","0","108","46.9","0"
"6080-0408-41IND-648","552","Ladies Suede Slippers","669","Pantoufles Suède Dames : Pointure - 5","0","108","46.9","0"
"6080-0408-41IND-648","552","Ladies Suede Slippers","670","Pantoufles Suède Dames : Pointure - 6","0","108","46.9","0"
"6080-0408-41IND-648","552","Ladies Suede Slippers","671","Pantoufles Suède Dames : Pointure - 7","0","108","46.9","0"
"6080-0408-41IND-648","552","Ladies Suede Slippers","672","Pantoufles Suède Dames : Pointure - 8","0","108","46.9","0"
"6080-0408-41IND-648","552","Ladies Suede Slippers","673","Pantoufles Suède Dames : Pointure - 9","0","108","46.9","0"
"6080-0408-41IND-648","552","Ladies Suede Slippers","674","Pantoufles Suède Dames : Pointure - 10","0","108","46.9","0"
"6080-0408-41IND-648","552","Ladies Suede Slippers","675","Pantoufles Suède Dames : Pointure - 11","0","108","46.9","0"
"6080-0408-41IND-648","552","Ladies Suede Slippers","676","Pantoufles Suède Dames : Pointure - 12","0","108","46.9","0"
"6080-0408-41IND-648","552","Ladies Suede Slippers","677","Pantoufles Suède Dames : Pointure - 4","0","108","46.9","0"
"6080-0408-41IC-652","553","Ladies Suede Slippers","682","Pantoufles Suède Dames : Pointure - 9","1","108","46.9","0"
"6080-0408-41IC-652","553","Ladies Suede Slippers","7090","Pantoufles Suède Dames : Pointure - 4","0","108","46.9","0"
"6080-0408-41IC-652","553","Ladies Suede Slippers","7091","Pantoufles Suède Dames : Pointure - 5","0","108","46.9","0"
"6080-0408-41IC-652","553","Ladies Suede Slippers","7092","Pantoufles Suède Dames : Pointure - 6","0","108","46.9","0"
"6080-0408-41IC-652","553","Ladies Suede Slippers","7093","Pantoufles Suède Dames : Pointure - 7","0","108","46.9","0"
"6080-0408-41IC-652","553","Ladies Suede Slippers","7094","Pantoufles Suède Dames : Pointure - 8","0","108","46.9","0"
"6080-0408-41IC-652","553","Ladies Suede Slippers","7095","Pantoufles Suède Dames : Pointure - 10","0","108","46.9","0"
"6080-0408-41IC-652","553","Ladies Suede Slippers","7096","Pantoufles Suède Dames : Pointure - 11","0","108","46.9","0"
"6080-0408-41IC-652","553","Ladies Suede Slippers","7097","Pantoufles Suède Dames : Pointure - 12","0","108","46.9","0"
"6080-0408-41BL-653","554","Ladies Suede Slippers","692","Pantoufles Suède Dames : Pointure - 10","1","108","46.9","0"
"6080-0408-41BL-653","554","Ladies Suede Slippers","7098","Pantoufles Suède Dames : Pointure - 4","1","108","46.9","0"
"6080-0408-41BL-653","554","Ladies Suede Slippers","7099","Pantoufles Suède Dames : Pointure - 5","0","108","46.9","0"
"6080-0408-41BL-653","554","Ladies Suede Slippers","7100","Pantoufles Suède Dames : Pointure - 6","0","108","46.9","0"
"6080-0408-41BL-653","554","Ladies Suede Slippers","7101","Pantoufles Suède Dames : Pointure - 7","0","108","46.9","0"
"6080-0408-41BL-653","554","Ladies Suede Slippers","7102","Pantoufles Suède Dames : Pointure - 8","0","108","46.9","0"
"6080-0408-41BL-653","554","Ladies Suede Slippers","7103","Pantoufles Suède Dames : Pointure - 9","0","108","46.9","0"
"6080-0408-41BL-653","554","Ladies Suede Slippers","7104","Pantoufles Suède Dames : Pointure - 11","1","108","46.9","0"
"6080-0408-41BL-653","554","Ladies Suede Slippers","7105","Pantoufles Suède Dames : Pointure - 12","1","108","46.9","0"
"6080-0408-41NB-658","555","Ladies Suede Slippers","696","Pantoufles Suède Dames : Pointure - 5","0","108","46.9","0"
"6080-0408-41NB-658","555","Ladies Suede Slippers","697","Pantoufles Suède Dames : Pointure - 6","0","108","46.9","0"
"6080-0408-41NB-658","555","Ladies Suede Slippers","698","Pantoufles Suède Dames : Pointure - 7","0","108","46.9","0"
"6080-0408-41NB-658","555","Ladies Suede Slippers","699","Pantoufles Suède Dames : Pointure - 8","0","108","46.9","0"
"6080-0408-41NB-658","555","Ladies Suede Slippers","700","Pantoufles Suède Dames : Pointure - 9","0","108","46.9","0"
"6080-0408-41NB-658","555","Ladies Suede Slippers","701","Pantoufles Suède Dames : Pointure - 10","0","108","46.9","0"
"6080-0408-41NB-658","555","Ladies Suede Slippers","702","Pantoufles Suède Dames : Pointure - 11","0","108","46.9","0"
"6080-0408-41NB-658","555","Ladies Suede Slippers","703","Pantoufles Suède Dames : Pointure - 12","1","108","46.9","0"
"6080-0408-41NB-658","555","Ladies Suede Slippers","704","Pantoufles Suède Dames : Pointure - 4","0","108","46.9","0"
"6080-0408-41PL-659","556","Ladies Suede Slippers","711","Pantoufles Suède Dames : Pointure - 11","0","108","46.9","0"
"6080-0408-41PL-659","556","Ladies Suede Slippers","7106","Pantoufles Suède Dames : Pointure - 12","0","108","46.9","0"
"6080-0408-41PL-659","556","Ladies Suede Slippers","7107","Pantoufles Suède Dames : Pointure - 4","0","108","46.9","0"
"6080-0408-41PL-659","556","Ladies Suede Slippers","7108","Pantoufles Suède Dames : Pointure - 5","0","108","46.9","0"
"6080-0408-41PL-659","556","Ladies Suede Slippers","7109","Pantoufles Suède Dames : Pointure - 6","0","108","46.9","0"
"6080-0408-41PL-659","556","Ladies Suede Slippers","7110","Pantoufles Suède Dames : Pointure - 7","0","108","46.9","0"
"6080-0408-41PL-659","556","Ladies Suede Slippers","7111","Pantoufles Suède Dames : Pointure - 8","0","108","46.9","0"
"6080-0408-41PL-659","556","Ladies Suede Slippers","7112","Pantoufles Suède Dames : Pointure - 9","0","108","46.9","0"
"6080-0408-41PL-659","556","Ladies Suede Slippers","7113","Pantoufles Suède Dames : Pointure - 10","0","108","46.9","0"
"6080-0408-41GR-660","557","Ladies Suede Slippers","714","Pantoufles Suède Dames : Pointure - 5","0","108","46.9","0"
"6080-0408-41GR-660","557","Ladies Suede Slippers","715","Pantoufles Suède Dames : Pointure - 6","0","108","46.9","0"
"6080-0408-41GR-660","557","Ladies Suede Slippers","716","Pantoufles Suède Dames : Pointure - 7","0","108","46.9","0"
"6080-0408-41GR-660","557","Ladies Suede Slippers","717","Pantoufles Suède Dames : Pointure - 8","0","108","46.9","0"
"6080-0408-41GR-660","557","Ladies Suede Slippers","718","Pantoufles Suède Dames : Pointure - 9","0","108","46.9","0"
"6080-0408-41GR-660","557","Ladies Suede Slippers","719","Pantoufles Suède Dames : Pointure - 10","0","108","46.9","0"
"6080-0408-41GR-660","557","Ladies Suede Slippers","720","Pantoufles Suède Dames : Pointure - 11","0","108","46.9","0"
"6080-0408-41GR-660","557","Ladies Suede Slippers","721","Pantoufles Suède Dames : Pointure - 12","0","108","46.9","0"
"6080-0408-41GR-660","557","Ladies Suede Slippers","722","Pantoufles Suède Dames : Pointure - 4","0","108","46.9","0"
"6080-0408-41SBL-661","558","Ladies Suede Slippers","723","Pantoufles Suède Dames : Pointure - 5","0","108","46.9","0"
"6080-0408-41SBL-661","558","Ladies Suede Slippers","724","Pantoufles Suède Dames : Pointure - 6","0","108","46.9","0"
"6080-0408-41SBL-661","558","Ladies Suede Slippers","725","Pantoufles Suède Dames : Pointure - 7","0","108","46.9","0"
"6080-0408-41SBL-661","558","Ladies Suede Slippers","726","Pantoufles Suède Dames : Pointure - 8","1","108","46.9","0"
"6080-0408-41SBL-661","558","Ladies Suede Slippers","727","Pantoufles Suède Dames : Pointure - 9","1","108","46.9","0"
"6080-0408-41SBL-661","558","Ladies Suede Slippers","728","Pantoufles Suède Dames : Pointure - 10","0","108","46.9","0"
"6080-0408-41SBL-661","558","Ladies Suede Slippers","729","Pantoufles Suède Dames : Pointure - 11","0","108","46.9","0"
"6080-0408-41SBL-661","558","Ladies Suede Slippers","730","Pantoufles Suède Dames : Pointure - 12","1","108","46.9","0"
"6080-0408-41SBL-661","558","Ladies Suede Slippers","731","Pantoufles Suède Dames : Pointure - 4","0","108","46.9","0"
"6080-0408-41FG-669","561","Ladies Suede Slippers","751","Pantoufles Suède Dames : Pointure - 6","0","108","46.9","0"
"6080-0408-41FG-669","561","Ladies Suede Slippers","756","Pantoufles Suède Dames : Pointure - 11","0","108","46.9","0"
"6080-0408-41FG-669","561","Ladies Suede Slippers","7114","Pantoufles Suède Dames : Pointure - 4","0","108","46.9","0"
"6080-0408-41FG-669","561","Ladies Suede Slippers","7115","Pantoufles Suède Dames : Pointure - 5","1","108","46.9","0"
"6080-0408-41FG-669","561","Ladies Suede Slippers","7116","Pantoufles Suède Dames : Pointure - 7","1","108","46.9","0"
"6080-0408-41FG-669","561","Ladies Suede Slippers","7117","Pantoufles Suède Dames : Pointure - 12","0","108","46.9","0"
"6080-0408-41FG-669","561","Ladies Suede Slippers","7118","Pantoufles Suède Dames : Pointure - 8","0","108","46.9","0"
"6080-0408-41FG-669","561","Ladies Suede Slippers","7119","Pantoufles Suède Dames : Pointure - 9","1","108","46.9","0"
"6080-0408-41FG-669","561","Ladies Suede Slippers","7120","Pantoufles Suède Dames : Pointure - 10","0","108","46.9","0"
"6080-0408-41NA-671NA","562","Ladies Leather Slippers","762","Pantoufles Cuir  Dames : Pointure - 8","0","157","68.2","0"
"6080-0408-41NA-671NA","562","Ladies Leather Slippers","7121","Pantoufles Cuir  Dames : Pointure - 12","0","157","68.2","0"
"6080-0408-41NA-671NA","562","Ladies Leather Slippers","7122","Pantoufles Cuir  Dames : Pointure - 4","0","157","68.2","0"
"6080-0408-41NA-671NA","562","Ladies Leather Slippers","7123","Pantoufles Cuir  Dames : Pointure - 5","0","157","68.2","0"
"6080-0408-41NA-671NA","562","Ladies Leather Slippers","7124","Pantoufles Cuir  Dames : Pointure - 6","0","157","68.2","0"
"6080-0408-41NA-671NA","562","Ladies Leather Slippers","7125","Pantoufles Cuir  Dames : Pointure - 7","0","157","68.2","0"
"6080-0408-41NA-671NA","562","Ladies Leather Slippers","7126","Pantoufles Cuir  Dames : Pointure - 9","0","157","68.2","0"
"6080-0408-41NA-671NA","562","Ladies Leather Slippers","7127","Pantoufles Cuir  Dames : Pointure - 10","0","157","68.2","0"
"6080-0408-41NA-671NA","562","Ladies Leather Slippers","7128","Pantoufles Cuir  Dames : Pointure - 11","0","157","68.2","0"
"6080-0408-41CK-671CK","563","Ladies Leather Slippers","768","Pantoufles Cuir  Dames : Pointure - 5","0","157","68.2","0"
"6080-0408-41CK-671CK","563","Ladies Leather Slippers","769","Pantoufles Cuir  Dames : Pointure - 6","0","157","68.2","0"
"6080-0408-41CK-671CK","563","Ladies Leather Slippers","770","Pantoufles Cuir  Dames : Pointure - 7","0","157","68.2","0"
"6080-0408-41CK-671CK","563","Ladies Leather Slippers","771","Pantoufles Cuir  Dames : Pointure - 8","0","157","68.2","0"
"6080-0408-41CK-671CK","563","Ladies Leather Slippers","772","Pantoufles Cuir  Dames : Pointure - 9","0","157","68.2","0"
"6080-0408-41CK-671CK","563","Ladies Leather Slippers","773","Pantoufles Cuir  Dames : Pointure - 10","0","157","68.2","0"
"6080-0408-41CK-671CK","563","Ladies Leather Slippers","774","Pantoufles Cuir  Dames : Pointure - 11","0","157","68.2","0"
"6080-0408-41CK-671CK","563","Ladies Leather Slippers","775","Pantoufles Cuir  Dames : Pointure - 12","0","157","68.2","0"
"6080-0408-41CK-671CK","563","Ladies Leather Slippers","776","Pantoufles Cuir  Dames : Pointure - 4","0","157","68.2","0"
"6080-0408-41CHO-673","564","Ladies Suede Slippers","777","Pantoufle Suède Dames : Pointure - 5","0","108","46.9","0"
"6080-0408-41CHO-673","564","Ladies Suede Slippers","778","Pantoufle Suède Dames : Pointure - 6","0","108","46.9","0"
"6080-0408-41CHO-673","564","Ladies Suede Slippers","779","Pantoufle Suède Dames : Pointure - 7","0","108","46.9","0"
"6080-0408-41CHO-673","564","Ladies Suede Slippers","780","Pantoufle Suède Dames : Pointure - 8","0","108","46.9","0"
"6080-0408-41CHO-673","564","Ladies Suede Slippers","781","Pantoufle Suède Dames : Pointure - 9","1","108","46.9","0"
"6080-0408-41CHO-673","564","Ladies Suede Slippers","782","Pantoufle Suède Dames : Pointure - 10","0","108","46.9","0"
"6080-0408-41CHO-673","564","Ladies Suede Slippers","783","Pantoufle Suède Dames : Pointure - 11","0","108","46.9","0"
"6080-0408-41CHO-673","564","Ladies Suede Slippers","784","Pantoufle Suède Dames : Pointure - 12","0","108","46.9","0"
"6080-0408-41CHO-673","564","Ladies Suede Slippers","785","Pantoufle Suède Dames : Pointure - 4","0","108","46.9","0"
"6080-0408-41MO-677","565","Ladies Suede Slippers","786","Pantoufle Suède Dames : Pointure - 5","0","108","46.9","0"
"6080-0408-41MO-677","565","Ladies Suede Slippers","787","Pantoufle Suède Dames : Pointure - 6","0","108","46.9","0"
"6080-0408-41MO-677","565","Ladies Suede Slippers","788","Pantoufle Suède Dames : Pointure - 7","0","108","46.9","0"
"6080-0408-41MO-677","565","Ladies Suede Slippers","789","Pantoufle Suède Dames : Pointure - 8","0","108","46.9","0"
"6080-0408-41MO-677","565","Ladies Suede Slippers","790","Pantoufle Suède Dames : Pointure - 9","0","108","46.9","0"
"6080-0408-41MO-677","565","Ladies Suede Slippers","791","Pantoufle Suède Dames : Pointure - 10","0","108","46.9","0"
"6080-0408-41MO-677","565","Ladies Suede Slippers","792","Pantoufle Suède Dames : Pointure - 11","0","108","46.9","0"
"6080-0408-41MO-677","565","Ladies Suede Slippers","793","Pantoufle Suède Dames : Pointure - 12","0","108","46.9","0"
"6080-0408-41MO-677","565","Ladies Suede Slippers","794","Pantoufle Suède Dames : Pointure - 4","0","108","46.9","0"
"6080-0408-41FU-698","569","Ladies Suede Slippers","822","Pantoufle Suède Dames : Pointure - 5","0","108","46.9","0"
"6080-0408-41FU-698","569","Ladies Suede Slippers","823","Pantoufle Suède Dames : Pointure - 6","0","108","46.9","0"
"6080-0408-41FU-698","569","Ladies Suede Slippers","824","Pantoufle Suède Dames : Pointure - 7","0","108","46.9","0"
"6080-0408-41FU-698","569","Ladies Suede Slippers","825","Pantoufle Suède Dames : Pointure - 8","0","108","46.9","0"
"6080-0408-41FU-698","569","Ladies Suede Slippers","826","Pantoufle Suède Dames : Pointure - 9","0","108","46.9","0"
"6080-0408-41FU-698","569","Ladies Suede Slippers","827","Pantoufle Suède Dames : Pointure - 10","0","108","46.9","0"
"6080-0408-41FU-698","569","Ladies Suede Slippers","828","Pantoufle Suède Dames : Pointure - 11","0","108","46.9","0"
"6080-0408-41FU-698","569","Ladies Suede Slippers","829","Pantoufle Suède Dames : Pointure - 12","0","108","46.9","0"
"6080-0408-41FU-698","569","Ladies Suede Slippers","830","Pantoufle Suède Dames : Pointure - 4","1","108","46.9","0"
"6080-0408-41TO-755TO","571","Ladies Suede Slippers","840","Pantoufle Suède Dames : Pointure - 5","0","108","46.9","0"
"6080-0408-41TO-755TO","571","Ladies Suede Slippers","841","Pantoufle Suède Dames : Pointure - 6","0","108","46.9","0"
"6080-0408-41TO-755TO","571","Ladies Suede Slippers","842","Pantoufle Suède Dames : Pointure - 7","0","108","46.9","0"
"6080-0408-41TO-755TO","571","Ladies Suede Slippers","843","Pantoufle Suède Dames : Pointure - 8","0","108","46.9","0"
"6080-0408-41TO-755TO","571","Ladies Suede Slippers","844","Pantoufle Suède Dames : Pointure - 9","0","108","46.9","0"
"6080-0408-41TO-755TO","571","Ladies Suede Slippers","845","Pantoufle Suède Dames : Pointure - 10","0","108","46.9","0"
"6080-0408-41TO-755TO","571","Ladies Suede Slippers","846","Pantoufle Suède Dames : Pointure - 11","0","108","46.9","0"
"6080-0408-41TO-755TO","571","Ladies Suede Slippers","847","Pantoufle Suède Dames : Pointure - 12","0","108","46.9","0"
"6080-0408-41TO-755TO","571","Ladies Suede Slippers","848","Pantoufle Suède Dames : Pointure - 4","0","108","46.9","0"
"6080-0408-41BLPL-6531","572","Ladies Suede Slippers","854","Pantoufle Suède Dames : Pointure - 10","1","108","46.9","0"
"6080-0408-41BLPL-6531","572","Ladies Suede Slippers","7129","Pantoufle Suède Dames : Pointure - 12","0","108","46.9","0"
"6080-0408-41BLPL-6531","572","Ladies Suede Slippers","7130","Pantoufle Suède Dames : Pointure - 4","0","108","46.9","0"
"6080-0408-41BLPL-6531","572","Ladies Suede Slippers","7131","Pantoufle Suède Dames : Pointure - 5","0","108","46.9","0"
"6080-0408-41BLPL-6531","572","Ladies Suede Slippers","7132","Pantoufle Suède Dames : Pointure - 6","1","108","46.9","0"
"6080-0408-41BLPL-6531","572","Ladies Suede Slippers","7133","Pantoufle Suède Dames : Pointure - 7","1","108","46.9","0"
"6080-0408-41BLPL-6531","572","Ladies Suede Slippers","7134","Pantoufle Suède Dames : Pointure - 8","1","108","46.9","0"
"6080-0408-41BLPL-6531","572","Ladies Suede Slippers","7135","Pantoufle Suède Dames : Pointure - 9","1","108","46.9","0"
"6080-0408-41BLPL-6531","572","Ladies Suede Slippers","7136","Pantoufle Suède Dames : Pointure - 11","0","108","46.9","0"
"6080-0408-REBL-6541","573","Ladies Suede Slippers","864","Pantoufle Suède Dames : Pointure - 11","0","108","46.9","0"
"6080-0408-REBL-6541","573","Ladies Suede Slippers","7146","Pantoufle Suède Dames : Pointure - 12","0","108","46.9","0"
"6080-0408-REBL-6541","573","Ladies Suede Slippers","7147","Pantoufle Suède Dames : Pointure - 4","0","108","46.9","0"
"6080-0408-REBL-6541","573","Ladies Suede Slippers","7148","Pantoufle Suède Dames : Pointure - 5","0","108","46.9","0"
"6080-0408-REBL-6541","573","Ladies Suede Slippers","7149","Pantoufle Suède Dames : Pointure - 6","1","108","46.9","0"
"6080-0408-REBL-6541","573","Ladies Suede Slippers","7150","Pantoufle Suède Dames : Pointure - 7","1","108","46.9","0"
"6080-0408-REBL-6541","573","Ladies Suede Slippers","7151","Pantoufle Suède Dames : Pointure - 8","1","108","46.9","0"
"6080-0408-REBL-6541","573","Ladies Suede Slippers","7152","Pantoufle Suède Dames : Pointure - 9","1","108","46.9","0"
"6080-0408-REBL-6541","573","Ladies Suede Slippers","7153","Pantoufle Suède Dames : Pointure - 10","0","108","46.9","0"
"6080-0408-41GRBL-6601","575","Ladies Suede Slippers","878","Pantoufle Suède Dames : Pointure - 7","1","108","46.9","0"
"6080-0408-41GRBL-6601","575","Ladies Suede Slippers","7154","Pantoufle Suède Dames : Pointure - 12","0","108","46.9","0"
"6080-0408-41GRBL-6601","575","Ladies Suede Slippers","7155","Pantoufle Suède Dames : Pointure - 4","0","108","46.9","0"
"6080-0408-41GRBL-6601","575","Ladies Suede Slippers","7156","Pantoufle Suède Dames : Pointure - 5","0","108","46.9","0"
"6080-0408-41GRBL-6601","575","Ladies Suede Slippers","7157","Pantoufle Suède Dames : Pointure - 6","1","108","46.9","0"
"6080-0408-41GRBL-6601","575","Ladies Suede Slippers","7158","Pantoufle Suède Dames : Pointure - 8","1","108","46.9","0"
"6080-0408-41GRBL-6601","575","Ladies Suede Slippers","7159","Pantoufle Suède Dames : Pointure - 9","1","108","46.9","0"
"6080-0408-41GRBL-6601","575","Ladies Suede Slippers","7160","Pantoufle Suède Dames : Pointure - 10","0","108","46.9","0"
"6080-0408-41GRBL-6601","575","Ladies Suede Slippers","7161","Pantoufle Suède Dames : Pointure - 11","1","108","46.9","0"
"6080-0408-41CHOBL-6733","576","Ladies Suede Slippers","885","Pantoufle Suède Dames : Pointure - 5","0","108","46.9","0"
"6080-0408-41CHOBL-6733","576","Ladies Suede Slippers","886","Pantoufle Suède Dames : Pointure - 6","1","108","46.9","0"
"6080-0408-41CHOBL-6733","576","Ladies Suede Slippers","887","Pantoufle Suède Dames : Pointure - 7","1","108","46.9","0"
"6080-0408-41CHOBL-6733","576","Ladies Suede Slippers","888","Pantoufle Suède Dames : Pointure - 8","1","108","46.9","0"
"6080-0408-41CHOBL-6733","576","Ladies Suede Slippers","889","Pantoufle Suède Dames : Pointure - 9","1","108","46.9","0"
"6080-0408-41CHOBL-6733","576","Ladies Suede Slippers","890","Pantoufle Suède Dames : Pointure - 10","0","108","46.9","0"
"6080-0408-41CHOBL-6733","576","Ladies Suede Slippers","891","Pantoufle Suède Dames : Pointure - 11","0","108","46.9","0"
"6080-0408-41CHOBL-6733","576","Ladies Suede Slippers","892","Pantoufle Suède Dames : Pointure - 12","0","108","46.9","0"
"6080-0408-41CHOBL-6733","576","Ladies Suede Slippers","893","Pantoufle Suède Dames : Pointure - 4","0","108","46.9","0"
"6080-0408-41MOCHO-6773","577","Ladies Suede Slippers","894","Pantoufle Suède Dames : Pointure - 5","0","108","46.9","0"
"6080-0408-41MOCHO-6773","577","Ladies Suede Slippers","895","Pantoufle Suède Dames : Pointure - 6","1","108","46.9","0"
"6080-0408-41MOCHO-6773","577","Ladies Suede Slippers","896","Pantoufle Suède Dames : Pointure - 7","1","108","46.9","0"
"6080-0408-41MOCHO-6773","577","Ladies Suede Slippers","897","Pantoufle Suède Dames : Pointure - 8","1","108","46.9","0"
"6080-0408-41MOCHO-6773","577","Ladies Suede Slippers","898","Pantoufle Suède Dames : Pointure - 9","1","108","46.9","0"
"6080-0408-41MOCHO-6773","577","Ladies Suede Slippers","899","Pantoufle Suède Dames : Pointure - 10","0","108","46.9","0"
"6080-0408-41MOCHO-6773","577","Ladies Suede Slippers","900","Pantoufle Suède Dames : Pointure - 11","0","108","46.9","0"
"6080-0408-41MOCHO-6773","577","Ladies Suede Slippers","901","Pantoufle Suède Dames : Pointure - 12","0","108","46.9","0"
"6080-0408-41MOCHO-6773","577","Ladies Suede Slippers","902","Pantoufle Suède Dames : Pointure - 4","0","108","46.9","0"
"6080-0408-41TUCHO-69773","579","Ladies Suede Slippers","912","Pantoufle Suède Dames : Pointure - 5","0","108","46.9","0"
"6080-0408-41TUCHO-69773","579","Ladies Suede Slippers","913","Pantoufle Suède Dames : Pointure - 6","0","108","46.9","0"
"6080-0408-41TUCHO-69773","579","Ladies Suede Slippers","914","Pantoufle Suède Dames : Pointure - 7","0","108","46.9","0"
"6080-0408-41TUCHO-69773","579","Ladies Suede Slippers","915","Pantoufle Suède Dames : Pointure - 8","0","108","46.9","0"
"6080-0408-41TUCHO-69773","579","Ladies Suede Slippers","916","Pantoufle Suède Dames : Pointure - 9","0","108","46.9","0"
"6080-0408-41TUCHO-69773","579","Ladies Suede Slippers","917","Pantoufle Suède Dames : Pointure - 10","0","108","46.9","0"
"6080-0408-41TUCHO-69773","579","Ladies Suede Slippers","918","Pantoufle Suède Dames : Pointure - 11","0","108","46.9","0"
"6080-0408-41TUCHO-69773","579","Ladies Suede Slippers","919","Pantoufle Suède Dames : Pointure - 12","0","108","46.9","0"
"6080-0408-41TUCHO-69773","579","Ladies Suede Slippers","920","Pantoufle Suède Dames : Pointure - 4","0","108","46.9","0"
"6080-0408-12BU-12600BU","581","Suede slippers with sole","930","Pantoufle en suède avec semelle : Pointure - 4","0","132","57.3","0"
"6080-0408-12BU-12600BU","581","Suede slippers with sole","931","Pantoufle en suède avec semelle : Pointure - 5","0","132","57.3","0"
"6080-0408-12BU-12600BU","581","Suede slippers with sole","932","Pantoufle en suède avec semelle : Pointure - 6","0","132","57.3","0"
"6080-0408-12BU-12600BU","581","Suede slippers with sole","933","Pantoufle en suède avec semelle : Pointure - 7","0","132","57.3","0"
"6080-0408-12BU-12600BU","581","Suede slippers with sole","934","Pantoufle en suède avec semelle : Pointure - 8","0","132","57.3","0"
"6080-0408-12BU-12600BU","581","Suede slippers with sole","935","Pantoufle en suède avec semelle : Pointure - 9","1","132","57.3","0"
"6080-0408-12BU-12600BU","581","Suede slippers with sole","936","Pantoufle en suède avec semelle : Pointure - 10","0","132","57.3","0"
"6080-0408-12BU-12600BU","581","Suede slippers with sole","937","Pantoufle en suède avec semelle : Pointure - 11","0","132","57.3","0"
"6080-0408-12BU-12600BU","581","Suede slippers with sole","938","Pantoufle en suède avec semelle : Pointure - 12","0","132","57.3","0"
"6080-0408-12BL-12653","582","Suede Slippers with sole","939","Pantoufle en suède avec semelle : Pointure - 5","0","132","57.3","0"
"6080-0408-12BL-12653","582","Suede Slippers with sole","940","Pantoufle en suède avec semelle : Pointure - 6","0","132","57.3","0"
"6080-0408-12BL-12653","582","Suede Slippers with sole","941","Pantoufle en suède avec semelle : Pointure - 7","0","132","57.3","0"
"6080-0408-12BL-12653","582","Suede Slippers with sole","942","Pantoufle en suède avec semelle : Pointure - 8","0","132","57.3","0"
"6080-0408-12BL-12653","582","Suede Slippers with sole","943","Pantoufle en suède avec semelle : Pointure - 9","0","132","57.3","0"
"6080-0408-12BL-12653","582","Suede Slippers with sole","944","Pantoufle en suède avec semelle : Pointure - 10","0","132","57.3","0"
"6080-0408-12BL-12653","582","Suede Slippers with sole","945","Pantoufle en suède avec semelle : Pointure - 11","0","132","57.3","0"
"6080-0408-12BL-12653","582","Suede Slippers with sole","946","Pantoufle en suède avec semelle : Pointure - 12","0","132","57.3","0"
"6080-0408-12BL-12653","582","Suede Slippers with sole","947","Pantoufle en suède avec semelle : Pointure - 4","0","132","57.3","0"
"6080-0408-12NB-12658","583","Suede Slippers with sole","949","Pantoufle en suède avec semelle : Pointure - 6","1","132","57.3","0"
"6080-0408-12NB-12658","583","Suede Slippers with sole","954","Pantoufle en suède avec semelle : Pointure - 11","0","132","57.3","0"
"6080-0408-12NB-12658","583","Suede Slippers with sole","7162","Pantoufle en suède avec semelle : Pointure - 12","0","132","57.3","0"
"6080-0408-12NB-12658","583","Suede Slippers with sole","7163","Pantoufle en suède avec semelle : Pointure - 4","0","132","57.3","0"
"6080-0408-12NB-12658","583","Suede Slippers with sole","7164","Pantoufle en suède avec semelle : Pointure - 5","0","132","57.3","0"
"6080-0408-12NB-12658","583","Suede Slippers with sole","7165","Pantoufle en suède avec semelle : Pointure - 7","0","132","57.3","0"
"6080-0408-12NB-12658","583","Suede Slippers with sole","7166","Pantoufle en suède avec semelle : Pointure - 8","1","132","57.3","0"
"6080-0408-12NB-12658","583","Suede Slippers with sole","7167","Pantoufle en suède avec semelle : Pointure - 9","0","132","57.3","0"
"6080-0408-12NB-12658","583","Suede Slippers with sole","7168","Pantoufle en suède avec semelle : Pointure - 10","0","132","57.3","0"
"6080-0408-13GR-13660","584","Suede Slippers with sole","964","Pantoufle en suède avec semelle : Pointure - 12","0","132","57.3","0"
"6080-0408-13GR-13660","584","Suede Slippers with sole","7169","Pantoufle en suède avec semelle : Pointure - 4","0","132","57.3","0"
"6080-0408-13GR-13660","584","Suede Slippers with sole","7170","Pantoufle en suède avec semelle : Pointure - 5","0","132","57.3","0"
"6080-0408-13GR-13660","584","Suede Slippers with sole","7171","Pantoufle en suède avec semelle : Pointure - 8","0","132","57.3","0"
"6080-0408-13GR-13660","584","Suede Slippers with sole","7172","Pantoufle en suède avec semelle : Pointure - 7","0","132","57.3","0"
"6080-0408-13GR-13660","584","Suede Slippers with sole","7173","Pantoufle en suède avec semelle : Pointure - 6","0","132","57.3","0"
"6080-0408-13GR-13660","584","Suede Slippers with sole","7174","Pantoufle en suède avec semelle : Pointure - 10","0","132","57.3","0"
"6080-0408-13GR-13660","584","Suede Slippers with sole","7175","Pantoufle en suède avec semelle : Pointure - 9","0","132","57.3","0"
"6080-0408-13GR-13660","584","Suede Slippers with sole","7176","Pantoufle en suède avec semelle : Pointure - 11","0","132","57.3","0"
"6080-0408-13CHO-13673","585","Suede Slippers with sole","966","Pantoufle en suède avec semelle : Pointure - 5","0","132","57.3","57"
"6080-0408-13CHO-13673","585","Suede Slippers with sole","967","Pantoufle en suède avec semelle : Pointure - 6","1","132","57.3","57"
"6080-0408-13CHO-13673","585","Suede Slippers with sole","968","Pantoufle en suède avec semelle : Pointure - 7","1","132","57.3","57"
"6080-0408-13CHO-13673","585","Suede Slippers with sole","969","Pantoufle en suède avec semelle : Pointure - 8","1","132","57.3","57"
"6080-0408-13CHO-13673","585","Suede Slippers with sole","970","Pantoufle en suède avec semelle : Pointure - 9","0","132","57.3","57"
"6080-0408-13CHO-13673","585","Suede Slippers with sole","971","Pantoufle en suède avec semelle : Pointure - 10","1","132","57.3","57"
"6080-0408-13CHO-13673","585","Suede Slippers with sole","972","Pantoufle en suède avec semelle : Pointure - 11","0","132","57.3","57"
"6080-0408-13CHO-13673","585","Suede Slippers with sole","973","Pantoufle en suède avec semelle : Pointure - 12","0","132","57.3","57"
"6080-0408-13CHO-13673","585","Suede Slippers with sole","974","Pantoufle en suède avec semelle : Pointure - 4","0","132","57.3","57"
"6080-0408-13MO-13677","586","Suede Slippers with sole","975","Pantoufle en suède avec semelle : Pointure - 5","0","132","57.3","0"
"6080-0408-13MO-13677","586","Suede Slippers with sole","976","Pantoufle en suède avec semelle : Pointure - 6","0","132","57.3","0"
"6080-0408-13MO-13677","586","Suede Slippers with sole","977","Pantoufle en suède avec semelle : Pointure - 7","0","132","57.3","0"
"6080-0408-13MO-13677","586","Suede Slippers with sole","978","Pantoufle en suède avec semelle : Pointure - 8","0","132","57.3","0"
"6080-0408-13MO-13677","586","Suede Slippers with sole","979","Pantoufle en suède avec semelle : Pointure - 9","0","132","57.3","0"
"6080-0408-13MO-13677","586","Suede Slippers with sole","980","Pantoufle en suède avec semelle : Pointure - 10","0","132","57.3","0"
"6080-0408-13MO-13677","586","Suede Slippers with sole","981","Pantoufle en suède avec semelle : Pointure - 11","0","132","57.3","0"
"6080-0408-13MO-13677","586","Suede Slippers with sole","982","Pantoufle en suède avec semelle : Pointure - 12","0","132","57.3","0"
"6080-0408-13MO-13677","586","Suede Slippers with sole","983","Pantoufle en suède avec semelle : Pointure - 4","0","132","57.3","0"
"6080-0408-13MT-13695","587","Suede Slippers with sole","984","Pantoufle en suède avec semelle : Pointure - 5","0","132","57.3","0"
"6080-0408-13MT-13695","587","Suede Slippers with sole","985","Pantoufle en suède avec semelle : Pointure - 6","0","132","57.3","0"
"6080-0408-13MT-13695","587","Suede Slippers with sole","986","Pantoufle en suède avec semelle : Pointure - 7","0","132","57.3","0"
"6080-0408-13MT-13695","587","Suede Slippers with sole","987","Pantoufle en suède avec semelle : Pointure - 8","0","132","57.3","0"
"6080-0408-13MT-13695","587","Suede Slippers with sole","988","Pantoufle en suède avec semelle : Pointure - 9","0","132","57.3","0"
"6080-0408-13MT-13695","587","Suede Slippers with sole","989","Pantoufle en suède avec semelle : Pointure - 10","0","132","57.3","0"
"6080-0408-13MT-13695","587","Suede Slippers with sole","990","Pantoufle en suède avec semelle : Pointure - 11","0","132","57.3","0"
"6080-0408-13MT-13695","587","Suede Slippers with sole","991","Pantoufle en suède avec semelle : Pointure - 12","0","132","57.3","0"
"6080-0408-13MT-13695","587","Suede Slippers with sole","992","Pantoufle en suède avec semelle : Pointure - 4","0","132","57.3","0"
"A01030-6","607","Small Print - Eagle Moon","","Petite Repro - Lune de l'Aigle","2","25","10.87","0"
"A01028-POD2555","608","Matted Print - Giving Thanks","","Impression avec Passe-Partout - Rendre Grâce","4","20","7.5","0"
"A01031-6","609","Small Print - Honoring the Giver of Life","","Petite Repro - Hommage à la Source de Vie","19","25","10.87","0"
"A01032-6","610","Small Print - Moon Wisdom","","Petite Repro - Sagesse de la Lune","75","25","10.87","0"
"A01033-6","611","Small Print - New Fire","","Petite Repro - Nouveau Feu","91","25","10.87","0"
"A01036-6","612","Small Print - Teachings","","Petite Repro - Le Chant du Tambour","98","25","10.87","0"
"A01037-6","615","Small Print - Trust","","Petite Repro - La Confiance","5","25","10.87","0"
"A08011-6","616","Small Print - Whisper","","Petite Repro - Murmure","2","25","10.87","0"
"A08007-6","617","Small Print - A Moose and Goose","","Petite Repro - Un Orignal et une Outarde","4","25","10.87","0"
"A10012-6","618","Small Print - Sky Sisters","","Petite Repro - Nos Soeurs du Ciel","10","25","10.87","0"
"A10004-6","619","Small Print - Merging Earth and Sky","","Petite Repro - Fusion Entre Terre et Ciel","1","25","10.87","0"
"A08013-POD2584","621","Matted Print - New Day","","Impression avec Passe-Partout - Nouveau Jour","2","20","7.5","0"
"A08045-20084","622","Matted Print - Patience","","Impression avec Passe-Partout - Patience","2","20","7.5","0"
"A01029-6","623","Small Print - Birth of an Eagle Shadow","","Petite Repro - Naissance de l'Ombre de l'Aigle","7","25","10.87","0"
"A08019-6","624","Small Print - Unity","","Petite Repro - Union","0","25","10.87","0"
"A09006-6","625","Small Print - River Keeper","","Petite Repro - La Gardienne de l'Eau","42","25","10.87","0"
"A04015-6","626","Small Print - Rebirth","","Petite Repro - Renaissance","1","25","10.87","0"
"A04039-6","627","Small Print - Nostalgia","","Petite Repro - Nostalgia","16","25","10.87","0"
"A07020-6","628","Small Print - Journey to the Spirit World","","Petite Repro - Voyage Vers le Monde du Songe","11","25","10.87","0"
"W12024-6","630","Small Print - Breath of Life","","Petite Repro - Souffle de Vie","74","25","10.87","0"
"W12017-6","631","Small Print - Synchronicity","","Petite Repro - Synchronicité","67","25","10.87","0"
"W12008-6","632","Small Print - Winter Wolves","","Petite Repro - Loups d'Hiver","30","25","10.87","0"
"W12001-6","633","Small Print - Dialogue","","Petite Repro - Dialogue","9","25","10.87","0"
"W12014-6","634","Small Print - Gate of Silk","","Petite Repro - Portail de Soie","10","25","10.87","0"
"W12005-6","635","Small Print - Earth Keeper","","Petite Repro - Gardienne de la Terre","42","25","10.87","0"
"W12016-6","636","Small Print - Going Home","","Petite Repro - Retour Chez Soi","11","25","10.87","0"
"W12018-6","638","Small Print - Early Evening Flowing Into Fall","","Petite Repro - Soirée Glissant Vers l'Automne","15","25","10.87","0"
"A00048-6","640","Small Print - The Protector","","Petite Repro - Le Protecteur","9","25","10.87","0"
"A01003-6","641","Small Print - Sky Girl","","Petite Repro - Fille du Ciel","10","25","10.87","0"
"A04060-6","642","Small Print - Passing Through","","Petite Repro - Traversée","5","25","10.87","0"
"A09054-6","643","Small print - Tranquility","","Petite repro - Tranquillité","8","25","10.87","0"
"A16055-6","644","Small Print - Abundance","","Petite Repro - Abondance","14","25","10.87","0"
"A13041-6","645","Small Print - Lapinx","","Petite Repro - Lapinx","17","25","10.87","0"
"A10044-6","646","Small Print - Returning","","Petite Repro - Le Retour","7","25","10.87","0"
"A13056-6","647","Small print - Otherness","","Petite repro - Altérité","12","25","10.87","0"
"A13057-6","648","Small Print - Origins","","Petite Repro - Origines","11","25","10.87","0"
"A16051-POD2566","649","Matted Print - Northern Keepers","","Impression avec Passe-Partout - Gardiens du Nord","0","20","7.5","0"
"A16058-6","651","Small Print - Silent Seekers","","Petite Repro - En Quête de Silence","11","25","10.87","0"
"A16059-6","652","Small Print - Wisdom Keepers","","Petite Repro - Gardiens de la Sagesse","2","25","10.87","0"
"A95053-6","653","Small Print - Messenger","","Petite repro - Messager","7","25","10.87","0"
"A14051-POD2554","654","Matted Print - Gezaluwejit","","Impression avec Passe-Partout - Gezaluwejit","1","20","7.5","0"
"W13026-6","655","Small Print - In Her World","","Petite Repro - Dans son Monde","15","25","10.87","0"
"A12050-6","658","Small Print - Ice Dream","","Petite Repro - Rêve de Glace","1","25","10.87","0"
"W13027-6","659","Small Print - Playing With Shadows","","Petite Repro - Jeux d'Ombres","15","25","10.87","0"
"A13053-6","660","Small Print - Roots Of Another World","","Petite Repro - Racines d'un Autre Monde","10","25","10.87","0"
"A01038-6","661","Small Print - Harmony","","Petite Repro - Harmonie","52","25","10.87","0"
"W13023-6","664","Small Print - Water and Spirit Buffalo","","Petite Repro - Eau et Esprit du Bison","14","25","10.87","0"
"A01030-2","665","Ltd Edition - Eagle Moon","1593","Édition Ltée - Lune de l'Aigle : Options d'encadrement - Sans cadre","2","170","0","70.73"
"A01030-2","665","Ltd Edition - Eagle Moon","1594","Édition Ltée - Lune de l'Aigle : Options d'encadrement - Cadre rustique noir 1""","0","335","0","0"
"A01030-2","665","Ltd Edition - Eagle Moon","1595","Édition Ltée - Lune de l'Aigle : Options d'encadrement - Cadre rustique brun 1""","0","335","0","0"
"A01030-2","665","Ltd Edition - Eagle Moon","1596","Édition Ltée - Lune de l'Aigle : Options d'encadrement - Cadre rustique gris 1""","0","335","0","0"
"A01031-2","667","Ltd Edition - Honoring the Giver of Life","1601","Édition Ltée - Hommage à la Source de Vie : Options d'encadrement - Sans cadre","2","170","0","70.73"
"A01031-2","667","Ltd Edition - Honoring the Giver of Life","1602","Édition Ltée - Hommage à la Source de Vie : Options d'encadrement - Cadre rustique noir 1""","0","335","0","0"
"A01031-2","667","Ltd Edition - Honoring the Giver of Life","1603","Édition Ltée - Hommage à la Source de Vie : Options d'encadrement - Cadre rustique brun 1""","0","335","0","0"
"A01031-2","667","Ltd Edition - Honoring the Giver of Life","1604","Édition Ltée - Hommage à la Source de Vie : Options d'encadrement - Cadre rustique gris 1""","0","335","0","0"
"A01032-2","668","Ltd Edition - Moon Wisdom","1605","Édition Ltée - Sagesse de la Lune : Options d'encadrement - Sans cadre","2","170","0","74"
"A01032-2","668","Ltd Edition - Moon Wisdom","1606","Édition Ltée - Sagesse de la Lune : Options d'encadrement - Cadre rustique brun 1""","0","335","0","0"
"A01032-2","668","Ltd Edition - Moon Wisdom","1607","Édition Ltée - Sagesse de la Lune : Options d'encadrement - Cadre rustique noir 1""","0","335","0","0"
"A01032-2","668","Ltd Edition - Moon Wisdom","1608","Édition Ltée - Sagesse de la Lune : Options d'encadrement - Cadre rustique gris 1""","0","335","0","0"
"A01033-2","669","Ltd Edition - New Fire","1609","Édition Ltée - Nouveau Feu : Options d'encadrement - Sans cadre","1","170","0","74"
"A01033-2","669","Ltd Edition - New Fire","1610","Édition Ltée - Nouveau Feu : Options d'encadrement - Cadre rustique noir 1""","0","335","0","0"
"A01033-2","669","Ltd Edition - New Fire","1611","Édition Ltée - Nouveau Feu : Options d'encadrement - Cadre rustique brun 1""","0","335","0","0"
"A01033-2","669","Ltd Edition - New Fire","1612","Édition Ltée - Nouveau Feu : Options d'encadrement - Cadre rustique gris 1""","0","335","0","0"
"A01036-2","670","Ltd Edition - Teachings","1613","Édition Ltée - Le Chant du Tambour : Options d'encadrement - Sans cadre","1","170","0","74"
"A01036-2","670","Ltd Edition - Teachings","1614","Édition Ltée - Le Chant du Tambour : Options d'encadrement - Cadre rustique noir 1""","0","335","0","0"
"A01036-2","670","Ltd Edition - Teachings","1615","Édition Ltée - Le Chant du Tambour : Options d'encadrement - Cadre rustique brun 1""","0","335","0","0"
"A01036-2","670","Ltd Edition - Teachings","1616","Édition Ltée - Le Chant du Tambour : Options d'encadrement - Cadre rustique gris 1""","0","335","0","0"
"A01034-2","672","Ltd Edition - Reaching Out","1617","Édition Ltée - Chaleur de Terre : Options d'encadrement - Sans cadre","2","170","0","74"
"A01034-2","672","Ltd Edition - Reaching Out","1618","Édition Ltée - Chaleur de Terre : Options d'encadrement - Cadre rustique noir 1""","0","335","0","0"
"A01034-2","672","Ltd Edition - Reaching Out","1619","Édition Ltée - Chaleur de Terre : Options d'encadrement - Cadre rustique brun 1""","0","335","0","0"
"A01034-2","672","Ltd Edition - Reaching Out","1620","Édition Ltée - Chaleur de Terre : Options d'encadrement - Cadre rustique gris 1""","0","335","0","0"
"A08007-2","675","Ltd Edition - A Moose and Goose","1801","Édition Ltée - Un Orignal et une Outarde : Options d'encadrement - Sans cadre","1","170","0","74"
"A08007-2","675","Ltd Edition - A Moose and Goose","1802","Édition Ltée - Un Orignal et une Outarde : Options d'encadrement - Cadre rustique noir 1""","0","335","0","0"
"A08007-2","675","Ltd Edition - A Moose and Goose","1803","Édition Ltée - Un Orignal et une Outarde : Options d'encadrement - Cadre rustique brun 1""","0","335","0","0"
"A08007-2","675","Ltd Edition - A Moose and Goose","1804","Édition Ltée - Un Orignal et une Outarde : Options d'encadrement - Cadre rustique gris 1""","0","335","0","0"
"A10046-2","678","Ltd Edition - Geese Spirit","1725","Édition Ltée - L'Esprit de l'Outarde : Options d'encadrement - Sans cadre","2","170","0","74"
"A10046-2","678","Ltd Edition - Geese Spirit","1726","Édition Ltée - L'Esprit de l'Outarde : Options d'encadrement - Cadre rustique noir 1""","0","335","0","0"
"A10046-2","678","Ltd Edition - Geese Spirit","1727","Édition Ltée - L'Esprit de l'Outarde : Options d'encadrement - Cadre rustique brun 1""","0","335","0","0"
"A10046-2","678","Ltd Edition - Geese Spirit","1728","Édition Ltée - L'Esprit de l'Outarde : Options d'encadrement - Cadre rustique gris 1""","0","335","0","0"
"A08045-2","680","Ltd Edition - Patience","1889","Édition Ltée - Patience : Options d'encadrement - Sans cadre","4","140","0","62.7"
"A08045-2","680","Ltd Edition - Patience","1890","Édition Ltée - Patience : Options d'encadrement - Cadre rustique noir 1""","0","305","0","0"
"A08045-2","680","Ltd Edition - Patience","1891","Édition Ltée - Patience : Options d'encadrement - Cadre rustique brun 1""","0","305","0","0"
"A08045-2","680","Ltd Edition - Patience","1892","Édition Ltée - Patience : Options d'encadrement - Cadre rustique gris 1""","0","305","0","0"
"A08019-2","682","Ltd Edition - Unity","1805","Édition Ltée - Union : Options d'encadrement - Sans cadre","2","170","0","70.73"
"A08019-2","682","Ltd Edition - Unity","1806","Édition Ltée - Union : Options d'encadrement - Cadre rustique noir 1""","0","335","0","0"
"A08019-2","682","Ltd Edition - Unity","1807","Édition Ltée - Union : Options d'encadrement - Cadre rustique brun 1""","0","335","0","0"
"A08019-2","682","Ltd Edition - Unity","1808","Édition Ltée - Union : Options d'encadrement - Cadre rustique gris 1""","0","335","0","0"
"A09006-2","683","Ltd Edition - River Keeper","1909","Édition Ltée - La Gardienne de l'Eau : Options d'encadrement - Sans cadre","2","155","0","67.3"
"A09006-2","683","Ltd Edition - River Keeper","1910","Édition Ltée - La Gardienne de l'Eau : Options d'encadrement - Cadre rustique noir 1""","0","320","0","0"
"A09006-2","683","Ltd Edition - River Keeper","1911","Édition Ltée - La Gardienne de l'Eau : Options d'encadrement - Cadre rustique brun 1""","0","320","0","0"
"A09006-2","683","Ltd Edition - River Keeper","1912","Édition Ltée - La Gardienne de l'Eau : Options d'encadrement - Cadre rustique gris 1""","0","320","0","0"
"A04015-2","684","Ltd Edition - Rebirth","1809","Édition Ltée - Renaissance : Options d'encadrement - Sans cadre","2","170","0","74"
"A04015-2","684","Ltd Edition - Rebirth","1810","Édition Ltée - Renaissance : Options d'encadrement - Cadre rustique noir 1""","0","335","0","0"
"A04015-2","684","Ltd Edition - Rebirth","1811","Édition Ltée - Renaissance : Options d'encadrement - Cadre rustique brun 1""","0","335","0","0"
"A04015-2","684","Ltd Edition - Rebirth","1812","Édition Ltée - Renaissance : Options d'encadrement - Cadre rustique gris 1""","0","335","0","0"
"A04039-2","685","Ltd Edition - Nostalgia","1813","Édition Ltée - Nostalgia : Options d'encadrement - Sans cadre","3","170","0","74"
"A04039-2","685","Ltd Edition - Nostalgia","1814","Édition Ltée - Nostalgia : Options d'encadrement - Cadre rustique noir 1""","0","335","0","0"
"A04039-2","685","Ltd Edition - Nostalgia","1815","Édition Ltée - Nostalgia : Options d'encadrement - Cadre rustique gris 1""","0","335","0","0"
"A04039-2","685","Ltd Edition - Nostalgia","1816","Édition Ltée - Nostalgia : Options d'encadrement - Cadre rustique brun 1""","0","335","0","0"
"W13025-2","687","Ltd Edition - Passage","1625","Édition Ltée - Passage : Options d'encadrement - Sans cadre","1","170","0","74"
"W13025-2","687","Ltd Edition - Passage","1626","Édition Ltée - Passage : Options d'encadrement - Cadre rustique noir 1""","0","335","0","0"
"W13025-2","687","Ltd Edition - Passage","1627","Édition Ltée - Passage : Options d'encadrement - Cadre rustique brun 1""","0","335","0","0"
"W13025-2","687","Ltd Edition - Passage","1628","Édition Ltée - Passage : Options d'encadrement - Cadre rustique gris 1""","0","335","0","0"
"W12024-2","688","Ltd Edition - Breath of life","1729","Édition Ltée - Souffle de Vie : Options d'encadrement - Sans cadre","2","170","0","74"
"W12024-2","688","Ltd Edition - Breath of life","1730","Édition Ltée - Souffle de Vie : Options d'encadrement - Cadre rustique noir 1""","0","335","0","0"
"W12024-2","688","Ltd Edition - Breath of life","1731","Édition Ltée - Souffle de Vie : Options d'encadrement - Cadre rustique brun 1""","0","335","0","0"
"W12024-2","688","Ltd Edition - Breath of life","1732","Édition Ltée - Souffle de Vie : Options d'encadrement - Cadre rustique gris 1""","0","335","0","0"
"W12017-2","689","Ltd Edition - Synchronicity","1629","Édition Ltée - Synchronicité : Options d'encadrement - Sans cadre","3","170","0","70.73"
"W12017-2","689","Ltd Edition - Synchronicity","1630","Édition Ltée - Synchronicité : Options d'encadrement - Cadre rustique noir 1""","0","335","0","0"
"W12017-2","689","Ltd Edition - Synchronicity","1631","Édition Ltée - Synchronicité : Options d'encadrement - Cadre rustique gris 1""","0","335","0","0"
"W12017-2","689","Ltd Edition - Synchronicity","1632","Édition Ltée - Synchronicité : Options d'encadrement - Cadre rustique brun 1""","0","335","0","0"
"W12008-2","690","Ltd Edition - Winter wolves","1733","Édition Ltée - Loups d'Hiver : Options d'encadrement - Sans cadre","2","170","0","70.73"
"W12008-2","690","Ltd Edition - Winter wolves","1734","Édition Ltée - Loups d'Hiver : Options d'encadrement - Cadre rustique noir 1""","0","335","0","0"
"W12008-2","690","Ltd Edition - Winter wolves","1735","Édition Ltée - Loups d'Hiver : Options d'encadrement - Cadre rustique brun 1""","0","335","0","0"
"W12008-2","690","Ltd Edition - Winter wolves","1736","Édition Ltée - Loups d'Hiver : Options d'encadrement - Cadre rustique gris 1""","0","335","0","0"
"W12001-2","691","Ltd Edition - Dialogue","1873","Édition Ltée - Dialogue : Options d'encadrement - Sans cadre","2","135","0","60.85"
"W12001-2","691","Ltd Edition - Dialogue","1874","Édition Ltée - Dialogue : Options d'encadrement - Cadre rustique noir 1""","0","305","0","0"
"W12001-2","691","Ltd Edition - Dialogue","1875","Édition Ltée - Dialogue : Options d'encadrement - Cadre rustique brun 1""","0","305","0","0"
"W12001-2","691","Ltd Edition - Dialogue","1876","Édition Ltée - Dialogue : Options d'encadrement - Cadre rustique gris 1""","0","305","0","0"
"W12014-2","692","Ltd Edition - Gate of Silk","1737","Édition Ltée - Portail de Soie : Options d'encadrement - Sans cadre","4","170","0","74"
"W12014-2","692","Ltd Edition - Gate of Silk","1738","Édition Ltée - Portail de Soie : Options d'encadrement - Cadre rustique noir 1""","0","335","0","0"
"W12014-2","692","Ltd Edition - Gate of Silk","1739","Édition Ltée - Portail de Soie : Options d'encadrement - Cadre rustique brun 1""","0","335","0","0"
"W12014-2","692","Ltd Edition - Gate of Silk","1740","Édition Ltée - Portail de Soie : Options d'encadrement - Cadre rustique gris 1""","0","335","0","0"
"W12005-2","693","Ltd Edition - Earth Keeper","1633","Édition ltée - Gardienne de la Terre : Options d'encadrement - Sans cadre","3","170","0","74"
"W12005-2","693","Ltd Edition - Earth Keeper","1634","Édition ltée - Gardienne de la Terre : Options d'encadrement - Cadre rustique noir 1""","0","335","0","0"
"W12005-2","693","Ltd Edition - Earth Keeper","1635","Édition ltée - Gardienne de la Terre : Options d'encadrement - Cadre rustique brun 1""","0","335","0","0"
"W12005-2","693","Ltd Edition - Earth Keeper","1636","Édition ltée - Gardienne de la Terre : Options d'encadrement - Cadre rustique gris 1""","0","335","0","0"
"W12016-2","694","Ltd Edition - Going Home","1637","Édition Ltée - Retour chez Soi : Options d'encadrement - Sans cadre","2","170","0","74"
"W12016-2","694","Ltd Edition - Going Home","1638","Édition Ltée - Retour chez Soi : Options d'encadrement - Cadre rustique noir 1""","0","335","0","0"
"W12016-2","694","Ltd Edition - Going Home","1639","Édition Ltée - Retour chez Soi : Options d'encadrement - Cadre rustique brun 1""","0","335","0","0"
"W12016-2","694","Ltd Edition - Going Home","1640","Édition Ltée - Retour chez Soi : Options d'encadrement - Cadre rustique gris 1""","0","335","0","0"
"W12018-2","696","Ltd Edition - Early Evening Flowing into Fall","1741","Édition Ltée - Soirée Glissant vers l'Automne : Options d'encadrement - Sans cadre","2","170","0","74"
"W12018-2","696","Ltd Edition - Early Evening Flowing into Fall","1742","Édition Ltée - Soirée Glissant vers l'Automne : Options d'encadrement - Cadre rustique noir 1""","0","335","0","0"
"W12018-2","696","Ltd Edition - Early Evening Flowing into Fall","1743","Édition Ltée - Soirée Glissant vers l'Automne : Options d'encadrement - Cadre rustique brun 1""","0","335","0","0"
"W12018-2","696","Ltd Edition - Early Evening Flowing into Fall","1744","Édition Ltée - Soirée Glissant vers l'Automne : Options d'encadrement - Cadre rustique gris 1""","0","335","0","0"
"A00048-2","698","Ltd Edition - The Protector","1653","Édition Ltée - Le Protecteur : Options d'encadrement - Sans cadre","2","170","0","70.73"
"A00048-2","698","Ltd Edition - The Protector","1654","Édition Ltée - Le Protecteur : Options d'encadrement - Cadre rustique noir 1""","0","335","0","0"
"A00048-2","698","Ltd Edition - The Protector","1655","Édition Ltée - Le Protecteur : Options d'encadrement - Cadre rustique brun 1""","0","335","0","0"
"A00048-2","698","Ltd Edition - The Protector","1656","Édition Ltée - Le Protecteur : Options d'encadrement - Cadre rustique gris 1""","0","335","0","0"
"A01003-2","699","Ltd Edition - Sky Girl","1641","Édition Ltée - Fille du Ciel : Options d'encadrement - Sans cadre","3","170","0","70.73"
"A01003-2","699","Ltd Edition - Sky Girl","1642","Édition Ltée - Fille du Ciel : Options d'encadrement - Cadre rustique noir 1""","0","335","0","0"
"A01003-2","699","Ltd Edition - Sky Girl","1643","Édition Ltée - Fille du Ciel : Options d'encadrement - Cadre rustique brun 1""","0","335","0","0"
"A01003-2","699","Ltd Edition - Sky Girl","1644","Édition Ltée - Fille du Ciel : Options d'encadrement - Cadre rustique gris 1""","0","335","0","0"
"A04060-2","700","Ltd Edition - Passing Through","1817","Édition Ltée - Traversée : Options d'encadrement - Sans cadre","1","170","0","74"
"A04060-2","700","Ltd Edition - Passing Through","1818","Édition Ltée - Traversée : Options d'encadrement - Cadre rustique noir 1""","0","335","0","0"
"A04060-2","700","Ltd Edition - Passing Through","1819","Édition Ltée - Traversée : Options d'encadrement - Cadre rustique brun 1""","0","335","0","0"
"A04060-2","700","Ltd Edition - Passing Through","1820","Édition Ltée - Traversée : Options d'encadrement - Cadre rustique gris 1""","0","335","0","0"
"A09054-2","701","Ltd Edition - Tranquility","1645","Édition Ltée - Tranquillité : Options d'encadrement - Sans cadre","2","170","0","70.73"
"A09054-2","701","Ltd Edition - Tranquility","1646","Édition Ltée - Tranquillité : Options d'encadrement - Cadre rustique noir 1""","0","335","0","0"
"A09054-2","701","Ltd Edition - Tranquility","1647","Édition Ltée - Tranquillité : Options d'encadrement - Cadre rustique brun 1""","0","335","0","0"
"A09054-2","701","Ltd Edition - Tranquility","1648","Édition Ltée - Tranquillité : Options d'encadrement - Cadre rustique gris 1""","0","335","0","0"
"A16055-2","702","Ltd Edition - Abundance","1649","Édition Ltée - Abondance : Options d'encadrement - Sans cadre","2","170","0","74"
"A16055-2","702","Ltd Edition - Abundance","1650","Édition Ltée - Abondance : Options d'encadrement - Cadre rustique brun 1""","0","335","0","0"
"A16055-2","702","Ltd Edition - Abundance","1651","Édition Ltée - Abondance : Options d'encadrement - Cadre rustique noir 1""","0","335","0","0"
"A16055-2","702","Ltd Edition - Abundance","1652","Édition Ltée - Abondance : Options d'encadrement - Cadre rustique gris 1""","0","335","0","0"
"A13041-2","703","Ltd Edition - Lapinx","1918","Édition Ltée - Lapinx : Options d'encadrement - Cadre rustique noir 1""","0","320","0","0"
"A13041-2","703","Ltd Edition - Lapinx","1919","Édition Ltée - Lapinx : Options d'encadrement - Cadre rustique brun 1""","0","320","0","0"
"A13041-2","703","Ltd Edition - Lapinx","1920","Édition Ltée - Lapinx : Options d'encadrement - Cadre rustique gris 1""","0","320","0","0"
"A13041-2","703","Ltd Edition - Lapinx","11347","Édition Ltée - Lapinx : Options d'encadrement - Sans cadre 4.5"" x 13.25""","0","155","0","0"
"A13041-2","703","Ltd Edition - Lapinx","11348","Édition Ltée - Lapinx : Options d'encadrement - Sans cadre 6"" x 18""","3","170","0","74"
"A13056-2","705","Ltd Edition - Otherness","1877","Édition Ltée - Altérité : Options d'encadrement - Sans cadre","2","140","0","62.7"
"A13056-2","705","Ltd Edition - Otherness","1878","Édition Ltée - Altérité : Options d'encadrement - Cadre rustique noir 1""","0","305","0","0"
"A13056-2","705","Ltd Edition - Otherness","1879","Édition Ltée - Altérité : Options d'encadrement - Cadre rustique brun 1""","0","305","0","0"
"A13056-2","705","Ltd Edition - Otherness","1880","Édition Ltée - Altérité : Options d'encadrement - Cadre rustique gris 1""","0","305","0","0"
"A13057-2","706","Ltd Edition - Origins","1821","Édition Ltée - Origines : Options d'encadrement - Sans cadre","1","170","0","74"
"A13057-2","706","Ltd Edition - Origins","1822","Édition Ltée - Origines : Options d'encadrement - Cadre rustique noir 1""","0","335","0","0"
"A13057-2","706","Ltd Edition - Origins","1823","Édition Ltée - Origines : Options d'encadrement - Cadre rustique brun 1""","0","335","0","0"
"A13057-2","706","Ltd Edition - Origins","1824","Édition Ltée - Origines : Options d'encadrement - Cadre rustique gris 1""","0","335","0","0"
"A16051-2","707","Ltd Edition - Northern Keepers","1521","Édition Ltée - Gardiens du Nord : Options d'encadrement - Sans cadre","1","170","0","74"
"A16051-2","707","Ltd Edition - Northern Keepers","1522","Édition Ltée - Gardiens du Nord : Options d'encadrement - Cadre rustique noir 1""","0","335","0","0"
"A16051-2","707","Ltd Edition - Northern Keepers","1523","Édition Ltée - Gardiens du Nord : Options d'encadrement - Cadre rustique brun 1""","0","335","0","0"
"A16051-2","707","Ltd Edition - Northern Keepers","1524","Édition Ltée - Gardiens du Nord : Options d'encadrement - Cadre rustique gris 1""","0","335","0","0"
"A16058-2","709","Ltd Edition - Silent Seekers","1881","Édition Ltée - En Quête de Silence : Options d'encadrement - Sans cadre","1","140","0","62.7"
"A16058-2","709","Ltd Edition - Silent Seekers","1882","Édition Ltée - En Quête de Silence : Options d'encadrement - Cadre rustique noir 1""","0","305","0","0"
"A16058-2","709","Ltd Edition - Silent Seekers","1883","Édition Ltée - En Quête de Silence : Options d'encadrement - Cadre rustique brun 1""","0","305","0","0"
"A16058-2","709","Ltd Edition - Silent Seekers","1884","Édition Ltée - En Quête de Silence : Options d'encadrement - Cadre rustique gris 1""","0","305","0","0"
"A16059-2","710","Ltd Edition - Wisdom Keepers","1885","Édition Ltée - Gardiens de la Sagesse : Options d'encadrement - Sans cadre","0","140","0","62.7"
"A16059-2","710","Ltd Edition - Wisdom Keepers","1886","Édition Ltée - Gardiens de la Sagesse : Options d'encadrement - Cadre rustique noir 1""","0","305","0","0"
"A16059-2","710","Ltd Edition - Wisdom Keepers","1887","Édition Ltée - Gardiens de la Sagesse : Options d'encadrement - Cadre rustique brun 1""","0","305","0","0"
"A16059-2","710","Ltd Edition - Wisdom Keepers","1888","Édition Ltée - Gardiens de la Sagesse : Options d'encadrement - Cadre rustique gris 1""","0","305","0","0"
"A95053-2","711","Ltd Edition - Messenger","1893","Édition Ltée - Messager : Options d'encadrement - Sans cadre","3","140","0","62.7"
"A95053-2","711","Ltd Edition - Messenger","1894","Édition Ltée - Messager : Options d'encadrement - Cadre rustique noir 1""","0","305","0","0"
"A95053-2","711","Ltd Edition - Messenger","1895","Édition Ltée - Messager : Options d'encadrement - Cadre rustique brun 1""","0","305","0","0"
"A95053-2","711","Ltd Edition - Messenger","1896","Édition Ltée - Messager : Options d'encadrement - Cadre rustique gris 1""","0","305","0","0"
"A14051-2","712","Ltd Edition - Gezaluwejit","1529","Édition Ltée - Gezaluwejit : Options d'encadrement - Sans cadre","2","170","0","74"
"A14051-2","712","Ltd Edition - Gezaluwejit","1530","Édition Ltée - Gezaluwejit : Options d'encadrement - Cadre rustique noir 1""","0","335","0","0"
"A14051-2","712","Ltd Edition - Gezaluwejit","1531","Édition Ltée - Gezaluwejit : Options d'encadrement - Cadre rustique brun 1""","0","335","0","0"
"A14051-2","712","Ltd Edition - Gezaluwejit","1532","Édition Ltée - Gezaluwejit : Options d'encadrement - Cadre rustique gris 1""","0","335","0","0"
"W13047-2","714","Ltd Edition - Inner Memories","1753","Édition ltée - Mémoires Ancestrales : Options d'encadrement - Sans cadre","4","170","0","74"
"W13047-2","714","Ltd Edition - Inner Memories","1754","Édition ltée - Mémoires Ancestrales : Options d'encadrement - Cadre rustique noir 1""","0","335","0","0"
"W13047-2","714","Ltd Edition - Inner Memories","1755","Édition ltée - Mémoires Ancestrales : Options d'encadrement - Cadre rustique brun 1""","0","335","0","0"
"W13047-2","714","Ltd Edition - Inner Memories","1756","Édition ltée - Mémoires Ancestrales : Options d'encadrement - Cadre rustique gris 1""","0","335","0","0"
"A12050-2","716","Ltd Edition - Ice Dream","1757","Édition Ltée - Rêve de Glace : Options d'encadrement - Sans cadre","3","170","0","74"
"A12050-2","716","Ltd Edition - Ice Dream","1758","Édition Ltée - Rêve de Glace : Options d'encadrement - Cadre rustique noir 1""","0","335","0","0"
"A12050-2","716","Ltd Edition - Ice Dream","1759","Édition Ltée - Rêve de Glace : Options d'encadrement - Cadre rustique brun 1""","0","335","0","0"
"A12050-2","716","Ltd Edition - Ice Dream","1760","Édition Ltée - Rêve de Glace : Options d'encadrement - Cadre rustique gris 1""","0","335","0","0"
"A13053-2","718","Ltd Edition - Roots Of Another World","1765","Édition Ltée - Racines d'un Autre Monde : Options d'encadrement - Sans cadre","1","170","0","70.73"
"A13053-2","718","Ltd Edition - Roots Of Another World","1766","Édition Ltée - Racines d'un Autre Monde : Options d'encadrement - Cadre rustique noir 1""","0","335","0","0"
"A13053-2","718","Ltd Edition - Roots Of Another World","1767","Édition Ltée - Racines d'un Autre Monde : Options d'encadrement - Cadre rustique brun 1""","0","335","0","0"
"A13053-2","718","Ltd Edition - Roots Of Another World","1768","Édition Ltée - Racines d'un Autre Monde : Options d'encadrement - Cadre rustique gris 1""","0","335","0","0"
"A01038-2","719","Ltd Edition - Harmony","1930","Édition ltée - Harmonie : Options d'encadrement - Sans cadre","1","170","0","70.73"
"A01038-2","719","Ltd Edition - Harmony","1931","Édition ltée - Harmonie : Options d'encadrement - Cadre rustique noir 1""","0","335","0","0"
"A01038-2","719","Ltd Edition - Harmony","1932","Édition ltée - Harmonie : Options d'encadrement - Cadre rustique brun 1""","0","335","0","0"
"A01038-2","719","Ltd Edition - Harmony","1933","Édition ltée - Harmonie : Options d'encadrement - Cadre rustique gris 1""","0","335","0","0"
"A13042-2","721","Ltd Edition - Carried Away","1897","Édition Ltée - Emportée : Options d'encadrement - Sans cadre","1","140","0","62.7"
"A13042-2","721","Ltd Edition - Carried Away","1898","Édition Ltée - Emportée : Options d'encadrement - Cadre rustique noir 1""","0","305","0","0"
"A13042-2","721","Ltd Edition - Carried Away","1899","Édition Ltée - Emportée : Options d'encadrement - Cadre rustique brun 1""","0","305","0","0"
"A13042-2","721","Ltd Edition - Carried Away","1900","Édition Ltée - Emportée : Options d'encadrement - Cadre rustique gris 1""","0","305","0","0"
"W13023-2","722","Ltd Edition - Water and Spirit Buffalo","1769","Édition Ltée - Eau et Esprit du Bison : Options d'encadrement - Sans cadre","1","170","0","70.73"
"W13023-2","722","Ltd Edition - Water and Spirit Buffalo","1770","Édition Ltée - Eau et Esprit du Bison : Options d'encadrement - Cadre rustique noir 1""","0","335","0","0"
"W13023-2","722","Ltd Edition - Water and Spirit Buffalo","1771","Édition Ltée - Eau et Esprit du Bison : Options d'encadrement - Cadre rustique brun 1""","0","335","0","0"
"W13023-2","722","Ltd Edition - Water and Spirit Buffalo","1772","Édition Ltée - Eau et Esprit du Bison : Options d'encadrement - Cadre rustique gris 1""","0","335","0","0"
"A01031-1","725","Canvas - Honoring the Giver of Life","1589","Toile - Hommage à la Source de Vie : Options d'encadrement - Sans cadre","1","295","0","0"
"A01031-1","725","Canvas - Honoring the Giver of Life","1590","Toile - Hommage à la Source de Vie : Options d'encadrement - Cadre flottant bois noir","0","395","0","0"
"A01031-1","725","Canvas - Honoring the Giver of Life","1591","Toile - Hommage à la Source de Vie : Options d'encadrement - Cadre flottant bois brun","0","395","0","0"
"A01031-1","725","Canvas - Honoring the Giver of Life","1592","Toile - Hommage à la Source de Vie : Options d'encadrement - Cadre flottant bois étain","0","395","0","0"
"A08007-1","733","Canvas - A Moose and Goose","1777","Toile - Un Orignal et une Outarde : Options d'encadrement - Sans cadre","1","190","0","0"
"A08007-1","733","Canvas - A Moose and Goose","1778","Toile - Un Orignal et une Outarde : Options d'encadrement - Cadre flottant bois noir","0","290","0","0"
"A08007-1","733","Canvas - A Moose and Goose","1779","Toile - Un Orignal et une Outarde : Options d'encadrement - Cadre flottant bois brun","0","290","0","0"
"A08007-1","733","Canvas - A Moose and Goose","1780","Toile - Un Orignal et une Outarde : Options d'encadrement - Cadre flottant bois étain","0","290","0","0"
"A10046-1","736","Canvas - Geese Spirit","1665","Toile - L'Esprit de l'Outarde : Options d'encadrement - Sans cadre","0","295","0","84.27"
"A10046-1","736","Canvas - Geese Spirit","1666","Toile - L'Esprit de l'Outarde : Options d'encadrement - Cadre flottant bois noir","0","395","0","0"
"A10046-1","736","Canvas - Geese Spirit","1667","Toile - L'Esprit de l'Outarde : Options d'encadrement - Cadre flottant bois brun","0","395","0","0"
"A10046-1","736","Canvas - Geese Spirit","1668","Toile - L'Esprit de l'Outarde : Options d'encadrement - Cadre flottant bois étain","0","395","0","0"
"A08013-1","737","Canvas - New Day","1561","Toile - Nouveau Jour : Options d'encadrement - Sans cadre","1","295","0","0"
"A08013-1","737","Canvas - New Day","1562","Toile - Nouveau Jour : Options d'encadrement - Cadre flottant bois noir","0","395","0","0"
"A08013-1","737","Canvas - New Day","1563","Toile - Nouveau Jour : Options d'encadrement - Cadre flottant bois brun","0","395","0","0"
"A08013-1","737","Canvas - New Day","1564","Toile - Nouveau Jour : Options d'encadrement - Cadre flottant bois étain","0","395","0","0"
"A08045-1","738","Canvas - Patience","1837","Toile - Patience : Options d'encadrement - Sans cadre","1","225","0","0"
"A08045-1","738","Canvas - Patience","1838","Toile - Patience : Options d'encadrement - Cadre flottant bois noir","0","325","0","0"
"A08045-1","738","Canvas - Patience","1839","Toile - Patience : Options d'encadrement - Cadre flottant bois brun","0","325","0","0"
"A08045-1","738","Canvas - Patience","1840","Toile - Patience : Options d'encadrement - Cadre flottant bois étain","0","325","0","0"
"A08019-1","740","Canvas - Unity","1781","Toile - Union : Options d'encadrement - Sans cadre","1","335","0","0"
"A08019-1","740","Canvas - Unity","1782","Toile - Union : Options d'encadrement - Cadre flottant bois noir","0","435","0","0"
"A08019-1","740","Canvas - Unity","1783","Toile - Union : Options d'encadrement - Cadre flottant bois brun","0","435","0","0"
"A08019-1","740","Canvas - Unity","1784","Toile - Union : Options d'encadrement - Cadre flottant bois étain","0","435","0","0"
"A09006-1","741","Canvas - River Keeper","1854","Toile - La Gardienne de l'Eau : Options d'encadrement - Cadre flottant bois noir","0","495","0","0"
"A09006-1","741","Canvas - River Keeper","1855","Toile - La Gardienne de l'Eau : Options d'encadrement - Cadre flottant bois brun","0","495","0","0"
"A09006-1","741","Canvas - River Keeper","1856","Toile - La Gardienne de l'Eau : Options d'encadrement - Cadre flottant bois étain","0","495","0","0"
"A09006-1","741","Canvas - River Keeper","8134","Toile - La Gardienne de l'Eau : Options d'encadrement - Sans cadre - 15"" x 24""","1","315","0","0"
"A09006-1","741","Canvas - River Keeper","8135","Toile - La Gardienne de l'Eau : Options d'encadrement - Sans cadre - 30"" x 48""","0","695","0","0"
"A09006-1","741","Canvas - River Keeper","9712","Toile - La Gardienne de l'Eau : Options d'encadrement - Sans cadre 29"" x 48""","1","695.00","0.00","0.00"
"A07020-1","744","Canvas - Journey to the Spirit World","1857","Toile - Voyage vers le Monde du Songe : Options d'encadrement - Sans cadre","1","525.00","0.00","0.00"
"A07020-1","744","Canvas - Journey to the Spirit World","1858","Toile - Voyage vers le Monde du Songe : Options d'encadrement - Cadre flottant bois noir","0","695.00","0.00","0.00"
"A07020-1","744","Canvas - Journey to the Spirit World","1859","Toile - Voyage vers le Monde du Songe : Options d'encadrement - Cadre flottant bois brun","0","695.00","0.00","0.00"
"A07020-1","744","Canvas - Journey to the Spirit World","1860","Toile - Voyage vers le Monde du Songe : Options d'encadrement - Cadre flottant bois étain","0","695.00","0.00","0.00"
"W12024-1","746","Canvas - Breath of life","1669","Toile - Souffle de vie : Options d'encadrement - Sans cadre","1","325.00","0.00","0.00"
"W12024-1","746","Canvas - Breath of life","1670","Toile - Souffle de vie : Options d'encadrement - Cadre flottant bois noir","0","425.00","0.00","0.00"
"W12024-1","746","Canvas - Breath of life","1671","Toile - Souffle de vie : Options d'encadrement - Cadre flottant bois brun","0","425.00","0.00","0.00"
"W12024-1","746","Canvas - Breath of life","1672","Toile - Souffle de vie : Options d'encadrement - Cadre flottant bois étain","0","425.00","0.00","0.00"
"A13041-1","761","Canvas - Lapinx","1861","Toile - Lapinx : Options d'encadrement - Sans cadre","1","395.00","0.00","120.00"
"A13041-1","761","Canvas - Lapinx","1862","Toile - Lapinx : Options d'encadrement - Cadre flottant bois noir","0","495.00","0.00","0.00"
"A13041-1","761","Canvas - Lapinx","1863","Toile - Lapinx : Options d'encadrement - Cadre flottant bois brun","0","495.00","0.00","0.00"
"A13041-1","761","Canvas - Lapinx","1864","Toile - Lapinx : Options d'encadrement - Cadre flottant bois étain","0","495.00","0.00","0.00"
"A16052-1","766","Canvas - Zenith","1866","Toile - Zénith : Options d'encadrement - Cadre flottant bois noir","0","345.00","0.00","0.00"
"A16052-1","766","Canvas - Zenith","1867","Toile - Zénith : Options d'encadrement - Cadre flottant bois brun","0","345.00","0.00","0.00"
"A16052-1","766","Canvas - Zenith","1868","Toile - Zénith : Options d'encadrement - Cadre flottant bois étain","0","345.00","0.00","0.00"
"A16052-1","766","Canvas - Zenith","9715","Toile - Zénith : Options d'encadrement - Sans cadre","1","245.00","0.00","102.00"
"A16058-1","767","Canvas - Silent Seekers","1829","Toile - En Quête de Silence : Options d'encadrement - Sans cadre","0","295.00","0.00","0.00"
"A16058-1","767","Canvas - Silent Seekers","1830","Toile - En Quête de Silence : Options d'encadrement - Cadre flottant bois noir","1","425.00","0.00","0.00"
"A16058-1","767","Canvas - Silent Seekers","1831","Toile - En Quête de Silence : Options d'encadrement - Cadre flottant bois brun","0","425.00","0.00","0.00"
"A16058-1","767","Canvas - Silent Seekers","1832","Toile - En Quête de Silence : Options d'encadrement - Cadre flottant bois étain","0","425.00","0.00","0.00"
"A16059-1","768","Canvas - Wisdom Keepers","1833","Toile - Gardiens de la Sagesse : Options d'encadrement - Sans cadre","1","225.00","0.00","74.36"
"A16059-1","768","Canvas - Wisdom Keepers","1834","Toile - Gardiens de la Sagesse : Options d'encadrement - Cadre flottant bois noir","0","325.00","0.00","0.00"
"A16059-1","768","Canvas - Wisdom Keepers","1835","Toile - Gardiens de la Sagesse : Options d'encadrement - Cadre flottant bois brun","0","325.00","0.00","0.00"
"A16059-1","768","Canvas - Wisdom Keepers","1836","Toile - Gardiens de la Sagesse : Options d'encadrement - Cadre flottant bois étain","0","325.00","0.00","0.00"
"A16059-1","768","Canvas - Wisdom Keepers","7802","Toile - Gardiens de la Sagesse : Options d'encadrement - Sans cadre 24"" x 12""","0","295.00","0.00","0.00"
"A16059-1","768","Canvas - Wisdom Keepers","7803","Toile - Gardiens de la Sagesse : Options d'encadrement - Cadre flottant noir","0","395.00","0.00","0.00"
"A16059-1","768","Canvas - Wisdom Keepers","7804","Toile - Gardiens de la Sagesse : Options d'encadrement - Cadre flottant brun","0","395.00","0.00","0.00"
"A16059-1","768","Canvas - Wisdom Keepers","7805","Toile - Gardiens de la Sagesse : Options d'encadrement - Cadre flottant étain","0","395.00","0.00","0.00"
"A14051-1","770","Canvas - Gezaluwejit","1525","Toile - Gezaluwejit : Options d'encadrement - Sans cadre","1","295.00","0.00","0.00"
"A14051-1","770","Canvas - Gezaluwejit","1526","Toile - Gezaluwejit : Options d'encadrement - Cadre flottant bois noir","0","395.00","0.00","0.00"
"A14051-1","770","Canvas - Gezaluwejit","1527","Toile - Gezaluwejit : Options d'encadrement - Cadre flottant bois brun","0","395.00","0.00","0.00"
"A14051-1","770","Canvas - Gezaluwejit","1528","Toile - Gezaluwejit : Options d'encadrement - Cadre flottant bois étain","0","395.00","0.00","0.00"
"W13047-1","772","Canvas - Inner Memories","1693","Toile - Mémoires Ancestrales : Options d'encadrement - Sans cadre","0","295.00","0.00","0.00"
"W13047-1","772","Canvas - Inner Memories","1694","Toile - Mémoires Ancestrales : Options d'encadrement - Cadre flottant bois noir","0","395.00","0.00","0.00"
"W13047-1","772","Canvas - Inner Memories","1695","Toile - Mémoires Ancestrales : Options d'encadrement - Cadre flottant bois brun","0","395.00","0.00","0.00"
"W13047-1","772","Canvas - Inner Memories","1696","Toile - Mémoires Ancestrales : Options d'encadrement - Cadre flottant bois étain","0","395.00","0.00","0.00"
"A12050-1","774","Canvas - Ice Dream","1697","Toile - Rêve de Glace : Options d'encadrement - Sans cadre","1","295.00","0.00","0.00"
"A12050-1","774","Canvas - Ice Dream","1698","Toile - Rêve de Glace : Options d'encadrement - Cadre flottant bois noir","0","395.00","0.00","0.00"
"A12050-1","774","Canvas - Ice Dream","1699","Toile - Rêve de Glace : Options d'encadrement - Cadre flottant bois brun","0","395.00","0.00","0.00"
"A12050-1","774","Canvas - Ice Dream","1700","Toile - Rêve de Glace : Options d'encadrement - Cadre flottant bois étain","0","395.00","0.00","0.00"
"A13042-1","779","Canvas - Carried Away","1846","Toile - Emportée : Options d'encadrement - Cadre flottant bois noir","0","325.00","0.00","0.00"
"A13042-1","779","Canvas - Carried Away","1847","Toile - Emportée : Options d'encadrement - Cadre flottant bois brun","0","325.00","0.00","0.00"
"A13042-1","779","Canvas - Carried Away","1848","Toile - Emportée : Options d'encadrement - Cadre flottant bois étain","0","325.00","0.00","0.00"
"A13042-1","779","Canvas - Carried Away","7728","Toile - Emportée : Options d'encadrement - Sans cadre","1","250.00","0.00","0.00"
"A17065-POD2578","781","Card - The Forest Temple","","Carte - Temple de la Forêt","10","6.35","2.75","0.00"
"A17063-POD2550","782","Card - Depth","","Carte - Profondeur","13","6.35","2.75","0.00"
"W17062-7","783","Card - Horizon","","Carte - Horizon","0","5.50","2.50","0.00"
"A17064-POD2563","784","Card - M'Otter love","","Carte - L'Outre Mère","12","6.35","2.75","0.00"
"A17063-POD2550","785","Matted Print - Depth","","Impression avec Passe-Partout - Profondeur","4","20.00","7.50","0.00"
"W17062-6","786","Small Print - Horizon","","Petite Repro - Horizon","12","25.00","10.87","0.00"
"A17064-POD2563","787","Matted Print - M'Otter Love","","Impression avec Passe-Partout - L'Outre Mère","1","20.00","7.50","0.00"
"A17065-6","788","Small Print - The Forest Temple","","Petite Repro - Temple de la Forêt","7","25.00","10.87","0.00"
"A17065-2","789","Ltd Edition - The Forest Temple","1901","Édition Ltée - Temple de la Forêt : Options d'encadrement - Sans cadre","3","140.00","0.00","62.70"
"A17065-2","789","Ltd Edition - The Forest Temple","1902","Édition Ltée - Temple de la Forêt : Options d'encadrement - Cadre rustique noir 1""","0","305.00","0.00","0.00"
"A17065-2","789","Ltd Edition - The Forest Temple","1903","Édition Ltée - Temple de la Forêt : Options d'encadrement - Cadre rustique brun 1""","0","305.00","0.00","0.00"
"A17065-2","789","Ltd Edition - The Forest Temple","1904","Édition Ltée - Temple de la Forêt : Options d'encadrement - Cadre rustique gris 1""","0","305.00","0.00","0.00"
"A17064-2","790","Ltd Edition - M'Otter Love","1926","Édition Ltée - L'Outre Mère : Options d'encadrement - Cadre rustique noir 1""","0","335.00","0.00","0.00"
"A17064-2","790","Ltd Edition - M'Otter Love","1927","Édition Ltée - L'Outre Mère : Options d'encadrement - Cadre rustique brun 1""","0","335.00","0.00","0.00"
"A17064-2","790","Ltd Edition - M'Otter Love","1928","Édition Ltée - L'Outre Mère : Options d'encadrement - Cadre rustique gris 1""","0","335.00","0.00","0.00"
"A17064-2","790","Ltd Edition - M'Otter Love","11349","Édition Ltée - L'Outre Mère : Options d'encadrement - Sans cadre 3.30"" x 13.5""","2","135.00","0.00","58.50"
"A17064-2","790","Ltd Edition - M'Otter Love","11350","Édition Ltée - L'Outre Mère : Options d'encadrement - Sans cadre - 6"" x 24""","2","190.00","0.00","89.52"
"A17063-2","791","Ltd Edition - Depth","1513","Édition Ltée - Profondeur : Options d'encadrement - Sans cadre","2","170.00","0.00","74.00"
"A17063-2","791","Ltd Edition - Depth","1514","Édition Ltée - Profondeur : Options d'encadrement - Cadre rustique noir 1""","0","335.00","0.00","0.00"
"A17063-2","791","Ltd Edition - Depth","1515","Édition Ltée - Profondeur : Options d'encadrement - Cadre rustique brun 1""","0","335.00","0.00","0.00"
"A17063-2","791","Ltd Edition - Depth","1516","Édition Ltée - Profondeur : Options d'encadrement - Cadre rustique gris 1""","0","335.00","0.00","0.00"
"W17062-2","792","Ltd Edition - Horizon","1773","Édition Ltée - Horizon : Options d'encadrement - Sans cadre","2","170.00","0.00","74.00"
"W17062-2","792","Ltd Edition - Horizon","1774","Édition Ltée - Horizon : Options d'encadrement - Cadre rustique noir 1""","0","335.00","0.00","0.00"
"W17062-2","792","Ltd Edition - Horizon","1775","Édition Ltée - Horizon : Options d'encadrement - Cadre rustique brun 1""","0","335.00","0.00","0.00"
"W17062-2","792","Ltd Edition - Horizon","1776","Édition Ltée - Horizon : Options d'encadrement - Cadre rustique gris 1""","0","335.00","0.00","0.00"
"A17065-1","793","Canvas - The Forest Temple","1849","Toile - Temple de la Forêt : Options d'encadrement - Sans cadre","1","445.00","0.00","0.00"
"A17065-1","793","Canvas - The Forest Temple","1850","Toile - Temple de la Forêt : Options d'encadrement - Cadre flottant bois noir","0","545.00","0.00","0.00"
"A17065-1","793","Canvas - The Forest Temple","1851","Toile - Temple de la Forêt : Options d'encadrement - Cadre flottant bois brun","0","545.00","0.00","0.00"
"A17065-1","793","Canvas - The Forest Temple","1852","Toile - Temple de la Forêt : Options d'encadrement - Cadre flottant bois étain","0","545.00","0.00","0.00"
"A17064-1","794","Canvas - Motter Love","1869","Toile - Loutre Mère : Options d'encadrement - Sans cadre","0","225.00","0.00","0.00"
"A17064-1","794","Canvas - Motter Love","1870","Toile - Loutre Mère : Options d'encadrement - Cadre flottant bois noir","0","315.00","0.00","0.00"
"A17064-1","794","Canvas - Motter Love","1871","Toile - Loutre Mère : Options d'encadrement - Cadre flottant bois brun","0","315.00","0.00","0.00"
"A17064-1","794","Canvas - Motter Love","1872","Toile - Loutre Mère : Options d'encadrement - Cadre flottant bois étain","0","315.00","0.00","0.00"
"A17063-1","795","Canvas - Depth","1509","Toile - Profondeur : Options d'encadrement - Cadre flottant bois noir","0","345.00","0.00","0.00"
"A17063-1","795","Canvas - Depth","1510","Toile - Profondeur : Options d'encadrement - Cadre flottant bois brun","0","345.00","0.00","0.00"
"A17063-1","795","Canvas - Depth","1511","Toile - Profondeur : Options d'encadrement - Cadre flottant bois étain","0","345.00","0.00","0.00"
"A17063-1","795","Canvas - Depth","1512","Toile - Profondeur : Options d'encadrement - Sans cadre","0","295.00","0.00","295.00"
"A17063-1","795","Canvas - Depth","6668","Toile - Profondeur : Options d'encadrement - Sans cadre 24"" x 30""","1","495.00","0.00","0.00"
"A08021-7","797","Card - Wikwemikong","","Carte - Wikwemikong","4","5.50","2.50","0.00"
"A09055-7","798","Card - Abundance","","Carte - Abondance","13","5.50","2.50","0.00"
"W18053-7-POD2883","799","Card - Northern Masters","","Carte - Maîtres du Nord","8","6.35","2.75","0.00"
"W18053-6","800","Small Print - Northern Masters","","Petite Repro - Maîtres du Nord","0","25.00","10.87","0.00"
"W18053-2","801","Ltd Edition - Northern Masters","1316","Édition Ltée - Maîtres du Nord : Options d'encadrement - Cadre rustique noir 1""","0","335.00","0.00","0.00"
"W18053-2","801","Ltd Edition - Northern Masters","1317","Édition Ltée - Maîtres du Nord : Options d'encadrement - Cadre rustique brun 1""","0","335.00","0.00","0.00"
"W18053-2","801","Ltd Edition - Northern Masters","1318","Édition Ltée - Maîtres du Nord : Options d'encadrement - Cadre rustique gris 1""","0","335.00","0.00","0.00"
"W18053-2","801","Ltd Edition - Northern Masters","1319","Édition Ltée - Maîtres du Nord : Options d'encadrement - Sans cadre","3","170.00","0.00","74.00"
"A17064-WPA0301NC03C","804","Carla Palazzo ""M'Otter Love""","3022","Palazzo Carla ""L'Outre Mère"" : Taille - XP","0","169.00","68.00","0.00"
"A17064-WPA0301NC03C","804","Carla Palazzo ""M'Otter Love""","3023","Palazzo Carla ""L'Outre Mère"" : Taille - P","0","169.00","68.00","0.00"
"A17064-WPA0301NC03C","804","Carla Palazzo ""M'Otter Love""","3024","Palazzo Carla ""L'Outre Mère"" : Taille - M","0","169.00","68.00","0.00"
"A17064-WPA0301NC03C","804","Carla Palazzo ""M'Otter Love""","3025","Palazzo Carla ""L'Outre Mère"" : Taille - L","0","169.00","68.00","0.00"
"A17064-WPA0301NC03C","804","Carla Palazzo ""M'Otter Love""","3026","Palazzo Carla ""L'Outre Mère"" : Taille - XL","0","169.00","68.00","0.00"
"A16058-WPA0301NC04A","805","Carla Palazzo ""Silent Seekers""","1325","Palazzo Carla ""En Quête de Silence"" : Taille - XP","1","189.00","74.00","0.00"
"A16058-WPA0301NC04A","805","Carla Palazzo ""Silent Seekers""","1326","Palazzo Carla ""En Quête de Silence"" : Taille - P","0","189.00","74.00","0.00"
"A16058-WPA0301NC04A","805","Carla Palazzo ""Silent Seekers""","1327","Palazzo Carla ""En Quête de Silence"" : Taille - M","1","189.00","74.00","0.00"
"A16058-WPA0301NC04A","805","Carla Palazzo ""Silent Seekers""","1328","Palazzo Carla ""En Quête de Silence"" : Taille - L","1","189.00","74.00","0.00"
"A16058-WPA0301NC04A","805","Carla Palazzo ""Silent Seekers""","1329","Palazzo Carla ""En Quête de Silence"" : Taille - XL","1","189.00","74.00","0.00"
"A16058-WNS0701NC04A","807","Coco Tank ""Silent Seekers""","1435","Débardeur Coco ""En Quête de Silence"" : Taille - XP","1","79.00","34.35","0.00"
"A16058-WNS0701NC04A","807","Coco Tank ""Silent Seekers""","1436","Débardeur Coco ""En Quête de Silence"" : Taille - P","1","79.00","34.35","0.00"
"A16058-WNS0701NC04A","807","Coco Tank ""Silent Seekers""","1437","Débardeur Coco ""En Quête de Silence"" : Taille - M","2","79.00","34.35","0.00"
"A16058-WNS0701NC04A","807","Coco Tank ""Silent Seekers""","1438","Débardeur Coco ""En Quête de Silence"" : Taille - L","1","79.00","34.35","0.00"
"A16058-WNS0701NC04A","807","Coco Tank ""Silent Seekers""","1439","Débardeur Coco ""En Quête de Silence"" : Taille - XL","1","79.00","34.35","0.00"
"A16051-WNS0701NC05A","808","Coco Tank ""Northern Keepers""","1430","Débardeur Coco ""Gardiens du Nord"" : Taille - XP","0","79.00","34.35","0.00"
"A16051-WNS0701NC05A","808","Coco Tank ""Northern Keepers""","1431","Débardeur Coco ""Gardiens du Nord"" : Taille - P","1","79.00","34.35","0.00"
"A16051-WNS0701NC05A","808","Coco Tank ""Northern Keepers""","1432","Débardeur Coco ""Gardiens du Nord"" : Taille - M","1","79.00","34.35","0.00"
"A16051-WNS0701NC05A","808","Coco Tank ""Northern Keepers""","1433","Débardeur Coco ""Gardiens du Nord"" : Taille - L","1","79.00","34.35","0.00"
"A16051-WNS0701NC05A","808","Coco Tank ""Northern Keepers""","1434","Débardeur Coco ""Gardiens du Nord"" : Taille - XL","0","79.00","34.35","0.00"
"A01028-WNS0701NC08A","809","Coco Tank ""Giving Thanks""","1425","Débardeur Coco ""Rendre Grâce"" : Taille - XP","2","79.00","34.35","0.00"
"A01028-WNS0701NC08A","809","Coco Tank ""Giving Thanks""","1426","Débardeur Coco ""Rendre Grâce"" : Taille - P","0","79.00","34.35","0.00"
"A01028-WNS0701NC08A","809","Coco Tank ""Giving Thanks""","1427","Débardeur Coco ""Rendre Grâce"" : Taille - M","0","79.00","34.35","0.00"
"A01028-WNS0701NC08A","809","Coco Tank ""Giving Thanks""","1428","Débardeur Coco ""Rendre Grâce"" : Taille - L","1","79.00","34.35","0.00"
"A01028-WNS0701NC08A","809","Coco Tank ""Giving Thanks""","1429","Débardeur Coco ""Rendre Grâce"" : Taille - XL","0","79.00","34.35","0.00"
"A16051-WLS0401NC05A","810","Dolly Top ""Northern Keepers""","2194","Dolly Top ""Gardiens du Nord"" : Taille - XP","0","119.00","50.00","0.00"
"A16051-WLS0401NC05A","810","Dolly Top ""Northern Keepers""","2195","Dolly Top ""Gardiens du Nord"" : Taille - P","0","119.00","50.00","0.00"
"A16051-WLS0401NC05A","810","Dolly Top ""Northern Keepers""","2196","Dolly Top ""Gardiens du Nord"" : Taille - M","0","119.00","50.00","0.00"
"A16051-WLS0401NC05A","810","Dolly Top ""Northern Keepers""","2197","Dolly Top ""Gardiens du Nord"" : Taille - L","0","119.00","50.00","0.00"
"A16051-WLS0401NC05A","810","Dolly Top ""Northern Keepers""","2198","Dolly Top ""Gardiens du Nord"" : Taille - XL","0","119.00","50.00","0.00"
"A17063-WPA0401NC02A","812","Jackie Legging ""Depth""","1350","Legging Jackie ""Profondeur"" : Taille - XP","0","109.00","45.00","0.00"
"A17063-WPA0401NC02A","812","Jackie Legging ""Depth""","1351","Legging Jackie ""Profondeur"" : Taille - P","0","109.00","45.00","0.00"
"A17063-WPA0401NC02A","812","Jackie Legging ""Depth""","1352","Legging Jackie ""Profondeur"" : Taille - M","0","109.00","45.00","0.00"
"A17063-WPA0401NC02A","812","Jackie Legging ""Depth""","1353","Legging Jackie ""Profondeur"" : Taille - L","0","109.00","45.00","0.00"
"A17063-WPA0401NC02A","812","Jackie Legging ""Depth""","1354","Legging Jackie ""Profondeur"" : Taille - XL","0","109.00","45.00","0.00"
"A17064-WPA0401NC03A","813","Jackie Legging ""M'Otter Love""","1345","Legging Jackie ""L'Outre Mère"" : Taille - XP","0","109.00","45.00","0.00"
"A17064-WPA0401NC03A","813","Jackie Legging ""M'Otter Love""","1346","Legging Jackie ""L'Outre Mère"" : Taille - P","0","109.00","45.00","0.00"
"A17064-WPA0401NC03A","813","Jackie Legging ""M'Otter Love""","1347","Legging Jackie ""L'Outre Mère"" : Taille - M","0","109.00","45.00","0.00"
"A17064-WPA0401NC03A","813","Jackie Legging ""M'Otter Love""","1348","Legging Jackie ""L'Outre Mère"" : Taille - L","0","109.00","45.00","0.00"
"A17064-WPA0401NC03A","813","Jackie Legging ""M'Otter Love""","1349","Legging Jackie ""L'Outre Mère"" : Taille - XL","1","109.00","45.00","0.00"
"A09006-WPA0401NC06A","815","Jackie Legging ""The River Keeper""","1335","Legging Jackie ""La Gardienne de l'Eau"" : Taille - XP","0","109.00","45.00","0.00"
"A09006-WPA0401NC06A","815","Jackie Legging ""The River Keeper""","1336","Legging Jackie ""La Gardienne de l'Eau"" : Taille - P","0","109.00","45.00","0.00"
"A09006-WPA0401NC06A","815","Jackie Legging ""The River Keeper""","1337","Legging Jackie ""La Gardienne de l'Eau"" : Taille - M","0","109.00","45.00","0.00"
"A09006-WPA0401NC06A","815","Jackie Legging ""The River Keeper""","1338","Legging Jackie ""La Gardienne de l'Eau"" : Taille - L","0","109.00","45.00","0.00"
"A09006-WPA0401NC06A","815","Jackie Legging ""The River Keeper""","1339","Legging Jackie ""La Gardienne de l'Eau"" : Taille - XL","0","109.00","45.00","0.00"
"A17063-MTT0501NC02A","816","Jasper Tie ""Depth""","","Cravate Jasper ""Profondeur""","0","79.00","33.00","0.00"
"A16058-MTT0501NC04A","817","Jasper Tie ""Silent Seekers""","","Cravate Jasper ""Quête de Silence""","0","79.00","32.00","0.00"
"A16052-MTT0501NC0BA","818","Jasper Tie ""Zenith""","","Cravate Jasper ""Zenith""","0","79.00","32.00","0.00"
"A16059-WDR1001NC0IA","819","Jeanne Dress ""Wisdom Keepers""","3117","Robe Jeanne ""Gardiens de la Sagesse"" : Taille - XP","0","149.00","58.00","0.00"
"A16059-WDR1001NC0IA","819","Jeanne Dress ""Wisdom Keepers""","3118","Robe Jeanne ""Gardiens de la Sagesse"" : Taille - P","0","149.00","58.00","0.00"
"A16059-WDR1001NC0IA","819","Jeanne Dress ""Wisdom Keepers""","3119","Robe Jeanne ""Gardiens de la Sagesse"" : Taille - M","0","149.00","58.00","0.00"
"A16059-WDR1001NC0IA","819","Jeanne Dress ""Wisdom Keepers""","3120","Robe Jeanne ""Gardiens de la Sagesse"" : Taille - L","0","149.00","58.00","0.00"
"A16059-WDR1001NC0IA","819","Jeanne Dress ""Wisdom Keepers""","3121","Robe Jeanne ""Gardiens de la Sagesse"" : Taille - XL","1","149.00","58.00","0.00"
"A16058-WSS0901NC04A","820","K Smith T-Shirt ""Silent Seekers""","1405","K Smith T-Shirt ""En Quête de Silence"" : Taille - XP","1","89.00","35.00","0.00"
"A16058-WSS0901NC04A","820","K Smith T-Shirt ""Silent Seekers""","1406","K Smith T-Shirt ""En Quête de Silence"" : Taille - P","1","89.00","35.00","0.00"
"A16058-WSS0901NC04A","820","K Smith T-Shirt ""Silent Seekers""","1407","K Smith T-Shirt ""En Quête de Silence"" : Taille - M","1","89.00","35.00","0.00"
"A16058-WSS0901NC04A","820","K Smith T-Shirt ""Silent Seekers""","1408","K Smith T-Shirt ""En Quête de Silence"" : Taille - L","1","89.00","35.00","0.00"
"A16058-WSS0901NC04A","820","K Smith T-Shirt ""Silent Seekers""","1409","K Smith T-Shirt ""En Quête de Silence"" : Taille - XL","1","89.00","35.00","0.00"
"A17063-WSS0901NC02A","821","K Smith T-Shirt ""Depth""","2313","K Smith T-Shirt ""Profondeur"" : Taille - XP","0","89.00","35.00","0.00"
"A17063-WSS0901NC02A","821","K Smith T-Shirt ""Depth""","2314","K Smith T-Shirt ""Profondeur"" : Taille - P","0","89.00","35.00","0.00"
"A17063-WSS0901NC02A","821","K Smith T-Shirt ""Depth""","2315","K Smith T-Shirt ""Profondeur"" : Taille - M","0","89.00","35.00","0.00"
"A17063-WSS0901NC02A","821","K Smith T-Shirt ""Depth""","2316","K Smith T-Shirt ""Profondeur"" : Taille - L","0","89.00","35.00","0.00"
"A17063-WSS0901NC02A","821","K Smith T-Shirt ""Depth""","2317","K Smith T-Shirt ""Profondeur"" : Taille - XL","0","89.00","35.00","0.00"
"A17064-WNS0801NC03A","822","Kaplan Tank ""M'Otter Love""","1420","Débardeur Kaplan ""L'Outre Mère"" : Taille - XP","1","129.00","60.00","0.00"
"A17064-WNS0801NC03A","822","Kaplan Tank ""M'Otter Love""","1421","Débardeur Kaplan ""L'Outre Mère"" : Taille - P","1","129.00","60.00","0.00"
"A17064-WNS0801NC03A","822","Kaplan Tank ""M'Otter Love""","1422","Débardeur Kaplan ""L'Outre Mère"" : Taille - M","1","129.00","60.00","0.00"
"A17064-WNS0801NC03A","822","Kaplan Tank ""M'Otter Love""","1423","Débardeur Kaplan ""L'Outre Mère"" : Taille - L","1","129.00","60.00","0.00"
"A17064-WNS0801NC03A","822","Kaplan Tank ""M'Otter Love""","1424","Débardeur Kaplan ""L'Outre Mère"" : Taille - XL","1","129.00","60.00","0.00"
"A16058-WNS0801NC04B","823","Kaplan Tank ""Silent Seekers""","1415","Débardeur Kaplan ""En Quête de Silence"" : Taille - XP","1","129.00","60.00","0.00"
"A16058-WNS0801NC04B","823","Kaplan Tank ""Silent Seekers""","1416","Débardeur Kaplan ""En Quête de Silence"" : Taille - P","0","129.00","60.00","0.00"
"A16058-WNS0801NC04B","823","Kaplan Tank ""Silent Seekers""","1417","Débardeur Kaplan ""En Quête de Silence"" : Taille - M","1","129.00","60.00","0.00"
"A16058-WNS0801NC04B","823","Kaplan Tank ""Silent Seekers""","1418","Débardeur Kaplan ""En Quête de Silence"" : Taille - L","1","129.00","60.00","0.00"
"A16058-WNS0801NC04B","823","Kaplan Tank ""Silent Seekers""","1419","Débardeur Kaplan ""En Quête de Silence"" : Taille - XL","0","129.00","60.00","0.00"
"W13023-WNS0801NC09A","824","Kaplan Tank ""Water and Spirit Buffalo""","1410","Débardeur Kaplan ""Eau et Esprit du Bison"" : Taille - XP","0","129.00","60.00","0.00"
"W13023-WNS0801NC09A","824","Kaplan Tank ""Water and Spirit Buffalo""","1411","Débardeur Kaplan ""Eau et Esprit du Bison"" : Taille - P","0","129.00","60.00","0.00"
"W13023-WNS0801NC09A","824","Kaplan Tank ""Water and Spirit Buffalo""","1412","Débardeur Kaplan ""Eau et Esprit du Bison"" : Taille - M","1","129.00","60.00","0.00"
"W13023-WNS0801NC09A","824","Kaplan Tank ""Water and Spirit Buffalo""","1413","Débardeur Kaplan ""Eau et Esprit du Bison"" : Taille - L","0","129.00","60.00","0.00"
"W13023-WNS0801NC09A","824","Kaplan Tank ""Water and Spirit Buffalo""","1414","Débardeur Kaplan ""Eau et Esprit du Bison"" : Taille - XL","0","129.00","60.00","0.00"
"A17063-WDR2601NC02A","825","Kate Dress ""Depth""","1395","Robe Kate ""Profondeur"" : Taille - XP","0","169.00","64.50","0.00"
"A17063-WDR2601NC02A","825","Kate Dress ""Depth""","1396","Robe Kate ""Profondeur"" : Taille - P","1","169.00","64.50","0.00"
"A17063-WDR2601NC02A","825","Kate Dress ""Depth""","1397","Robe Kate ""Profondeur"" : Taille - M","0","169.00","64.50","0.00"
"A17063-WDR2601NC02A","825","Kate Dress ""Depth""","1398","Robe Kate ""Profondeur"" : Taille - L","0","169.00","64.50","0.00"
"A17063-WDR2601NC02A","825","Kate Dress ""Depth""","1399","Robe Kate ""Profondeur"" : Taille - XL","1","169.00","64.50","0.00"
"A17064-WDR2601NC03D","826","Kate Dress ""M'Otter Love""","1390","Robe Kate ""L'Outre Mère"" : Taille - XP","1","169.00","64.50","0.00"
"A17064-WDR2601NC03D","826","Kate Dress ""M'Otter Love""","1391","Robe Kate ""L'Outre Mère"" : Taille - P","1","169.00","64.50","0.00"
"A17064-WDR2601NC03D","826","Kate Dress ""M'Otter Love""","1392","Robe Kate ""L'Outre Mère"" : Taille - M","0","169.00","64.50","0.00"
"A17064-WDR2601NC03D","826","Kate Dress ""M'Otter Love""","1393","Robe Kate ""L'Outre Mère"" : Taille - L","0","169.00","64.50","0.00"
"A17064-WDR2601NC03D","826","Kate Dress ""M'Otter Love""","1394","Robe Kate ""L'Outre Mère"" : Taille - XL","1","169.00","64.50","0.00"
"A16058-WDR2601NC04A","827","Kate Dress ""Silent Seekers""","1385","Robe Kate ""En Quête de Silence"" : Taille - XP","1","169.00","64.50","0.00"
"A16058-WDR2601NC04A","827","Kate Dress ""Silent Seekers""","1386","Robe Kate ""En Quête de Silence"" : Taille - P","1","169.00","64.50","0.00"
"A16058-WDR2601NC04A","827","Kate Dress ""Silent Seekers""","1387","Robe Kate ""En Quête de Silence"" : Taille - M","1","169.00","64.50","0.00"
"A16058-WDR2601NC04A","827","Kate Dress ""Silent Seekers""","1388","Robe Kate ""En Quête de Silence"" : Taille - L","0","169.00","64.50","0.00"
"A16058-WDR2601NC04A","827","Kate Dress ""Silent Seekers""","1389","Robe Kate ""En Quête de Silence"" : Taille - XL","1","169.00","64.50","0.00"
"A16051-WDR2601NC05A","828","Kate Dress ""Northern Keepers""","1380","Robe Kate ""Gardiens du Nord"" : Taille - XP","1","169.00","64.50","0.00"
"A16051-WDR2601NC05A","828","Kate Dress ""Northern Keepers""","1381","Robe Kate ""Gardiens du Nord"" : Taille - P","0","169.00","64.50","0.00"
"A16051-WDR2601NC05A","828","Kate Dress ""Northern Keepers""","1382","Robe Kate ""Gardiens du Nord"" : Taille - M","1","169.00","64.50","0.00"
"A16051-WDR2601NC05A","828","Kate Dress ""Northern Keepers""","1383","Robe Kate ""Gardiens du Nord"" : Taille - L","0","169.00","64.50","0.00"
"A16051-WDR2601NC05A","828","Kate Dress ""Northern Keepers""","1384","Robe Kate ""Gardiens du Nord"" : Taille - XL","1","169.00","64.50","0.00"
"A09006-WDR2601NC06A","829","Kate Dress ""The River Keeper""","1375","Robe Kate ""La Gardienne de l'Eau"" : Taille - XP","0","169.00","64.50","0.00"
"A09006-WDR2601NC06A","829","Kate Dress ""The River Keeper""","1376","Robe Kate ""La Gardienne de l'Eau"" : Taille - P","0","169.00","64.50","0.00"
"A09006-WDR2601NC06A","829","Kate Dress ""The River Keeper""","1377","Robe Kate ""La Gardienne de l'Eau"" : Taille - M","0","169.00","64.50","0.00"
"A09006-WDR2601NC06A","829","Kate Dress ""The River Keeper""","1378","Robe Kate ""La Gardienne de l'Eau"" : Taille - L","0","169.00","64.50","0.00"
"A09006-WDR2601NC06A","829","Kate Dress ""The River Keeper""","1379","Robe Kate ""La Gardienne de l'Eau"" : Taille - XL","1","169.00","64.50","0.00"
"A01028-WDR2601NC08A","830","Kate Dress ""Giving Thanks""","3042","Robe Kate ""Rendre Grâce"" : Taille - XP","1","169.00","64.50","0.00"
"A01028-WDR2601NC08A","830","Kate Dress ""Giving Thanks""","3043","Robe Kate ""Rendre Grâce"" : Taille - P","1","169.00","64.50","0.00"
"A01028-WDR2601NC08A","830","Kate Dress ""Giving Thanks""","3044","Robe Kate ""Rendre Grâce"" : Taille - M","1","169.00","64.50","0.00"
"A01028-WDR2601NC08A","830","Kate Dress ""Giving Thanks""","3045","Robe Kate ""Rendre Grâce"" : Taille - L","0","169.00","64.50","0.00"
"A01028-WDR2601NC08A","830","Kate Dress ""Giving Thanks""","3046","Robe Kate ""Rendre Grâce"" : Taille - XL","0","169.00","64.50","0.00"
"W13023-WDR2601NC09A","831","Kate Dress ""Water and Spirit Buffalo""","1365","Robe Kate ""Eau et Esprit du Bison"" : Taille - XP","1","169.00","64.50","0.00"
"W13023-WDR2601NC09A","831","Kate Dress ""Water and Spirit Buffalo""","1366","Robe Kate ""Eau et Esprit du Bison"" : Taille - P","0","169.00","64.50","0.00"
"W13023-WDR2601NC09A","831","Kate Dress ""Water and Spirit Buffalo""","1367","Robe Kate ""Eau et Esprit du Bison"" : Taille - M","0","169.00","64.50","0.00"
"W13023-WDR2601NC09A","831","Kate Dress ""Water and Spirit Buffalo""","1368","Robe Kate ""Eau et Esprit du Bison"" : Taille - L","0","169.00","64.50","0.00"
"W13023-WDR2601NC09A","831","Kate Dress ""Water and Spirit Buffalo""","1369","Robe Kate ""Eau et Esprit du Bison"" : Taille - XL","2","169.00","64.50","0.00"
"A07020-WDR2601NC0AB","832","Kate Dress ""Journey to the Spirit World""","1360","Robe Kate ""Voyage vers le Monde du Songe"" : Taille - XP","0","169.00","64.50","0.00"
"A07020-WDR2601NC0AB","832","Kate Dress ""Journey to the Spirit World""","1361","Robe Kate ""Voyage vers le Monde du Songe"" : Taille - P","1","169.00","64.50","0.00"
"A07020-WDR2601NC0AB","832","Kate Dress ""Journey to the Spirit World""","1362","Robe Kate ""Voyage vers le Monde du Songe"" : Taille - M","0","169.00","64.50","0.00"
"A07020-WDR2601NC0AB","832","Kate Dress ""Journey to the Spirit World""","1363","Robe Kate ""Voyage vers le Monde du Songe"" : Taille - L","0","169.00","64.50","0.00"
"A07020-WDR2601NC0AB","832","Kate Dress ""Journey to the Spirit World""","1364","Robe Kate ""Voyage vers le Monde du Songe"" : Taille - XL","1","169.00","64.50","0.00"
"A08011-WDR3101NC0HA","833","Marianne Flare Dress ""Whisper""","1355","Robe Marianne ""Murmure"" : Taille - XP","0","139.00","58.00","0.00"
"A08011-WDR3101NC0HA","833","Marianne Flare Dress ""Whisper""","1356","Robe Marianne ""Murmure"" : Taille - P","0","139.00","58.00","0.00"
"A08011-WDR3101NC0HA","833","Marianne Flare Dress ""Whisper""","1357","Robe Marianne ""Murmure"" : Taille - M","0","139.00","58.00","0.00"
"A16058-UAC1801NC04A","835","Pablo Pillow ""Silent Seekers""","","Coussin Pablo ""En Quête de Silence""","3","59.00","21.00","0.00"
"W13023-UAC1801NC09A","837","Pablo Pillow ""Water and Spirit Buffalo""","","Coussin Pablo ""Eau et Esprit du Bison""","2","59.00","21.00","0.00"
"A07020-UAC1801NC0AB","838","Pablo Pillow ""Journey to the Spirit World""","","Coussin Pablo ""Voyage Vers le Monde du Songe""","3","59.00","21.00","0.00"
"A16051-WDR1601NC05A","841","Patti Tunic ""Northern Keepers""","1480","Tunique Patti ""Gardiens du Nord"" : Taille - XP","1","129.00","50.50","0.00"
"A16051-WDR1601NC05A","841","Patti Tunic ""Northern Keepers""","1481","Tunique Patti ""Gardiens du Nord"" : Taille - P","0","129.00","50.50","0.00"
"A16051-WDR1601NC05A","841","Patti Tunic ""Northern Keepers""","1482","Tunique Patti ""Gardiens du Nord"" : Taille - M","0","129.00","50.50","0.00"
"A16051-WDR1601NC05A","841","Patti Tunic ""Northern Keepers""","1483","Tunique Patti ""Gardiens du Nord"" : Taille - L","0","129.00","50.50","0.00"
"A16051-WDR1601NC05A","841","Patti Tunic ""Northern Keepers""","1484","Tunique Patti ""Gardiens du Nord"" : Taille - XL","0","129.00","50.50","0.00"
"A17063-WAC0201NC02A","845","Vivienne Scarf ""Depth""","","Foulard Vivienne ""Profondeur""","3","59.00","23.00","0.00"
"A17064-WAC0201NC03A","846","Vivienne Scarf ""M'Otter Love""","","Foulard Vivienne ""L'Outre Mère""","4","59.00","23.00","0.00"
"A16058-WAC0201NC04A","847","Vivienne Scarf ""Silent Seekers""","","Foulard Vivienne ""En Quête du Silence""","3","59.00","23.00","0.00"
"A16051-WAC0201NC05A","848","Vivienne Scarf ""Northern Keepers""","","Foulard Vivienne ""Gardiens du Nord""","5","59.00","23.00","0.00"
"A09006-WAC0201NC06A","849","Vivienne Scarf ""The River Keeper""","","Foulard Vivienne ""La Gardienne de l'Eau""","5","59.00","23.00","0.00"
"W12001-WAC0201NC07B","850","Vivienne Scarf ""Dialogue""","","Foulard Vivienne ""Dialogue""","4","59.00","23.00","0.00"
"A01028-WAC0201NC08A","851","Vivienne Scarf ""Giving Thanks""","","Foulard Vivienne ""Rendre Grâce""","3","59.00","23.00","0.00"
"W13023-WAC0201NC09A","852","Vivienne Scarf ""Water and Spirit Buffalo""","","Foulard Vivienne ""Eau et Esprit du Bison""","4","59.00","23.00","0.00"
"A07020-WAC0201NC0AA","853","Vivienne Scarf ""Journey to the Spirit World""","","Foulard Vivienne ""Voyage Vers le Monde du Songe""","5","59.00","23.00","0.00"
"A16052-WAC0201NC0BA","854","Vivienne Scarf ""Zenith""","","Foulard Vivienne ""Zenith""","4","59.00","23.00","0.00"
"A17065-WAC0201NC0CA","855","Vivienne Scarf ""Forest Temple""","","Foulard Vivienne ""Temple de la Forêt""","6","59.00","23.00","0.00"
"A17063-WSS0701NC02A","856","Yoko Cape Tunic ""Depth""","3177","Yoko Tunique ""Profondeur"" : Taille - XP","0","139.00","65.00","0.00"
"A17063-WSS0701NC02A","856","Yoko Cape Tunic ""Depth""","3178","Yoko Tunique ""Profondeur"" : Taille - P","0","139.00","65.00","0.00"
"A17063-WSS0701NC02A","856","Yoko Cape Tunic ""Depth""","3179","Yoko Tunique ""Profondeur"" : Taille - M","1","139.00","65.00","0.00"
"A17063-WSS0701NC02A","856","Yoko Cape Tunic ""Depth""","3180","Yoko Tunique ""Profondeur"" : Taille - L","0","139.00","65.00","0.00"
"A17063-WSS0701NC02A","856","Yoko Cape Tunic ""Depth""","3181","Yoko Tunique ""Profondeur"" : Taille - XL","0","139.00","65.00","0.00"
"A17064-WSS0701NC03C","858","Yoko Cape Tunic ""M'Otter Love""","1465","Yoko Tunique ""L'Outre Mère"" : Taille - XP","1","139.00","65.00","0.00"
"A17064-WSS0701NC03C","858","Yoko Cape Tunic ""M'Otter Love""","2070","Yoko Tunique ""L'Outre Mère"" : Taille - P","1","139.00","65.00","0.00"
"A17064-WSS0701NC03C","858","Yoko Cape Tunic ""M'Otter Love""","2071","Yoko Tunique ""L'Outre Mère"" : Taille - M","1","139.00","65.00","0.00"
"A17064-WSS0701NC03C","858","Yoko Cape Tunic ""M'Otter Love""","2072","Yoko Tunique ""L'Outre Mère"" : Taille - L","1","139.00","65.00","0.00"
"A17064-WSS0701NC03C","858","Yoko Cape Tunic ""M'Otter Love""","2073","Yoko Tunique ""L'Outre Mère"" : Taille - XL","1","139.00","65.00","0.00"
"A16058-WSS0701NC04A","859","Yoko Cape Tunic ""Silent Seekers""","1460","Yoko Tunique ""En Quête de Silence"" : Taille - XP","1","139.00","65.00","0.00"
"A16058-WSS0701NC04A","859","Yoko Cape Tunic ""Silent Seekers""","1461","Yoko Tunique ""En Quête de Silence"" : Taille - P","1","139.00","65.00","0.00"
"A16058-WSS0701NC04A","859","Yoko Cape Tunic ""Silent Seekers""","1462","Yoko Tunique ""En Quête de Silence"" : Taille - M","1","139.00","65.00","0.00"
"A16058-WSS0701NC04A","859","Yoko Cape Tunic ""Silent Seekers""","1463","Yoko Tunique ""En Quête de Silence"" : Taille - L","0","139.00","65.00","0.00"
"A16058-WSS0701NC04A","859","Yoko Cape Tunic ""Silent Seekers""","1464","Yoko Tunique ""En Quête de Silence"" : Taille - XL","1","139.00","65.00","0.00"
"A16051-WSS0701NC05A","861","Yoko Cape Tunic ""Nothern Keepers""","3182","Yoko Tunique ""Gardiens du Nord"" : Taille - XP","1","139.00","65.00","0.00"
"A16051-WSS0701NC05A","861","Yoko Cape Tunic ""Nothern Keepers""","3183","Yoko Tunique ""Gardiens du Nord"" : Taille - P","0","139.00","65.00","0.00"
"A16051-WSS0701NC05A","861","Yoko Cape Tunic ""Nothern Keepers""","3184","Yoko Tunique ""Gardiens du Nord"" : Taille - M","0","139.00","65.00","0.00"
"A16051-WSS0701NC05A","861","Yoko Cape Tunic ""Nothern Keepers""","3185","Yoko Tunique ""Gardiens du Nord"" : Taille - L","0","139.00","65.00","0.00"
"A16051-WSS0701NC05A","861","Yoko Cape Tunic ""Nothern Keepers""","3186","Yoko Tunique ""Gardiens du Nord"" : Taille - XL","0","139.00","65.00","0.00"
"W13023-WSS0701NC09A","862","Yoko Cape Tunic ""Water & Spirit Buffalo""","3187","Yoko Tunique ""Eau et Esprit du Bison"" : Taille - XP","1","139.00","65.00","0.00"
"W13023-WSS0701NC09A","862","Yoko Cape Tunic ""Water & Spirit Buffalo""","3188","Yoko Tunique ""Eau et Esprit du Bison"" : Taille - P","1","139.00","65.00","0.00"
"W13023-WSS0701NC09A","862","Yoko Cape Tunic ""Water & Spirit Buffalo""","3189","Yoko Tunique ""Eau et Esprit du Bison"" : Taille - M","0","139.00","65.00","0.00"
"W13023-WSS0701NC09A","862","Yoko Cape Tunic ""Water & Spirit Buffalo""","3190","Yoko Tunique ""Eau et Esprit du Bison"" : Taille - L","0","139.00","65.00","0.00"
"W13023-WSS0701NC09A","862","Yoko Cape Tunic ""Water & Spirit Buffalo""","3191","Yoko Tunique ""Eau et Esprit du Bison"" : Taille - XL","0","139.00","65.00","0.00"
"WSS0701NC0AA","863","Yoko Cape Tunic ""Journey to the Spirit World""","3192","Yoko Tunique ""Voyage Vers le Monde du Songe"" : Taille - XP","0","139.00","65.00","0.00"
"WSS0701NC0AA","863","Yoko Cape Tunic ""Journey to the Spirit World""","3193","Yoko Tunique ""Voyage Vers le Monde du Songe"" : Taille - P","0","139.00","65.00","0.00"
"WSS0701NC0AA","863","Yoko Cape Tunic ""Journey to the Spirit World""","3194","Yoko Tunique ""Voyage Vers le Monde du Songe"" : Taille - M","0","139.00","65.00","0.00"
"WSS0701NC0AA","863","Yoko Cape Tunic ""Journey to the Spirit World""","3195","Yoko Tunique ""Voyage Vers le Monde du Songe"" : Taille - L","0","139.00","65.00","0.00"
"WSS0701NC0AA","863","Yoko Cape Tunic ""Journey to the Spirit World""","3196","Yoko Tunique ""Voyage Vers le Monde du Songe"" : Taille - XL","0","139.00","65.00","0.00"
"A16059-WSS0701NC0IA","864","Yoko Cape Tunic ""Wisdom Keepers""","1440","Yoko Tunique ""Gardiens de la Sagesse"" : Taille - XP","0","139.00","65.00","0.00"
"A16059-WSS0701NC0IA","864","Yoko Cape Tunic ""Wisdom Keepers""","1441","Yoko Tunique ""Gardiens de la Sagesse"" : Taille - P","1","139.00","65.00","0.00"
"A16059-WSS0701NC0IA","864","Yoko Cape Tunic ""Wisdom Keepers""","1442","Yoko Tunique ""Gardiens de la Sagesse"" : Taille - M","0","139.00","65.00","0.00"
"A16059-WSS0701NC0IA","864","Yoko Cape Tunic ""Wisdom Keepers""","1443","Yoko Tunique ""Gardiens de la Sagesse"" : Taille - L","0","139.00","65.00","0.00"
"A16059-WSS0701NC0IA","864","Yoko Cape Tunic ""Wisdom Keepers""","1444","Yoko Tunique ""Gardiens de la Sagesse"" : Taille - XL","1","139.00","65.00","0.00"
"A17064-WSS0901NC03B","865","K Smith T-Shirt ""M'Otter Love""","3312","K Smith T-Shirt ""L'Outre Mère"" : Taille - XP","1","89.00","35.00","0.00"
"A17064-WSS0901NC03B","865","K Smith T-Shirt ""M'Otter Love""","3313","K Smith T-Shirt ""L'Outre Mère"" : Taille - P","1","89.00","35.00","0.00"
"A17064-WSS0901NC03B","865","K Smith T-Shirt ""M'Otter Love""","3314","K Smith T-Shirt ""L'Outre Mère"" : Taille - M","1","89.00","35.00","0.00"
"A17064-WSS0901NC03B","865","K Smith T-Shirt ""M'Otter Love""","3315","K Smith T-Shirt ""L'Outre Mère"" : Taille - L","1","89.00","35.00","0.00"
"A17064-WSS0901NC03B","865","K Smith T-Shirt ""M'Otter Love""","3316","K Smith T-Shirt ""L'Outre Mère"" : Taille - XL","0","89.00","35.00","0.00"
"W12018-UAC1801NC0DB","868","Pablo Pillow ""Early Evening Flowing into Fall""","","Coussin Pablo ""Soirée Glissant vers l'Automne""","2","59.00","21.00","0.00"
"A13041-UAC1801NC0EB","869","Pablo Pillow ""Lapinx""","","Coussin Pablo ""Lapinx""","3","59.00","21.00","0.00"
"A17065-UAC0301NC0CC","870","Pablo Pillow ""Forest Temple""","","Coussin Pablo ""Temple de la Forêt""","2","59.00","21.00","0.00"
"A17065-UAC0301NCOCA","874","Reuben Tote Bag ""Forest Temple""","","Sac Reuben ""Temple de la Forêt""","0","49.00","21.00","0.00"
"W12018-UAC0301NC0DA","875","Reuben Tote Bag ""Early Evening Flowing into Fall""","","Sac Reuben ""Soirée Glissant vers l'Automne""","0","49.00","21.00","0.00"
"A08011-UAC0301NC0HA","876","Reuben Tote Bag ""Whisper""","","Sac Reuben ""Murmure""","3","49.00","21.00","0.00"
"A16059-UAC0301NC0IA","877","Reuben Tote Bag ""Wisdom Seekers""","","Sac Reuben ""Gardiens de la Sagesse""","2","49.00","21.00","0.00"
"A16059-WDR2901NC0IB","879","Joni Dress ""Wisdom Keepers""","3087","Robe Joni ""Gardiens de la Sagesse"" : Taille - XP","0","139.00","0.00","0.00"
"A16059-WDR2901NC0IB","879","Joni Dress ""Wisdom Keepers""","3088","Robe Joni ""Gardiens de la Sagesse"" : Taille - P","0","139.00","0.00","0.00"
"A16059-WDR2901NC0IB","879","Joni Dress ""Wisdom Keepers""","3089","Robe Joni ""Gardiens de la Sagesse"" : Taille - M","0","139.00","0.00","0.00"
"A16059-WDR2901NC0IB","879","Joni Dress ""Wisdom Keepers""","3090","Robe Joni ""Gardiens de la Sagesse"" : Taille - L","0","139.00","0.00","0.00"
"A16059-WDR2901NC0IB","879","Joni Dress ""Wisdom Keepers""","3091","Robe Joni ""Gardiens de la Sagesse"" : Taille - XL","0","139.00","0.00","0.00"
"A13041-WDR2901NC0EB","881","Joni Dress ""Lapinx""","3097","Robe Joni ""Lapinx"" : Taille - XP","0","139.00","59.10","0.00"
"A13041-WDR2901NC0EB","881","Joni Dress ""Lapinx""","3098","Robe Joni ""Lapinx"" : Taille - P","1","139.00","59.10","0.00"
"A13041-WDR2901NC0EB","881","Joni Dress ""Lapinx""","3099","Robe Joni ""Lapinx"" : Taille - M","0","139.00","59.10","0.00"
"A13041-WDR2901NC0EB","881","Joni Dress ""Lapinx""","3100","Robe Joni ""Lapinx"" : Taille - L","0","139.00","59.10","0.00"
"A13041-WDR2901NC0EB","881","Joni Dress ""Lapinx""","3101","Robe Joni ""Lapinx"" : Taille - XL","0","139.00","59.10","0.00"
"A07020-MTT0501NC0AA","892","Jasper Tie ""Journey to the Spirit World""","","Cravate Jasper ""Voyage Vers le Monde du Songe""","2","79.00","32.00","0.00"
"W13023-MTT0501NC09A","893","Jasper Tie ""Water and Spirit Buffalo""","","Cravate Jasper ""Eau et Esprit du Bison""","0","79.00","32.00","0.00"
"A16059-WPA0401NC0IB","894","Jackie Legging ""Wisdom Keepers""","3007","Legging Jackie ""Gardiens de la Sagesse"" : Taille - XP","0","109.00","44.01","0.00"
"A16059-WPA0401NC0IB","894","Jackie Legging ""Wisdom Keepers""","3008","Legging Jackie ""Gardiens de la Sagesse"" : Taille - P","0","109.00","44.01","0.00"
"A16059-WPA0401NC0IB","894","Jackie Legging ""Wisdom Keepers""","3009","Legging Jackie ""Gardiens de la Sagesse"" : Taille - M","0","109.00","44.01","0.00"
"A16059-WPA0401NC0IB","894","Jackie Legging ""Wisdom Keepers""","3010","Legging Jackie ""Gardiens de la Sagesse"" : Taille - L","0","109.00","44.01","0.00"
"A16059-WPA0401NC0IB","894","Jackie Legging ""Wisdom Keepers""","3011","Legging Jackie ""Gardiens de la Sagesse"" : Taille - XL","1","109.00","44.01","0.00"
"W12018-WSS0701NC0DB","895","Yoko Cape Tunic ""Early Evening Flowing into Fall""","3197","Yoko Tunique ""Soirée Glissant Vers l'Automne"" : Taille - XP","1","139.00","65.00","0.00"
"W12018-WSS0701NC0DB","895","Yoko Cape Tunic ""Early Evening Flowing into Fall""","3198","Yoko Tunique ""Soirée Glissant Vers l'Automne"" : Taille - P","0","139.00","65.00","0.00"
"W12018-WSS0701NC0DB","895","Yoko Cape Tunic ""Early Evening Flowing into Fall""","3199","Yoko Tunique ""Soirée Glissant Vers l'Automne"" : Taille - M","0","139.00","65.00","0.00"
"W12018-WSS0701NC0DB","895","Yoko Cape Tunic ""Early Evening Flowing into Fall""","3200","Yoko Tunique ""Soirée Glissant Vers l'Automne"" : Taille - L","0","139.00","65.00","0.00"
"W12018-WSS0701NC0DB","895","Yoko Cape Tunic ""Early Evening Flowing into Fall""","3201","Yoko Tunique ""Soirée Glissant Vers l'Automne"" : Taille - XL","0","139.00","65.00","0.00"
"WSS0701NC0CC","896","Yoko Cape Tunic ""The Forest Temple""","2062","Yoko Tunique ""Le Temple de la Forêt"" : Taille - XP","0","139.00","65.00","0.00"
"WSS0701NC0CC","896","Yoko Cape Tunic ""The Forest Temple""","2063","Yoko Tunique ""Le Temple de la Forêt"" : Taille - P","0","139.00","65.00","0.00"
"WSS0701NC0CC","896","Yoko Cape Tunic ""The Forest Temple""","2064","Yoko Tunique ""Le Temple de la Forêt"" : Taille - M","0","139.00","65.00","0.00"
"WSS0701NC0CC","896","Yoko Cape Tunic ""The Forest Temple""","2065","Yoko Tunique ""Le Temple de la Forêt"" : Taille - L","0","139.00","65.00","0.00"
"WSS0701NC0CC","896","Yoko Cape Tunic ""The Forest Temple""","2066","Yoko Tunique ""Le Temple de la Forêt"" : Taille - XL","0","139.00","65.00","0.00"
"A08011-MSS0701NC0HA","898","Salvadore Tee for Men ""Whisper""","3332","Salvador Tee pour Homme ""Murmure"" : Taille - XP","0","89.00","36.00","0.00"
"A08011-MSS0701NC0HA","898","Salvadore Tee for Men ""Whisper""","3333","Salvador Tee pour Homme ""Murmure"" : Taille - P","1","89.00","36.00","0.00"
"A08011-MSS0701NC0HA","898","Salvadore Tee for Men ""Whisper""","3334","Salvador Tee pour Homme ""Murmure"" : Taille - M","1","89.00","36.00","0.00"
"A08011-MSS0701NC0HA","898","Salvadore Tee for Men ""Whisper""","3335","Salvador Tee pour Homme ""Murmure"" : Taille - L","1","89.00","36.00","0.00"
"A08011-MSS0701NC0HA","898","Salvadore Tee for Men ""Whisper""","3336","Salvador Tee pour Homme ""Murmure"" : Taille - XL","1","89.00","36.00","0.00"
"W12018-WDR3101NC0DB","907","Marianne Flare Dress ""Early Evening Flowing into Fall""","3144","Robe Marianne ""Soirée Glissant vers l'Automne"" : Taille - M","0","139.00","64.50","0.00"
"W12018-WDR3101NC0DB","907","Marianne Flare Dress ""Early Evening Flowing into Fall""","3145","Robe Marianne ""Soirée Glissant vers l'Automne"" : Taille - L","0","139.00","64.50","0.00"
"W12018-WDR3101NC0DB","907","Marianne Flare Dress ""Early Evening Flowing into Fall""","3146","Robe Marianne ""Soirée Glissant vers l'Automne"" : Taille - XL","0","139.00","64.50","0.00"
"W12018-WDR3101NC0DB","907","Marianne Flare Dress ""Early Evening Flowing into Fall""","8319","Robe Marianne ""Soirée Glissant vers l'Automne"" : Taille - XP","0","139.00","64.50","0.00"
"W12018-WDR3101NC0DB","907","Marianne Flare Dress ""Early Evening Flowing into Fall""","8320","Robe Marianne ""Soirée Glissant vers l'Automne"" : Taille - P","0","139.00","64.50","0.00"
"W12018-WDR2601NC0DB","911","Kate Dress ""Early Evening Flowing into Fall""","3037","Robe Kate ""Soirée Glissant vers l'Automne"" : Taille - XP","1","169.00","64.50","0.00"
"W12018-WDR2601NC0DB","911","Kate Dress ""Early Evening Flowing into Fall""","3038","Robe Kate ""Soirée Glissant vers l'Automne"" : Taille - P","2","169.00","64.50","0.00"
"W12018-WDR2601NC0DB","911","Kate Dress ""Early Evening Flowing into Fall""","3039","Robe Kate ""Soirée Glissant vers l'Automne"" : Taille - M","0","169.00","64.50","0.00"
"W12018-WDR2601NC0DB","911","Kate Dress ""Early Evening Flowing into Fall""","3040","Robe Kate ""Soirée Glissant vers l'Automne"" : Taille - L","1","169.00","64.50","0.00"
"W12018-WDR2601NC0DB","911","Kate Dress ""Early Evening Flowing into Fall""","3041","Robe Kate ""Soirée Glissant vers l'Automne"" : Taille - XL","0","169.00","64.50","0.00"
"A17065-WDR1001NC0CB","912","Jeanne Dress ""Forest Temple""","3107","Robe Jeanne ""Temple de la Forêt"" : Taille - XP","1","149.00","67.00","0.00"
"A17065-WDR1001NC0CB","912","Jeanne Dress ""Forest Temple""","3108","Robe Jeanne ""Temple de la Forêt"" : Taille - P","0","149.00","67.00","0.00"
"A17065-WDR1001NC0CB","912","Jeanne Dress ""Forest Temple""","3109","Robe Jeanne ""Temple de la Forêt"" : Taille - M","1","149.00","67.00","0.00"
"A17065-WDR1001NC0CB","912","Jeanne Dress ""Forest Temple""","3110","Robe Jeanne ""Temple de la Forêt"" : Taille - L","1","149.00","67.00","0.00"
"A17065-WDR1001NC0CB","912","Jeanne Dress ""Forest Temple""","3111","Robe Jeanne ""Temple de la Forêt"" : Taille - XL","1","149.00","67.00","0.00"
"W13023-WLS0401NC09A","913","Dolly Top ""Spirit and Water Buffalo""","3217","Dolly Top ""Eau et Esprit du Bison"" : Taille - XP","0","119.00","50.00","0.00"
"W13023-WLS0401NC09A","913","Dolly Top ""Spirit and Water Buffalo""","3218","Dolly Top ""Eau et Esprit du Bison"" : Taille - P","1","119.00","50.00","0.00"
"W13023-WLS0401NC09A","913","Dolly Top ""Spirit and Water Buffalo""","3219","Dolly Top ""Eau et Esprit du Bison"" : Taille - M","0","119.00","50.00","0.00"
"W13023-WLS0401NC09A","913","Dolly Top ""Spirit and Water Buffalo""","3220","Dolly Top ""Eau et Esprit du Bison"" : Taille - L","0","119.00","50.00","0.00"
"W13023-WLS0401NC09A","913","Dolly Top ""Spirit and Water Buffalo""","3221","Dolly Top ""Eau et Esprit du Bison"" : Taille - XL","0","119.00","50.00","0.00"
"A17065-WLS0401NC0CB","914","Dolly Top ""Forest Temple""","3222","Dolly Top ""Temple de la Forêt"" : Taille - XP","0","119.00","50.00","0.00"
"A17065-WLS0401NC0CB","914","Dolly Top ""Forest Temple""","3223","Dolly Top ""Temple de la Forêt"" : Taille - P","0","119.00","50.00","0.00"
"A17065-WLS0401NC0CB","914","Dolly Top ""Forest Temple""","3224","Dolly Top ""Temple de la Forêt"" : Taille - M","0","119.00","50.00","0.00"
"A17065-WLS0401NC0CB","914","Dolly Top ""Forest Temple""","3225","Dolly Top ""Temple de la Forêt"" : Taille - L","0","119.00","50.00","0.00"
"A17065-WLS0401NC0CB","914","Dolly Top ""Forest Temple""","3226","Dolly Top ""Temple de la Forêt"" : Taille - XL","0","119.00","50.00","0.00"
"W12018-WLS0401NC0DB","915","Dolly Top ""Early Evening Flowing into Fall""","3227","Dolly Top ""Soirée Glissant vers l'Automne"" : Taille - XP","0","119.00","50.00","0.00"
"W12018-WLS0401NC0DB","915","Dolly Top ""Early Evening Flowing into Fall""","3228","Dolly Top ""Soirée Glissant vers l'Automne"" : Taille - P","0","119.00","50.00","0.00"
"W12018-WLS0401NC0DB","915","Dolly Top ""Early Evening Flowing into Fall""","3229","Dolly Top ""Soirée Glissant vers l'Automne"" : Taille - M","0","119.00","50.00","0.00"
"W12018-WLS0401NC0DB","915","Dolly Top ""Early Evening Flowing into Fall""","3230","Dolly Top ""Soirée Glissant vers l'Automne"" : Taille - L","0","119.00","50.00","0.00"
"W12018-WLS0401NC0DB","915","Dolly Top ""Early Evening Flowing into Fall""","3231","Dolly Top ""Soirée Glissant vers l'Automne"" : Taille - XL","0","119.00","50.00","0.00"
"A16059-WBL0301NC0IA","916","Frida Cardigan ""Wisdom Keepers""","2927","Cardigan Frida ""Gardiens de la Sagesse"" : Taille - XP","1","129.00","52.50","0.00"
"A16059-WBL0301NC0IA","916","Frida Cardigan ""Wisdom Keepers""","2928","Cardigan Frida ""Gardiens de la Sagesse"" : Taille - P","1","129.00","52.50","0.00"
"A16059-WBL0301NC0IA","916","Frida Cardigan ""Wisdom Keepers""","2929","Cardigan Frida ""Gardiens de la Sagesse"" : Taille - M","1","129.00","52.50","0.00"
"A16059-WBL0301NC0IA","916","Frida Cardigan ""Wisdom Keepers""","2930","Cardigan Frida ""Gardiens de la Sagesse"" : Taille - L","1","129.00","52.50","0.00"
"A16059-WBL0301NC0IA","916","Frida Cardigan ""Wisdom Keepers""","2931","Cardigan Frida ""Gardiens de la Sagesse"" : Taille - XL","1","129.00","52.50","0.00"
"A08011-WBL0301NC0HB","917","Frida Cardigan ""Whisper""","2942","Cardigan Frida ""Murmure"" : Taille - XP","0","129.00","52.50","0.00"
"A08011-WBL0301NC0HB","917","Frida Cardigan ""Whisper""","2943","Cardigan Frida ""Murmure"" : Taille - P","0","129.00","52.50","0.00"
"A08011-WBL0301NC0HB","917","Frida Cardigan ""Whisper""","2944","Cardigan Frida ""Murmure"" : Taille - M","1","129.00","52.50","0.00"
"A08011-WBL0301NC0HB","917","Frida Cardigan ""Whisper""","2945","Cardigan Frida ""Murmure"" : Taille - L","1","129.00","52.50","0.00"
"A08011-WBL0301NC0HB","917","Frida Cardigan ""Whisper""","2946","Cardigan Frida ""Murmure"" : Taille - XL","0","129.00","52.50","0.00"
"A17065-WBL0301NC0CB","918","Frida Cardigan ""The Forest Temple""","2937","Cardigan Frida ""Temple de la Forêt"" : Taille - XP","1","129.00","52.50","0.00"
"A17065-WBL0301NC0CB","918","Frida Cardigan ""The Forest Temple""","2938","Cardigan Frida ""Temple de la Forêt"" : Taille - P","0","129.00","52.50","0.00"
"A17065-WBL0301NC0CB","918","Frida Cardigan ""The Forest Temple""","2939","Cardigan Frida ""Temple de la Forêt"" : Taille - M","0","129.00","52.50","0.00"
"A17065-WBL0301NC0CB","918","Frida Cardigan ""The Forest Temple""","2940","Cardigan Frida ""Temple de la Forêt"" : Taille - L","0","129.00","52.50","0.00"
"A17065-WBL0301NC0CB","918","Frida Cardigan ""The Forest Temple""","2941","Cardigan Frida ""Temple de la Forêt"" : Taille - XL","0","129.00","52.50","0.00"
"A07020-WBL0301NC0AA","920","Frida Cardigan ""Journey to the Spirit World""","2922","Cardigan Frida ""Voyage vers le Monde du Songe"" : Taille - XP","0","129.00","52.50","0.00"
"A07020-WBL0301NC0AA","920","Frida Cardigan ""Journey to the Spirit World""","2923","Cardigan Frida ""Voyage vers le Monde du Songe"" : Taille - P","1","129.00","52.50","0.00"
"A07020-WBL0301NC0AA","920","Frida Cardigan ""Journey to the Spirit World""","2924","Cardigan Frida ""Voyage vers le Monde du Songe"" : Taille - M","1","129.00","52.50","0.00"
"A07020-WBL0301NC0AA","920","Frida Cardigan ""Journey to the Spirit World""","2925","Cardigan Frida ""Voyage vers le Monde du Songe"" : Taille - L","1","129.00","52.50","0.00"
"A07020-WBL0301NC0AA","920","Frida Cardigan ""Journey to the Spirit World""","2926","Cardigan Frida ""Voyage vers le Monde du Songe"" : Taille - XL","1","129.00","52.50","0.00"
"189","927","Leather Moccasins for Men","2127","Mocassins en Cuir pour Hommes : Pointure - 13","1","103.00","55.00","0.00"
"189","927","Leather Moccasins for Men","2128","Mocassins en Cuir pour Hommes : Pointure - 12","2","103.00","55.00","0.00"
"189","927","Leather Moccasins for Men","2129","Mocassins en Cuir pour Hommes : Pointure - 11","1","103.00","55.00","0.00"
"189","927","Leather Moccasins for Men","2566","Mocassins en Cuir pour Hommes : Pointure - 15","1","113.00","55.00","0.00"
"189","927","Leather Moccasins for Men","2567","Mocassins en Cuir pour Hommes : Pointure - 14","1","113.00","55.00","0.00"
"189","927","Leather Moccasins for Men","7177","Mocassins en Cuir pour Hommes : Pointure - 6","0","103.00","55.00","0.00"
"189","927","Leather Moccasins for Men","7178","Mocassins en Cuir pour Hommes : Pointure - 7","1","103.00","55.00","0.00"
"189","927","Leather Moccasins for Men","7179","Mocassins en Cuir pour Hommes : Pointure - 8","0","103.00","55.00","0.00"
"189","927","Leather Moccasins for Men","7180","Mocassins en Cuir pour Hommes : Pointure - 9","1","103.00","55.00","0.00"
"189","927","Leather Moccasins for Men","7181","Mocassins en Cuir pour Hommes : Pointure - 10","0","103.00","55.00","0.00"
"188","928","Leather Moccasins for Men","2135","Mocassins en Cuir pour Hommes : Pointure - 12","0","103.00","0.00","0.00"
"188","928","Leather Moccasins for Men","2136","Mocassins en Cuir pour Hommes : Pointure - 11","0","103.00","0.00","0.00"
"188","928","Leather Moccasins for Men","2137","Mocassins en Cuir pour Hommes : Pointure - 10","0","103.00","0.00","0.00"
"188","928","Leather Moccasins for Men","2138","Mocassins en Cuir pour Hommes : Pointure - 6","0","103.00","0.00","0.00"
"188","928","Leather Moccasins for Men","2139","Mocassins en Cuir pour Hommes : Pointure - 7","0","103.00","0.00","0.00"
"188","928","Leather Moccasins for Men","2140","Mocassins en Cuir pour Hommes : Pointure - 8","0","103.00","0.00","0.00"
"188","928","Leather Moccasins for Men","2141","Mocassins en Cuir pour Hommes : Pointure - 9","0","103.00","0.00","0.00"
"188","928","Leather Moccasins for Men","2142","Mocassins en Cuir pour Hommes : Pointure - 13","0","103.00","0.00","0.00"
"188","928","Leather Moccasins for Men","2552","Mocassins en Cuir pour Hommes : Pointure - 14","0","113.00","0.00","0.00"
"188","928","Leather Moccasins for Men","2553","Mocassins en Cuir pour Hommes : Pointure - 15","0","113.00","0.00","0.00"
"186","930","Leather Moccasins for Men","2153","Mocassins en Cuir pour Hommes : Pointure - 12","0","103.00","0.00","101.00"
"186","930","Leather Moccasins for Men","2154","Mocassins en Cuir pour Hommes : Pointure - 11","0","103.00","0.00","101.00"
"186","930","Leather Moccasins for Men","2155","Mocassins en Cuir pour Hommes : Pointure - 10","0","103.00","0.00","101.00"
"186","930","Leather Moccasins for Men","2156","Mocassins en Cuir pour Hommes : Pointure - 6","0","103.00","0.00","101.00"
"186","930","Leather Moccasins for Men","2159","Mocassins en Cuir pour Hommes : Pointure - 9","0","103.00","0.00","101.00"
"186","930","Leather Moccasins for Men","2160","Mocassins en Cuir pour Hommes : Pointure - 13","0","103.00","0.00","101.00"
"186","930","Leather Moccasins for Men","7182","Mocassins en Cuir pour Hommes : Pointure - 7","0","103.00","0.00","101.00"
"186","930","Leather Moccasins for Men","7183","Mocassins en Cuir pour Hommes : Pointure - 8","2","103.00","0.00","101.00"
"186","930","Leather Moccasins for Men","7184","Mocassins en Cuir pour Hommes : Pointure - 14","0","113.00","0.00","0.00"
"186","930","Leather Moccasins for Men","7185","Mocassins en Cuir pour Hommes : Pointure - 15","0","113.00","0.00","0.00"
"193","932","Leather Moccasins for Men","12334","Mocassins en Cuir pour Hommes : Pointure - 6","0","122.00","52.50","0.00"
"193","932","Leather Moccasins for Men","12335","Mocassins en Cuir pour Hommes : Pointure - 7","0","122.00","52.50","0.00"
"193","932","Leather Moccasins for Men","12336","Mocassins en Cuir pour Hommes : Pointure - 8","0","122.00","52.50","0.00"
"193","932","Leather Moccasins for Men","12337","Mocassins en Cuir pour Hommes : Pointure - 9","0","122.00","52.50","0.00"
"193","932","Leather Moccasins for Men","12338","Mocassins en Cuir pour Hommes : Pointure - 10","0","122.00","52.50","0.00"
"193","932","Leather Moccasins for Men","12339","Mocassins en Cuir pour Hommes : Pointure - 11","0","122.00","52.50","0.00"
"193","932","Leather Moccasins for Men","12340","Mocassins en Cuir pour Hommes : Pointure - 12","0","122.00","52.50","0.00"
"193","932","Leather Moccasins for Men","12341","Mocassins en Cuir pour Hommes : Pointure - 13","0","122.00","52.50","0.00"
"A17063-UAC1801NC02A","933","Pablo Pillow ""Depth""","","Coussin Pablo ""Profondeur""","3","59.00","23.00","0.00"
"A17063-WLS0401NC02A","939","Dolly Top ""Depth""","3232","Dolly Top ""Profondeur"" : Taille - XP","0","119.00","50.00","0.00"
"A17063-WLS0401NC02A","939","Dolly Top ""Depth""","3233","Dolly Top ""Profondeur"" : Taille - P","0","119.00","50.00","0.00"
"A17063-WLS0401NC02A","939","Dolly Top ""Depth""","3234","Dolly Top ""Profondeur"" : Taille - M","0","119.00","50.00","0.00"
"A17063-WLS0401NC02A","939","Dolly Top ""Depth""","3235","Dolly Top ""Profondeur"" : Taille - L","0","119.00","50.00","0.00"
"A17063-WLS0401NC02A","939","Dolly Top ""Depth""","3236","Dolly Top ""Profondeur"" : Taille - XL","0","119.00","50.00","0.00"
"A08013-WLS0401NC0FB","940","Dolly Top ""New Day""","3237","Dolly Top ""Nouveau Jour"" : Taille - XP","0","119.00","50.00","0.00"
"A08013-WLS0401NC0FB","940","Dolly Top ""New Day""","3238","Dolly Top ""Nouveau Jour"" : Taille - P","0","119.00","50.00","0.00"
"A08013-WLS0401NC0FB","940","Dolly Top ""New Day""","3239","Dolly Top ""Nouveau Jour"" : Taille - M","0","119.00","50.00","0.00"
"A08013-WLS0401NC0FB","940","Dolly Top ""New Day""","3240","Dolly Top ""Nouveau Jour"" : Taille - L","0","119.00","50.00","0.00"
"A08013-WLS0401NC0FB","940","Dolly Top ""New Day""","3241","Dolly Top ""Nouveau Jour"" : Taille - XL","0","119.00","50.00","0.00"
"A16058-WLS0401NC04A","941","Dolly Top ""Silent Seekers""","3242","Dolly Top ""En Quête de Silence"" : Taille - XP","0","119.00","50.00","0.00"
"A16058-WLS0401NC04A","941","Dolly Top ""Silent Seekers""","3243","Dolly Top ""En Quête de Silence"" : Taille - P","0","119.00","50.00","0.00"
"A16058-WLS0401NC04A","941","Dolly Top ""Silent Seekers""","3244","Dolly Top ""En Quête de Silence"" : Taille - M","0","119.00","50.00","0.00"
"A16058-WLS0401NC04A","941","Dolly Top ""Silent Seekers""","3245","Dolly Top ""En Quête de Silence"" : Taille - L","0","119.00","50.00","0.00"
"A16058-WLS0401NC04A","941","Dolly Top ""Silent Seekers""","3246","Dolly Top ""En Quête de Silence"" : Taille - XL","0","119.00","50.00","0.00"
"W12018-WNS0801NC0DB","942","Kaplan Tank ""Early Evening Flowing Into Fall""","3267","Débardeur Kaplan ""Soirée Glissant Vers l'Automne"" : Taille - XP","0","129.00","60.00","0.00"
"W12018-WNS0801NC0DB","942","Kaplan Tank ""Early Evening Flowing Into Fall""","3268","Débardeur Kaplan ""Soirée Glissant Vers l'Automne"" : Taille - P","0","129.00","60.00","0.00"
"W12018-WNS0801NC0DB","942","Kaplan Tank ""Early Evening Flowing Into Fall""","3269","Débardeur Kaplan ""Soirée Glissant Vers l'Automne"" : Taille - M","0","129.00","60.00","0.00"
"W12018-WNS0801NC0DB","942","Kaplan Tank ""Early Evening Flowing Into Fall""","3270","Débardeur Kaplan ""Soirée Glissant Vers l'Automne"" : Taille - L","0","129.00","60.00","0.00"
"W12018-WNS0801NC0DB","942","Kaplan Tank ""Early Evening Flowing Into Fall""","3271","Débardeur Kaplan ""Soirée Glissant Vers l'Automne"" : Taille - XL","1","129.00","60.00","0.00"
"A08013-WNS0801NC0FC","944","Kaplan Tank ""New Day""","3277","Débardeur Kaplan ""Nouveau Jour"" : Taille - XP","1","129.00","60.00","0.00"
"A08013-WNS0801NC0FC","944","Kaplan Tank ""New Day""","3278","Débardeur Kaplan ""Nouveau Jour"" : Taille - P","1","129.00","60.00","0.00"
"A08013-WNS0801NC0FC","944","Kaplan Tank ""New Day""","3279","Débardeur Kaplan ""Nouveau Jour"" : Taille - M","0","129.00","60.00","0.00"
"A08013-WNS0801NC0FC","944","Kaplan Tank ""New Day""","3280","Débardeur Kaplan ""Nouveau Jour"" : Taille - L","0","129.00","60.00","0.00"
"A08013-WNS0801NC0FC","944","Kaplan Tank ""New Day""","3281","Débardeur Kaplan ""Nouveau Jour"" : Taille - XL","0","129.00","60.00","0.00"
"W18053-WNS0801NC0JB","945","Kaplan Tank ""Northern Masters""","3282","Débardeur Kaplan ""Maîtres du Nord"" : Taille - XP","0","129.00","60.00","0.00"
"W18053-WNS0801NC0JB","945","Kaplan Tank ""Northern Masters""","3283","Débardeur Kaplan ""Maîtres du Nord"" : Taille - P","1","129.00","60.00","0.00"
"W18053-WNS0801NC0JB","945","Kaplan Tank ""Northern Masters""","3284","Débardeur Kaplan ""Maîtres du Nord"" : Taille - M","0","129.00","60.00","0.00"
"W18053-WNS0801NC0JB","945","Kaplan Tank ""Northern Masters""","3285","Débardeur Kaplan ""Maîtres du Nord"" : Taille - L","0","129.00","60.00","0.00"
"W18053-WNS0801NC0JB","945","Kaplan Tank ""Northern Masters""","3286","Débardeur Kaplan ""Maîtres du Nord"" : Taille - XL","0","129.00","60.00","0.00"
"W12008-WNS0801NC07B","947","Kaplan Tank ""Winter Wolves""","3292","Débardeur Kaplan ""Loups d'Hiver"" : Taille - XP","0","129.00","60.00","0.00"
"W12008-WNS0801NC07B","947","Kaplan Tank ""Winter Wolves""","3293","Débardeur Kaplan ""Loups d'Hiver"" : Taille - P","0","129.00","60.00","0.00"
"W12008-WNS0801NC07B","947","Kaplan Tank ""Winter Wolves""","3294","Débardeur Kaplan ""Loups d'Hiver"" : Taille - M","0","129.00","60.00","0.00"
"W12008-WNS0801NC07B","947","Kaplan Tank ""Winter Wolves""","3295","Débardeur Kaplan ""Loups d'Hiver"" : Taille - L","1","129.00","60.00","0.00"
"W12008-WNS0801NC07B","947","Kaplan Tank ""Winter Wolves""","3296","Débardeur Kaplan ""Loups d'Hiver"" : Taille - XL","0","129.00","60.00","0.00"
"A01028-UAC1801NC08B","948","Pablo Pillow ""Giving Thanks""","","Coussin Pablo ""Rendre Grâce""","1","59.00","21.00","0.00"
"A16059-MSS0701NC0IA","951","Salvadore Tee for Men ""Wisdom Keepers""","3337","Salvador Tee pour Homme ""Gardiens de la Sagesse"" : Taille - XP","0","89.00","36.00","0.00"
"A16059-MSS0701NC0IA","951","Salvadore Tee for Men ""Wisdom Keepers""","3338","Salvador Tee pour Homme ""Gardiens de la Sagesse"" : Taille - P","0","89.00","36.00","0.00"
"A16059-MSS0701NC0IA","951","Salvadore Tee for Men ""Wisdom Keepers""","3339","Salvador Tee pour Homme ""Gardiens de la Sagesse"" : Taille - M","1","89.00","36.00","0.00"
"A16059-MSS0701NC0IA","951","Salvadore Tee for Men ""Wisdom Keepers""","3340","Salvador Tee pour Homme ""Gardiens de la Sagesse"" : Taille - L","0","89.00","36.00","0.00"
"A16059-MSS0701NC0IA","951","Salvadore Tee for Men ""Wisdom Keepers""","3341","Salvador Tee pour Homme ""Gardiens de la Sagesse"" : Taille - XL","0","89.00","36.00","0.00"
"A16059-MSS0701NC0DA","952","Salvadore Tee for Men ""Early Evening Flowing Into Fall""","3342","Salvador Tee pour Homme ""Soirée Glissant Vers l'Automne"" : Taille - XP","0","89.00","36.00","0.00"
"A16059-MSS0701NC0DA","952","Salvadore Tee for Men ""Early Evening Flowing Into Fall""","3343","Salvador Tee pour Homme ""Soirée Glissant Vers l'Automne"" : Taille - P","0","89.00","36.00","0.00"
"A16059-MSS0701NC0DA","952","Salvadore Tee for Men ""Early Evening Flowing Into Fall""","3344","Salvador Tee pour Homme ""Soirée Glissant Vers l'Automne"" : Taille - M","1","89.00","36.00","0.00"
"A16059-MSS0701NC0DA","952","Salvadore Tee for Men ""Early Evening Flowing Into Fall""","3345","Salvador Tee pour Homme ""Soirée Glissant Vers l'Automne"" : Taille - L","1","89.00","36.00","0.00"
"A16059-MSS0701NC0DA","952","Salvadore Tee for Men ""Early Evening Flowing Into Fall""","3346","Salvador Tee pour Homme ""Soirée Glissant Vers l'Automne"" : Taille - XL","1","89.00","36.00","0.00"
"WSS0701NC0FB","953","Yoko Cape Tunic ""New Day""","3202","Yoko Tunique ""Nouveau Jour"" : Taille - XP","0","139.00","65.00","0.00"
"WSS0701NC0FB","953","Yoko Cape Tunic ""New Day""","3203","Yoko Tunique ""Nouveau Jour"" : Taille - P","0","139.00","65.00","0.00"
"WSS0701NC0FB","953","Yoko Cape Tunic ""New Day""","3204","Yoko Tunique ""Nouveau Jour"" : Taille - M","0","139.00","65.00","0.00"
"WSS0701NC0FB","953","Yoko Cape Tunic ""New Day""","3205","Yoko Tunique ""Nouveau Jour"" : Taille - L","0","139.00","65.00","0.00"
"WSS0701NC0FB","953","Yoko Cape Tunic ""New Day""","3206","Yoko Tunique ""Nouveau Jour"" : Taille - XL","0","139.00","65.00","0.00"
"A10004-WBL0301NC01C","954","Frida Cardigan ""Merging Earth and Sky""","2947","Cardigan  Frida ""Fusion entre Terre et Ciel"" : Taille - XP","1","129.00","52.50","0.00"
"A10004-WBL0301NC01C","954","Frida Cardigan ""Merging Earth and Sky""","2948","Cardigan  Frida ""Fusion entre Terre et Ciel"" : Taille - P","0","129.00","52.50","0.00"
"A10004-WBL0301NC01C","954","Frida Cardigan ""Merging Earth and Sky""","2949","Cardigan  Frida ""Fusion entre Terre et Ciel"" : Taille - M","1","129.00","52.50","0.00"
"A10004-WBL0301NC01C","954","Frida Cardigan ""Merging Earth and Sky""","2950","Cardigan  Frida ""Fusion entre Terre et Ciel"" : Taille - L","0","129.00","52.50","0.00"
"A10004-WBL0301NC01C","954","Frida Cardigan ""Merging Earth and Sky""","2951","Cardigan  Frida ""Fusion entre Terre et Ciel"" : Taille - XL","0","129.00","52.50","0.00"
"A17064-WBL0301NC03A","955","Frida Cardigan ""M'Otter Love""","2952","Cardigan Frida ""L'Outre Mère"" : Taille - XP","1","129.00","52.50","0.00"
"A17064-WBL0301NC03A","955","Frida Cardigan ""M'Otter Love""","2953","Cardigan Frida ""L'Outre Mère"" : Taille - P","1","129.00","52.50","0.00"
"A17064-WBL0301NC03A","955","Frida Cardigan ""M'Otter Love""","2954","Cardigan Frida ""L'Outre Mère"" : Taille - M","1","129.00","52.50","0.00"
"A17064-WBL0301NC03A","955","Frida Cardigan ""M'Otter Love""","2955","Cardigan Frida ""L'Outre Mère"" : Taille - L","1","129.00","52.50","0.00"
"A17064-WBL0301NC03A","955","Frida Cardigan ""M'Otter Love""","2956","Cardigan Frida ""L'Outre Mère"" : Taille - XL","1","129.00","52.50","0.00"
"A16058-WBL0301NC04A","956","Frida Cardigan ""Silent Seekers""","2957","Cardigan Frida ""En Quête de Silence"" : Taille - XP","1","129.00","52.50","0.00"
"A16058-WBL0301NC04A","956","Frida Cardigan ""Silent Seekers""","2958","Cardigan Frida ""En Quête de Silence"" : Taille - P","1","129.00","52.50","0.00"
"A16058-WBL0301NC04A","956","Frida Cardigan ""Silent Seekers""","2959","Cardigan Frida ""En Quête de Silence"" : Taille - M","1","129.00","52.50","0.00"
"A16058-WBL0301NC04A","956","Frida Cardigan ""Silent Seekers""","2960","Cardigan Frida ""En Quête de Silence"" : Taille - L","0","129.00","52.50","0.00"
"A16058-WBL0301NC04A","956","Frida Cardigan ""Silent Seekers""","2961","Cardigan Frida ""En Quête de Silence"" : Taille - XL","1","129.00","52.50","0.00"
"A10004-UAC0301NC01A","958","Reuben Tote Bag ""Merging Earth and Sky""","","Sac Reuben ""Fusion entre Terre et Ciel""","1","49.00","21.00","0.00"
"A13041-WDR1001NC0EC","960","Jeanne Dress ""Lapinx""","3112","Robe Jeanne ""Lapinx"" : Taille - XP","0","149.00","67.00","0.00"
"A13041-WDR1001NC0EC","960","Jeanne Dress ""Lapinx""","3113","Robe Jeanne ""Lapinx"" : Taille - P","0","149.00","67.00","0.00"
"A13041-WDR1001NC0EC","960","Jeanne Dress ""Lapinx""","3114","Robe Jeanne ""Lapinx"" : Taille - M","0","149.00","67.00","0.00"
"A13041-WDR1001NC0EC","960","Jeanne Dress ""Lapinx""","3115","Robe Jeanne ""Lapinx"" : Taille - L","0","149.00","67.00","0.00"
"A13041-WDR1001NC0EC","960","Jeanne Dress ""Lapinx""","3116","Robe Jeanne ""Lapinx"" : Taille - XL","1","149.00","67.00","0.00"
"A10004-WAC0201NC01A","961","Vivienne Scarf ""Merging Earth and Sky""","","Foulard Vivienne ""Fusion entre Terre et Ciel""","3","59.00","23.00","0.00"
"W12018-WAC0201NC0DB","962","Vivienne Scarf ""Early Evening Flowing into Fall""","","Foulard Vivienne ""Soirée Glissant vers l'Automne""","4","59.00","23.00","0.00"
"WSS0701NC02A","963","Yoko Cape Tunic ""Whisper""","3207","Yoko Tunique ""Murmure"" : Taille - XP","0","139.00","65.00","0.00"
"WSS0701NC02A","963","Yoko Cape Tunic ""Whisper""","3208","Yoko Tunique ""Murmure"" : Taille - P","0","139.00","65.00","0.00"
"WSS0701NC02A","963","Yoko Cape Tunic ""Whisper""","3209","Yoko Tunique ""Murmure"" : Taille - M","0","139.00","65.00","0.00"
"WSS0701NC02A","963","Yoko Cape Tunic ""Whisper""","3210","Yoko Tunique ""Murmure"" : Taille - L","0","139.00","65.00","0.00"
"WSS0701NC02A","963","Yoko Cape Tunic ""Whisper""","3211","Yoko Tunique ""Murmure"" : Taille - XL","0","139.00","65.00","0.00"
"A17063-WNS0701NC02A","964","Coco Tank ""Depth""","3297","Débardeur Coco ""Profondeur"" : Taille - XP","1","79.00","34.35","0.00"
"A17063-WNS0701NC02A","964","Coco Tank ""Depth""","3298","Débardeur Coco ""Profondeur"" : Taille - P","1","79.00","34.35","0.00"
"A17063-WNS0701NC02A","964","Coco Tank ""Depth""","3299","Débardeur Coco ""Profondeur"" : Taille - M","1","79.00","34.35","0.00"
"A17063-WNS0701NC02A","964","Coco Tank ""Depth""","3300","Débardeur Coco ""Profondeur"" : Taille - L","1","79.00","34.35","0.00"
"A17063-WNS0701NC02A","964","Coco Tank ""Depth""","3301","Débardeur Coco ""Profondeur"" : Taille - XL","1","79.00","34.35","0.00"
"A08013-WNS0701NC0FA","965","Coco Tank ""New Day""","3302","Débardeur Coco ""Nouveau Jour"" : Taille - XP","0","79.00","34.35","0.00"
"A08013-WNS0701NC0FA","965","Coco Tank ""New Day""","3303","Débardeur Coco ""Nouveau Jour"" : Taille - P","1","79.00","34.35","0.00"
"A08013-WNS0701NC0FA","965","Coco Tank ""New Day""","3304","Débardeur Coco ""Nouveau Jour"" : Taille - M","1","79.00","34.35","0.00"
"A08013-WNS0701NC0FA","965","Coco Tank ""New Day""","3305","Débardeur Coco ""Nouveau Jour"" : Taille - L","0","79.00","34.35","0.00"
"A08013-WNS0701NC0FA","965","Coco Tank ""New Day""","3306","Débardeur Coco ""Nouveau Jour"" : Taille - XL","1","79.00","34.35","0.00"
"A17064-WNS0701NC03A","966","Coco Tank ""M'Otter Love""","3307","Débardeur Coco ""L'Outre Mère"" : Taille - XP","1","79.00","34.35","0.00"
"A17064-WNS0701NC03A","966","Coco Tank ""M'Otter Love""","3308","Débardeur Coco ""L'Outre Mère"" : Taille - P","1","79.00","34.35","0.00"
"A17064-WNS0701NC03A","966","Coco Tank ""M'Otter Love""","3309","Débardeur Coco ""L'Outre Mère"" : Taille - M","1","79.00","34.35","0.00"
"A17064-WNS0701NC03A","966","Coco Tank ""M'Otter Love""","3310","Débardeur Coco ""L'Outre Mère"" : Taille - L","1","79.00","34.35","0.00"
"A17064-WNS0701NC03A","966","Coco Tank ""M'Otter Love""","3311","Débardeur Coco ""L'Outre Mère"" : Taille - XL","1","79.00","34.35","0.00"
"A17065-WSS0901NC0CB","968","K Smith T-Shirt ""The Forest Temple""","3322","K Smith T-Shirt ""Temple de la Forêt"" : Taille - XP","0","89.00","35.00","0.00"
"A17065-WSS0901NC0CB","968","K Smith T-Shirt ""The Forest Temple""","3323","K Smith T-Shirt ""Temple de la Forêt"" : Taille - P","1","89.00","35.00","0.00"
"A17065-WSS0901NC0CB","968","K Smith T-Shirt ""The Forest Temple""","3324","K Smith T-Shirt ""Temple de la Forêt"" : Taille - M","0","89.00","35.00","0.00"
"A17065-WSS0901NC0CB","968","K Smith T-Shirt ""The Forest Temple""","3325","K Smith T-Shirt ""Temple de la Forêt"" : Taille - L","0","89.00","35.00","0.00"
"A17065-WSS0901NC0CB","968","K Smith T-Shirt ""The Forest Temple""","3326","K Smith T-Shirt ""Temple de la Forêt"" : Taille - XL","0","89.00","35.00","0.00"
"A17065-WDR2601NC0CC","969","Kate Dress ""Forest Temple""","3052","Robe Kate ""Temple de la Forêt"" : Taille - XP","1","169.00","64.50","0.00"
"A17065-WDR2601NC0CC","969","Kate Dress ""Forest Temple""","3053","Robe Kate ""Temple de la Forêt"" : Taille - P","1","169.00","64.50","0.00"
"A17065-WDR2601NC0CC","969","Kate Dress ""Forest Temple""","3054","Robe Kate ""Temple de la Forêt"" : Taille - M","1","169.00","64.50","0.00"
"A17065-WDR2601NC0CC","969","Kate Dress ""Forest Temple""","3055","Robe Kate ""Temple de la Forêt"" : Taille - L","0","169.00","64.50","0.00"
"A17065-WDR2601NC0CC","969","Kate Dress ""Forest Temple""","3056","Robe Kate ""Temple de la Forêt"" : Taille - XL","0","169.00","64.50","0.00"
"A08011-WDR2601NC0HC","971","Kate Dress ""Whisper""","3047","Robe Kate ""Murmure"" : Taille - XP","0","169.00","64.50","0.00"
"A08011-WDR2601NC0HC","971","Kate Dress ""Whisper""","3048","Robe Kate ""Murmure"" : Taille - P","0","169.00","64.50","0.00"
"A08011-WDR2601NC0HC","971","Kate Dress ""Whisper""","3049","Robe Kate ""Murmure"" : Taille - M","0","169.00","64.50","0.00"
"A08011-WDR2601NC0HC","971","Kate Dress ""Whisper""","3050","Robe Kate ""Murmure"" : Taille - L","0","169.00","64.50","0.00"
"A08011-WDR2601NC0HC","971","Kate Dress ""Whisper""","3051","Robe Kate ""Murmure"" : Taille - XL","1","169.00","64.50","0.00"
"A10004-WDR2601NC01G","972","Kate Dress ""Merging Earth and Sky""","3062","Robe Kate ""Fusion entre Terre et Ciel"" : Taille - XP","0","169.00","64.50","0.00"
"A10004-WDR2601NC01G","972","Kate Dress ""Merging Earth and Sky""","3063","Robe Kate ""Fusion entre Terre et Ciel"" : Taille - P","1","169.00","64.50","0.00"
"A10004-WDR2601NC01G","972","Kate Dress ""Merging Earth and Sky""","3064","Robe Kate ""Fusion entre Terre et Ciel"" : Taille - M","0","169.00","64.50","0.00"
"A10004-WDR2601NC01G","972","Kate Dress ""Merging Earth and Sky""","3065","Robe Kate ""Fusion entre Terre et Ciel"" : Taille - L","0","169.00","64.50","0.00"
"A10004-WDR2601NC01G","972","Kate Dress ""Merging Earth and Sky""","3066","Robe Kate ""Fusion entre Terre et Ciel"" : Taille - XL","0","169.00","64.50","0.00"
"A08013-WDR3501NC0FE","974","Amanda Dress ""New Day""","3137","Robe Amanda ""Nouveau Jour"" : Taille - XP","0","119.00","0.00","0.00"
"A08013-WDR3501NC0FE","974","Amanda Dress ""New Day""","3138","Robe Amanda ""Nouveau Jour"" : Taille - P","0","119.00","0.00","0.00"
"A08013-WDR3501NC0FE","974","Amanda Dress ""New Day""","3139","Robe Amanda ""Nouveau Jour"" : Taille - M","0","119.00","0.00","0.00"
"A08013-WDR3501NC0FE","974","Amanda Dress ""New Day""","3140","Robe Amanda ""Nouveau Jour"" : Taille - L","0","119.00","0.00","0.00"
"A08013-WDR3501NC0FE","974","Amanda Dress ""New Day""","3141","Robe Amanda ""Nouveau Jour"" : Taille - XL","0","119.00","0.00","0.00"
"A08011-WDR2301NC0HB","975","Camille Dress ""Whisper""","3172","Robe Camille ""Murmure"" : Taille - XP","0","149.00","58.00","0.00"
"A08011-WDR2301NC0HB","975","Camille Dress ""Whisper""","3173","Robe Camille ""Murmure"" : Taille - P","0","149.00","58.00","0.00"
"A08011-WDR2301NC0HB","975","Camille Dress ""Whisper""","3174","Robe Camille ""Murmure"" : Taille - M","0","149.00","58.00","0.00"
"A08011-WDR2301NC0HB","975","Camille Dress ""Whisper""","3175","Robe Camille ""Murmure"" : Taille - L","0","149.00","58.00","0.00"
"A08011-WDR2301NC0HB","975","Camille Dress ""Whisper""","3176","Robe Camille ""Murmure"" : Taille - XL","0","149.00","58.00","0.00"
"A17064-WBL0601NCO3A","977","Kimono ""M'Otter Love""","2368","Kimono ""L'Outre Mère"" : Taille - TU/OS","3","129.00","49.50","0.00"
"W12018-WBL0601NCODA","978","Kimono ""Early Evening Flowing into Fall""","2369","Kimono ""Soirée Glissant vers l'Automne"" : Taille - TU/OS","2","129.00","49.50","0.00"
"A17063-WBL0601NCO2A","980","Kimono ""Depth""","2371","Kimono ""Profondeur"" : Taille - TU/OS","1","129.00","49.50","0.00"
"A08011-WDR3201NC0HA","981","Michelle Dress ""Whisper""","3157","Robe Michelle ""Murmure"" : Taille - XP","0","159.00","67.50","0.00"
"A08011-WDR3201NC0HA","981","Michelle Dress ""Whisper""","3158","Robe Michelle ""Murmure"" : Taille - P","0","159.00","67.50","0.00"
"A08011-WDR3201NC0HA","981","Michelle Dress ""Whisper""","3159","Robe Michelle ""Murmure"" : Taille - M","0","159.00","67.50","0.00"
"A08011-WDR3201NC0HA","981","Michelle Dress ""Whisper""","3160","Robe Michelle ""Murmure"" : Taille - L","0","159.00","67.50","0.00"
"A08011-WDR3201NC0HA","981","Michelle Dress ""Whisper""","3161","Robe Michelle ""Murmure"" : Taille - XL","1","159.00","67.50","0.00"
"A08013-WSK040NCOFB","982","Alex Skirt ""New Day""","2377","Jupe Alex ""Nouveau Jour"" : Taille - XP","0","139.00","64.00","0.00"
"A08013-WSK040NCOFB","982","Alex Skirt ""New Day""","2378","Jupe Alex ""Nouveau Jour"" : Taille - P","0","139.00","64.00","0.00"
"A08013-WSK040NCOFB","982","Alex Skirt ""New Day""","2379","Jupe Alex ""Nouveau Jour"" : Taille - M","0","139.00","64.00","0.00"
"A08013-WSK040NCOFB","982","Alex Skirt ""New Day""","2380","Jupe Alex ""Nouveau Jour"" : Taille - L","0","139.00","64.00","0.00"
"A08013-WSK040NCOFB","982","Alex Skirt ""New Day""","2381","Jupe Alex ""Nouveau Jour"" : Taille - XL","1","139.00","64.00","0.00"
"A08013-WBL0301NC0FB","986","Frida Cardigan ""New Day""","2962","Cardigan Frida ""Nouveau Jour"" : Taille - XP","1","129.00","52.50","0.00"
"A08013-WBL0301NC0FB","986","Frida Cardigan ""New Day""","2963","Cardigan Frida ""Nouveau Jour"" : Taille - P","1","129.00","52.50","0.00"
"A08013-WBL0301NC0FB","986","Frida Cardigan ""New Day""","2964","Cardigan Frida ""Nouveau Jour"" : Taille - M","0","129.00","52.50","0.00"
"A08013-WBL0301NC0FB","986","Frida Cardigan ""New Day""","2965","Cardigan Frida ""Nouveau Jour"" : Taille - L","0","129.00","52.50","0.00"
"A08013-WBL0301NC0FB","986","Frida Cardigan ""New Day""","2966","Cardigan Frida ""Nouveau Jour"" : Taille - XL","0","129.00","52.50","0.00"
"A17063-WBL0301NC02A","987","Frida Cardigan ""Depth""","2967","Cardigan Frida ""Profondeur"" : Taille - XP","1","129.00","52.50","0.00"
"A17063-WBL0301NC02A","987","Frida Cardigan ""Depth""","2968","Cardigan Frida ""Profondeur"" : Taille - P","1","129.00","52.50","0.00"
"A17063-WBL0301NC02A","987","Frida Cardigan ""Depth""","2969","Cardigan Frida ""Profondeur"" : Taille - M","1","129.00","52.50","0.00"
"A17063-WBL0301NC02A","987","Frida Cardigan ""Depth""","2970","Cardigan Frida ""Profondeur"" : Taille - L","1","129.00","52.50","0.00"
"A17063-WBL0301NC02A","987","Frida Cardigan ""Depth""","2971","Cardigan Frida ""Profondeur"" : Taille - XL","1","129.00","52.50","0.00"
"W12018-WBL0301NC0DA","988","Frida Cardigan ""Early Evening Flowing into Fall""","2972","Cardigan Frida ""Soirée Glissant vers l'Automne"" : Taille - XP","0","129.00","52.50","0.00"
"W12018-WBL0301NC0DA","988","Frida Cardigan ""Early Evening Flowing into Fall""","2973","Cardigan Frida ""Soirée Glissant vers l'Automne"" : Taille - P","0","129.00","52.50","0.00"
"W12018-WBL0301NC0DA","988","Frida Cardigan ""Early Evening Flowing into Fall""","2974","Cardigan Frida ""Soirée Glissant vers l'Automne"" : Taille - M","1","129.00","52.50","0.00"
"W12018-WBL0301NC0DA","988","Frida Cardigan ""Early Evening Flowing into Fall""","2975","Cardigan Frida ""Soirée Glissant vers l'Automne"" : Taille - L","1","129.00","52.50","0.00"
"W12018-WBL0301NC0DA","988","Frida Cardigan ""Early Evening Flowing into Fall""","2976","Cardigan Frida ""Soirée Glissant vers l'Automne"" : Taille - XL","1","129.00","52.50","0.00"
"A08011-WPA0401NC0HE","989","Jackie Legging ""Whisper""","3012","Legging Jackie ""Murmure"" : Taille - XP","0","109.00","45.00","0.00"
"A08011-WPA0401NC0HE","989","Jackie Legging ""Whisper""","3013","Legging Jackie ""Murmure"" : Taille - P","0","109.00","45.00","0.00"
"A08011-WPA0401NC0HE","989","Jackie Legging ""Whisper""","3014","Legging Jackie ""Murmure"" : Taille - M","0","109.00","45.00","0.00"
"A08011-WPA0401NC0HE","989","Jackie Legging ""Whisper""","3015","Legging Jackie ""Murmure"" : Taille - L","0","109.00","45.00","0.00"
"A08011-WPA0401NC0HE","989","Jackie Legging ""Whisper""","3016","Legging Jackie ""Murmure"" : Taille - XL","0","109.00","45.00","0.00"
"A08013-WPA0401NC0FB","990","Jackie Legging ""New Day""","3017","Legging Jackie ""Nouveau Jour"" : Taille - XP","1","109.00","44.01","0.00"
"A08013-WPA0401NC0FB","990","Jackie Legging ""New Day""","3018","Legging Jackie ""Nouveau Jour"" : Taille - P","0","109.00","44.01","0.00"
"A08013-WPA0401NC0FB","990","Jackie Legging ""New Day""","3019","Legging Jackie ""Nouveau Jour"" : Taille - M","0","109.00","44.01","0.00"
"A08013-WPA0401NC0FB","990","Jackie Legging ""New Day""","3020","Legging Jackie ""Nouveau Jour"" : Taille - L","1","109.00","44.01","0.00"
"A08013-WPA0401NC0FB","990","Jackie Legging ""New Day""","3021","Legging Jackie ""Nouveau Jour"" : Taille - XL","0","109.00","44.01","0.00"
"A17063-WPA0301NC02A","992","Carla Palazzo ""Depth""","3032","Palazzo Carla ""Profondeur"" : Taille - XP","0","189.00","74.00","0.00"
"A17063-WPA0301NC02A","992","Carla Palazzo ""Depth""","3033","Palazzo Carla ""Profondeur"" : Taille - P","1","189.00","74.00","0.00"
"A17063-WPA0301NC02A","992","Carla Palazzo ""Depth""","3034","Palazzo Carla ""Profondeur"" : Taille - M","0","189.00","74.00","0.00"
"A17063-WPA0301NC02A","992","Carla Palazzo ""Depth""","3035","Palazzo Carla ""Profondeur"" : Taille - L","0","189.00","74.00","0.00"
"A17063-WPA0301NC02A","992","Carla Palazzo ""Depth""","3036","Palazzo Carla ""Profondeur"" : Taille - XL","0","189.00","74.00","0.00"
"A13041-WAC0201NC0EA","994","Vivienne Scarf ""Lapinx""","","Foulard Vivienne ""Lapinx""","4","59.00","23.00","0.00"
"W18053-WAC0201NC0JB","995","Vivienne Scarf ""Northern Masters""","","Foulard Vivienne ""Maîtres du Nord""","3","59.00","23.00","0.00"
"W17062-WAC0201NC0GC","996","Vivienne Scarf ""Horizon""","","Foulard Vivienne ""Horizon""","3","59.00","23.00","0.00"
"A08013-WAC0201NC0FC","997","Vivienne Scarf ""New Day""","","Foulard Vivienne ""Nouveau Jour""","3","59.00","23.00","0.00"
"A08011-WAC0201NC0HB","998","Vivienne Scarf ""Whisper""","","Foulard Vivienne ""Murmure""","2","59.00","23.00","0.00"
"A16059-WAC0201NC0IA","999","Vivienne Scarf ""Wisdom Keepers""","","Foulard Vivienne ""Gardiens de la Sagesse""","2","59.00","23.00","0.00"
"W18053-UAC0301NCOJB","1002","Reuben Tote Bag ""Northern Masters""","","Sac Reuben ""Maîtres du Nord""","1","49.00","21.00","0.00"
"A108013-UAC0301NCOFB","1003","Reuben Tote Bag ""New Day""","","Sac Reuben ""Nouveau Jour""","0","49.00","21.00","0.00"
"A13041-UAC0301NCOEB","1004","Reuben Tote Bag ""Lapinx""","","Sac Reuben ""Lapinx""","3","49.00","21.00","0.00"
"A16059-WDR2601NC01B","1006","Kate Dress ""Wisdom Keepers""","3067","Robe Kate ""Gardiens de la Sagesse"" : Taille - XP","1","169.00","64.50","0.00"
"A16059-WDR2601NC01B","1006","Kate Dress ""Wisdom Keepers""","3068","Robe Kate ""Gardiens de la Sagesse"" : Taille - P","1","169.00","64.50","0.00"
"A16059-WDR2601NC01B","1006","Kate Dress ""Wisdom Keepers""","3069","Robe Kate ""Gardiens de la Sagesse"" : Taille - M","0","169.00","64.50","0.00"
"A16059-WDR2601NC01B","1006","Kate Dress ""Wisdom Keepers""","3070","Robe Kate ""Gardiens de la Sagesse"" : Taille - L","0","169.00","64.50","0.00"
"A16059-WDR2601NC01B","1006","Kate Dress ""Wisdom Keepers""","3071","Robe Kate ""Gardiens de la Sagesse"" : Taille - XL","1","169.00","64.50","0.00"
"W12018-WDR3201NC0DA","1007","Michelle Dress ""Early Evening Flowing into Fall""","3162","Robe Michelle ""Soirée Glissant vers l'Automne"" : Taille - XP","0","129.00","0.00","0.00"
"W12018-WDR3201NC0DA","1007","Michelle Dress ""Early Evening Flowing into Fall""","3163","Robe Michelle ""Soirée Glissant vers l'Automne"" : Taille - P","0","129.00","0.00","0.00"
"W12018-WDR3201NC0DA","1007","Michelle Dress ""Early Evening Flowing into Fall""","3164","Robe Michelle ""Soirée Glissant vers l'Automne"" : Taille - M","0","129.00","0.00","0.00"
"W12018-WDR3201NC0DA","1007","Michelle Dress ""Early Evening Flowing into Fall""","3165","Robe Michelle ""Soirée Glissant vers l'Automne"" : Taille - L","0","129.00","0.00","0.00"
"W12018-WDR3201NC0DA","1007","Michelle Dress ""Early Evening Flowing into Fall""","3166","Robe Michelle ""Soirée Glissant vers l'Automne"" : Taille - XL","0","129.00","0.00","0.00"
"W12018-WAC0401NCODB","1008","Duncan Shawl ""Early Evening Flowing into Fall""","","Châle Duncan ""Soirée Glissant vers l'Automne""","1","69.00","67.00","0.00"
"A16058-WAC0401NCODB","1009","Duncan Shawl ""Silent Seekers""","","Châle Duncan ""En Quête de Silence""","0","69.00","19.00","0.00"
"A01028-WBL0301NC08A","1010","Frida Cardigan ""Giving Thanks""","2977","Cardigan Frida ""Rendre Grâce"" : Taille - XP","1","129.00","52.50","0.00"
"A01028-WBL0301NC08A","1010","Frida Cardigan ""Giving Thanks""","2978","Cardigan Frida ""Rendre Grâce"" : Taille - P","0","129.00","52.50","0.00"
"A01028-WBL0301NC08A","1010","Frida Cardigan ""Giving Thanks""","2979","Cardigan Frida ""Rendre Grâce"" : Taille - M","1","129.00","52.50","0.00"
"A01028-WBL0301NC08A","1010","Frida Cardigan ""Giving Thanks""","2980","Cardigan Frida ""Rendre Grâce"" : Taille - L","1","129.00","52.50","0.00"
"A01028-WBL0301NC08A","1010","Frida Cardigan ""Giving Thanks""","2981","Cardigan Frida ""Rendre Grâce"" : Taille - XL","0","129.00","52.50","0.00"
"A16051-WBL0301NC05A","1012","Frida Cardigan ""Northern Keepers""","2982","Cardigan Frida ""Gardiens du Nord"" : Taille - XP","1","129.00","52.50","0.00"
"A16051-WBL0301NC05A","1012","Frida Cardigan ""Northern Keepers""","2983","Cardigan Frida ""Gardiens du Nord"" : Taille - P","1","129.00","52.50","0.00"
"A16051-WBL0301NC05A","1012","Frida Cardigan ""Northern Keepers""","2984","Cardigan Frida ""Gardiens du Nord"" : Taille - M","1","129.00","52.50","0.00"
"A16051-WBL0301NC05A","1012","Frida Cardigan ""Northern Keepers""","2985","Cardigan Frida ""Gardiens du Nord"" : Taille - L","1","129.00","52.50","0.00"
"A16051-WBL0301NC05A","1012","Frida Cardigan ""Northern Keepers""","2986","Cardigan Frida ""Gardiens du Nord"" : Taille - XL","1","129.00","52.50","0.00"
"W18053-WDR2601NC0JB","1014","Kate Dress ""Northern Masters""","3077","Robe Kate ""Maîtres du Nord"" : Taille - XP","1","169.00","64.50","0.00"
"W18053-WDR2601NC0JB","1014","Kate Dress ""Northern Masters""","3078","Robe Kate ""Maîtres du Nord"" : Taille - P","1","169.00","64.50","0.00"
"W18053-WDR2601NC0JB","1014","Kate Dress ""Northern Masters""","3079","Robe Kate ""Maîtres du Nord"" : Taille - M","0","169.00","64.50","0.00"
"W18053-WDR2601NC0JB","1014","Kate Dress ""Northern Masters""","3080","Robe Kate ""Maîtres du Nord"" : Taille - L","0","169.00","64.50","0.00"
"W18053-WDR2601NC0JB","1014","Kate Dress ""Northern Masters""","3081","Robe Kate ""Maîtres du Nord"" : Taille - XL","0","169.00","64.50","0.00"
"A17063-WSK040NCO2A","1016","Alex Skirt ""Depth""","3002","Jupe Alex ""Profondeur"" : Taille - XP","0","139.00","64.00","0.00"
"A17063-WSK040NCO2A","1016","Alex Skirt ""Depth""","3003","Jupe Alex ""Profondeur"" : Taille - P","0","139.00","64.00","0.00"
"A17063-WSK040NCO2A","1016","Alex Skirt ""Depth""","3004","Jupe Alex ""Profondeur"" : Taille - M","0","139.00","64.00","0.00"
"A17063-WSK040NCO2A","1016","Alex Skirt ""Depth""","3005","Jupe Alex ""Profondeur"" : Taille - L","0","139.00","64.00","0.00"
"A17063-WSK040NCO2A","1016","Alex Skirt ""Depth""","3006","Jupe Alex ""Profondeur"" : Taille - XL","0","139.00","64.00","0.00"
"W17062-WDR1001NC0GB","1018","Jeanne Dress ""Horizon""","3122","Robe Jeanne ""Horizon"" : Taille - XP","0","149.00","67.00","0.00"
"W17062-WDR1001NC0GB","1018","Jeanne Dress ""Horizon""","3123","Robe Jeanne ""Horizon"" : Taille - P","0","149.00","67.00","0.00"
"W17062-WDR1001NC0GB","1018","Jeanne Dress ""Horizon""","3124","Robe Jeanne ""Horizon"" : Taille - M","0","149.00","67.00","0.00"
"W17062-WDR1001NC0GB","1018","Jeanne Dress ""Horizon""","3125","Robe Jeanne ""Horizon"" : Taille - L","1","149.00","67.00","0.00"
"W17062-WDR1001NC0GB","1018","Jeanne Dress ""Horizon""","3126","Robe Jeanne ""Horizon"" : Taille - XL","0","149.00","67.00","0.00"
"197","1019","Suede Moccasins for Men","2497","Mocassins en Suède pour Hommes : Pointure - 10","0","85.00","35.60","0.00"
"197","1019","Suede Moccasins for Men","2498","Mocassins en Suède pour Hommes : Pointure - 11","0","85.00","35.60","0.00"
"197","1019","Suede Moccasins for Men","2499","Mocassins en Suède pour Hommes : Pointure - 12","0","85.00","35.60","0.00"
"197","1019","Suede Moccasins for Men","2500","Mocassins en Suède pour Hommes : Pointure - 13","0","85.00","35.60","0.00"
"197","1019","Suede Moccasins for Men","2501","Mocassins en Suède pour Hommes : Pointure - 7","0","85.00","35.60","0.00"
"197","1019","Suede Moccasins for Men","2502","Mocassins en Suède pour Hommes : Pointure - 6","0","85.00","35.60","0.00"
"197","1019","Suede Moccasins for Men","2503","Mocassins en Suède pour Hommes : Pointure - 8","1","85.00","35.60","0.00"
"197","1019","Suede Moccasins for Men","2504","Mocassins en Suède pour Hommes : Pointure - 9","0","85.00","35.60","0.00"
"197","1019","Suede Moccasins for Men","2580","Mocassins en Suède pour Hommes : Pointure - 14","0","95.00","35.60","0.00"
"197","1019","Suede Moccasins for Men","2581","Mocassins en Suède pour Hommes : Pointure - 15","0","95.00","35.60","0.00"
"142","1020","Suede Moccasins for Men","2508","Mocassins en suède pour Hommes : Pointure - 12","2","152.00","33.00","0.00"
"142","1020","Suede Moccasins for Men","2512","Mocassins en suède pour Hommes : Pointure - 8","0","152.00","33.00","0.00"
"142","1020","Suede Moccasins for Men","7186","Mocassins en suède pour Hommes : Pointure - 6","0","152.00","33.00","0.00"
"142","1020","Suede Moccasins for Men","7187","Mocassins en suède pour Hommes : Pointure - 7","0","152.00","33.00","0.00"
"142","1020","Suede Moccasins for Men","7188","Mocassins en suède pour Hommes : Pointure - 13","0","152.00","33.00","0.00"
"142","1020","Suede Moccasins for Men","7189","Mocassins en suède pour Hommes : Pointure - 14","0","152.00","33.00","0.00"
"142","1020","Suede Moccasins for Men","7190","Mocassins en suède pour Hommes : Pointure - 15","0","152.00","33.00","0.00"
"142","1020","Suede Moccasins for Men","7191","Mocassins en suède pour Hommes : Pointure - 9","0","152.00","33.00","0.00"
"142","1020","Suede Moccasins for Men","7192","Mocassins en suède pour Hommes : Pointure - 10","0","152.00","33.00","0.00"
"142","1020","Suede Moccasins for Men","7193","Mocassins en suède pour Hommes : Pointure - 11","0","152.00","33.00","0.00"
"142","1021","Suede Moccasins for Women","2520","Mocassins en Suède pour Dames : Pointure - 10","0","87.00","37.50","0.00"
"142","1021","Suede Moccasins for Women","2521","Mocassins en Suède pour Dames : Pointure - 9","0","87.00","37.50","0.00"
"142","1021","Suede Moccasins for Women","2522","Mocassins en Suède pour Dames : Pointure - 8","0","87.00","37.50","0.00"
"142","1021","Suede Moccasins for Women","2523","Mocassins en Suède pour Dames : Pointure - 7","0","87.00","37.50","0.00"
"142","1021","Suede Moccasins for Women","2524","Mocassins en Suède pour Dames : Pointure - 6","0","87.00","37.50","0.00"
"142","1021","Suede Moccasins for Women","2538","Mocassins en Suède pour Dames : Pointure - 4","0","87.00","37.50","0.00"
"142","1021","Suede Moccasins for Women","2539","Mocassins en Suède pour Dames : Pointure - 5","0","87.00","37.50","0.00"
"142","1022","Suede Moccasins for Juniors","2526","Mocassins en Suède pour Juniors : Pointure - 13","0","64.00","27.50","0.00"
"142","1022","Suede Moccasins for Juniors","2527","Mocassins en Suède pour Juniors : Pointure - 12","0","64.00","27.50","0.00"
"142","1022","Suede Moccasins for Juniors","2528","Mocassins en Suède pour Juniors : Pointure - 11","0","64.00","27.50","0.00"
"142","1022","Suede Moccasins for Juniors","2535","Mocassins en Suède pour Juniors : Pointure - 1","0","64.00","27.50","0.00"
"142","1022","Suede Moccasins for Juniors","2536","Mocassins en Suède pour Juniors : Pointure - 2","0","64.00","27.50","0.00"
"142","1022","Suede Moccasins for Juniors","2537","Mocassins en Suède pour Juniors : Pointure - 3","0","64.00","27.50","0.00"
"142","1023","Suede Moccasins for Children","2546","Mocassins en Suède pour Enfants : Pointure - 7","0","57.00","24.50","0.00"
"142","1023","Suede Moccasins for Children","2547","Mocassins en Suède pour Enfants : Pointure - 8","0","57.00","24.50","0.00"
"142","1023","Suede Moccasins for Children","2548","Mocassins en Suède pour Enfants : Pointure - 9","0","57.00","24.50","0.00"
"142","1023","Suede Moccasins for Children","2549","Mocassins en Suède pour Enfants : Pointure - 10","0","57.00","24.50","0.00"
"188","1024","Leather Moccasins for Women","2556","Mocassins en Cuir pour Dames : Pointure - 10","0","89.00","38.50","0.00"
"188","1024","Leather Moccasins for Women","2557","Mocassins en Cuir pour Dames : Pointure - 6","0","89.00","38.50","0.00"
"188","1024","Leather Moccasins for Women","2558","Mocassins en Cuir pour Dames : Pointure - 7","0","89.00","38.50","0.00"
"188","1024","Leather Moccasins for Women","2559","Mocassins en Cuir pour Dames : Pointure - 8","0","89.00","38.50","0.00"
"188","1024","Leather Moccasins for Women","2560","Mocassins en Cuir pour Dames : Pointure - 9","0","89.00","38.50","0.00"
"188","1024","Leather Moccasins for Women","2564","Mocassins en Cuir pour Dames : Pointure - 4","0","89.00","38.50","0.00"
"188","1024","Leather Moccasins for Women","2565","Mocassins en Cuir pour Dames : Pointure - 5","0","89.00","38.50","0.00"
"193","1025","Leather Moccasins for Women","2572","Mocassins en Cuir pour Dames : Pointure - 10","0","106.00","46.00","0.00"
"193","1025","Leather Moccasins for Women","2573","Mocassins en Cuir pour Dames : Pointure - 6","0","106.00","46.00","0.00"
"193","1025","Leather Moccasins for Women","2574","Mocassins en Cuir pour Dames : Pointure - 7","0","106.00","46.00","0.00"
"193","1025","Leather Moccasins for Women","2575","Mocassins en Cuir pour Dames : Pointure - 8","0","106.00","46.00","0.00"
"193","1025","Leather Moccasins for Women","2576","Mocassins en Cuir pour Dames : Pointure - 9","0","106.00","46.00","0.00"
"193","1025","Leather Moccasins for Women","7194","Mocassins en Cuir pour Dames : Pointure - 4","0","106.00","46.00","0.00"
"193","1025","Leather Moccasins for Women","7195","Mocassins en Cuir pour Dames : Pointure - 5","0","106.00","46.00","0.00"
"189","1026","Leather Moccasins for Women","2585","Mocassins en Cuir pour Dames : Pointure - 6","0","114.00","49.00","0.00"
"189","1026","Leather Moccasins for Women","2586","Mocassins en Cuir pour Dames : Pointure - 7","0","114.00","49.00","0.00"
"189","1026","Leather Moccasins for Women","2587","Mocassins en Cuir pour Dames : Pointure - 8","0","114.00","49.00","0.00"
"189","1026","Leather Moccasins for Women","2588","Mocassins en Cuir pour Dames : Pointure - 9","0","114.00","49.00","0.00"
"189","1026","Leather Moccasins for Women","2592","Mocassins en Cuir pour Dames : Pointure - 4","0","114.00","49.00","0.00"
"189","1026","Leather Moccasins for Women","2593","Mocassins en Cuir pour Dames : Pointure - 5","0","114.00","49.00","0.00"
"189","1026","Leather Moccasins for Women","7900","Mocassins en Cuir pour Dames : Pointure - 10","0","114.00","49.00","0.00"
"186","1027","Leather Moccasins for Women","2596","Mocassins en Cuir pour Dames : Pointure - 10","0","89.00","38.50","0.00"
"186","1027","Leather Moccasins for Women","2597","Mocassins en Cuir pour Dames : Pointure - 6","0","89.00","38.50","0.00"
"186","1027","Leather Moccasins for Women","2598","Mocassins en Cuir pour Dames : Pointure - 7","0","89.00","38.50","0.00"
"186","1027","Leather Moccasins for Women","2599","Mocassins en Cuir pour Dames : Pointure - 8","0","89.00","38.50","0.00"
"186","1027","Leather Moccasins for Women","2600","Mocassins en Cuir pour Dames : Pointure - 9","0","89.00","38.50","0.00"
"186","1027","Leather Moccasins for Women","2604","Mocassins en Cuir pour Dames : Pointure - 4","0","89.00","38.50","0.00"
"186","1027","Leather Moccasins for Women","2605","Mocassins en Cuir pour Dames : Pointure - 5","0","89.00","38.50","0.00"
"197","1028","Suede Moccasins for Women","2609","Mocassins en Suède pour Dames : Pointure - 7","0","97.00","42.00","0.00"
"197","1028","Suede Moccasins for Women","2610","Mocassins en Suède pour Dames : Pointure - 6","0","97.00","42.00","0.00"
"197","1028","Suede Moccasins for Women","2611","Mocassins en Suède pour Dames : Pointure - 8","0","97.00","42.00","0.00"
"197","1028","Suede Moccasins for Women","2612","Mocassins en Suède pour Dames : Pointure - 9","0","97.00","42.00","0.00"
"197","1028","Suede Moccasins for Women","2615","Mocassins en Suède pour Dames : Pointure - 10","0","97.00","42.00","0.00"
"197","1028","Suede Moccasins for Women","2616","Mocassins en Suède pour Dames : Pointure - 4","0","97.00","42.00","0.00"
"197","1028","Suede Moccasins for Women","2617","Mocassins en Suède pour Dames : Pointure - 5","0","97.00","42.00","0.00"
"258","1029","Mousecassins for Babies","2618","Mocassins Souris pour Bébés : Pointure - 2","3","42.00","18.25","0.00"
"258","1029","Mousecassins for Babies","2619","Mocassins Souris pour Bébés : Pointure - 3","3","42.00","18.25","0.00"
"258","1029","Mousecassins for Babies","2620","Mocassins Souris pour Bébés : Pointure - 4","0","42.00","18.25","0.00"
"258","1029","Mousecassins for Babies","2621","Mocassins Souris pour Bébés : Pointure - 5","2","42.00","18.25","0.00"
"258","1029","Mousecassins for Babies","2622","Mocassins Souris pour Bébés : Pointure - 6","4","42.00","18.25","0.00"
"258","1030","Mousecassins for Children","2628","Mocassins Souris pour Enfants : Pointure - 7","4","44.50","19.00","0.00"
"258","1030","Mousecassins for Children","2629","Mocassins Souris pour Enfants : Pointure - 8","3","44.50","19.00","0.00"
"258","1030","Mousecassins for Children","2630","Mocassins Souris pour Enfants : Pointure - 9","4","44.50","19.00","0.00"
"258","1030","Mousecassins for Children","2631","Mocassins Souris pour Enfants : Pointure - 10","4","44.50","19.00","0.00"
"404","1031","Suede Moccasins for Women","2633","Mocassins en Suède pour Dames : Pointure - 5","3","135.00","61.50","0.00"
"404","1031","Suede Moccasins for Women","2635","Mocassins en Suède pour Dames : Pointure - 7","2","135.00","61.50","0.00"
"404","1031","Suede Moccasins for Women","2637","Mocassins en Suède pour Dames : Pointure - 9","2","135.00","61.50","0.00"
"404","1031","Suede Moccasins for Women","2638","Mocassins en Suède pour Dames : Pointure - 10","1","135.00","61.50","0.00"
"404","1031","Suede Moccasins for Women","7196","Mocassins en Suède pour Dames : Pointure - 4","2","135.00","61.50","0.00"
"404","1031","Suede Moccasins for Women","7197","Mocassins en Suède pour Dames : Pointure - 6","2","135.00","61.50","0.00"
"404","1031","Suede Moccasins for Women","7198","Mocassins en Suède pour Dames : Pointure - 8","2","135.00","61.50","0.00"
"240","1032","Suede Moccasins for Women","2639","Mocassins en Suède pour Dames : Pointure - 5","0","146.00","63.50","0.00"
"240","1032","Suede Moccasins for Women","2640","Mocassins en Suède pour Dames : Pointure - 6","0","146.00","63.50","0.00"
"240","1032","Suede Moccasins for Women","2641","Mocassins en Suède pour Dames : Pointure - 7","0","146.00","63.50","0.00"
"240","1032","Suede Moccasins for Women","2642","Mocassins en Suède pour Dames : Pointure - 8","0","146.00","63.50","0.00"
"240","1032","Suede Moccasins for Women","2643","Mocassins en Suède pour Dames : Pointure - 9","0","146.00","63.50","0.00"
"240","1032","Suede Moccasins for Women","2644","Mocassins en Suède pour Dames : Pointure - 10","0","146.00","63.50","0.00"
"240","1032","Suede Moccasins for Women","2645","Mocassins en Suède pour Dames : Pointure - 4","1","146.00","63.50","0.00"
"X242","1033","Suede Moccasins for Women","2646","Mocassins en Suède pour Dames : Pointure - 5","0","146.00","63.50","0.00"
"X242","1033","Suede Moccasins for Women","2647","Mocassins en Suède pour Dames : Pointure - 6","0","146.00","63.50","0.00"
"X242","1033","Suede Moccasins for Women","2648","Mocassins en Suède pour Dames : Pointure - 7","0","146.00","63.50","0.00"
"X242","1033","Suede Moccasins for Women","2649","Mocassins en Suède pour Dames : Pointure - 8","0","146.00","63.50","0.00"
"X242","1033","Suede Moccasins for Women","2650","Mocassins en Suède pour Dames : Pointure - 9","0","146.00","63.50","0.00"
"X242","1033","Suede Moccasins for Women","2651","Mocassins en Suède pour Dames : Pointure - 10","0","146.00","63.50","0.00"
"X242","1033","Suede Moccasins for Women","2652","Mocassins en Suède pour Dames : Pointure - 4","0","146.00","63.50","0.00"
"402","1034","Suede Moccasins for Women","7041","Mocassins en Suède pour Dames : Pointure - 6","0","61.00","36.50","0.00"
"402","1034","Suede Moccasins for Women","7042","Mocassins en Suède pour Dames : Pointure - 7","1","61.00","36.50","0.00"
"402","1034","Suede Moccasins for Women","7043","Mocassins en Suède pour Dames : Pointure - 8","0","61.00","36.50","0.00"
"402","1034","Suede Moccasins for Women","7044","Mocassins en Suède pour Dames : Pointure - 9","0","61.00","36.50","0.00"
"402","1034","Suede Moccasins for Women","7045","Mocassins en Suède pour Dames : Pointure - 10","0","61.00","36.50","0.00"
"402","1034","Suede Moccasins for Women","7199","Mocassins en Suède pour Dames : Pointure - 4","0","61.00","36.50","0.00"
"402","1034","Suede Moccasins for Women","7200","Mocassins en Suède pour Dames : Pointure - 5","1","61.00","36.50","0.00"
"402","1035","Suede Moccasins for Junior","2667","Mocassins en Suède pour Juniors : Pointure - 1","2","63.00","27.00","0.00"
"402","1035","Suede Moccasins for Junior","2668","Mocassins en Suède pour Juniors : Pointure - 2","1","63.00","27.00","0.00"
"402","1035","Suede Moccasins for Junior","2669","Mocassins en Suède pour Juniors : Pointure - 3","1","63.00","27.00","0.00"
"402","1035","Suede Moccasins for Junior","2670","Mocassins en Suède pour Juniors : Pointure - 11","2","63.00","27.00","0.00"
"402","1035","Suede Moccasins for Junior","2671","Mocassins en Suède pour Juniors : Pointure - 12","3","63.00","27.00","0.00"
"402","1035","Suede Moccasins for Junior","2672","Mocassins en Suède pour Juniors : Pointure - 13","2","63.00","27.00","0.00"
"402","1036","Suede Moccasins for Children","2679","Mocassins en Suède pour Enfants : Pointure - 7","0","49.00","25.00","0.00"
"402","1036","Suede Moccasins for Children","2680","Mocassins en Suède pour Enfants : Pointure - 8","1","49.00","25.00","0.00"
"402","1036","Suede Moccasins for Children","2681","Mocassins en Suède pour Enfants : Pointure - 9","1","49.00","25.00","0.00"
"402","1036","Suede Moccasins for Children","2682","Mocassins en Suède pour Enfants : Pointure - 10","3","49.00","25.00","0.00"
"402","1037","Suede Moccasins for Babies","2689","Mocassins en Suède pour Bébés : Pointure - 2","0","46.00","20.00","0.00"
"402","1037","Suede Moccasins for Babies","2690","Mocassins en Suède pour Bébés : Pointure - 3","1","46.00","20.00","0.00"
"402","1037","Suede Moccasins for Babies","2691","Mocassins en Suède pour Bébés : Pointure - 4","1","46.00","20.00","0.00"
"402","1037","Suede Moccasins for Babies","2692","Mocassins en Suède pour Bébés : Pointure - 5","2","46.00","20.00","0.00"
"402","1037","Suede Moccasins for Babies","2693","Mocassins en Suède pour Bébés : Pointure - 6","1","46.00","20.00","0.00"
"842","1038","Suede Moccasins for Women","2694","Mocassins en Suède pour Dames : Pointure - 5","0","114.00","63.50","0.00"
"842","1038","Suede Moccasins for Women","2695","Mocassins en Suède pour Dames : Pointure - 6","1","114.00","63.50","0.00"
"842","1038","Suede Moccasins for Women","2696","Mocassins en Suède pour Dames : Pointure - 7","0","114.00","63.50","0.00"
"842","1038","Suede Moccasins for Women","2697","Mocassins en Suède pour Dames : Pointure - 8","0","114.00","63.50","0.00"
"842","1038","Suede Moccasins for Women","2698","Mocassins en Suède pour Dames : Pointure - 9","0","114.00","63.50","0.00"
"842","1038","Suede Moccasins for Women","2699","Mocassins en Suède pour Dames : Pointure - 10","1","114.00","63.50","0.00"
"842","1038","Suede Moccasins for Women","2700","Mocassins en Suède pour Dames : Pointure - 4","0","114.00","63.50","0.00"
"542","1039","Suede Moccasins for Women","2705","Mocassins en Suède pour Dames : Pointure - 9","0","146.00","63.50","0.00"
"542","1039","Suede Moccasins for Women","2706","Mocassins en Suède pour Dames : Pointure - 10","0","146.00","63.50","0.00"
"542","1039","Suede Moccasins for Women","7201","Mocassins en Suède pour Dames : Pointure - 4","0","146.00","63.50","0.00"
"542","1039","Suede Moccasins for Women","7202","Mocassins en Suède pour Dames : Pointure - 5","0","146.00","63.50","0.00"
"542","1039","Suede Moccasins for Women","7203","Mocassins en Suède pour Dames : Pointure - 6","0","146.00","63.50","0.00"
"542","1039","Suede Moccasins for Women","7204","Mocassins en Suède pour Dames : Pointure - 7","0","146.00","63.50","0.00"
"542","1039","Suede Moccasins for Women","7205","Mocassins en Suède pour Dames : Pointure - 8","0","146.00","63.50","0.00"
"642","1040","Suede Moccasins for Women","2708","Mocassins en Suède pour Dames : Pointure - 5","0","146.00","63.50","0.00"
"642","1040","Suede Moccasins for Women","2711","Mocassins en Suède pour Dames : Pointure - 8","0","146.00","63.50","0.00"
"642","1040","Suede Moccasins for Women","2712","Mocassins en Suède pour Dames : Pointure - 9","0","146.00","63.50","0.00"
"642","1040","Suede Moccasins for Women","7206","Mocassins en Suède pour Dames : Pointure - 4","0","146.00","63.50","0.00"
"642","1040","Suede Moccasins for Women","7207","Mocassins en Suède pour Dames : Pointure - 6","0","146.00","63.50","0.00"
"642","1040","Suede Moccasins for Women","7208","Mocassins en Suède pour Dames : Pointure - 7","0","146.00","63.50","0.00"
"642","1040","Suede Moccasins for Women","7209","Mocassins en Suède pour Dames : Pointure - 10","0","146.00","63.50","0.00"
"B468","1041","Leather Moccasins for Women","2715","Mocassins en Cuir pour Dames : Pointure - 6","0","145.00","63.00","0.00"
"B468","1041","Leather Moccasins for Women","2716","Mocassins en Cuir pour Dames : Pointure - 7","0","145.00","63.00","0.00"
"B468","1041","Leather Moccasins for Women","2717","Mocassins en Cuir pour Dames : Pointure - 8","0","145.00","63.00","0.00"
"B468","1041","Leather Moccasins for Women","2718","Mocassins en Cuir pour Dames : Pointure - 9","0","145.00","63.00","0.00"
"B468","1041","Leather Moccasins for Women","2719","Mocassins en Cuir pour Dames : Pointure - 4","0","145.00","63.00","0.00"
"B468","1041","Leather Moccasins for Women","2720","Mocassins en Cuir pour Dames : Pointure - 5","0","145.00","63.00","0.00"
"B468","1041","Leather Moccasins for Women","2721","Mocassins en Cuir pour Dames : Pointure - 10","0","145.00","63.00","0.00"
"4890","1042","Leather Moccasins for Women","2722","Mocassins en Cuir pour Dames : Pointure - 6","2","120.00","60.00","0.00"
"4890","1042","Leather Moccasins for Women","2723","Mocassins en Cuir pour Dames : Pointure - 7","8","120.00","60.00","0.00"
"4890","1042","Leather Moccasins for Women","2724","Mocassins en Cuir pour Dames : Pointure - 8","7","120.00","60.00","0.00"
"4890","1042","Leather Moccasins for Women","2725","Mocassins en Cuir pour Dames : Pointure - 9","11","120.00","60.00","0.00"
"4890","1042","Leather Moccasins for Women","2726","Mocassins en Cuir pour Dames : Pointure - 4","7","120.00","60.00","0.00"
"4890","1042","Leather Moccasins for Women","2728","Mocassins en Cuir pour Dames : Pointure - 10","9","120.00","60.00","0.00"
"4890","1042","Leather Moccasins for Women","7210","Mocassins en Cuir pour Dames : Pointure - 5","8","120.00","60.00","0.00"
"B468","1043","Leather Moccasins for Men","2729","Mocassins en Cuir pour Hommes : Pointure - 6","0","164.00","71.00","0.00"
"B468","1043","Leather Moccasins for Men","2730","Mocassins en Cuir pour Hommes : Pointure - 7","0","164.00","71.00","0.00"
"B468","1043","Leather Moccasins for Men","2731","Mocassins en Cuir pour Hommes : Pointure - 8","0","164.00","71.00","0.00"
"B468","1043","Leather Moccasins for Men","2732","Mocassins en Cuir pour Hommes : Pointure - 9","0","164.00","71.00","0.00"
"B468","1043","Leather Moccasins for Men","2735","Mocassins en Cuir pour Hommes : Pointure - 10","0","164.00","71.00","0.00"
"B468","1043","Leather Moccasins for Men","7211","Mocassins en Cuir pour Hommes : Pointure - 11","0","164.00","71.00","0.00"
"B468","1043","Leather Moccasins for Men","7212","Mocassins en Cuir pour Hommes : Pointure - 12","0","164.00","71.00","0.00"
"B468","1043","Leather Moccasins for Men","7213","Mocassins en Cuir pour Hommes : Pointure - 13","0","164.00","71.00","0.00"
"B468","1043","Leather Moccasins for Men","7214","Mocassins en Cuir pour Hommes : Pointure - 14","0","164.00","71.00","0.00"
"B468","1043","Leather Moccasins for Men","7215","Mocassins en Cuir pour Hommes : Pointure - 15","0","164.00","71.00","0.00"
"B489","1044","Leather Moccasins for Men","2744","Mocassins en Cuir pour Hommes : Pointure - 7","3","108.00","58.50","0.00"
"B489","1044","Leather Moccasins for Men","2745","Mocassins en Cuir pour Hommes : Pointure - 8","0","108.00","58.50","0.00"
"B489","1044","Leather Moccasins for Men","2746","Mocassins en Cuir pour Hommes : Pointure - 10","0","108.00","58.50","0.00"
"B489","1044","Leather Moccasins for Men","2748","Mocassins en Cuir pour Hommes : Pointure - 12","4","108.00","58.50","0.00"
"B489","1044","Leather Moccasins for Men","2749","Mocassins en Cuir pour Hommes : Pointure - 13","6","108.00","58.50","0.00"
"B489","1044","Leather Moccasins for Men","5997","Mocassins en Cuir pour Hommes : Pointure - 9","0","108.00","58.50","0.00"
"B489","1044","Leather Moccasins for Men","7216","Mocassins en Cuir pour Hommes : Pointure - 6","0","108.00","58.50","0.00"
"B489","1044","Leather Moccasins for Men","7217","Mocassins en Cuir pour Hommes : Pointure - 14","6","118.00","58.50","0.00"
"B489","1044","Leather Moccasins for Men","7218","Mocassins en Cuir pour Hommes : Pointure - 15","0","118.00","58.50","0.00"
"B489","1044","Leather Moccasins for Men","7219","Mocassins en Cuir pour Hommes : Pointure - 11","2","108.00","58.50","0.00"
"B489","1045","Leather Moccasins for Women","2761","Mocassins en Cuir pour Dames : Pointure - 4","3","98.00","53.00","0.00"
"B489","1045","Leather Moccasins for Women","2763","Mocassins en Cuir pour Dames : Pointure - 6","0","98.00","53.00","0.00"
"B489","1045","Leather Moccasins for Women","2764","Mocassins en Cuir pour Dames : Pointure - 7","8","98.00","53.00","0.00"
"B489","1045","Leather Moccasins for Women","2765","Mocassins en Cuir pour Dames : Pointure - 8","4","98.00","53.00","0.00"
"B489","1045","Leather Moccasins for Women","2766","Mocassins en Cuir pour Dames : Pointure - 9","5","98.00","53.00","0.00"
"B489","1045","Leather Moccasins for Women","2767","Mocassins en Cuir pour Dames : Pointure - 10","4","98.00","53.00","0.00"
"B489","1045","Leather Moccasins for Women","7220","Mocassins en Cuir pour Dames : Pointure - 5","6","98.00","53.00","0.00"
"220","1046","Suede Moccasins for Juniors","2775","Mocassins en Suède pour Juniors : Pointure - 11","5","68.00","44.00","0.00"
"220","1046","Suede Moccasins for Juniors","2776","Mocassins en Suède pour Juniors : Pointure - 12","3","68.00","44.00","0.00"
"220","1046","Suede Moccasins for Juniors","2777","Mocassins en Suède pour Juniors : Pointure - 13","2","68.00","44.00","0.00"
"220","1046","Suede Moccasins for Juniors","2779","Mocassins en Suède pour Juniors : Pointure - 2","5","68.00","44.00","0.00"
"220","1046","Suede Moccasins for Juniors","2780","Mocassins en Suède pour Juniors : Pointure - 3","6","68.00","44.00","0.00"
"220","1046","Suede Moccasins for Juniors","7221","Mocassins en Suède pour Juniors : Pointure - 1","3","68.00","44.00","0.00"
"220","1047","Suede Moccasins for Children","2787","Mocassins en Suède pour Enfants : Pointure - 7","6","65.00","38.50","0.00"
"220","1047","Suede Moccasins for Children","2790","Mocassins en Suède pour Enfants : Pointure - 10","3","65.00","38.50","0.00"
"220","1047","Suede Moccasins for Children","7222","Mocassins en Suède pour Enfants : Pointure - 8","3","65.00","38.50","0.00"
"220","1047","Suede Moccasins for Children","7223","Mocassins en Suède pour Enfants : Pointure - 9","4","65.00","38.50","0.00"
"220","1048","Suede Moccasins for Babies","8148","Mocassins en Suède pour Bébés : Pointure - 2","2","58.00","33.25","0.00"
"220","1048","Suede Moccasins for Babies","8149","Mocassins en Suède pour Bébés : Pointure - 3","2","58.00","33.25","0.00"
"220","1048","Suede Moccasins for Babies","8150","Mocassins en Suède pour Bébés : Pointure - 4","5","58.00","33.25","0.00"
"220","1048","Suede Moccasins for Babies","8151","Mocassins en Suède pour Bébés : Pointure - 5","4","58.00","33.25","0.00"
"220","1048","Suede Moccasins for Babies","8152","Mocassins en Suède pour Bébés : Pointure - 6","0","58.00","33.25","0.00"
"540","1049","Suede Moccasins for Babies","8153","Mocassins en Suède pour Bébés : Pointure - 2","0","77.00","33.25","0.00"
"540","1049","Suede Moccasins for Babies","8154","Mocassins en Suède pour Bébés : Pointure - 3","0","77.00","33.25","0.00"
"540","1049","Suede Moccasins for Babies","8155","Mocassins en Suède pour Bébés : Pointure - 4","0","77.00","33.25","0.00"
"540","1049","Suede Moccasins for Babies","8156","Mocassins en Suède pour Bébés : Pointure - 5","0","77.00","33.25","0.00"
"540","1049","Suede Moccasins for Babies","8157","Mocassins en Suède pour Bébés : Pointure - 6","0","77.00","33.25","0.00"
"540","1050","Suede Moccasins for Children","2799","Mocassins en Suède pour Enfants : Pointure - 8","0","89.00","38.50","0.00"
"540","1050","Suede Moccasins for Children","2800","Mocassins en Suède pour Enfants : Pointure - 9","0","89.00","38.50","0.00"
"540","1050","Suede Moccasins for Children","2801","Mocassins en Suède pour Enfants : Pointure - 10","0","89.00","38.50","0.00"
"540","1050","Suede Moccasins for Children","2802","Mocassins en Suède pour Enfants : Pointure - 7","0","89.00","38.50","0.00"
"540","1051","Suede Moccasins for Juniors","2803","Mocassins en Suède pour Juniors : Pointure - 11","0","120.00","44.00","0.00"
"540","1051","Suede Moccasins for Juniors","2804","Mocassins en Suède pour Juniors : Pointure - 12","0","120.00","44.00","0.00"
"540","1051","Suede Moccasins for Juniors","2805","Mocassins en Suède pour Juniors : Pointure - 13","0","120.00","44.00","0.00"
"540","1051","Suede Moccasins for Juniors","2806","Mocassins en Suède pour Juniors : Pointure - 2","0","120.00","44.00","0.00"
"540","1051","Suede Moccasins for Juniors","2807","Mocassins en Suède pour Juniors : Pointure - 3","0","120.00","44.00","0.00"
"540","1051","Suede Moccasins for Juniors","2808","Mocassins en Suède pour Juniors : Pointure - 1","0","120.00","44.00","0.00"
"A13053-UAC1801NC0KA","1052","Pablo Pillow ""Roots of Another World""","","Coussin Pablo ""Racines d'un Autre Monde""","0","49.00","21.00","0.00"
"204","1053","Suede Moccasins for Women","2809","Mocassins en Suède pour Dames : Pointure - 5","0","150.00","65.00","0.00"
"204","1053","Suede Moccasins for Women","2810","Mocassins en Suède pour Dames : Pointure - 6","0","150.00","65.00","0.00"
"204","1053","Suede Moccasins for Women","2811","Mocassins en Suède pour Dames : Pointure - 7","0","150.00","65.00","0.00"
"204","1053","Suede Moccasins for Women","2812","Mocassins en Suède pour Dames : Pointure - 8","0","150.00","65.00","0.00"
"204","1053","Suede Moccasins for Women","2813","Mocassins en Suède pour Dames : Pointure - 9","0","150.00","65.00","0.00"
"204","1053","Suede Moccasins for Women","2814","Mocassins en Suède pour Dames : Pointure - 10","0","150.00","65.00","0.00"
"204","1053","Suede Moccasins for Women","2815","Mocassins en Suède pour Dames : Pointure - 4","0","150.00","65.00","0.00"
"304","1054","Suede Moccasins for Women","2816","Mocassins en Suède pour Dames : Pointure - 5","0","150.00","65.00","0.00"
"304","1054","Suede Moccasins for Women","2817","Mocassins en Suède pour Dames : Pointure - 6","0","150.00","65.00","0.00"
"304","1054","Suede Moccasins for Women","2818","Mocassins en Suède pour Dames : Pointure - 7","0","150.00","65.00","0.00"
"304","1054","Suede Moccasins for Women","2819","Mocassins en Suède pour Dames : Pointure - 8","0","150.00","65.00","0.00"
"304","1054","Suede Moccasins for Women","2820","Mocassins en Suède pour Dames : Pointure - 9","0","150.00","65.00","0.00"
"304","1054","Suede Moccasins for Women","2821","Mocassins en Suède pour Dames : Pointure - 10","0","150.00","65.00","0.00"
"304","1054","Suede Moccasins for Women","2822","Mocassins en Suède pour Dames : Pointure - 4","0","150.00","65.00","0.00"
"804","1055","Suede Moccasins for Women","2823","Mocassins en Suède pour Dames : Pointure - 5","0","150.00","65.00","0.00"
"804","1055","Suede Moccasins for Women","2824","Mocassins en Suède pour Dames : Pointure - 6","0","150.00","65.00","0.00"
"804","1055","Suede Moccasins for Women","2825","Mocassins en Suède pour Dames : Pointure - 7","0","150.00","65.00","0.00"
"804","1055","Suede Moccasins for Women","2826","Mocassins en Suède pour Dames : Pointure - 8","0","150.00","65.00","0.00"
"804","1055","Suede Moccasins for Women","2827","Mocassins en Suède pour Dames : Pointure - 9","0","150.00","65.00","0.00"
"804","1055","Suede Moccasins for Women","2828","Mocassins en Suède pour Dames : Pointure - 10","0","150.00","65.00","0.00"
"804","1055","Suede Moccasins for Women","2829","Mocassins en Suède pour Dames : Pointure - 4","0","150.00","65.00","0.00"
"204","1056","Suede Moccasins for Men","2837","Mocassins en Suède pour Hommes : Pointure - 15","0","258.00","56.00","0.00"
"204","1056","Suede Moccasins for Men","2838","Mocassins en Suède pour Hommes : Pointure - 14","0","258.00","56.00","0.00"
"204","1056","Suede Moccasins for Men","2839","Mocassins en Suède pour Hommes : Pointure - 13","2","258.00","56.00","0.00"
"204","1056","Suede Moccasins for Men","2840","Mocassins en Suède pour Hommes : Pointure - 12","2","258.00","56.00","0.00"
"204","1056","Suede Moccasins for Men","2841","Mocassins en Suède pour Hommes : Pointure - 11","0","258.00","56.00","0.00"
"204","1056","Suede Moccasins for Men","2842","Mocassins en Suède pour Hommes : Pointure - 10","0","258.00","56.00","0.00"
"204","1056","Suede Moccasins for Men","2843","Mocassins en Suède pour Hommes : Pointure - 9","0","258.00","56.00","0.00"
"204","1056","Suede Moccasins for Men","2844","Mocassins en Suède pour Hommes : Pointure - 8","1","258.00","56.00","0.00"
"204","1056","Suede Moccasins for Men","2845","Mocassins en Suède pour Hommes : Pointure - 7","2","258.00","56.00","0.00"
"204","1056","Suede Moccasins for Men","2846","Mocassins en Suède pour Hommes : Pointure - 6","0","258.00","56.00","0.00"
"304","1057","Suede Moccasins for Men","2847","Mocassins en Suède pour Hommes : Pointure - 14","0","164.00","70.50","0.00"
"304","1057","Suede Moccasins for Men","2848","Mocassins en Suède pour Hommes : Pointure - 13","0","164.00","70.50","0.00"
"304","1057","Suede Moccasins for Men","2849","Mocassins en Suède pour Hommes : Pointure - 12","0","164.00","70.50","0.00"
"304","1057","Suede Moccasins for Men","2850","Mocassins en Suède pour Hommes : Pointure - 11","0","164.00","70.50","0.00"
"304","1057","Suede Moccasins for Men","2851","Mocassins en Suède pour Hommes : Pointure - 10","0","164.00","70.50","0.00"
"304","1057","Suede Moccasins for Men","2852","Mocassins en Suède pour Hommes : Pointure - 9","0","164.00","70.50","0.00"
"304","1057","Suede Moccasins for Men","2853","Mocassins en Suède pour Hommes : Pointure - 8","0","164.00","70.50","0.00"
"304","1057","Suede Moccasins for Men","2854","Mocassins en Suède pour Hommes : Pointure - 7","0","164.00","70.50","0.00"
"304","1057","Suede Moccasins for Men","2855","Mocassins en Suède pour Hommes : Pointure - 6","0","164.00","70.50","0.00"
"304","1057","Suede Moccasins for Men","2856","Mocassins en Suède pour Hommes : Pointure - 15","0","164.00","70.50","0.00"
"804","1058","Suede Moccasins for Men","7890","Mocassins en Suède pour Hommes : Pointure - 6","0","164.00","70.50","0.00"
"804","1058","Suede Moccasins for Men","7891","Mocassins en Suède pour Hommes : Pointure - 7","0","164.00","70.50","0.00"
"804","1058","Suede Moccasins for Men","7892","Mocassins en Suède pour Hommes : Pointure - 8","0","164.00","70.50","0.00"
"804","1058","Suede Moccasins for Men","7893","Mocassins en Suède pour Hommes : Pointure - 9","0","164.00","70.50","0.00"
"804","1058","Suede Moccasins for Men","7894","Mocassins en Suède pour Hommes : Pointure - 10","0","164.00","70.50","0.00"
"804","1058","Suede Moccasins for Men","7895","Mocassins en Suède pour Hommes : Pointure - 11","0","164.00","70.50","0.00"
"804","1058","Suede Moccasins for Men","7896","Mocassins en Suède pour Hommes : Pointure - 12","0","164.00","70.50","0.00"
"804","1058","Suede Moccasins for Men","7897","Mocassins en Suède pour Hommes : Pointure - 13","0","164.00","70.50","0.00"
"804","1058","Suede Moccasins for Men","7898","Mocassins en Suède pour Hommes : Pointure - 14","0","164.00","70.50","0.00"
"804","1058","Suede Moccasins for Men","7899","Mocassins en Suède pour Hommes : Pointure - 15","0","164.00","70.50","0.00"
"A16058-WBL0601NCO4A","1059","Kimono ""Silent Seekers""","2867","Kimono ""En Quête de Silence"" : Taille - TU/OS","7","129.00","49.50","0.00"
"A17063-UAC0201NC02A","1060","Nina Tablecloth ""Depth""","","Nappe Nina ""Profondeur""","0","119.00","0.00","0.00"
"A16058-UAC0201NC04B","1061","Nina Tablecloth ""Silent Seekers""","","Nappe Nina ""En Quête de Silence""","1","119.00","50.00","0.00"
"A17063-UAC0401NC02A","1062","Nino Place Mats ""Depth""","","Napperons Nino ""Profondeur""","10","15.00","6.50","0.00"
"A16058-UAC0401NC04A","1063","Nino Place Mats ""Silent Seekers""","","Napperons Nino ""En Quête de Silence""","11","15.00","6.50","0.00"
"A17063-WLS1701NC02A","1064","Mia Turtleneck ""Depth""","2868","Col Roulé Mia ""Profondeur"" : Taille - XP","0","149.00","59.50","0.00"
"A17063-WLS1701NC02A","1064","Mia Turtleneck ""Depth""","2869","Col Roulé Mia ""Profondeur"" : Taille - P","0","149.00","59.50","0.00"
"A17063-WLS1701NC02A","1064","Mia Turtleneck ""Depth""","2870","Col Roulé Mia ""Profondeur"" : Taille - M","1","149.00","59.50","0.00"
"A17063-WLS1701NC02A","1064","Mia Turtleneck ""Depth""","2871","Col Roulé Mia ""Profondeur"" : Taille - L","1","149.00","59.50","0.00"
"A17063-WLS1701NC02A","1064","Mia Turtleneck ""Depth""","2872","Col Roulé Mia ""Profondeur"" : Taille - XL","0","149.00","59.50","0.00"
"A16058-WLS1701NC04A","1065","Mia Turtleneck ""Silent Seekers""","3262","Col Roulé Mia ""En Quête de Silence"" : Taille - XP","1","149.00","59.50","0.00"
"A16058-WLS1701NC04A","1065","Mia Turtleneck ""Silent Seekers""","3263","Col Roulé Mia ""En Quête de Silence"" : Taille - P","1","149.00","59.50","0.00"
"A16058-WLS1701NC04A","1065","Mia Turtleneck ""Silent Seekers""","3264","Col Roulé Mia ""En Quête de Silence"" : Taille - M","1","149.00","59.50","0.00"
"A16058-WLS1701NC04A","1065","Mia Turtleneck ""Silent Seekers""","3265","Col Roulé Mia ""En Quête de Silence"" : Taille - L","1","149.00","59.50","0.00"
"A16058-WLS1701NC04A","1065","Mia Turtleneck ""Silent Seekers""","3266","Col Roulé Mia ""En Quête de Silence"" : Taille - XL","1","149.00","59.50","0.00"
"WSS0701NC0EB","1066","Yoko Cape Tunic ""Lapinx""","3212","Yoko Tunique ""Lapinx"" : Taille - XP","0","139.00","65.00","0.00"
"WSS0701NC0EB","1066","Yoko Cape Tunic ""Lapinx""","3213","Yoko Tunique ""Lapinx"" : Taille - P","0","139.00","65.00","0.00"
"WSS0701NC0EB","1066","Yoko Cape Tunic ""Lapinx""","3214","Yoko Tunique ""Lapinx"" : Taille - M","0","139.00","65.00","0.00"
"WSS0701NC0EB","1066","Yoko Cape Tunic ""Lapinx""","3215","Yoko Tunique ""Lapinx"" : Taille - L","0","139.00","65.00","0.00"
"WSS0701NC0EB","1066","Yoko Cape Tunic ""Lapinx""","3216","Yoko Tunique ""Lapinx"" : Taille - XL","0","139.00","65.00","0.00"
"A17065-WDR3101NC0CA","1069","Marianne Flare Dress ""The Forest Temple""","3147","Robe Marianne ""Temple de la Forêt"" : Taille - XP","0","139.00","58.00","0.00"
"A17065-WDR3101NC0CA","1069","Marianne Flare Dress ""The Forest Temple""","3148","Robe Marianne ""Temple de la Forêt"" : Taille - P","0","139.00","58.00","0.00"
"A17065-WDR3101NC0CA","1069","Marianne Flare Dress ""The Forest Temple""","3149","Robe Marianne ""Temple de la Forêt"" : Taille - M","0","139.00","58.00","0.00"
"A17065-WDR3101NC0CA","1069","Marianne Flare Dress ""The Forest Temple""","3150","Robe Marianne ""Temple de la Forêt"" : Taille - L","0","139.00","58.00","0.00"
"A17065-WDR3101NC0CA","1069","Marianne Flare Dress ""The Forest Temple""","8321","Robe Marianne ""Temple de la Forêt"" : Taille - XL","0","139.00","58.00","0.00"
"W12008-WDR2601NC0","1072","Kate Dress ""Winter Wolves""","3082","Robe Kate ""Loup d'Hiver"" : Taille - XP","0","149.00","62.00","0.00"
"W12008-WDR2601NC0","1072","Kate Dress ""Winter Wolves""","3083","Robe Kate ""Loup d'Hiver"" : Taille - P","0","149.00","62.00","0.00"
"W12008-WDR2601NC0","1072","Kate Dress ""Winter Wolves""","3084","Robe Kate ""Loup d'Hiver"" : Taille - M","0","149.00","62.00","0.00"
"W12008-WDR2601NC0","1072","Kate Dress ""Winter Wolves""","3085","Robe Kate ""Loup d'Hiver"" : Taille - L","0","149.00","62.00","0.00"
"W12008-WDR2601NC0","1072","Kate Dress ""Winter Wolves""","3086","Robe Kate ""Loup d'Hiver"" : Taille - XL","0","149.00","62.00","0.00"
"A08011-WAC0201NC0HB","1073","Duncan Shawl ""Whisper""","","Châle Duncan ""Murmure""","0","69.00","19.00","0.00"
"150CR","1076","Ballerina Slippers","3378","Mocassins Ballerine : Pointure - 5","3","115.00","57.75","0.00"
"150CR","1076","Ballerina Slippers","3382","Mocassins Ballerine : Pointure - 9","4","115.00","57.75","0.00"
"150CR","1076","Ballerina Slippers","3383","Mocassins Ballerine : Pointure - 10","4","115.00","57.75","0.00"
"150CR","1076","Ballerina Slippers","7224","Mocassins Ballerine : Pointure - 6","2","115.00","57.75","0.00"
"150CR","1076","Ballerina Slippers","7225","Mocassins Ballerine : Pointure - 7","0","115.00","57.75","0.00"
"150CR","1076","Ballerina Slippers","7226","Mocassins Ballerine : Pointure - 8","2","115.00","57.75","0.00"
"150CR","1076","Ballerina Slippers","9579","Mocassins Ballerine : Pointure - 11","0","115.00","57.75","0.00"
"150CR","1076","Ballerina Slippers","9580","Mocassins Ballerine : Pointure - 12","0","115.00","57.75","0.00"
"150BL","1078","Ballerina Slippers","3396","Mocassins Ballerine : Pointure - 5","4","115.00","57.75","0.00"
"150BL","1078","Ballerina Slippers","3401","Mocassins Ballerine : Pointure - 10","1","115.00","57.75","0.00"
"150BL","1078","Ballerina Slippers","7227","Mocassins Ballerine : Pointure - 6","1","115.00","57.75","0.00"
"150BL","1078","Ballerina Slippers","7228","Mocassins Ballerine : Pointure - 7","3","115.00","57.75","0.00"
"150BL","1078","Ballerina Slippers","7229","Mocassins Ballerine : Pointure - 8","0","115.00","57.75","0.00"
"150BL","1078","Ballerina Slippers","7230","Mocassins Ballerine : Pointure - 9","2","115.00","57.75","0.00"
"150BL","1078","Ballerina Slippers","9271","Mocassins Ballerine : Pointure - 11","1","115.00","57.75","0.00"
"150BL","1078","Ballerina Slippers","9272","Mocassins Ballerine : Pointure - 12","2","115.00","57.75","0.00"
"150BR","1079","Ballerina Slippers","3408","Mocassins Ballerine : Pointure - 5","2","115.00","57.75","0.00"
"150BR","1079","Ballerina Slippers","3413","Mocassins Ballerine : Pointure - 10","2","115.00","57.75","0.00"
"150BR","1079","Ballerina Slippers","7231","Mocassins Ballerine : Pointure - 6","2","115.00","57.75","0.00"
"150BR","1079","Ballerina Slippers","7232","Mocassins Ballerine : Pointure - 7","0","115.00","57.75","0.00"
"150BR","1079","Ballerina Slippers","7233","Mocassins Ballerine : Pointure - 8","0","115.00","57.75","0.00"
"150BR","1079","Ballerina Slippers","7234","Mocassins Ballerine : Pointure - 9","2","115.00","57.75","0.00"
"150BR","1079","Ballerina Slippers","9581","Mocassins Ballerine : Pointure - 11","0","115.00","57.75","0.00"
"150BR","1079","Ballerina Slippers","9582","Mocassins Ballerine : Pointure - 12","0","115.00","57.75","0.00"
"150P","1080","Ballerina Slippers","3421","Mocassins Ballerine : Pointure - 6","1","115.00","57.75","0.00"
"150P","1080","Ballerina Slippers","7235","Mocassins Ballerine : Pointure - 5","0","115.00","57.75","0.00"
"150P","1080","Ballerina Slippers","7236","Mocassins Ballerine : Pointure - 7","0","115.00","57.75","0.00"
"150P","1080","Ballerina Slippers","7237","Mocassins Ballerine : Pointure - 8","0","115.00","57.75","0.00"
"150P","1080","Ballerina Slippers","7238","Mocassins Ballerine : Pointure - 9","0","115.00","57.75","0.00"
"150P","1080","Ballerina Slippers","7239","Mocassins Ballerine : Pointure - 10","0","115.00","57.75","0.00"
"150P","1080","Ballerina Slippers","9583","Mocassins Ballerine : Pointure - 11","0","115.00","57.75","0.00"
"150P","1080","Ballerina Slippers","9584","Mocassins Ballerine : Pointure - 12","0","115.00","57.75","0.00"
"150PR","1081","Ballerina Slippers","3432","Mocassins Ballerine : Pointure - 5","2","115.00","57.75","0.00"
"150PR","1081","Ballerina Slippers","3433","Mocassins Ballerine : Pointure - 6","0","115.00","57.75","0.00"
"150PR","1081","Ballerina Slippers","3436","Mocassins Ballerine : Pointure - 9","1","115.00","57.75","0.00"
"150PR","1081","Ballerina Slippers","3437","Mocassins Ballerine : Pointure - 10","0","115.00","57.75","0.00"
"150PR","1081","Ballerina Slippers","7240","Mocassins Ballerine : Pointure - 7","0","115.00","57.75","0.00"
"150PR","1081","Ballerina Slippers","7241","Mocassins Ballerine : Pointure - 8","0","115.00","57.75","0.00"
"150PR","1081","Ballerina Slippers","9585","Mocassins Ballerine : Pointure - 11","0","115.00","57.75","0.00"
"150PR","1081","Ballerina Slippers","9586","Mocassins Ballerine : Pointure - 12","0","115.00","57.75","0.00"
"150RD","1082","Ballerina Slippers","3444","Mocassins Ballerine : Pointure - 5","2","115.00","57.75","0.00"
"150RD","1082","Ballerina Slippers","3445","Mocassins Ballerine : Pointure - 6","1","115.00","57.75","0.00"
"150RD","1082","Ballerina Slippers","3448","Mocassins Ballerine : Pointure - 9","2","115.00","57.75","0.00"
"150RD","1082","Ballerina Slippers","3449","Mocassins Ballerine : Pointure - 10","1","115.00","57.75","0.00"
"150RD","1082","Ballerina Slippers","7242","Mocassins Ballerine : Pointure - 7","2","115.00","57.75","0.00"
"150RD","1082","Ballerina Slippers","7243","Mocassins Ballerine : Pointure - 8","0","115.00","57.75","0.00"
"150RD","1082","Ballerina Slippers","9587","Mocassins Ballerine : Pointure - 11","0","115.00","57.75","0.00"
"150RD","1082","Ballerina Slippers","9588","Mocassins Ballerine : Pointure - 12","0","115.00","57.75","0.00"
"150ST","1083","Ballerina Slippers","3456","Mocassins Ballerine : Pointure - 5","1","115.00","57.75","0.00"
"150ST","1083","Ballerina Slippers","3461","Mocassins Ballerine : Pointure - 10","2","115.00","57.75","0.00"
"150ST","1083","Ballerina Slippers","7244","Mocassins Ballerine : Pointure - 6","0","115.00","57.75","0.00"
"150ST","1083","Ballerina Slippers","7245","Mocassins Ballerine : Pointure - 7","0","115.00","57.75","0.00"
"150ST","1083","Ballerina Slippers","7246","Mocassins Ballerine : Pointure - 8","3","115.00","57.75","0.00"
"150ST","1083","Ballerina Slippers","7247","Mocassins Ballerine : Pointure - 9","1","115.00","57.75","0.00"
"150ST","1083","Ballerina Slippers","9314","Mocassins Ballerine : Pointure - 11","2","115.00","57.75","0.00"
"150ST","1083","Ballerina Slippers","9589","Mocassins Ballerine : Pointure - 12","1","115.00","57.75","0.00"
"150TQ","1084","Ballerina Slippers","3468","Mocassins Ballerine : Pointure - 5","1","115.00","57.75","0.00"
"150TQ","1084","Ballerina Slippers","3469","Mocassins Ballerine : Pointure - 6","2","115.00","57.75","0.00"
"150TQ","1084","Ballerina Slippers","3470","Mocassins Ballerine : Pointure - 7","0","115.00","57.75","0.00"
"150TQ","1084","Ballerina Slippers","3471","Mocassins Ballerine : Pointure - 8","0","115.00","57.75","0.00"
"150TQ","1084","Ballerina Slippers","3473","Mocassins Ballerine : Pointure - 10","1","115.00","57.75","0.00"
"150TQ","1084","Ballerina Slippers","7248","Mocassins Ballerine : Pointure - 9","2","115.00","57.75","0.00"
"150TQ","1084","Ballerina Slippers","9590","Mocassins Ballerine : Pointure - 11","0","115.00","57.75","0.00"
"150TQ","1084","Ballerina Slippers","9591","Mocassins Ballerine : Pointure - 12","0","115.00","57.75","0.00"
"Sauge","1089","Buffalo Sage","6881","Sauge Buffalo : Fumigation - 5"" mince","0","9.00","0.00","3.00"
"Sauge","1089","Buffalo Sage","6882","Sauge Buffalo : Fumigation - 5"" large","9","15.00","0.00","6.00"
"Sauge","1089","Buffalo Sage","6883","Sauge Buffalo : Fumigation - 5"" mince avec lavande","2","9.95","0.00","4.00"
"Sauge","1089","Buffalo Sage","6884","Sauge Buffalo : Fumigation - 9"" large","16","23.00","0.00","7.00"
"Sauge","1089","Buffalo Sage","6885","Sauge Buffalo : Fumigation - 9"" l'immortelle","0","14.00","0.00","7.00"
"Sauge","1089","Buffalo Sage","6886","Sauge Buffalo : Fumigation - Vrac 1oz","0","9.45","0.00","4.75"
"Sauge","1089","Buffalo Sage","7849","Sauge Buffalo : Fumigation - 5"" mince avec romarin","2","9.95","0.00","4.00"
"Sauge","1089","Buffalo Sage","10357","Sauge Buffalo : Fumigation - 5"" l'immortelle","3","12.95","0.00","4.00"
"Sweetgrass","1090","Sweetgrass","9208","Foin d'Odeur : Fumigation - 12"" à 15""","0","12.95","0.00","5.50"
"Sweetgrass","1090","Sweetgrass","9209","Foin d'Odeur : Fumigation - 19"" à 21""","5","15.95","0.00","7.50"
"A10004-WPA0401NC01B","1091","Jackie Legging ""Merging Earth and Sky""","3487","Legging Jackie ""Fusion entre Terre et Ciel"" : Taille - P","0","109.00","45.00","0.00"
"A10004-WPA0401NC01B","1091","Jackie Legging ""Merging Earth and Sky""","3488","Legging Jackie ""Fusion entre Terre et Ciel"" : Taille - M","0","109.00","45.00","0.00"
"A10004-WPA0401NC01B","1091","Jackie Legging ""Merging Earth and Sky""","3489","Legging Jackie ""Fusion entre Terre et Ciel"" : Taille - L","0","109.00","45.00","0.00"
"A10004-WPA0401NC01B","1091","Jackie Legging ""Merging Earth and Sky""","3490","Legging Jackie ""Fusion entre Terre et Ciel"" : Taille - XL","0","109.00","45.00","0.00"
"A10004-WPA0401NC01B","1091","Jackie Legging ""Merging Earth and Sky""","3491","Legging Jackie ""Fusion entre Terre et Ciel"" : Taille - XP","0","109.00","45.00","0.00"
"3700-0408-13DKT-37504DKT","1092","Ladies Concho","3565","Concho pour Dames : Pointure - 5","0","160.00","69.60","0.00"
"3700-0408-13DKT-37504DKT","1092","Ladies Concho","3566","Concho pour Dames : Pointure - 6","0","160.00","69.60","0.00"
"3700-0408-13DKT-37504DKT","1092","Ladies Concho","7249","Concho pour Dames : Pointure - 4","0","160.00","69.60","0.00"
"3700-0408-13DKT-37504DKT","1092","Ladies Concho","7250","Concho pour Dames : Pointure - 7","0","160.00","69.60","0.00"
"3700-0408-13DKT-37504DKT","1092","Ladies Concho","7251","Concho pour Dames : Pointure - 8","0","160.00","69.60","0.00"
"3700-0408-13DKT-37504DKT","1092","Ladies Concho","7252","Concho pour Dames : Pointure - 9","0","160.00","69.60","0.00"
"3700-0408-13DKT-37504DKT","1092","Ladies Concho","7253","Concho pour Dames : Pointure - 10","0","160.00","69.60","0.00"
"3700-0408-13DKT-37504DKT","1092","Ladies Concho","7254","Concho pour Dames : Pointure - 11","0","160.00","69.60","0.00"
"3700-0408-13DKT-37504DKT","1092","Ladies Concho","7255","Concho pour Dames : Pointure - 12","0","160.00","69.60","0.00"
"3700-0000-13CK-137597CK","1093","Ladies Concho","3574","Concho pour Dames : Pointure - 5","0","175.00","75.70","0.00"
